{"type": "FeatureCollection", "features": [{"type": "Feature", "properties": {"county": "桃園市", "district": "大溪區", "highway": "primary", "name": "介壽路"}, "geometry": {"type": "LineString", "coordinates": [[121.2789161, 24.8918058], [121.2787687, 24.8920073], [121.2786699, 24.8921909], [121.2786155, 24.8923182], [121.2785765, 24.8924311], [121.2785525, 24.8925231], [121.2785468, 24.8926168], [121.2785503, 24.8927371], [121.2785867, 24.8929417], [121.278671, 24.8932688], [121.2787114, 24.893369], [121.2787898, 24.893498], [121.2789928, 24.8937387], [121.2794218, 24.894152], [121.2794929, 24.894212], [121.2795537, 24.8942554], [121.2796425, 24.8943017], [121.2810605, 24.8949843], [121.2811862, 24.8950139], [121.2812502, 24.8950283], [121.2821829, 24.8951201], [121.2828226, 24.8952863], [121.2830083, 24.8953317], [121.2832015, 24.8953544], [121.2837025, 24.895388], [121.2839841, 24.8954116], [121.284115, 24.8954504], [121.2843197, 24.8955521], [121.2846767, 24.8958536], [121.2848409, 24.8960271], [121.2849535, 24.8962278], [121.2851008, 24.8965392], [121.2852549, 24.8969416], [121.2852733, 24.8971484], [121.2852487, 24.8973496], [121.2851778, 24.8975313], [121.285132, 24.8976164], [121.284973, 24.8978834], [121.2846571, 24.8984624], [121.2845339, 24.8985597]]}}, {"type": "Feature", "properties": {"county": "桃園市", "district": "大溪區", "highway": "tertiary", "name": "大興路"}, "geometry": {"type": "LineString", "coordinates": [[121.3029121, 24.9348739], [121.3028711, 24.9349426], [121.3026019, 24.9360627], [121.3025463, 24.9363221], [121.3024848, 24.9365689], [121.3024591, 24.9366723], [121.3022808, 24.9374834], [121.3022405, 24.9376634], [121.3022056, 24.9377789], [121.3021721, 24.9378592], [121.3021198, 24.9379516], [121.3020058, 24.9381243], [121.3018075, 24.9384205], [121.3015592, 24.9387992], [121.3014546, 24.9389974], [121.3013527, 24.9392309], [121.3013081, 24.9393435], [121.3012857, 24.9393999], [121.3012723, 24.9394945], [121.3012571, 24.9395534], [121.3010894, 24.9404108], [121.3010416, 24.9406549], [121.3009364, 24.9411897], [121.300844, 24.9416594], [121.3007854, 24.9419573], [121.3007345, 24.9422515], [121.3007358, 24.942502], [121.3007251, 24.9430328], [121.3012602, 24.9432541], [121.3014782, 24.9433594], [121.3015213, 24.943392], [121.3015573, 24.9434372], [121.3015552, 24.943518], [121.3015431, 24.9435861], [121.3015217, 24.9438816], [121.3014962, 24.9441674], [121.3014707, 24.9444689], [121.3014533, 24.9447413], [121.3014238, 24.9450636], [121.3014005, 24.9453492], [121.3013882, 24.9455007], [121.3013923, 24.9456162], [121.3014184, 24.9456597], [121.3014774, 24.9457035], [121.3015282, 24.9457528], [121.3018167, 24.9461058], [121.3019656, 24.9463065], [121.30198, 24.9463329], [121.3020394, 24.9464414], [121.3023023, 24.9468862], [121.3023428, 24.9469546], [121.30249, 24.9472659], [121.3027713, 24.9476855], [121.3029594, 24.9479675], [121.3031561, 24.9482471], [121.3034163, 24.9486322], [121.303481, 24.9487834], [121.3035119, 24.9489172], [121.3035146, 24.948995], [121.3035038, 24.9490752], [121.3034582, 24.9493075], [121.303359, 24.9497951], [121.3033295, 24.9500237], [121.3033322, 24.9501696], [121.3033791, 24.9503459], [121.3036262, 24.9506155], [121.3037189, 24.9507167], [121.3038732, 24.950885], [121.3043608, 24.9514171], [121.3047068, 24.9518148], [121.3049335, 24.9521285], [121.3050984, 24.9523631], [121.305262, 24.9526197], [121.3053921, 24.9529784], [121.3054408, 24.95307], [121.3055396, 24.9534903], [121.3056322, 24.9538806], [121.3057377, 24.9544859], [121.3056, 24.9545542]]}}, {"type": "Feature", "properties": {"county": "桃園市", "district": "大溪區", "highway": "motorway_link", "name": "鶯歌系統交流道"}, "geometry": {"type": "LineString", "coordinates": [[121.3230364, 24.9402913], [121.3229936, 24.9402092], [121.3226173, 24.939686], [121.3222635, 24.9392823], [121.3218636, 24.9388871], [121.3214478, 24.9385344], [121.3206276, 24.9379944], [121.3198417, 24.9375323], [121.3191845, 24.9371115], [121.3186905, 24.9366982]]}}, {"type": "Feature", "properties": {"county": "桃園市", "district": "大溪區", "highway": "motorway", "name": "福爾摩沙高速公路"}, "geometry": {"type": "LineString", "coordinates": [[121.29267, 24.9120701], [121.2930178, 24.9125352], [121.2934281, 24.9131173], [121.293803, 24.9137504], [121.2942469, 24.914542], [121.2949219, 24.9159776], [121.2955897, 24.9172411], [121.2964208, 24.9185638], [121.2970715, 24.9194346]]}}, {"type": "Feature", "properties": {"county": "桃園市", "district": "大溪區", "highway": "primary", "name": "員林路三段"}, "geometry": {"type": "LineString", "coordinates": [[121.2501017, 24.879636], [121.2500778, 24.8792532]]}}, {"type": "Feature", "properties": {"county": "桃園市", "district": "大溪區", "highway": "tertiary", "name": "建國路"}, "geometry": {"type": "LineString", "coordinates": [[121.2846538, 24.9308566], [121.2849098, 24.9313642], [121.2849946, 24.9315485], [121.2851002, 24.9317692], [121.2851456, 24.9318612], [121.2851847, 24.9319406], [121.2852812, 24.9320939], [121.2853582, 24.9321738], [121.2854019, 24.9322191], [121.28552, 24.932303], [121.2857734, 24.9324988], [121.2859172, 24.9326171], [121.2859672, 24.932661], [121.2860926, 24.9327639], [121.2861865, 24.9328418], [121.2862884, 24.9329524], [121.28644, 24.9331543], [121.2867484, 24.9336177], [121.2868342, 24.9337551], [121.2871414, 24.9342208], [121.2872956, 24.9344312], [121.287608, 24.9349152]]}}, {"type": "Feature", "properties": {"county": "桃園市", "district": "大溪區", "highway": "secondary", "name": "中山東路四段"}, "geometry": {"type": "LineString", "coordinates": [[121.2603307, 24.9342432], [121.2603869, 24.9342162], [121.2604198, 24.9342004]]}}, {"type": "Feature", "properties": {"county": "桃園市", "district": "大溪區", "highway": "tertiary", "name": "埔頂路一段"}, "geometry": {"type": "LineString", "coordinates": [[121.2776483, 24.8957428], [121.276139, 24.8974826], [121.2760438, 24.8975952], [121.2749606, 24.8989629], [121.2745305, 24.8994284], [121.2743993, 24.8995963], [121.2741489, 24.8998967], [121.274031, 24.9000872], [121.2739511, 24.9002621], [121.2738867, 24.9004727], [121.2738755, 24.9006496], [121.2738728, 24.9007493], [121.2738841, 24.9008326], [121.2738913, 24.9008854], [121.2739568, 24.9011451], [121.2739927, 24.9012335], [121.2741019, 24.9015078], [121.2742871, 24.901864]]}}, {"type": "Feature", "properties": {"county": "桃園市", "district": "大溪區", "highway": "primary", "name": "介壽路"}, "geometry": {"type": "LineString", "coordinates": [[121.2954849, 24.9232256], [121.2953772, 24.9231191], [121.2951932, 24.9228343], [121.2949646, 24.9225323], [121.2945538, 24.9220672], [121.2940978, 24.921551], [121.2933098, 24.9206807], [121.2931877, 24.9205469], [121.2929028, 24.9202346], [121.2923854, 24.9196654], [121.2923513, 24.9196278], [121.2922297, 24.9194906], [121.2919869, 24.9192235], [121.2916733, 24.918806], [121.2911464, 24.9179419], [121.2911076, 24.9178694], [121.2901962, 24.9161692], [121.2900702, 24.9157813], [121.2900204, 24.9155853], [121.2899623, 24.9153569], [121.2899019, 24.9146874], [121.2898886, 24.9145398], [121.2898478, 24.9140867], [121.2897496, 24.9136126], [121.2895484, 24.9131357], [121.2892671, 24.9126322], [121.2889748, 24.9121091], [121.2885045, 24.9112673], [121.2884241, 24.9111268], [121.2883177, 24.9109329], [121.2881121, 24.9105649], [121.2880343, 24.9104256], [121.2875043, 24.9094266], [121.2869438, 24.908439], [121.2865561, 24.9078787]]}}, {"type": "Feature", "properties": {"county": "桃園市", "district": "大溪區", "highway": "primary", "name": "信義路"}, "geometry": {"type": "LineString", "coordinates": [[121.2783713, 24.8920036], [121.2784088, 24.8919814], [121.2784812, 24.8919426], [121.2788562, 24.8917458]]}}, {"type": "Feature", "properties": {"county": "桃園市", "district": "大溪區", "highway": "primary", "name": "信義路"}, "geometry": {"type": "LineString", "coordinates": [[121.2892331, 24.8846902], [121.289041, 24.885149], [121.2889338, 24.8853207], [121.2887098, 24.885626], [121.2886367, 24.8857098], [121.2883584, 24.8860229], [121.2882055, 24.8861531], [121.2873309, 24.8868005], [121.2871458, 24.8870121], [121.2870084, 24.8871529], [121.2868852, 24.887267], [121.2867971, 24.887339], [121.2867228, 24.8873955], [121.2866704, 24.8874201], [121.2863667, 24.8875629]]}}, {"type": "Feature", "properties": {"county": "桃園市", "district": "大溪區", "highway": "primary_link", "name": null}, "geometry": {"type": "LineString", "coordinates": [[121.2789161, 24.8918058], [121.2787962, 24.8918723], [121.2785008, 24.8920187], [121.2784195, 24.8920292], [121.2783713, 24.8920036]]}}, {"type": "Feature", "properties": {"county": "桃園市", "district": "大溪區", "highway": "primary_link", "name": null}, "geometry": {"type": "LineString", "coordinates": [[121.2782866, 24.8915931], [121.2783551, 24.8914361], [121.2784912, 24.8913884]]}}, {"type": "Feature", "properties": {"county": "桃園市", "district": "大溪區", "highway": "primary", "name": "介壽路"}, "geometry": {"type": "LineString", "coordinates": [[121.2845339, 24.8985597], [121.2845955, 24.8984162], [121.2850577, 24.8976039], [121.285147, 24.8974055], [121.285184, 24.8972183], [121.2851717, 24.8970031], [121.2850669, 24.8966789], [121.2849529, 24.8964218], [121.2848932, 24.896257], [121.2847757, 24.8960631], [121.284629, 24.8958959], [121.2842878, 24.8956261], [121.2840889, 24.8955052], [121.2839724, 24.8954765], [121.2832522, 24.8954275], [121.2830135, 24.8954041], [121.2828609, 24.8953768], [121.2822401, 24.8952022], [121.2821264, 24.8951859], [121.2812324, 24.8950875], [121.2811623, 24.8950748], [121.2811002, 24.8950616], [121.2810248, 24.8950378], [121.2796063, 24.8943489], [121.2795449, 24.8943145], [121.2794856, 24.8942709], [121.2794197, 24.894225], [121.2789463, 24.8937829], [121.2788131, 24.8936309], [121.2787513, 24.8935457], [121.2786739, 24.8934243], [121.278609, 24.8932812], [121.2784961, 24.8928958], [121.2783713, 24.8920036]]}}, {"type": "Feature", "properties": {"county": "桃園市", "district": "大溪區", "highway": "primary", "name": "介壽路"}, "geometry": {"type": "LineString", "coordinates": [[121.2837967, 24.9011977], [121.2838062, 24.9009063], [121.2838236, 24.9005572], [121.2838285, 24.9005279], [121.2838922, 24.900141], [121.2839141, 24.8999942]]}}, {"type": "Feature", "properties": {"county": "桃園市", "district": "大溪區", "highway": "tertiary", "name": "新興街"}, "geometry": {"type": "LineString", "coordinates": [[121.2839141, 24.8999942], [121.2839324, 24.8997716], [121.2839069, 24.8995327], [121.283812, 24.8993069], [121.2836947, 24.8991128], [121.283523, 24.8989334], [121.2832399, 24.8987777], [121.2831945, 24.898764], [121.2830295, 24.8987118], [121.2828146, 24.8986321]]}}, {"type": "Feature", "properties": {"county": "桃園市", "district": "大溪區", "highway": "primary", "name": "瑞安路一段"}, "geometry": {"type": "LineString", "coordinates": [[121.2756085, 24.8772526], [121.2755794, 24.8773486], [121.2755626, 24.8775366], [121.2755653, 24.8776716], [121.275574, 24.8777787], [121.2756237, 24.8780068], [121.2756766, 24.8781887], [121.2757906, 24.8783943], [121.275918, 24.8785792], [121.2760481, 24.8787155], [121.2761477, 24.8788332], [121.2763596, 24.8790336], [121.2769818, 24.8795485], [121.2771358, 24.8796979], [121.2773068, 24.8798737], [121.2774737, 24.8800629], [121.2776514, 24.8803148], [121.2777895, 24.8805739], [121.2779478, 24.880917], [121.27809, 24.8812272], [121.2782308, 24.881456], [121.2783635, 24.881664], [121.2786356, 24.8820173], [121.2787845, 24.8821797], [121.279041, 24.8824471], [121.2795134, 24.8828355], [121.2796787, 24.8829821], [121.2798986, 24.8832376], [121.2800072, 24.8834322], [121.2801498, 24.8837157], [121.2802463, 24.8840393], [121.2803073, 24.8843076], [121.2803328, 24.8845667], [121.2803355, 24.8846894], [121.2803402, 24.8849055], [121.2803241, 24.885178], [121.2802711, 24.8854122], [121.2802401, 24.8854984], [121.2802113, 24.8855786], [121.2800807, 24.8857687], [121.279964, 24.8858867], [121.2798728, 24.8859585], [121.279673, 24.8861191], [121.279439, 24.8863649], [121.2793209, 24.8865328], [121.2792378, 24.8866897], [121.2792029, 24.8868491], [121.2791855, 24.8870158], [121.2791815, 24.8872883], [121.2791935, 24.8876642], [121.2791989, 24.8880061], [121.2791694, 24.8883406], [121.2791077, 24.8885863], [121.2790636, 24.8887159], [121.2790286, 24.8888187], [121.2788797, 24.889118], [121.2785096, 24.8897603], [121.2783688, 24.8900255], [121.2783218, 24.8901581], [121.2782548, 24.890388], [121.278232, 24.8906265], [121.2782239, 24.8907311], [121.278236, 24.8909112], [121.2782802, 24.8910571], [121.27835, 24.8911922], [121.2784912, 24.8913884]]}}, {"type": "Feature", "properties": {"county": "桃園市", "district": "大溪區", "highway": "primary", "name": "瑞安路一段"}, "geometry": {"type": "LineString", "coordinates": [[121.2783713, 24.8920036], [121.2782866, 24.8915931]]}}, {"type": "Feature", "properties": {"county": "桃園市", "district": "大溪區", "highway": "primary", "name": "介壽路二段"}, "geometry": {"type": "LineString", "coordinates": [[121.2965522, 24.9260125], [121.2965799, 24.926209], [121.2966193, 24.9264886], [121.2966703, 24.9268505], [121.2966955, 24.9270292], [121.2967192, 24.9271892], [121.2969596, 24.9288094], [121.297142, 24.9300863], [121.2971755, 24.9303581], [121.2972506, 24.9309045], [121.2972593, 24.9309762], [121.2973278, 24.9313028]]}}, {"type": "Feature", "properties": {"county": "桃園市", "district": "大溪區", "highway": "primary", "name": "介壽路二段"}, "geometry": {"type": "LineString", "coordinates": [[121.295681, 24.9236154], [121.2958679, 24.9240542], [121.2960695, 24.9245301]]}}, {"type": "Feature", "properties": {"county": "桃園市", "district": "大溪區", "highway": "motorway", "name": "福爾摩沙高速公路"}, "geometry": {"type": "LineString", "coordinates": [[121.2741017, 24.9044286], [121.2735219, 24.9040706], [121.2729687, 24.9036225], [121.2714558, 24.9023816], [121.2705823, 24.901556], [121.2704202, 24.9014036]]}}, {"type": "Feature", "properties": {"county": "桃園市", "district": "大溪區", "highway": "motorway", "name": "埔頂1號隧道"}, "geometry": {"type": "LineString", "coordinates": [[121.2878906, 24.9087305], [121.2876027, 24.9086008], [121.2870336, 24.9083723], [121.2865847, 24.9082564], [121.2861691, 24.9081736], [121.2849966, 24.9079488], [121.2833495, 24.9076735], [121.2828449, 24.9075722]]}}, {"type": "Feature", "properties": {"county": "桃園市", "district": "大溪區", "highway": "motorway", "name": "埔頂2號隧道"}, "geometry": {"type": "LineString", "coordinates": [[121.2770182, 24.9058907], [121.2779043, 24.9063196], [121.2787258, 24.9065917], [121.2794907, 24.9068086], [121.2801281, 24.9069146]]}}, {"type": "Feature", "properties": {"county": "桃園市", "district": "大溪區", "highway": "tertiary", "name": "豐田路"}, "geometry": {"type": "LineString", "coordinates": [[121.2894759, 24.9297521], [121.2896838, 24.928652], [121.2898537, 24.9277691], [121.2898657, 24.927707], [121.2900138, 24.9270274], [121.290073, 24.9267559], [121.2902106, 24.9261613], [121.2903771, 24.9253547]]}}, {"type": "Feature", "properties": {"county": "桃園市", "district": "大溪區", "highway": "unclassified", "name": "豐德路"}, "geometry": {"type": "LineString", "coordinates": [[121.2962533, 24.9250499], [121.2958641, 24.925138], [121.2956557, 24.925138], [121.2956125, 24.9251175], [121.2954448, 24.9250538], [121.2953171, 24.9249762], [121.2952381, 24.9248004]]}}, {"type": "Feature", "properties": {"county": "桃園市", "district": "大溪區", "highway": "unclassified", "name": "新光東路63巷"}, "geometry": {"type": "LineString", "coordinates": [[121.285128, 24.9117441], [121.2851118, 24.9119792], [121.2851095, 24.9122375], [121.285128, 24.9124542], [121.2851718, 24.9126709], [121.2852594, 24.9130098], [121.2853331, 24.9132956], [121.2853654, 24.91354], [121.2854277, 24.9137913], [121.2855107, 24.9140772], [121.2856098, 24.9144253], [121.2856836, 24.9147088], [121.2857274, 24.9149256], [121.2857643, 24.9151353], [121.2858081, 24.9153336], [121.2858531, 24.9154765], [121.2857458, 24.9157473], [121.2854692, 24.9165808], [121.285437, 24.9167486], [121.2853364, 24.9167583], [121.2851474, 24.9167768], [121.2849214, 24.9167353], [121.2847324, 24.9166339], [121.2846494, 24.9165877], [121.284488, 24.9165462], [121.2842022, 24.9165555], [121.2837302, 24.9165415], [121.2835797, 24.916537], [121.283246, 24.9165116], [121.2830448, 24.9165601], [121.2828742, 24.9166062], [121.2827313, 24.9166892], [121.2826206, 24.9167722], [121.2825238, 24.9168506], [121.2824454, 24.9169428], [121.2823855, 24.917058], [121.2823671, 24.9172194], [121.2823763, 24.9173485], [121.2824593, 24.9175652], [121.2825838, 24.9179249], [121.2827829, 24.9185373], [121.2829278, 24.9190992], [121.2829653, 24.919469], [121.2829747, 24.9197803], [121.2830257, 24.9198691], [121.2834052, 24.9199968], [121.2838277, 24.920189], [121.2851998, 24.9208083]]}}, {"type": "Feature", "properties": {"county": "桃園市", "district": "大溪區", "highway": "tertiary", "name": "中山一路"}, "geometry": {"type": "LineString", "coordinates": [[121.2824446, 24.9208903], [121.2829147, 24.9217008], [121.2831771, 24.9221532], [121.283364, 24.9224729], [121.2835547, 24.922799], [121.2837096, 24.9230051], [121.2838802, 24.923272], [121.2839574, 24.9233842], [121.2846722, 24.9244047], [121.2847831, 24.9245967]]}}, {"type": "Feature", "properties": {"county": "桃園市", "district": "大溪區", "highway": "tertiary", "name": "埔頂路二段"}, "geometry": {"type": "LineString", "coordinates": [[121.2797099, 24.910607], [121.2797517, 24.9107687], [121.2798194, 24.9109481], [121.2799278, 24.9111417], [121.2801906, 24.911649], [121.2803243, 24.9119902], [121.2804601, 24.9123109], [121.2807436, 24.9129555], [121.2808361, 24.9131775], [121.2808845, 24.9133388], [121.2808938, 24.9135279], [121.280865, 24.9137998], [121.280846, 24.9139446], [121.2808269, 24.9140904], [121.2808246, 24.9142748], [121.2808466, 24.9144567], [121.2808702, 24.9145484], [121.280903, 24.914676], [121.2809906, 24.9149895], [121.2810624, 24.915334], [121.2812442, 24.9162413], [121.281278, 24.9164051], [121.2814028, 24.9170104], [121.2814955, 24.9183692], [121.2815595, 24.9189035], [121.2815833, 24.9189814], [121.2816272, 24.9191253], [121.2819605, 24.919889], [121.2820389, 24.9200688], [121.2821963, 24.9204694]]}}, {"type": "Feature", "properties": {"county": "桃園市", "district": "大溪區", "highway": "tertiary", "name": "中山路"}, "geometry": {"type": "LineString", "coordinates": [[121.2847276, 24.9249823], [121.2847053, 24.9251141], [121.2846935, 24.9251842], [121.2846005, 24.9257653]]}}, {"type": "Feature", "properties": {"county": "桃園市", "district": "大溪區", "highway": "primary", "name": "員林路一段"}, "geometry": {"type": "LineString", "coordinates": [[121.2705364, 24.8897767], [121.2703607, 24.8896393], [121.2702628, 24.8895249], [121.2701582, 24.8893607], [121.2701256, 24.889245]]}}, {"type": "Feature", "properties": {"county": "桃園市", "district": "大溪區", "highway": "secondary_link", "name": null}, "geometry": {"type": "LineString", "coordinates": [[121.2705364, 24.8897767], [121.2702172, 24.8896952], [121.270012, 24.8896563], [121.2698323, 24.8896478], [121.26967, 24.8896587], [121.2693106, 24.8897232]]}}, {"type": "Feature", "properties": {"county": "桃園市", "district": "大溪區", "highway": "motorway_link", "name": "大溪交流道"}, "geometry": {"type": "LineString", "coordinates": [[121.2636104, 24.8926062], [121.2635106, 24.8927851], [121.2634743, 24.8929099], [121.2634669, 24.8930389], [121.2634961, 24.8931658], [121.2635637, 24.893283], [121.2636543, 24.8933768], [121.263754, 24.8934454], [121.2638635, 24.8934859], [121.2640128, 24.8935048], [121.2641709, 24.8934974], [121.2643009, 24.8934468], [121.2644155, 24.8933738], [121.2644869, 24.8932928], [121.2645395, 24.8931902], [121.2645585, 24.8930681], [121.2645511, 24.8929423], [121.264527, 24.8928106], [121.2644619, 24.8926215]]}}, {"type": "Feature", "properties": {"county": "桃園市", "district": "大溪區", "highway": "motorway_link", "name": "大溪交流道"}, "geometry": {"type": "LineString", "coordinates": [[121.2633583, 24.8890793], [121.2634957, 24.8892571], [121.2636573, 24.8894349], [121.2637812, 24.8895408], [121.2639239, 24.8896397], [121.2640652, 24.8897234], [121.2642164, 24.8897938], [121.2644086, 24.8898692], [121.2647735, 24.8899934], [121.265048, 24.8901029], [121.2653169, 24.8902355], [121.265659, 24.8904368], [121.2658198, 24.890542]]}}, {"type": "Feature", "properties": {"county": "桃園市", "district": "大溪區", "highway": "secondary_link", "name": null}, "geometry": {"type": "LineString", "coordinates": [[121.2694501, 24.8895018], [121.269497, 24.8894312], [121.2696875, 24.8892427], [121.2698122, 24.8890602], [121.26989, 24.8889045], [121.2699544, 24.8887256], [121.2700107, 24.8886527]]}}, {"type": "Feature", "properties": {"county": "桃園市", "district": "大溪區", "highway": "primary", "name": "員林路二段"}, "geometry": {"type": "LineString", "coordinates": [[121.2701676, 24.8888728], [121.2702214, 24.8890668], [121.270281, 24.8892007]]}}, {"type": "Feature", "properties": {"county": "桃園市", "district": "大溪區", "highway": "primary", "name": "員林路一段"}, "geometry": {"type": "LineString", "coordinates": [[121.2711251, 24.8901405], [121.2719349, 24.8907367], [121.2724824, 24.8911449], [121.2727509, 24.8913451], [121.2734015, 24.8918302], [121.2736502, 24.8920327], [121.2740472, 24.8924317], [121.2748116, 24.8930923], [121.2757074, 24.8938684], [121.2761125, 24.8942455], [121.2763098, 24.8944381], [121.2763798, 24.8945064], [121.2765543, 24.8946768], [121.2765806, 24.8947025], [121.2766272, 24.8947503], [121.2773035, 24.8954046], [121.2775914, 24.895687]]}}, {"type": "Feature", "properties": {"county": "桃園市", "district": "大溪區", "highway": "secondary", "name": "永昌路"}, "geometry": {"type": "LineString", "coordinates": [[121.2650378, 24.903669], [121.2649196, 24.9034002], [121.2647363, 24.903019], [121.2645522, 24.9025975], [121.2644264, 24.9023094], [121.2642951, 24.9020087], [121.2641243, 24.9016422], [121.2640302, 24.9014204], [121.2636979, 24.9006923], [121.2633138, 24.8998505], [121.2628933, 24.8988652], [121.2625256, 24.8980517]]}}, {"type": "Feature", "properties": {"county": "桃園市", "district": "大溪區", "highway": "primary", "name": "員林路二段"}, "geometry": {"type": "LineString", "coordinates": [[121.2700107, 24.8886527], [121.2700643, 24.8884154], [121.2701569, 24.8878704]]}}, {"type": "Feature", "properties": {"county": "桃園市", "district": "大溪區", "highway": "primary", "name": "員林路一段"}, "geometry": {"type": "LineString", "coordinates": [[121.2703433, 24.8893132], [121.2705646, 24.8896308], [121.2706973, 24.8897694], [121.2711251, 24.8901405]]}}, {"type": "Feature", "properties": {"county": "桃園市", "district": "大溪區", "highway": "primary", "name": "員林路二段"}, "geometry": {"type": "LineString", "coordinates": [[121.2656975, 24.8822448], [121.2661737, 24.8826278], [121.2663111, 24.8827383], [121.2665042, 24.8829001], [121.2666403, 24.8830088], [121.2667871, 24.8831369], [121.2673203, 24.8836022], [121.2674705, 24.8837283], [121.2676792, 24.8838821], [121.2681578, 24.8842391]]}}, {"type": "Feature", "properties": {"county": "桃園市", "district": "大溪區", "highway": "primary", "name": "石園路"}, "geometry": {"type": "LineString", "coordinates": [[121.2656975, 24.8822448], [121.2655647, 24.8818993], [121.2653742, 24.8813732], [121.2652945, 24.8811198], [121.2651644, 24.8808239], [121.2651049, 24.8806804], [121.2650121, 24.8804567], [121.2648881, 24.8801576], [121.2646776, 24.8795063], [121.2645741, 24.8792213], [121.264408, 24.8787866], [121.2642587, 24.878412], [121.2640097, 24.8778882], [121.2632929, 24.8768458], [121.263193, 24.8766809], [121.2631188, 24.8765028], [121.2630891, 24.8764316], [121.2630515, 24.876237], [121.2630287, 24.8760362], [121.2629751, 24.8757321], [121.2629308, 24.8754303], [121.2629013, 24.8750945], [121.2629025, 24.8750454], [121.262908, 24.8748208], [121.2629442, 24.8745166], [121.2630502, 24.8739533], [121.2630663, 24.8737805], [121.2630743, 24.8735408], [121.26303, 24.87334], [121.2629557, 24.873189], [121.262912, 24.8731003], [121.2627082, 24.872801], [121.2624775, 24.8724835], [121.2620901, 24.8719685], [121.2619961, 24.8718435], [121.2617707, 24.8715807], [121.2615103, 24.8712715], [121.2613279, 24.8711166], [121.2610799, 24.8708686], [121.2606777, 24.8705875], [121.2603397, 24.870417], [121.2594916, 24.8699892], [121.2590655, 24.8697807], [121.2589507, 24.8697245], [121.2583468, 24.869429], [121.2579146, 24.869182], [121.2576344, 24.8690016], [121.2575674, 24.8689566], [121.2572642, 24.8687374], [121.2571659, 24.8686719], [121.2568652, 24.8684752], [121.256096, 24.8679636], [121.2558417, 24.867806], [121.2557139, 24.8677102], [121.2551379, 24.8672988], [121.254217, 24.8665828], [121.253873, 24.8663571], [121.253486, 24.8661031], [121.2529336, 24.8657554], [121.2525555, 24.8655076], [121.2523522, 24.8653427], [121.2522173, 24.865148], [121.2517052, 24.8643028], [121.2513581, 24.8633566], [121.2509826, 24.8623783], [121.2508919, 24.8621128], [121.2507713, 24.8613509], [121.2506712, 24.860616], [121.2506017, 24.8601615], [121.2505738, 24.8596983]]}}, {"type": "Feature", "properties": {"county": "桃園市", "district": "大溪區", "highway": "primary_link", "name": null}, "geometry": {"type": "LineString", "coordinates": [[121.262637, 24.8979655], [121.2625256, 24.8980517]]}}, {"type": "Feature", "properties": {"county": "桃園市", "district": "大溪區", "highway": "secondary", "name": "興豐路"}, "geometry": {"type": "LineString", "coordinates": [[121.2998258, 24.9329605], [121.300034, 24.9330556], [121.3001054, 24.9330882], [121.3006205, 24.9334137], [121.3007552, 24.9335065], [121.3014057, 24.9338908], [121.3029121, 24.9348739], [121.3047879, 24.9360461], [121.3061188, 24.9368777], [121.3070293, 24.9374404], [121.3075009, 24.937749], [121.3085493, 24.9384295], [121.3086778, 24.9385189], [121.308879, 24.9386514], [121.3089116, 24.9386776], [121.3091271, 24.9388509], [121.3094262, 24.9391257], [121.3099425, 24.939617], [121.3110704, 24.9406984], [121.3113748, 24.9409902], [121.311466, 24.9410791], [121.3122183, 24.9418122], [121.3123442, 24.9419379], [121.3128272, 24.9424203], [121.3128539, 24.9424459], [121.3132886, 24.9428629], [121.3134503, 24.9430173], [121.3139639, 24.9435078], [121.3153324, 24.9448146], [121.3155993, 24.9450918], [121.3164573, 24.9459073], [121.3169531, 24.9463785], [121.3175683, 24.9469733], [121.3183304, 24.94771], [121.3187048, 24.9480668], [121.3190359, 24.9483824], [121.3194194, 24.9487533], [121.3197694, 24.9490427], [121.3208531, 24.9498513], [121.3209641, 24.949932], [121.321663, 24.9504401], [121.3219085, 24.950621], [121.3243511, 24.9524256], [121.3246126, 24.9526193]]}}, {"type": "Feature", "properties": {"county": "桃園市", "district": "大溪區", "highway": "secondary", "name": "興豐路"}, "geometry": {"type": "LineString", "coordinates": [[121.2998258, 24.9329605], [121.2992711, 24.9325874], [121.2986631, 24.9322085], [121.2981777, 24.9319048], [121.2978099, 24.9316746], [121.2977542, 24.9316398], [121.2976976, 24.9316042], [121.2973278, 24.9313028]]}}, {"type": "Feature", "properties": {"county": "桃園市", "district": "大溪區", "highway": "secondary", "name": "興豐路"}, "geometry": {"type": "LineString", "coordinates": [[121.3245963, 24.9527148], [121.3243638, 24.9525421], [121.3230953, 24.9516093], [121.3224392, 24.9511269], [121.3215974, 24.9505079], [121.3207417, 24.9498635], [121.3198526, 24.9491996], [121.3193658, 24.948808], [121.3174963, 24.9470145], [121.3167198, 24.946263], [121.3164251, 24.9459825], [121.3161612, 24.9457314], [121.3155577, 24.9451611], [121.3152104, 24.9448049], [121.3147906, 24.9443975], [121.3140825, 24.9437348], [121.313911, 24.9435735], [121.3137217, 24.9433955], [121.312802, 24.9424911], [121.3127729, 24.9424625], [121.3119126, 24.9416165], [121.3113985, 24.9411313], [121.3113895, 24.9411228], [121.3113104, 24.9410449], [121.3110154, 24.9407503], [121.3098687, 24.9396474], [121.3094691, 24.9392716], [121.3091499, 24.9389786], [121.3088592, 24.9387407], [121.308765, 24.9386636], [121.3086376, 24.9385736], [121.3085023, 24.9384874], [121.3080193, 24.9381796], [121.3074041, 24.9377886], [121.3069831, 24.937521], [121.3063276, 24.9371043], [121.306064, 24.9369368], [121.3051212, 24.9363616], [121.3047281, 24.9361137], [121.3028711, 24.9349426], [121.3013557, 24.9339641], [121.3007199, 24.9335767], [121.3005722, 24.9334781], [121.3000552, 24.9331367], [121.3000011, 24.9330951], [121.2998258, 24.9329605]]}}, {"type": "Feature", "properties": {"county": "桃園市", "district": "大溪區", "highway": "secondary", "name": "興豐路"}, "geometry": {"type": "LineString", "coordinates": [[121.2973278, 24.9313028], [121.2972252, 24.9312709], [121.2970119, 24.9312295], [121.2965516, 24.9311479], [121.2960236, 24.9310463], [121.2952832, 24.9309037], [121.2946245, 24.9307769], [121.2943473, 24.9307236], [121.2938712, 24.9306319], [121.2936671, 24.9305926], [121.2934791, 24.9305564], [121.2930319, 24.9304703], [121.2928748, 24.9304401], [121.2923303, 24.9303353], [121.2917962, 24.9302325], [121.2911343, 24.9301019], [121.2907653, 24.930023], [121.2903314, 24.9299305], [121.2894759, 24.9297521]]}}, {"type": "Feature", "properties": {"county": "桃園市", "district": "大溪區", "highway": "residential", "name": "龍安路"}, "geometry": {"type": "LineString", "coordinates": [[121.2509774, 24.9177766], [121.2506858, 24.9183126], [121.2506047, 24.9184488], [121.2504437, 24.9187193], [121.2503683, 24.918846], [121.2501441, 24.919234], [121.2500159, 24.9195271], [121.2499502, 24.9197533], [121.2499364, 24.9198574], [121.2499408, 24.919982], [121.2499576, 24.9201019], [121.2499913, 24.9202021], [121.2501584, 24.9206071], [121.250258, 24.9208514]]}}, {"type": "Feature", "properties": {"county": "桃園市", "district": "大溪區", "highway": "motorway", "name": "福爾摩沙高速公路"}, "geometry": {"type": "LineString", "coordinates": [[121.3176033, 24.935881], [121.3168406, 24.9351851], [121.3161267, 24.9345214], [121.315055, 24.9333409], [121.3132529, 24.9312998], [121.3123809, 24.9302842], [121.3122237, 24.9301011], [121.3114077, 24.9292361], [121.3106002, 24.9284921], [121.3095651, 24.9275986], [121.3088768, 24.9270859], [121.3081402, 24.9265944], [121.3072234, 24.9260534], [121.3061802, 24.9254771], [121.3044076, 24.9246267], [121.3026355, 24.9237757], [121.3022673, 24.9235861], [121.3015434, 24.9232133], [121.3009799, 24.9229173], [121.2999929, 24.9222663], [121.2993324, 24.921786], [121.2985477, 24.9211598], [121.2978556, 24.9205364], [121.297357, 24.9200037]]}}, {"type": "Feature", "properties": {"county": "桃園市", "district": "大溪區", "highway": "motorway", "name": "福爾摩沙高速公路"}, "geometry": {"type": "LineString", "coordinates": [[121.2657984, 24.8950264], [121.2655771, 24.8945824], [121.2649916, 24.8933838], [121.264717, 24.8927552], [121.2644544, 24.8922188]]}}, {"type": "Feature", "properties": {"county": "桃園市", "district": "大溪區", "highway": "primary", "name": null}, "geometry": {"type": "LineString", "coordinates": [[121.2447658, 24.8484861], [121.2448111, 24.8485463], [121.2448378, 24.8486523], [121.2448082, 24.8487617], [121.2447555, 24.8488256], [121.2447157, 24.8488591], [121.2446156, 24.848889], [121.2445245, 24.8488884], [121.2444471, 24.848864], [121.2443798, 24.8488178], [121.2443359, 24.848762], [121.2443079, 24.8486787], [121.2443119, 24.8486012], [121.2443685, 24.8484958], [121.2444502, 24.8484367], [121.244582, 24.8484101], [121.2447091, 24.8484445], [121.2447658, 24.8484861]]}}, {"type": "Feature", "properties": {"county": "桃園市", "district": "大溪區", "highway": "unclassified", "name": "文化路"}, "geometry": {"type": "LineString", "coordinates": [[121.2445739, 24.848614], [121.2444502, 24.8484367], [121.2441099, 24.8478946], [121.2438063, 24.8474342], [121.2436501, 24.8471814], [121.2432095, 24.8465163], [121.2431022, 24.8463702], [121.2430357, 24.8463208], [121.2428651, 24.8461812], [121.2420535, 24.8454539], [121.2419328, 24.8453017], [121.2418805, 24.8451752], [121.2418376, 24.8449817], [121.2417222, 24.8444139], [121.2416163, 24.844065], [121.2414031, 24.843514], [121.241002, 24.8426767]]}}, {"type": "Feature", "properties": {"county": "桃園市", "district": "大溪區", "highway": "primary", "name": "龍源路大平段"}, "geometry": {"type": "LineString", "coordinates": [[121.2434593, 24.8266716], [121.2436808, 24.8264793], [121.2442255, 24.8260298], [121.244447, 24.8259049], [121.2445698, 24.8258797], [121.244701, 24.8258528], [121.2456905, 24.8256512], [121.246526, 24.8254799], [121.2472016, 24.8253433], [121.2474461, 24.8253056], [121.247992, 24.8252797], [121.2485365, 24.8252857], [121.2488174, 24.8253048], [121.2490921, 24.8253405], [121.2493673, 24.8254046], [121.2496053, 24.8254852], [121.2500719, 24.8257256], [121.2504998, 24.8259455], [121.250661, 24.8260165], [121.250886, 24.8260438], [121.2511308, 24.8260059], [121.2512565, 24.825961], [121.2513963, 24.8258884], [121.2520029, 24.8254874], [121.2520527, 24.8254501], [121.2520996, 24.8254161]]}}, {"type": "Feature", "properties": {"county": "桃園市", "district": "大溪區", "highway": "primary", "name": "溪洲大橋"}, "geometry": {"type": "LineString", "coordinates": [[121.2520996, 24.8254161], [121.2538469, 24.8242717], [121.2555984, 24.8232178], [121.2566272, 24.8226175]]}}, {"type": "Feature", "properties": {"county": "桃園市", "district": "大溪區", "highway": "primary", "name": "瑞安路二段"}, "geometry": {"type": "LineString", "coordinates": [[121.2818784, 24.8696597], [121.281924, 24.8693509], [121.2819535, 24.8690796], [121.2819522, 24.8687389], [121.2819254, 24.8684603], [121.2818221, 24.8680563], [121.2816223, 24.867409], [121.2811385, 24.8658057], [121.2811056, 24.8656828], [121.2810886, 24.8656005], [121.2810627, 24.8654747], [121.2810373, 24.8652792], [121.2810399, 24.865145], [121.2810426, 24.8647836], [121.281105, 24.8644709], [121.281229, 24.8640097], [121.2812485, 24.8639506], [121.2813702, 24.8635921]]}}, {"type": "Feature", "properties": {"county": "桃園市", "district": "大溪區", "highway": "primary", "name": "中正路三坑段"}, "geometry": {"type": "LineString", "coordinates": [[121.2445739, 24.848614], [121.2447658, 24.8484861], [121.2448183, 24.8484524], [121.245342, 24.8481773], [121.2455126, 24.8480877], [121.2456965, 24.8480013], [121.2458527, 24.8478917], [121.2459378, 24.8477543], [121.2459955, 24.8476673], [121.2459955, 24.8475766], [121.2459673, 24.8473545], [121.2459458, 24.8472468], [121.2458265, 24.8470685], [121.2448959, 24.8461007], [121.2443636, 24.8455409], [121.2441141, 24.8452269], [121.2439102, 24.844588], [121.2437976, 24.8442059], [121.243752, 24.843921], [121.2437615, 24.8435511], [121.2438124, 24.8430363], [121.2438856, 24.8426682], [121.2438969, 24.8425251], [121.2439854, 24.8422124], [121.2440771, 24.8420085], [121.2442392, 24.8417008], [121.244301, 24.8416264], [121.244399, 24.8415083]]}}, {"type": "Feature", "properties": {"county": "桃園市", "district": "大溪區", "highway": "primary", "name": "崁津大橋"}, "geometry": {"type": "LineString", "coordinates": [[121.2755227, 24.8772311], [121.2756503, 24.8769874], [121.275708, 24.8768742], [121.275826, 24.8767112], [121.2759883, 24.8765457], [121.2761331, 24.8764375], [121.2765676, 24.8761284], [121.2774166, 24.8755785], [121.278126, 24.8751356], [121.278472, 24.8749117], [121.279272, 24.8743694], [121.2800934, 24.8738], [121.2803637, 24.8736126], [121.2810074, 24.8731794], [121.2812542, 24.8729714], [121.2813896, 24.8728108], [121.2814879, 24.8726821]]}}, {"type": "Feature", "properties": {"county": "桃園市", "district": "大溪區", "highway": "residential", "name": "康莊路"}, "geometry": {"type": "LineString", "coordinates": [[121.2887303, 24.8809076], [121.2881264, 24.8813024]]}}, {"type": "Feature", "properties": {"county": "桃園市", "district": "大溪區", "highway": "motorway_link", "name": "大溪交流道"}, "geometry": {"type": "LineString", "coordinates": [[121.2633826, 24.8935635], [121.2632491, 24.8935691], [121.2630677, 24.893578], [121.2628796, 24.8936329], [121.2627461, 24.8936983], [121.2626363, 24.89378], [121.2625337, 24.8938845], [121.2624297, 24.894066], [121.2622848, 24.8942902]]}}, {"type": "Feature", "properties": {"county": "桃園市", "district": "大溪區", "highway": "motorway_link", "name": "鶯歌系統交流道"}, "geometry": {"type": "LineString", "coordinates": [[121.3185866, 24.9364172], [121.3193282, 24.9368368], [121.3197854, 24.9370994], [121.3201188, 24.9372533], [121.3205203, 24.9373961], [121.3210415, 24.9375208], [121.3215135, 24.9376157], [121.3221895, 24.9377178], [121.3224595, 24.937756], [121.3227822, 24.9378151], [121.3230925, 24.9378971], [121.3233455, 24.9379829], [121.3237773, 24.9381872]]}}, {"type": "Feature", "properties": {"county": "桃園市", "district": "大溪區", "highway": "motorway_link", "name": "鶯歌系統交流道"}, "geometry": {"type": "LineString", "coordinates": [[121.3237773, 24.9381872], [121.3240845, 24.9383921], [121.3243798, 24.9386625], [121.3246994, 24.9390521], [121.3249085, 24.9394415], [121.3250299, 24.9397442], [121.3250837, 24.9399311], [121.3251349, 24.9402624], [121.325142, 24.9406464]]}}, {"type": "Feature", "properties": {"county": "桃園市", "district": "大溪區", "highway": "primary", "name": "三民路一段"}, "geometry": {"type": "LineString", "coordinates": [[121.3436306, 24.8536029], [121.3437614, 24.8532538], [121.3437787, 24.8530772], [121.3437426, 24.85286], [121.3437023, 24.8527592], [121.3435163, 24.8525054], [121.3434903, 24.8523915], [121.3435062, 24.8522555], [121.3436605, 24.8520003], [121.343796, 24.8518459], [121.3439301, 24.8517857], [121.3444003, 24.8517332], [121.34454, 24.8516748], [121.344657, 24.851569], [121.3447304, 24.8514311], [121.34475, 24.8512952], [121.3447174, 24.8511707], [121.3445761, 24.85107], [121.3444089, 24.8510176], [121.3436158, 24.8509823], [121.3434788, 24.851032], [121.3433937, 24.8510909], [121.343323, 24.8511786], [121.3432913, 24.851418], [121.3432552, 24.8515541], [121.3431485, 24.8516719], [121.3430072, 24.8517569], [121.342442, 24.8519951], [121.3421026, 24.8521605], [121.3419589, 24.8521769], [121.3418219, 24.8521508], [121.3414931, 24.8520343], [121.3410224, 24.8518321], [121.3406928, 24.8516405], [121.3406345, 24.851567], [121.3405922, 24.8514814], [121.3405556, 24.8513482], [121.3404829, 24.8511384], [121.34041, 24.8510469], [121.3402659, 24.8509799], [121.3400736, 24.8509703], [121.3399308, 24.8509961], [121.3398208, 24.8510817], [121.339649, 24.8514033], [121.3395913, 24.851463], [121.3395071, 24.85151], [121.3394409, 24.851521], [121.3393364, 24.8515123], [121.3392512, 24.8514667], [121.3389262, 24.8511699], [121.3387167, 24.8510379], [121.3385777, 24.8509756], [121.3384347, 24.8509376], [121.3383886, 24.8509298], [121.3382842, 24.850912], [121.3380533, 24.850895], [121.3379354, 24.8508696], [121.3378039, 24.8508198], [121.3377047, 24.8507529], [121.3375558, 24.8506409], [121.337415, 24.8505898], [121.3372406, 24.8505411], [121.3368571, 24.8504778], [121.3367444, 24.8504535], [121.3366452, 24.8503951], [121.3365755, 24.8503269], [121.3364977, 24.8501858], [121.3364226, 24.8500738], [121.3363153, 24.8499886], [121.3361812, 24.8499156], [121.3359183, 24.8498499], [121.335744, 24.8498134], [121.3355857, 24.8497428], [121.3354677, 24.8496576], [121.3354006, 24.8495432], [121.335355, 24.8493753], [121.3353121, 24.8492998], [121.3352639, 24.8492195], [121.3351861, 24.8491465], [121.3351002, 24.8491076], [121.3349071, 24.8490832], [121.3346161, 24.8490313], [121.3344802, 24.8489706], [121.3343785, 24.8488487], [121.3343494, 24.8487395], [121.3343494, 24.8487157], [121.3343494, 24.8486362], [121.3344907, 24.8476155], [121.3345343, 24.8470989], [121.3345051, 24.8469442], [121.334446, 24.8468317], [121.3342975, 24.8466917], [121.3340855, 24.8465896], [121.3338044, 24.8464665], [121.3336355, 24.8463434], [121.3334811, 24.8461706], [121.3334198, 24.8460523], [121.333344, 24.845906], [121.333178, 24.8454791], [121.3331391, 24.8452517], [121.3331404, 24.8452118], [121.3331479, 24.8449763], [121.333201, 24.844539], [121.3331951, 24.8443371], [121.3331568, 24.8441873], [121.3329814, 24.8437501], [121.3329416, 24.843591], [121.3329411, 24.8435232], [121.3329402, 24.8434118], [121.3329637, 24.8432874], [121.3330197, 24.843155], [121.333285, 24.8427325], [121.333313, 24.8426683], [121.3333498, 24.8425573], [121.3333646, 24.8424666], [121.33341, 24.8421873], [121.3334294, 24.8420679], [121.3334491, 24.8419519], [121.3335443, 24.8413926], [121.333615, 24.8412228], [121.333702, 24.8410784], [121.3338508, 24.8408912], [121.3342737, 24.8403081], [121.3343445, 24.8401477], [121.3343636, 24.8400246], [121.3343636, 24.839915], [121.3343297, 24.8397478], [121.3341765, 24.8393119], [121.3341514, 24.8391581], [121.334172, 24.8389936], [121.3342487, 24.8388425], [121.3344494, 24.8385813], [121.3344811, 24.8385151], [121.3345062, 24.8384233], [121.3345088, 24.8382958], [121.334492, 24.8381977], [121.334446, 24.8380632], [121.3343988, 24.8379957], [121.3343093, 24.8379164], [121.3340742, 24.8377234], [121.3338472, 24.8375256], [121.3336343, 24.8373909], [121.3333646, 24.8372203], [121.333219, 24.8371543], [121.3330748, 24.8371079], [121.3326099, 24.8370157], [121.3323633, 24.8369531], [121.3322211, 24.8368816], [121.332084, 24.8367537], [121.3320184, 24.8366373], [121.3319489, 24.8365104], [121.3318472, 24.8362035], [121.331801, 24.8359808], [121.3317685, 24.8358854], [121.3317626, 24.835868], [121.3317061, 24.8357419], [121.3316256, 24.8356203], [121.3315238, 24.8355097], [121.3314081, 24.8354342], [121.3309253, 24.8352148], [121.330861, 24.8351887]]}}, {"type": "Feature", "properties": {"county": "桃園市", "district": "大溪區", "highway": "tertiary", "name": "中華路"}, "geometry": {"type": "LineString", "coordinates": [[121.2928198, 24.8852991], [121.2936024, 24.8845284], [121.2937874, 24.8843787], [121.2938847, 24.8842924], [121.2943172, 24.8838946], [121.2944862, 24.8837352], [121.294812, 24.8834237], [121.295146, 24.8830989], [121.2953283, 24.8829283], [121.2953497, 24.8828586], [121.2953584, 24.8827065], [121.295357, 24.8824456], [121.2953866, 24.8818275], [121.2953837, 24.8816073], [121.295313, 24.8814726], [121.2944305, 24.8803652], [121.2937539, 24.8794925], [121.2931222, 24.8786906], [121.2927796, 24.8782106]]}}, {"type": "Feature", "properties": {"county": "桃園市", "district": "大溪區", "highway": "tertiary", "name": "三元一街"}, "geometry": {"type": "LineString", "coordinates": [[121.2783713, 24.8920036], [121.278115, 24.8918948]]}}, {"type": "Feature", "properties": {"county": "桃園市", "district": "大溪區", "highway": "unclassified", "name": "環湖路一段"}, "geometry": {"type": "LineString", "coordinates": [[121.2578732, 24.8103095], [121.2580354, 24.8102289], [121.2582807, 24.8100366], [121.2585063, 24.8098793], [121.2587469, 24.8097776], [121.2589957, 24.8096709], [121.2594534, 24.8096693], [121.2597161, 24.8096727], [121.2598345, 24.8096743], [121.2599699, 24.8096867], [121.260118, 24.8096942], [121.2602542, 24.8096709], [121.2606091, 24.8096067], [121.260939, 24.8095485], [121.2611477, 24.8095509], [121.2612386, 24.8095557], [121.2613307, 24.8096103], [121.2614036, 24.8096824], [121.2614786, 24.8097921], [121.2615026, 24.8099671], [121.2615651, 24.8101832], [121.2616611, 24.8103905], [121.261704, 24.8105407], [121.2617291, 24.8107305], [121.2617008, 24.8108798], [121.2616939, 24.8109785], [121.2617134, 24.8110967], [121.2617873, 24.811399], [121.2618017, 24.8114913], [121.2618113, 24.8115706], [121.2618222, 24.8116653], [121.2618162, 24.8117382], [121.2617398, 24.8119056], [121.2617065, 24.8120163], [121.2617137, 24.812126], [121.2617305, 24.8122249], [121.2617198, 24.8122929], [121.2616803, 24.8123587], [121.2616087, 24.8124296], [121.2612534, 24.8127508], [121.261189, 24.8128581], [121.2611938, 24.8129473], [121.2612154, 24.8130856], [121.2611866, 24.8131759], [121.261096, 24.8135618], [121.2610912, 24.8137665], [121.2611341, 24.813867], [121.2612294, 24.8141169], [121.2613224, 24.8142709], [121.261487, 24.8144208], [121.2617119, 24.8146389], [121.26193, 24.8149223], [121.2620977, 24.8150422], [121.26245, 24.8152859], [121.2626741, 24.8154552], [121.2628423, 24.8155858], [121.2629578, 24.8156902], [121.2630495, 24.815899], [121.2630909, 24.8160098], [121.2631796, 24.816139], [121.2633608, 24.8162647], [121.2634538, 24.8163907], [121.2635612, 24.8164556], [121.2639999, 24.8166916], [121.2644921, 24.816947], [121.265018, 24.8172284], [121.2653139, 24.8173547], [121.2655001, 24.8173995], [121.2661314, 24.8176118], [121.2663048, 24.8176605], [121.266464, 24.8176656], [121.2666778, 24.8176365], [121.2668902, 24.8176087], [121.2673086, 24.8175643], [121.2675002, 24.8175378], [121.2676519, 24.8175645], [121.2678265, 24.8176435], [121.2682025, 24.8178496], [121.2684666, 24.8179524], [121.2687394, 24.818034], [121.2691277, 24.8181497], [121.2697986, 24.8184159], [121.2699666, 24.8185158], [121.2701346, 24.8186183], [121.2702146, 24.8186424], [121.2704385, 24.818647], [121.2706833, 24.8186299], [121.2709496, 24.8186028], [121.2710896, 24.8185559], [121.2713398, 24.8184152], [121.2714408, 24.8183628], [121.2715102, 24.8183423], [121.2715826, 24.818321], [121.2718568, 24.8183283], [121.2722151, 24.8183393], [121.272398, 24.818361], [121.2724853, 24.8183986], [121.2725638, 24.8184521], [121.2726869, 24.8185723], [121.2727663, 24.8186554], [121.2728717, 24.8186914], [121.2729783, 24.818702], [121.2730633, 24.8186832], [121.273286, 24.8185905], [121.2733718, 24.8185491], [121.2734573, 24.8185436], [121.2735474, 24.8185557], [121.2736479, 24.8185931], [121.2737766, 24.8186575], [121.2738561, 24.8187236], [121.2741269, 24.8189883], [121.2742241, 24.8190564], [121.2743797, 24.8191089], [121.2745759, 24.8191046], [121.2747549, 24.819065], [121.2750743, 24.818814], [121.2751377, 24.8187754], [121.2751895, 24.8187473], [121.2752451, 24.8187394], [121.2753121, 24.8187502], [121.2754649, 24.8188246], [121.275649, 24.8188969], [121.2757308, 24.8189278], [121.2758097, 24.8189481], [121.2758941, 24.8189575], [121.2759683, 24.818947], [121.2763247, 24.8188921], [121.2764121, 24.8188776], [121.2764728, 24.818885], [121.2765437, 24.8189176], [121.2766936, 24.8189985], [121.276799, 24.819076], [121.2773064, 24.8195372], [121.2774995, 24.8196231], [121.277682, 24.8196737], [121.2778857, 24.8196766], [121.2781642, 24.8196259], [121.2783835, 24.819552], [121.2785857, 24.8194656], [121.278797, 24.8193754], [121.2788872, 24.8193226], [121.279016, 24.819316], [121.2792091, 24.8193415], [121.2793886, 24.8193587], [121.2794674, 24.8193615], [121.279624, 24.8193875], [121.2797109, 24.81941], [121.2800641, 24.8195949], [121.2802889, 24.8196311], [121.2806666, 24.8196545], [121.2808612, 24.8196508], [121.2810033, 24.8196104], [121.2812457, 24.8193485], [121.2813801, 24.8193346], [121.281592, 24.8193531], [121.2826248, 24.8195823], [121.2827821, 24.8196157], [121.2829309, 24.8196569], [121.283023, 24.8196921], [121.2830839, 24.8197762], [121.2831268, 24.8198406], [121.28315, 24.8199187], [121.2831757, 24.8199959], [121.2832042, 24.8200706], [121.2832515, 24.8203745], [121.2832676, 24.820699], [121.2833055, 24.8207869], [121.2833395, 24.8208668], [121.2834111, 24.8209817], [121.283497, 24.8210247], [121.2838567, 24.8210909], [121.2840293, 24.8211777], [121.2840823, 24.8212524], [121.2841295, 24.8213533], [121.2841369, 24.8214517], [121.2841915, 24.8216278], [121.2842363, 24.8217019], [121.2842966, 24.821768], [121.2844464, 24.8217903], [121.2847445, 24.8217502], [121.2850674, 24.8217341], [121.2853195, 24.8217542], [121.2855301, 24.821787], [121.2858063, 24.8219254], [121.2860364, 24.822025], [121.2861838, 24.8221081], [121.2862596, 24.8221478], [121.2863641, 24.8222243], [121.2864581, 24.8223445], [121.2866056, 24.8225218], [121.2868416, 24.8228866], [121.2869542, 24.8231031], [121.2870026, 24.8233217]]}}, {"type": "Feature", "properties": {"county": "桃園市", "district": "大溪區", "highway": "unclassified", "name": "環湖路"}, "geometry": {"type": "LineString", "coordinates": [[121.2510302, 24.8147178], [121.2513399, 24.814961], [121.2517918, 24.8152346], [121.252681, 24.8160982], [121.2528124, 24.8162541], [121.2530025, 24.8165674], [121.2531149, 24.8167498], [121.2533623, 24.8170853], [121.2534347, 24.8172569], [121.2535248, 24.8176586], [121.2535791, 24.8177478], [121.2537811, 24.8179783], [121.2537949, 24.8179941], [121.2541737, 24.8184216], [121.2543752, 24.8186285], [121.2548483, 24.81907], [121.2550575, 24.8193824], [121.2551916, 24.8198664], [121.2554619, 24.8201293], [121.255661, 24.820323], [121.2558908, 24.8206179], [121.2558999, 24.8206311], [121.2559399, 24.8206897]]}}, {"type": "Feature", "properties": {"county": "桃園市", "district": "大溪區", "highway": "tertiary", "name": "康莊路三段"}, "geometry": {"type": "LineString", "coordinates": [[121.2822318, 24.8609348], [121.2822788, 24.8609811]]}}, {"type": "Feature", "properties": {"county": "桃園市", "district": "大溪區", "highway": "residential", "name": "民權東路"}, "geometry": {"type": "LineString", "coordinates": [[121.2944305, 24.8803652], [121.2941135, 24.880547], [121.2930981, 24.8812125], [121.2926005, 24.8815209], [121.2919541, 24.8819309], [121.2917235, 24.8820708], [121.2911957, 24.8824297], [121.2907418, 24.8826974], [121.2902918, 24.8830055], [121.2899391, 24.8832303], [121.2899144, 24.8832474], [121.2896166, 24.8834249], [121.2893122, 24.8836062], [121.289219, 24.8836488]]}}, {"type": "Feature", "properties": {"county": "桃園市", "district": "大溪區", "highway": "unclassified", "name": null}, "geometry": {"type": "LineString", "coordinates": [[121.2557253, 24.8209257], [121.2556841, 24.8209175], [121.2554866, 24.8208476], [121.2553612, 24.8207317], [121.2552237, 24.8204722], [121.2551097, 24.8203767], [121.252864, 24.8184941], [121.2526247, 24.8183274], [121.2524825, 24.8182406], [121.2522385, 24.8181027], [121.2521178, 24.8180763], [121.2519085, 24.8180236], [121.2516427, 24.8180172], [121.2510583, 24.8180597], [121.2502955, 24.8180508], [121.2500702, 24.8180207], [121.2497673, 24.8179358], [121.2495332, 24.8178414], [121.2493596, 24.8177324], [121.2491084, 24.8175496], [121.2489367, 24.8173779], [121.2488079, 24.8172277], [121.2486988, 24.8170725], [121.2484941, 24.8167185]]}}, {"type": "Feature", "properties": {"county": "桃園市", "district": "大溪區", "highway": "motorway_link", "name": "三鶯交流道"}, "geometry": {"type": "LineString", "coordinates": [[121.3594826, 24.938541], [121.3587636, 24.9380894], [121.3586053, 24.9380283], [121.3584282, 24.9380061], [121.3582534, 24.9380158], [121.3581315, 24.9380481], [121.3580186, 24.9381087], [121.3579255, 24.9381927], [121.3578698, 24.9382783], [121.3578235, 24.9384076], [121.3578132, 24.9385299], [121.3578404, 24.9386522], [121.3578953, 24.9387727], [121.3579972, 24.9388906], [121.3581309, 24.9389833], [121.3583021, 24.9390355], [121.3584997, 24.9390386], [121.3586687, 24.9390078], [121.3589601, 24.9389278]]}}, {"type": "Feature", "properties": {"county": "桃園市", "district": "大溪區", "highway": "tertiary", "name": "大鶯路"}, "geometry": {"type": "LineString", "coordinates": [[121.2789161, 24.8918058], [121.2790674, 24.8919938], [121.279366, 24.8924463], [121.2799225, 24.8933757], [121.2800517, 24.8935217], [121.2801385, 24.8936227], [121.2802618, 24.893731], [121.2804368, 24.8938593], [121.2805221, 24.8939098], [121.2806374, 24.893956], [121.2807574, 24.8939785], [121.2808955, 24.8939852], [121.2810987, 24.8939743], [121.2812992, 24.8939852], [121.2814528, 24.8940169], [121.2818041, 24.8941482], [121.2820958, 24.8942571], [121.2826289, 24.8944256], [121.2833102, 24.8946147], [121.2836012, 24.8946768], [121.2839157, 24.8947047], [121.2843267, 24.8946932], [121.2844783, 24.8947066], [121.2846479, 24.8947601], [121.2851689, 24.8949584], [121.2855921, 24.8951117], [121.2857665, 24.8951733], [121.285987, 24.8952518], [121.2861331, 24.8952875], [121.2864296, 24.8953465], [121.2865872, 24.8953975], [121.2867776, 24.8954608], [121.2868956, 24.8955241], [121.2870565, 24.8956335], [121.2873794, 24.8958577], [121.287917, 24.8962651], [121.2881254, 24.896423], [121.2883708, 24.8966554], [121.2885679, 24.8968627], [121.2886896, 24.8969907], [121.2890012, 24.8973389], [121.2895909, 24.8980252], [121.2902363, 24.8987645], [121.2908928, 24.8994837], [121.2910263, 24.8996502], [121.2910665, 24.8997199], [121.2911616, 24.899885], [121.2918692, 24.9011818], [121.2918914, 24.9012903], [121.2918483, 24.9014599], [121.2917662, 24.9018605], [121.291744, 24.9020447], [121.2917496, 24.9021633], [121.2917662, 24.902355], [121.2918108, 24.902519], [121.2918525, 24.9026149], [121.2919415, 24.9027007], [121.2920448, 24.9027466], [121.2924065, 24.9028032], [121.2928142, 24.9028841], [121.2930006, 24.9029322], [121.2930681, 24.9030262], [121.2931571, 24.9031448], [121.2932297, 24.9032768], [121.2932623, 24.9034041], [121.2932966, 24.9035349], [121.2933244, 24.9036813], [121.2933609, 24.9038404], [121.2934312, 24.9040682], [121.2935227, 24.9043229], [121.2936153, 24.9045958], [121.2937618, 24.9048972], [121.2940165, 24.9051727], [121.2944501, 24.9056132], [121.2947464, 24.9059326], [121.2948307, 24.9060989], [121.2948736, 24.90617], [121.2949086, 24.9062651], [121.2949846, 24.9064641], [121.2951148, 24.9069052], [121.2952889, 24.9075285], [121.2953705, 24.9078179], [121.2954401, 24.9080647], [121.2954997, 24.9084304], [121.2955348, 24.9086207], [121.2956967, 24.9094984], [121.2957897, 24.9097903], [121.2958481, 24.9098912], [121.2959908, 24.9100462], [121.2961616, 24.9102401], [121.2965994, 24.9106983], [121.2967956, 24.9109241], [121.2968325, 24.9109586], [121.2973502, 24.9115337], [121.2974921, 24.9117683], [121.297618, 24.9121294], [121.2976753, 24.9122936], [121.2977381, 24.9125464], [121.2977903, 24.9128334], [121.2978559, 24.913465], [121.2979073, 24.9140395], [121.2979762, 24.9145124], [121.2979901, 24.9146917], [121.2979824, 24.9147771], [121.2979545, 24.9148509], [121.2979166, 24.9149202], [121.2978378, 24.9150278], [121.2976147, 24.9152992]]}}, {"type": "Feature", "properties": {"county": "桃園市", "district": "大溪區", "highway": "tertiary", "name": "中正三路"}, "geometry": {"type": "LineString", "coordinates": [[121.3206538, 24.9335669], [121.3209466, 24.9339569], [121.3212373, 24.9342473], [121.3213703, 24.9343251], [121.3220083, 24.9345515], [121.3221837, 24.9345641], [121.3226533, 24.9345448], [121.3231951, 24.9345357], [121.3233132, 24.9345493], [121.3246021, 24.9346486], [121.3252477, 24.9346614], [121.3255916, 24.9346422]]}}, {"type": "Feature", "properties": {"county": "桃園市", "district": "大溪區", "highway": "tertiary", "name": "三元一街"}, "geometry": {"type": "LineString", "coordinates": [[121.2748682, 24.8832729], [121.2746, 24.8832862], [121.274385, 24.8833131], [121.274346, 24.8833189], [121.2741555, 24.883347], [121.2737833, 24.8834019], [121.2733965, 24.8834589], [121.2731956, 24.8834886], [121.2721562, 24.8836418], [121.2719979, 24.8836651], [121.2708198, 24.8838389], [121.2706137, 24.8838693], [121.2703622, 24.8839067], [121.270334, 24.8839109], [121.2692877, 24.8840563], [121.2690501, 24.884097], [121.2687009, 24.8841504], [121.2683201, 24.8842388], [121.2681578, 24.8842391]]}}, {"type": "Feature", "properties": {"county": "桃園市", "district": "大溪區", "highway": "secondary", "name": "中正路佳安段"}, "geometry": {"type": "LineString", "coordinates": [[121.244611, 24.8486877], [121.2443798, 24.8488178], [121.2443301, 24.8488412], [121.2439626, 24.8490326], [121.2437627, 24.849119], [121.2434114, 24.849214], [121.2432437, 24.8492371], [121.2430882, 24.849242], [121.2429153, 24.8492248], [121.2428065, 24.849214], [121.2425531, 24.8491677], [121.2422425, 24.8490783], [121.2422151, 24.8490704], [121.2419657, 24.848984], [121.2417833, 24.8489061], [121.2414762, 24.8487114], [121.241275, 24.8485313], [121.240929, 24.8481297], [121.2394092, 24.8463202], [121.2379507, 24.8446197], [121.237803, 24.8444809], [121.2376113, 24.8443762], [121.2373377, 24.8442996], [121.2371432, 24.8442655], [121.2369367, 24.8442545]]}}, {"type": "Feature", "properties": {"county": "桃園市", "district": "大溪區", "highway": "primary", "name": "中正路三坑段"}, "geometry": {"type": "LineString", "coordinates": [[121.2439927, 24.8316004], [121.2437326, 24.8312608], [121.2434724, 24.8309359]]}}, {"type": "Feature", "properties": {"county": "桃園市", "district": "大溪區", "highway": "primary", "name": "文化路"}, "geometry": {"type": "LineString", "coordinates": [[121.2505738, 24.8596983], [121.2506252, 24.8594847], [121.2509839, 24.8584909], [121.2511823, 24.8578868], [121.2511956, 24.8575537], [121.2511788, 24.8572775], [121.2511516, 24.8567378], [121.2511376, 24.8563003], [121.2510338, 24.8548934], [121.2509485, 24.8535599], [121.2509105, 24.8532573], [121.2508691, 24.8530956], [121.2508299, 24.8529934], [121.2507738, 24.852847], [121.2506573, 24.8526325], [121.2505123, 24.8524349], [121.2503206, 24.8522329], [121.2495279, 24.8515522], [121.2492169, 24.8512852], [121.2491699, 24.8512448], [121.2489466, 24.8510902], [121.2486583, 24.8509783], [121.2475921, 24.8506886], [121.2460451, 24.8502903], [121.2458926, 24.8502511], [121.2457441, 24.8501992], [121.245589, 24.8501336], [121.2454978, 24.8500472], [121.2453798, 24.8498957], [121.2450995, 24.8494668], [121.2447361, 24.8488898], [121.2447157, 24.8488591], [121.244611, 24.8486877], [121.2445739, 24.848614]]}}, {"type": "Feature", "properties": {"county": "桃園市", "district": "大溪區", "highway": "primary", "name": "介壽路"}, "geometry": {"type": "LineString", "coordinates": [[121.2866225, 24.9078406], [121.2869415, 24.9082669], [121.2874118, 24.909086], [121.2878623, 24.9098853], [121.2882026, 24.9104738], [121.2882219, 24.9105072], [121.2884027, 24.9108816], [121.2885588, 24.911182], [121.2885883, 24.9112386], [121.2890431, 24.9120699], [121.2893339, 24.912602], [121.2896604, 24.9131994], [121.2896861, 24.9132464], [121.2898301, 24.9136102], [121.2899183, 24.9140187], [121.2899184, 24.9140873], [121.2899541, 24.9145352], [121.2899654, 24.9146867], [121.2900058, 24.9152303], [121.2900952, 24.9155814], [121.2901748, 24.9158944], [121.2903062, 24.9162252], [121.2911955, 24.9178406], [121.2912253, 24.9178947], [121.2917331, 24.918742], [121.2920253, 24.9191462], [121.2922787, 24.9194241], [121.2924142, 24.9195727], [121.2924158, 24.9195745], [121.2924542, 24.9196186], [121.2924855, 24.9196567], [121.2929632, 24.9201865], [121.2932487, 24.9205031], [121.2933667, 24.9206339], [121.2935933, 24.9208852], [121.2941546, 24.9215076], [121.294614, 24.9220169], [121.294806, 24.922231], [121.29506, 24.9225115], [121.295227, 24.9227457], [121.295471, 24.9231008], [121.2954849, 24.9232256]]}}, {"type": "Feature", "properties": {"county": "桃園市", "district": "大溪區", "highway": "primary", "name": "介壽路"}, "geometry": {"type": "LineString", "coordinates": [[121.2839141, 24.8999942], [121.2840502, 24.8994764], [121.2843317, 24.8989557], [121.2844415, 24.8987526], [121.2845339, 24.8985597]]}}, {"type": "Feature", "properties": {"county": "桃園市", "district": "大溪區", "highway": "primary", "name": "信義路"}, "geometry": {"type": "LineString", "coordinates": [[121.2788562, 24.8917458], [121.2795126, 24.8913517]]}}, {"type": "Feature", "properties": {"county": "桃園市", "district": "大溪區", "highway": "motorway", "name": "福爾摩沙高速公路"}, "geometry": {"type": "LineString", "coordinates": [[121.2641773, 24.8915801], [121.263683, 24.8904716], [121.2633312, 24.8897095], [121.2631601, 24.8893443]]}}, {"type": "Feature", "properties": {"county": "桃園市", "district": "大溪區", "highway": "motorway", "name": "福爾摩沙高速公路"}, "geometry": {"type": "LineString", "coordinates": [[121.2646141, 24.8921378], [121.2654882, 24.8939692], [121.2657149, 24.8945157], [121.2662612, 24.8956119], [121.2666072, 24.8962341], [121.2669893, 24.8968497], [121.2673915, 24.8974807], [121.2682495, 24.8986808], [121.2687164, 24.8992825], [121.2689615, 24.899576], [121.2692163, 24.8998549]]}}, {"type": "Feature", "properties": {"county": "桃園市", "district": "大溪區", "highway": "secondary", "name": "永昌路"}, "geometry": {"type": "LineString", "coordinates": [[121.2647179, 24.8917986], [121.264138, 24.8921285], [121.2638776, 24.8922724], [121.2635783, 24.8924883], [121.2634089, 24.8926538], [121.2631903, 24.8928716], [121.2630017, 24.8930545]]}}, {"type": "Feature", "properties": {"county": "桃園市", "district": "大溪區", "highway": "motorway", "name": "福爾摩沙高速公路"}, "geometry": {"type": "LineString", "coordinates": [[121.2644544, 24.8922188], [121.2641773, 24.8915801]]}}, {"type": "Feature", "properties": {"county": "桃園市", "district": "大溪區", "highway": "motorway", "name": "福爾摩沙高速公路"}, "geometry": {"type": "LineString", "coordinates": [[121.2643287, 24.8914945], [121.2646141, 24.8921378]]}}, {"type": "Feature", "properties": {"county": "桃園市", "district": "大溪區", "highway": "secondary_link", "name": "永昌路"}, "geometry": {"type": "LineString", "coordinates": [[121.2703433, 24.8893132], [121.2701582, 24.8893607], [121.2699745, 24.8894154], [121.2697022, 24.8895395], [121.2693106, 24.8897232]]}}, {"type": "Feature", "properties": {"county": "桃園市", "district": "大溪區", "highway": "secondary_link", "name": "永昌路"}, "geometry": {"type": "LineString", "coordinates": [[121.2694501, 24.8895018], [121.2695373, 24.8894738], [121.2696526, 24.8894057], [121.2698082, 24.8893242], [121.2699356, 24.8892853], [121.2701256, 24.889245], [121.270281, 24.8892007]]}}, {"type": "Feature", "properties": {"county": "桃園市", "district": "大溪區", "highway": "motorway_link", "name": "大溪交流道"}, "geometry": {"type": "LineString", "coordinates": [[121.2663084, 24.8912031], [121.2660722, 24.8913837], [121.2658888, 24.8915719], [121.2657327, 24.8917695], [121.2656338, 24.8919169], [121.2655516, 24.8920938], [121.2654705, 24.8923394], [121.2654238, 24.8925362]]}}, {"type": "Feature", "properties": {"county": "桃園市", "district": "大溪區", "highway": "unclassified", "name": "瑞安路一段287巷"}, "geometry": {"type": "LineString", "coordinates": [[121.2805779, 24.885354], [121.2809573, 24.8852274], [121.2812155, 24.8851248], [121.2814245, 24.8850555]]}}, {"type": "Feature", "properties": {"county": "桃園市", "district": "大溪區", "highway": "motorway", "name": "福爾摩沙高速公路"}, "geometry": {"type": "LineString", "coordinates": [[121.2801281, 24.9069146], [121.2808662, 24.9070676], [121.2815742, 24.9072098], [121.2822759, 24.907298], [121.2826332, 24.9073482]]}}, {"type": "Feature", "properties": {"county": "桃園市", "district": "大溪區", "highway": "motorway", "name": "埔頂2號隧道"}, "geometry": {"type": "LineString", "coordinates": [[121.2803316, 24.9071583], [121.2794282, 24.9069749], [121.2786985, 24.9067619], [121.2778615, 24.9064485], [121.2771616, 24.9061514]]}}, {"type": "Feature", "properties": {"county": "桃園市", "district": "大溪區", "highway": "motorway", "name": "福爾摩沙高速公路"}, "geometry": {"type": "LineString", "coordinates": [[121.2828449, 24.9075722], [121.2822527, 24.9074988], [121.2815677, 24.907388], [121.2808207, 24.907263], [121.2803316, 24.9071583]]}}, {"type": "Feature", "properties": {"county": "桃園市", "district": "大溪區", "highway": "motorway", "name": "埔頂1號隧道"}, "geometry": {"type": "LineString", "coordinates": [[121.2826332, 24.9073482], [121.2833399, 24.9074826], [121.2850291, 24.9077712], [121.2862126, 24.9080071], [121.2866098, 24.9080996], [121.2870877, 24.9082195], [121.2876763, 24.9084287], [121.2879755, 24.9085724]]}}, {"type": "Feature", "properties": {"county": "桃園市", "district": "大溪區", "highway": "secondary", "name": "仁和路一段"}, "geometry": {"type": "LineString", "coordinates": [[121.2742871, 24.901864], [121.2745994, 24.9017642], [121.2750511, 24.9016017], [121.2754043, 24.9014695], [121.2755904, 24.9013746], [121.2756521, 24.9013217], [121.2757237, 24.9012193], [121.2758691, 24.9009756], [121.2763571, 24.9001903], [121.2764532, 24.9000436], [121.2765249, 24.8999343], [121.2766777, 24.8997598], [121.2776071, 24.8986984], [121.2783285, 24.897899], [121.2784848, 24.8977258], [121.2786005, 24.8976043], [121.2790312, 24.8971522]]}}, {"type": "Feature", "properties": {"county": "桃園市", "district": "大溪區", "highway": "secondary", "name": "仁和路一段"}, "geometry": {"type": "LineString", "coordinates": [[121.2714692, 24.9027051], [121.272303, 24.9025063]]}}, {"type": "Feature", "properties": {"county": "桃園市", "district": "大溪區", "highway": "secondary", "name": "仁和路二段"}, "geometry": {"type": "LineString", "coordinates": [[121.2651539, 24.9036357], [121.2654337, 24.903569], [121.2658291, 24.903476], [121.2659611, 24.9034449], [121.2664086, 24.9033242], [121.2665446, 24.903291], [121.2668804, 24.9032093], [121.2671122, 24.9031706], [121.2672612, 24.9031483], [121.2674286, 24.9031276], [121.2676109, 24.9031045], [121.2677018, 24.9030954], [121.2686087, 24.9029963], [121.2687653, 24.9029793], [121.2689512, 24.9029592], [121.2692942, 24.9029251], [121.2703162, 24.9028388], [121.2705107, 24.9028181]]}}, {"type": "Feature", "properties": {"county": "桃園市", "district": "大溪區", "highway": "secondary_link", "name": null}, "geometry": {"type": "LineString", "coordinates": [[121.2650022, 24.9032759], [121.2651181, 24.9034486], [121.2652016, 24.9035087], [121.265249, 24.9035323], [121.2653054, 24.9035505], [121.2653711, 24.9035644], [121.2654337, 24.903569]]}}, {"type": "Feature", "properties": {"county": "桃園市", "district": "大溪區", "highway": "tertiary", "name": "員東路"}, "geometry": {"type": "LineString", "coordinates": [[121.2632513, 24.8836743], [121.2637288, 24.8835843], [121.2639675, 24.8835198], [121.2643269, 24.8833811], [121.2646437, 24.8832816], [121.2647105, 24.8832437], [121.2647413, 24.8831877], [121.2647534, 24.8831232], [121.2647829, 24.883021], [121.2648285, 24.8829565], [121.2652228, 24.8827047], [121.2653139, 24.8826305], [121.2656975, 24.8822448]]}}, {"type": "Feature", "properties": {"county": "桃園市", "district": "大溪區", "highway": "motorway", "name": "福爾摩沙高速公路"}, "geometry": {"type": "LineString", "coordinates": [[121.2596905, 24.884111], [121.259884, 24.8843091]]}}, {"type": "Feature", "properties": {"county": "桃園市", "district": "大溪區", "highway": "motorway", "name": "福爾摩沙高速公路"}, "geometry": {"type": "LineString", "coordinates": [[121.2630472, 24.8891217], [121.2620391, 24.8873186], [121.2617942, 24.8869368], [121.2611075, 24.8859891], [121.2605083, 24.8852407], [121.2600778, 24.8847395], [121.2596726, 24.8843025]]}}, {"type": "Feature", "properties": {"county": "桃園市", "district": "大溪區", "highway": "motorway", "name": "福爾摩沙高速公路"}, "geometry": {"type": "LineString", "coordinates": [[121.259884, 24.8843091], [121.2607003, 24.8852311], [121.261703, 24.886503], [121.2619552, 24.8868619], [121.2622153, 24.887284], [121.2626485, 24.887986], [121.2629116, 24.8884602], [121.2631747, 24.8889993]]}}, {"type": "Feature", "properties": {"county": "桃園市", "district": "大溪區", "highway": "primary", "name": "員林路二段"}, "geometry": {"type": "LineString", "coordinates": [[121.2681578, 24.8842391], [121.2689571, 24.8847663], [121.2692501, 24.8849665], [121.2695331, 24.885149], [121.2696045, 24.8852152], [121.2697638, 24.8853631], [121.2698711, 24.8856067], [121.2699134, 24.885727], [121.2700541, 24.8862821], [121.2701823, 24.8868631], [121.2701985, 24.8870012], [121.2702105, 24.8871028], [121.2702279, 24.8872378], [121.2702011, 24.8876685], [121.2701569, 24.8878704]]}}, {"type": "Feature", "properties": {"county": "桃園市", "district": "大溪區", "highway": "motorway", "name": "福爾摩沙高速公路"}, "geometry": {"type": "LineString", "coordinates": [[121.2596726, 24.8843025], [121.2595191, 24.884162]]}}, {"type": "Feature", "properties": {"county": "桃園市", "district": "大溪區", "highway": "motorway_link", "name": "大溪交流道"}, "geometry": {"type": "LineString", "coordinates": [[121.2629116, 24.8884602], [121.263243, 24.8888915]]}}, {"type": "Feature", "properties": {"county": "桃園市", "district": "大溪區", "highway": "tertiary", "name": "南興路二段"}, "geometry": {"type": "LineString", "coordinates": [[121.2618298, 24.8954663], [121.2617527, 24.8954598], [121.2616697, 24.8954287], [121.2616132, 24.8953895], [121.2615763, 24.8953441], [121.2615653, 24.8952854], [121.261578, 24.8952199], [121.2616335, 24.8950837], [121.2617729, 24.8948093], [121.2618039, 24.8947236], [121.2618316, 24.89462], [121.2619097, 24.894308], [121.2619569, 24.894159], [121.2620162, 24.8940024], [121.2621214, 24.8937762], [121.2623084, 24.8934031], [121.2624039, 24.8932035], [121.2624602, 24.8930638], [121.2625012, 24.8929414], [121.262524, 24.8928434], [121.2625527, 24.892654], [121.2625569, 24.8924308], [121.2625355, 24.8922447], [121.2624742, 24.8919411], [121.2624538, 24.891816], [121.2624448, 24.891692], [121.2624494, 24.8915718], [121.2624829, 24.8914393], [121.2625253, 24.891322], [121.2625632, 24.8912366], [121.262619, 24.8911512], [121.2626909, 24.8910534], [121.2628237, 24.8909115], [121.2629807, 24.890736], [121.2630331, 24.8906536], [121.2630682, 24.8905719], [121.2630829, 24.8905098], [121.2631006, 24.8904165], [121.2631068, 24.890342], [121.2631003, 24.8902699], [121.2630646, 24.8900593], [121.2630111, 24.8898476], [121.2628546, 24.8893791], [121.2629843, 24.8892781], [121.2633312, 24.8889457], [121.2634693, 24.888784], [121.2635134, 24.8887259], [121.2635345, 24.8886604], [121.2635457, 24.8885909], [121.263539, 24.8885214], [121.2635156, 24.8882725], [121.2635142, 24.8881252], [121.2635089, 24.8879172], [121.2635504, 24.8875352], [121.2636537, 24.8871252], [121.2637744, 24.8868114], [121.2639681, 24.8863916], [121.2640003, 24.8862736], [121.2640044, 24.886141], [121.2639923, 24.8857979], [121.2639681, 24.8854743], [121.2639373, 24.8852103], [121.2638998, 24.885046], [121.2638783, 24.8848672], [121.2637965, 24.8846239], [121.2637107, 24.8844158], [121.2636315, 24.8843392], [121.2634599, 24.8841531], [121.2634062, 24.8840557], [121.2633419, 24.8838976], [121.2632513, 24.8836743]]}}, {"type": "Feature", "properties": {"county": "桃園市", "district": "大溪區", "highway": "unclassified", "name": "南興路二段346巷"}, "geometry": {"type": "LineString", "coordinates": [[121.2628546, 24.8893791], [121.2627969, 24.8893155], [121.2624252, 24.8884695], [121.2616608, 24.8870729], [121.2614076, 24.8867225], [121.2612517, 24.8865067], [121.2606971, 24.8858309], [121.2604035, 24.8854592]]}}, {"type": "Feature", "properties": {"county": "桃園市", "district": "大溪區", "highway": "motorway", "name": "福爾摩沙高速公路"}, "geometry": {"type": "LineString", "coordinates": [[121.2595191, 24.884162], [121.2587793, 24.8834933], [121.2575628, 24.882506], [121.2569895, 24.8820957], [121.2563785, 24.8816855], [121.2557325, 24.8812927], [121.2551822, 24.8809801], [121.2539417, 24.880336], [121.2529471, 24.8798799]]}}, {"type": "Feature", "properties": {"county": "桃園市", "district": "大溪區", "highway": "motorway", "name": "福爾摩沙高速公路"}, "geometry": {"type": "LineString", "coordinates": [[121.2631601, 24.8893443], [121.2630472, 24.8891217]]}}, {"type": "Feature", "properties": {"county": "桃園市", "district": "大溪區", "highway": "secondary", "name": "中山東路四段"}, "geometry": {"type": "LineString", "coordinates": [[121.2544809, 24.9368607], [121.2545418, 24.9368278], [121.2546063, 24.9367929], [121.2546966, 24.9367441], [121.2548505, 24.9366746], [121.2556109, 24.9363456], [121.2556556, 24.9363249], [121.2556861, 24.9363125], [121.2559063, 24.9362084], [121.2563014, 24.9360327], [121.2572737, 24.9355944]]}}, {"type": "Feature", "properties": {"county": "桃園市", "district": "大溪區", "highway": "primary", "name": "中正路三段"}, "geometry": {"type": "LineString", "coordinates": [[121.3523921, 24.9036024], [121.3520593, 24.9035728], [121.3517126, 24.9035156], [121.351186, 24.9033923], [121.3505284, 24.9032298], [121.3503979, 24.9031884], [121.3502656, 24.9031465], [121.3497793, 24.9029214], [121.3496439, 24.902877], [121.3495186, 24.9028637], [121.3493697, 24.9028813], [121.3492603, 24.9029318], [121.3489385, 24.9031203], [121.348107, 24.9036045], [121.3478401, 24.903748], [121.3476028, 24.9039268], [121.3472648, 24.9042577], [121.347061, 24.9044705], [121.3469215, 24.9045751], [121.3468363, 24.9046268], [121.3467337, 24.9046567], [121.3466419, 24.9046645], [121.3465728, 24.9046615], [121.3464668, 24.9046396], [121.3460296, 24.90449], [121.345571, 24.9043112], [121.3453376, 24.90422], [121.3451099, 24.9041331], [121.3446472, 24.9039538]]}}, {"type": "Feature", "properties": {"county": "桃園市", "district": "大溪區", "highway": "motorway_link", "name": "三鶯交流道"}, "geometry": {"type": "LineString", "coordinates": [[121.3575835, 24.9397423], [121.35763, 24.9396624], [121.357692, 24.939535], [121.3577312, 24.9394258], [121.3577534, 24.939304], [121.3577554, 24.9391804], [121.3576414, 24.9383577]]}}, {"type": "Feature", "properties": {"county": "桃園市", "district": "大溪區", "highway": "residential", "name": null}, "geometry": {"type": "LineString", "coordinates": [[121.3560991, 24.936702], [121.356151, 24.9365989]]}}, {"type": "Feature", "properties": {"county": "桃園市", "district": "大溪區", "highway": "secondary", "name": "豐德路"}, "geometry": {"type": "LineString", "coordinates": [[121.2822106, 24.9247961], [121.282344, 24.9247959], [121.2839809, 24.9247756], [121.2846079, 24.9247673], [121.2846675, 24.9247678], [121.2847599, 24.9247686]]}}, {"type": "Feature", "properties": {"county": "桃園市", "district": "大溪區", "highway": "secondary", "name": "豐德路"}, "geometry": {"type": "LineString", "coordinates": [[121.2961407, 24.9247313], [121.2959736, 24.9247789], [121.2953171, 24.9249762]]}}, {"type": "Feature", "properties": {"county": "桃園市", "district": "大溪區", "highway": "residential", "name": "仁和七街"}, "geometry": {"type": "LineString", "coordinates": [[121.2757074, 24.8938684], [121.2751217, 24.894144], [121.274815, 24.8942826], [121.2746655, 24.8943625], [121.2743482, 24.894532], [121.2742603, 24.8952054], [121.2740455, 24.8965452], [121.27402, 24.8967351], [121.2739355, 24.897246], [121.2739303, 24.8973065], [121.2739389, 24.8973742], [121.273953, 24.8974199], [121.274136, 24.8977309], [121.2742928, 24.8979705], [121.2745532, 24.8984029], [121.2746424, 24.898549], [121.274833, 24.898847], [121.2749023, 24.8989177], [121.2749606, 24.8989629]]}}, {"type": "Feature", "properties": {"county": "桃園市", "district": "大溪區", "highway": "unclassified", "name": "仁和八街"}, "geometry": {"type": "LineString", "coordinates": [[121.2740472, 24.8924317], [121.2736026, 24.8928289], [121.2733236, 24.8930552], [121.2732995, 24.893116], [121.2732968, 24.893189], [121.2735281, 24.8934824], [121.2735722, 24.8935384], [121.2739246, 24.8939854], [121.2743482, 24.894532]]}}, {"type": "Feature", "properties": {"county": "桃園市", "district": "大溪區", "highway": "residential", "name": "介壽路二段933巷"}, "geometry": {"type": "LineString", "coordinates": [[121.298453, 24.9355607], [121.2976713, 24.9353122], [121.2975976, 24.9352941], [121.2975003, 24.9352633], [121.2973675, 24.9352382]]}}, {"type": "Feature", "properties": {"county": "桃園市", "district": "大溪區", "highway": "secondary", "name": "仁和路二段"}, "geometry": {"type": "LineString", "coordinates": [[121.2590995, 24.9078759], [121.259173, 24.9078207], [121.2595054, 24.9075721], [121.2600606, 24.9071569], [121.2603928, 24.9069093], [121.2609068, 24.9065302], [121.2609399, 24.9065058], [121.2614807, 24.9061069]]}}, {"type": "Feature", "properties": {"county": "桃園市", "district": "大溪區", "highway": "secondary", "name": "龍南路"}, "geometry": {"type": "LineString", "coordinates": [[121.2443208, 24.9253881], [121.2446421, 24.9250305], [121.2449076, 24.9247654], [121.2450725, 24.9246426], [121.2453869, 24.9245133], [121.2458437, 24.9243214], [121.2465746, 24.9240144], [121.2466417, 24.9239876], [121.2469113, 24.9238631], [121.2474154, 24.9236404], [121.2477641, 24.9234843], [121.2479089, 24.9234168], [121.2481688, 24.9233139], [121.2482735, 24.9232725], [121.2486912, 24.9231121], [121.248744, 24.9230958], [121.2491154, 24.9229688], [121.249285, 24.9229131], [121.2501057, 24.9226465], [121.2511031, 24.9220659], [121.2514214, 24.9218653], [121.2516399, 24.9216735], [121.2517381, 24.9215719], [121.25223, 24.9210532], [121.2523645, 24.9209024], [121.2524347, 24.9208237], [121.2526099, 24.9206272], [121.252742, 24.9204791], [121.2527924, 24.9204217], [121.2529917, 24.9201946]]}}, {"type": "Feature", "properties": {"county": "桃園市", "district": "大溪區", "highway": "tertiary", "name": "龍東路"}, "geometry": {"type": "LineString", "coordinates": [[121.2444172, 24.9257292], [121.2446159, 24.9258198], [121.2451644, 24.9260764], [121.2452163, 24.9261016], [121.2456093, 24.9262927], [121.2457635, 24.9263677], [121.2459614, 24.9264639], [121.2466993, 24.9268228], [121.2474125, 24.927162], [121.2492474, 24.9280347], [121.2498576, 24.9283156], [121.2499816, 24.9283829], [121.2505647, 24.9286698], [121.2518673, 24.9292848], [121.2519337, 24.9293165], [121.2524228, 24.9295455], [121.2527504, 24.9296927], [121.2529389, 24.9297782], [121.2531337, 24.9298766], [121.2532526, 24.9299367], [121.2534587, 24.9300408], [121.2536028, 24.9301223], [121.2536811, 24.9301666], [121.2538783, 24.9302979], [121.254231, 24.9305995], [121.2543329, 24.9307357]]}}, {"type": "Feature", "properties": {"county": "桃園市", "district": "大溪區", "highway": "residential", "name": "龍昌路"}, "geometry": {"type": "LineString", "coordinates": [[121.2493332, 24.9336017], [121.2493464, 24.9338152], [121.2493835, 24.9341651], [121.2494268, 24.9346166], [121.2494381, 24.9346803]]}}, {"type": "Feature", "properties": {"county": "桃園市", "district": "大溪區", "highway": "tertiary", "name": "崁頂路"}, "geometry": {"type": "LineString", "coordinates": [[121.2661909, 24.9549607], [121.2662805, 24.9545656], [121.2663293, 24.9543604], [121.2664252, 24.9541222], [121.2665356, 24.953881], [121.2666266, 24.953628], [121.2666997, 24.9533914], [121.2667347, 24.9532271], [121.2667582, 24.952941], [121.2667727, 24.9522821], [121.2667752, 24.9514911], [121.2667937, 24.9509849], [121.2667971, 24.9506161], [121.26678, 24.9503268], [121.2667478, 24.9500071], [121.2666541, 24.9493571], [121.2665743, 24.9485828], [121.2665389, 24.9483401], [121.2664511, 24.9480588], [121.2663582, 24.9479032], [121.2660186, 24.9472779], [121.2654626, 24.9452992], [121.2649847, 24.9437129], [121.2644088, 24.9416835], [121.2642545, 24.94115], [121.2640639, 24.9406215], [121.2639008, 24.9401692], [121.2632172, 24.9375071], [121.2624372, 24.9359814], [121.2622871, 24.9356933], [121.2621716, 24.9355205], [121.2620345, 24.9353831], [121.261898, 24.9352802], [121.2605637, 24.9343494], [121.2604198, 24.9342004]]}}, {"type": "Feature", "properties": {"county": "桃園市", "district": "大溪區", "highway": "residential", "name": "龍美路"}, "geometry": {"type": "LineString", "coordinates": [[121.2535189, 24.9265162], [121.2534834, 24.9262988], [121.2534762, 24.9261051], [121.2529618, 24.9245715], [121.252831, 24.9242833], [121.2526341, 24.9239699], [121.2523701, 24.9237172], [121.2519466, 24.9233576], [121.2518152, 24.9232406], [121.251686, 24.9231256], [121.2515919, 24.9229648], [121.2514093, 24.9226529], [121.2512144, 24.9222701], [121.2511335, 24.9221358], [121.2511031, 24.9220659]]}}, {"type": "Feature", "properties": {"county": "桃園市", "district": "大溪區", "highway": "tertiary", "name": "龍東路"}, "geometry": {"type": "LineString", "coordinates": [[121.2572737, 24.9355944], [121.2574008, 24.9356986], [121.2576598, 24.9361414], [121.2578804, 24.936517], [121.2582024, 24.937133], [121.2585748, 24.9377372], [121.2588363, 24.9381872], [121.2591646, 24.9387105], [121.2593212, 24.9390007], [121.2594295, 24.9392686], [121.2594774, 24.9393955], [121.2595006, 24.9395395], [121.2595118, 24.9398415], [121.2594756, 24.9401873], [121.259434, 24.9403534], [121.2593463, 24.9405597], [121.2590808, 24.9411095], [121.2586565, 24.9419787], [121.2584373, 24.9424081], [121.2582673, 24.9427239], [121.257939, 24.9434179]]}}, {"type": "Feature", "properties": {"county": "桃園市", "district": "大溪區", "highway": "tertiary", "name": "中正路"}, "geometry": {"type": "LineString", "coordinates": [[121.2846538, 24.9308566], [121.2843567, 24.9310161], [121.2842636, 24.9310661], [121.2841448, 24.9310784], [121.2841121, 24.9310742], [121.2835272, 24.9309995], [121.283441, 24.9309793], [121.2834354, 24.9308024], [121.2834202, 24.930713], [121.2833741, 24.9305855], [121.2833056, 24.9304335]]}}, {"type": "Feature", "properties": {"county": "桃園市", "district": "大溪區", "highway": "tertiary", "name": "廣興路"}, "geometry": {"type": "LineString", "coordinates": [[121.2841448, 24.9310784], [121.2843283, 24.9319259], [121.2845874, 24.9331229], [121.2846932, 24.933573], [121.2847227, 24.9337092], [121.2847399, 24.9338361], [121.2847432, 24.9340676], [121.2847254, 24.9342807], [121.2847146, 24.9344254], [121.2846985, 24.9345811], [121.2846784, 24.9348815], [121.2846905, 24.9350299], [121.284727, 24.9353065], [121.2848753, 24.9361129], [121.2849017, 24.9362968], [121.2849983, 24.9370094], [121.2850037, 24.9370511], [121.2850358, 24.9372977], [121.2850653, 24.9375238], [121.2852088, 24.938628], [121.2852506, 24.9389802], [121.285237, 24.9391339], [121.2852169, 24.9392774], [121.2851987, 24.9394061], [121.2851477, 24.9396476], [121.285121, 24.9397904], [121.2850385, 24.9403743], [121.2850023, 24.9405457], [121.2845396, 24.9420719], [121.2845227, 24.9421284], [121.2844975, 24.9422123], [121.2842969, 24.9428817], [121.2841831, 24.9432418], [121.2841199, 24.9433888], [121.2839039, 24.9438558], [121.2838651, 24.9439835], [121.2838254, 24.944267], [121.2837832, 24.9445683], [121.2837511, 24.9448476], [121.2836974, 24.945315], [121.2836907, 24.945693], [121.2837189, 24.9464968], [121.2838342, 24.9482599], [121.2839013, 24.9491123], [121.2839656, 24.9500437], [121.2839804, 24.9503745], [121.2839857, 24.9505629], [121.283975, 24.9506894], [121.283806, 24.9526519], [121.2837792, 24.9529073], [121.283739, 24.9533973], [121.2836706, 24.9540429], [121.2836342, 24.9543156], [121.2835566, 24.954494], [121.2834788, 24.9546187], [121.2832481, 24.9549865], [121.2823161, 24.956459], [121.2822895, 24.9565047], [121.2815221, 24.9578232]]}}, {"type": "Feature", "properties": {"county": "桃園市", "district": "大溪區", "highway": "residential", "name": "龍門街"}, "geometry": {"type": "LineString", "coordinates": [[121.2488385, 24.9302001], [121.2484261, 24.9301465], [121.2480975, 24.9301015], [121.2475365, 24.9300238], [121.2472641, 24.929986], [121.2467391, 24.9298307], [121.246161, 24.9296688], [121.2459866, 24.9296179], [121.2456847, 24.9295197], [121.2455107, 24.9294638], [121.2453358, 24.9294112], [121.2451291, 24.929349], [121.2441944, 24.9290678], [121.243714, 24.9289032], [121.2434232, 24.9288273], [121.2428962, 24.9288148], [121.2421988, 24.928737], [121.2417324, 24.9286036], [121.2416488, 24.9285753]]}}, {"type": "Feature", "properties": {"county": "桃園市", "district": "大溪區", "highway": "residential", "name": null}, "geometry": {"type": "LineString", "coordinates": [[121.2489695, 24.931554], [121.2490014, 24.9317363], [121.2490601, 24.9320545], [121.2492478, 24.9330371], [121.2492486, 24.9330461], [121.2492524, 24.9330859], [121.2493332, 24.9336017]]}}, {"type": "Feature", "properties": {"county": "桃園市", "district": "大溪區", "highway": "motorway_link", "name": "大溪交流道"}, "geometry": {"type": "LineString", "coordinates": [[121.2650438, 24.8913539], [121.2651872, 24.8912097], [121.2652487, 24.891115], [121.2652986, 24.8910144], [121.2653387, 24.8908868], [121.2653542, 24.8907887], [121.2653476, 24.8906591], [121.2653132, 24.8905576], [121.2652533, 24.8904485], [121.2651843, 24.8903724], [121.2650745, 24.8902886], [121.264965, 24.8902415], [121.2648313, 24.8902121], [121.2647074, 24.8902082], [121.2645634, 24.8902409], [121.2644385, 24.8903047], [121.2643237, 24.8904031], [121.2642588, 24.8905133], [121.2642293, 24.8905944], [121.264221, 24.8906932], [121.2642432, 24.8908237], [121.2642853, 24.8909569], [121.2644919, 24.8914233]]}}, {"type": "Feature", "properties": {"county": "桃園市", "district": "大溪區", "highway": "primary_link", "name": null}, "geometry": {"type": "LineString", "coordinates": [[121.2614086, 24.8981604], [121.2615737, 24.8981446], [121.2618312, 24.8981174]]}}, {"type": "Feature", "properties": {"county": "桃園市", "district": "大溪區", "highway": "primary", "name": "快速路"}, "geometry": {"type": "LineString", "coordinates": [[121.261632, 24.8982255], [121.2610772, 24.8982676], [121.2606123, 24.8983444], [121.2604535, 24.8983537], [121.2601313, 24.8983767], [121.258503, 24.8984904], [121.2580883, 24.8985199], [121.2578469, 24.8986393], [121.2578024, 24.8986451], [121.2575063, 24.8986649], [121.2569715, 24.8986748], [121.2568528, 24.8986563], [121.2566954, 24.8986403]]}}, {"type": "Feature", "properties": {"county": "桃園市", "district": "大溪區", "highway": "tertiary", "name": "慈康路"}, "geometry": {"type": "LineString", "coordinates": [[121.2862922, 24.8733826], [121.2864102, 24.8732561], [121.2865805, 24.8729264], [121.287644, 24.8708312], [121.2879833, 24.8701375], [121.2880437, 24.8700025], [121.2880772, 24.8698735], [121.2880571, 24.8697859], [121.2879672, 24.8696934], [121.2876776, 24.8694781], [121.2874147, 24.8693041], [121.2872565, 24.8690303], [121.287176, 24.8688125], [121.2870982, 24.8686251], [121.2870607, 24.8685095], [121.2870352, 24.8682771], [121.2870285, 24.8681762], [121.2870499, 24.8679571], [121.2870392, 24.867844], [121.2869963, 24.86767], [121.2868275, 24.8673551], [121.2867097, 24.8671489], [121.2866214, 24.8669192], [121.2863646, 24.8662027], [121.2860266, 24.8655006], [121.2859596, 24.8652402], [121.2859274, 24.8649908], [121.2859586, 24.8647065], [121.2859797, 24.8645138], [121.2859918, 24.8642924], [121.2859703, 24.8639504], [121.2859314, 24.8638604], [121.2858241, 24.8636681], [121.2857101, 24.8631972], [121.2855961, 24.8625621], [121.2855921, 24.8623686], [121.2857229, 24.861318], [121.2858945, 24.8600999], [121.2859066, 24.8598213], [121.2858932, 24.8597069], [121.2858556, 24.8595535], [121.2856397, 24.8592858], [121.2854292, 24.8590096], [121.2852883, 24.858737], [121.285008, 24.8581238], [121.2847734, 24.8576054], [121.2846246, 24.8573478], [121.2845009, 24.8570768], [121.284442, 24.8568353], [121.2843949, 24.8566056], [121.2844093, 24.8564038], [121.2844522, 24.8562846], [121.2845233, 24.8561653], [121.28464, 24.8559949], [121.2847955, 24.8557741], [121.2848532, 24.8555721], [121.284927, 24.8553421], [121.2850745, 24.8550275], [121.2852005, 24.8547343], [121.285222, 24.8545316], [121.2852488, 24.8542828], [121.2852817, 24.8542213], [121.2853447, 24.8541173], [121.2854299, 24.8539439], [121.2854486, 24.853782], [121.2854419, 24.8536981], [121.2853709, 24.8535435], [121.2853347, 24.8533939], [121.285277, 24.8530324], [121.2852663, 24.8526576], [121.2852368, 24.8523777], [121.2852502, 24.8520492], [121.2852408, 24.8514647], [121.2851952, 24.850838], [121.2851724, 24.8506092], [121.2851389, 24.850238], [121.2851051, 24.8493917]]}}, {"type": "Feature", "properties": {"county": "桃園市", "district": "大溪區", "highway": "tertiary", "name": null}, "geometry": {"type": "LineString", "coordinates": [[121.2827629, 24.8559591], [121.282838, 24.8559371], [121.2831698, 24.8558458], [121.2834112, 24.855728], [121.2836502, 24.8555411], [121.2838273, 24.8554133], [121.2840485, 24.8552478], [121.2841612, 24.855137], [121.2842497, 24.8550093], [121.2843342, 24.8548596], [121.2844039, 24.8546685], [121.2844509, 24.8545079], [121.2845009, 24.8543321], [121.2845675, 24.8541502], [121.2846614, 24.8539932], [121.2847794, 24.8537376], [121.2848492, 24.8535381], [121.2849068, 24.8531547], [121.2849484, 24.8528103], [121.2849538, 24.8525633], [121.2848317, 24.8522919], [121.2848049, 24.8521721], [121.2848264, 24.8520686], [121.2849256, 24.8518782], [121.285031, 24.8515931], [121.2850785, 24.8513795], [121.2850798, 24.8512688], [121.2850653, 24.8511567], [121.2850463, 24.8510461], [121.2850289, 24.850956], [121.2850718, 24.8507845]]}}, {"type": "Feature", "properties": {"county": "桃園市", "district": "大溪區", "highway": "primary", "name": "信義路"}, "geometry": {"type": "LineString", "coordinates": [[121.3330936, 24.8959623], [121.3330601, 24.8961054], [121.3329998, 24.8962515], [121.3329372, 24.8963193], [121.3328524, 24.8963872], [121.3327396, 24.8964236], [121.3326403, 24.8964327], [121.3325186, 24.8964206], [121.3323578, 24.8963497], [121.3322361, 24.8962667], [121.3319458, 24.8960469], [121.3317415, 24.8958808], [121.3315037, 24.8956671], [121.3312972, 24.8954757], [121.3303348, 24.8945987], [121.3298625, 24.8941263], [121.3295767, 24.8938397], [121.3290955, 24.8932908], [121.3288231, 24.8929262], [121.3285719, 24.8926426], [121.328439, 24.8925495], [121.3282638, 24.8924583], [121.3280159, 24.89235], [121.3274744, 24.8921626], [121.3272534, 24.8920907], [121.3269229, 24.8919935], [121.3267755, 24.8919692], [121.326588, 24.8919489], [121.3264618, 24.8919793], [121.3262419, 24.892038], [121.3260163, 24.8921191], [121.3256658, 24.8922487], [121.3254547, 24.8923307], [121.3253902, 24.8923595], [121.3252504, 24.8924219], [121.3251466, 24.8924877], [121.3250417, 24.892589], [121.3249791, 24.892671], [121.3249099, 24.8927885], [121.3247665, 24.8931172], [121.3246179, 24.8934317], [121.3244247, 24.8937106]]}}, {"type": "Feature", "properties": {"county": "桃園市", "district": "大溪區", "highway": "unclassified", "name": null}, "geometry": {"type": "LineString", "coordinates": [[121.3054669, 24.8317696], [121.3055598, 24.8317961]]}}, {"type": "Feature", "properties": {"county": "桃園市", "district": "大溪區", "highway": "unclassified", "name": null}, "geometry": {"type": "LineString", "coordinates": [[121.3054363, 24.8321481], [121.3054382, 24.8320528], [121.3054214, 24.8320109], [121.3053727, 24.8320004], [121.3053114, 24.8320385]]}}, {"type": "Feature", "properties": {"county": "桃園市", "district": "大溪區", "highway": "primary", "name": "復興路一段"}, "geometry": {"type": "LineString", "coordinates": [[121.2919621, 24.8402473], [121.2921873, 24.840119], [121.292359, 24.8400316], [121.2926191, 24.8399729], [121.2933191, 24.8399275], [121.2939039, 24.8399097], [121.2940957, 24.8399177], [121.2943398, 24.8399587], [121.294799, 24.8400758], [121.2954354, 24.8402381], [121.2956929, 24.840281], [121.2959075, 24.8402596], [121.296165, 24.8401737], [121.2966974, 24.8398961], [121.2971306, 24.8396587], [121.2974739, 24.8395085], [121.2977314, 24.8394442], [121.2981847, 24.8393902], [121.2985294, 24.8393108], [121.2988257, 24.8391867], [121.2993407, 24.8389506], [121.2995124, 24.8388219], [121.2996626, 24.8386288], [121.299727, 24.8385215], [121.2998557, 24.8381567], [121.299963, 24.837985], [121.3001132, 24.8378563], [121.3002205, 24.8378134], [121.3004136, 24.8377919], [121.3009501, 24.8377919], [121.3011646, 24.8377705], [121.3020015, 24.8374057], [121.3021088, 24.8373413], [121.3022161, 24.837234], [121.3025218, 24.8364343], [121.3025218, 24.8362841], [121.3024882, 24.8361983], [121.3023815, 24.8359774], [121.3023082, 24.8357703], [121.3023081, 24.8357154], [121.3023283, 24.8356275], [121.302417, 24.8354626]]}}, {"type": "Feature", "properties": {"county": "桃園市", "district": "大溪區", "highway": "primary", "name": "百吉隧道"}, "geometry": {"type": "LineString", "coordinates": [[121.302417, 24.8354626], [121.3034995, 24.834344], [121.3042009, 24.8336782], [121.3046689, 24.8332121], [121.3052567, 24.8325252]]}}, {"type": "Feature", "properties": {"county": "桃園市", "district": "大溪區", "highway": "primary", "name": "慈湖路"}, "geometry": {"type": "LineString", "coordinates": [[121.2887303, 24.8809076], [121.2888236, 24.881306], [121.2888818, 24.8815998], [121.2888912, 24.8816755], [121.2889505, 24.8819566], [121.289045, 24.8825714], [121.2890771, 24.8828229], [121.289162, 24.8833169], [121.289219, 24.8836488], [121.2892544, 24.8838633], [121.2892789, 24.8840119], [121.2893575, 24.8844879]]}}, {"type": "Feature", "properties": {"county": "桃園市", "district": "大溪區", "highway": "primary", "name": "復興路一段"}, "geometry": {"type": "LineString", "coordinates": [[121.2849855, 24.8481131], [121.285195, 24.8484029], [121.28538, 24.8486143], [121.2854956, 24.8487126], [121.2855591, 24.8487593], [121.2856581, 24.8487951], [121.2857379, 24.8488078], [121.2857781, 24.8488062], [121.2861246, 24.8487923]]}}, {"type": "Feature", "properties": {"county": "桃園市", "district": "大溪區", "highway": "unclassified", "name": "承恩路"}, "geometry": {"type": "LineString", "coordinates": [[121.2870026, 24.8233217], [121.2869167, 24.823544], [121.2869167, 24.8236942], [121.2869401, 24.8238005], [121.2870455, 24.8239946], [121.2871528, 24.8241234], [121.2876678, 24.8245311], [121.2879682, 24.8247886], [121.2880499, 24.824851], [121.2881288, 24.8249114], [121.2883329, 24.8250675], [121.2887192, 24.8253679], [121.2894487, 24.8257327], [121.2899208, 24.8258829], [121.2900496, 24.8259258], [121.290307, 24.8259258], [121.2906209, 24.8259048], [121.2908569, 24.8258834], [121.2912432, 24.8259477], [121.2914148, 24.8259692], [121.2915007, 24.8259477], [121.2916509, 24.8259048], [121.291964, 24.8256348], [121.292225, 24.8253775], [121.2924162, 24.8252073], [121.2927667, 24.825068], [121.2931529, 24.8249607], [121.2932817, 24.8248963], [121.2935515, 24.8247069], [121.2936686, 24.8247021], [121.2937953, 24.8246813], [121.2942781, 24.8246825], [121.2944337, 24.8247124], [121.2945262, 24.8247485], [121.2948481, 24.8250036], [121.2949983, 24.825068], [121.295127, 24.8250894], [121.2955776, 24.8251109], [121.2956635, 24.8251109], [121.2957922, 24.8250894], [121.2960363, 24.8249918], [121.2961436, 24.8249943], [121.2961874, 24.8250197], [121.296228, 24.8250433], [121.2965861, 24.8253898], [121.2967726, 24.8255159], [121.2970892, 24.8256401], [121.2973839, 24.8258198], [121.2975303, 24.8259263], [121.2977019, 24.8260979], [121.2980831, 24.8265755], [121.2985938, 24.8271831], [121.2987001, 24.8273152], [121.2989116, 24.8275781], [121.299212, 24.8278356], [121.2992428, 24.8278536], [121.2994695, 24.8279858], [121.3002674, 24.8283049], [121.3003278, 24.8283291], [121.3008641, 24.828527]]}}, {"type": "Feature", "properties": {"county": "桃園市", "district": "大溪區", "highway": "unclassified", "name": null}, "geometry": {"type": "LineString", "coordinates": [[121.2425439, 24.8123588], [121.2428007, 24.812349], [121.2431298, 24.812369], [121.2433999, 24.8123885], [121.2438378, 24.8122795], [121.2441382, 24.8122366], [121.2443877, 24.8122334], [121.2445056, 24.8122512], [121.2445566, 24.812288], [121.2445847, 24.8123394], [121.2447124, 24.8129487], [121.2449086, 24.8129844], [121.2458574, 24.8131294], [121.2460483, 24.8132649], [121.2462323, 24.8135357], [121.2464579, 24.8137585], [121.2467868, 24.8141173], [121.2476714, 24.8154624], [121.2484941, 24.8167185]]}}, {"type": "Feature", "properties": {"county": "桃園市", "district": "大溪區", "highway": "unclassified", "name": "民富街"}, "geometry": {"type": "LineString", "coordinates": [[121.2390605, 24.8192907], [121.2393742, 24.8192479], [121.2395228, 24.81924], [121.2396556, 24.8192412], [121.2402537, 24.819324], [121.2404077, 24.8193247], [121.2404984, 24.8193192], [121.240594, 24.8193055], [121.2410343, 24.8192503], [121.2411219, 24.8191938], [121.2417084, 24.8188489], [121.2422081, 24.8185658], [121.2426087, 24.8183517], [121.2427372, 24.8182195], [121.2429955, 24.8179451], [121.2431097, 24.8178109], [121.2431991, 24.8176663], [121.243291, 24.8174813], [121.243412, 24.8172218], [121.2434531, 24.8170723], [121.2434898, 24.8169097], [121.2435025, 24.8168363], [121.2435029, 24.8167791], [121.2435031, 24.8167449]]}}, {"type": "Feature", "properties": {"county": "桃園市", "district": "大溪區", "highway": "unclassified", "name": null}, "geometry": {"type": "LineString", "coordinates": [[121.2425439, 24.8123588], [121.2423071, 24.8132224], [121.2422844, 24.8134121], [121.2423342, 24.81355], [121.2424263, 24.8137532], [121.2426149, 24.8140287], [121.2428079, 24.8141765], [121.2429637, 24.8142874], [121.2432362, 24.8145971]]}}, {"type": "Feature", "properties": {"county": "桃園市", "district": "大溪區", "highway": "unclassified", "name": "東龍街579巷"}, "geometry": {"type": "LineString", "coordinates": [[121.2464886, 24.8944248], [121.247082, 24.8942851], [121.2476117, 24.8942563], [121.2477206, 24.8942504], [121.2486022, 24.8942864], [121.2487948, 24.8943169], [121.2502428, 24.8943938]]}}, {"type": "Feature", "properties": {"county": "桃園市", "district": "大溪區", "highway": "tertiary", "name": "成福路"}, "geometry": {"type": "LineString", "coordinates": [[121.3533207, 24.8141814], [121.3534158, 24.8141406], [121.3534606, 24.8141147], [121.3535028, 24.8140778], [121.3536195, 24.8139963], [121.3536517, 24.8139628], [121.3537121, 24.8138788], [121.3537429, 24.8138252], [121.3539012, 24.8134564], [121.3539789, 24.8132434], [121.35405, 24.8130145], [121.3540648, 24.8129731], [121.3540903, 24.812922], [121.354152, 24.8128015], [121.3541734, 24.8127698], [121.3543089, 24.8126238], [121.3543612, 24.8125605], [121.3543799, 24.8125361], [121.354392, 24.8124886], [121.3543934, 24.8124387], [121.3543786, 24.8123949], [121.3543343, 24.8123401], [121.3542418, 24.8122488], [121.354097, 24.812132], [121.3540621, 24.8121003], [121.3540339, 24.8120662], [121.3539897, 24.8119859], [121.3539562, 24.8118995], [121.353932, 24.8118593], [121.353881, 24.8117972], [121.3537657, 24.8116876], [121.3536477, 24.8115866], [121.3535324, 24.8114953], [121.353476, 24.811432], [121.3534532, 24.8113797], [121.3534492, 24.8113115], [121.3534707, 24.8111812], [121.3535391, 24.8109646], [121.3535632, 24.8108696], [121.3535753, 24.8107881], [121.3535753, 24.8107211], [121.3535471, 24.8105823], [121.3535136, 24.8104448], [121.3535029, 24.8103766], [121.3535136, 24.8103023], [121.3535377, 24.8102524], [121.3535873, 24.8102086], [121.3536517, 24.810194], [121.3537268, 24.8101976], [121.3538234, 24.8102342], [121.3539709, 24.8103157], [121.3540272, 24.8103364], [121.3540476, 24.8103402], [121.3540728, 24.8103449], [121.3541198, 24.8103401], [121.3541761, 24.8103121], [121.3542619, 24.8102524], [121.3543558, 24.8101611], [121.3544685, 24.8100723], [121.354506, 24.8100491], [121.3545824, 24.8100224], [121.354903, 24.8099262], [121.3552289, 24.80983], [121.3553643, 24.8097911], [121.3554448, 24.8097911], [121.3555226, 24.809802], [121.3556164, 24.8098422], [121.3556754, 24.8098836], [121.3557224, 24.8099481], [121.3557412, 24.8100041], [121.3557291, 24.8100637], [121.3556862, 24.8101343], [121.3556231, 24.8101867], [121.3555561, 24.8102086], [121.3549405, 24.8102841], [121.3548078, 24.8103072], [121.3547407, 24.8103352], [121.3546951, 24.810379], [121.3546763, 24.8104241], [121.354679, 24.8104642], [121.3547018, 24.8105032], [121.3547461, 24.8105361], [121.354801, 24.8105555], [121.3549016, 24.8105616], [121.3550304, 24.8105446], [121.3552061, 24.8105075], [121.3553053, 24.810488], [121.3553777, 24.8104831], [121.3554823, 24.810488], [121.3555977, 24.8105099], [121.3556996, 24.8105488], [121.3557747, 24.8105951], [121.3558632, 24.8106681], [121.3559866, 24.8108313], [121.356641, 24.8117175], [121.3571292, 24.812387], [121.3571748, 24.8124186], [121.3572499, 24.8124405], [121.3573056, 24.8124405], [121.3574162, 24.812404], [121.357494, 24.8123626], [121.3575825, 24.812292], [121.3576361, 24.8122312], [121.3578668, 24.8118027], [121.3579687, 24.8116116], [121.3580948, 24.8114424], [121.3581672, 24.8113766], [121.3582611, 24.8113206], [121.3583724, 24.8112792], [121.3585937, 24.8112135], [121.3587385, 24.8111745], [121.3588968, 24.8111039], [121.3589659, 24.8110638], [121.3590811, 24.8109553], [121.3591573, 24.8108696], [121.3595745, 24.8104486], [121.3596022, 24.8104198], [121.3597122, 24.8103346], [121.3598007, 24.8102713], [121.3599133, 24.8102104], [121.3600179, 24.8101763], [121.3601225, 24.8101642], [121.3602057, 24.810169], [121.3603425, 24.810208], [121.3604793, 24.8102835], [121.3606, 24.8103736], [121.3606751, 24.8104393], [121.3607556, 24.8105537], [121.3607743, 24.810617], [121.3607931, 24.8107217], [121.3608146, 24.8107972], [121.360836, 24.8108434], [121.3608736, 24.810897], [121.3609245, 24.8109384], [121.3610318, 24.8109822], [121.3613322, 24.8110796], [121.3615602, 24.8111624], [121.3616139, 24.8111892], [121.3616702, 24.8112403], [121.3617158, 24.8112987], [121.361748, 24.8113596], [121.3618123, 24.8115884], [121.3618606, 24.8117272], [121.3618901, 24.8117905], [121.3619357, 24.8118343], [121.3619974, 24.811866], [121.3620779, 24.8118733], [121.3621423, 24.8118514], [121.3621932, 24.8118124], [121.3623863, 24.8115738], [121.3624722, 24.8114911], [121.3625392, 24.8114472], [121.3632929, 24.8110845], [121.3633627, 24.8110626], [121.3634968, 24.8110358], [121.3640654, 24.810936], [121.364178, 24.8109043], [121.3642746, 24.8108678], [121.3643283, 24.8108313], [121.3646957, 24.8105245], [121.3655165, 24.8098111], [121.365554, 24.8097844], [121.365605, 24.8097698], [121.3656667, 24.8097625], [121.3658947, 24.8097746], [121.3664445, 24.8098306], [121.3665196, 24.809855], [121.3666162, 24.8098964], [121.3666993, 24.8099572], [121.366753, 24.8100108], [121.3668066, 24.810096], [121.3668576, 24.8101885], [121.3668817, 24.8102689], [121.3668817, 24.8103443], [121.3668495, 24.8105148], [121.3666883, 24.8109537], [121.3666403, 24.8110845], [121.3665518, 24.8114034], [121.3665464, 24.8114813], [121.3665599, 24.8115568], [121.3665867, 24.8116298], [121.366643, 24.8116956], [121.3667744, 24.8118051], [121.366879, 24.8118733], [121.3670722, 24.8119658], [121.3672277, 24.8120145], [121.3675254, 24.8120948], [121.3682657, 24.8122555], [121.3685527, 24.812292], [121.368888, 24.8123018], [121.3691106, 24.8123091], [121.3692206, 24.8123261], [121.3693011, 24.8123432], [121.3693628, 24.8123699], [121.3694164, 24.8124113], [121.3694754, 24.8124819], [121.3695478, 24.8126426], [121.3695988, 24.8127911], [121.3696712, 24.8130029], [121.369741, 24.8131344], [121.3698214, 24.813261], [121.3699009, 24.8133572], [121.3699341, 24.8133973], [121.370044, 24.813485], [121.3702398, 24.8135945], [121.3703927, 24.813653], [121.3708728, 24.8138137], [121.3709453, 24.8138453], [121.3709935, 24.8138794], [121.3710365, 24.8139305], [121.3710794, 24.8140157], [121.3711008, 24.8140985], [121.3711089, 24.814342], [121.3711089, 24.8145124], [121.3711196, 24.8145854], [121.3711491, 24.8146585], [121.3712162, 24.8148021], [121.3713476, 24.8150042], [121.3717633, 24.815642], [121.3719377, 24.8159074], [121.3720181, 24.816051], [121.372045, 24.8161192], [121.372045, 24.8161873], [121.3720316, 24.8162506], [121.3720181, 24.8162969], [121.3719806, 24.8163529], [121.371927, 24.8164113], [121.371876, 24.8164576], [121.3716614, 24.8165939], [121.3714978, 24.8166864], [121.3714549, 24.8167327], [121.3714281, 24.8167838], [121.3714334, 24.8168641], [121.3714737, 24.8169567], [121.3715219, 24.81702], [121.3715783, 24.8170784], [121.371656, 24.8171198], [121.3717392, 24.8171368], [121.3718572, 24.8171319], [121.3723829, 24.81711], [121.3724929, 24.81711], [121.372568, 24.8171271], [121.3726431, 24.8171636], [121.3727128, 24.8172196], [121.3727692, 24.8172975], [121.3727879, 24.8173437], [121.3727906, 24.8174022], [121.3727584, 24.8175677], [121.3727289, 24.8176943], [121.3727262, 24.8177503], [121.3727397, 24.817799], [121.3728148, 24.8178915], [121.3728818, 24.8179499], [121.3730562, 24.8180911], [121.3731259, 24.8181423], [121.3731876, 24.8181642], [121.3732707, 24.8181642], [121.3738125, 24.8180522], [121.3738796, 24.8180157], [121.3739332, 24.8179718], [121.3739896, 24.8179037], [121.3740432, 24.817816], [121.3740808, 24.8177333], [121.3741156, 24.8176383], [121.3741478, 24.8175775], [121.37418, 24.8175361], [121.3742176, 24.8175093], [121.3742658, 24.8174923], [121.3743222, 24.8174898], [121.3744214, 24.8174996], [121.3745823, 24.8175336], [121.3746709, 24.8175409], [121.3747406, 24.8175409], [121.3748586, 24.8175215], [121.3749418, 24.8174996], [121.3750655, 24.8174584], [121.3751322, 24.8174363], [121.3752207, 24.8174168], [121.3752851, 24.8174095], [121.3753307, 24.8174168], [121.3753843, 24.817446], [121.3754272, 24.8174849], [121.3754701, 24.8175385], [121.3754916, 24.8175848], [121.3755184, 24.817743], [121.3756257, 24.8186024], [121.3756472, 24.8188702], [121.3756579, 24.8190747], [121.375674, 24.8191745], [121.3756847, 24.8192573], [121.3756847, 24.8193279], [121.375674, 24.8194277], [121.3755935, 24.8200192], [121.3755546, 24.8202444], [121.3755439, 24.8203662], [121.37556, 24.8204635], [121.3756458, 24.8206778], [121.3758711, 24.8211306], [121.3759945, 24.8212815], [121.3761179, 24.8213837], [121.376252, 24.821447], [121.3764612, 24.8214909], [121.376767, 24.8214811], [121.3773839, 24.8214081], [121.3776414, 24.8213497], [121.3778238, 24.8212961], [121.3779096, 24.8212523], [121.3779847, 24.8211695], [121.3781027, 24.8209407], [121.37821, 24.8206729], [121.3782583, 24.8206047], [121.3783334, 24.8205512], [121.3784353, 24.8205366], [121.3785533, 24.8205366], [121.3788001, 24.8205853], [121.3789503, 24.8206242], [121.3792132, 24.8207605], [121.3793526, 24.8208336], [121.3796209, 24.8209553], [121.3797657, 24.8210186], [121.3798569, 24.8211062], [121.3799052, 24.8211987], [121.3799074, 24.8212436], [121.3799105, 24.8213058], [121.3798837, 24.8214178], [121.3798247, 24.821559], [121.379755, 24.8216467], [121.379063, 24.8221433], [121.3789181, 24.8222796], [121.3788377, 24.8223916], [121.3788162, 24.8224744], [121.3788377, 24.8225961], [121.3789128, 24.8227227], [121.3794009, 24.8232923], [121.3795243, 24.8233994], [121.3796799, 24.8235163], [121.3798086, 24.8235796], [121.3801466, 24.8237208], [121.3804899, 24.8238912], [121.3807313, 24.8240032], [121.380844, 24.8240811], [121.381257, 24.8244852], [121.3814072, 24.824641], [121.3815091, 24.8247335], [121.3816111, 24.824787], [121.3821904, 24.8249769], [121.3824801, 24.8250645], [121.3826303, 24.8251181], [121.3827108, 24.8251717], [121.3827591, 24.825269], [121.3827805, 24.8253372], [121.3827591, 24.8254054], [121.382464, 24.8257462], [121.3823728, 24.8258241], [121.3822763, 24.8258776], [121.3820349, 24.8259847], [121.3818203, 24.8260967], [121.3816433, 24.8262233], [121.381316, 24.8264813], [121.3811712, 24.8266469], [121.3809727, 24.826939], [121.3806938, 24.8274794], [121.3806079, 24.827718], [121.3805972, 24.8278056], [121.3806401, 24.8279468], [121.3807367, 24.8281123], [121.380844, 24.8282146], [121.381021, 24.8283119], [121.3818203, 24.8285846], [121.3819168, 24.8285846], [121.3820724, 24.8285505], [121.3821743, 24.8284969], [121.3822763, 24.8283947], [121.3823798, 24.8282685], [121.3824747, 24.8281464], [121.3825498, 24.8280296], [121.3826142, 24.8279614], [121.3827322, 24.8279078], [121.3828824, 24.827903], [121.3830112, 24.8279225], [121.3834779, 24.8281561], [121.3841216, 24.8284969], [121.3843416, 24.8286138], [121.3844864, 24.8286625], [121.384642, 24.8286722], [121.3848995, 24.8286527], [121.3851409, 24.8285894], [121.3853608, 24.8285018], [121.3855539, 24.8283996], [121.3856666, 24.828346], [121.3857846, 24.8283265], [121.3859187, 24.8283363], [121.3860367, 24.8283801], [121.3868146, 24.8287696], [121.3871353, 24.8289654], [121.3873459, 24.8291406], [121.3874887, 24.8292885], [121.3875417, 24.8293694], [121.3875658, 24.8294254], [121.3875698, 24.8295119], [121.3875484, 24.8295776], [121.3875001, 24.8296519], [121.3873969, 24.8297687], [121.3868966, 24.8303517], [121.3868228, 24.830488], [121.3867812, 24.8306681], [121.3867692, 24.8309201], [121.386792, 24.8313089], [121.3867933, 24.831525], [121.3867638, 24.8317076], [121.3867103, 24.8319267], [121.3866436, 24.8322194], [121.3865869, 24.8325863], [121.3865877, 24.8326398], [121.3866389, 24.8327445], [121.3866955, 24.8328225], [121.386772, 24.8328979], [121.3868604, 24.832949], [121.3871273, 24.8330318], [121.3878086, 24.8332496], [121.3879844, 24.8333297], [121.3881602, 24.8334219], [121.3883968, 24.8335549], [121.3886012, 24.833689], [121.3887246, 24.8338144], [121.3888345, 24.8339361], [121.3889417, 24.8340797], [121.3890593, 24.8342544], [121.3891065, 24.8343095], [121.3891725, 24.8343596], [121.3892704, 24.8344077], [121.3894594, 24.8344874], [121.3896753, 24.8345787], [121.3897645, 24.8346009], [121.3898725, 24.8346195], [121.3900012, 24.8346128], [121.39014, 24.8345852], [121.3902306, 24.8345495], [121.3903272, 24.8344948], [121.390472, 24.8343694], [121.3907858, 24.8340992], [121.3909414, 24.833969], [121.3910246, 24.8339288], [121.3911197, 24.8339075], [121.3912231, 24.8339139], [121.3913022, 24.8339446], [121.39138, 24.8339945], [121.391456, 24.8340499], [121.3915997, 24.8341692], [121.3921403, 24.8345815], [121.3922999, 24.8347381], [121.3923576, 24.8348282], [121.3924, 24.8349563], [121.3924182, 24.8350553], [121.3924246, 24.8353722], [121.3924357, 24.8356651], [121.392438, 24.8357532], [121.3924555, 24.8360453], [121.3924917, 24.836285], [121.3925588, 24.8363872], [121.392662, 24.8364871], [121.3927731, 24.8366191], [121.3928713, 24.8367342], [121.3929598, 24.8368619], [121.3930376, 24.8370141], [121.3930844, 24.8372246], [121.3930791, 24.8373775], [121.3930286, 24.8375536], [121.3928947, 24.8377402], [121.3925857, 24.838137], [121.3924581, 24.8382372], [121.3923469, 24.8382944], [121.3921412, 24.8383665], [121.3917936, 24.8384928], [121.3914143, 24.8387554], [121.3910299, 24.8390193], [121.3907979, 24.839195], [121.3904319, 24.839612], [121.3899685, 24.8401271], [121.3898042, 24.8403188], [121.3897281, 24.8404724], [121.3897279, 24.840524], [121.3897472, 24.8406123], [121.3898121, 24.8407103], [121.3899275, 24.8408149], [121.3901434, 24.8409378], [121.3905934, 24.8411514], [121.3909575, 24.8412871], [121.3914221, 24.8414222], [121.3920048, 24.8415718], [121.3924206, 24.8416242], [121.3925273, 24.8416266], [121.3929651, 24.8416364], [121.3931797, 24.8416534], [121.3932789, 24.8416814], [121.3934077, 24.8417544], [121.394085, 24.8423021], [121.3944833, 24.8425565], [121.3949139, 24.8427487], [121.3951667, 24.8428244], [121.3953557, 24.8428436], [121.3956298, 24.8428574], [121.3958931, 24.8428504], [121.3964202, 24.8428278], [121.396629, 24.8428035], [121.3967577, 24.8427748], [121.3968812, 24.8427219], [121.3972084, 24.8425329], [121.3974982, 24.8423682]]}}, {"type": "Feature", "properties": {"county": "桃園市", "district": "大溪區", "highway": "unclassified", "name": "月湖路"}, "geometry": {"type": "LineString", "coordinates": [[121.2870526, 24.8880931], [121.2871116, 24.8881697], [121.2870875, 24.8882707], [121.2869695, 24.8883887], [121.2866127, 24.8887719], [121.2868988, 24.8890139], [121.2871635, 24.8892378], [121.2873477, 24.8893939], [121.2875003, 24.8895257], [121.2879402, 24.889899], [121.2879628, 24.8899182], [121.2880605, 24.8899992], [121.288939, 24.8907271], [121.2891862, 24.8909319], [121.2902348, 24.8918447], [121.2904588, 24.8921306], [121.2911831, 24.8928346], [121.2918647, 24.8935287], [121.2920954, 24.8937945], [121.2932333, 24.8949333], [121.2935306, 24.8952516]]}}, {"type": "Feature", "properties": {"county": "桃園市", "district": "大溪區", "highway": "unclassified", "name": null}, "geometry": {"type": "LineString", "coordinates": [[121.2875089, 24.8888691], [121.2876887, 24.8890277], [121.2878504, 24.8891682], [121.2882955, 24.8895297]]}}, {"type": "Feature", "properties": {"county": "桃園市", "district": "大溪區", "highway": "residential", "name": null}, "geometry": {"type": "LineString", "coordinates": [[121.2862501, 24.8875132], [121.2863667, 24.8875629]]}}, {"type": "Feature", "properties": {"county": "桃園市", "district": "大溪區", "highway": "residential", "name": "和平路"}, "geometry": {"type": "LineString", "coordinates": [[121.2891694, 24.8846238], [121.288991, 24.8845655], [121.2886613, 24.8846567], [121.2881304, 24.884817], [121.2880137, 24.8848924], [121.2874107, 24.8852185], [121.2866591, 24.8856685], [121.2863598, 24.8858581], [121.2862296, 24.8859327], [121.285977, 24.8861473], [121.2857232, 24.8863165]]}}, {"type": "Feature", "properties": {"county": "桃園市", "district": "大溪區", "highway": "residential", "name": "登龍路"}, "geometry": {"type": "LineString", "coordinates": [[121.2874107, 24.8852185], [121.2872646, 24.8848725], [121.2872416, 24.8848231], [121.2866042, 24.8834507], [121.2863677, 24.8829555]]}}, {"type": "Feature", "properties": {"county": "桃園市", "district": "大溪區", "highway": "residential", "name": "榮民南路"}, "geometry": {"type": "LineString", "coordinates": [[121.257939, 24.9434179], [121.2578403, 24.9433385], [121.257751, 24.9430399], [121.2575445, 24.9423703], [121.2574299, 24.9421429], [121.2572628, 24.9418175], [121.2572253, 24.9417506], [121.2570379, 24.9414141], [121.256993, 24.9413125], [121.2563679, 24.9399079], [121.2563601, 24.9398897], [121.2561715, 24.9394386], [121.2561324, 24.9392829], [121.2561066, 24.9392173], [121.2560286, 24.9390185], [121.2551998, 24.9378714], [121.2547983, 24.9372832], [121.2545373, 24.9369357], [121.2544809, 24.9368607]]}}, {"type": "Feature", "properties": {"county": "桃園市", "district": "大溪區", "highway": "unclassified", "name": "僑愛一街"}, "geometry": {"type": "LineString", "coordinates": [[121.2924368, 24.9213813], [121.2929088, 24.9218659], [121.293244, 24.92221], [121.293776, 24.922718], [121.294423, 24.923372], [121.2946773, 24.9236812], [121.294883, 24.9240572], [121.2950393, 24.9243844], [121.2952381, 24.9248004]]}}, {"type": "Feature", "properties": {"county": "桃園市", "district": "大溪區", "highway": "tertiary", "name": "永忠街"}, "geometry": {"type": "LineString", "coordinates": [[121.2992711, 24.9325874], [121.2992864, 24.9324924], [121.2992985, 24.9323441], [121.2993079, 24.9322075], [121.2993266, 24.9319367], [121.2993334, 24.9318491], [121.2993427, 24.9316569], [121.2993472, 24.9315486], [121.2993535, 24.9313979], [121.2993597, 24.9312346], [121.2993629, 24.9311498], [121.2993669, 24.9309565], [121.2993521, 24.93092], [121.2993226, 24.9308945], [121.2993239, 24.9308459], [121.2993299, 24.9307493], [121.2993449, 24.9305063]]}}, {"type": "Feature", "properties": {"county": "桃園市", "district": "大溪區", "highway": "residential", "name": "介壽路二段1233巷"}, "geometry": {"type": "LineString", "coordinates": [[121.2971755, 24.9303581], [121.2975698, 24.9303882], [121.2977498, 24.9303972], [121.2978869, 24.9304043], [121.2982548, 24.9304275], [121.2987974, 24.9304622], [121.2993449, 24.9305063], [121.3002935, 24.9305758], [121.3004104, 24.9305812], [121.3008049, 24.9305843], [121.3013861, 24.9306266], [121.3015015, 24.9305744]]}}, {"type": "Feature", "properties": {"county": "桃園市", "district": "大溪區", "highway": "unclassified", "name": "永福路"}, "geometry": {"type": "LineString", "coordinates": [[121.2494357, 24.8435343], [121.249525, 24.843571], [121.249696, 24.8436027], [121.2500628, 24.8436075], [121.2502405, 24.8435911], [121.2503746, 24.8435467], [121.2508534, 24.8432826], [121.251454, 24.8428996], [121.2523514, 24.8423273], [121.2529951, 24.8418575], [121.2538172, 24.8414011], [121.2541284, 24.841266], [121.2542515, 24.8412478], [121.25456, 24.8412344], [121.2547813, 24.8412077], [121.2549207, 24.8411943], [121.2549824, 24.841221], [121.2551434, 24.8413196], [121.2552636, 24.8413797], [121.2553933, 24.8414446], [121.2555135, 24.841473], [121.2558045, 24.841507], [121.2558938, 24.8415295], [121.2561249, 24.8417554], [121.2563059, 24.8418698], [121.2564373, 24.842022], [121.2566492, 24.8424491], [121.2567377, 24.8425636], [121.2574593, 24.843312], [121.2575558, 24.8433765], [121.2576269, 24.8433923], [121.2577503, 24.8433606], [121.2579018, 24.8432815], [121.258677, 24.8427655], [121.2589023, 24.8426463], [121.2591169, 24.8425635]]}}, {"type": "Feature", "properties": {"county": "桃園市", "district": "大溪區", "highway": "unclassified", "name": null}, "geometry": {"type": "LineString", "coordinates": [[121.3058554, 24.8297973], [121.3057579, 24.8298942], [121.3056817, 24.8300674], [121.3053276, 24.8303367], [121.3051122, 24.8305684], [121.3046964, 24.8309169], [121.3046466, 24.8309986], [121.3045934, 24.831159], [121.3045362, 24.8313848]]}}, {"type": "Feature", "properties": {"county": "桃園市", "district": "大溪區", "highway": "unclassified", "name": "龍行橋"}, "geometry": {"type": "LineString", "coordinates": [[121.3045362, 24.8313848], [121.3044035, 24.8316361]]}}, {"type": "Feature", "properties": {"county": "桃園市", "district": "大溪區", "highway": "primary", "name": null}, "geometry": {"type": "LineString", "coordinates": [[121.2864176, 24.8488155], [121.2863151, 24.8490289], [121.2862293, 24.8491667], [121.2861164, 24.8492838], [121.2860118, 24.8493401], [121.2858913, 24.8493951], [121.2857783, 24.8494084], [121.2854961, 24.8494039]]}}, {"type": "Feature", "properties": {"county": "桃園市", "district": "大溪區", "highway": "unclassified", "name": null}, "geometry": {"type": "LineString", "coordinates": [[121.2464579, 24.8137585], [121.2467186, 24.8137526], [121.2469863, 24.813928], [121.2473873, 24.814251], [121.2475675, 24.8143624], [121.247682, 24.8143786], [121.2479536, 24.8143967]]}}, {"type": "Feature", "properties": {"county": "桃園市", "district": "大溪區", "highway": "residential", "name": null}, "geometry": {"type": "LineString", "coordinates": [[121.356151, 24.9365989], [121.3564499, 24.9360726]]}}, {"type": "Feature", "properties": {"county": "桃園市", "district": "大溪區", "highway": "residential", "name": "中正二路"}, "geometry": {"type": "LineString", "coordinates": [[121.28123, 24.927212], [121.2822159, 24.9273528]]}}, {"type": "Feature", "properties": {"county": "桃園市", "district": "大溪區", "highway": "residential", "name": "興豐路"}, "geometry": {"type": "LineString", "coordinates": [[121.280992, 24.9291506], [121.2808818, 24.9291718], [121.2798124, 24.9292699], [121.2796425, 24.9292884], [121.2795422, 24.9293025], [121.2794819, 24.929311], [121.279102, 24.9292195]]}}, {"type": "Feature", "properties": {"county": "桃園市", "district": "大溪區", "highway": "residential", "name": "長興二路"}, "geometry": {"type": "LineString", "coordinates": [[121.2801166, 24.9346929], [121.2800984, 24.9344237], [121.2800984, 24.9343086], [121.2800984, 24.9332435], [121.2800959, 24.9331214], [121.2800938, 24.9330176], [121.2800984, 24.932054], [121.2800891, 24.9319287], [121.2800938, 24.931805], [121.2800892, 24.9311687], [121.2800946, 24.9310248]]}}, {"type": "Feature", "properties": {"county": "桃園市", "district": "大溪區", "highway": "residential", "name": "豐德一路"}, "geometry": {"type": "LineString", "coordinates": [[121.2874859, 24.9285313], [121.2875228, 24.9276906], [121.2875302, 24.9275873], [121.2875415, 24.9274302], [121.2875901, 24.9267521], [121.2875984, 24.9266373], [121.2876042, 24.926556], [121.287695, 24.9252908], [121.2877041, 24.9251652], [121.2877168, 24.9249871]]}}, {"type": "Feature", "properties": {"county": "桃園市", "district": "大溪區", "highway": "residential", "name": "興豐路"}, "geometry": {"type": "LineString", "coordinates": [[121.279102, 24.9292195], [121.2792431, 24.9291551], [121.2793934, 24.9291163], [121.2795232, 24.9290921], [121.2796368, 24.9290824], [121.2798356, 24.9290533], [121.2808872, 24.9289772], [121.2809876, 24.9289739]]}}, {"type": "Feature", "properties": {"county": "桃園市", "district": "大溪區", "highway": "residential", "name": "中正北路"}, "geometry": {"type": "LineString", "coordinates": [[121.2834003, 24.9344185], [121.2833987, 24.9342914], [121.2833961, 24.9339471], [121.2833961, 24.933841], [121.2833961, 24.9337165], [121.2834001, 24.9332717], [121.2834001, 24.9331287], [121.2833955, 24.9329858], [121.2833953, 24.9329285], [121.2833936, 24.932325], [121.2833928, 24.9320564], [121.2833909, 24.9319235], [121.2833929, 24.9317729], [121.2834022, 24.9310679], [121.283441, 24.9309793]]}}, {"type": "Feature", "properties": {"county": "桃園市", "district": "大溪區", "highway": "residential", "name": "中正路"}, "geometry": {"type": "LineString", "coordinates": [[121.2827584, 24.9290792], [121.2826033, 24.9287617], [121.2822284, 24.9278488], [121.2822138, 24.9277857], [121.2822067, 24.9277169], [121.28221, 24.9276248], [121.2822123, 24.9274427], [121.2822159, 24.9273528], [121.2822123, 24.9272283], [121.2821984, 24.9259419], [121.2821984, 24.9257749]]}}, {"type": "Feature", "properties": {"county": "桃園市", "district": "大溪區", "highway": "residential", "name": "豐田六路"}, "geometry": {"type": "LineString", "coordinates": [[121.2884373, 24.9318699], [121.2885735, 24.9318639], [121.2891291, 24.9318685], [121.2892603, 24.9318637], [121.2894081, 24.9318777], [121.2898835, 24.9319505], [121.2906276, 24.9320645], [121.2907469, 24.9320884], [121.2908697, 24.9321129], [121.2914668, 24.9322351], [121.2915794, 24.9322546], [121.2916927, 24.9322743], [121.2919809, 24.9323342]]}}, {"type": "Feature", "properties": {"county": "桃園市", "district": "大溪區", "highway": "residential", "name": "廣興二路"}, "geometry": {"type": "LineString", "coordinates": [[121.2790023, 24.9331144], [121.2791394, 24.9331121], [121.279967, 24.9331237], [121.2800959, 24.9331214], [121.2802275, 24.933119], [121.2807785, 24.933126], [121.2809881, 24.9331286], [121.281207, 24.9331234], [121.2814402, 24.9331144], [121.2818785, 24.9331201], [121.2823851, 24.9331267], [121.2825189, 24.9331256], [121.2826641, 24.9331244], [121.2828014, 24.9331254], [121.2832618, 24.9331287], [121.2834001, 24.9331287], [121.2835431, 24.9331287], [121.2844326, 24.933126], [121.2845874, 24.9331229]]}}, {"type": "Feature", "properties": {"county": "桃園市", "district": "大溪區", "highway": "residential", "name": "中正一路"}, "geometry": {"type": "LineString", "coordinates": [[121.2831623, 24.9301447], [121.2829761, 24.9301683], [121.2824804, 24.9301964], [121.2814535, 24.9301883], [121.2812094, 24.9301864], [121.280991, 24.9301847], [121.2807167, 24.9301826], [121.2798009, 24.9301797], [121.2797292, 24.9301764], [121.279677, 24.9301471], [121.2796509, 24.9301079], [121.2796476, 24.9300427], [121.2796449, 24.929517], [121.2796425, 24.9292884], [121.2796368, 24.9290824]]}}, {"type": "Feature", "properties": {"county": "桃園市", "district": "大溪區", "highway": "residential", "name": "廣興三路"}, "geometry": {"type": "LineString", "coordinates": [[121.2798093, 24.9344245], [121.2800984, 24.9344237], [121.2802368, 24.9344239], [121.2807591, 24.9344354], [121.2809868, 24.9344353], [121.2812059, 24.9344331], [121.281453, 24.93444], [121.2824095, 24.9344319], [121.2825249, 24.9344308], [121.2826654, 24.9344296], [121.2832734, 24.9344244], [121.2834003, 24.9344185], [121.2835108, 24.9344221], [121.2845899, 24.9344206], [121.2847146, 24.9344254]]}}, {"type": "Feature", "properties": {"county": "桃園市", "district": "大溪區", "highway": "residential", "name": "長興一路"}, "geometry": {"type": "LineString", "coordinates": [[121.2825148, 24.9360463], [121.2825145, 24.9359409], [121.2825193, 24.9354487], [121.2825191, 24.9353436], [121.282522, 24.9352216], [121.2825254, 24.934562], [121.2825249, 24.9344308], [121.2825248, 24.9342774], [121.2825235, 24.9332535], [121.2825189, 24.9331256], [121.2825235, 24.9329953], [121.2825206, 24.9323207], [121.2825195, 24.9320554], [121.2825149, 24.9319226], [121.2825149, 24.9317914], [121.2825113, 24.9316216], [121.2824961, 24.9309059], [121.2824736, 24.9307424]]}}, {"type": "Feature", "properties": {"county": "桃園市", "district": "大溪區", "highway": "residential", "name": "建興街"}, "geometry": {"type": "LineString", "coordinates": [[121.2863338, 24.9292497], [121.2863311, 24.9297036], [121.2863299, 24.9297894], [121.2863521, 24.9302886], [121.2863634, 24.9303185], [121.2865223, 24.9306439], [121.2866693, 24.9309192], [121.2867392, 24.9310501], [121.2868569, 24.9313052], [121.2868778, 24.9313714], [121.2869538, 24.9316118], [121.2869655, 24.9316527], [121.2870569, 24.931971], [121.2871386, 24.9322755], [121.2873296, 24.9328788], [121.2876194, 24.9338068], [121.2876992, 24.9340625], [121.2877179, 24.9341225], [121.2877246, 24.9341579], [121.2877301, 24.9341914], [121.2877234, 24.9342169], [121.2876924, 24.9342494], [121.2875262, 24.9343212], [121.2872956, 24.9344312]]}}, {"type": "Feature", "properties": {"county": "桃園市", "district": "大溪區", "highway": "residential", "name": "豐德二路"}, "geometry": {"type": "LineString", "coordinates": [[121.2858639, 24.9247833], [121.2858557, 24.9249806], [121.2858406, 24.9251118], [121.2857332, 24.92643], [121.2857252, 24.9265414], [121.2857048, 24.9266819], [121.2856642, 24.9273861], [121.2856561, 24.9274886], [121.2856452, 24.9275911], [121.2856351, 24.9277422], [121.285587, 24.9283593], [121.2855956, 24.928399]]}}, {"type": "Feature", "properties": {"county": "桃園市", "district": "大溪區", "highway": "residential", "name": "長興路"}, "geometry": {"type": "LineString", "coordinates": [[121.2847056, 24.9301575], [121.2846184, 24.93017], [121.2844271, 24.9301815], [121.2843238, 24.9301806], [121.2841574, 24.9301792], [121.2840121, 24.9301746], [121.2838646, 24.9302091], [121.2837677, 24.9302483], [121.2836732, 24.9302944], [121.2834242, 24.9303959], [121.2833056, 24.9304335]]}}, {"type": "Feature", "properties": {"county": "桃園市", "district": "大溪區", "highway": "residential", "name": "豐田七街"}, "geometry": {"type": "LineString", "coordinates": [[121.2892523, 24.9327819], [121.2891071, 24.9328248], [121.2889177, 24.9328855], [121.2887955, 24.9329017], [121.2887679, 24.9328786], [121.2887519, 24.9328529], [121.2887469, 24.9328377], [121.2886844, 24.9326469], [121.2886223, 24.9324574], [121.2885754, 24.9323142], [121.2884764, 24.9319951], [121.2884373, 24.9318699]]}}, {"type": "Feature", "properties": {"county": "桃園市", "district": "大溪區", "highway": "tertiary", "name": "建德路"}, "geometry": {"type": "LineString", "coordinates": [[121.2809852, 24.9360466], [121.2809858, 24.9354728], [121.280986, 24.9353224], [121.2809861, 24.9351631], [121.2809867, 24.9345762], [121.2809868, 24.9344353], [121.2809869, 24.9343024], [121.2809879, 24.9332819], [121.2809881, 24.9331286], [121.2809882, 24.9329852], [121.2809891, 24.9320755], [121.2809893, 24.9319235], [121.2809894, 24.9318049], [121.2809901, 24.9311366], [121.28099, 24.9309901]]}}, {"type": "Feature", "properties": {"county": "桃園市", "district": "大溪區", "highway": "tertiary", "name": "建德路"}, "geometry": {"type": "LineString", "coordinates": [[121.2812088, 24.9309816], [121.2812086, 24.9311333], [121.2812081, 24.9317886], [121.281208, 24.9319235], [121.2812078, 24.9320527], [121.281207, 24.9330276], [121.281207, 24.9331234], [121.2812068, 24.9332493], [121.281206, 24.9342828], [121.2812059, 24.9344331], [121.2812058, 24.9345404], [121.2812053, 24.9351174], [121.2812051, 24.9353252], [121.281205, 24.9354369], [121.2812046, 24.9358967], [121.2812045, 24.9360466]]}}, {"type": "Feature", "properties": {"county": "桃園市", "district": "大溪區", "highway": "residential", "name": "豐田路"}, "geometry": {"type": "LineString", "coordinates": [[121.2891644, 24.9370453], [121.2891537, 24.9369383], [121.2892134, 24.9367673], [121.2891856, 24.9364158], [121.2891905, 24.9362799], [121.2891986, 24.9361126], [121.2892182, 24.9356073], [121.2892239, 24.9355025], [121.2892308, 24.9353716], [121.2892375, 24.9351721], [121.2892375, 24.9350432], [121.2892443, 24.9349095], [121.2892541, 24.9345379], [121.2892714, 24.9343717], [121.2892858, 24.9341622], [121.2893072, 24.933804], [121.2893099, 24.9336356], [121.2893059, 24.9335249], [121.2893046, 24.9334118], [121.2892856, 24.933199], [121.2892721, 24.9330471], [121.2892643, 24.9329594], [121.2892523, 24.9327819], [121.2892415, 24.9326676], [121.2892248, 24.9324003], [121.2892295, 24.9322079], [121.2892456, 24.9320084], [121.2892603, 24.9318637], [121.2892704, 24.9317438], [121.2893193, 24.9311243], [121.2893279, 24.9310083], [121.2893356, 24.9309059], [121.2894266, 24.9300115], [121.2894759, 24.9297521]]}}, {"type": "Feature", "properties": {"county": "桃園市", "district": "大溪區", "highway": "residential", "name": "仁德一路"}, "geometry": {"type": "LineString", "coordinates": [[121.2855431, 24.9358683], [121.2855675, 24.9359875], [121.2856257, 24.9362765], [121.2856677, 24.9363147], [121.2857818, 24.9363278], [121.2871707, 24.936481], [121.2873262, 24.9365017], [121.287513, 24.9365267], [121.288051, 24.9365788], [121.2883068, 24.9365017], [121.2884748, 24.9364582], [121.2890813, 24.9363115], [121.2891905, 24.9362799], [121.289329, 24.9362398], [121.290581, 24.935917], [121.2906853, 24.9358942], [121.2907753, 24.9354728], [121.2909008, 24.9349715], [121.2910571, 24.9343204], [121.2910994, 24.9341629], [121.291458, 24.9327219], [121.2914802, 24.9326429], [121.2915037, 24.9325588], [121.2915794, 24.9322546]]}}, {"type": "Feature", "properties": {"county": "桃園市", "district": "大溪區", "highway": "residential", "name": "豐田八街"}, "geometry": {"type": "LineString", "coordinates": [[121.2885922, 24.9338206], [121.289153, 24.9335728], [121.2893059, 24.9335249]]}}, {"type": "Feature", "properties": {"county": "桃園市", "district": "大溪區", "highway": "residential", "name": "埔頂路一段357巷772弄"}, "geometry": {"type": "LineString", "coordinates": [[121.2719902, 24.9202599], [121.2720217, 24.920255], [121.2722966, 24.920301], [121.2734232, 24.9205323], [121.2737008, 24.9205968], [121.2738744, 24.9206649], [121.2740052, 24.9207366], [121.274429, 24.9210054], [121.2751054, 24.9214626], [121.2758386, 24.9219098], [121.2759676, 24.9219923], [121.2760829, 24.9220758], [121.2764011, 24.9223478], [121.2770331, 24.9229002]]}}, {"type": "Feature", "properties": {"county": "桃園市", "district": "大溪區", "highway": "tertiary", "name": "仁德路"}, "geometry": {"type": "LineString", "coordinates": [[121.2809852, 24.9360466], [121.2812045, 24.9360466], [121.2814535, 24.9360466], [121.2824025, 24.9360464], [121.2825148, 24.9360463]]}}, {"type": "Feature", "properties": {"county": "桃園市", "district": "大溪區", "highway": "tertiary_link", "name": null}, "geometry": {"type": "LineString", "coordinates": [[121.2847831, 24.9245967], [121.2849426, 24.9246245], [121.2855531, 24.9247074], [121.2857861, 24.9247755]]}}, {"type": "Feature", "properties": {"county": "桃園市", "district": "大溪區", "highway": "residential", "name": "仁德二路"}, "geometry": {"type": "LineString", "coordinates": [[121.286725, 24.9353267], [121.286795, 24.9354537], [121.287275, 24.9363767], [121.2873262, 24.9365017]]}}, {"type": "Feature", "properties": {"county": "桃園市", "district": "大溪區", "highway": "residential", "name": "廣興五街"}, "geometry": {"type": "LineString", "coordinates": [[121.284727, 24.9353065], [121.2845963, 24.935309], [121.2841276, 24.9353183], [121.2834431, 24.9353318], [121.2826561, 24.9353464], [121.2825191, 24.9353436], [121.282374, 24.9353406], [121.2814575, 24.9353286], [121.2812051, 24.9353252], [121.280986, 24.9353224], [121.280838, 24.935311], [121.2807239, 24.9352327], [121.2801577, 24.9347298], [121.2801166, 24.9346929], [121.2798093, 24.9344245], [121.2797375, 24.9343601], [121.279022, 24.9337297], [121.2790025, 24.9336677], [121.2789992, 24.9336058], [121.2789992, 24.9332276], [121.2790023, 24.9331144]]}}, {"type": "Feature", "properties": {"county": "桃園市", "district": "大溪區", "highway": "residential", "name": "豐田一路"}, "geometry": {"type": "LineString", "coordinates": [[121.2845197, 24.9262964], [121.2846687, 24.9263135], [121.2849259, 24.9263275], [121.2851598, 24.9263901], [121.2855689, 24.9265048], [121.2857252, 24.9265414], [121.2858647, 24.92655], [121.2865923, 24.9265906], [121.2874656, 24.9266275], [121.2875984, 24.9266373], [121.287692, 24.9266408], [121.2882796, 24.9266692], [121.2892555, 24.9267164], [121.290073, 24.9267559], [121.2902984, 24.9267497], [121.2910394, 24.926783], [121.2912824, 24.9267865], [121.2919588, 24.9268384], [121.2922, 24.9268515], [121.2922815, 24.9268678]]}}, {"type": "Feature", "properties": {"county": "桃園市", "district": "大溪區", "highway": "residential", "name": "仁德三路"}, "geometry": {"type": "LineString", "coordinates": [[121.2892239, 24.9355025], [121.2907753, 24.9354728]]}}, {"type": "Feature", "properties": {"county": "桃園市", "district": "大溪區", "highway": "residential", "name": "中興街"}, "geometry": {"type": "LineString", "coordinates": [[121.2833952, 24.9275156], [121.283378, 24.9268588], [121.283364, 24.9265262], [121.2833461, 24.9261498], [121.2833514, 24.9257703]]}}, {"type": "Feature", "properties": {"county": "桃園市", "district": "大溪區", "highway": "residential", "name": "建國路91巷"}, "geometry": {"type": "LineString", "coordinates": [[121.2845874, 24.9331229], [121.2850983, 24.9329578], [121.2854549, 24.9328407], [121.2859002, 24.9326944], [121.2859672, 24.932661]]}}, {"type": "Feature", "properties": {"county": "桃園市", "district": "大溪區", "highway": "residential", "name": "豐田二路"}, "geometry": {"type": "LineString", "coordinates": [[121.2856561, 24.9274886], [121.2857988, 24.9274917], [121.2873633, 24.9275798], [121.2875302, 24.9275873], [121.2876503, 24.9275896], [121.2880523, 24.9276089], [121.2889383, 24.9276515], [121.2897248, 24.9276893], [121.2898657, 24.927707]]}}, {"type": "Feature", "properties": {"county": "桃園市", "district": "大溪區", "highway": "residential", "name": "仁德五路"}, "geometry": {"type": "LineString", "coordinates": [[121.2879581, 24.9354211], [121.2880771, 24.9353595], [121.2891139, 24.9350595], [121.2892375, 24.9350432], [121.2909008, 24.9349715]]}}, {"type": "Feature", "properties": {"county": "桃園市", "district": "大溪區", "highway": "residential", "name": "長興路38巷"}, "geometry": {"type": "LineString", "coordinates": [[121.2836732, 24.9302944], [121.2837239, 24.930359], [121.2838553, 24.9304489], [121.283966, 24.9305042], [121.2840398, 24.9305872], [121.2841297, 24.9307186], [121.2841965, 24.93088], [121.2842357, 24.9309884], [121.2842636, 24.9310661]]}}, {"type": "Feature", "properties": {"county": "桃園市", "district": "大溪區", "highway": "residential", "name": "興仁路"}, "geometry": {"type": "LineString", "coordinates": [[121.2821984, 24.9257749], [121.2833514, 24.9257703], [121.2846005, 24.9257653]]}}, {"type": "Feature", "properties": {"county": "桃園市", "district": "大溪區", "highway": "residential", "name": "興豐路聯福巷"}, "geometry": {"type": "LineString", "coordinates": [[121.2930319, 24.9304703], [121.2930671, 24.930199], [121.2930705, 24.9299398], [121.2930488, 24.9296805], [121.2930295, 24.9294884], [121.2927913, 24.9290129], [121.2926732, 24.9288014], [121.2925942, 24.9286864], [121.2925979, 24.9285899], [121.2926073, 24.9283424]]}}, {"type": "Feature", "properties": {"county": "桃園市", "district": "大溪區", "highway": "unclassified", "name": "介壽路二段1022巷"}, "geometry": {"type": "LineString", "coordinates": [[121.2938127, 24.9323584], [121.2943176, 24.9324668], [121.2951014, 24.9326512], [121.2955639, 24.9327602], [121.2961942, 24.9329233], [121.2970851, 24.9331239], [121.2971272, 24.9331334], [121.2975156, 24.9332208]]}}, {"type": "Feature", "properties": {"county": "桃園市", "district": "大溪區", "highway": "residential", "name": "豐成街"}, "geometry": {"type": "LineString", "coordinates": [[121.2928748, 24.9304401], [121.2927056, 24.9308914], [121.2922358, 24.9321608], [121.2921528, 24.9321746], [121.2916225, 24.9319533]]}}, {"type": "Feature", "properties": {"county": "桃園市", "district": "大溪區", "highway": "residential", "name": "友聯街"}, "geometry": {"type": "LineString", "coordinates": [[121.2903314, 24.9299305], [121.2905574, 24.9290523], [121.2905851, 24.9288079], [121.2906046, 24.928212], [121.290622, 24.9278074], [121.2906523, 24.9275236]]}}, {"type": "Feature", "properties": {"county": "桃園市", "district": "大溪區", "highway": "residential", "name": "瑞發街"}, "geometry": {"type": "LineString", "coordinates": [[121.2975156, 24.9332208], [121.2976409, 24.9332368], [121.2977927, 24.9332702], [121.297965, 24.9333089], [121.2980812, 24.9333337], [121.2981898, 24.9333588], [121.298421, 24.9334123], [121.2985792, 24.9334489], [121.299373, 24.9336613], [121.2997482, 24.9337621], [121.3002487, 24.9338724], [121.300819, 24.9339925]]}}, {"type": "Feature", "properties": {"county": "桃園市", "district": "大溪區", "highway": "unclassified", "name": "竹園街"}, "geometry": {"type": "LineString", "coordinates": [[121.2709556, 24.9327253], [121.2709351, 24.9329687], [121.2709075, 24.9333514], [121.2708798, 24.9336511], [121.2708675, 24.9340108], [121.2708813, 24.9342181], [121.270886, 24.9345929], [121.2709006, 24.9347167], [121.270922, 24.9348335], [121.2709542, 24.9349502], [121.2710132, 24.9350888], [121.2711581, 24.9353831], [121.2713962, 24.9359086], [121.2714193, 24.9360072], [121.2714285, 24.9361133], [121.2714469, 24.9363623], [121.2714934, 24.9365944], [121.2715531, 24.936928], [121.2715977, 24.9371733], [121.2716238, 24.9373167], [121.2716353, 24.9374001], [121.2716406, 24.9375841], [121.2716498, 24.9377547], [121.271636, 24.9378792], [121.2716175, 24.9379714], [121.2715936, 24.9380619], [121.2715463, 24.9381515], [121.2715104, 24.9382118], [121.2713793, 24.9384094]]}}, {"type": "Feature", "properties": {"county": "桃園市", "district": "大溪區", "highway": "primary", "name": "介壽路二段"}, "geometry": {"type": "LineString", "coordinates": [[121.2960695, 24.9245301], [121.2961407, 24.9247313]]}}, {"type": "Feature", "properties": {"county": "桃園市", "district": "大溪區", "highway": "residential", "name": "龍江路"}, "geometry": {"type": "LineString", "coordinates": [[121.2564766, 24.9273311], [121.2564698, 24.9274871], [121.2566052, 24.9277725], [121.256784, 24.9280686], [121.2569201, 24.9282781], [121.2570547, 24.9284942], [121.2571003, 24.9285647], [121.2571895, 24.9286972], [121.257313, 24.9288948], [121.2573861, 24.9290199], [121.2574228, 24.9290801], [121.2575055, 24.9292111], [121.2576848, 24.9294943], [121.2578319, 24.9297892], [121.2579472, 24.9300371], [121.2580297, 24.9302131], [121.258092, 24.9304311], [121.2581457, 24.9306208], [121.2581664, 24.9307379], [121.2581645, 24.9308017], [121.2581259, 24.9309414], [121.2577103, 24.9313461], [121.2574555, 24.9316093], [121.2573091, 24.9317606], [121.257273, 24.9317979], [121.2572364, 24.9318357], [121.2570308, 24.9320481]]}}, {"type": "Feature", "properties": {"county": "桃園市", "district": "大溪區", "highway": "tertiary", "name": "埔頂路一段"}, "geometry": {"type": "LineString", "coordinates": [[121.2742093, 24.9018898], [121.2740189, 24.9014947], [121.2739276, 24.9012575], [121.273904, 24.9011732], [121.2738155, 24.9008396], [121.2737999, 24.9006371], [121.2738151, 24.9004881], [121.2738521, 24.9003565], [121.2738953, 24.9002047], [121.2739495, 24.9000733], [121.2740222, 24.8999642], [121.2740814, 24.8998714], [121.2741951, 24.8997315], [121.2744554, 24.8994252], [121.2745993, 24.8992506], [121.2749023, 24.8989177], [121.2759194, 24.8976449], [121.2759923, 24.8975589], [121.2768437, 24.8965576], [121.2774368, 24.89586], [121.2775914, 24.895687]]}}, {"type": "Feature", "properties": {"county": "桃園市", "district": "大溪區", "highway": "tertiary", "name": "埔頂路二段"}, "geometry": {"type": "LineString", "coordinates": [[121.2821963, 24.9204694], [121.2822376, 24.9205395], [121.2824446, 24.9208903]]}}, {"type": "Feature", "properties": {"county": "桃園市", "district": "大溪區", "highway": "tertiary", "name": "埔頂路二段"}, "geometry": {"type": "LineString", "coordinates": [[121.2821963, 24.9204694], [121.2819707, 24.9201077], [121.2819129, 24.9199739], [121.2818888, 24.9199195], [121.281551, 24.9191589], [121.2815085, 24.919019], [121.2814811, 24.9189339], [121.2814416, 24.9186785], [121.2814055, 24.9182354], [121.2813759, 24.917799], [121.2813473, 24.9174591], [121.281326, 24.9172462], [121.2813108, 24.9170121], [121.2812926, 24.9168904], [121.28125, 24.9166867], [121.2812041, 24.9164075], [121.281174, 24.9162245], [121.2809885, 24.9153122], [121.2809337, 24.9150477], [121.2808881, 24.9148896], [121.2808151, 24.9146129], [121.2808019, 24.9145576], [121.2807787, 24.9144608], [121.2807574, 24.9143179], [121.2807543, 24.9141932], [121.2807574, 24.9140442], [121.2807695, 24.9139556], [121.2807939, 24.9137766], [121.280803, 24.913658], [121.2808212, 24.9134604], [121.280803, 24.9133114], [121.2807726, 24.9131989], [121.2807148, 24.9130742], [121.2806144, 24.9128248], [121.2803256, 24.9121832], [121.2802969, 24.9121134], [121.2800793, 24.9115842], [121.2798603, 24.9111767], [121.2797174, 24.9109], [121.2796834, 24.9107747], [121.2796387, 24.9106246]]}}, {"type": "Feature", "properties": {"county": "桃園市", "district": "大溪區", "highway": "residential", "name": "龍南路429巷"}, "geometry": {"type": "LineString", "coordinates": [[121.2560029, 24.9185709], [121.2558678, 24.9185596], [121.2556587, 24.9185328], [121.2554842, 24.9185626], [121.2553171, 24.918664], [121.2550633, 24.9188424], [121.2549112, 24.9188977], [121.254736, 24.9189116], [121.2546022, 24.9188701], [121.2545131, 24.91884]]}}, {"type": "Feature", "properties": {"county": "桃園市", "district": "大溪區", "highway": "residential", "name": "龍南路429巷"}, "geometry": {"type": "LineString", "coordinates": [[121.2591267, 24.9190611], [121.2589502, 24.9190314], [121.2580352, 24.9188248], [121.2580096, 24.918819], [121.257756, 24.9187437], [121.2575024, 24.9187041], [121.2571674, 24.9186471], [121.2565066, 24.918535], [121.2563746, 24.9185317], [121.2562735, 24.9185384], [121.2562114, 24.9185547], [121.2560783, 24.9185619], [121.2560029, 24.9185709]]}}, {"type": "Feature", "properties": {"county": "桃園市", "district": "大溪區", "highway": "unclassified", "name": "霄裡路"}, "geometry": {"type": "LineString", "coordinates": [[121.2643376, 24.9333358], [121.2642317, 24.9330835], [121.2641218, 24.9329047], [121.2640636, 24.9326863], [121.26402, 24.9324313], [121.2639763, 24.9323345], [121.2636337, 24.9322979], [121.2634817, 24.9322085], [121.2631908, 24.9319857], [121.262845, 24.9316873], [121.262777, 24.9315973], [121.2626225, 24.9314238], [121.2625907, 24.9313678], [121.2624479, 24.931116], [121.2623413, 24.9308962], [121.262338, 24.9306041], [121.2623498, 24.9305166], [121.2623366, 24.9303108]]}}, {"type": "Feature", "properties": {"county": "桃園市", "district": "大溪區", "highway": "unclassified", "name": "浮筧街"}, "geometry": {"type": "LineString", "coordinates": [[121.2566331, 24.9159047], [121.2563766, 24.9156663], [121.2561777, 24.9155192], [121.2560726, 24.9154611], [121.2560017, 24.9154176], [121.2559185, 24.9153819], [121.255831, 24.9153652], [121.2555764, 24.9151956], [121.2553392, 24.9150764]]}}, {"type": "Feature", "properties": {"county": "桃園市", "district": "大溪區", "highway": "secondary", "name": "長興路"}, "geometry": {"type": "LineString", "coordinates": [[121.2638078, 24.9336204], [121.2638437, 24.9336011], [121.2638701, 24.9335872], [121.2643376, 24.9333358]]}}, {"type": "Feature", "properties": {"county": "桃園市", "district": "大溪區", "highway": "secondary", "name": "長興路"}, "geometry": {"type": "LineString", "coordinates": [[121.2753764, 24.9320539], [121.2759029, 24.9318777], [121.2767067, 24.931592], [121.277248, 24.9314096], [121.2780487, 24.9311398], [121.2781345, 24.9311143], [121.2782921, 24.9310845], [121.2784986, 24.9310656], [121.279308, 24.9310449], [121.2796991, 24.9310309]]}}, {"type": "Feature", "properties": {"county": "桃園市", "district": "大溪區", "highway": "residential", "name": "魚池街"}, "geometry": {"type": "LineString", "coordinates": [[121.2624372, 24.9359814], [121.2627014, 24.9360792], [121.2630152, 24.9361887], [121.2633431, 24.9363972], [121.2635798, 24.9364597]]}}, {"type": "Feature", "properties": {"county": "桃園市", "district": "大溪區", "highway": "unclassified", "name": "員東路56巷"}, "geometry": {"type": "LineString", "coordinates": [[121.2646437, 24.8832816], [121.2652583, 24.8839012], [121.2655144, 24.8841178], [121.2655735, 24.8841117], [121.265607, 24.8840999]]}}, {"type": "Feature", "properties": {"county": "桃園市", "district": "大溪區", "highway": "unclassified", "name": null}, "geometry": {"type": "LineString", "coordinates": [[121.2691269, 24.8579706], [121.2691873, 24.8579303], [121.2693891, 24.8578318]]}}, {"type": "Feature", "properties": {"county": "桃園市", "district": "大溪區", "highway": "tertiary", "name": null}, "geometry": {"type": "LineString", "coordinates": [[121.2895935, 24.9097875], [121.289589, 24.9092579]]}}, {"type": "Feature", "properties": {"county": "桃園市", "district": "大溪區", "highway": "tertiary", "name": "瑞仁路"}, "geometry": {"type": "LineString", "coordinates": [[121.2877978, 24.9041718], [121.2878059, 24.9040511], [121.2878958, 24.9039096], [121.2879822, 24.903808], [121.2880412, 24.903776], [121.2881183, 24.9037192], [121.2882397, 24.9036098], [121.2883015, 24.9035361], [121.288351, 24.9034407], [121.2883698, 24.9032461], [121.2883597, 24.903112], [121.2882894, 24.902824], [121.2882545, 24.9026452], [121.2882572, 24.9024895], [121.2882987, 24.9023033], [121.2883659, 24.9018671], [121.2883659, 24.9016725], [121.2883524, 24.9015771], [121.2883338, 24.901459], [121.2881781, 24.9011032], [121.2881271, 24.9007293], [121.28806, 24.9004422], [121.2879635, 24.9002323], [121.2879433, 24.9001837], [121.287823, 24.8998948], [121.2875886, 24.8993111], [121.2871011, 24.8980969], [121.2867632, 24.8973816], [121.2866874, 24.8972406], [121.2865486, 24.8969826], [121.2864595, 24.8967928], [121.2862241, 24.8962917], [121.2857466, 24.8954791], [121.2856571, 24.895285], [121.2856329, 24.8952108], [121.2855921, 24.8951117]]}}, {"type": "Feature", "properties": {"county": "桃園市", "district": "大溪區", "highway": "tertiary", "name": "介壽路555巷"}, "geometry": {"type": "LineString", "coordinates": [[121.2898478, 24.9140867], [121.2899183, 24.9140187], [121.2899905, 24.9139473], [121.2902005, 24.9136951], [121.290389, 24.9134452], [121.2906189, 24.9131404], [121.2908161, 24.9128921], [121.2909622, 24.912615], [121.2909899, 24.9124486], [121.2909872, 24.912288], [121.2909488, 24.9120968], [121.2908971, 24.9119234], [121.2908064, 24.911711], [121.2906219, 24.9114062], [121.290248, 24.910999], [121.2899368, 24.9106633], [121.2897062, 24.9103713], [121.2896104, 24.9101483], [121.2895935, 24.9097875]]}}, {"type": "Feature", "properties": {"county": "桃園市", "district": "大溪區", "highway": "residential", "name": "隆德街34巷"}, "geometry": {"type": "LineString", "coordinates": [[121.2753077, 24.9007926], [121.2747422, 24.9011252], [121.2746831, 24.9011285], [121.2744708, 24.9008107]]}}, {"type": "Feature", "properties": {"county": "桃園市", "district": "大溪區", "highway": "unclassified", "name": "洪圳路"}, "geometry": {"type": "LineString", "coordinates": [[121.2449003, 24.891902], [121.2452064, 24.8921419], [121.2456397, 24.8926459], [121.2458025, 24.8929329], [121.2460016, 24.893284], [121.2463309, 24.8937467], [121.2463917, 24.8940467], [121.2464886, 24.8944248], [121.2467741, 24.8950107], [121.2469327, 24.8955577], [121.2469702, 24.8960835], [121.2469442, 24.8974896], [121.2469976, 24.8979718], [121.2471131, 24.8990161], [121.247145, 24.8992826], [121.2471126, 24.8999933], [121.2470348, 24.9006721], [121.2470177, 24.9008248], [121.2470204, 24.9009391], [121.2470643, 24.9011606], [121.2472135, 24.9015571], [121.247361, 24.901922], [121.2476731, 24.902723], [121.2477553, 24.9028628], [121.2478881, 24.9030986], [121.2479602, 24.9031828], [121.2480866, 24.9033197], [121.2483153, 24.9035385], [121.2485395, 24.9037205], [121.2485515, 24.9037443], [121.2487121, 24.9039758], [121.2488568, 24.9042994], [121.248918, 24.9043158], [121.25003, 24.9054241], [121.2501488, 24.9055425], [121.250775, 24.906183]]}}, {"type": "Feature", "properties": {"county": "桃園市", "district": "大溪區", "highway": "unclassified", "name": "隆德街"}, "geometry": {"type": "LineString", "coordinates": [[121.2737952, 24.8981834], [121.2734902, 24.898333], [121.2731382, 24.8985056], [121.2730692, 24.8985379]]}}, {"type": "Feature", "properties": {"county": "桃園市", "district": "大溪區", "highway": "unclassified", "name": null}, "geometry": {"type": "LineString", "coordinates": [[121.2432362, 24.8145971], [121.2439378, 24.8156986], [121.2441777, 24.8160563], [121.2444071, 24.8164966], [121.2446121, 24.8169454], [121.2449228, 24.8175964], [121.2452043, 24.8182617], [121.2452529, 24.818741], [121.2454156, 24.8197567], [121.245414, 24.8199498], [121.2453707, 24.8200007], [121.2453028, 24.8200161], [121.2452286, 24.8200093], [121.2451637, 24.8199581], [121.2451124, 24.8196761], [121.2450702, 24.8194818], [121.2450133, 24.8192203], [121.2449248, 24.8188977], [121.2448416, 24.818597], [121.2446335, 24.8180127], [121.2445424, 24.8177962], [121.2443874, 24.8174275], [121.2442988, 24.8172985]]}}, {"type": "Feature", "properties": {"county": "桃園市", "district": "大溪區", "highway": "residential", "name": "石門路"}, "geometry": {"type": "LineString", "coordinates": [[121.2435995, 24.8288145], [121.2438701, 24.8290698], [121.2440222, 24.8293731], [121.2441362, 24.8296603], [121.2441313, 24.8297305], [121.2441268, 24.8297942], [121.2440705, 24.8298709], [121.2434657, 24.830264], [121.2432994, 24.8303346]]}}, {"type": "Feature", "properties": {"county": "桃園市", "district": "大溪區", "highway": "motorway_link", "name": "大溪交流道"}, "geometry": {"type": "LineString", "coordinates": [[121.2657175, 24.8906312], [121.2657917, 24.8907693], [121.2658311, 24.8908994], [121.2658486, 24.8910381], [121.2658413, 24.8911616]]}}, {"type": "Feature", "properties": {"county": "桃園市", "district": "大溪區", "highway": "unclassified", "name": null}, "geometry": {"type": "LineString", "coordinates": [[121.2442988, 24.8172985], [121.2442785, 24.8170892], [121.2442289, 24.8168788], [121.2441817, 24.8167133], [121.2430903, 24.8146741], [121.2429637, 24.8142874]]}}, {"type": "Feature", "properties": {"county": "桃園市", "district": "大溪區", "highway": "unclassified", "name": "二坪路"}, "geometry": {"type": "LineString", "coordinates": [[121.244447, 24.8259049], [121.2440367, 24.8254612], [121.2436273, 24.8251963], [121.2433636, 24.8251288], [121.24317, 24.825049], [121.243014, 24.8248852], [121.2427851, 24.824623], [121.2425749, 24.8243318], [121.2423879, 24.8230846], [121.2423539, 24.8221674], [121.2423539, 24.8217], [121.2423729, 24.8212593], [121.2424042, 24.8209769], [121.2424448, 24.8207009], [121.242486, 24.8205022], [121.2425228, 24.8203952], [121.2425664, 24.8203111], [121.2426395, 24.8202065], [121.242671, 24.8201536], [121.2427935, 24.8199931], [121.242838, 24.819879], [121.2428763, 24.8197889], [121.2429047, 24.8197071], [121.2429322, 24.8196033], [121.2429531, 24.8194574], [121.242982, 24.8193084], [121.243009, 24.8191548], [121.2430342, 24.8190159], [121.2430955, 24.8188858], [121.2431585, 24.8187816], [121.2432345, 24.8186812], [121.2434315, 24.818495], [121.2436111, 24.8182711], [121.2436955, 24.8181658], [121.2440318, 24.8176816], [121.2442988, 24.8172985]]}}, {"type": "Feature", "properties": {"county": "桃園市", "district": "大溪區", "highway": "residential", "name": "龍福路"}, "geometry": {"type": "LineString", "coordinates": [[121.2466417, 24.9239876], [121.2467543, 24.9242236], [121.2468656, 24.9242625], [121.2475032, 24.924374], [121.2478741, 24.9244388], [121.2481799, 24.924541], [121.2490298, 24.9248979], [121.2492448, 24.9249879], [121.2494797, 24.9250851], [121.2501319, 24.9253534]]}}, {"type": "Feature", "properties": {"county": "桃園市", "district": "大溪區", "highway": "residential", "name": "中正一路"}, "geometry": {"type": "LineString", "coordinates": [[121.2535189, 24.9265162], [121.2536073, 24.926503], [121.2537651, 24.9264885], [121.2538705, 24.9264542], [121.2541324, 24.9263563], [121.2544591, 24.9262807], [121.2545681, 24.926263], [121.2547587, 24.9262321], [121.2553246, 24.9261334], [121.2556077, 24.926073], [121.2559701, 24.925958], [121.2560308, 24.9259584], [121.2560545, 24.9259883], [121.2561613, 24.9263293], [121.2562375, 24.9265989], [121.2563559, 24.9269614], [121.2564766, 24.9273311]]}}, {"type": "Feature", "properties": {"county": "桃園市", "district": "大溪區", "highway": "residential", "name": "中山路"}, "geometry": {"type": "LineString", "coordinates": [[121.2564766, 24.9273311], [121.2559245, 24.927462], [121.2555928, 24.9275423], [121.2552748, 24.9276352], [121.2548609, 24.9277882], [121.2544789, 24.927944], [121.2541692, 24.9280778], [121.254127, 24.928096], [121.2534562, 24.9283939], [121.2534106, 24.928462], [121.2534245, 24.9285801]]}}, {"type": "Feature", "properties": {"county": "桃園市", "district": "大溪區", "highway": "residential", "name": "貿一路"}, "geometry": {"type": "LineString", "coordinates": [[121.2516621, 24.9258922], [121.2517661, 24.9253413], [121.2517704, 24.9251864], [121.2517265, 24.9247165], [121.2517506, 24.9242783], [121.2517801, 24.9237529]]}}, {"type": "Feature", "properties": {"county": "桃園市", "district": "大溪區", "highway": "residential", "name": "龍德路"}, "geometry": {"type": "LineString", "coordinates": [[121.2517506, 24.9242783], [121.2514482, 24.9242552], [121.2511223, 24.9242398], [121.2508467, 24.9241542], [121.2505066, 24.9240544]]}}, {"type": "Feature", "properties": {"county": "桃園市", "district": "大溪區", "highway": "residential", "name": "中正一路"}, "geometry": {"type": "LineString", "coordinates": [[121.2515272, 24.926447], [121.2520169, 24.9265212], [121.2522656, 24.9265671], [121.2524844, 24.9266253], [121.2525992, 24.9266338], [121.2528652, 24.9266233], [121.2529395, 24.9266082]]}}, {"type": "Feature", "properties": {"county": "桃園市", "district": "大溪區", "highway": "secondary", "name": "中山東路四段"}, "geometry": {"type": "LineString", "coordinates": [[121.2572737, 24.9355944], [121.2577175, 24.9354], [121.2580281, 24.9352655], [121.2591101, 24.934786], [121.2593638, 24.9346699], [121.2596933, 24.9345208], [121.2603307, 24.9342432]]}}, {"type": "Feature", "properties": {"county": "桃園市", "district": "大溪區", "highway": "residential", "name": "中正路"}, "geometry": {"type": "LineString", "coordinates": [[121.2821984, 24.9257749], [121.2822002, 24.9256287], [121.2822066, 24.9251195], [121.2822079, 24.9250106], [121.2822106, 24.9247961]]}}, {"type": "Feature", "properties": {"county": "桃園市", "district": "大溪區", "highway": "secondary", "name": "中正路"}, "geometry": {"type": "LineString", "coordinates": [[121.2833056, 24.9304335], [121.2831991, 24.9302188], [121.2831623, 24.9301447], [121.2829598, 24.9296436], [121.2828136, 24.9292914], [121.2827584, 24.9290792]]}}, {"type": "Feature", "properties": {"county": "桃園市", "district": "大溪區", "highway": "secondary", "name": "興豐路"}, "geometry": {"type": "LineString", "coordinates": [[121.2827584, 24.9290792], [121.2840481, 24.9291254], [121.2844519, 24.9291428]]}}, {"type": "Feature", "properties": {"county": "桃園市", "district": "大溪區", "highway": "tertiary", "name": "中山路"}, "geometry": {"type": "LineString", "coordinates": [[121.2846005, 24.9257653], [121.2845785, 24.9259028], [121.2845197, 24.9262964], [121.2844927, 24.926537], [121.2844873, 24.9266248], [121.284482, 24.9267331], [121.2844766, 24.9269459], [121.2844685, 24.9276744], [121.2844756, 24.9280096], [121.2844516, 24.9287075], [121.2844519, 24.9291428]]}}, {"type": "Feature", "properties": {"county": "桃園市", "district": "大溪區", "highway": "residential", "name": "平東路282巷"}, "geometry": {"type": "LineString", "coordinates": [[121.2461577, 24.9174991], [121.2463149, 24.9173305], [121.2464944, 24.9171343], [121.2466833, 24.9169279], [121.2468179, 24.9167577], [121.2470199, 24.9165022], [121.247415, 24.915958], [121.2475713, 24.9157428], [121.2476739, 24.9156016], [121.2477337, 24.9155192], [121.2479613, 24.9152057]]}}, {"type": "Feature", "properties": {"county": "桃園市", "district": "大溪區", "highway": "residential", "name": "新華北路"}, "geometry": {"type": "LineString", "coordinates": [[121.2469919, 24.9182532], [121.2472246, 24.9180524], [121.2476544, 24.9176986], [121.247729, 24.9176363], [121.2481665, 24.9172709], [121.2483592, 24.9170429], [121.2485128, 24.9168611], [121.2486577, 24.9166896], [121.2487204, 24.9166154], [121.2488141, 24.9165017], [121.248992, 24.9162858], [121.2491966, 24.9160376]]}}, {"type": "Feature", "properties": {"county": "桃園市", "district": "大溪區", "highway": "residential", "name": "龍南路430巷"}, "geometry": {"type": "LineString", "coordinates": [[121.2503683, 24.918846], [121.2508408, 24.9190489], [121.2509852, 24.9191171], [121.2511042, 24.9191633], [121.2513456, 24.9192701], [121.2514936, 24.919336], [121.2515875, 24.9193796], [121.2517313, 24.9194605], [121.2517455, 24.9194729]]}}, {"type": "Feature", "properties": {"county": "桃園市", "district": "大溪區", "highway": "residential", "name": "平等路"}, "geometry": {"type": "LineString", "coordinates": [[121.2529917, 24.9201946], [121.252933, 24.9200805], [121.253002, 24.919036], [121.2530051, 24.91886], [121.2530117, 24.9187414], [121.2530403, 24.918331], [121.2530547, 24.9182426], [121.2531158, 24.9181385]]}}, {"type": "Feature", "properties": {"county": "桃園市", "district": "大溪區", "highway": "unclassified", "name": "龍江路131巷"}, "geometry": {"type": "LineString", "coordinates": [[121.2581645, 24.9308017], [121.2583296, 24.9308676], [121.2591074, 24.9309795], [121.2591932, 24.9310072]]}}, {"type": "Feature", "properties": {"county": "桃園市", "district": "大溪區", "highway": "residential", "name": "中正六路"}, "geometry": {"type": "LineString", "coordinates": [[121.2562704, 24.9295373], [121.2568226, 24.929292], [121.2573861, 24.9290199]]}}, {"type": "Feature", "properties": {"county": "桃園市", "district": "大溪區", "highway": "residential", "name": "忠貞路"}, "geometry": {"type": "LineString", "coordinates": [[121.2565822, 24.9301363], [121.2562704, 24.9295373], [121.2560182, 24.9290644], [121.2558064, 24.9286692]]}}, {"type": "Feature", "properties": {"county": "桃園市", "district": "大溪區", "highway": "residential", "name": "龍昌路"}, "geometry": {"type": "LineString", "coordinates": [[121.2492474, 24.9280347], [121.2491362, 24.9285341], [121.2490632, 24.9289151], [121.2489434, 24.929605], [121.2489348, 24.9296555], [121.2489203, 24.9297623], [121.2489148, 24.9298026], [121.248871, 24.9300636], [121.2488385, 24.9302001], [121.2488362, 24.930356], [121.2488377, 24.9306423], [121.2488443, 24.9306914], [121.2488506, 24.930738], [121.2489212, 24.9311824], [121.2489638, 24.9314824], [121.2489695, 24.931554]]}}, {"type": "Feature", "properties": {"county": "桃園市", "district": "大溪區", "highway": "secondary", "name": "長興路"}, "geometry": {"type": "LineString", "coordinates": [[121.2604198, 24.9342004], [121.2614165, 24.9337566], [121.262059, 24.9334757], [121.2622173, 24.9333991], [121.26235, 24.9333455], [121.2625391, 24.9332908], [121.2626558, 24.933275], [121.2627819, 24.9332823], [121.2628731, 24.9333054], [121.2629696, 24.9333468], [121.2630595, 24.9333893], [121.26314, 24.9334428], [121.2632848, 24.9335426], [121.2633921, 24.9336094], [121.2634739, 24.9336398], [121.2635517, 24.933652], [121.2636523, 24.9336593], [121.2638078, 24.9336204]]}}, {"type": "Feature", "properties": {"county": "桃園市", "district": "大溪區", "highway": "tertiary", "name": "新生路"}, "geometry": {"type": "LineString", "coordinates": [[121.2604198, 24.9342004], [121.2603934, 24.934102], [121.2604001, 24.9339062], [121.2604349, 24.9336617], [121.2605033, 24.9331498], [121.2605664, 24.9326682], [121.2606158, 24.9322894], [121.260643, 24.9320345], [121.2606562, 24.9319396], [121.2606442, 24.9318145], [121.2605972, 24.9316588], [121.2605677, 24.931536], [121.2605355, 24.9313499], [121.2605168, 24.931148], [121.2604752, 24.9309206], [121.2604577, 24.9307443], [121.2604644, 24.9306056], [121.2604376, 24.9304512], [121.2603263, 24.9301228], [121.2601801, 24.929719], [121.2600581, 24.9292958], [121.2600018, 24.9290477], [121.259924, 24.928644], [121.2598677, 24.9283497], [121.2597979, 24.928121], [121.259692, 24.9278316], [121.2595194, 24.9274493], [121.2593795, 24.9271396], [121.2592884, 24.9269257], [121.259236, 24.9268027], [121.2591971, 24.9267212], [121.259124, 24.9266002], [121.2590932, 24.926544], [121.2590529, 24.9264461], [121.2588866, 24.9262114], [121.2587114, 24.9259665], [121.2586761, 24.9259171], [121.2585604, 24.9257458], [121.2584749, 24.9256191], [121.2582617, 24.9252968], [121.2581088, 24.9250889], [121.2580573, 24.9250163], [121.2580122, 24.9249466], [121.2578661, 24.9247289], [121.257685, 24.9244613], [121.2575026, 24.9241719], [121.2573781, 24.9239579], [121.2573265, 24.9238753], [121.2572653, 24.9237213], [121.2571955, 24.9235455], [121.2570641, 24.9232098], [121.256871, 24.9227708], [121.2566953, 24.9224728], [121.2565692, 24.9222648], [121.2560685, 24.921657], [121.2559236, 24.9214624], [121.2555645, 24.9209458], [121.2554743, 24.9208078], [121.2549158, 24.919806], [121.2548729, 24.9197432], [121.2543311, 24.9189506]]}}, {"type": "Feature", "properties": {"county": "桃園市", "district": "大溪區", "highway": "unclassified", "name": "鳶峰路"}, "geometry": {"type": "LineString", "coordinates": [[121.3675517, 24.9331596], [121.3676356, 24.933231], [121.3676647, 24.9332977], [121.3676304, 24.9333288], [121.3675654, 24.9333458], [121.3674439, 24.9332993], [121.3673617, 24.9332341], [121.3672231, 24.9331581], [121.3670879, 24.9330898], [121.3670006, 24.9330386], [121.3669236, 24.932978], [121.36685, 24.9328756], [121.366773, 24.9327499], [121.3666994, 24.9326506], [121.3666874, 24.9324861], [121.3666908, 24.9323588], [121.3666634, 24.9323076], [121.3666155, 24.932275], [121.3665693, 24.932275], [121.3665043, 24.9323386], [121.3664444, 24.9324597], [121.3663828, 24.9325807], [121.3663468, 24.9326366], [121.366304, 24.9326599], [121.3662031, 24.9326413], [121.366049, 24.9326195], [121.3658197, 24.9325249], [121.3657067, 24.9325016], [121.3654945, 24.9324736], [121.365444, 24.9324585], [121.3652241, 24.9323929], [121.3650324, 24.9323371], [121.3648732, 24.9323138], [121.3644385, 24.9322688], [121.3640175, 24.932202], [121.3637693, 24.932171], [121.3636205, 24.932171], [121.3634099, 24.9322253], [121.3632319, 24.9322921], [121.3629804, 24.9323635], [121.3628794, 24.9323635], [121.3628143, 24.9323262], [121.3627321, 24.9322053], [121.3627784, 24.9320981], [121.3627803, 24.932018], [121.3627213, 24.9319183], [121.3626274, 24.9318112], [121.362547, 24.9317164], [121.3623619, 24.9316848], [121.3623109, 24.9316337], [121.3622085, 24.931544], [121.3621075, 24.9314338], [121.362034, 24.9313593], [121.3618997, 24.931254], [121.3618537, 24.9311673], [121.3618053, 24.931063], [121.3617557, 24.9309686], [121.3616939, 24.9308929], [121.3616044, 24.930804], [121.361533, 24.9307601], [121.3614787, 24.930727], [121.3613305, 24.9307014], [121.361199, 24.9307294], [121.3611264, 24.9307579], [121.3611088, 24.9307871], [121.3610921, 24.9308405], [121.3611056, 24.9309755], [121.3611106, 24.9311486], [121.3611146, 24.9313194], [121.361093, 24.9314708], [121.3610717, 24.9315853], [121.3610403, 24.931656], [121.3609341, 24.9317749], [121.3607607, 24.9318497], [121.3606048, 24.9318707], [121.360452, 24.9318538], [121.3603073, 24.9318088], [121.3601974, 24.9318721], [121.3601223, 24.9319256], [121.3599935, 24.9319329], [121.3598675, 24.9318672], [121.3597709, 24.9318526], [121.3597146, 24.9319227], [121.359665, 24.932054], [121.3595671, 24.9321744], [121.3594705, 24.9322219], [121.3593807, 24.9322523], [121.359209, 24.9322596], [121.3590655, 24.9322369], [121.3589595, 24.9323281], [121.3588455, 24.9323767], [121.3586296, 24.9324181], [121.3585303, 24.9323524], [121.3583989, 24.932249], [121.3582648, 24.93217], [121.3580549, 24.932079], [121.3577096, 24.9319779], [121.3575775, 24.931928], [121.3575118, 24.9318763], [121.3575159, 24.9317651], [121.3574508, 24.9317541], [121.3573676, 24.9317346], [121.3572952, 24.9317565], [121.357133, 24.9318339], [121.3570404, 24.9318648], [121.3567313, 24.9317312], [121.356449, 24.9316544], [121.3563658, 24.9315838], [121.3560205, 24.9315729], [121.3557623, 24.9314902], [121.355593, 24.9314882], [121.3554354, 24.9314498], [121.3554146, 24.9314397], [121.3553159, 24.9313916], [121.3552903, 24.9313791], [121.3551468, 24.9312871], [121.3550556, 24.9312749], [121.3548631, 24.9311813], [121.3547364, 24.9311156]]}}, {"type": "Feature", "properties": {"county": "桃園市", "district": "大溪區", "highway": "tertiary", "name": "美山路一段"}, "geometry": {"type": "LineString", "coordinates": [[121.2952825, 24.8765938], [121.2954557, 24.8766737], [121.2956189, 24.8767591], [121.2957976, 24.8769104], [121.2963872, 24.8777424], [121.2966971, 24.8782495], [121.2969822, 24.8786229], [121.2972765, 24.8789442], [121.29731, 24.8789902], [121.2974357, 24.8792818], [121.2975082, 24.87945], [121.2976456, 24.8798611], [121.2976614, 24.879909], [121.2978384, 24.8800769], [121.2979283, 24.8801791], [121.2979595, 24.8803083], [121.2980425, 24.8807583], [121.2980785, 24.880886], [121.2981724, 24.881004], [121.2984185, 24.8817408], [121.2984083, 24.8818395], [121.2984185, 24.8819123], [121.2984506, 24.8819598], [121.2986093, 24.8821637], [121.2986376, 24.8822003], [121.2986534, 24.8822505], [121.2985532, 24.8828989], [121.2985703, 24.8829542], [121.2985793, 24.8830165], [121.2985974, 24.883049], [121.2986525, 24.8830846], [121.2987158, 24.8831017], [121.2989157, 24.8830982], [121.2990097, 24.8830867], [121.2992439, 24.8832624], [121.2992877, 24.8832933], [121.299311, 24.8833019], [121.2993739, 24.8833251], [121.2994904, 24.8833542], [121.2995702, 24.8833612], [121.2998487, 24.8833329], [121.3001991, 24.8832381], [121.3007025, 24.8830952], [121.3011102, 24.8830122], [121.301805, 24.8829099], [121.3019295, 24.8828735], [121.3019595, 24.8828647], [121.3024616, 24.8826251], [121.303057, 24.8823487], [121.3034792, 24.8821831], [121.3037462, 24.8821162], [121.3038645, 24.8820778]]}}, {"type": "Feature", "properties": {"county": "桃園市", "district": "大溪區", "highway": "residential", "name": "中山路"}, "geometry": {"type": "LineString", "coordinates": [[121.3564499, 24.9360726], [121.3565018, 24.9360424], [121.3565536, 24.9360141], [121.3566332, 24.9360092], [121.356704, 24.9360369], [121.3568499, 24.9361112], [121.3574939, 24.9364591], [121.3593456, 24.9374468], [121.3604317, 24.9380354], [121.3605645, 24.9380731], [121.3606375, 24.9380676], [121.3606995, 24.938052], [121.3607973, 24.9380111], [121.360881, 24.937977]]}}, {"type": "Feature", "properties": {"county": "桃園市", "district": "大溪區", "highway": "residential", "name": "得勝路"}, "geometry": {"type": "LineString", "coordinates": [[121.2876971, 24.8812932], [121.2875078, 24.8810261], [121.2874253, 24.8809283], [121.287312, 24.8807159]]}}, {"type": "Feature", "properties": {"county": "桃園市", "district": "大溪區", "highway": "residential", "name": "中正路"}, "geometry": {"type": "LineString", "coordinates": [[121.2883947, 24.8827906], [121.2876367, 24.882844], [121.2875781, 24.8828381], [121.2872654, 24.8828517], [121.2868692, 24.8828532], [121.2863677, 24.8829555], [121.2854421, 24.8832194], [121.2853254, 24.8832566]]}}, {"type": "Feature", "properties": {"county": "桃園市", "district": "大溪區", "highway": "residential", "name": "得勝路"}, "geometry": {"type": "LineString", "coordinates": [[121.2881264, 24.8813024], [121.2876971, 24.8812932]]}}, {"type": "Feature", "properties": {"county": "桃園市", "district": "大溪區", "highway": "residential", "name": "普濟路"}, "geometry": {"type": "LineString", "coordinates": [[121.287312, 24.8807159], [121.2871014, 24.8807738], [121.286936, 24.8808042], [121.2868539, 24.8808103], [121.2867274, 24.8808444], [121.2865719, 24.8809223], [121.2864429, 24.881022], [121.2861867, 24.881176], [121.2859968, 24.8812727], [121.2857449, 24.8814518], [121.2856423, 24.8815224], [121.2854371, 24.8818631], [121.2852806, 24.8821056], [121.2852673, 24.8822077], [121.2852874, 24.8824775], [121.2853167, 24.8829189], [121.2853254, 24.8832566], [121.2853317, 24.883771], [121.2853355, 24.8838731]]}}, {"type": "Feature", "properties": {"county": "桃園市", "district": "大溪區", "highway": "motorway", "name": "福爾摩沙高速公路"}, "geometry": {"type": "LineString", "coordinates": [[121.3594826, 24.938541], [121.3586777, 24.9379088], [121.357154, 24.9368993], [121.3563006, 24.9364813]]}}, {"type": "Feature", "properties": {"county": "桃園市", "district": "大溪區", "highway": "motorway_link", "name": "三鶯交流道"}, "geometry": {"type": "LineString", "coordinates": [[121.3580569, 24.9394652], [121.3579536, 24.9393237], [121.3578694, 24.9391744], [121.3578084, 24.9390433], [121.3577636, 24.9388925], [121.3576414, 24.9383577]]}}, {"type": "Feature", "properties": {"county": "桃園市", "district": "大溪區", "highway": "motorway_link", "name": "三鶯交流道"}, "geometry": {"type": "LineString", "coordinates": [[121.3576414, 24.9383577], [121.3575555, 24.9378508], [121.3575059, 24.9376527], [121.3574429, 24.9374862], [121.3573471, 24.9372988], [121.3572242, 24.9371262], [121.3570744, 24.9369778], [121.3568136, 24.9367879], [121.3563006, 24.9364813]]}}, {"type": "Feature", "properties": {"county": "桃園市", "district": "大溪區", "highway": "motorway", "name": "福爾摩沙高速公路"}, "geometry": {"type": "LineString", "coordinates": [[121.3563006, 24.9364813], [121.3550264, 24.9359181], [121.3541847, 24.9356234], [121.3535973, 24.9354333], [121.3529635, 24.935262], [121.3520042, 24.9350373], [121.3512605, 24.9348905]]}}, {"type": "Feature", "properties": {"county": "桃園市", "district": "大溪區", "highway": "motorway", "name": "福爾摩沙高速公路"}, "geometry": {"type": "LineString", "coordinates": [[121.3561914, 24.9361724], [121.3577344, 24.937053], [121.3589524, 24.9378572], [121.3597147, 24.9384819]]}}, {"type": "Feature", "properties": {"county": "桃園市", "district": "大溪區", "highway": "unclassified", "name": "月眉路"}, "geometry": {"type": "LineString", "coordinates": [[121.288565, 24.8864933], [121.2882504, 24.8868451], [121.2879091, 24.8871786], [121.2870526, 24.8880931], [121.2865416, 24.8876965], [121.2865026, 24.8876529], [121.2863667, 24.8875629]]}}, {"type": "Feature", "properties": {"county": "桃園市", "district": "大溪區", "highway": "unclassified", "name": "月眉路"}, "geometry": {"type": "LineString", "coordinates": [[121.288565, 24.8864933], [121.2891667, 24.8869525], [121.2900391, 24.8876532], [121.2915001, 24.888835], [121.2920505, 24.8892851], [121.2927533, 24.8898598], [121.2934418, 24.8904227], [121.2942677, 24.8910842], [121.2949983, 24.8916397], [121.2957949, 24.8922931], [121.2973142, 24.8935286]]}}, {"type": "Feature", "properties": {"county": "桃園市", "district": "大溪區", "highway": "trunk_link", "name": null}, "geometry": {"type": "LineString", "coordinates": [[121.2605802, 24.8982993], [121.2593668, 24.8983545]]}}, {"type": "Feature", "properties": {"county": "桃園市", "district": "大溪區", "highway": "primary", "name": "快速路一段"}, "geometry": {"type": "LineString", "coordinates": [[121.2475716, 24.8989825], [121.2480919, 24.8989444], [121.2485938, 24.8989066], [121.2490697, 24.8988722], [121.2504781, 24.8987968], [121.2509643, 24.8987708], [121.2510238, 24.8987676], [121.2520208, 24.898704], [121.2523858, 24.8986659], [121.2527508, 24.8986143]]}}, {"type": "Feature", "properties": {"county": "桃園市", "district": "大溪區", "highway": "secondary", "name": "永昌路"}, "geometry": {"type": "LineString", "coordinates": [[121.2618298, 24.8954663], [121.2618305, 24.895234], [121.261858, 24.8949691], [121.2618984, 24.8947491], [121.2619959, 24.8944497], [121.2620991, 24.8941546], [121.2622263, 24.8938914], [121.2623925, 24.8935846], [121.2625591, 24.8933215], [121.2629397, 24.8928948]]}}, {"type": "Feature", "properties": {"county": "桃園市", "district": "大溪區", "highway": "motorway_link", "name": "大溪交流道"}, "geometry": {"type": "LineString", "coordinates": [[121.2626874, 24.8928582], [121.2629362, 24.892374], [121.2630558, 24.8921026], [121.26317, 24.8917526], [121.2632377, 24.8914494], [121.2632808, 24.8911026], [121.2632669, 24.8908041], [121.2632548, 24.8905574], [121.2632401, 24.8903936]]}}, {"type": "Feature", "properties": {"county": "桃園市", "district": "大溪區", "highway": "residential", "name": "員東路"}, "geometry": {"type": "LineString", "coordinates": [[121.2609905, 24.8851866], [121.2612088, 24.8850581], [121.2613445, 24.8849122], [121.2614415, 24.8847352], [121.2616192, 24.8845491], [121.2617386, 24.8844566], [121.2618041, 24.8844227], [121.2619196, 24.8843629], [121.2622455, 24.8842096], [121.2627203, 24.8839517], [121.2629657, 24.8837948], [121.2632513, 24.8836743]]}}, {"type": "Feature", "properties": {"county": "桃園市", "district": "大溪區", "highway": "motorway", "name": "福爾摩沙高速公路"}, "geometry": {"type": "LineString", "coordinates": [[121.227737, 24.8628009], [121.2288389, 24.8631315], [121.230314, 24.8636304], [121.2316505, 24.8641245], [121.2326108, 24.8645953], [121.2335396, 24.8650804], [121.2352477, 24.8661183], [121.2367127, 24.8672015], [121.2376595, 24.8679851], [121.2385179, 24.8688076], [121.2398031, 24.8701094], [121.2422633, 24.8728269], [121.243913, 24.874501], [121.2447082, 24.8751943], [121.245544, 24.8758581], [121.2466057, 24.8765535], [121.2472923, 24.8769489], [121.2479616, 24.8773212], [121.2487381, 24.8777227], [121.2505646, 24.8786181], [121.2508702, 24.8787607], [121.2528047, 24.8796632]]}}, {"type": "Feature", "properties": {"county": "桃園市", "district": "大溪區", "highway": "unclassified", "name": "民富街"}, "geometry": {"type": "LineString", "coordinates": [[121.2433791, 24.8164201], [121.2430143, 24.8160338], [121.2426884, 24.8157724], [121.2421856, 24.8151089], [121.242093, 24.8150122], [121.2418771, 24.814879], [121.2412763, 24.8145103], [121.2411596, 24.8144229], [121.2408845, 24.8141395], [121.2407604, 24.8140597], [121.240721, 24.8140535], [121.2406269, 24.8140387], [121.240257, 24.8139857], [121.2401525, 24.8139445], [121.2400371, 24.8138423], [121.2399888, 24.8137379], [121.2399539, 24.8135379], [121.2399995, 24.8133516], [121.2401887, 24.8130589], [121.2404508, 24.8127911], [121.2405896, 24.8126864], [121.2406754, 24.8125577], [121.2406969, 24.812386], [121.2406754, 24.8118711], [121.2407136, 24.8117785], [121.2407479, 24.8116791], [121.2408028, 24.8115787], [121.2408686, 24.8115277], [121.2414908, 24.8111629], [121.2417728, 24.8110429], [121.2422599, 24.8108914], [121.2427777, 24.8107725], [121.2430178, 24.810687]]}}, {"type": "Feature", "properties": {"county": "桃園市", "district": "大溪區", "highway": "tertiary", "name": "環湖路"}, "geometry": {"type": "LineString", "coordinates": [[121.2572912, 24.8217502], [121.2573346, 24.8218794], [121.2573387, 24.8219739], [121.2573212, 24.8220683], [121.2572728, 24.8222358]]}}, {"type": "Feature", "properties": {"county": "桃園市", "district": "大溪區", "highway": "unclassified", "name": "頭寮路"}, "geometry": {"type": "LineString", "coordinates": [[121.2851496, 24.8467661], [121.2843847, 24.8463106], [121.2842989, 24.8462462], [121.2841487, 24.8460746], [121.2840199, 24.8457098], [121.2837331, 24.8447823], [121.2832463, 24.8436688], [121.2830277, 24.8431297], [121.282878, 24.8427622], [121.2827776, 24.8424564], [121.2826421, 24.8420556], [121.282624, 24.8418536], [121.2826549, 24.8410558], [121.2826052, 24.8405593], [121.2825877, 24.8403653], [121.2825604, 24.8402803], [121.2825032, 24.8402105], [121.2824173, 24.8401462], [121.2821652, 24.8399648], [121.2820105, 24.8398641], [121.2817778, 24.8397131], [121.2810878, 24.839352], [121.2809623, 24.8392628], [121.2808704, 24.8391663], [121.2806954, 24.8389454], [121.2803895, 24.8384713], [121.2801075, 24.8380506], [121.2797928, 24.8375773], [121.2795809, 24.8373413], [121.2795044, 24.8371877], [121.2795568, 24.8369373], [121.2796211, 24.8367705], [121.2796948, 24.8367168], [121.2799162, 24.8366259], [121.2800583, 24.8365259], [121.2801764, 24.8364581], [121.2805072, 24.836428], [121.2810731, 24.8363627], [121.2812488, 24.8362945], [121.2813212, 24.8362063]]}}, {"type": "Feature", "properties": {"county": "桃園市", "district": "大溪區", "highway": "primary", "name": "武嶺橋"}, "geometry": {"type": "LineString", "coordinates": [[121.2861187, 24.8876607], [121.2853384, 24.888118], [121.2847281, 24.8884737], [121.2795673, 24.891438]]}}, {"type": "Feature", "properties": {"county": "桃園市", "district": "大溪區", "highway": "primary", "name": "信義路"}, "geometry": {"type": "LineString", "coordinates": [[121.2862501, 24.8875132], [121.2865727, 24.8873725], [121.2868056, 24.8872326], [121.2869382, 24.8871231], [121.287216, 24.8867973], [121.287503, 24.8865698], [121.2880768, 24.886196], [121.2882981, 24.8860146], [121.288593, 24.8856828], [121.2886042, 24.8856694], [121.2886736, 24.8855867], [121.2888908, 24.8852992], [121.2889767, 24.8851275], [121.2891694, 24.8846238]]}}, {"type": "Feature", "properties": {"county": "桃園市", "district": "大溪區", "highway": "primary", "name": "武嶺橋"}, "geometry": {"type": "LineString", "coordinates": [[121.2795126, 24.8913517], [121.2835407, 24.88904], [121.2847784, 24.8883255], [121.2853242, 24.8880072], [121.2860379, 24.887578]]}}, {"type": "Feature", "properties": {"county": "桃園市", "district": "大溪區", "highway": "primary", "name": "信義路"}, "geometry": {"type": "LineString", "coordinates": [[121.2795673, 24.891438], [121.2789161, 24.8918058]]}}, {"type": "Feature", "properties": {"county": "桃園市", "district": "大溪區", "highway": "primary", "name": "崁津大橋"}, "geometry": {"type": "LineString", "coordinates": [[121.2815472, 24.8727299], [121.2814255, 24.8728926], [121.281279, 24.8730547], [121.2810429, 24.8732506], [121.2808069, 24.8734137], [121.2801475, 24.8738561], [121.2798762, 24.8740463], [121.2796394, 24.8742188], [121.2788495, 24.8747919], [121.2780811, 24.8752554], [121.2772092, 24.875808], [121.2764991, 24.8762508], [121.2763133, 24.8763853], [121.2760009, 24.8766402], [121.2758882, 24.8767752], [121.275789, 24.8768957], [121.2757018, 24.8770453], [121.2756085, 24.8772526]]}}, {"type": "Feature", "properties": {"county": "桃園市", "district": "大溪區", "highway": "residential", "name": "中央路"}, "geometry": {"type": "LineString", "coordinates": [[121.2877736, 24.8777305], [121.2877555, 24.8779489], [121.2878684, 24.8784686], [121.2878743, 24.8786376], [121.2878583, 24.8787348]]}}, {"type": "Feature", "properties": {"county": "桃園市", "district": "大溪區", "highway": "residential", "name": "中央路"}, "geometry": {"type": "LineString", "coordinates": [[121.2876971, 24.8812932], [121.287638, 24.8816329], [121.2876074, 24.8818494], [121.2875531, 24.8823599], [121.2875781, 24.8828381]]}}, {"type": "Feature", "properties": {"county": "桃園市", "district": "大溪區", "highway": "residential", "name": "中央路"}, "geometry": {"type": "LineString", "coordinates": [[121.2875781, 24.8828381], [121.2876319, 24.8837129]]}}, {"type": "Feature", "properties": {"county": "桃園市", "district": "大溪區", "highway": "residential", "name": "民權路"}, "geometry": {"type": "LineString", "coordinates": [[121.2878115, 24.8841202], [121.2887916, 24.8837887]]}}, {"type": "Feature", "properties": {"county": "桃園市", "district": "大溪區", "highway": "residential", "name": "民生路"}, "geometry": {"type": "LineString", "coordinates": [[121.2887326, 24.8836665], [121.2876319, 24.8837129]]}}, {"type": "Feature", "properties": {"county": "桃園市", "district": "大溪區", "highway": "residential", "name": "中央路"}, "geometry": {"type": "LineString", "coordinates": [[121.2876319, 24.8837129], [121.2876935, 24.8838527], [121.2878115, 24.8841202], [121.288005, 24.884559], [121.2881304, 24.884817]]}}, {"type": "Feature", "properties": {"county": "桃園市", "district": "大溪區", "highway": "residential", "name": null}, "geometry": {"type": "LineString", "coordinates": [[121.2887916, 24.8837887], [121.289219, 24.8836488]]}}, {"type": "Feature", "properties": {"county": "桃園市", "district": "大溪區", "highway": "residential", "name": "文化路"}, "geometry": {"type": "LineString", "coordinates": [[121.2914577, 24.8791101], [121.2918042, 24.8795677], [121.2921457, 24.879997], [121.2923972, 24.8803082], [121.2924765, 24.8804146], [121.2925636, 24.8805195], [121.2927699, 24.8807815], [121.2930981, 24.8812125], [121.293419, 24.8816244], [121.2937429, 24.8820541], [121.2940623, 24.8824777], [121.2944124, 24.8829078], [121.294812, 24.8834237]]}}, {"type": "Feature", "properties": {"county": "桃園市", "district": "大溪區", "highway": "residential", "name": "文化路"}, "geometry": {"type": "LineString", "coordinates": [[121.2871854, 24.8764329], [121.2877643, 24.8761083], [121.2878751, 24.8760981], [121.2878972, 24.8761018], [121.2881694, 24.8761473], [121.2885671, 24.8763403], [121.2886336, 24.8763737], [121.289204, 24.8766603], [121.2892489, 24.8766803], [121.2893005, 24.8767062], [121.2895484, 24.8769025], [121.2897829, 24.8770882], [121.2899242, 24.8772243], [121.2900002, 24.8772975], [121.2901182, 24.8774313], [121.2903855, 24.8777537], [121.2907116, 24.8781813], [121.2910376, 24.878599], [121.2914577, 24.8791101]]}}, {"type": "Feature", "properties": {"county": "桃園市", "district": "大溪區", "highway": "residential", "name": "中正東路"}, "geometry": {"type": "LineString", "coordinates": [[121.2911857, 24.8813164], [121.2905936, 24.8816438], [121.2903135, 24.8818077], [121.2897783, 24.8821208], [121.289045, 24.8825714], [121.2883947, 24.8827906]]}}, {"type": "Feature", "properties": {"county": "桃園市", "district": "大溪區", "highway": "residential", "name": "二甲路"}, "geometry": {"type": "LineString", "coordinates": [[121.3410969, 24.9311947], [121.3409797, 24.931232]]}}, {"type": "Feature", "properties": {"county": "桃園市", "district": "大溪區", "highway": "residential", "name": "二甲路"}, "geometry": {"type": "LineString", "coordinates": [[121.3405567, 24.936705], [121.3403625, 24.9363681]]}}, {"type": "Feature", "properties": {"county": "桃園市", "district": "大溪區", "highway": "residential", "name": "二甲路"}, "geometry": {"type": "LineString", "coordinates": [[121.3403625, 24.9363681], [121.3402916, 24.9362931], [121.340197, 24.9361844], [121.340018, 24.9359792], [121.3398981, 24.9357939], [121.3398592, 24.935679], [121.3397596, 24.9355948], [121.3393625, 24.9354316], [121.3387236, 24.9352783], [121.338293, 24.9351486], [121.3382353, 24.9351312], [121.3379146, 24.9350051], [121.3375808, 24.9347573], [121.3373195, 24.9345968], [121.3372449, 24.934594], [121.3370712, 24.9345133], [121.3369545, 24.9344587], [121.336763, 24.9343691], [121.3366197, 24.9342575], [121.3365808, 24.9342357]]}}, {"type": "Feature", "properties": {"county": "桃園市", "district": "大溪區", "highway": "unclassified", "name": null}, "geometry": {"type": "LineString", "coordinates": [[121.3272536, 24.9023691], [121.3272189, 24.9023448], [121.3271998, 24.9022562], [121.3272065, 24.9021124], [121.3271931, 24.902003], [121.3271321, 24.9019333], [121.3270403, 24.9018776], [121.3269505, 24.9018235], [121.326717, 24.9017684], [121.3264065, 24.9017071], [121.3261659, 24.901687], [121.3260576, 24.9016846], [121.3260007, 24.9016364], [121.3259248, 24.9015554], [121.3258297, 24.9014201], [121.3256821, 24.9013614], [121.3256032, 24.9013326], [121.3254693, 24.9013022], [121.3254045, 24.9012759], [121.3253465, 24.9012273], [121.3253033, 24.9011744], [121.3252715, 24.9011153], [121.3252174, 24.900969], [121.3250495, 24.9008587], [121.3248641, 24.9007331], [121.3247915, 24.900672], [121.3246676, 24.9006276], [121.3245253, 24.9006209], [121.3242265, 24.9006325], [121.3238678, 24.9005788], [121.3236807, 24.9005346], [121.3235333, 24.9004921], [121.3234436, 24.9004502], [121.3233279, 24.9003159], [121.3231496, 24.8999905], [121.3229521, 24.8996951], [121.3225812, 24.8994063], [121.3224416, 24.8992427], [121.3224262, 24.8991597], [121.3224857, 24.8990358], [121.3225901, 24.8987966], [121.3226619, 24.8986904], [121.3227738, 24.8986402]]}}, {"type": "Feature", "properties": {"county": "桃園市", "district": "大溪區", "highway": "unclassified", "name": "龍平路"}, "geometry": {"type": "LineString", "coordinates": [[121.2216449, 24.8849159], [121.2217455, 24.8848947], [121.2226178, 24.8848788], [121.2227019, 24.8848864], [121.2227574, 24.8848931], [121.2231936, 24.8850076], [121.2241144, 24.8852549], [121.2245626, 24.8853291], [121.2256138, 24.885492], [121.2256894, 24.8855045], [121.2259892, 24.8855343], [121.2266186, 24.8856314], [121.2273307, 24.8856963], [121.2274527, 24.8857048], [121.2275922, 24.885689], [121.2276779, 24.8856727], [121.2286319, 24.8854795], [121.2291972, 24.885383], [121.2300231, 24.8854232], [121.2308662, 24.88547], [121.231017, 24.8854212], [121.2312743, 24.8852924], [121.2316938, 24.8850283], [121.2318161, 24.8849697], [121.2325159, 24.8847924], [121.2340508, 24.8844736], [121.2342667, 24.884434], [121.2345149, 24.8844032], [121.2361546, 24.8843032], [121.2371399, 24.8842431], [121.237673, 24.8842168], [121.2378416, 24.8841763], [121.2381695, 24.8840687], [121.2383449, 24.8840223], [121.2385842, 24.8840174], [121.2391676, 24.884037], [121.2405549, 24.8842103], [121.2412576, 24.8842869], [121.2417158, 24.8843634], [121.2417752, 24.8843733], [121.242156, 24.8844467], [121.2422419, 24.8844633], [121.2426094, 24.8845375], [121.2434274, 24.8845988], [121.2443783, 24.8846701], [121.2446666, 24.8847094], [121.2461235, 24.8849077]]}}, {"type": "Feature", "properties": {"county": "桃園市", "district": "大溪區", "highway": "unclassified", "name": "環河路"}, "geometry": {"type": "LineString", "coordinates": [[121.3456535, 24.9348395], [121.3457782, 24.9350232], [121.3459123, 24.9352226], [121.3460343, 24.9356726], [121.3461792, 24.9360094], [121.3462937, 24.936546], [121.3465, 24.9374627], [121.3465408, 24.9377946], [121.3464703, 24.9380284], [121.3463794, 24.9382647], [121.346373, 24.9383473], [121.346489, 24.9385098], [121.3466414, 24.9386807], [121.3470576, 24.9392701], [121.3474037, 24.9397241], [121.3478748, 24.9403778], [121.3485459, 24.9412008], [121.3501422, 24.9430572], [121.3507853, 24.9438484], [121.3516912, 24.9447278], [121.3520302, 24.9450569], [121.3523899, 24.9454921], [121.3524772, 24.9455978], [121.3526107, 24.9457357], [121.3526944, 24.9458274], [121.3530395, 24.9461623], [121.3540158, 24.9471236], [121.3546214, 24.9477294], [121.3557565, 24.9488648], [121.3564056, 24.9495142], [121.3565277, 24.949688], [121.3565338, 24.9498011], [121.3564708, 24.9499584], [121.3563286, 24.9500431], [121.3560223, 24.9500876], [121.3554205, 24.950136], [121.3546699, 24.9502032], [121.3541744, 24.9502306], [121.354101, 24.9502539], [121.3540274, 24.9502779]]}}, {"type": "Feature", "properties": {"county": "桃園市", "district": "大溪區", "highway": "primary", "name": "員林路一段"}, "geometry": {"type": "LineString", "coordinates": [[121.2790312, 24.8971522], [121.2791822, 24.8973327], [121.2794066, 24.8976603], [121.2796707, 24.8980479], [121.2799484, 24.8982776], [121.2802606, 24.8984352], [121.2804902, 24.8984922], [121.2806526, 24.898533], [121.2808388, 24.8985798], [121.2811545, 24.898634], [121.281423, 24.8986758], [121.2817676, 24.8986684], [121.2821179, 24.8986516], [121.282435, 24.8986326], [121.2826976, 24.8986352], [121.2828146, 24.8986321]]}}, {"type": "Feature", "properties": {"county": "桃園市", "district": "大溪區", "highway": "primary", "name": "瑞安路一段"}, "geometry": {"type": "LineString", "coordinates": [[121.2782866, 24.8915931], [121.2781753, 24.8910201], [121.2781404, 24.8907573], [121.2781619, 24.8904568], [121.2782491, 24.8901089], [121.2782816, 24.8900341], [121.2783389, 24.8899021], [121.2784851, 24.8896393], [121.2787842, 24.8891162], [121.2789263, 24.8888461], [121.2790135, 24.8886259], [121.2790886, 24.8883291], [121.2791181, 24.8880201], [121.2791181, 24.8877099], [121.2791167, 24.8876601], [121.2790993, 24.8870578], [121.2791127, 24.886868], [121.2791503, 24.8867123], [121.2792401, 24.8865237], [121.2793474, 24.8863583], [121.2795483, 24.8861252], [121.2796073, 24.8860607], [121.2799053, 24.8858327], [121.280022, 24.885705], [121.2801268, 24.8855652], [121.2801421, 24.8854951], [121.2802272, 24.8852475], [121.2802553, 24.8849786], [121.2802553, 24.8846842], [121.2802135, 24.8842528], [121.2801679, 24.8840168], [121.2800717, 24.8837543], [121.2800161, 24.8836167], [121.2799274, 24.8834374], [121.2798201, 24.8832759], [121.2796183, 24.8830447], [121.2794495, 24.8828959], [121.2788656, 24.8823853], [121.2785398, 24.882035], [121.2782693, 24.8816729], [121.2780524, 24.8813112], [121.2778831, 24.8809862], [121.27775, 24.8807067], [121.2776685, 24.8805356], [121.2775612, 24.8803425], [121.2774529, 24.8801566], [121.2771964, 24.879849], [121.2769389, 24.8796129], [121.276191, 24.8789692], [121.2760253, 24.8787861], [121.2757444, 24.8784411], [121.2756599, 24.8783073], [121.2755861, 24.8781272], [121.2755325, 24.8779484], [121.2755016, 24.8777975], [121.2754798, 24.8776388], [121.2755003, 24.8773778], [121.2755227, 24.8772311]]}}, {"type": "Feature", "properties": {"county": "桃園市", "district": "大溪區", "highway": "primary", "name": "瑞安路一段"}, "geometry": {"type": "LineString", "coordinates": [[121.2784912, 24.8913884], [121.2787899, 24.8916603], [121.2788562, 24.8917458]]}}, {"type": "Feature", "properties": {"county": "桃園市", "district": "大溪區", "highway": "residential", "name": "仁德八街"}, "geometry": {"type": "LineString", "coordinates": [[121.2840132, 24.9131382], [121.2838713, 24.9127298], [121.2834542, 24.9115294], [121.2833016, 24.9110903], [121.2831171, 24.9105592], [121.2829495, 24.9100769], [121.2827448, 24.909522]]}}, {"type": "Feature", "properties": {"county": "桃園市", "district": "大溪區", "highway": "residential", "name": "仁德十一街"}, "geometry": {"type": "LineString", "coordinates": [[121.2840132, 24.9131382], [121.284226, 24.9139142], [121.2843868, 24.9146738]]}}, {"type": "Feature", "properties": {"county": "桃園市", "district": "大溪區", "highway": "residential", "name": "仁德街"}, "geometry": {"type": "LineString", "coordinates": [[121.2847116, 24.9129498], [121.2840132, 24.9131382], [121.2833816, 24.9133232], [121.2826943, 24.9135244], [121.2822239, 24.9136622], [121.2818046, 24.9137481], [121.2813552, 24.9138402], [121.280846, 24.9139446], [121.2807695, 24.9139556]]}}, {"type": "Feature", "properties": {"county": "桃園市", "district": "大溪區", "highway": "residential", "name": "仁善街"}, "geometry": {"type": "LineString", "coordinates": [[121.2865561, 24.9078787], [121.285572, 24.908323], [121.284956, 24.9085815], [121.2838405, 24.9090452], [121.2827448, 24.909522], [121.2818525, 24.9098432], [121.2816073, 24.9099363], [121.2808869, 24.9102131], [121.2797099, 24.910607]]}}, {"type": "Feature", "properties": {"county": "桃園市", "district": "大溪區", "highway": "tertiary", "name": "公園路"}, "geometry": {"type": "LineString", "coordinates": [[121.2784919, 24.9072023], [121.278551, 24.9071805], [121.2795277, 24.9066891], [121.2797388, 24.9065816], [121.280485, 24.9062073], [121.2815153, 24.9056889], [121.2821404, 24.9054076], [121.2833434, 24.9049077], [121.2843331, 24.9045233], [121.2846906, 24.904387], [121.2847534, 24.9043633]]}}, {"type": "Feature", "properties": {"county": "桃園市", "district": "大溪區", "highway": "residential", "name": "埔仁路"}, "geometry": {"type": "LineString", "coordinates": [[121.285012, 24.914574], [121.2847116, 24.9129498], [121.2843097, 24.9107935], [121.2841272, 24.9097592], [121.2838405, 24.9090452], [121.2836713, 24.9086827], [121.2836568, 24.9086484], [121.2836218, 24.9085448], [121.2833769, 24.9079872], [121.2815153, 24.9056889], [121.280043, 24.9042764], [121.2800171, 24.9042517], [121.2791936, 24.9034675], [121.2788176, 24.9031199], [121.2784733, 24.9028015], [121.2781357, 24.9024893], [121.277512, 24.9019127], [121.277078, 24.9014986], [121.2767237, 24.9012153]]}}, {"type": "Feature", "properties": {"county": "桃園市", "district": "大溪區", "highway": "residential", "name": "仁德南街"}, "geometry": {"type": "LineString", "coordinates": [[121.2814817, 24.9117071], [121.2824086, 24.911393], [121.2833016, 24.9110903], [121.2837925, 24.9109247], [121.2843097, 24.9107935], [121.2848391, 24.9107352], [121.2853087, 24.9106712]]}}, {"type": "Feature", "properties": {"county": "桃園市", "district": "大溪區", "highway": "residential", "name": "仁德二街"}, "geometry": {"type": "LineString", "coordinates": [[121.2837925, 24.9109247], [121.2835029, 24.9098572], [121.2829495, 24.9100769], [121.2820058, 24.9104768], [121.2811531, 24.9108381], [121.2807115, 24.9110253], [121.2812044, 24.9123386], [121.281531, 24.9132272], [121.2820178, 24.913121]]}}, {"type": "Feature", "properties": {"county": "桃園市", "district": "大溪區", "highway": "residential", "name": "仁德六街"}, "geometry": {"type": "LineString", "coordinates": [[121.2822239, 24.9136622], [121.2820178, 24.913121], [121.2814817, 24.9117071], [121.2813089, 24.91125], [121.2811531, 24.9108381], [121.2808869, 24.9102131]]}}, {"type": "Feature", "properties": {"county": "桃園市", "district": "大溪區", "highway": "residential", "name": "仁善二街"}, "geometry": {"type": "LineString", "coordinates": [[121.2816073, 24.9099363], [121.2813219, 24.9094888], [121.2810182, 24.9090388], [121.2803977, 24.9080574], [121.2798357, 24.9071647], [121.2795277, 24.9066891]]}}, {"type": "Feature", "properties": {"county": "桃園市", "district": "大溪區", "highway": "unclassified", "name": null}, "geometry": {"type": "LineString", "coordinates": [[121.2818525, 24.9098432], [121.2812487, 24.9089276], [121.2806099, 24.9079585], [121.2797388, 24.9065816]]}}, {"type": "Feature", "properties": {"county": "桃園市", "district": "大溪區", "highway": "residential", "name": "仁德北街"}, "geometry": {"type": "LineString", "coordinates": [[121.285012, 24.914574], [121.2843868, 24.9146738], [121.2842691, 24.9146924], [121.2838796, 24.9147537], [121.2830294, 24.9148877], [121.2824578, 24.9149778]]}}, {"type": "Feature", "properties": {"county": "桃園市", "district": "大溪區", "highway": "residential", "name": "仁德十街"}, "geometry": {"type": "LineString", "coordinates": [[121.2838713, 24.9127298], [121.2842526, 24.9126163], [121.2838884, 24.911413], [121.2834542, 24.9115294]]}}, {"type": "Feature", "properties": {"county": "桃園市", "district": "大溪區", "highway": "residential", "name": "仁美街"}, "geometry": {"type": "LineString", "coordinates": [[121.2850069, 24.9117503], [121.285128, 24.9117441], [121.2853905, 24.9117454], [121.2857472, 24.9117722], [121.2861227, 24.9119206], [121.2862354, 24.9119109], [121.2864124, 24.9114778], [121.2865304, 24.9113027], [121.2867767, 24.9111032]]}}, {"type": "Feature", "properties": {"county": "桃園市", "district": "大溪區", "highway": "residential", "name": "長興西街"}, "geometry": {"type": "LineString", "coordinates": [[121.2850069, 24.9117503], [121.2848391, 24.9107352], [121.2846361, 24.9096566], [121.2845787, 24.9093518], [121.2845881, 24.9092545], [121.28512, 24.908991]]}}, {"type": "Feature", "properties": {"county": "桃園市", "district": "大溪區", "highway": "residential", "name": "長興街三段"}, "geometry": {"type": "LineString", "coordinates": [[121.2856913, 24.9102998], [121.2853043, 24.9094133], [121.28512, 24.908991], [121.284956, 24.9085815]]}}, {"type": "Feature", "properties": {"county": "桃園市", "district": "大溪區", "highway": "residential", "name": null}, "geometry": {"type": "LineString", "coordinates": [[121.2856913, 24.9102998], [121.2853087, 24.9106712]]}}, {"type": "Feature", "properties": {"county": "桃園市", "district": "大溪區", "highway": "residential", "name": "仁美一街"}, "geometry": {"type": "LineString", "coordinates": [[121.2865304, 24.9113027], [121.285964, 24.9111421], [121.2856631, 24.9110568], [121.2853876, 24.9110695]]}}, {"type": "Feature", "properties": {"county": "桃園市", "district": "大溪區", "highway": "residential", "name": "長興東街"}, "geometry": {"type": "LineString", "coordinates": [[121.28512, 24.908991], [121.2856044, 24.9087986], [121.2860887, 24.9086062]]}}, {"type": "Feature", "properties": {"county": "桃園市", "district": "大溪區", "highway": "residential", "name": "仁德五街"}, "geometry": {"type": "LineString", "coordinates": [[121.2822239, 24.9136622], [121.2823547, 24.9143981], [121.2824578, 24.9149778], [121.2825101, 24.915367], [121.2825695, 24.9158087], [121.2826587, 24.9163315], [121.2825764, 24.9164188]]}}, {"type": "Feature", "properties": {"county": "桃園市", "district": "大溪區", "highway": "residential", "name": "新光路"}, "geometry": {"type": "LineString", "coordinates": [[121.2825764, 24.9164188], [121.281278, 24.9164051], [121.2812041, 24.9164075]]}}, {"type": "Feature", "properties": {"county": "桃園市", "district": "大溪區", "highway": "residential", "name": "長興街二段"}, "geometry": {"type": "LineString", "coordinates": [[121.284956, 24.9085815], [121.284732, 24.9080805], [121.2841351, 24.9067294], [121.2837156, 24.9057656], [121.2835241, 24.9053257], [121.2833434, 24.9049077], [121.2831043, 24.9043067], [121.2830867, 24.9042624], [121.2829384, 24.9038858], [121.2827472, 24.9033529]]}}, {"type": "Feature", "properties": {"county": "桃園市", "district": "大溪區", "highway": "residential", "name": "慈光街"}, "geometry": {"type": "LineString", "coordinates": [[121.2768387, 24.9052497], [121.2768928, 24.9052133], [121.2777998, 24.9045251], [121.2791936, 24.9034675], [121.2796874, 24.9031881], [121.2797422, 24.9031571], [121.2799944, 24.9029792], [121.280326, 24.9027886], [121.2804877, 24.9027432], [121.2812319, 24.9025345], [121.2818499, 24.9023866], [121.2824197, 24.9022503], [121.2824945, 24.9022324], [121.2828159, 24.9021581], [121.2831531, 24.9020801], [121.2835443, 24.9019896], [121.2839309, 24.9019001], [121.283999, 24.9018855]]}}, {"type": "Feature", "properties": {"county": "桃園市", "district": "大溪區", "highway": "residential", "name": "仁德一街"}, "geometry": {"type": "LineString", "coordinates": [[121.2825695, 24.9158087], [121.2817455, 24.9158114], [121.2816773, 24.915467], [121.281494, 24.9145411], [121.2813552, 24.9138402]]}}, {"type": "Feature", "properties": {"county": "桃園市", "district": "大溪區", "highway": "tertiary", "name": "南興路一段"}, "geometry": {"type": "LineString", "coordinates": [[121.2642951, 24.9020087], [121.2644051, 24.9019674], [121.2647028, 24.9018847], [121.2647296, 24.9018092], [121.2647007, 24.9012322], [121.2646706, 24.9006293], [121.2649791, 24.8992207], [121.2651213, 24.8981767], [121.2651011, 24.8978922], [121.2648786, 24.8971246], [121.2648646, 24.8963028], [121.2648535, 24.8961441], [121.2648179, 24.8956335], [121.2647665, 24.8943712], [121.2647377, 24.894294], [121.2646894, 24.8942575], [121.2644815, 24.8941273], [121.2642716, 24.8940176], [121.2641457, 24.8939619], [121.2640156, 24.8939139], [121.263749, 24.893819], [121.2634695, 24.8937436], [121.263314, 24.8937117], [121.2631659, 24.8937033], [121.2630334, 24.8937159], [121.2628891, 24.8937606], [121.2627763, 24.893818], [121.2626989, 24.8938802], [121.2626118, 24.8939794], [121.2625441, 24.8940752], [121.2624892, 24.8941797], [121.2624225, 24.8943509], [121.2622889, 24.8947212], [121.262261, 24.8948561], [121.2622394, 24.8950054], [121.2622416, 24.8950811], [121.2622523, 24.8951403], [121.2622835, 24.8952774], [121.262291, 24.895319], [121.2622856, 24.8953606], [121.2622607, 24.8954052], [121.2622261, 24.8954342], [121.2621677, 24.8954651], [121.2621001, 24.8954781], [121.2620336, 24.8954791]]}}, {"type": "Feature", "properties": {"county": "桃園市", "district": "大溪區", "highway": "unclassified", "name": "南興路一段151巷150弄"}, "geometry": {"type": "LineString", "coordinates": [[121.2672524, 24.8906408], [121.2671069, 24.8908206], [121.2668793, 24.8909582], [121.2667691, 24.8910194], [121.2666061, 24.8911097], [121.2663536, 24.8912774], [121.2661867, 24.8914276], [121.2660336, 24.8915928], [121.2658639, 24.8918218], [121.2657411, 24.8920533], [121.26565, 24.8923111], [121.2655976, 24.8925552], [121.2655852, 24.8927616], [121.2655879, 24.8929631], [121.265621, 24.8931809], [121.26573, 24.89352], [121.2658239, 24.8937728], [121.2662536, 24.8947659], [121.2663556, 24.8949897], [121.2663941, 24.8950753], [121.2664473, 24.8951851], [121.2665302, 24.8953338], [121.2665729, 24.895414], [121.2666475, 24.8955575], [121.2666901, 24.8956436], [121.2672657, 24.8967719], [121.2679028, 24.8977189], [121.2680479, 24.8979725]]}}, {"type": "Feature", "properties": {"county": "桃園市", "district": "大溪區", "highway": "unclassified", "name": "南興路一段151巷"}, "geometry": {"type": "LineString", "coordinates": [[121.2649791, 24.8992207], [121.2650861, 24.8991664], [121.2652433, 24.8991608], [121.2654651, 24.8992167], [121.2655853, 24.8991999], [121.2657609, 24.8991887], [121.2660289, 24.8992027], [121.2662446, 24.8991832], [121.2667776, 24.8990909], [121.2668632, 24.8991015]]}}, {"type": "Feature", "properties": {"county": "桃園市", "district": "大溪區", "highway": "unclassified", "name": null}, "geometry": {"type": "LineString", "coordinates": [[121.2675041, 24.898433], [121.2675126, 24.8983787], [121.2675439, 24.8983114], [121.2680479, 24.8979725]]}}, {"type": "Feature", "properties": {"county": "桃園市", "district": "大溪區", "highway": "unclassified", "name": "南興路一段151巷"}, "geometry": {"type": "LineString", "coordinates": [[121.2680479, 24.8979725], [121.2682616, 24.898314], [121.2688266, 24.8991181], [121.2689231, 24.899157], [121.2690758, 24.8991613], [121.269196, 24.8991647], [121.2695322, 24.8991294], [121.2696098, 24.8990743], [121.2699003, 24.8987956], [121.2701281, 24.8985488], [121.2701482, 24.8984734], [121.2701576, 24.8983165]]}}, {"type": "Feature", "properties": {"county": "桃園市", "district": "大溪區", "highway": "residential", "name": "仁德九街"}, "geometry": {"type": "LineString", "coordinates": [[121.2833816, 24.9133232], [121.2835306, 24.9137512], [121.2836772, 24.9141724], [121.2838796, 24.9147537]]}}, {"type": "Feature", "properties": {"county": "桃園市", "district": "大溪區", "highway": "residential", "name": "仁德七街"}, "geometry": {"type": "LineString", "coordinates": [[121.2830294, 24.9148877], [121.2829157, 24.9144252], [121.2827994, 24.9139517], [121.2826943, 24.9135244]]}}, {"type": "Feature", "properties": {"county": "桃園市", "district": "大溪區", "highway": "residential", "name": "仁德三街"}, "geometry": {"type": "LineString", "coordinates": [[121.2818046, 24.9137481], [121.2819147, 24.9144672], [121.2820582, 24.9154055]]}}, {"type": "Feature", "properties": {"county": "桃園市", "district": "大溪區", "highway": "residential", "name": "仁善一街"}, "geometry": {"type": "LineString", "coordinates": [[121.285572, 24.908323], [121.2848161, 24.9064835], [121.2847532, 24.9063278], [121.284416, 24.9055125], [121.2842258, 24.9050524]]}}, {"type": "Feature", "properties": {"county": "桃園市", "district": "大溪區", "highway": "residential", "name": "介壽路720巷"}, "geometry": {"type": "LineString", "coordinates": [[121.2837156, 24.9057656], [121.284416, 24.9055125], [121.285039, 24.9052829], [121.2851027, 24.9052537]]}}, {"type": "Feature", "properties": {"county": "桃園市", "district": "大溪區", "highway": "residential", "name": "仁善五街"}, "geometry": {"type": "LineString", "coordinates": [[121.2812487, 24.9089276], [121.2810182, 24.9090388], [121.2807233, 24.9091681], [121.2805673, 24.9092196], [121.2800479, 24.9094643]]}}, {"type": "Feature", "properties": {"county": "桃園市", "district": "大溪區", "highway": "residential", "name": "仁善三街"}, "geometry": {"type": "LineString", "coordinates": [[121.2813219, 24.9094888], [121.2809861, 24.9096336], [121.2802359, 24.909953], [121.2801265, 24.9096373], [121.2800479, 24.9094643], [121.2795944, 24.9084127], [121.279226, 24.9075412], [121.2795392, 24.9073478], [121.2798357, 24.9071647]]}}, {"type": "Feature", "properties": {"county": "桃園市", "district": "大溪區", "highway": "residential", "name": "仁善七街"}, "geometry": {"type": "LineString", "coordinates": [[121.2805673, 24.9092196], [121.2799993, 24.9082331], [121.2795392, 24.9073478]]}}, {"type": "Feature", "properties": {"county": "桃園市", "district": "大溪區", "highway": "residential", "name": "仁善六街"}, "geometry": {"type": "LineString", "coordinates": [[121.2795944, 24.9084127], [121.2799993, 24.9082331], [121.2803977, 24.9080574], [121.2806099, 24.9079585]]}}, {"type": "Feature", "properties": {"county": "桃園市", "district": "大溪區", "highway": "residential", "name": "公園五街"}, "geometry": {"type": "LineString", "coordinates": [[121.280485, 24.9062073], [121.2799984, 24.9057372], [121.2795256, 24.9052804], [121.2791117, 24.9048805]]}}, {"type": "Feature", "properties": {"county": "桃園市", "district": "大溪區", "highway": "residential", "name": null}, "geometry": {"type": "LineString", "coordinates": [[121.2827472, 24.9033529], [121.2826259, 24.9029444], [121.2824197, 24.9022503]]}}, {"type": "Feature", "properties": {"county": "桃園市", "district": "大溪區", "highway": "residential", "name": "埔頂七街"}, "geometry": {"type": "LineString", "coordinates": [[121.2821281, 24.9034751], [121.28159, 24.9036034], [121.2807987, 24.9037922], [121.280632, 24.9038549], [121.2804978, 24.9039434], [121.2800171, 24.9042517], [121.2795308, 24.9045894], [121.2791117, 24.9048805], [121.278529, 24.9052542]]}}, {"type": "Feature", "properties": {"county": "桃園市", "district": "大溪區", "highway": "residential", "name": null}, "geometry": {"type": "LineString", "coordinates": [[121.2821281, 24.9034751], [121.2827472, 24.9033529]]}}, {"type": "Feature", "properties": {"county": "桃園市", "district": "大溪區", "highway": "residential", "name": "公園三街"}, "geometry": {"type": "LineString", "coordinates": [[121.2821404, 24.9054076], [121.2815719, 24.9049008], [121.2808772, 24.9042816], [121.2804978, 24.9039434], [121.2796874, 24.9031881], [121.2785338, 24.9021559], [121.2774544, 24.9011924]]}}, {"type": "Feature", "properties": {"county": "桃園市", "district": "大溪區", "highway": "secondary_link", "name": null}, "geometry": {"type": "LineString", "coordinates": [[121.2648327, 24.9037381], [121.2648745, 24.9036902], [121.2648981, 24.9036376], [121.2649153, 24.9035725], [121.2649173, 24.9035261], [121.2649167, 24.9034663], [121.2649196, 24.9034002]]}}, {"type": "Feature", "properties": {"county": "桃園市", "district": "大溪區", "highway": "residential", "name": "長興街二段85巷"}, "geometry": {"type": "LineString", "coordinates": [[121.2815719, 24.9049008], [121.2818959, 24.9047643], [121.2824032, 24.9045505], [121.2830867, 24.9042624]]}}, {"type": "Feature", "properties": {"county": "桃園市", "district": "大溪區", "highway": "residential", "name": "埔頂街"}, "geometry": {"type": "LineString", "coordinates": [[121.2789168, 24.9056657], [121.278529, 24.9052542], [121.2781775, 24.9049027], [121.2777998, 24.9045251], [121.2774839, 24.9041705], [121.2771504, 24.9037962], [121.2768943, 24.9034385], [121.2766549, 24.9030464], [121.2764756, 24.9027527], [121.276248, 24.9022889], [121.276152, 24.9020995], [121.2761741, 24.902012], [121.2761775, 24.9019482], [121.2761487, 24.9018985], [121.2759859, 24.9017135], [121.2758468, 24.9015536], [121.2756521, 24.9013217]]}}, {"type": "Feature", "properties": {"county": "桃園市", "district": "大溪區", "highway": "residential", "name": "埔頂八街"}, "geometry": {"type": "LineString", "coordinates": [[121.2795256, 24.9052804], [121.2789168, 24.9056657], [121.2784375, 24.9059929], [121.2782033, 24.9061528], [121.2778768, 24.9063757], [121.2778287, 24.9064075]]}}, {"type": "Feature", "properties": {"county": "桃園市", "district": "大溪區", "highway": "residential", "name": "埔頂六街"}, "geometry": {"type": "LineString", "coordinates": [[121.2782033, 24.9061528], [121.2785876, 24.9065172], [121.2799984, 24.9057372], [121.2804313, 24.9054718]]}}, {"type": "Feature", "properties": {"county": "桃園市", "district": "大溪區", "highway": "residential", "name": "埔頂五街"}, "geometry": {"type": "LineString", "coordinates": [[121.2771113, 24.9044676], [121.2774839, 24.9041705], [121.2783483, 24.9034896], [121.2783608, 24.9034798], [121.2788176, 24.9031199]]}}, {"type": "Feature", "properties": {"county": "桃園市", "district": "大溪區", "highway": "residential", "name": "埔頂二街"}, "geometry": {"type": "LineString", "coordinates": [[121.2764755, 24.9037597], [121.2768943, 24.9034385], [121.2776827, 24.9028357], [121.2781357, 24.9024893], [121.2785338, 24.9021559], [121.2789046, 24.9019092], [121.2797981, 24.901395]]}}, {"type": "Feature", "properties": {"county": "桃園市", "district": "大溪區", "highway": "residential", "name": "埔頂一街"}, "geometry": {"type": "LineString", "coordinates": [[121.2751752, 24.903494], [121.2752387, 24.9034571], [121.2756014, 24.9032684], [121.2758963, 24.9031149], [121.2764756, 24.9027527], [121.2769583, 24.9023615], [121.2771297, 24.9022226], [121.277512, 24.9019127]]}}, {"type": "Feature", "properties": {"county": "桃園市", "district": "大溪區", "highway": "residential", "name": "埔頂三街"}, "geometry": {"type": "LineString", "coordinates": [[121.2771504, 24.9037962], [121.2780134, 24.9031473], [121.2784733, 24.9028015]]}}, {"type": "Feature", "properties": {"county": "桃園市", "district": "大溪區", "highway": "residential", "name": "慈光一街"}, "geometry": {"type": "LineString", "coordinates": [[121.2802873, 24.9020515], [121.2814023, 24.9017426], [121.2815807, 24.9016976], [121.2816325, 24.9017382], [121.2816701, 24.9017676], [121.2818499, 24.9023866], [121.2820272, 24.9030801], [121.2821281, 24.9034751], [121.2822492, 24.9039486], [121.2824032, 24.9045505]]}}, {"type": "Feature", "properties": {"county": "桃園市", "district": "大溪區", "highway": "unclassified", "name": "仁和路二段149巷"}, "geometry": {"type": "LineString", "coordinates": [[121.2664086, 24.9033242], [121.2664334, 24.9025417], [121.2664549, 24.9016416], [121.2665691, 24.9004748], [121.2666463, 24.9001983], [121.2670976, 24.8994091], [121.2672398, 24.8992111]]}}, {"type": "Feature", "properties": {"county": "桃園市", "district": "大溪區", "highway": "residential", "name": null}, "geometry": {"type": "LineString", "coordinates": [[121.2728589, 24.8959772], [121.2726454, 24.8960186], [121.2724471, 24.8961666], [121.2722055, 24.8964224], [121.2720492, 24.896583]]}}, {"type": "Feature", "properties": {"county": "桃園市", "district": "大溪區", "highway": "residential", "name": "慈光二街"}, "geometry": {"type": "LineString", "coordinates": [[121.2802873, 24.9020515], [121.280347, 24.9022577], [121.2804877, 24.9027432], [121.2806886, 24.903421], [121.2807987, 24.9037922]]}}, {"type": "Feature", "properties": {"county": "桃園市", "district": "大溪區", "highway": "residential", "name": "慈光街79巷"}, "geometry": {"type": "LineString", "coordinates": [[121.2789046, 24.9019092], [121.2792275, 24.9021819], [121.2793358, 24.9022887], [121.2794525, 24.9024724], [121.2799944, 24.9029792]]}}, {"type": "Feature", "properties": {"county": "桃園市", "district": "大溪區", "highway": "residential", "name": "慈光街79巷31弄"}, "geometry": {"type": "LineString", "coordinates": [[121.2802873, 24.9020515], [121.2800144, 24.9022012], [121.2799004, 24.902245], [121.2797864, 24.9022583], [121.2794525, 24.9024724]]}}, {"type": "Feature", "properties": {"county": "桃園市", "district": "大溪區", "highway": "residential", "name": "仁和路一段16巷"}, "geometry": {"type": "LineString", "coordinates": [[121.2789046, 24.9019092], [121.2786144, 24.9016197], [121.278141, 24.9011474], [121.2779202, 24.9008184], [121.2777047, 24.9006858], [121.2774009, 24.9004813], [121.2773652, 24.9004583], [121.2768674, 24.9001388], [121.2767461, 24.9000603], [121.2765249, 24.8999343]]}}, {"type": "Feature", "properties": {"county": "桃園市", "district": "大溪區", "highway": "residential", "name": "埔仁路192巷"}, "geometry": {"type": "LineString", "coordinates": [[121.277078, 24.9014986], [121.2773269, 24.9012962], [121.2774544, 24.9011924], [121.2775974, 24.901076], [121.2779202, 24.9008184]]}}, {"type": "Feature", "properties": {"county": "桃園市", "district": "大溪區", "highway": "residential", "name": null}, "geometry": {"type": "LineString", "coordinates": [[121.2776827, 24.9028357], [121.2780134, 24.9031473], [121.2783608, 24.9034798]]}}, {"type": "Feature", "properties": {"county": "桃園市", "district": "大溪區", "highway": "residential", "name": "埔頂一街88巷"}, "geometry": {"type": "LineString", "coordinates": [[121.2767237, 24.9012153], [121.2766653, 24.9012213], [121.276553, 24.9014154], [121.2765557, 24.9014567], [121.2769456, 24.901977], [121.2771297, 24.9022226]]}}, {"type": "Feature", "properties": {"county": "桃園市", "district": "大溪區", "highway": "residential", "name": "埔頂路一段305巷"}, "geometry": {"type": "LineString", "coordinates": [[121.2744344, 24.9021999], [121.2743683, 24.9022237], [121.2736835, 24.9024426]]}}, {"type": "Feature", "properties": {"county": "桃園市", "district": "大溪區", "highway": "residential", "name": "仁和路一段328巷"}, "geometry": {"type": "LineString", "coordinates": [[121.2732386, 24.9022097], [121.2733626, 24.9025346], [121.2734795, 24.9028408], [121.2736114, 24.9031865]]}}, {"type": "Feature", "properties": {"county": "桃園市", "district": "大溪區", "highway": "residential", "name": "仁和路一段328巷12弄"}, "geometry": {"type": "LineString", "coordinates": [[121.2733626, 24.9025346], [121.2736835, 24.9024426]]}}, {"type": "Feature", "properties": {"county": "桃園市", "district": "大溪區", "highway": "residential", "name": "仁和路一段328巷11弄"}, "geometry": {"type": "LineString", "coordinates": [[121.2733626, 24.9025346], [121.2731148, 24.9026129]]}}, {"type": "Feature", "properties": {"county": "桃園市", "district": "大溪區", "highway": "residential", "name": "埔頂路一段305巷36弄"}, "geometry": {"type": "LineString", "coordinates": [[121.2736835, 24.9024426], [121.2737961, 24.9027394], [121.2738668, 24.9029782]]}}, {"type": "Feature", "properties": {"county": "桃園市", "district": "大溪區", "highway": "residential", "name": "仁和路一段328巷26弄"}, "geometry": {"type": "LineString", "coordinates": [[121.2737961, 24.9027394], [121.2734795, 24.9028408]]}}, {"type": "Feature", "properties": {"county": "桃園市", "district": "大溪區", "highway": "residential", "name": "仁和路一段328巷25弄"}, "geometry": {"type": "LineString", "coordinates": [[121.2734795, 24.9028408], [121.2731622, 24.9029555], [121.2732765, 24.9032813]]}}, {"type": "Feature", "properties": {"county": "桃園市", "district": "大溪區", "highway": "residential", "name": "隆德街"}, "geometry": {"type": "LineString", "coordinates": [[121.2756521, 24.9013217], [121.2753077, 24.9007926]]}}, {"type": "Feature", "properties": {"county": "桃園市", "district": "大溪區", "highway": "residential", "name": "仁善一街106巷"}, "geometry": {"type": "LineString", "coordinates": [[121.2841351, 24.9067294], [121.2848161, 24.9064835]]}}, {"type": "Feature", "properties": {"county": "桃園市", "district": "大溪區", "highway": "residential", "name": "忠泰街"}, "geometry": {"type": "LineString", "coordinates": [[121.284172, 24.9025776], [121.2841036, 24.9025947], [121.2836926, 24.9026913], [121.283459, 24.9027467], [121.2832124, 24.9028052], [121.2829789, 24.9028606], [121.2827448, 24.9029162], [121.2826259, 24.9029444]]}}, {"type": "Feature", "properties": {"county": "桃園市", "district": "大溪區", "highway": "residential", "name": "忠泰街6巷"}, "geometry": {"type": "LineString", "coordinates": [[121.2838817, 24.9035461], [121.2836926, 24.9026913]]}}, {"type": "Feature", "properties": {"county": "桃園市", "district": "大溪區", "highway": "residential", "name": "長興街二段10巷"}, "geometry": {"type": "LineString", "coordinates": [[121.2829384, 24.9038858], [121.2832062, 24.9037894], [121.2834322, 24.903708], [121.2836612, 24.9036255], [121.2838817, 24.9035461]]}}, {"type": "Feature", "properties": {"county": "桃園市", "district": "大溪區", "highway": "residential", "name": "忠泰街16巷"}, "geometry": {"type": "LineString", "coordinates": [[121.2836612, 24.9036255], [121.283459, 24.9027467]]}}, {"type": "Feature", "properties": {"county": "桃園市", "district": "大溪區", "highway": "residential", "name": "忠泰街23巷"}, "geometry": {"type": "LineString", "coordinates": [[121.2834322, 24.903708], [121.2832124, 24.9028052]]}}, {"type": "Feature", "properties": {"county": "桃園市", "district": "大溪區", "highway": "residential", "name": "忠泰街36巷"}, "geometry": {"type": "LineString", "coordinates": [[121.2832062, 24.9037894], [121.2829789, 24.9028606]]}}, {"type": "Feature", "properties": {"county": "桃園市", "district": "大溪區", "highway": "residential", "name": "公園一街"}, "geometry": {"type": "LineString", "coordinates": [[121.2843331, 24.9045233], [121.2840845, 24.9039538], [121.2839119, 24.9035583], [121.2838817, 24.9035461]]}}, {"type": "Feature", "properties": {"county": "桃園市", "district": "大溪區", "highway": "residential", "name": "仁忠街"}, "geometry": {"type": "LineString", "coordinates": [[121.2808702, 24.9145484], [121.2808019, 24.9145576], [121.2791124, 24.9140106]]}}, {"type": "Feature", "properties": {"county": "桃園市", "district": "大溪區", "highway": "residential", "name": "仁和九街"}, "geometry": {"type": "LineString", "coordinates": [[121.2739355, 24.897246], [121.2734209, 24.8971985], [121.2733458, 24.8971718], [121.2729786, 24.8963442], [121.2728643, 24.8960563], [121.2728589, 24.8959772], [121.2728938, 24.8959395], [121.2735673, 24.8954719], [121.2740049, 24.8951962], [121.2742603, 24.8952054]]}}, {"type": "Feature", "properties": {"county": "桃園市", "district": "大溪區", "highway": "residential", "name": "仁和一街"}, "geometry": {"type": "LineString", "coordinates": [[121.2775883, 24.8965871], [121.2778064, 24.8967908], [121.2781675, 24.8971298], [121.2780978, 24.897485], [121.277857, 24.8977606], [121.277262, 24.8984592], [121.2763949, 24.8994333], [121.2763415, 24.8994919], [121.2760853, 24.8997731], [121.2756784, 24.9002196], [121.2756194, 24.9003072], [121.2751711, 24.9005617]]}}, {"type": "Feature", "properties": {"county": "桃園市", "district": "大溪區", "highway": "residential", "name": "仁和七街"}, "geometry": {"type": "LineString", "coordinates": [[121.2749606, 24.8989629], [121.2753166, 24.8992273], [121.2760853, 24.8997731], [121.2764532, 24.9000436]]}}, {"type": "Feature", "properties": {"county": "桃園市", "district": "大溪區", "highway": "residential", "name": "慈光街61巷"}, "geometry": {"type": "LineString", "coordinates": [[121.2824945, 24.9022324], [121.2820969, 24.900756], [121.2819755, 24.900305], [121.2819012, 24.9002087], [121.2818799, 24.9000578], [121.2817667, 24.8998716]]}}, {"type": "Feature", "properties": {"county": "桃園市", "district": "大溪區", "highway": "residential", "name": "慈光街61巷"}, "geometry": {"type": "LineString", "coordinates": [[121.2819012, 24.9002087], [121.2818552, 24.9002825], [121.281981, 24.9007211], [121.2820493, 24.9009593], [121.2821242, 24.9012203], [121.282165, 24.9013627], [121.2822227, 24.9015637], [121.2824197, 24.9022503]]}}, {"type": "Feature", "properties": {"county": "桃園市", "district": "大溪區", "highway": "residential", "name": "員林路一段142巷"}, "geometry": {"type": "LineString", "coordinates": [[121.2802606, 24.8984352], [121.2803208, 24.8986139], [121.2817709, 24.9000772], [121.2819012, 24.9002087]]}}, {"type": "Feature", "properties": {"county": "桃園市", "district": "大溪區", "highway": "residential", "name": "員林路一段70巷"}, "geometry": {"type": "LineString", "coordinates": [[121.2821244, 24.899211], [121.2821252, 24.8995664], [121.2821275, 24.8998559], [121.2821292, 24.9000756]]}}, {"type": "Feature", "properties": {"county": "桃園市", "district": "大溪區", "highway": "residential", "name": "慈光街61巷73弄"}, "geometry": {"type": "LineString", "coordinates": [[121.2819012, 24.9002087], [121.2820939, 24.9000962], [121.2821292, 24.9000756]]}}, {"type": "Feature", "properties": {"county": "桃園市", "district": "大溪區", "highway": "unclassified", "name": "埔頂路一段245巷338弄"}, "geometry": {"type": "LineString", "coordinates": [[121.2714055, 24.8951719], [121.2710588, 24.8952875], [121.2708738, 24.8953106], [121.2700371, 24.8953239], [121.2699415, 24.8952918], [121.2698495, 24.895234], [121.2697398, 24.8951987], [121.2693009, 24.895173], [121.2688727, 24.8950478], [121.268285, 24.8951418], [121.2680046, 24.8952341], [121.2676472, 24.8953151], [121.2673483, 24.8954101], [121.2671028, 24.8954293], [121.2669973, 24.8954527]]}}, {"type": "Feature", "properties": {"county": "桃園市", "district": "大溪區", "highway": "unclassified", "name": "新光東路"}, "geometry": {"type": "LineString", "coordinates": [[121.2912253, 24.9178947], [121.2911464, 24.9179419], [121.2909541, 24.9178699], [121.290414, 24.9176661], [121.2901561, 24.917609], [121.2900804, 24.9175853], [121.288681, 24.9172987], [121.2883224, 24.9172332], [121.2881228, 24.9172437], [121.2879626, 24.9173846]]}}, {"type": "Feature", "properties": {"county": "桃園市", "district": "大溪區", "highway": "residential", "name": "仁和東街"}, "geometry": {"type": "LineString", "coordinates": [[121.2736026, 24.8928289], [121.2740715, 24.8932441], [121.2745678, 24.8936835], [121.2751217, 24.894144], [121.2755075, 24.8944675], [121.2759414, 24.8948272], [121.2762392, 24.8950724]]}}, {"type": "Feature", "properties": {"county": "桃園市", "district": "大溪區", "highway": "residential", "name": "仁和三街"}, "geometry": {"type": "LineString", "coordinates": [[121.2762392, 24.8950724], [121.2766272, 24.8947503]]}}, {"type": "Feature", "properties": {"county": "桃園市", "district": "大溪區", "highway": "residential", "name": "仁和三街22巷"}, "geometry": {"type": "LineString", "coordinates": [[121.2762392, 24.8950724], [121.2762615, 24.8950907], [121.276871, 24.8955553]]}}, {"type": "Feature", "properties": {"county": "桃園市", "district": "大溪區", "highway": "residential", "name": "仁和三街"}, "geometry": {"type": "LineString", "coordinates": [[121.2762615, 24.8950907], [121.276235, 24.8952881], [121.276209, 24.8954861], [121.2762032, 24.8955318], [121.2761765, 24.8957276], [121.2761687, 24.8957659], [121.2761402, 24.8959576], [121.2761326, 24.8960033], [121.2761008, 24.8962049], [121.2760932, 24.8962542], [121.2760664, 24.8964329], [121.2760311, 24.8966262], [121.2755631, 24.897205], [121.2745532, 24.8984029]]}}, {"type": "Feature", "properties": {"county": "桃園市", "district": "大溪區", "highway": "residential", "name": "仁和五街"}, "geometry": {"type": "LineString", "coordinates": [[121.2742928, 24.8979705], [121.2745615, 24.8976368], [121.2751927, 24.8969079], [121.275547, 24.8964675], [121.2756527, 24.8956992], [121.2757499, 24.8950487], [121.2759414, 24.8948272]]}}, {"type": "Feature", "properties": {"county": "桃園市", "district": "大溪區", "highway": "residential", "name": "仁和西街"}, "geometry": {"type": "LineString", "coordinates": [[121.27402, 24.8967351], [121.2744776, 24.8967969], [121.2747855, 24.8968327], [121.2751495, 24.8968851], [121.2751927, 24.8969079], [121.2755631, 24.897205], [121.2759923, 24.8975589], [121.2760438, 24.8975952], [121.2764643, 24.8978983]]}}, {"type": "Feature", "properties": {"county": "桃園市", "district": "大溪區", "highway": "residential", "name": "仁和路一段79巷"}, "geometry": {"type": "LineString", "coordinates": [[121.277262, 24.8984592], [121.2776071, 24.8986984]]}}, {"type": "Feature", "properties": {"county": "桃園市", "district": "大溪區", "highway": "residential", "name": "隆德街48巷"}, "geometry": {"type": "LineString", "coordinates": [[121.2750632, 24.9003792], [121.2744708, 24.9008107], [121.2741949, 24.9009918], [121.2739568, 24.9011451], [121.273904, 24.9011732]]}}, {"type": "Feature", "properties": {"county": "桃園市", "district": "大溪區", "highway": "residential", "name": "仁和二街"}, "geometry": {"type": "LineString", "coordinates": [[121.2780101, 24.896095], [121.2775883, 24.8965871], [121.2774003, 24.8968091], [121.2764643, 24.8978983], [121.2753166, 24.8992273], [121.2750406, 24.899584], [121.2747831, 24.8998979], [121.2743352, 24.9004148], [121.2743057, 24.9004915], [121.2743083, 24.9005608], [121.2744708, 24.9008107]]}}, {"type": "Feature", "properties": {"county": "桃園市", "district": "大溪區", "highway": "residential", "name": "仁和路一段311巷"}, "geometry": {"type": "LineString", "coordinates": [[121.2714009, 24.8979609], [121.2714873, 24.8981474], [121.2714914, 24.8982082], [121.2714686, 24.8982496], [121.2713586, 24.8983128], [121.2712057, 24.8984126], [121.2711708, 24.8984746], [121.2711722, 24.8985281], [121.2719937, 24.9015051], [121.2722635, 24.9024011], [121.272303, 24.9025063]]}}, {"type": "Feature", "properties": {"county": "桃園市", "district": "大溪區", "highway": "unclassified", "name": "仁和路二段190巷"}, "geometry": {"type": "LineString", "coordinates": [[121.2640728, 24.9110419], [121.2641372, 24.9112462], [121.2643062, 24.9115747], [121.2644604, 24.911852], [121.26449, 24.9119884], [121.2644979, 24.9120247], [121.2645013, 24.9121713], [121.2645007, 24.9122248], [121.2644993, 24.9125149], [121.2645213, 24.912673], [121.2645418, 24.9128197], [121.2645447, 24.912914], [121.2645466, 24.9129771], [121.2645651, 24.9132042], [121.264569, 24.913252], [121.2644993, 24.9133699], [121.2644551, 24.9134745], [121.2644363, 24.9136035], [121.2644631, 24.913854], [121.2646066, 24.9140766], [121.2647958, 24.9142513], [121.2650022, 24.9143649], [121.2651475, 24.9144014], [121.2653101, 24.9144051], [121.2654834, 24.9142944]]}}, {"type": "Feature", "properties": {"county": "桃園市", "district": "大溪區", "highway": "unclassified", "name": null}, "geometry": {"type": "LineString", "coordinates": [[121.2654834, 24.9142944], [121.2656867, 24.9141617]]}}, {"type": "Feature", "properties": {"county": "桃園市", "district": "大溪區", "highway": "unclassified", "name": "仁和路二段190巷"}, "geometry": {"type": "LineString", "coordinates": [[121.2656867, 24.9141617], [121.2657801, 24.9140584], [121.2659195, 24.9138905], [121.2660818, 24.9137774], [121.2661901, 24.9137508], [121.2664322, 24.9136419], [121.2675813, 24.9134724]]}}, {"type": "Feature", "properties": {"county": "桃園市", "district": "大溪區", "highway": "unclassified", "name": "埔頂路一段357巷345弄"}, "geometry": {"type": "LineString", "coordinates": [[121.2732173, 24.9116964], [121.2728488, 24.9117512], [121.271968, 24.9117825], [121.2717252, 24.9117698], [121.2714964, 24.9117931], [121.271472, 24.9118074], [121.2713843, 24.9118587]]}}, {"type": "Feature", "properties": {"county": "桃園市", "district": "大溪區", "highway": "unclassified", "name": null}, "geometry": {"type": "LineString", "coordinates": [[121.2713843, 24.9118587], [121.2713212, 24.9119053]]}}, {"type": "Feature", "properties": {"county": "桃園市", "district": "大溪區", "highway": "unclassified", "name": "仁和路二段190巷"}, "geometry": {"type": "LineString", "coordinates": [[121.2713212, 24.9119053], [121.2712535, 24.9119561], [121.2711952, 24.9119752], [121.2710389, 24.9119681], [121.2708646, 24.9120241], [121.2698467, 24.9123343], [121.2695315, 24.9124924], [121.2692981, 24.9125982], [121.2688691, 24.9127276], [121.2676019, 24.9133054], [121.2675697, 24.9133662], [121.2675813, 24.9134724]]}}, {"type": "Feature", "properties": {"county": "桃園市", "district": "大溪區", "highway": "unclassified", "name": "埔頂路一段357巷711弄"}, "geometry": {"type": "LineString", "coordinates": [[121.2675813, 24.9134724], [121.2677847, 24.9138335], [121.2679617, 24.9141351], [121.2683128, 24.9152221], [121.2684391, 24.9155801], [121.2685867, 24.9160892], [121.2687642, 24.9166409], [121.268846, 24.9168331], [121.2688768, 24.9168646], [121.2689198, 24.9169085], [121.2690297, 24.917024], [121.2691128, 24.9171379], [121.2693248, 24.91753], [121.2695005, 24.9177064], [121.2695906, 24.9178337], [121.2697307, 24.9180513], [121.2699757, 24.9184316], [121.270276, 24.9190667], [121.2703408, 24.9192038], [121.2703896, 24.919307], [121.2704366, 24.919358], [121.2704996, 24.9193884], [121.2705827, 24.9193994], [121.2707986, 24.9193884], [121.2708898, 24.9193641], [121.2709784, 24.9192984], [121.2711125, 24.9191853], [121.2714102, 24.9189396], [121.2715309, 24.9188813], [121.2716391, 24.9188577]]}}, {"type": "Feature", "properties": {"county": "桃園市", "district": "大溪區", "highway": "residential", "name": "慈康路155巷"}, "geometry": {"type": "LineString", "coordinates": [[121.2880772, 24.8698735], [121.2883719, 24.8699348], [121.2884402, 24.8698735], [121.2887969, 24.8695533]]}}, {"type": "Feature", "properties": {"county": "桃園市", "district": "大溪區", "highway": "unclassified", "name": null}, "geometry": {"type": "LineString", "coordinates": [[121.3645723, 24.9272279], [121.3644359, 24.9273012], [121.3643269, 24.927415], [121.3641718, 24.9275255], [121.3639934, 24.9275902], [121.3638915, 24.9275707], [121.3636034, 24.9274739], [121.3634813, 24.9274672], [121.3632681, 24.9275054], [121.3631599, 24.9275687], [121.3630747, 24.9276531], [121.3630075, 24.9278107], [121.3629073, 24.9278752], [121.362832, 24.9279153], [121.3626146, 24.9279727], [121.3624001, 24.9280631], [121.3623136, 24.9281647], [121.3623007, 24.9282943], [121.3623445, 24.9284543], [121.3623324, 24.9285611], [121.3622432, 24.9286545], [121.3621214, 24.9287358], [121.3619223, 24.9288327], [121.3617817, 24.9288325], [121.3616235, 24.9288557], [121.3615303, 24.928825], [121.3614484, 24.9287749], [121.3612405, 24.9286654], [121.3610504, 24.9286188], [121.3608263, 24.9286094], [121.3605893, 24.9286479], [121.3604399, 24.928685], [121.3602782, 24.9287574], [121.3600055, 24.9288408], [121.3597794, 24.928917], [121.3595822, 24.9290179], [121.3593598, 24.9291522], [121.359235, 24.9291764], [121.3589856, 24.929125], [121.358741, 24.9291214], [121.3586398, 24.9290809], [121.3583948, 24.9289595], [121.357917, 24.9287846], [121.3577184, 24.9287863], [121.3575814, 24.9287579], [121.3574182, 24.9286608], [121.3572387, 24.9285692], [121.3570596, 24.9285872], [121.3566508, 24.9284719], [121.356442, 24.9284682], [121.3561544, 24.928352], [121.3557956, 24.9281877], [121.3555567, 24.9280535]]}}, {"type": "Feature", "properties": {"county": "桃園市", "district": "大溪區", "highway": "unclassified", "name": "新光東路76巷"}, "geometry": {"type": "LineString", "coordinates": [[121.2851998, 24.9208083], [121.2852537, 24.9206421], [121.285612, 24.9201464], [121.2861028, 24.9194288], [121.2861538, 24.9194045], [121.2862155, 24.9194215], [121.2864978, 24.919551], [121.2865782, 24.919568], [121.2866265, 24.9195389], [121.2866909, 24.9194902], [121.287114, 24.9188715], [121.2873131, 24.9185804], [121.2873105, 24.9184345], [121.2873078, 24.9183518], [121.2873239, 24.9182958], [121.2874078, 24.9181624], [121.2875519, 24.9179334], [121.2879193, 24.9174424], [121.2879626, 24.9173846]]}}, {"type": "Feature", "properties": {"county": "桃園市", "district": "大溪區", "highway": "residential", "name": "二鬮路136巷"}, "geometry": {"type": "LineString", "coordinates": [[121.3599361, 24.9078722], [121.3598823, 24.9079007], [121.3595488, 24.9079678], [121.359405, 24.9079174], [121.3592265, 24.9078669], [121.359196, 24.9078583], [121.3590541, 24.9078618], [121.3588818, 24.9079413], [121.3586618, 24.9081505], [121.3584258, 24.9084862], [121.3583078, 24.9086225], [121.3581978, 24.9087271], [121.3579537, 24.9088244], [121.3576989, 24.9090093], [121.3574414, 24.9092501], [121.3571249, 24.9095347], [121.3569506, 24.9096442], [121.3565456, 24.9097707], [121.3562264, 24.9098364], [121.3560118, 24.9099021]]}}, {"type": "Feature", "properties": {"county": "桃園市", "district": "大溪區", "highway": "residential", "name": "齋明街"}, "geometry": {"type": "LineString", "coordinates": [[121.2699134, 24.885727], [121.2704033, 24.8856552], [121.2707515, 24.8856587], [121.2709044, 24.8857096], [121.2709358, 24.8857242], [121.2710767, 24.8857898], [121.2711973, 24.8858274], [121.2713933, 24.8858885], [121.2714305, 24.8858922], [121.2714685, 24.8858959], [121.271623, 24.8859014], [121.2718008, 24.8859641], [121.2720733, 24.8861039], [121.2721226, 24.8861432], [121.2725519, 24.8864857], [121.2728439, 24.8866844], [121.2730025, 24.8867923], [121.2730401, 24.8868653], [121.2730615, 24.8869966], [121.2731044, 24.8873665], [121.273142, 24.8874735], [121.2733244, 24.8876682], [121.273555, 24.8878142], [121.2736999, 24.8878969], [121.2741183, 24.8883349], [121.2744294, 24.888639]]}}, {"type": "Feature", "properties": {"county": "桃園市", "district": "大溪區", "highway": "residential", "name": "信義路657巷"}, "geometry": {"type": "LineString", "coordinates": [[121.3089538, 24.894011], [121.3089323, 24.8940754], [121.3089501, 24.8943224], [121.3089246, 24.8945073], [121.3088649, 24.8946332], [121.3088616, 24.894854], [121.3088495, 24.8950815], [121.3088206, 24.8953315], [121.3087684, 24.8954586], [121.3086872, 24.8955967], [121.3085363, 24.8957616], [121.308408, 24.8959641], [121.3083747, 24.8961057], [121.3082261, 24.8962771], [121.3080463, 24.8964608], [121.307974, 24.8966067], [121.3078754, 24.8966858], [121.307764, 24.8967223], [121.3075916, 24.8967626], [121.3075265, 24.8968095], [121.3074777, 24.8969346], [121.3074254, 24.8970355], [121.3074253, 24.8970971], [121.3074749, 24.8971391], [121.307558, 24.8971896], [121.3077897, 24.8973383], [121.3079121, 24.8974737], [121.3078481, 24.8975951], [121.3076831, 24.8975779], [121.3075979, 24.8976151], [121.3075604, 24.8976881], [121.307496, 24.897789]]}}, {"type": "Feature", "properties": {"county": "桃園市", "district": "大溪區", "highway": "unclassified", "name": "太平西路"}, "geometry": {"type": "LineString", "coordinates": [[121.2488568, 24.9042994], [121.247892, 24.9045814], [121.2470857, 24.9048281], [121.2462764, 24.9051233], [121.2461121, 24.9051257], [121.2459614, 24.9051941], [121.2457889, 24.9053213], [121.2453618, 24.9057607], [121.245278, 24.90584], [121.24517, 24.9058788], [121.24495, 24.9059128], [121.2441353, 24.9059168], [121.2436609, 24.9059635], [121.2419106, 24.906136], [121.2417251, 24.9060999], [121.2414715, 24.9058781], [121.2413651, 24.9057769], [121.241323, 24.9057313], [121.2406185, 24.9049741]]}}, {"type": "Feature", "properties": {"county": "桃園市", "district": "大溪區", "highway": "residential", "name": "太平西路37巷"}, "geometry": {"type": "LineString", "coordinates": [[121.247892, 24.9045814], [121.2477929, 24.9042627], [121.2477081, 24.903998], [121.2476139, 24.9037395], [121.2475236, 24.903492], [121.2474236, 24.9032276], [121.2473395, 24.9029747]]}}, {"type": "Feature", "properties": {"county": "桃園市", "district": "大溪區", "highway": "unclassified", "name": "太平東路"}, "geometry": {"type": "LineString", "coordinates": [[121.2490998, 24.9042265], [121.2492989, 24.9041391], [121.2495343, 24.9040857], [121.2499534, 24.9039907], [121.2506927, 24.9037834], [121.2508915, 24.90373], [121.2525451, 24.903371]]}}, {"type": "Feature", "properties": {"county": "桃園市", "district": "大溪區", "highway": "residential", "name": "太平西路65巷"}, "geometry": {"type": "LineString", "coordinates": [[121.2470857, 24.9048281], [121.2462061, 24.9025266]]}}, {"type": "Feature", "properties": {"county": "桃園市", "district": "大溪區", "highway": "residential", "name": "龍南路"}, "geometry": {"type": "LineString", "coordinates": [[121.2540132, 24.9121087], [121.2537728, 24.9118156], [121.2531572, 24.9109623]]}}, {"type": "Feature", "properties": {"county": "桃園市", "district": "大溪區", "highway": "unclassified", "name": "東龍街"}, "geometry": {"type": "LineString", "coordinates": [[121.2506927, 24.9037834], [121.2507486, 24.9025642], [121.2508209, 24.9020572], [121.250821, 24.9015254], [121.2507888, 24.9009679], [121.2506797, 24.9000535], [121.2506667, 24.89961], [121.2506752, 24.8994556], [121.2506956, 24.8992547], [121.2507828, 24.8990613]]}}, {"type": "Feature", "properties": {"county": "桃園市", "district": "大溪區", "highway": "unclassified", "name": "平東路659巷"}, "geometry": {"type": "LineString", "coordinates": [[121.2441307, 24.906044], [121.2441302, 24.9060583], [121.2441289, 24.9060732], [121.2441215, 24.9061561], [121.244104, 24.9062354], [121.2440486, 24.9063253], [121.2439175, 24.9064495], [121.2437688, 24.9066055], [121.2436659, 24.9067701], [121.243454, 24.9069889], [121.2431392, 24.90724], [121.2427894, 24.9075414], [121.2424455, 24.9077661], [121.2420439, 24.9080716]]}}, {"type": "Feature", "properties": {"county": "桃園市", "district": "大溪區", "highway": "unclassified", "name": "平東路573巷"}, "geometry": {"type": "LineString", "coordinates": [[121.2422886, 24.9126864], [121.2422964, 24.9126644], [121.2423813, 24.9124264], [121.2428443, 24.9111277], [121.2428761, 24.9110386], [121.2430525, 24.9105438], [121.2433628, 24.9096735], [121.243374, 24.9095373], [121.243336, 24.9094619], [121.2426816, 24.908771], [121.2421847, 24.9081652], [121.2421317, 24.9081142], [121.2420439, 24.9080716]]}}, {"type": "Feature", "properties": {"county": "桃園市", "district": "大溪區", "highway": "residential", "name": "東龍街"}, "geometry": {"type": "LineString", "coordinates": [[121.2510238, 24.8987676], [121.2515122, 24.89645], [121.2515004, 24.8963353], [121.2512607, 24.896047], [121.2506027, 24.8952556], [121.2502428, 24.8943938], [121.250099, 24.8938721], [121.2500694, 24.8937649], [121.2500285, 24.893658], [121.2498146, 24.8930991], [121.2497374, 24.8928411], [121.2496616, 24.8922899], [121.2495994, 24.8917496], [121.2495245, 24.8911339], [121.2494636, 24.8903686], [121.2494354, 24.8899781], [121.249465, 24.8895532], [121.2494757, 24.8890071], [121.249443, 24.8878879], [121.2494531, 24.8877268], [121.2494358, 24.8873943], [121.2493925, 24.8868357], [121.2493791, 24.886517], [121.2493469, 24.8862979], [121.249304, 24.8859536]]}}, {"type": "Feature", "properties": {"county": "桃園市", "district": "大溪區", "highway": "unclassified", "name": "興昌路一段"}, "geometry": {"type": "LineString", "coordinates": [[121.2609068, 24.9065302], [121.2587297, 24.9059905], [121.2586385, 24.9059164], [121.2587153, 24.9056769], [121.2586577, 24.9052698], [121.2585484, 24.9049559], [121.2573897, 24.9047006], [121.2568963, 24.9045919], [121.2567692, 24.9045561], [121.256725, 24.904495], [121.2566195, 24.9042638], [121.256434, 24.903738], [121.2564108, 24.9035982], [121.2564394, 24.9034959], [121.2565073, 24.9033282], [121.2565261, 24.903254], [121.2565294, 24.9031466], [121.2564939, 24.9029754], [121.2564333, 24.9027752], [121.2563723, 24.9026939], [121.2562981, 24.9026397], [121.2562258, 24.9026264], [121.2558898, 24.9025618], [121.2556088, 24.9024375], [121.255523, 24.9023829]]}}, {"type": "Feature", "properties": {"county": "桃園市", "district": "大溪區", "highway": "unclassified", "name": "興昌路一段310巷"}, "geometry": {"type": "LineString", "coordinates": [[121.2552557, 24.9023454], [121.2549711, 24.902296], [121.2547422, 24.9022518], [121.2534891, 24.9019753], [121.2534335, 24.9018977], [121.2533522, 24.9018359], [121.2532645, 24.9017979], [121.2531986, 24.901788], [121.2531448, 24.9018393], [121.2530428, 24.9024861], [121.2529702, 24.9027633], [121.2527738, 24.9031855], [121.2526935, 24.9033465]]}}, {"type": "Feature", "properties": {"county": "桃園市", "district": "大溪區", "highway": "unclassified", "name": "興昌路一段"}, "geometry": {"type": "LineString", "coordinates": [[121.2563124, 24.9001879], [121.2563, 24.9001985], [121.2562513, 24.90024], [121.2561667, 24.9003966], [121.2561393, 24.9005513], [121.2561211, 24.9008126], [121.2560825, 24.9009981], [121.2558063, 24.9016227], [121.2557426, 24.9017669], [121.2555356, 24.9022351], [121.255523, 24.9023829]]}}, {"type": "Feature", "properties": {"county": "桃園市", "district": "大溪區", "highway": "unclassified", "name": "興昌路二段"}, "geometry": {"type": "LineString", "coordinates": [[121.258509, 24.8956229], [121.2585189, 24.8956091], [121.2584908, 24.8950191], [121.2585556, 24.8946206], [121.2587121, 24.8943897], [121.2589234, 24.8941193], [121.2591189, 24.893827], [121.2591788, 24.8937376], [121.2592536, 24.8930931], [121.2594559, 24.8929155], [121.2595542, 24.8927435], [121.2596239, 24.892112], [121.2596336, 24.89187], [121.2596383, 24.8917527], [121.2597462, 24.8914288], [121.2597355, 24.8913327], [121.2597033, 24.8912475], [121.259642, 24.8911446], [121.2596047, 24.8910821], [121.2595658, 24.8909154], [121.2594853, 24.890604], [121.2594049, 24.8904349], [121.2592735, 24.8900906], [121.2588825, 24.8888996], [121.2589174, 24.8887415], [121.2589751, 24.8885943], [121.2591521, 24.8883619], [121.2592781, 24.8881539], [121.2593573, 24.8879252], [121.2593707, 24.8877074], [121.2593425, 24.8874872], [121.259305, 24.8873667], [121.2592071, 24.8871964], [121.2591762, 24.887076], [121.2591769, 24.8870076], [121.2591776, 24.8869385], [121.2593565, 24.8864403], [121.2593844, 24.886293], [121.2593906, 24.8860991], [121.259363, 24.8856539]]}}, {"type": "Feature", "properties": {"county": "桃園市", "district": "大溪區", "highway": "unclassified", "name": "南興路二段52巷"}, "geometry": {"type": "LineString", "coordinates": [[121.2619097, 24.894308], [121.2589234, 24.8941193]]}}, {"type": "Feature", "properties": {"county": "桃園市", "district": "大溪區", "highway": "unclassified", "name": null}, "geometry": {"type": "LineString", "coordinates": [[121.2507828, 24.8990613], [121.2510238, 24.8987676]]}}, {"type": "Feature", "properties": {"county": "桃園市", "district": "大溪區", "highway": "unclassified", "name": null}, "geometry": {"type": "LineString", "coordinates": [[121.2582527, 24.8983018], [121.2578469, 24.8986393]]}}, {"type": "Feature", "properties": {"county": "桃園市", "district": "大溪區", "highway": "unclassified", "name": "快速路一段246巷"}, "geometry": {"type": "LineString", "coordinates": [[121.2444224, 24.8992719], [121.2441396, 24.8995733], [121.2440289, 24.9000655], [121.2439297, 24.9005431], [121.2437795, 24.9010727], [121.2436217, 24.9015575], [121.243589, 24.9018756], [121.2435439, 24.9021258], [121.2433959, 24.902333], [121.2432201, 24.9025081], [121.2431313, 24.9027059], [121.2430439, 24.9032668], [121.2430329, 24.9037244], [121.2431593, 24.9042252], [121.2433007, 24.9045137]]}}, {"type": "Feature", "properties": {"county": "桃園市", "district": "大溪區", "highway": "residential", "name": "平東路152巷"}, "geometry": {"type": "LineString", "coordinates": [[121.2503413, 24.9174352], [121.2498905, 24.9171964]]}}, {"type": "Feature", "properties": {"county": "桃園市", "district": "大溪區", "highway": "residential", "name": null}, "geometry": {"type": "LineString", "coordinates": [[121.2748638, 24.9052207], [121.274931, 24.9045025]]}}, {"type": "Feature", "properties": {"county": "桃園市", "district": "大溪區", "highway": "tertiary", "name": null}, "geometry": {"type": "LineString", "coordinates": [[121.3075669, 24.9263677], [121.30796, 24.9260962]]}}, {"type": "Feature", "properties": {"county": "桃園市", "district": "大溪區", "highway": "motorway_link", "name": "大溪交流道"}, "geometry": {"type": "LineString", "coordinates": [[121.2647787, 24.8920646], [121.2649475, 24.8923507], [121.2651587, 24.8926019], [121.2652773, 24.8928953], [121.265365, 24.8930915], [121.2655617, 24.8935282], [121.2657393, 24.8938715]]}}, {"type": "Feature", "properties": {"county": "桃園市", "district": "大溪區", "highway": "tertiary", "name": "瑞德街"}, "geometry": {"type": "LineString", "coordinates": [[121.30796, 24.9260962], [121.3080065, 24.9260551], [121.3083619, 24.9257405], [121.3089004, 24.9252897], [121.3092841, 24.9249637], [121.3095597, 24.9246206], [121.309703, 24.9244257]]}}, {"type": "Feature", "properties": {"county": "桃園市", "district": "大溪區", "highway": "residential", "name": "埔頂路一段357巷"}, "geometry": {"type": "LineString", "coordinates": [[121.274931, 24.9045025], [121.2749472, 24.9042466], [121.2749838, 24.9040306], [121.2749899, 24.9037808], [121.2749176, 24.9034695], [121.2748395, 24.9032309], [121.2748461, 24.9031849], [121.2748821, 24.9031243]]}}, {"type": "Feature", "properties": {"county": "桃園市", "district": "大溪區", "highway": "motorway", "name": "福爾摩沙高速公路"}, "geometry": {"type": "LineString", "coordinates": [[121.2969689, 24.9195798], [121.2962794, 24.9186575], [121.2954751, 24.9173088], [121.2947622, 24.9160296], [121.2940672, 24.9146238], [121.293659, 24.9138329], [121.2932753, 24.9132218], [121.2928996, 24.9126519], [121.2925465, 24.9121592]]}}, {"type": "Feature", "properties": {"county": "桃園市", "district": "大溪區", "highway": "motorway", "name": "福爾摩沙高速公路"}, "geometry": {"type": "LineString", "coordinates": [[121.297357, 24.9200037], [121.2969689, 24.9195798]]}}, {"type": "Feature", "properties": {"county": "桃園市", "district": "大溪區", "highway": "motorway", "name": "福爾摩沙高速公路"}, "geometry": {"type": "LineString", "coordinates": [[121.2970715, 24.9194346], [121.2974465, 24.9198666]]}}, {"type": "Feature", "properties": {"county": "桃園市", "district": "大溪區", "highway": "motorway", "name": "福爾摩沙高速公路"}, "geometry": {"type": "LineString", "coordinates": [[121.2974465, 24.9198666], [121.2979971, 24.9204369], [121.2986698, 24.9210647], [121.2994204, 24.9216752], [121.3000994, 24.922168], [121.3010676, 24.9227822], [121.3016279, 24.9230782], [121.3027249, 24.9236297], [121.3045042, 24.9244677], [121.306277, 24.9253272]]}}, {"type": "Feature", "properties": {"county": "桃園市", "district": "大溪區", "highway": "motorway", "name": "福爾摩沙高速公路"}, "geometry": {"type": "LineString", "coordinates": [[121.3436758, 24.935583], [121.3424656, 24.9359863], [121.3418862, 24.9361697], [121.3414974, 24.9362928], [121.3406592, 24.9365899], [121.3385684, 24.9373499], [121.3361383, 24.9381805], [121.3346954, 24.9386411]]}}, {"type": "Feature", "properties": {"county": "桃園市", "district": "大溪區", "highway": "motorway", "name": "福爾摩沙高速公路"}, "geometry": {"type": "LineString", "coordinates": [[121.3343865, 24.9385563], [121.3362, 24.9380091], [121.3411487, 24.9362271], [121.3418353, 24.9359972], [121.3423691, 24.9358185], [121.3436355, 24.9354128]]}}, {"type": "Feature", "properties": {"county": "桃園市", "district": "大溪區", "highway": "motorway", "name": "福爾摩沙高速公路"}, "geometry": {"type": "LineString", "coordinates": [[121.3512187, 24.9347213], [121.3520193, 24.9348661], [121.3528886, 24.9350404], [121.3535662, 24.9352164], [121.3541963, 24.9353971], [121.3551057, 24.9357178], [121.3557543, 24.9359898], [121.3561914, 24.9361724]]}}, {"type": "Feature", "properties": {"county": "桃園市", "district": "大溪區", "highway": "motorway", "name": "福爾摩沙高速公路"}, "geometry": {"type": "LineString", "coordinates": [[121.3512605, 24.9348905], [121.350072, 24.9347882], [121.3486654, 24.9347775], [121.347877, 24.9348201], [121.3466061, 24.9349467], [121.3453729, 24.9351609], [121.3436758, 24.935583]]}}, {"type": "Feature", "properties": {"county": "桃園市", "district": "大溪區", "highway": "motorway", "name": "福爾摩沙高速公路"}, "geometry": {"type": "LineString", "coordinates": [[121.3436355, 24.9354128], [121.3452568, 24.9350052], [121.3465748, 24.934785], [121.3478079, 24.9346365], [121.3486733, 24.9345772], [121.3499302, 24.9346135], [121.3512187, 24.9347213]]}}, {"type": "Feature", "properties": {"county": "桃園市", "district": "大溪區", "highway": "primary", "name": "瑞安路一段"}, "geometry": {"type": "LineString", "coordinates": [[121.2788562, 24.8917458], [121.2789161, 24.8918058]]}}, {"type": "Feature", "properties": {"county": "桃園市", "district": "大溪區", "highway": "tertiary", "name": "中正路"}, "geometry": {"type": "LineString", "coordinates": [[121.3508417, 24.8139657], [121.3509264, 24.814317], [121.3510051, 24.8146501], [121.3510756, 24.8149488]]}}, {"type": "Feature", "properties": {"county": "桃園市", "district": "大溪區", "highway": "tertiary_link", "name": null}, "geometry": {"type": "LineString", "coordinates": [[121.3545172, 24.8246846], [121.3546489, 24.824624], [121.3547587, 24.8245625], [121.3548449, 24.8245266]]}}, {"type": "Feature", "properties": {"county": "桃園市", "district": "大溪區", "highway": "tertiary_link", "name": null}, "geometry": {"type": "LineString", "coordinates": [[121.3544753, 24.8252336], [121.3545602, 24.8249842], [121.3545765, 24.8249079], [121.3545672, 24.8248147], [121.3545172, 24.8246846]]}}, {"type": "Feature", "properties": {"county": "桃園市", "district": "大溪區", "highway": "residential", "name": "仁愛路"}, "geometry": {"type": "LineString", "coordinates": [[121.3512297, 24.8179499], [121.3513079, 24.8180211], [121.3513811, 24.8180877], [121.351511, 24.8181707], [121.3516459, 24.8182024], [121.3518062, 24.8181926], [121.352085, 24.8180967], [121.3523488, 24.818006], [121.352479, 24.8180045], [121.3526152, 24.8180311], [121.3527156, 24.8180861], [121.3528131, 24.8182151], [121.3529817, 24.818529], [121.3530738, 24.8187361], [121.3530952, 24.8188387], [121.353079, 24.8189315], [121.3530144, 24.8190174], [121.3528511, 24.8191437], [121.352735, 24.8192614], [121.3526984, 24.8193474], [121.352714, 24.8194796], [121.3528825, 24.8199843], [121.3529619, 24.8201116], [121.3531272, 24.8202998], [121.3532885, 24.8206897], [121.3534448, 24.8211151], [121.3535742, 24.8215648], [121.3536167, 24.8216472], [121.3536804, 24.8217099], [121.3537788, 24.821763]]}}, {"type": "Feature", "properties": {"county": "桃園市", "district": "大溪區", "highway": "residential", "name": "中山路"}, "geometry": {"type": "LineString", "coordinates": [[121.3499689, 24.8145278], [121.3500267, 24.8145138], [121.3500529, 24.8145075], [121.3501412, 24.8144862], [121.3504232, 24.8144181], [121.3509264, 24.814317]]}}, {"type": "Feature", "properties": {"county": "桃園市", "district": "大溪區", "highway": "residential", "name": null}, "geometry": {"type": "LineString", "coordinates": [[121.3510756, 24.8149488], [121.3513508, 24.8149029]]}}, {"type": "Feature", "properties": {"county": "桃園市", "district": "大溪區", "highway": "unclassified", "name": null}, "geometry": {"type": "LineString", "coordinates": [[121.2917018, 24.8403883], [121.2918435, 24.8404166], [121.2920574, 24.8404177]]}}, {"type": "Feature", "properties": {"county": "桃園市", "district": "大溪區", "highway": "unclassified", "name": "詩朗路"}, "geometry": {"type": "LineString", "coordinates": [[121.3547118, 24.8248448], [121.3549397, 24.8249356], [121.3550622, 24.8249555], [121.3552008, 24.8249511], [121.3553466, 24.8249448], [121.3555428, 24.8250433], [121.3556152, 24.825137], [121.3557171, 24.8253391], [121.3557627, 24.8253999], [121.3558969, 24.825563], [121.3559424, 24.8256482], [121.3560229, 24.825787], [121.3562616, 24.8261327], [121.3564065, 24.8263031], [121.3564977, 24.8263712], [121.356613, 24.8264053], [121.3567042, 24.8264004], [121.3568115, 24.8263591], [121.3569215, 24.8262885], [121.3569751, 24.826269], [121.3570582, 24.8262739], [121.3572487, 24.8263177], [121.3573908, 24.8263323], [121.3576752, 24.8263493], [121.3577905, 24.8263712], [121.3578736, 24.8264199], [121.3579166, 24.8264954], [121.35793, 24.8265855], [121.3579166, 24.8268411], [121.3579273, 24.8269263], [121.357989, 24.8270455], [121.3580775, 24.8271405], [121.3582947, 24.8273133], [121.3587078, 24.8275178], [121.3589224, 24.8275787], [121.3590887, 24.8276395], [121.3591852, 24.8277247], [121.3593784, 24.8278781], [121.3595044, 24.8279341], [121.3596117, 24.8279414], [121.359727, 24.8279195], [121.359778, 24.8278683], [121.3597887, 24.8277734], [121.3597603, 24.8276462], [121.3597603, 24.8275683], [121.3597898, 24.8274879], [121.3598703, 24.8273979], [121.3601144, 24.8272153], [121.3602029, 24.8271423], [121.3602405, 24.8270936], [121.3602646, 24.8270254], [121.3602539, 24.8269305], [121.3602056, 24.8268623], [121.3600956, 24.8268088], [121.3598462, 24.826782], [121.3596531, 24.8267382], [121.3595154, 24.8266494], [121.3593813, 24.8264888], [121.3592525, 24.8262697], [121.3592311, 24.8261382], [121.3592954, 24.8260262], [121.3594188, 24.8259776], [121.3595905, 24.8260214], [121.3598694, 24.8262015], [121.3599606, 24.8262599], [121.3600894, 24.8262892], [121.3603093, 24.8262648], [121.3604434, 24.8262745], [121.3605775, 24.826333], [121.3608511, 24.8265472], [121.3609638, 24.8266105], [121.3611301, 24.8266543], [121.3615878, 24.8267639], [121.3619025, 24.8268393], [121.3620635, 24.8268929], [121.3623317, 24.8270438], [121.3624068, 24.8270681], [121.3625007, 24.8270694], [121.3626133, 24.8270401], [121.3626627, 24.827022], [121.3628118, 24.8269671], [121.3629352, 24.8268843], [121.3630049, 24.8268162], [121.3630612, 24.826787], [121.3631363, 24.8267797], [121.3632222, 24.8267967], [121.3636191, 24.8269671], [121.3638793, 24.8270572], [121.363992, 24.8270742], [121.3641449, 24.8270718], [121.3642977, 24.8270718], [121.3643675, 24.8270864], [121.3644399, 24.8271229], [121.3647028, 24.827325], [121.3647644, 24.8273566], [121.364853, 24.8273761], [121.3650756, 24.8273956], [121.3651534, 24.8274175], [121.3652231, 24.827454], [121.3653814, 24.8276366], [121.3654323, 24.8276682], [121.3655074, 24.8276852], [121.3655879, 24.8276706], [121.3657005, 24.8275976], [121.3657756, 24.8275562], [121.3658561, 24.8275367], [121.3659661, 24.8275465], [121.3661002, 24.827583], [121.366245, 24.8276779], [121.3663818, 24.8277461], [121.3664998, 24.8277583], [121.3666795, 24.8277339], [121.3667815, 24.8276828], [121.3669022, 24.8276512], [121.367047, 24.8276658], [121.3672133, 24.8277631], [121.3673581, 24.8279019], [121.3674547, 24.8279457], [121.367562, 24.8279554], [121.3677793, 24.8279335], [121.3679268, 24.8278727], [121.3680394, 24.8277583], [121.3681574, 24.8276292], [121.3682942, 24.8275246], [121.3683586, 24.8274735], [121.3683988, 24.8274102], [121.3684391, 24.8272836], [121.3684686, 24.8272471], [121.368533, 24.827213], [121.3689514, 24.8270937], [121.3689983, 24.8270797], [121.3690372, 24.8270773]]}}, {"type": "Feature", "properties": {"county": "桃園市", "district": "大溪區", "highway": "primary", "name": "介壽路二段"}, "geometry": {"type": "LineString", "coordinates": [[121.2973278, 24.9313028], [121.2974055, 24.9320727], [121.2974974, 24.9327329], [121.2975108, 24.9328296], [121.2975156, 24.9332208], [121.2975198, 24.933559], [121.2975113, 24.9336532], [121.2974583, 24.9342372], [121.2974536, 24.9342889], [121.2974074, 24.9347977], [121.2973991, 24.9348895], [121.2973675, 24.9352382], [121.2973476, 24.9355857], [121.2973529, 24.9358887], [121.2973555, 24.9359625], [121.2973599, 24.9360874], [121.2973779, 24.9364054], [121.2974142, 24.937049], [121.2974183, 24.9373554], [121.2974317, 24.9377482], [121.297478, 24.938897], [121.2974883, 24.9391516], [121.2974987, 24.9394093], [121.2975027, 24.9397888], [121.2975027, 24.9400749], [121.2975027, 24.9406171], [121.2975027, 24.9407227], [121.2975027, 24.9410668], [121.2974943, 24.9413931], [121.2974934, 24.9414292], [121.2974893, 24.9418208], [121.2974826, 24.9421965], [121.2974801, 24.9426197], [121.2974674, 24.94301], [121.2974551, 24.9433873], [121.2974328, 24.9440701], [121.2974183, 24.944676], [121.2974147, 24.9447448], [121.2974102, 24.9452427], [121.2974046, 24.9457777], [121.2974035, 24.9458859], [121.2974082, 24.9462042], [121.2974122, 24.9464668], [121.2974168, 24.9465107], [121.2974511, 24.9468048], [121.2975289, 24.9473618], [121.2976297, 24.948076], [121.2976786, 24.9484033], [121.297805, 24.94922], [121.2979272, 24.9499445], [121.2979755, 24.9501743], [121.2981042, 24.9509586], [121.2981546, 24.9512455], [121.2982209, 24.9516225], [121.2982906, 24.9520772], [121.2983497, 24.9524432], [121.2983798, 24.9526695], [121.2983898, 24.9527334], [121.2984476, 24.9530269], [121.2985052, 24.9534087], [121.2985924, 24.9539425], [121.2986329, 24.9542855], [121.2986595, 24.9544556], [121.2986879, 24.9546162], [121.2987327, 24.9548227], [121.2988533, 24.9555578], [121.2989827, 24.9562644], [121.2992132, 24.9576245]]}}, {"type": "Feature", "properties": {"county": "桃園市", "district": "大溪區", "highway": "trunk", "name": "東西向快速公路 觀音大溪線"}, "geometry": {"type": "LineString", "coordinates": [[121.2568435, 24.8985154], [121.2563506, 24.8985507], [121.2557174, 24.898579], [121.2548393, 24.8986205], [121.2539128, 24.8986654], [121.2535025, 24.8986839], [121.2532845, 24.8986992], [121.2530792, 24.8987308], [121.2527477, 24.8987823], [121.2524138, 24.8988326], [121.2520646, 24.8988667], [121.2507716, 24.8989372], [121.2498534, 24.8989774], [121.2488818, 24.8990532], [121.2468986, 24.8991856], [121.2458716, 24.8992964], [121.2453407, 24.8993381], [121.2448204, 24.8993831], [121.2445196, 24.8994184], [121.2435199, 24.8995342], [121.2428736, 24.89963], [121.2422559, 24.8997647], [121.2411119, 24.9000683], [121.2401702, 24.9003027], [121.2387444, 24.9008434], [121.2380516, 24.9011245], [121.2373936, 24.901418], [121.2369982, 24.9016084], [121.23662, 24.9018312], [121.2360601, 24.9021446], [121.2355178, 24.9024656], [121.2349195, 24.9028453], [121.2341258, 24.9034331], [121.2335908, 24.9038757], [121.2328939, 24.9044649], [121.2322075, 24.905088], [121.2315702, 24.9056962], [121.2310414, 24.906285], [121.2305615, 24.9068985], [121.2299754, 24.9077159], [121.2290679, 24.9091153], [121.2286124, 24.9098803], [121.2281729, 24.9106404], [121.2276758, 24.9115639], [121.2276171, 24.9116959], [121.2273883, 24.9121129], [121.22667, 24.9134549], [121.2258207, 24.9151164], [121.2250564, 24.9166066], [121.2234963, 24.9195906], [121.2227261, 24.9210997], [121.2223479, 24.9218538], [121.2219374, 24.9225987], [121.2214872, 24.9232964], [121.220928, 24.9239285], [121.2206313, 24.9242278], [121.2202982, 24.9245065], [121.2197769, 24.9249255], [121.2189267, 24.9254538]]}}, {"type": "Feature", "properties": {"county": "桃園市", "district": "大溪區", "highway": "primary", "name": "中正路三段"}, "geometry": {"type": "LineString", "coordinates": [[121.3446524, 24.9038803], [121.3460315, 24.9044334], [121.3464682, 24.9045897], [121.3465889, 24.9046153], [121.3467029, 24.9046141], [121.3468383, 24.9045751], [121.3469338, 24.9045038], [121.3471034, 24.9043392], [121.347533, 24.9038927], [121.3476792, 24.9037833], [121.3480762, 24.9035436], [121.348132, 24.9035114], [121.3492926, 24.9028418], [121.3494327, 24.9028035], [121.3495272, 24.9027918], [121.3496138, 24.9027993], [121.3496996, 24.9028217], [121.3498156, 24.9028594], [121.3502917, 24.9030838], [121.3504305, 24.9031366], [121.3505237, 24.903172], [121.3517722, 24.9034488], [121.3520388, 24.9035008], [121.3523912, 24.9035297]]}}, {"type": "Feature", "properties": {"county": "桃園市", "district": "大溪區", "highway": "primary", "name": "信義路"}, "geometry": {"type": "LineString", "coordinates": [[121.2891694, 24.8846238], [121.2892717, 24.8845308], [121.2893575, 24.8844879]]}}, {"type": "Feature", "properties": {"county": "桃園市", "district": "大溪區", "highway": "tertiary_link", "name": null}, "geometry": {"type": "LineString", "coordinates": [[121.2790674, 24.8919938], [121.2789721, 24.8919615], [121.2789082, 24.8919564], [121.2787687, 24.8920073]]}}, {"type": "Feature", "properties": {"county": "桃園市", "district": "大溪區", "highway": "tertiary", "name": "三元一街"}, "geometry": {"type": "LineString", "coordinates": [[121.278115, 24.8918948], [121.2782866, 24.8915931]]}}, {"type": "Feature", "properties": {"county": "桃園市", "district": "大溪區", "highway": "tertiary", "name": "三元一街"}, "geometry": {"type": "LineString", "coordinates": [[121.2748682, 24.8832729], [121.2752321, 24.8832053], [121.2753689, 24.883209], [121.2756693, 24.8832394], [121.2757726, 24.8832552], [121.2758184, 24.883285], [121.2759174, 24.8833878], [121.2760099, 24.8835557], [121.2761145, 24.8837455], [121.2761427, 24.8838769], [121.2761879, 24.8842049], [121.27625, 24.8843064], [121.2764284, 24.8845326], [121.2765638, 24.8846847], [121.2773805, 24.8853405], [121.2774597, 24.8854463], [121.2775254, 24.8855692], [121.2775817, 24.8857018], [121.2775723, 24.8858368], [121.2774677, 24.8863904], [121.2774277, 24.886547], [121.2773392, 24.886648], [121.2769583, 24.8870154], [121.2769302, 24.8870872], [121.2769175, 24.8871875], [121.2769175, 24.8873377], [121.2770106, 24.8876419], [121.2770441, 24.887825], [121.2772741, 24.8880294], [121.2772976, 24.8881018], [121.2772507, 24.8881699], [121.2770677, 24.8883677], [121.2770247, 24.8884964], [121.2769818, 24.8890543], [121.2769818, 24.889183], [121.2770033, 24.8892689], [121.277085, 24.8895036], [121.2771964, 24.8899341], [121.2771964, 24.8910069], [121.2772179, 24.891243], [121.2772976, 24.8914604], [121.2774096, 24.8916723], [121.2775176, 24.8917964], [121.2776047, 24.8918729], [121.277708, 24.8919482], [121.2777778, 24.8919827], [121.2778677, 24.8920058], [121.2779461, 24.8920016], [121.2780212, 24.8919703], [121.278115, 24.8918948]]}}, {"type": "Feature", "properties": {"county": "桃園市", "district": "大溪區", "highway": "residential", "name": "三元一街52巷"}, "geometry": {"type": "LineString", "coordinates": [[121.2706137, 24.8838693], [121.2706253, 24.8837713], [121.2706065, 24.8836789], [121.270573, 24.8836144], [121.2704912, 24.8835085], [121.2703819, 24.8834114], [121.270294, 24.8833333], [121.2702501, 24.8832734], [121.2701183, 24.8830937], [121.2700979, 24.8830703], [121.2698803, 24.8828199], [121.2698172, 24.8826977], [121.2697448, 24.8825261], [121.2696251, 24.8822004], [121.2695621, 24.8820459], [121.2694776, 24.8818847]]}}, {"type": "Feature", "properties": {"county": "桃園市", "district": "大溪區", "highway": "residential", "name": "三元三街"}, "geometry": {"type": "LineString", "coordinates": [[121.2666403, 24.8830088], [121.2670341, 24.882685], [121.2671895, 24.8825712], [121.2673946, 24.8824211], [121.2676391, 24.8822277], [121.2677168, 24.8821632], [121.2677974, 24.8820963], [121.2685007, 24.8815123], [121.2686467, 24.8814089], [121.2685418, 24.8812969], [121.2684819, 24.8811937], [121.268392, 24.8810939]]}}, {"type": "Feature", "properties": {"county": "桃園市", "district": "大溪區", "highway": "unclassified", "name": "落羽松路"}, "geometry": {"type": "LineString", "coordinates": [[121.2554286, 24.8725968], [121.2554542, 24.8724273], [121.2554706, 24.8722873], [121.2554851, 24.8721631], [121.255669, 24.8718712], [121.2557809, 24.8715962], [121.2562801, 24.8702733], [121.2566378, 24.8692609], [121.2571659, 24.8686719]]}}, {"type": "Feature", "properties": {"county": "桃園市", "district": "大溪區", "highway": "residential", "name": "瑞福路"}, "geometry": {"type": "LineString", "coordinates": [[121.2560908, 24.8734326], [121.2560902, 24.8735186], [121.2561359, 24.8736046], [121.2561373, 24.873696], [121.2560828, 24.8737948], [121.2559921, 24.8738936], [121.2557804, 24.8740253], [121.2552723, 24.8741625], [121.254994, 24.8743051], [121.254867, 24.8743875], [121.2548186, 24.8744753], [121.2548368, 24.8746015], [121.2549094, 24.8746838], [121.2547944, 24.8750185], [121.2547763, 24.8751887], [121.2547339, 24.8753313], [121.2546614, 24.8754082], [121.2546571, 24.8754302]]}}, {"type": "Feature", "properties": {"county": "桃園市", "district": "大溪區", "highway": "residential", "name": "員林路三段155巷"}, "geometry": {"type": "LineString", "coordinates": [[121.2616999, 24.8801343], [121.2617359, 24.8800199], [121.2616323, 24.8795121], [121.2616119, 24.879412], [121.2615219, 24.8791734], [121.2614838, 24.8790929], [121.2613134, 24.8787324], [121.2612812, 24.8786642], [121.261174, 24.8784032], [121.2610424, 24.878083], [121.260984, 24.8779102], [121.260934, 24.8777478], [121.2608813, 24.8775765], [121.2608406, 24.8774725], [121.2606008, 24.8771947], [121.2604672, 24.877042], [121.2603565, 24.8769156], [121.2600488, 24.8766499], [121.2598592, 24.8764876], [121.2595108, 24.876197], [121.2593881, 24.8760938], [121.2592503, 24.8759778], [121.2589978, 24.8757246], [121.2588547, 24.8755812], [121.2587977, 24.8754853], [121.2587809, 24.8754571], [121.2586844, 24.8751979], [121.2586441, 24.8749509], [121.2585865, 24.8746735], [121.2585409, 24.8745847], [121.2584631, 24.8744971], [121.2580648, 24.8742988], [121.2577666, 24.8741591], [121.2574854, 24.8740275], [121.2571475, 24.8739338], [121.2565788, 24.8736564], [121.2563737, 24.8735481], [121.2561432, 24.8733664], [121.2559517, 24.8732046], [121.2556661, 24.8730164]]}}, {"type": "Feature", "properties": {"county": "桃園市", "district": "大溪區", "highway": "residential", "name": "石園路760巷"}, "geometry": {"type": "LineString", "coordinates": [[121.2501635, 24.8693963], [121.2502714, 24.8694495], [121.2503823, 24.8695445], [121.2504809, 24.8696591], [121.2507243, 24.8696899], [121.2507982, 24.8697402], [121.2508938, 24.8698101], [121.2510108, 24.869866], [121.2511526, 24.8698799], [121.2513856, 24.8698953], [121.2516121, 24.8699145], [121.2517536, 24.8700012], [121.2521637, 24.8698053], [121.2522619, 24.8696865], [121.2523507, 24.8695253], [121.2524384, 24.8691711], [121.2524283, 24.8690869], [121.2524551, 24.8688399], [121.2524739, 24.8686781], [121.252498, 24.8684834], [121.2524949, 24.8683267], [121.2524886, 24.8680125], [121.2524685, 24.8676219], [121.2524068, 24.8674224], [121.2524068, 24.8671766], [121.2524142, 24.8671011], [121.2524323, 24.8669174], [121.2524815, 24.8665678], [121.2525088, 24.8663937], [121.2525477, 24.865991], [121.2525477, 24.8658535], [121.2525007, 24.8657147], [121.2523637, 24.8653859], [121.2523522, 24.8653427]]}}, {"type": "Feature", "properties": {"county": "桃園市", "district": "大溪區", "highway": "secondary", "name": "龍南路"}, "geometry": {"type": "LineString", "coordinates": [[121.2543311, 24.9189506], [121.2545131, 24.91884], [121.2548812, 24.918651], [121.2550449, 24.9185476], [121.2551371, 24.9184739], [121.255222, 24.9183873], [121.255287, 24.9182848], [121.2553489, 24.9181498], [121.2553622, 24.9180861], [121.2554592, 24.9177101], [121.2555333, 24.9173428], [121.2557122, 24.9166247], [121.2557308, 24.9164702], [121.2557805, 24.9163353], [121.2557939, 24.916148], [121.2557818, 24.9159984], [121.2557885, 24.9159315], [121.2557885, 24.9158366], [121.2557657, 24.9156931], [121.2556893, 24.9154948], [121.2556423, 24.9154097], [121.2556075, 24.9153513], [121.2555377, 24.9152589], [121.2553392, 24.9150764], [121.2551072, 24.9148757], [121.2549999, 24.9147298], [121.2548752, 24.914523], [121.2548216, 24.9144233]]}}, {"type": "Feature", "properties": {"county": "桃園市", "district": "大溪區", "highway": "secondary", "name": "龍岡圓環"}, "geometry": {"type": "LineString", "coordinates": [[121.2443208, 24.9253881], [121.244387, 24.9254519], [121.2444294, 24.9255094], [121.2444448, 24.9255776], [121.2444454, 24.9256491], [121.2444172, 24.9257292]]}}, {"type": "Feature", "properties": {"county": "桃園市", "district": "大溪區", "highway": "residential", "name": "後寮一路"}, "geometry": {"type": "LineString", "coordinates": [[121.2465271, 24.9357392], [121.2465196, 24.9357735], [121.2465076, 24.935872], [121.2463881, 24.9369846], [121.2464559, 24.9379459], [121.2465148, 24.9385702], [121.2465263, 24.9388605], [121.2465282, 24.9389083], [121.2465278, 24.9390486], [121.2465272, 24.9393392], [121.2465061, 24.9395418], [121.2464796, 24.9396349], [121.2463989, 24.9398591], [121.2461916, 24.9402836], [121.2456234, 24.9409561], [121.2452509, 24.9413604]]}}, {"type": "Feature", "properties": {"county": "桃園市", "district": "大溪區", "highway": "residential", "name": "龍川街"}, "geometry": {"type": "LineString", "coordinates": [[121.2466792, 24.9344261], [121.2471152, 24.9344679], [121.2474963, 24.9345044], [121.247736, 24.9345274], [121.2478776, 24.9345389], [121.2482442, 24.9345688], [121.2487651, 24.9346325], [121.2490063, 24.9346513], [121.2494381, 24.9346803]]}}, {"type": "Feature", "properties": {"county": "桃園市", "district": "大溪區", "highway": "residential", "name": "龍昌路"}, "geometry": {"type": "LineString", "coordinates": [[121.2494381, 24.9346803], [121.24947, 24.9349905], [121.2494685, 24.9350573], [121.2494743, 24.9351608], [121.2494741, 24.9354809], [121.2494698, 24.9358047], [121.2494726, 24.9358491], [121.2494832, 24.9360042], [121.2494993, 24.9362405], [121.2495043, 24.9363139], [121.249525, 24.936617], [121.2495321, 24.9367481], [121.2495392, 24.9368796], [121.2495459, 24.9369238], [121.2495624, 24.9372396], [121.2495878, 24.9374838], [121.2495882, 24.9375924], [121.2495886, 24.9376747], [121.2495907, 24.9377225], [121.2495907, 24.9383473], [121.249639, 24.9388066], [121.2496818, 24.9391194], [121.2497237, 24.9394254], [121.249734, 24.9395008], [121.249803, 24.9400052]]}}, {"type": "Feature", "properties": {"county": "桃園市", "district": "大溪區", "highway": "secondary", "name": "中山東路三段"}, "geometry": {"type": "LineString", "coordinates": [[121.2507569, 24.9415699], [121.2510103, 24.9412963], [121.2512206, 24.9410806], [121.2514946, 24.9407616], [121.2515319, 24.9407307], [121.2517454, 24.9404992], [121.251811, 24.9404281], [121.2521972, 24.9400134], [121.2523461, 24.9398334], [121.252456, 24.9396851], [121.2526089, 24.9394613], [121.252675, 24.939356], [121.2527471, 24.9392412], [121.2529764, 24.9388533], [121.2532332, 24.9384258], [121.2533036, 24.9383207], [121.2534985, 24.9380066], [121.2536177, 24.9378237], [121.253868, 24.9374293], [121.2541115, 24.9371588], [121.2542584, 24.9369904], [121.2544809, 24.9368607]]}}, {"type": "Feature", "properties": {"county": "桃園市", "district": "大溪區", "highway": "unclassified", "name": "石園路463巷"}, "geometry": {"type": "LineString", "coordinates": [[121.260694, 24.8569612], [121.2605854, 24.8570501], [121.2605666, 24.8571158], [121.2605961, 24.8572058], [121.2606659, 24.8573166], [121.2607074, 24.8573884], [121.2607168, 24.8575076], [121.2607088, 24.8576037], [121.2607624, 24.8576999], [121.2608845, 24.8579043], [121.2610682, 24.8581866], [121.2612908, 24.8585407], [121.2614359, 24.858823], [121.2615845, 24.8590664], [121.2616207, 24.8591504], [121.2616207, 24.8592453], [121.2614939, 24.8592353], [121.2610657, 24.8586291], [121.2606374, 24.8582408]]}}, {"type": "Feature", "properties": {"county": "桃園市", "district": "大溪區", "highway": "unclassified", "name": "美國路"}, "geometry": {"type": "LineString", "coordinates": [[121.2439927, 24.8316004], [121.2439647, 24.8320539], [121.2439614, 24.8321087], [121.2439549, 24.8322136], [121.2439741, 24.8323611]]}}, {"type": "Feature", "properties": {"county": "桃園市", "district": "大溪區", "highway": "trunk", "name": "東西向快速公路 觀音大溪線"}, "geometry": {"type": "LineString", "coordinates": [[121.2185856, 24.9255828], [121.2189348, 24.9253953], [121.2193025, 24.9251667], [121.2197629, 24.9248269], [121.2200519, 24.9246097], [121.220318, 24.9243824], [121.2204435, 24.9242643], [121.2206045, 24.9241281], [121.2208741, 24.9238486], [121.2212059, 24.9234629], [121.2215121, 24.9230781], [121.2218125, 24.9226445], [121.2222479, 24.9218687], [121.2226316, 24.9211387], [121.223451, 24.9194671], [121.225019, 24.9164739], [121.2265815, 24.9134261], [121.2275888, 24.9115341], [121.2280792, 24.9106045], [121.2284753, 24.9099192], [121.2291053, 24.9088895], [121.2302538, 24.907195], [121.2308468, 24.9063928], [121.2312056, 24.9060162], [121.2315684, 24.905626], [121.2322495, 24.9049207], [121.2325437, 24.9046724], [121.2329863, 24.9042642], [121.2339116, 24.9035018], [121.2343994, 24.9030977], [121.2347801, 24.9028353], [121.2353308, 24.9024795], [121.2354374, 24.9024115], [121.2357222, 24.9022299], [121.2361852, 24.9019629], [121.2368775, 24.9015722], [121.2373816, 24.9013298], [121.2380029, 24.9010468], [121.238677, 24.9007758], [121.2392277, 24.9005719], [121.2401378, 24.9002252], [121.2410657, 24.8999685], [121.2416623, 24.8998201], [121.2422233, 24.8996898], [121.2428655, 24.8995562], [121.243521, 24.899457], [121.2444948, 24.8993446], [121.2448133, 24.8993093], [121.2453088, 24.8992643], [121.245868, 24.8992162], [121.2468986, 24.8991073], [121.2488764, 24.8989747], [121.2498513, 24.8989009], [121.2507716, 24.8988532], [121.2520652, 24.8987777], [121.2524012, 24.898747], [121.252741, 24.8986966], [121.2530783, 24.8986406], [121.2532733, 24.898616], [121.2535003, 24.8985984], [121.2539084, 24.8985751], [121.2548246, 24.8985295], [121.2557296, 24.8984981], [121.2563373, 24.898472], [121.2571281, 24.898426]]}}, {"type": "Feature", "properties": {"county": "桃園市", "district": "大溪區", "highway": "trunk_link", "name": null}, "geometry": {"type": "LineString", "coordinates": [[121.2571281, 24.898426], [121.2579392, 24.898374], [121.2585854, 24.8983349], [121.2589707, 24.8983159], [121.2594185, 24.8982958]]}}, {"type": "Feature", "properties": {"county": "桃園市", "district": "大溪區", "highway": "secondary", "name": "永昌路"}, "geometry": {"type": "LineString", "coordinates": [[121.262637, 24.8979655], [121.2629972, 24.898828], [121.2634448, 24.8997958], [121.2641375, 24.9013768], [121.2644051, 24.9019674], [121.2644819, 24.9021329], [121.2648893, 24.9030112], [121.2650022, 24.9032759], [121.2651539, 24.9036357]]}}, {"type": "Feature", "properties": {"county": "桃園市", "district": "大溪區", "highway": "secondary", "name": "永昌路"}, "geometry": {"type": "LineString", "coordinates": [[121.2622476, 24.8973979], [121.2621185, 24.8970999], [121.2620497, 24.8969109], [121.2619692, 24.896746], [121.261923, 24.896627], [121.2618896, 24.8964611], [121.2618699, 24.8963343], [121.2618357, 24.8960523], [121.261827, 24.8958094], [121.2618298, 24.8954663]]}}, {"type": "Feature", "properties": {"county": "桃園市", "district": "大溪區", "highway": "secondary", "name": "永昌路"}, "geometry": {"type": "LineString", "coordinates": [[121.2620336, 24.8954791], [121.2620296, 24.8955582], [121.2620285, 24.8958382], [121.2620439, 24.8960518], [121.2620809, 24.896325], [121.262117, 24.8964954], [121.2621478, 24.8966296], [121.2622199, 24.896855], [121.2622978, 24.8971513], [121.262412, 24.8974697], [121.262637, 24.8979655]]}}, {"type": "Feature", "properties": {"county": "桃園市", "district": "大溪區", "highway": "secondary", "name": "永昌路"}, "geometry": {"type": "LineString", "coordinates": [[121.2645388, 24.8917116], [121.2658413, 24.8911616]]}}, {"type": "Feature", "properties": {"county": "桃園市", "district": "大溪區", "highway": "motorway_link", "name": "大溪交流道"}, "geometry": {"type": "LineString", "coordinates": [[121.2657393, 24.8938715], [121.2663697, 24.8952018]]}}, {"type": "Feature", "properties": {"county": "桃園市", "district": "大溪區", "highway": "motorway", "name": "福爾摩沙高速公路"}, "geometry": {"type": "LineString", "coordinates": [[121.2692163, 24.8998549], [121.2697379, 24.9004008], [121.2707115, 24.9013902], [121.2715969, 24.9022278], [121.2720799, 24.9026942], [121.2730785, 24.9034793], [121.273646, 24.9039068], [121.2741878, 24.9042742]]}}, {"type": "Feature", "properties": {"county": "桃園市", "district": "大溪區", "highway": "tertiary", "name": "基國派路"}, "geometry": {"type": "LineString", "coordinates": [[121.3315303, 24.8311035], [121.3319176, 24.8313924], [121.3321796, 24.8316681], [121.3322873, 24.8318393], [121.3323061, 24.831926], [121.3323208, 24.8320195], [121.3323047, 24.8323366], [121.3323208, 24.8324495], [121.3323824, 24.8325379], [121.3324677, 24.832647], [121.3325782, 24.8327566], [121.33277, 24.832825], [121.333204, 24.8329416], [121.3335271, 24.8330583], [121.3337686, 24.8331864], [121.3339223, 24.8333145], [121.3339757, 24.8334284], [121.3340117, 24.8336305], [121.3340472, 24.8339182], [121.3340492, 24.8339631], [121.3340588, 24.8340119], [121.3341027, 24.8341315], [121.334247, 24.8343279], [121.3343285, 24.8344859], [121.3343474, 24.8346368], [121.3343324, 24.8347465], [121.334258, 24.8348603], [121.3342046, 24.8349328], [121.3342057, 24.8350034], [121.334225, 24.8350681], [121.3342909, 24.8351648], [121.3343995, 24.8352385], [121.3344811, 24.8352939], [121.3347033, 24.8353865], [121.3348539, 24.8354324], [121.3349548, 24.835491], [121.3350289, 24.8355975], [121.3350527, 24.8356686], [121.3350513, 24.8357992], [121.3350025, 24.8360348], [121.3349969, 24.8361261], [121.3350262, 24.8361883], [121.3351059, 24.8362347], [121.3352869, 24.8363042], [121.3354526, 24.8363337], [121.3356681, 24.8363434], [121.335953, 24.8362968], [121.3360489, 24.8362896], [121.3361591, 24.8363013], [121.3363698, 24.8363168], [121.3366453, 24.8363703], [121.3368561, 24.8363855], [121.3370491, 24.8363767], [121.3371455, 24.8363606], [121.3372555, 24.8363287], [121.3374402, 24.836275], [121.3377366, 24.8361669], [121.3378966, 24.8361441], [121.3380519, 24.8361498], [121.3382918, 24.8361882], [121.3384627, 24.8362152], [121.3385409, 24.8362469], [121.3385859, 24.8362875], [121.3386102, 24.8363327], [121.3386239, 24.8363932], [121.3386059, 24.8365788], [121.3385986, 24.8366645], [121.3386093, 24.8367314], [121.3386748, 24.8368616], [121.3386917, 24.836933], [121.3386907, 24.8369903], [121.3386741, 24.8370503], [121.3386442, 24.8370956], [121.3386064, 24.8371345], [121.3384736, 24.8372529], [121.338347, 24.8373415], [121.3382747, 24.8373976], [121.3382309, 24.8374697], [121.3382081, 24.8375377], [121.3382161, 24.8376306], [121.3382356, 24.8376721], [121.338281, 24.837712], [121.3383525, 24.8377473], [121.3384837, 24.8377662], [121.338613, 24.8377792], [121.3387302, 24.8377983], [121.338822, 24.8378243], [121.3389368, 24.8378805], [121.3393545, 24.8381235], [121.3395261, 24.8381962], [121.339637, 24.8382147], [121.3398498, 24.8382271], [121.3399959, 24.8382125], [121.3401286, 24.8381585], [121.3403974, 24.8380557], [121.3404624, 24.8380259], [121.3406146, 24.8379156], [121.3407777, 24.8378233], [121.3409002, 24.8377991], [121.3411085, 24.8377875], [121.3413134, 24.837798], [121.3414235, 24.8377855], [121.3415831, 24.8377238], [121.3416919, 24.8377056], [121.3417902, 24.8377249], [121.3419234, 24.837771], [121.3421734, 24.8379123], [121.3423786, 24.8379998], [121.3426221, 24.838061], [121.3428062, 24.8380681], [121.343038, 24.8380382], [121.3434674, 24.8379617], [121.343698, 24.8379432], [121.3441763, 24.8379545], [121.3447896, 24.8379531], [121.3450272, 24.8379706], [121.3454771, 24.8380187], [121.3456176, 24.8380542], [121.3457342, 24.838118], [121.3458182, 24.8381965], [121.3458537, 24.8383123], [121.3458386, 24.8384345], [121.3457541, 24.8386391], [121.3456334, 24.8388783], [121.3454906, 24.8390989], [121.3453087, 24.8392754], [121.3451174, 24.8394319], [121.3450687, 24.8395116], [121.3450531, 24.8395785], [121.3450389, 24.8398262], [121.3449866, 24.8401572], [121.3449885, 24.8401904], [121.3449908, 24.8402308], [121.3450216, 24.8402942], [121.3450705, 24.8403221], [121.345545, 24.8403977], [121.3455854, 24.840386], [121.3456235, 24.84035], [121.3456588, 24.8403036], [121.3457169, 24.8402125], [121.3457839, 24.8400677], [121.3458498, 24.8399087], [121.3459706, 24.8397223], [121.3462367, 24.8393857], [121.3463168, 24.8392698], [121.3463829, 24.8391204], [121.3464163, 24.8389856], [121.3464521, 24.8388843], [121.3465249, 24.8388513], [121.3465988, 24.8388408], [121.3466115, 24.8388414]]}}, {"type": "Feature", "properties": {"county": "桃園市", "district": "大溪區", "highway": "residential", "name": "齋明街62巷"}, "geometry": {"type": "LineString", "coordinates": [[121.2720733, 24.8861039], [121.272509, 24.8856186], [121.2729914, 24.88517], [121.2733693, 24.8848185]]}}, {"type": "Feature", "properties": {"county": "桃園市", "district": "大溪區", "highway": "residential", "name": "康莊路"}, "geometry": {"type": "LineString", "coordinates": [[121.2881264, 24.8813024], [121.2882378, 24.8823829], [121.2882592, 24.8825117], [121.2883947, 24.8827906]]}}, {"type": "Feature", "properties": {"county": "桃園市", "district": "大溪區", "highway": "primary", "name": "信義路"}, "geometry": {"type": "LineString", "coordinates": [[121.2893712, 24.8845344], [121.2892556, 24.884634], [121.2892331, 24.8846902]]}}, {"type": "Feature", "properties": {"county": "桃園市", "district": "大溪區", "highway": "primary", "name": "中正路三坑段"}, "geometry": {"type": "LineString", "coordinates": [[121.2432994, 24.8303346], [121.243341, 24.8301532], [121.2433959, 24.8299354], [121.2435488, 24.8292879], [121.2435864, 24.8290323], [121.2435995, 24.8288145]]}}, {"type": "Feature", "properties": {"county": "桃園市", "district": "大溪區", "highway": "primary", "name": "中正路三坑段"}, "geometry": {"type": "LineString", "coordinates": [[121.2432009, 24.8276083], [121.2431108, 24.8274102], [121.2430894, 24.8273638], [121.2430694, 24.8272849], [121.2430623, 24.8271853], [121.2430701, 24.827096]]}}, {"type": "Feature", "properties": {"county": "桃園市", "district": "大溪區", "highway": "primary", "name": null}, "geometry": {"type": "LineString", "coordinates": [[121.2579499, 24.822183], [121.2577354, 24.822152], [121.2575426, 24.8221644], [121.2573603, 24.822205], [121.2572728, 24.8222358]]}}, {"type": "Feature", "properties": {"county": "桃園市", "district": "大溪區", "highway": "primary", "name": null}, "geometry": {"type": "LineString", "coordinates": [[121.2572728, 24.8222358], [121.2566272, 24.8226175]]}}, {"type": "Feature", "properties": {"county": "桃園市", "district": "大溪區", "highway": "secondary", "name": "龍南路"}, "geometry": {"type": "LineString", "coordinates": [[121.2529917, 24.9201946], [121.2533915, 24.9197898], [121.2538134, 24.9194045], [121.2542363, 24.9189978], [121.2543311, 24.9189506]]}}, {"type": "Feature", "properties": {"county": "桃園市", "district": "大溪區", "highway": "tertiary", "name": "平東路"}, "geometry": {"type": "LineString", "coordinates": [[121.2531158, 24.9181385], [121.253483, 24.9183178], [121.2541103, 24.918616], [121.2541491, 24.9186665], [121.2543311, 24.9189506]]}}, {"type": "Feature", "properties": {"county": "桃園市", "district": "大溪區", "highway": "tertiary", "name": null}, "geometry": {"type": "LineString", "coordinates": [[121.3040524, 24.8423074], [121.3039635, 24.8422554], [121.3038468, 24.8422487], [121.3035787, 24.8424212], [121.3034191, 24.8425067], [121.3031877, 24.8426397], [121.3031024, 24.84269], [121.3030331, 24.842731], [121.30257, 24.8431226], [121.302108, 24.8436622], [121.3019686, 24.8437839], [121.3019279, 24.8438709], [121.301917, 24.8440692], [121.3018825, 24.844185], [121.3017218, 24.8443288], [121.3014899, 24.8444419], [121.3014456, 24.8444941], [121.3014309, 24.8445451], [121.3014315, 24.8446176], [121.3014537, 24.8446923], [121.3016642, 24.8449133], [121.3018232, 24.8450204], [121.3018969, 24.845153], [121.3019647, 24.8454073], [121.3020184, 24.8455011], [121.3020424, 24.8455295], [121.302076, 24.8455504], [121.3021705, 24.8455928], [121.3022336, 24.8456525], [121.302369, 24.8458516], [121.3024535, 24.8460268], [121.3026011, 24.8462927], [121.3027526, 24.8464807], [121.3030597, 24.8466535], [121.3031562, 24.8466749], [121.3032856, 24.8466791], [121.3034606, 24.8467053], [121.3036209, 24.8466961], [121.3040152, 24.8465756], [121.3042553, 24.8464861], [121.30443, 24.8464641], [121.3045824, 24.8464729], [121.3047344, 24.8464604]]}}, {"type": "Feature", "properties": {"county": "桃園市", "district": "大溪區", "highway": "secondary", "name": "中正路佳安段"}, "geometry": {"type": "LineString", "coordinates": [[121.2368539, 24.844201], [121.2369662, 24.8441961], [121.2370829, 24.8441925], [121.2374061, 24.8442241], [121.2376259, 24.8442907], [121.2378473, 24.8444152], [121.2380739, 24.8446342], [121.2395647, 24.8463916], [121.2410041, 24.8480919], [121.2412683, 24.848412], [121.2414426, 24.8485739], [121.2416411, 24.8487284], [121.2417725, 24.8488112], [121.2419737, 24.8489049], [121.2421534, 24.848973], [121.2422639, 24.8490043], [121.2425021, 24.8490716], [121.2428173, 24.8491312], [121.2430935, 24.8491629], [121.2432719, 24.8491653], [121.2434234, 24.8491422], [121.2436099, 24.8490911], [121.2438606, 24.8489864], [121.2442938, 24.8487783], [121.2443359, 24.848762], [121.2445739, 24.848614]]}}, {"type": "Feature", "properties": {"county": "桃園市", "district": "大溪區", "highway": "tertiary", "name": "環湖路"}, "geometry": {"type": "LineString", "coordinates": [[121.2572912, 24.8217502], [121.2574593, 24.8218557], [121.2579499, 24.822183]]}}, {"type": "Feature", "properties": {"county": "桃園市", "district": "大溪區", "highway": "primary", "name": "康莊路五段"}, "geometry": {"type": "LineString", "coordinates": [[121.2579499, 24.822183], [121.2580736, 24.8222233], [121.2582922, 24.8223424], [121.2585993, 24.8225299], [121.2587843, 24.8226024], [121.2589775, 24.8226495], [121.2597138, 24.822882], [121.2605922, 24.8232375], [121.261016, 24.8234412], [121.2612682, 24.8236023], [121.2619185, 24.8240805], [121.2622404, 24.824295], [121.2623724, 24.8243744], [121.2629794, 24.8247396], [121.2635933, 24.8250826], [121.2637639, 24.8251748], [121.2644506, 24.8255825], [121.2644839, 24.8256045], [121.2645365, 24.8256406], [121.2650165, 24.825957], [121.2658453, 24.8265481], [121.2661095, 24.8267566], [121.2663039, 24.8269306], [121.2665468, 24.8271916], [121.2665614, 24.8272072], [121.2667536, 24.8274074], [121.2669115, 24.8275501], [121.2674768, 24.827953], [121.2676477, 24.8280748], [121.2679736, 24.8283671], [121.2684015, 24.8288165], [121.2686656, 24.8290517], [121.2692745, 24.8295258], [121.2694662, 24.8296907], [121.2700188, 24.8302145], [121.2704788, 24.8306319], [121.2707161, 24.8308531], [121.2709307, 24.8310722], [121.2710889, 24.8312937], [121.2712419, 24.8316048], [121.2712967, 24.8318195], [121.2714887, 24.8324275], [121.2715335, 24.8326506], [121.271568, 24.8330054], [121.271621, 24.8337643], [121.2716462, 24.8351201], [121.2716462, 24.8353501], [121.2716783, 24.8355923], [121.2717803, 24.8359088], [121.2719382, 24.8363043], [121.272068, 24.836719], [121.2722948, 24.8375617], [121.2723418, 24.8379366]]}}, {"type": "Feature", "properties": {"county": "桃園市", "district": "大溪區", "highway": "primary", "name": "瑞安路二段"}, "geometry": {"type": "LineString", "coordinates": [[121.2814219, 24.8636223], [121.2813063, 24.8639977], [121.2812823, 24.8640757], [121.2812072, 24.8643398], [121.2811442, 24.8646111], [121.281116, 24.8648241], [121.2810986, 24.8650589], [121.2811017, 24.8652577], [121.2811446, 24.8656011], [121.2813051, 24.866154], [121.2818742, 24.8679614], [121.2819596, 24.8682723], [121.2820119, 24.8685241], [121.2820239, 24.868787], [121.2820307, 24.8689245], [121.2820244, 24.8691201], [121.2820052, 24.86936], [121.2819444, 24.8696945]]}}, {"type": "Feature", "properties": {"county": "桃園市", "district": "大溪區", "highway": "tertiary", "name": "康莊路"}, "geometry": {"type": "LineString", "coordinates": [[121.2862922, 24.8733826], [121.2863566, 24.8737038], [121.2863646, 24.8737639], [121.2864162, 24.8741496], [121.2864638, 24.8745093]]}}, {"type": "Feature", "properties": {"county": "桃園市", "district": "大溪區", "highway": "primary", "name": "康莊路三段"}, "geometry": {"type": "LineString", "coordinates": [[121.2829354, 24.8587243], [121.2830311, 24.8581239], [121.2830339, 24.8580517], [121.2830405, 24.8578842], [121.283019, 24.8576129], [121.2827629, 24.8559591], [121.2827186, 24.8556475], [121.2826637, 24.855448], [121.2825872, 24.8552423], [121.2824732, 24.8549709], [121.2823726, 24.8547933], [121.282196, 24.8545289], [121.2820642, 24.8543564], [121.2819167, 24.8542189], [121.2817454, 24.8540783], [121.2813377, 24.8538208], [121.2810588, 24.8536983], [121.2804794, 24.8534775], [121.2799001, 24.8532844], [121.279664, 24.8531985], [121.2792349, 24.8530483], [121.2791173, 24.8530047], [121.2788057, 24.8528836], [121.2783007, 24.8526791], [121.2780877, 24.8525624], [121.2778814, 24.8524546], [121.2774902, 24.8521617], [121.2772917, 24.851964], [121.2767673, 24.8514175], [121.276073, 24.8506968], [121.2757913, 24.8503962], [121.2756729, 24.8502374], [121.2752652, 24.8495507], [121.2749648, 24.8491001], [121.2747502, 24.8487997], [121.2736344, 24.847362], [121.2733555, 24.8470187], [121.273066, 24.8466924], [121.2727656, 24.8463102], [121.2726422, 24.8461399], [121.272601, 24.8460331], [121.2725729, 24.8459419], [121.272546, 24.8458056], [121.2725246, 24.8456559], [121.2724709, 24.8450839], [121.2723498, 24.8438885], [121.2723083, 24.8435088], [121.2722532, 24.8429879], [121.2722278, 24.8426934], [121.2722253, 24.8426473], [121.2722054, 24.8422859], [121.2722161, 24.8418125], [121.272259, 24.841232], [121.2722926, 24.8407342], [121.2722966, 24.8403436], [121.2722617, 24.8400697], [121.2721893, 24.8395781], [121.2721719, 24.8393651], [121.2721813, 24.8390888], [121.2722175, 24.8386957], [121.2722564, 24.8382393], [121.2722604, 24.8379545]]}}, {"type": "Feature", "properties": {"county": "桃園市", "district": "大溪區", "highway": "residential", "name": "內柵路一段"}, "geometry": {"type": "LineString", "coordinates": [[121.2822318, 24.8609348], [121.2817886, 24.8600815], [121.2816309, 24.8597489], [121.2815561, 24.8595913], [121.2814999, 24.8594729], [121.2813855, 24.8591176], [121.2813657, 24.8590561], [121.2813331, 24.8589454], [121.2812864, 24.8587866], [121.2811828, 24.8584346], [121.2811309, 24.8582587], [121.2809897, 24.8577805], [121.2809425, 24.8576204], [121.2807925, 24.8571121]]}}, {"type": "Feature", "properties": {"county": "桃園市", "district": "大溪區", "highway": "unclassified", "name": null}, "geometry": {"type": "LineString", "coordinates": [[121.2920574, 24.8404177], [121.2924072, 24.8404114]]}}, {"type": "Feature", "properties": {"county": "桃園市", "district": "大溪區", "highway": "primary", "name": "復興路一段"}, "geometry": {"type": "LineString", "coordinates": [[121.2849855, 24.8481131], [121.2849591, 24.8478881], [121.2849641, 24.8477912], [121.28499, 24.8476167], [121.2851396, 24.8468196], [121.2851496, 24.8467661], [121.2851697, 24.8466331], [121.2852327, 24.8462632], [121.2853521, 24.8456644], [121.2854594, 24.8454307], [121.285758, 24.8449802], [121.2858653, 24.8448086], [121.286024, 24.844507], [121.2863494, 24.8437613], [121.2864863, 24.8434555], [121.2866324, 24.8432839], [121.2872386, 24.8427272], [121.287266, 24.8427038], [121.2875443, 24.8424665], [121.287978, 24.8420552], [121.2881781, 24.8418855], [121.2884094, 24.8416893], [121.2885931, 24.8415718], [121.2887406, 24.841496], [121.2890317, 24.841377], [121.2893475, 24.8412647], [121.2894205, 24.8412337], [121.2898223, 24.8410937], [121.2900723, 24.8409986], [121.2910218, 24.8406604], [121.2912941, 24.84056], [121.2917018, 24.8403883]]}}, {"type": "Feature", "properties": {"county": "桃園市", "district": "大溪區", "highway": "primary", "name": "復興路一段"}, "geometry": {"type": "LineString", "coordinates": [[121.2917018, 24.8403883], [121.2919621, 24.8402473]]}}, {"type": "Feature", "properties": {"county": "桃園市", "district": "大溪區", "highway": "tertiary", "name": "美山路二段"}, "geometry": {"type": "LineString", "coordinates": [[121.2952049, 24.8614404], [121.2957379, 24.8629105], [121.2965921, 24.865179], [121.2967042, 24.8655298], [121.297451, 24.866525], [121.2975888, 24.8666835], [121.2985944, 24.8678245], [121.2992035, 24.8684904], [121.2993919, 24.868752], [121.3001286, 24.8696912], [121.3002963, 24.8699658], [121.3004476, 24.8702498], [121.300927, 24.8710918], [121.3012655, 24.8716536]]}}, {"type": "Feature", "properties": {"county": "桃園市", "district": "大溪區", "highway": "residential", "name": "仁二街196巷"}, "geometry": {"type": "LineString", "coordinates": [[121.2797626, 24.8969797], [121.2801443, 24.8967119]]}}, {"type": "Feature", "properties": {"county": "桃園市", "district": "大溪區", "highway": "residential", "name": "東二路"}, "geometry": {"type": "LineString", "coordinates": [[121.2953866, 24.8818275], [121.2950925, 24.8818288], [121.2947877, 24.8820208], [121.2944554, 24.8822301], [121.2940623, 24.8824777], [121.2935408, 24.8827803], [121.2933182, 24.8829095], [121.2932539, 24.8829437], [121.2929243, 24.8831058], [121.2926368, 24.8832692], [121.2921694, 24.8835539], [121.2914313, 24.8839589], [121.2910985, 24.884137], [121.290936, 24.8842255]]}}, {"type": "Feature", "properties": {"county": "桃園市", "district": "大溪區", "highway": "residential", "name": "仁一街"}, "geometry": {"type": "LineString", "coordinates": [[121.2797636, 24.8955928], [121.279824, 24.8956007], [121.279883, 24.8956469], [121.2805487, 24.896428], [121.2809308, 24.8968958], [121.2809673, 24.8971043], [121.2809401, 24.8972215], [121.2807073, 24.8973751], [121.2803023, 24.8976423]]}}, {"type": "Feature", "properties": {"county": "桃園市", "district": "大溪區", "highway": "residential", "name": "美和路"}, "geometry": {"type": "LineString", "coordinates": [[121.2949761, 24.8581793], [121.2950543, 24.8582775], [121.2954353, 24.8588255], [121.2955251, 24.8589629], [121.2955978, 24.8591358], [121.2957003, 24.8596122], [121.2958935, 24.8599115], [121.2959488, 24.8600058], [121.2959757, 24.8600672], [121.2959903, 24.8601482], [121.2959887, 24.8602095], [121.295974, 24.8602805]]}}, {"type": "Feature", "properties": {"county": "桃園市", "district": "大溪區", "highway": "residential", "name": "和二路"}, "geometry": {"type": "LineString", "coordinates": [[121.2896696, 24.8802764], [121.2899353, 24.8805987], [121.2900277, 24.8807108], [121.2902449, 24.8809809], [121.2903026, 24.8810818], [121.2904461, 24.8813495], [121.2905333, 24.8815477], [121.2905936, 24.8816438], [121.2911957, 24.8824297], [121.2914059, 24.8826439], [121.2915375, 24.8827911], [121.2917081, 24.8829687], [121.2920795, 24.883431], [121.2921694, 24.8835539], [121.2922604, 24.8836391], [121.2923588, 24.883774], [121.2924822, 24.8839816], [121.2925114, 24.8840344]]}}, {"type": "Feature", "properties": {"county": "桃園市", "district": "大溪區", "highway": "residential", "name": "勝利街"}, "geometry": {"type": "LineString", "coordinates": [[121.2866896, 24.8759196], [121.2862407, 24.8754648], [121.2861747, 24.8754078], [121.2853682, 24.8747113], [121.2851708, 24.8745534], [121.2840777, 24.8736788], [121.2836336, 24.8734221], [121.2834807, 24.8733337], [121.2832782, 24.8731803], [121.2830811, 24.8729808], [121.2826586, 24.872499], [121.2825192, 24.8723153], [121.2824468, 24.8722408], [121.2823703, 24.872162], [121.2820365, 24.8720219], [121.2819317, 24.871904], [121.2818781, 24.8717519], [121.2818687, 24.8715913], [121.2818583, 24.8711128], [121.2818758, 24.8708974], [121.28192, 24.8707526], [121.2820152, 24.8705433], [121.2820286, 24.8704728], [121.2820233, 24.8703973], [121.2820125, 24.8703511], [121.2819548, 24.8703164], [121.2818241, 24.8702349], [121.2817497, 24.8701795]]}}, {"type": "Feature", "properties": {"county": "桃園市", "district": "大溪區", "highway": "unclassified", "name": "美山路一段151巷"}, "geometry": {"type": "LineString", "coordinates": [[121.3001991, 24.8832381], [121.3002643, 24.883456], [121.3002234, 24.8835725], [121.3001341, 24.8837581], [121.2999902, 24.884057], [121.3000072, 24.8841409], [121.300149, 24.8843222], [121.3002022, 24.8843965], [121.3002992, 24.8845436], [121.3004414, 24.8847455], [121.3005563, 24.8849146], [121.3006935, 24.8851373], [121.3008008, 24.8852711], [121.300942, 24.8853992], [121.3009992, 24.8855071], [121.3010167, 24.8856604]]}}, {"type": "Feature", "properties": {"county": "桃園市", "district": "大溪區", "highway": "unclassified", "name": "美和路"}, "geometry": {"type": "LineString", "coordinates": [[121.295974, 24.8602805], [121.2962139, 24.8602436], [121.296514, 24.8601572], [121.2967311, 24.8600887], [121.296977, 24.8600729], [121.2973794, 24.8600526], [121.298034, 24.8596849], [121.2983242, 24.8595178], [121.2983531, 24.8594923], [121.2983732, 24.8594473], [121.2983846, 24.859272], [121.2984489, 24.8591558], [121.2987621, 24.8589589], [121.2989772, 24.8588324], [121.2993662, 24.8586202], [121.2995513, 24.8585171], [121.2998423, 24.8583813], [121.2999752, 24.8585396], [121.3001748, 24.8589764], [121.3003354, 24.8593043]]}}, {"type": "Feature", "properties": {"county": "桃園市", "district": "大溪區", "highway": "residential", "name": "天祥街"}, "geometry": {"type": "LineString", "coordinates": [[121.2881749, 24.878473], [121.288663, 24.8782339], [121.288796, 24.8781643], [121.2893032, 24.8778713], [121.2893673, 24.8778358], [121.2895412, 24.8777391], [121.2901182, 24.8774313], [121.290998, 24.8768987], [121.2910108, 24.8768915], [121.29135, 24.8767007], [121.2923884, 24.8760843], [121.2929771, 24.8757077], [121.2929945, 24.8756852], [121.29302, 24.8756311], [121.2930536, 24.8754674], [121.2930844, 24.8754528], [121.2930999, 24.8754486], [121.2931186, 24.8754546], [121.2933593, 24.8755569]]}}, {"type": "Feature", "properties": {"county": "桃園市", "district": "大溪區", "highway": "unclassified", "name": "復興路一段39巷"}, "geometry": {"type": "LineString", "coordinates": [[121.293874, 24.8666528], [121.2939263, 24.866681], [121.294177, 24.8669849], [121.2942926, 24.867081], [121.294861, 24.8679594], [121.2952393, 24.8684636], [121.2956031, 24.8689196], [121.2958724, 24.8692569], [121.2968135, 24.8704636], [121.2969463, 24.8706084], [121.2969932, 24.8706364], [121.2972086, 24.8707187], [121.2972721, 24.8707605], [121.2976275, 24.8712728], [121.2977992, 24.8714918], [121.2979376, 24.8717897], [121.2980623, 24.8719901], [121.2982432, 24.872222], [121.2991935, 24.8734343]]}}, {"type": "Feature", "properties": {"county": "桃園市", "district": "大溪區", "highway": "unclassified", "name": "順和路"}, "geometry": {"type": "LineString", "coordinates": [[121.2960383, 24.8575484], [121.2963096, 24.8576586], [121.2963278, 24.8576719], [121.29634, 24.8576864], [121.2965175, 24.8580825], [121.2966853, 24.8583706], [121.2968496, 24.858666], [121.2970622, 24.8590234], [121.2972391, 24.8593908], [121.2973127, 24.8595903], [121.2973566, 24.8597517], [121.2973794, 24.8600526], [121.2976648, 24.8607315], [121.2978455, 24.8611806], [121.2979843, 24.8616786], [121.2981103, 24.8619183], [121.2985368, 24.8626107], [121.2991264, 24.8634402], [121.2992101, 24.863557], [121.2993602, 24.8637429], [121.2994783, 24.8638476], [121.3000979, 24.8641573], [121.3011025, 24.864605], [121.3012192, 24.8646379], [121.3012796, 24.8646379], [121.3013734, 24.8645989], [121.3016229, 24.8644085], [121.3017878, 24.8642485], [121.3019836, 24.8640696], [121.302154, 24.8639309], [121.3023448, 24.8638308], [121.3025415, 24.8637277], [121.3026435, 24.8636937], [121.3027414, 24.8637058], [121.3028647, 24.863774], [121.3032826, 24.8641223], [121.3036568, 24.8644425], [121.3037603, 24.8644782]]}}, {"type": "Feature", "properties": {"county": "桃園市", "district": "大溪區", "highway": "tertiary", "name": "美山路一段"}, "geometry": {"type": "LineString", "coordinates": [[121.300445, 24.8726201], [121.3004329, 24.8730191], [121.3004431, 24.8733163], [121.3004772, 24.8739499], [121.3004883, 24.8742805], [121.3005175, 24.8744281], [121.3005885, 24.8745741], [121.3006291, 24.874637], [121.3008491, 24.8749169], [121.3009979, 24.8751444], [121.3010677, 24.8752888], [121.3013583, 24.8758725], [121.3015752, 24.876256], [121.3016324, 24.8763379], [121.3017777, 24.8765461], [121.3020098, 24.8769035], [121.3020336, 24.8770015], [121.3022441, 24.8774979], [121.3024842, 24.8780162], [121.3029913, 24.8789575], [121.3030773, 24.879121], [121.3032313, 24.8794136], [121.303504, 24.8800858], [121.3035923, 24.8804271], [121.3036271, 24.8807326], [121.3036845, 24.8810018], [121.3037061, 24.8810746], [121.3037676, 24.8812817], [121.3038076, 24.881564], [121.3038084, 24.8816067], [121.3038645, 24.8820778]]}}, {"type": "Feature", "properties": {"county": "桃園市", "district": "大溪區", "highway": "residential", "name": "仁和九街22巷"}, "geometry": {"type": "LineString", "coordinates": [[121.2735673, 24.8954719], [121.2735215, 24.8958906], [121.2734994, 24.896092], [121.2734601, 24.8964512]]}}, {"type": "Feature", "properties": {"county": "桃園市", "district": "大溪區", "highway": "residential", "name": "員林路一段3巷"}, "geometry": {"type": "LineString", "coordinates": [[121.2839001, 24.898587], [121.2837887, 24.8976166], [121.2837342, 24.8972524], [121.2836772, 24.8967712], [121.2836424, 24.8964778], [121.2835991, 24.896149]]}}, {"type": "Feature", "properties": {"county": "桃園市", "district": "大溪區", "highway": "residential", "name": "員林路一段29巷"}, "geometry": {"type": "LineString", "coordinates": [[121.2821079, 24.8962504], [121.2822343, 24.8971697], [121.2822699, 24.8974035], [121.2823054, 24.8976685], [121.2823408, 24.897928], [121.2823788, 24.8981817], [121.282435, 24.8986326]]}}, {"type": "Feature", "properties": {"county": "桃園市", "district": "大溪區", "highway": "residential", "name": "福居街"}, "geometry": {"type": "LineString", "coordinates": [[121.2814794, 24.896328], [121.2816033, 24.89724], [121.2816319, 24.8974643], [121.2816707, 24.8977347], [121.281705, 24.8979848], [121.2817432, 24.8982399], [121.2817676, 24.8986684]]}}, {"type": "Feature", "properties": {"county": "桃園市", "district": "大溪區", "highway": "residential", "name": "東和路"}, "geometry": {"type": "LineString", "coordinates": [[121.2908986, 24.8838574], [121.2901807, 24.8842671]]}}, {"type": "Feature", "properties": {"county": "桃園市", "district": "大溪區", "highway": "residential", "name": "大漢街"}, "geometry": {"type": "LineString", "coordinates": [[121.2903864, 24.8758245], [121.2900812, 24.8760624], [121.2898855, 24.8762126], [121.2896823, 24.8763568], [121.2892764, 24.8766098], [121.289204, 24.8766603], [121.2890041, 24.8768241], [121.2888028, 24.8769574], [121.2885042, 24.8771469], [121.2884531, 24.8771739], [121.2882232, 24.8772722], [121.2876853, 24.8774762]]}}, {"type": "Feature", "properties": {"county": "桃園市", "district": "大溪區", "highway": "residential", "name": "士香街"}, "geometry": {"type": "LineString", "coordinates": [[121.274815, 24.8942826], [121.2746995, 24.8949375]]}}, {"type": "Feature", "properties": {"county": "桃園市", "district": "大溪區", "highway": "residential", "name": "員林路一段15巷"}, "geometry": {"type": "LineString", "coordinates": [[121.2824898, 24.8961962], [121.2826607, 24.8973638], [121.2828108, 24.8985552], [121.2828146, 24.8986321]]}}, {"type": "Feature", "properties": {"county": "桃園市", "district": "大溪區", "highway": "residential", "name": "仁三街"}, "geometry": {"type": "LineString", "coordinates": [[121.2793729, 24.8958515], [121.2801443, 24.8967119], [121.2807073, 24.8973751]]}}, {"type": "Feature", "properties": {"county": "桃園市", "district": "大溪區", "highway": "residential", "name": "中山路"}, "geometry": {"type": "LineString", "coordinates": [[121.287638, 24.8816329], [121.2868745, 24.8817029], [121.2859224, 24.8819463]]}}, {"type": "Feature", "properties": {"county": "桃園市", "district": "大溪區", "highway": "residential", "name": "和二路79巷19弄"}, "geometry": {"type": "LineString", "coordinates": [[121.2904999, 24.8804047], [121.2908325, 24.8808623]]}}, {"type": "Feature", "properties": {"county": "桃園市", "district": "大溪區", "highway": "residential", "name": "東一路"}, "geometry": {"type": "LineString", "coordinates": [[121.2921996, 24.8826603], [121.2917081, 24.8829687], [121.2906843, 24.8835648], [121.290366, 24.8837498]]}}, {"type": "Feature", "properties": {"county": "桃園市", "district": "大溪區", "highway": "residential", "name": "登龍路"}, "geometry": {"type": "LineString", "coordinates": [[121.2857449, 24.8814518], [121.2859224, 24.8819463], [121.2860377, 24.882336], [121.2861801, 24.8826205], [121.2863677, 24.8829555]]}}, {"type": "Feature", "properties": {"county": "桃園市", "district": "大溪區", "highway": "residential", "name": "三元二街"}, "geometry": {"type": "LineString", "coordinates": [[121.2694581, 24.8814975], [121.2695983, 24.8816376], [121.2696489, 24.8816983], [121.269653, 24.8817603], [121.2694776, 24.8818847], [121.2691261, 24.8821479], [121.2687816, 24.8824401], [121.26841, 24.8827207], [121.2678269, 24.8831975], [121.2677446, 24.883221], [121.2674948, 24.8834454], [121.2673203, 24.8836022]]}}, {"type": "Feature", "properties": {"county": "桃園市", "district": "大溪區", "highway": "residential", "name": "仁和九街117巷"}, "geometry": {"type": "LineString", "coordinates": [[121.2729786, 24.8963442], [121.2734601, 24.8964512], [121.2736317, 24.8964852], [121.2737567, 24.89651], [121.2740455, 24.8965452]]}}, {"type": "Feature", "properties": {"county": "桃園市", "district": "大溪區", "highway": "residential", "name": "普濟路"}, "geometry": {"type": "LineString", "coordinates": [[121.2857232, 24.8863165], [121.2855065, 24.886102], [121.2853215, 24.8858973], [121.2852451, 24.8856757], [121.2852542, 24.8853377]]}}, {"type": "Feature", "properties": {"county": "桃園市", "district": "大溪區", "highway": "residential", "name": "員林路一段7巷"}, "geometry": {"type": "LineString", "coordinates": [[121.2831945, 24.898764], [121.283246, 24.8986206], [121.2832438, 24.8984551], [121.2832057, 24.8981229], [121.2831673, 24.8977284], [121.2831335, 24.897302], [121.283004, 24.8961707]]}}, {"type": "Feature", "properties": {"county": "桃園市", "district": "大溪區", "highway": "residential", "name": "普濟路"}, "geometry": {"type": "LineString", "coordinates": [[121.2877805, 24.8797668], [121.2873054, 24.879808], [121.287268, 24.8798463], [121.2872978, 24.8803148], [121.287312, 24.8807159]]}}, {"type": "Feature", "properties": {"county": "桃園市", "district": "大溪區", "highway": "residential", "name": "忠孝路"}, "geometry": {"type": "LineString", "coordinates": [[121.2901783, 24.8844624], [121.2901998, 24.884398], [121.2901807, 24.8842671], [121.2896166, 24.8834249]]}}, {"type": "Feature", "properties": {"county": "桃園市", "district": "大溪區", "highway": "residential", "name": "員林路二段155巷"}, "geometry": {"type": "LineString", "coordinates": [[121.2711372, 24.8883777], [121.2712919, 24.8885804], [121.2714491, 24.8887954], [121.2715977, 24.8889929], [121.2717591, 24.8892039], [121.2719181, 24.8893931], [121.2720632, 24.8895798], [121.2722, 24.8897396], [121.2722973, 24.8897529], [121.2724211, 24.8896654], [121.2729993, 24.890391]]}}, {"type": "Feature", "properties": {"county": "桃園市", "district": "大溪區", "highway": "residential", "name": "士香街"}, "geometry": {"type": "LineString", "coordinates": [[121.2745615, 24.8976368], [121.2743938, 24.8975051], [121.2743844, 24.8974625], [121.2744776, 24.8967969], [121.2745285, 24.8963233], [121.2746239, 24.8956073], [121.2746681, 24.8951853]]}}, {"type": "Feature", "properties": {"county": "桃園市", "district": "大溪區", "highway": "residential", "name": "士香街"}, "geometry": {"type": "LineString", "coordinates": [[121.2746995, 24.8949375], [121.2747531, 24.8949852], [121.274773, 24.8950526], [121.2747603, 24.8951095], [121.2747231, 24.8951568], [121.2746681, 24.8951853]]}}, {"type": "Feature", "properties": {"county": "桃園市", "district": "大溪區", "highway": "unclassified", "name": "打鐵寮路70巷"}, "geometry": {"type": "LineString", "coordinates": [[121.2927896, 24.8526542], [121.2950615, 24.8554615], [121.2963005, 24.856985]]}}, {"type": "Feature", "properties": {"county": "桃園市", "district": "大溪區", "highway": "residential", "name": null}, "geometry": {"type": "LineString", "coordinates": [[121.2746681, 24.8951853], [121.2746058, 24.8951595], [121.2745649, 24.8951096], [121.2745555, 24.895048], [121.27458, 24.89499], [121.2746324, 24.8949498], [121.2746995, 24.8949375]]}}, {"type": "Feature", "properties": {"county": "桃園市", "district": "大溪區", "highway": "residential", "name": "仁和六街"}, "geometry": {"type": "LineString", "coordinates": [[121.2755075, 24.8944675], [121.2752369, 24.8947617], [121.2751925, 24.8948099], [121.2751568, 24.8950782], [121.2751364, 24.8952312], [121.2750828, 24.8956338], [121.2750723, 24.8957124], [121.2749909, 24.8963238], [121.2749293, 24.8963548], [121.2748417, 24.8963489], [121.2745285, 24.8963233]]}}, {"type": "Feature", "properties": {"county": "桃園市", "district": "大溪區", "highway": "residential", "name": "金城路"}, "geometry": {"type": "LineString", "coordinates": [[121.2872978, 24.8803148], [121.2877714, 24.8802715], [121.2886237, 24.8801936], [121.2889335, 24.8801538], [121.2890366, 24.8800877], [121.2893437, 24.8798653], [121.2894045, 24.8798213], [121.2896404, 24.8796741], [121.2898678, 24.8793934], [121.2902783, 24.8791012], [121.2906863, 24.878832], [121.2910376, 24.878599], [121.2917464, 24.8781417]]}}, {"type": "Feature", "properties": {"county": "桃園市", "district": "大溪區", "highway": "residential", "name": null}, "geometry": {"type": "LineString", "coordinates": [[121.26989, 24.8889045], [121.2700382, 24.8888868]]}}, {"type": "Feature", "properties": {"county": "桃園市", "district": "大溪區", "highway": "residential", "name": "仁二街"}, "geometry": {"type": "LineString", "coordinates": [[121.2773035, 24.8954046], [121.2777922, 24.8950024], [121.2778782, 24.8950414], [121.2781591, 24.8953116], [121.2785046, 24.8956438], [121.2790002, 24.8961205], [121.2794967, 24.89668], [121.2796821, 24.8968889], [121.2797626, 24.8969797], [121.279801, 24.897023], [121.2803023, 24.8976423], [121.2803569, 24.8976977], [121.2804688, 24.897799], [121.2810542, 24.8979392]]}}, {"type": "Feature", "properties": {"county": "桃園市", "district": "大溪區", "highway": "unclassified", "name": "大鶯路60巷89弄"}, "geometry": {"type": "LineString", "coordinates": [[121.2805034, 24.8913382], [121.280893, 24.8912196], [121.2815582, 24.8910371], [121.2823253, 24.8908632], [121.2825198, 24.8908291], [121.2826921, 24.891], [121.2839992, 24.8921965], [121.2861589, 24.894168], [121.2862488, 24.8942628]]}}, {"type": "Feature", "properties": {"county": "桃園市", "district": "大溪區", "highway": "residential", "name": "悅華路"}, "geometry": {"type": "LineString", "coordinates": [[121.2479839, 24.869814], [121.2480742, 24.869947], [121.2481081, 24.8700144], [121.2481795, 24.8701514], [121.2482496, 24.8702861], [121.248318, 24.8703914], [121.249163, 24.8716512], [121.2492268, 24.8718801], [121.2492339, 24.8720599], [121.2492113, 24.8723227], [121.2491913, 24.8726149], [121.2491994, 24.8728821], [121.2492423, 24.8732038], [121.2493127, 24.8734827], [121.2493348, 24.8735305], [121.2494327, 24.873742], [121.249536, 24.8738949], [121.2503108, 24.8749115], [121.2508941, 24.8757248], [121.2509268, 24.8757886]]}}, {"type": "Feature", "properties": {"county": "桃園市", "district": "大溪區", "highway": "unclassified", "name": "月眉路75巷"}, "geometry": {"type": "LineString", "coordinates": [[121.2900391, 24.8876532], [121.2890405, 24.8887012], [121.2882955, 24.8895297], [121.2879628, 24.8899182]]}}, {"type": "Feature", "properties": {"county": "桃園市", "district": "大溪區", "highway": "residential", "name": "瑞仁路290巷"}, "geometry": {"type": "LineString", "coordinates": [[121.2946506, 24.9145812], [121.2945542, 24.9144026], [121.2941934, 24.9136363], [121.2938139, 24.9127423], [121.2936556, 24.9123215], [121.2934719, 24.9119833], [121.2930119, 24.9113326], [121.2924862, 24.910677], [121.2920852, 24.9102343], [121.2916386, 24.9098511], [121.2915823, 24.9097879], [121.2914562, 24.9093913], [121.2914133, 24.9090678], [121.2913663, 24.9089401], [121.2912497, 24.908816], [121.29096, 24.9084754], [121.2908327, 24.9084006], [121.2905738, 24.9083562], [121.2904893, 24.9083343], [121.2903632, 24.9081944], [121.2902546, 24.9079001], [121.2902404, 24.9078256], [121.2902372, 24.907787], [121.2902318, 24.9075899], [121.2902166, 24.9073113], [121.2902057, 24.9071121], [121.2901175, 24.9066873], [121.2899944, 24.9064069], [121.2898544, 24.9060127], [121.2897488, 24.9056297], [121.2896855, 24.9051116], [121.2896257, 24.9046221], [121.2893136, 24.9040932], [121.2892835, 24.9040422], [121.289223, 24.9039058]]}}, {"type": "Feature", "properties": {"county": "桃園市", "district": "大溪區", "highway": "residential", "name": "日新路"}, "geometry": {"type": "LineString", "coordinates": [[121.3235809, 24.893423], [121.3234206, 24.8933237], [121.3232665, 24.8932285], [121.3230923, 24.8930037], [121.3229584, 24.8927829], [121.3227127, 24.8922988], [121.322581, 24.8919464], [121.3225307, 24.8915845], [121.3225825, 24.8910266], [121.3227127, 24.890567], [121.3227409, 24.8904675], [121.3227294, 24.8901291], [121.3226344, 24.8895647], [121.3221277, 24.8888777], [121.3219947, 24.8886954], [121.3218846, 24.8885089], [121.3218014, 24.8882721], [121.3218535, 24.8879707], [121.3219201, 24.8877799], [121.3221165, 24.8874335], [121.3223074, 24.887167], [121.3225339, 24.8869491], [121.3232822, 24.8863894], [121.3234565, 24.8861823], [121.3235374, 24.8858373], [121.3235353, 24.8849371], [121.3234824, 24.8842528], [121.323542, 24.8837528], [121.3235534, 24.8836672], [121.3235949, 24.8833548], [121.3236341, 24.8828518], [121.3236869, 24.8826704], [121.323806, 24.8825278], [121.3241898, 24.8823161], [121.3242508, 24.8822811], [121.3251554, 24.8817615]]}}, {"type": "Feature", "properties": {"county": "桃園市", "district": "大溪區", "highway": "residential", "name": "仁和路二段100巷"}, "geometry": {"type": "LineString", "coordinates": [[121.2677018, 24.9030954], [121.2677423, 24.9033218], [121.2678758, 24.9045505], [121.2679794, 24.9052762], [121.2680735, 24.9059391], [121.2681012, 24.9063366], [121.2682247, 24.9074108]]}}, {"type": "Feature", "properties": {"county": "桃園市", "district": "大溪區", "highway": "residential", "name": "儲蓄路"}, "geometry": {"type": "LineString", "coordinates": [[121.2713432, 24.902728], [121.2715515, 24.9028899], [121.2717482, 24.9030496], [121.2717768, 24.9031182], [121.27206, 24.9039927], [121.2724115, 24.905071], [121.2726847, 24.9059142], [121.2727733, 24.9061877], [121.2727911, 24.9062397], [121.2728928, 24.9065358], [121.2729967, 24.9068384], [121.273105, 24.9071539], [121.2731534, 24.9072949], [121.2731516, 24.9078366]]}}, {"type": "Feature", "properties": {"county": "桃園市", "district": "大溪區", "highway": "unclassified", "name": "大鶯路1020巷"}, "geometry": {"type": "LineString", "coordinates": [[121.305699, 24.9217489], [121.3061728, 24.9213353], [121.3067776, 24.9207321], [121.3068561, 24.9206292], [121.3069131, 24.9204918], [121.3069917, 24.9203135], [121.3070903, 24.9201625], [121.3070952, 24.9200187], [121.3069858, 24.9197923]]}}, {"type": "Feature", "properties": {"county": "桃園市", "district": "大溪區", "highway": "residential", "name": "大鶯路1489巷"}, "geometry": {"type": "LineString", "coordinates": [[121.3138357, 24.9338399], [121.3137003, 24.9338168], [121.3135876, 24.9337572], [121.3135286, 24.9336782], [121.313428, 24.9335407], [121.3132631, 24.9334374], [121.3130539, 24.9333924], [121.3126354, 24.9332756], [121.3124986, 24.933216], [121.3124209, 24.9331455], [121.3123551, 24.9330774], [121.3123095, 24.9329813], [121.3122183, 24.9329363], [121.3120588, 24.9328707], [121.311993, 24.9328001], [121.3118777, 24.9326566], [121.3115961, 24.9322723], [121.3113158, 24.9318346], [121.3111746, 24.9314124], [121.3111103, 24.9311886], [121.3108994, 24.9310062], [121.3107971, 24.9310279], [121.3106864, 24.9310223], [121.3105869, 24.9309585], [121.3105476, 24.930905], [121.3105417, 24.9308676], [121.3105672, 24.9306815], [121.3105557, 24.9305538], [121.3103588, 24.930382], [121.3102088, 24.9303014], [121.3100978, 24.9301779], [121.3094258, 24.9296271], [121.3092542, 24.929413], [121.3090557, 24.929233], [121.3089001, 24.9291747]]}}, {"type": "Feature", "properties": {"county": "桃園市", "district": "大溪區", "highway": "unclassified", "name": "中正三路鄭厝巷"}, "geometry": {"type": "LineString", "coordinates": [[121.3315738, 24.933749], [121.3316312, 24.9337304], [121.3321396, 24.9337217], [121.3324064, 24.9337171], [121.332574, 24.9337219], [121.3327001, 24.9337475], [121.3328381, 24.9337972], [121.3333385, 24.93399], [121.3334813, 24.9340425], [121.3343235, 24.9343596], [121.3348047, 24.9345235], [121.3350844, 24.9346198], [121.3352432, 24.9346287], [121.3357802, 24.9344248], [121.3363125, 24.9342154], [121.3364726, 24.934172]]}}, {"type": "Feature", "properties": {"county": "桃園市", "district": "大溪區", "highway": "tertiary", "name": "復興路二段15巷"}, "geometry": {"type": "LineString", "coordinates": [[121.3086733, 24.8353923], [121.3085333, 24.8350216], [121.3083706, 24.8346092], [121.3083087, 24.8343244], [121.3082209, 24.8340746], [121.3081454, 24.8338133], [121.3080941, 24.8337112], [121.3079613, 24.8334597], [121.3078296, 24.8332661], [121.307683, 24.8331452], [121.307372, 24.8330346], [121.307233, 24.8329076], [121.3069453, 24.8326679], [121.3067153, 24.8325255], [121.3065678, 24.8324269], [121.306299, 24.832139], [121.306017, 24.8319483], [121.3057639, 24.8318593], [121.3055598, 24.8317961]]}}, {"type": "Feature", "properties": {"county": "桃園市", "district": "大溪區", "highway": "unclassified", "name": "百吉林蔭步道"}, "geometry": {"type": "LineString", "coordinates": [[121.3072259, 24.8396861], [121.3071285, 24.8394944], [121.3071018, 24.8394062], [121.3071005, 24.8392429], [121.3071386, 24.8391368], [121.307209, 24.8390783], [121.3072864, 24.8390576], [121.3074529, 24.8389111], [121.3076141, 24.8387256], [121.3077168, 24.8385618], [121.307789, 24.8383238], [121.3077725, 24.8382448], [121.3077359, 24.8382262], [121.3071949, 24.8382459], [121.3070625, 24.8382062], [121.3069012, 24.8381199], [121.3067458, 24.8380515], [121.3066904, 24.8379991], [121.3066645, 24.8379544], [121.306648, 24.8378298], [121.306645, 24.8374859], [121.3066276, 24.8372553], [121.3066349, 24.8370918], [121.3066175, 24.8369988], [121.3065572, 24.8369704], [121.3064331, 24.8369414], [121.3062501, 24.8369424], [121.3061054, 24.8369124], [121.3060623, 24.8367952], [121.3060733, 24.8366024], [121.3060689, 24.8365295], [121.3059884, 24.8363497], [121.3059085, 24.8361566], [121.3058691, 24.8360212], [121.3058102, 24.8359396], [121.3057242, 24.8359088], [121.3054977, 24.8358665], [121.3053609, 24.8357765], [121.3051965, 24.8357516], [121.3050494, 24.8357961], [121.3049702, 24.8357783], [121.3048916, 24.8356876], [121.304795, 24.8356219], [121.304622, 24.8355222], [121.3045032, 24.8354078], [121.3044281, 24.8353202], [121.3043218, 24.8352509], [121.3042991, 24.8351587], [121.3043448, 24.8350003], [121.3043417, 24.8348527], [121.3042805, 24.8347427], [121.3041615, 24.8346895], [121.3039616, 24.8346606], [121.3037654, 24.8346445], [121.3036345, 24.8345427], [121.303583, 24.8344024], [121.303561, 24.8341645], [121.3035706, 24.834036], [121.303605, 24.833947], [121.3036363, 24.8339149], [121.3036899, 24.8338602], [121.303814, 24.833782], [121.303897, 24.8337689], [121.304002, 24.8338004], [121.3040522, 24.8338271], [121.3041472, 24.8339819], [121.3042403, 24.83409], [121.3043066, 24.8341525], [121.3044081, 24.8342089], [121.3045306, 24.8342483], [121.3047206, 24.834288], [121.3048218, 24.8342935], [121.3049119, 24.8342807], [121.30495, 24.8342332], [121.3049458, 24.8340784], [121.3049723, 24.8339958], [121.3050337, 24.8339052], [121.3050549, 24.8337478], [121.3051061, 24.8336332], [121.3051692, 24.8335808], [121.3052623, 24.83353], [121.3053328, 24.8335297], [121.3053891, 24.8335434], [121.3054213, 24.8336088], [121.3054911, 24.8337638], [121.305538, 24.8337934], [121.3056076, 24.8337991], [121.3057321, 24.8337305], [121.3058196, 24.8336928], [121.3059379, 24.8336709], [121.3060234, 24.8336807], [121.306076, 24.8337249], [121.3060791, 24.8338039], [121.3060684, 24.8338808], [121.3060605, 24.8339695], [121.3060549, 24.8340429], [121.3060931, 24.8340964], [121.3062078, 24.834215], [121.3062732, 24.8342548], [121.306348, 24.8342515], [121.3064043, 24.8342283], [121.3066078, 24.834008], [121.3068095, 24.8339285], [121.306922, 24.8339277], [121.3070273, 24.8339475], [121.3071707, 24.8340048], [121.3074512, 24.8341544], [121.3075469, 24.8342223], [121.3075872, 24.8342916], [121.3076371, 24.834412], [121.3077384, 24.8347768], [121.3077816, 24.8348491], [121.3078621, 24.8349105], [121.3079933, 24.8349795], [121.3081022, 24.835076], [121.3082772, 24.8353191], [121.3083243, 24.8353656], [121.3084804, 24.8354403], [121.3085212, 24.8354485], [121.3085564, 24.8354338]]}}, {"type": "Feature", "properties": {"county": "桃園市", "district": "大溪區", "highway": "primary", "name": "員林路三段"}, "geometry": {"type": "LineString", "coordinates": [[121.2500778, 24.8792532], [121.2500497, 24.8780524]]}}, {"type": "Feature", "properties": {"county": "桃園市", "district": "大溪區", "highway": "primary", "name": "員林路三段"}, "geometry": {"type": "LineString", "coordinates": [[121.2500497, 24.8780524], [121.2500148, 24.8777665], [121.2499813, 24.8774976], [121.2498699, 24.876955], [121.2498633, 24.8767189], [121.2499132, 24.8764855], [121.2500832, 24.8762333], [121.2503458, 24.8759708], [121.2505733, 24.8758443], [121.2508046, 24.8757561], [121.2508941, 24.8757248], [121.2513863, 24.8756858], [121.2517537, 24.8756822], [121.2519089, 24.8756713], [121.2520782, 24.8757028], [121.2522767, 24.8757284], [121.252435, 24.8757843], [121.2526805, 24.8759157], [121.2529141, 24.8760681], [121.2533423, 24.8764248], [121.2536131, 24.8766833]]}}, {"type": "Feature", "properties": {"county": "桃園市", "district": "大溪區", "highway": "motorway", "name": "福爾摩沙高速公路"}, "geometry": {"type": "LineString", "coordinates": [[121.2528159, 24.8798202], [121.2507976, 24.8788869], [121.2500376, 24.8785354], [121.2487984, 24.8779295], [121.2481252, 24.8775925], [121.2472494, 24.8771168], [121.2464676, 24.876652], [121.2459647, 24.8763063], [121.2454404, 24.8759329], [121.2445956, 24.875305], [121.2438175, 24.8745762], [121.2421259, 24.8729085], [121.2397484, 24.8702603], [121.2383837, 24.8688807], [121.2374369, 24.8680022], [121.2366162, 24.8673183], [121.2351207, 24.8661865], [121.233491, 24.8652316], [121.2325679, 24.8647267], [121.2316231, 24.8642837], [121.2309532, 24.8640039], [121.2298726, 24.8636285], [121.2288161, 24.8632824], [121.2278072, 24.8629762]]}}, {"type": "Feature", "properties": {"county": "桃園市", "district": "大溪區", "highway": "motorway", "name": "福爾摩沙高速公路"}, "geometry": {"type": "LineString", "coordinates": [[121.2529471, 24.8798799], [121.2528159, 24.8798202]]}}, {"type": "Feature", "properties": {"county": "桃園市", "district": "大溪區", "highway": "motorway", "name": "福爾摩沙高速公路"}, "geometry": {"type": "LineString", "coordinates": [[121.2528047, 24.8796632], [121.2529391, 24.8797214]]}}, {"type": "Feature", "properties": {"county": "桃園市", "district": "大溪區", "highway": "motorway", "name": "福爾摩沙高速公路"}, "geometry": {"type": "LineString", "coordinates": [[121.2529391, 24.8797214], [121.2540343, 24.8802253], [121.2550044, 24.8807181], [121.2558197, 24.8811729], [121.2565201, 24.881573], [121.2570897, 24.8819585], [121.2576875, 24.8823934], [121.258849, 24.8833536], [121.2596905, 24.884111]]}}, {"type": "Feature", "properties": {"county": "桃園市", "district": "大溪區", "highway": "unclassified", "name": "自來水公司維修道路"}, "geometry": {"type": "LineString", "coordinates": [[121.3456535, 24.9348395], [121.3452527, 24.9345337], [121.3447952, 24.9342011], [121.3444105, 24.933933], [121.3439806, 24.9336146], [121.3437638, 24.933434], [121.343697, 24.9333784], [121.3434446, 24.933143], [121.3431867, 24.9329171], [121.3428094, 24.9327068], [121.3426371, 24.9327019], [121.3425331, 24.9326538], [121.3423697, 24.932552], [121.3421995, 24.9324295], [121.3418268, 24.9321216], [121.3417543, 24.9320617], [121.3414415, 24.9316964], [121.341396, 24.9316432], [121.3410596, 24.9313259], [121.3409797, 24.931232]]}}, {"type": "Feature", "properties": {"county": "桃園市", "district": "大溪區", "highway": "unclassified", "name": "自來水公司維修道路"}, "geometry": {"type": "LineString", "coordinates": [[121.3284759, 24.9325423], [121.3284737, 24.9324927], [121.3284718, 24.9324495]]}}, {"type": "Feature", "properties": {"county": "桃園市", "district": "大溪區", "highway": "unclassified", "name": "大鶯路1320巷"}, "geometry": {"type": "LineString", "coordinates": [[121.3141381, 24.9277481], [121.3154746, 24.9268378], [121.3156476, 24.9267344], [121.3159372, 24.926468], [121.3160016, 24.9263951], [121.3162788, 24.9260541], [121.3163438, 24.9260074], [121.3164116, 24.9259784], [121.316501, 24.9259688], [121.3165623, 24.9259784], [121.3166293, 24.926005], [121.3166753, 24.9260405], [121.3167352, 24.9261166], [121.3167915, 24.9261968]]}}, {"type": "Feature", "properties": {"county": "桃園市", "district": "大溪區", "highway": "unclassified", "name": null}, "geometry": {"type": "LineString", "coordinates": [[121.3257545, 24.9346249], [121.3258104, 24.9344309], [121.325899, 24.934302], [121.3260894, 24.9341379], [121.3264126, 24.9339092], [121.3266875, 24.9337596], [121.3268566, 24.933666], [121.3271175, 24.9334797], [121.3275734, 24.9330369], [121.3277425, 24.9328611]]}}, {"type": "Feature", "properties": {"county": "桃園市", "district": "大溪區", "highway": "tertiary", "name": "中正路"}, "geometry": {"type": "LineString", "coordinates": [[121.2847056, 24.9301575], [121.2847394, 24.930193], [121.2847529, 24.9302325], [121.2847837, 24.9303584], [121.2848005, 24.9305291], [121.2847622, 24.9306479], [121.2847073, 24.9307623], [121.2846538, 24.9308566]]}}, {"type": "Feature", "properties": {"county": "桃園市", "district": "大溪區", "highway": "residential", "name": "長生路"}, "geometry": {"type": "LineString", "coordinates": [[121.2847056, 24.9301575], [121.2848582, 24.9301538], [121.2851556, 24.9301354], [121.2852686, 24.9301515], [121.2853806, 24.9301666], [121.2855521, 24.9302184], [121.2858627, 24.9302831], [121.2860425, 24.9302825], [121.2862352, 24.9302908], [121.2863521, 24.9302886]]}}, {"type": "Feature", "properties": {"county": "桃園市", "district": "大溪區", "highway": "residential", "name": "建國路133巷8弄"}, "geometry": {"type": "LineString", "coordinates": [[121.2861876, 24.9349352], [121.2860277, 24.9346427], [121.2857536, 24.9341551], [121.2854525, 24.9336149], [121.2854119, 24.933557], [121.2853949, 24.9335251], [121.2850983, 24.9329578]]}}, {"type": "Feature", "properties": {"county": "桃園市", "district": "大溪區", "highway": "residential", "name": null}, "geometry": {"type": "LineString", "coordinates": [[121.2846932, 24.933573], [121.284814, 24.9335412], [121.2849013, 24.9335324], [121.2849948, 24.9335287], [121.2850701, 24.9335302], [121.2851415, 24.9335795], [121.2852171, 24.9336032], [121.2853001, 24.9335959], [121.2853715, 24.9335752], [121.2854119, 24.933557]]}}, {"type": "Feature", "properties": {"county": "桃園市", "district": "大溪區", "highway": "residential", "name": "二橋街"}, "geometry": {"type": "LineString", "coordinates": [[121.3364742, 24.9393029], [121.3371202, 24.9383663], [121.3371457, 24.9383306]]}}, {"type": "Feature", "properties": {"county": "桃園市", "district": "大溪區", "highway": "residential", "name": "中正三路"}, "geometry": {"type": "LineString", "coordinates": [[121.3373235, 24.9384508], [121.3374473, 24.9385346], [121.3377456, 24.93879]]}}, {"type": "Feature", "properties": {"county": "桃園市", "district": "大溪區", "highway": "unclassified", "name": "洪圳路"}, "geometry": {"type": "LineString", "coordinates": [[121.2449003, 24.891902], [121.2443518, 24.8915201], [121.2441232, 24.8913317], [121.2440464, 24.8912183], [121.2439471, 24.8911477], [121.2438077, 24.8912135], [121.2435099, 24.891402], [121.2430795, 24.8916496], [121.2428049, 24.8918329], [121.2425114, 24.8920003], [121.2424742, 24.8920064], [121.2412129, 24.8922134], [121.240522, 24.8923383], [121.2399215, 24.8924489], [121.239648, 24.8924739], [121.2395269, 24.8924567], [121.2392588, 24.8923684], [121.2389906, 24.8922284], [121.2385257, 24.8919493], [121.2378736, 24.8915577], [121.2378194, 24.8915348], [121.2377465, 24.8915324], [121.237689, 24.8915409]]}}, {"type": "Feature", "properties": {"county": "桃園市", "district": "大溪區", "highway": "unclassified", "name": "復興路一段1093巷"}, "geometry": {"type": "LineString", "coordinates": [[121.2912941, 24.84056], [121.2913287, 24.8407193], [121.2912994, 24.8409575], [121.2912326, 24.8410881], [121.2910511, 24.841328], [121.2910084, 24.8414858], [121.2910094, 24.8416611], [121.2910281, 24.8417396], [121.2910557, 24.8417964], [121.2912126, 24.8419204]]}}, {"type": "Feature", "properties": {"county": "桃園市", "district": "大溪區", "highway": "primary", "name": "湳仔溝一號橋"}, "geometry": {"type": "LineString", "coordinates": [[121.3058477, 24.8310328], [121.3058987, 24.830719], [121.3058816, 24.8303422]]}}, {"type": "Feature", "properties": {"county": "桃園市", "district": "大溪區", "highway": "primary", "name": "復興路二段"}, "geometry": {"type": "LineString", "coordinates": [[121.3052567, 24.8325252], [121.305334, 24.8323819], [121.3054363, 24.8321481], [121.3055051, 24.8319521], [121.3055598, 24.8317961], [121.3056862, 24.831449], [121.3058477, 24.8310328]]}}, {"type": "Feature", "properties": {"county": "桃園市", "district": "大溪區", "highway": "motorway_link", "name": "三鶯交流道"}, "geometry": {"type": "LineString", "coordinates": [[121.3528886, 24.9350404], [121.3539495, 24.9352505], [121.3544853, 24.9353717], [121.3548573, 24.9354524], [121.3551097, 24.9355158], [121.3554568, 24.935569]]}}, {"type": "Feature", "properties": {"county": "桃園市", "district": "大溪區", "highway": "residential", "name": "甲五街"}, "geometry": {"type": "LineString", "coordinates": [[121.3316312, 24.9337304], [121.3317278, 24.9335273], [121.3319289, 24.9332294], [121.3321673, 24.9328707], [121.332283, 24.9326225], [121.3323675, 24.9324341], [121.3324774, 24.9323185], [121.3325847, 24.9322614], [121.3327027, 24.9321896], [121.3327949, 24.9321081], [121.3329337, 24.9319829], [121.3330471, 24.9318685], [121.3331456, 24.9317864], [121.3333166, 24.9316588], [121.3334038, 24.9316119], [121.333548, 24.9315116], [121.3338658, 24.9313152], [121.3344152, 24.9308919], [121.3346609, 24.9306744]]}}, {"type": "Feature", "properties": {"county": "桃園市", "district": "大溪區", "highway": "residential", "name": "甲一街120巷"}, "geometry": {"type": "LineString", "coordinates": [[121.3401171, 24.9319573], [121.339806, 24.931753], [121.3401911, 24.9311445], [121.3402033, 24.9310708], [121.3399478, 24.930898]]}}, {"type": "Feature", "properties": {"county": "桃園市", "district": "大溪區", "highway": "unclassified", "name": null}, "geometry": {"type": "LineString", "coordinates": [[121.3548754, 24.9193342], [121.3547071, 24.9194742], [121.3546224, 24.9195655], [121.3545682, 24.9197028], [121.3545436, 24.9199269], [121.3544209, 24.920003], [121.3542227, 24.9201928], [121.3539822, 24.9204424], [121.3537183, 24.9206585], [121.3532779, 24.9209824], [121.353227, 24.9210766], [121.3531547, 24.921151], [121.3530437, 24.9211747], [121.3529801, 24.9211797], [121.352903, 24.9211617], [121.3527597, 24.9211537], [121.3526825, 24.9211758], [121.3525757, 24.9212296], [121.3525183, 24.9212954], [121.3524266, 24.9214613], [121.3522949, 24.9215376], [121.3520796, 24.9216355], [121.3520025, 24.9216841], [121.3519642, 24.9217488], [121.3519221, 24.9219304], [121.3518904, 24.922002], [121.3517978, 24.9220765], [121.3516616, 24.922184], [121.3515865, 24.9223566], [121.3515483, 24.9224375], [121.3514001, 24.9225896], [121.3512359, 24.9227598], [121.351153, 24.9228623], [121.3511559, 24.9229973], [121.3512185, 24.9231413], [121.3511895, 24.9231914], [121.3509801, 24.9233591], [121.3508257, 24.9236404], [121.3507731, 24.9238702], [121.3507544, 24.9241043], [121.3507124, 24.9243757], [121.350897, 24.9247355], [121.3509359, 24.924889], [121.3510604, 24.9250153], [121.3511764, 24.9251655], [121.3512086, 24.925286], [121.3512442, 24.9253224]]}}, {"type": "Feature", "properties": {"county": "桃園市", "district": "大溪區", "highway": "unclassified", "name": null}, "geometry": {"type": "LineString", "coordinates": [[121.3509801, 24.9233591], [121.350923, 24.9233868], [121.3508523, 24.9234816], [121.3505498, 24.9235455], [121.3504244, 24.9235984], [121.3502669, 24.9238046], [121.3501076, 24.9240485], [121.3500195, 24.9240904], [121.3497948, 24.9243512], [121.3495292, 24.9245647], [121.3493677, 24.9246723], [121.3490102, 24.9246613], [121.3486899, 24.9246669], [121.3482032, 24.9245216], [121.3479712, 24.9244638], [121.3479631, 24.9244066], [121.3479189, 24.924375], [121.3476017, 24.9243228], [121.3474455, 24.9242431], [121.347245, 24.92415], [121.3470056, 24.9241318], [121.3467856, 24.9241986], [121.3463223, 24.9242127], [121.3461969, 24.9242382], [121.3462003, 24.9241908], [121.3463652, 24.9240861], [121.3465536, 24.9240539], [121.3466026, 24.9240308], [121.3466361, 24.9239688], [121.3465985, 24.9238709], [121.3466147, 24.9238192], [121.3466562, 24.9237688], [121.3467977, 24.9236733], [121.3469365, 24.9235985], [121.3469627, 24.9235717], [121.3469714, 24.9235328], [121.3469124, 24.9234148], [121.3469245, 24.9233078], [121.3470371, 24.9231065], [121.3471203, 24.9227763], [121.347186, 24.9224224], [121.3472061, 24.9223859], [121.3472611, 24.922364], [121.3473181, 24.9223969], [121.3473536, 24.9225762], [121.3473878, 24.9225933], [121.3476312, 24.9224996], [121.3476822, 24.9224491], [121.3477063, 24.9223883], [121.3477399, 24.9222442], [121.3477747, 24.9221968], [121.3479692, 24.9221548], [121.3480758, 24.9221135], [121.3481462, 24.9220673], [121.3482019, 24.9220077], [121.3482106, 24.9218629], [121.3482783, 24.9217529], [121.3483769, 24.9216683], [121.3484969, 24.9216166], [121.3485593, 24.9215212], [121.3486558, 24.9212645], [121.3487503, 24.9210013], [121.3488308, 24.9209143], [121.3489576, 24.9208443], [121.3490139, 24.9207762], [121.349097, 24.9205171], [121.3491587, 24.9204223], [121.3492888, 24.920311], [121.3493726, 24.9201164]]}}, {"type": "Feature", "properties": {"county": "桃園市", "district": "大溪區", "highway": "residential", "name": null}, "geometry": {"type": "LineString", "coordinates": [[121.3490241, 24.8385224], [121.349099, 24.838519], [121.3491403, 24.838507], [121.3491767, 24.8384835], [121.3492425, 24.8384163]]}}, {"type": "Feature", "properties": {"county": "桃園市", "district": "大溪區", "highway": "unclassified", "name": "信義路789巷"}, "geometry": {"type": "LineString", "coordinates": [[121.3140937, 24.8952837], [121.314122, 24.8953415], [121.3141701, 24.8954575], [121.3143482, 24.8956232], [121.3144184, 24.895669], [121.3144733, 24.895778], [121.3144979, 24.8959431], [121.3145057, 24.8960454], [121.3145294, 24.8961538], [121.3145544, 24.8962302], [121.3146521, 24.8963743], [121.3148906, 24.8966221], [121.3151501, 24.8970236], [121.3154025, 24.8972276], [121.315609, 24.8974113], [121.3156781, 24.8975599], [121.3157586, 24.8976382], [121.3158712, 24.8976956], [121.3161474, 24.8977513], [121.3161971, 24.8978067], [121.3162158, 24.8981004], [121.3162507, 24.8981771], [121.3163204, 24.8982312], [121.316444, 24.8983579], [121.3166509, 24.8986604], [121.3168598, 24.8988593], [121.3170278, 24.8990548], [121.3171804, 24.899122], [121.3175246, 24.8995093], [121.3175579, 24.8995944], [121.317554, 24.8996528], [121.317527, 24.8997398], [121.3174244, 24.900098], [121.3173723, 24.9004435], [121.317358, 24.9007827], [121.3173734, 24.9009778], [121.3174042, 24.9011947], [121.3174597, 24.901428], [121.3174732, 24.9015481], [121.3175127, 24.9016582], [121.3175795, 24.9018094], [121.3175759, 24.9018612], [121.3175612, 24.9019208], [121.3175089, 24.9020313], [121.3175127, 24.9021415], [121.3176173, 24.9023775], [121.3176054, 24.9024106], [121.3174832, 24.9026086], [121.317483, 24.9027386], [121.3177345, 24.9031594], [121.3178711, 24.9033213], [121.3180835, 24.9035515], [121.3182793, 24.9037164], [121.3183217, 24.9038156], [121.3183307, 24.9039675], [121.3183507, 24.9041903], [121.3183619, 24.9044273], [121.3183861, 24.9045625], [121.3183673, 24.9046246], [121.3182721, 24.9047323], [121.3181833, 24.9047732], [121.3180278, 24.9048076], [121.3179694, 24.9048562], [121.3179394, 24.9049285], [121.3179578, 24.9051869], [121.3180431, 24.9055745], [121.3179898, 24.9057109], [121.3180002, 24.9059624], [121.3180225, 24.9061224], [121.3180672, 24.9061852], [121.3181329, 24.9062591], [121.3181989, 24.9063209], [121.3182659, 24.9063918], [121.318315, 24.9064424], [121.3183507, 24.906493], [121.3184421, 24.9065948], [121.3184823, 24.9066574], [121.3185326, 24.9067128], [121.3186245, 24.9067243], [121.3187653, 24.9067341], [121.3188471, 24.9067572], [121.318886, 24.906807], [121.3189986, 24.9069792], [121.3190462, 24.907068], [121.3191099, 24.9071805], [121.319179, 24.9072741], [121.3192279, 24.9073301], [121.3192863, 24.9073812], [121.3196045, 24.9076062], [121.3196106, 24.907726], [121.3196421, 24.9078489], [121.3196763, 24.9079754], [121.3197098, 24.9080356], [121.3198358, 24.908146], [121.3199064, 24.9081905], [121.3200216, 24.9082545], [121.3201852, 24.9083329], [121.3202563, 24.9084308], [121.3203434, 24.9085944], [121.3204648, 24.9088317], [121.3205547, 24.9090336], [121.3205962, 24.9090743], [121.3208028, 24.9090676], [121.3209174, 24.9090669], [121.3210381, 24.9091162], [121.3211317, 24.9092166], [121.3212621, 24.9094873], [121.3213064, 24.9096199], [121.321366, 24.9096606], [121.3215599, 24.9097153], [121.3216671, 24.9098083], [121.321705, 24.9098813], [121.3217201, 24.9099714], [121.3217395, 24.9102281], [121.3214846, 24.9106028], [121.3213395, 24.910796], [121.3213057, 24.9108715], [121.3213077, 24.910922], [121.3213291, 24.9109731], [121.321374, 24.911012], [121.3214921, 24.9110728], [121.3216761, 24.911099], [121.3220208, 24.911111], [121.3222481, 24.9111007], [121.3223071, 24.9111208], [121.3223186, 24.9111604], [121.3223018, 24.9112479], [121.3222132, 24.911378], [121.3221395, 24.9114565], [121.3219223, 24.9116079], [121.3218465, 24.9116998], [121.3217774, 24.9117765], [121.3216715, 24.9118038], [121.3216031, 24.9118129], [121.3215333, 24.9118597], [121.3214951, 24.9119278], [121.3214549, 24.9119716], [121.3213804, 24.9119984], [121.3211417, 24.9119978], [121.3210264, 24.9120349], [121.3207877, 24.9121103], [121.3205892, 24.9121809], [121.3204779, 24.9122429], [121.3202566, 24.912401], [121.3201801, 24.9125044], [121.3199844, 24.9126151], [121.3195592, 24.912797], [121.3194264, 24.9128255], [121.3193379, 24.9128225], [121.3192662, 24.9128385], [121.3192048, 24.9128948], [121.3191934, 24.9129563], [121.3192102, 24.913039], [121.3192518, 24.9131746], [121.319241, 24.9133528], [121.3192256, 24.9134075], [121.3191123, 24.9135231], [121.3190835, 24.9135857], [121.3191237, 24.9138891], [121.3191753, 24.9140509], [121.319221, 24.9142352], [121.3192638, 24.914386], [121.3193376, 24.914608], [121.3194655, 24.9148946], [121.3194982, 24.9149369], [121.319578, 24.9149838], [121.3197711, 24.9149789], [121.3200147, 24.9150229]]}}, {"type": "Feature", "properties": {"county": "桃園市", "district": "大溪區", "highway": "unclassified", "name": null}, "geometry": {"type": "LineString", "coordinates": [[121.2559399, 24.8206897], [121.2559399, 24.8207541], [121.255897, 24.8208185], [121.255854, 24.8208828], [121.2557897, 24.8209043], [121.2557253, 24.8209257]]}}, {"type": "Feature", "properties": {"county": "桃園市", "district": "大溪區", "highway": "residential", "name": null}, "geometry": {"type": "LineString", "coordinates": [[121.2872238, 24.8233854], [121.2872292, 24.8236599], [121.2872803, 24.823829]]}}, {"type": "Feature", "properties": {"county": "桃園市", "district": "大溪區", "highway": "unclassified", "name": "懷德橋"}, "geometry": {"type": "LineString", "coordinates": [[121.2872238, 24.8233854], [121.2872815, 24.8233938], [121.2873459, 24.8233724], [121.2877107, 24.8232007]]}}, {"type": "Feature", "properties": {"county": "桃園市", "district": "大溪區", "highway": "unclassified", "name": "環湖路二段"}, "geometry": {"type": "LineString", "coordinates": [[121.3046184, 24.815883], [121.3043475, 24.8158027], [121.3043096, 24.8157915], [121.3041614, 24.8157477], [121.3040462, 24.8156843], [121.3038509, 24.8155243], [121.3037154, 24.8154521], [121.3036243, 24.8154279], [121.3034821, 24.8154125], [121.3031964, 24.8154206], [121.3031025, 24.8154591], [121.3029832, 24.8154978], [121.3025526, 24.8156672], [121.3020161, 24.8157838], [121.3016969, 24.8158617], [121.3015147, 24.8159596], [121.3012853, 24.816032], [121.3010332, 24.8160897], [121.3007891, 24.8161818], [121.3006992, 24.8162417], [121.3006563, 24.8163061], [121.3005008, 24.8166291], [121.3003694, 24.8167242], [121.3001695, 24.8167838], [121.3000729, 24.8167886], [121.299938, 24.8167337], [121.299739, 24.8166481], [121.2994909, 24.8166351], [121.2993635, 24.8166943], [121.2992414, 24.8167509], [121.2991033, 24.8168039], [121.2990134, 24.8167991], [121.2987761, 24.816767], [121.298367, 24.8166859], [121.2980506, 24.8166402], [121.2979353, 24.8165904], [121.2975798, 24.8163215], [121.2973773, 24.8161733], [121.2971216, 24.8160632], [121.2968475, 24.8159721], [121.2967375, 24.8159036], [121.2965875, 24.8157695], [121.2964412, 24.8155765], [121.296173, 24.8151983], [121.2960094, 24.8150055], [121.295949, 24.8149238], [121.2957868, 24.8148693], [121.2955146, 24.8148064], [121.2954435, 24.8147477], [121.2952424, 24.8144617], [121.2952031, 24.8143853], [121.2950727, 24.8143136], [121.2949887, 24.8142893], [121.2949049, 24.8142878], [121.2944711, 24.8143761], [121.2943303, 24.8143534], [121.2940031, 24.8142092], [121.2938905, 24.8141934], [121.2937362, 24.8142379], [121.2928605, 24.8145914], [121.2927492, 24.8146587], [121.2926996, 24.8147206], [121.2926795, 24.8147838], [121.2926593, 24.8148761], [121.2926456, 24.8150617], [121.292603, 24.8153162], [121.2925198, 24.8155319], [121.2923737, 24.8157121], [121.2919592, 24.8161684], [121.2918103, 24.8162672], [121.2917447, 24.8162971], [121.2915864, 24.8163298], [121.2911356, 24.8163907], [121.291027, 24.8164562], [121.2909619, 24.8165154], [121.2909349, 24.816598], [121.2909265, 24.816715], [121.2909789, 24.8174914], [121.2911318, 24.8181882], [121.2912955, 24.818821], [121.2912967, 24.8189353], [121.2911573, 24.8191436], [121.2910567, 24.8193074], [121.2909776, 24.8193984], [121.2908998, 24.8194469], [121.2907496, 24.8194899], [121.2903204, 24.8195328], [121.2901059, 24.8195542], [121.2899342, 24.8195113], [121.289662, 24.819386], [121.2895252, 24.8193687], [121.2893548, 24.819404], [121.2891228, 24.8194964], [121.28829, 24.8198104], [121.2875443, 24.8202227], [121.2874746, 24.820261], [121.2873888, 24.8203254], [121.2872815, 24.8204541], [121.2872601, 24.82054], [121.2872386, 24.8206902], [121.2872601, 24.8208618], [121.2874237, 24.8212526], [121.2874452, 24.82134], [121.2875551, 24.8217611], [121.287598, 24.8219971], [121.2876099, 24.8220523], [121.2877912, 24.8228983], [121.2878126, 24.8230485], [121.2877697, 24.8231558], [121.2877107, 24.8232007]]}}, {"type": "Feature", "properties": {"county": "桃園市", "district": "大溪區", "highway": "unclassified", "name": "環湖路二段"}, "geometry": {"type": "LineString", "coordinates": [[121.2870026, 24.8233217], [121.2872238, 24.8233854]]}}, {"type": "Feature", "properties": {"county": "桃園市", "district": "大溪區", "highway": "unclassified", "name": "頭寮路276巷"}, "geometry": {"type": "LineString", "coordinates": [[121.276929, 24.8365248], [121.2777599, 24.83669], [121.2779407, 24.8367754], [121.2781968, 24.8369814], [121.2784063, 24.8371235], [121.2789989, 24.8375773], [121.2790762, 24.8376137], [121.2791706, 24.8376308], [121.2792479, 24.8376064], [121.2793167, 24.8375705], [121.2795809, 24.8373413]]}}, {"type": "Feature", "properties": {"county": "桃園市", "district": "大溪區", "highway": "residential", "name": "復興路一段1168巷20弄"}, "geometry": {"type": "LineString", "coordinates": [[121.2893475, 24.8412647], [121.2892749, 24.8411527], [121.2890737, 24.8410268], [121.2890867, 24.840932], [121.2896789, 24.8407287]]}}, {"type": "Feature", "properties": {"county": "桃園市", "district": "大溪區", "highway": "primary", "name": "復興路二段"}, "geometry": {"type": "LineString", "coordinates": [[121.3058816, 24.8303422], [121.3058792, 24.8301805], [121.3058766, 24.830015], [121.3058554, 24.8297973], [121.3058258, 24.8290794], [121.3057699, 24.8288982], [121.3056775, 24.8287677], [121.3055742, 24.8286696], [121.3053995, 24.8285658], [121.3053994, 24.8285547]]}}, {"type": "Feature", "properties": {"county": "桃園市", "district": "大溪區", "highway": "primary", "name": "湳仔溝二號橋"}, "geometry": {"type": "LineString", "coordinates": [[121.3053994, 24.8285547], [121.3052004, 24.8284725]]}}, {"type": "Feature", "properties": {"county": "桃園市", "district": "大溪區", "highway": "primary", "name": "復興路二段"}, "geometry": {"type": "LineString", "coordinates": [[121.3052004, 24.8284725], [121.3047728, 24.8282983], [121.3046669, 24.8282216], [121.3045974, 24.8281437], [121.3045634, 24.8280629], [121.3045502, 24.8279891], [121.3045569, 24.8279003], [121.3045783, 24.8278236], [121.304619, 24.8277296], [121.3046837, 24.8276639], [121.3049197, 24.8274279], [121.3053079, 24.8270178], [121.3056291, 24.826653]]}}, {"type": "Feature", "properties": {"county": "桃園市", "district": "大溪區", "highway": "primary", "name": "湳仔溝三號橋"}, "geometry": {"type": "LineString", "coordinates": [[121.3056291, 24.826653], [121.3057544, 24.8264818]]}}, {"type": "Feature", "properties": {"county": "桃園市", "district": "大溪區", "highway": "primary", "name": "湳仔溝四號橋"}, "geometry": {"type": "LineString", "coordinates": [[121.3058917, 24.8262464], [121.3060059, 24.8260596]]}}, {"type": "Feature", "properties": {"county": "桃園市", "district": "大溪區", "highway": "primary", "name": "復興路二段"}, "geometry": {"type": "LineString", "coordinates": [[121.3057544, 24.8264818], [121.3058917, 24.8262464]]}}, {"type": "Feature", "properties": {"county": "桃園市", "district": "大溪區", "highway": "primary", "name": "復興路二段"}, "geometry": {"type": "LineString", "coordinates": [[121.3068155, 24.8253967], [121.3071533, 24.8252039], [121.3073193, 24.825129], [121.3073663, 24.8251069]]}}, {"type": "Feature", "properties": {"county": "桃園市", "district": "大溪區", "highway": "primary", "name": "百吉二號橋"}, "geometry": {"type": "LineString", "coordinates": [[121.3073663, 24.8251069], [121.3075443, 24.8250601]]}}, {"type": "Feature", "properties": {"county": "桃園市", "district": "大溪區", "highway": "primary", "name": "百吉一號橋"}, "geometry": {"type": "LineString", "coordinates": [[121.3066233, 24.825504], [121.3068155, 24.8253967]]}}, {"type": "Feature", "properties": {"county": "桃園市", "district": "大溪區", "highway": "primary", "name": "復興路二段"}, "geometry": {"type": "LineString", "coordinates": [[121.3060059, 24.8260596], [121.3060692, 24.8259271], [121.3061925, 24.825792], [121.3063449, 24.8256789], [121.3066233, 24.825504]]}}, {"type": "Feature", "properties": {"county": "桃園市", "district": "大溪區", "highway": "residential", "name": null}, "geometry": {"type": "LineString", "coordinates": [[121.3161349, 24.8714009], [121.3162491, 24.8713841], [121.3165235, 24.8712589], [121.3166596, 24.8711262], [121.3168196, 24.8708858], [121.3169226, 24.8707879], [121.3170549, 24.8707826], [121.3171385, 24.8708025], [121.3172721, 24.8708664], [121.3174277, 24.8709107], [121.3174792, 24.8708804], [121.3175158, 24.8708242], [121.3175556, 24.8706054], [121.317683, 24.8704944], [121.317914, 24.870274], [121.3180031, 24.8701449], [121.318114, 24.8699977], [121.3182114, 24.8699508], [121.3183337, 24.8699419], [121.3184416, 24.8700546], [121.3185461, 24.8702015], [121.3186748, 24.8704128], [121.3187484, 24.870435], [121.3188165, 24.8704089], [121.3188771, 24.8702146], [121.318925, 24.8701195], [121.319047, 24.8700636], [121.3192496, 24.8700407], [121.3195697, 24.8700324], [121.3197556, 24.8699996], [121.3200497, 24.8698757], [121.3204151, 24.8698359]]}}, {"type": "Feature", "properties": {"county": "桃園市", "district": "大溪區", "highway": "residential", "name": "金山路160巷"}, "geometry": {"type": "LineString", "coordinates": [[121.3069892, 24.8772373], [121.3071768, 24.8768125], [121.3074197, 24.8761516], [121.307401, 24.8758041], [121.3072982, 24.8755076], [121.3071581, 24.8753381], [121.3071768, 24.8751009], [121.3072048, 24.8749992], [121.3071955, 24.874906]]}}, {"type": "Feature", "properties": {"county": "桃園市", "district": "大溪區", "highway": "unclassified", "name": null}, "geometry": {"type": "LineString", "coordinates": [[121.2935306, 24.8952516], [121.293609, 24.8951833], [121.2937493, 24.8950561], [121.2937995, 24.8950375], [121.2938579, 24.8950532], [121.2939902, 24.8951072], [121.29441, 24.8953197], [121.2951674, 24.8957688], [121.2952069, 24.8957798], [121.295236, 24.8957554], [121.2952877, 24.8956893]]}}, {"type": "Feature", "properties": {"county": "桃園市", "district": "大溪區", "highway": "unclassified", "name": null}, "geometry": {"type": "LineString", "coordinates": [[121.2952877, 24.8956893], [121.295323, 24.8956912], [121.295807, 24.8959686], [121.2958479, 24.8959848], [121.2958803, 24.8959651], [121.2963523, 24.895473]]}}, {"type": "Feature", "properties": {"county": "桃園市", "district": "大溪區", "highway": "residential", "name": "懷德街"}, "geometry": {"type": "LineString", "coordinates": [[121.3005722, 24.9334781], [121.3006205, 24.9334137], [121.3017297, 24.9320262], [121.3022124, 24.9314289], [121.302388, 24.9313292], [121.3026013, 24.9312246], [121.3031458, 24.9306713]]}}, {"type": "Feature", "properties": {"county": "桃園市", "district": "大溪區", "highway": "primary", "name": "員林路一段"}, "geometry": {"type": "LineString", "coordinates": [[121.2776483, 24.8957428], [121.2780101, 24.896095], [121.2784499, 24.8965231], [121.2785144, 24.8965858], [121.2789144, 24.8970242], [121.2790312, 24.8971522]]}}, {"type": "Feature", "properties": {"county": "桃園市", "district": "大溪區", "highway": "primary", "name": "員林路一段"}, "geometry": {"type": "LineString", "coordinates": [[121.2775914, 24.895687], [121.2776483, 24.8957428]]}}, {"type": "Feature", "properties": {"county": "桃園市", "district": "大溪區", "highway": "secondary", "name": "豐德路"}, "geometry": {"type": "LineString", "coordinates": [[121.2857861, 24.9247755], [121.2858639, 24.9247833]]}}, {"type": "Feature", "properties": {"county": "桃園市", "district": "大溪區", "highway": "tertiary", "name": "中山一路"}, "geometry": {"type": "LineString", "coordinates": [[121.2847831, 24.9245967], [121.2847599, 24.9247686]]}}, {"type": "Feature", "properties": {"county": "桃園市", "district": "大溪區", "highway": "secondary", "name": "豐德路"}, "geometry": {"type": "LineString", "coordinates": [[121.2847276, 24.9249823], [121.2846505, 24.9249821], [121.282344, 24.925009], [121.2822079, 24.9250106]]}}, {"type": "Feature", "properties": {"county": "桃園市", "district": "大溪區", "highway": "primary", "name": "介壽路二段"}, "geometry": {"type": "LineString", "coordinates": [[121.2961407, 24.9247313], [121.2962533, 24.9250499], [121.2963753, 24.925414], [121.2965522, 24.9260125]]}}, {"type": "Feature", "properties": {"county": "桃園市", "district": "大溪區", "highway": "primary", "name": "中興路九龍段"}, "geometry": {"type": "LineString", "coordinates": [[121.2460211, 24.8783874], [121.2465522, 24.8785711], [121.2470055, 24.8787731], [121.2473876, 24.8789819], [121.247696, 24.8792107], [121.2480729, 24.8795659], [121.248656, 24.8801115], [121.2487998, 24.880246], [121.2490237, 24.880431], [121.2492557, 24.8804905], [121.2494354, 24.8804942], [121.2495668, 24.8804699], [121.2497787, 24.8804054], [121.2499532, 24.8801941], [121.2500136, 24.8800554], [121.2500712, 24.8798376], [121.2501017, 24.879636]]}}, {"type": "Feature", "properties": {"county": "桃園市", "district": "大溪區", "highway": "residential", "name": "永和路"}, "geometry": {"type": "LineString", "coordinates": [[121.2431804, 24.8271404], [121.2433114, 24.8271735], [121.2434235, 24.8271837], [121.2438385, 24.8271858], [121.2449455, 24.8271677], [121.2458788, 24.8271524], [121.2459398, 24.8272041]]}}, {"type": "Feature", "properties": {"county": "桃園市", "district": "大溪區", "highway": "residential", "name": "東龍街"}, "geometry": {"type": "LineString", "coordinates": [[121.2488661, 24.8829858], [121.2485218, 24.8819127], [121.2485111, 24.8818342], [121.2485037, 24.881465], [121.2485, 24.8812607], [121.2484075, 24.8809297], [121.2482184, 24.8801742], [121.2481781, 24.8799041], [121.2481121, 24.8797163], [121.2480926, 24.8796416]]}}, {"type": "Feature", "properties": {"county": "桃園市", "district": "大溪區", "highway": "residential", "name": null}, "geometry": {"type": "LineString", "coordinates": [[121.247572, 24.8774903], [121.2475827, 24.8769452]]}}, {"type": "Feature", "properties": {"county": "桃園市", "district": "大溪區", "highway": "residential", "name": "中興路九龍段129巷"}, "geometry": {"type": "LineString", "coordinates": [[121.2475827, 24.8769452], [121.2474446, 24.8766885], [121.2473198, 24.8765218], [121.247239, 24.87638], [121.2470364, 24.8755313], [121.2469254, 24.8750118], [121.2470164, 24.8748665], [121.2468653, 24.8741913], [121.2468243, 24.8734989], [121.2468104, 24.8732632]]}}, {"type": "Feature", "properties": {"county": "桃園市", "district": "大溪區", "highway": "residential", "name": "東龍街"}, "geometry": {"type": "LineString", "coordinates": [[121.249304, 24.8859536], [121.2492819, 24.8857599], [121.2492504, 24.885484], [121.2491846, 24.8846446], [121.2491578, 24.8843343], [121.2489097, 24.8831615], [121.2488661, 24.8829858]]}}, {"type": "Feature", "properties": {"county": "桃園市", "district": "大溪區", "highway": "residential", "name": "永昌路24巷"}, "geometry": {"type": "LineString", "coordinates": [[121.2456656, 24.8339485], [121.2457123, 24.8339104], [121.2457368, 24.8338904], [121.2462316, 24.833514], [121.246308, 24.8334702], [121.2463858, 24.8334702], [121.2464555, 24.8335432], [121.2465661, 24.8336792], [121.2469625, 24.8341664], [121.2469742, 24.8341804], [121.2473693, 24.8346554]]}}, {"type": "Feature", "properties": {"county": "桃園市", "district": "大溪區", "highway": "residential", "name": "龍德路"}, "geometry": {"type": "LineString", "coordinates": [[121.2492474, 24.9280347], [121.2493747, 24.9276542], [121.2496216, 24.9269164], [121.2497378, 24.9265475], [121.2498139, 24.9263056], [121.2498873, 24.9260727], [121.250028, 24.9256258], [121.2501319, 24.9253534], [121.2501889, 24.9251515], [121.2503256, 24.9245727], [121.2503802, 24.9243565], [121.2503925, 24.9243123], [121.2505066, 24.9240544]]}}, {"type": "Feature", "properties": {"county": "桃園市", "district": "大溪區", "highway": "unclassified", "name": "金山路"}, "geometry": {"type": "LineString", "coordinates": [[121.3103932, 24.8757695], [121.3103984, 24.8757652], [121.3104628, 24.8756784], [121.3104815, 24.8755503], [121.310494, 24.87539], [121.3106415, 24.8751506], [121.3110221, 24.8748472], [121.311216, 24.8745702], [121.3112614, 24.8745054], [121.3113296, 24.874408], [121.3122626, 24.8732298], [121.3123124, 24.8731243], [121.3122854, 24.8730017], [121.3122023, 24.8728736], [121.3119093, 24.8724362], [121.311874, 24.8723231], [121.3118948, 24.8722345], [121.3119883, 24.872178], [121.3121213, 24.8721837], [121.3122355, 24.8722251], [121.3124433, 24.8724004], [121.3125327, 24.8724419], [121.3126365, 24.8724287], [121.3128464, 24.8723533], [121.3129815, 24.8723495], [121.3135009, 24.8725418], [121.313611, 24.8725192], [121.3137024, 24.8724193], [121.3137918, 24.8723476], [121.313904, 24.8723476], [121.3140764, 24.8723778], [121.3142738, 24.8723665], [121.3144005, 24.8722968], [121.3144379, 24.872195], [121.3145418, 24.8721233], [121.3147184, 24.8720837], [121.3148701, 24.8720969], [121.3150613, 24.8722195], [121.3152067, 24.8723081], [121.3153272, 24.8723043], [121.3153999, 24.8722214], [121.3154062, 24.8720328], [121.3154311, 24.871948], [121.3155163, 24.8718104], [121.3157012, 24.8716653], [121.3160341, 24.8714923], [121.3161349, 24.8714009], [121.3161964, 24.8712877], [121.3162889, 24.871137], [121.3164102, 24.8709396], [121.3166166, 24.8706035], [121.3167097, 24.8705477], [121.3169038, 24.8705507], [121.3171093, 24.870572], [121.3171723, 24.8705663], [121.3173148, 24.8704056], [121.3175504, 24.870276], [121.3175795, 24.8701591], [121.3175442, 24.8700027], [121.317592, 24.8698236], [121.3176307, 24.8697075], [121.3176964, 24.8696308], [121.3178064, 24.8696612], [121.317962, 24.8696783], [121.3182463, 24.8695882], [121.3183683, 24.8696272], [121.3185212, 24.8697111], [121.3186271, 24.8697683], [121.3187236, 24.8697573], [121.3188565, 24.8696904], [121.3190228, 24.8696527], [121.3193204, 24.8694415], [121.3194318, 24.8694361], [121.3196114, 24.8694783], [121.3197765, 24.8693595], [121.3198851, 24.8692646], [121.3200243, 24.8691891], [121.3200862, 24.8690499], [121.3200694, 24.8689206], [121.3200581, 24.8687779], [121.3201091, 24.8687228], [121.3201936, 24.8687231], [121.320278, 24.8688533], [121.3203603, 24.8688917], [121.3204457, 24.8688655], [121.3205047, 24.8688326], [121.3206066, 24.868655], [121.3207515, 24.8685057], [121.3208534, 24.8684554], [121.3211055, 24.8684518], [121.3212648, 24.8683933], [121.3213724, 24.8683532], [121.3214958, 24.8683332], [121.3216634, 24.8683362], [121.3217425, 24.8682948], [121.3218392, 24.8681516], [121.3219012, 24.8680064], [121.3219129, 24.8678556], [121.3218759, 24.8676943], [121.3219035, 24.8675964], [121.3219652, 24.8674978], [121.3220322, 24.8674054], [121.3221286, 24.8673322], [121.3223226, 24.8669452], [121.3222991, 24.8667617], [121.3223152, 24.8666412], [121.3224278, 24.8663602], [121.3224775, 24.8662628], [121.3226156, 24.8661643], [121.3226679, 24.8660913], [121.3226759, 24.8659647], [121.3227159, 24.8658051], [121.3226706, 24.865607], [121.322591, 24.8654709], [121.3224395, 24.8652213], [121.3224266, 24.8651869], [121.3224152, 24.8651562], [121.3223943, 24.8650631], [121.3224491, 24.8650368], [121.3226223, 24.8652213], [121.3228007, 24.8653162], [121.3229861, 24.8654688], [121.3231008, 24.8655114], [121.3233009, 24.8655206], [121.3236496, 24.8654987], [121.3239797, 24.865508], [121.3243668, 24.8655563], [121.3243803, 24.8655826]]}}, {"type": "Feature", "properties": {"county": "桃園市", "district": "大溪區", "highway": "tertiary", "name": "美山路二段"}, "geometry": {"type": "LineString", "coordinates": [[121.3012655, 24.8716536], [121.301261, 24.8716748], [121.3012394, 24.8717078], [121.3007699, 24.8722425], [121.3004851, 24.872532], [121.300445, 24.8726201]]}}, {"type": "Feature", "properties": {"county": "桃園市", "district": "大溪區", "highway": "unclassified", "name": "美山路一段738巷"}, "geometry": {"type": "LineString", "coordinates": [[121.300445, 24.8726201], [121.2991935, 24.8734343], [121.2987107, 24.873744], [121.2970997, 24.874831], [121.2965284, 24.8752004]]}}, {"type": "Feature", "properties": {"county": "桃園市", "district": "大溪區", "highway": "residential", "name": "建興街9巷"}, "geometry": {"type": "LineString", "coordinates": [[121.2854627, 24.9297328], [121.2863299, 24.9297894]]}}, {"type": "Feature", "properties": {"county": "桃園市", "district": "大溪區", "highway": "residential", "name": "興豐路283巷"}, "geometry": {"type": "LineString", "coordinates": [[121.28553, 24.9291975], [121.2854627, 24.9297328], [121.2853806, 24.9301666]]}}, {"type": "Feature", "properties": {"county": "桃園市", "district": "大溪區", "highway": "residential", "name": "廣興一路"}, "geometry": {"type": "LineString", "coordinates": [[121.2790023, 24.9331144], [121.2790057, 24.9329863], [121.279009, 24.9328201], [121.2790818, 24.9326479], [121.2793252, 24.9321126], [121.2793611, 24.9320311], [121.27941, 24.9319496], [121.2794361, 24.93193], [121.2795111, 24.9319267], [121.2799838, 24.93193], [121.2800891, 24.9319287], [121.2802414, 24.9319267], [121.2807467, 24.9319235], [121.2809893, 24.9319235], [121.281208, 24.9319235], [121.2814314, 24.9319137], [121.2823787, 24.9319287], [121.2825149, 24.9319226], [121.2826563, 24.9319275], [121.2832572, 24.9319235], [121.2833909, 24.9319235], [121.2835311, 24.9319235], [121.2842483, 24.9319235], [121.2843283, 24.9319259]]}}, {"type": "Feature", "properties": {"county": "桃園市", "district": "大溪區", "highway": "unclassified", "name": "霄裡路"}, "geometry": {"type": "LineString", "coordinates": [[121.2616887, 24.9293422], [121.2618101, 24.9293882], [121.261968, 24.929408], [121.262063, 24.9295131], [121.2622233, 24.9297932], [121.2623158, 24.9300614], [121.2623366, 24.9303108]]}}, {"type": "Feature", "properties": {"county": "桃園市", "district": "大溪區", "highway": "residential", "name": "甲一街"}, "geometry": {"type": "LineString", "coordinates": [[121.3409797, 24.931232], [121.3409043, 24.9312968], [121.3407016, 24.9314837], [121.34058, 24.9316215], [121.3403875, 24.9317655], [121.3401713, 24.9319201], [121.3401171, 24.9319573], [121.339989, 24.9321223], [121.3395299, 24.9327251], [121.3394468, 24.9328517], [121.3392039, 24.9331984], [121.3391158, 24.9333275], [121.3390601, 24.9333918], [121.3389824, 24.9334271], [121.3388507, 24.93345], [121.3386784, 24.933447], [121.3385214, 24.9334561], [121.3384015, 24.933473], [121.3382258, 24.9335465], [121.3380434, 24.9336154], [121.337932, 24.9336445], [121.3378469, 24.933728], [121.3377363, 24.9339189], [121.3374647, 24.934347], [121.3373195, 24.9345968]]}}, {"type": "Feature", "properties": {"county": "桃園市", "district": "大溪區", "highway": "unclassified", "name": "環河路"}, "geometry": {"type": "LineString", "coordinates": [[121.3409797, 24.931232], [121.3409328, 24.9311146], [121.3408428, 24.9310346], [121.3407262, 24.9309322], [121.3405561, 24.9307922], [121.340348, 24.9306221], [121.3402143, 24.9304588], [121.3398731, 24.930302], [121.3396178, 24.930233], [121.3394176, 24.9301779], [121.338998, 24.9300402], [121.3386707, 24.9299109], [121.3383319, 24.9297862], [121.3378712, 24.9296504], [121.337249, 24.9294722], [121.3370666, 24.9294163], [121.3369545, 24.9293993], [121.3368332, 24.9293895], [121.3364792, 24.9294357], [121.335822, 24.9295062], [121.3355806, 24.9295671], [121.3353285, 24.9296643], [121.3349176, 24.9300578], [121.3346449, 24.9302649], [121.3337763, 24.9307392], [121.3323286, 24.9315099], [121.3316654, 24.9318699], [121.3313714, 24.9319893], [121.3310052, 24.932034], [121.3296065, 24.9321604], [121.3293071, 24.9322256], [121.3289475, 24.9323696], [121.3284759, 24.9325423], [121.3278522, 24.9327885], [121.3277425, 24.9328611]]}}, {"type": "Feature", "properties": {"county": "桃園市", "district": "大溪區", "highway": "primary", "name": "慈湖路"}, "geometry": {"type": "LineString", "coordinates": [[121.2893575, 24.8844879], [121.2893712, 24.8845344]]}}, {"type": "Feature", "properties": {"county": "桃園市", "district": "大溪區", "highway": "primary", "name": "信義路"}, "geometry": {"type": "LineString", "coordinates": [[121.3140937, 24.8952837], [121.3147334, 24.8950934], [121.3150079, 24.8949841], [121.3151242, 24.8949304], [121.3153386, 24.8947998], [121.3155663, 24.8946033], [121.3157344, 24.8944616], [121.3158544, 24.8943693], [121.3159493, 24.8943106], [121.316148, 24.8942357], [121.3162753, 24.8942144], [121.3164695, 24.8942195], [121.3165756, 24.8942347], [121.316695, 24.8942721], [121.3168056, 24.8943228], [121.3168994, 24.8943835], [121.3172756, 24.8946327], [121.3174308, 24.8947349], [121.3176507, 24.8948656], [121.3177668, 24.8949142], [121.3178975, 24.8949587], [121.3180571, 24.894982], [121.3182391, 24.8949871], [121.3184345, 24.8949648], [121.3189157, 24.8948696], [121.3190932, 24.8948656], [121.3192193, 24.8948676], [121.3192471, 24.8948745], [121.3193868, 24.8949091], [121.3196269, 24.8950063], [121.3198312, 24.8951127], [121.3201784, 24.8953021], [121.3205256, 24.8955026], [121.3207009, 24.8956038], [121.3208583, 24.8956849], [121.3210381, 24.8957568], [121.3211999, 24.8957892], [121.3213562, 24.8958115], [121.3215639, 24.8958459], [121.3218296, 24.8958439], [121.3220116, 24.8958327], [121.3223611, 24.8957851], [121.3225553, 24.8957507], [121.3226859, 24.8957082], [121.3227842, 24.8956656], [121.3228657, 24.8956109], [121.3229416, 24.8955542], [121.3230041, 24.8954924], [121.3230729, 24.8954058], [121.3231571, 24.8952524], [121.3232721, 24.8949993], [121.3233994, 24.8947238], [121.323545, 24.8944831], [121.3236628, 24.8943278], [121.3238091, 24.8941698], [121.3240726, 24.8939359], [121.3243428, 24.893687]]}}, {"type": "Feature", "properties": {"county": "桃園市", "district": "大溪區", "highway": "tertiary", "name": "中華路"}, "geometry": {"type": "LineString", "coordinates": [[121.2927829, 24.8853569], [121.2928198, 24.8852991]]}}, {"type": "Feature", "properties": {"county": "桃園市", "district": "大溪區", "highway": "primary", "name": "信義路"}, "geometry": {"type": "LineString", "coordinates": [[121.2927829, 24.8853569], [121.2915961, 24.8849439], [121.2911737, 24.8847991], [121.2904922, 24.8845616], [121.2901783, 24.8844624], [121.2900066, 24.8844409], [121.2897706, 24.8844409], [121.2895033, 24.8844895], [121.2893712, 24.8845344]]}}, {"type": "Feature", "properties": {"county": "桃園市", "district": "大溪區", "highway": "tertiary", "name": "康莊路"}, "geometry": {"type": "LineString", "coordinates": [[121.284175, 24.8667355], [121.284192, 24.8673098], [121.2842014, 24.8675337], [121.2842484, 24.8677211], [121.285055, 24.8695615], [121.2854715, 24.8704809], [121.2856512, 24.8708639], [121.2857048, 24.8710805], [121.2857843, 24.8714684], [121.2862922, 24.8733826]]}}, {"type": "Feature", "properties": {"county": "桃園市", "district": "大溪區", "highway": "primary", "name": "信義路"}, "geometry": {"type": "LineString", "coordinates": [[121.2893575, 24.8844879], [121.2894979, 24.8844262], [121.2897706, 24.8843765], [121.2900281, 24.8843765], [121.2901998, 24.884398], [121.2911574, 24.8847271], [121.2912182, 24.8847507], [121.291632, 24.8848891], [121.2928198, 24.8852991]]}}, {"type": "Feature", "properties": {"county": "桃園市", "district": "大溪區", "highway": "residential", "name": "後池大橋"}, "geometry": {"type": "LineString", "coordinates": [[121.2516459, 24.8243021], [121.2543829, 24.8216388]]}}, {"type": "Feature", "properties": {"county": "桃園市", "district": "大溪區", "highway": "unclassified", "name": "復興路一段1093巷"}, "geometry": {"type": "LineString", "coordinates": [[121.2912126, 24.8419204], [121.2913018, 24.842041]]}}, {"type": "Feature", "properties": {"county": "桃園市", "district": "大溪區", "highway": "unclassified", "name": null}, "geometry": {"type": "LineString", "coordinates": [[121.2910218, 24.8406604], [121.2909776, 24.840511], [121.2908328, 24.8403479], [121.2906531, 24.8403077], [121.2904874, 24.8401872], [121.2903251, 24.8401852], [121.2901964, 24.8401335], [121.289955, 24.8399528]]}}, {"type": "Feature", "properties": {"county": "桃園市", "district": "大溪區", "highway": "tertiary", "name": null}, "geometry": {"type": "LineString", "coordinates": [[121.2825173, 24.8614114], [121.2824535, 24.8613683], [121.282367, 24.8613391], [121.2822752, 24.8613427], [121.2821887, 24.8613841], [121.2821353, 24.8614554]]}}, {"type": "Feature", "properties": {"county": "桃園市", "district": "大溪區", "highway": "residential", "name": "安和路"}, "geometry": {"type": "LineString", "coordinates": [[121.2827629, 24.8559591], [121.2817515, 24.8562318], [121.281671, 24.8563023], [121.2815074, 24.8565287], [121.281447, 24.856609], [121.2813519, 24.8567355], [121.2812139, 24.8568961], [121.281112, 24.8569813], [121.2810051, 24.8570302], [121.2809522, 24.8570544], [121.2807925, 24.8571121]]}}, {"type": "Feature", "properties": {"county": "桃園市", "district": "大溪區", "highway": "residential", "name": null}, "geometry": {"type": "LineString", "coordinates": [[121.2815561, 24.8595913], [121.2818883, 24.8594211], [121.2822048, 24.8593627], [121.2825106, 24.8593773], [121.282724, 24.8594418], [121.282783, 24.8594722]]}}, {"type": "Feature", "properties": {"county": "桃園市", "district": "大溪區", "highway": "residential", "name": "民權東路"}, "geometry": {"type": "LineString", "coordinates": [[121.2944305, 24.8803652], [121.2950977, 24.879898], [121.2953971, 24.8797085]]}}, {"type": "Feature", "properties": {"county": "桃園市", "district": "大溪區", "highway": "residential", "name": "中山路"}, "geometry": {"type": "LineString", "coordinates": [[121.2852806, 24.8821056], [121.2859224, 24.8819463]]}}, {"type": "Feature", "properties": {"county": "桃園市", "district": "大溪區", "highway": "unclassified", "name": "鳶峰路"}, "geometry": {"type": "LineString", "coordinates": [[121.3557956, 24.9281877], [121.3558551, 24.9282776], [121.3560299, 24.9284979], [121.3560814, 24.9286131], [121.3560322, 24.9286916], [121.3559424, 24.9287627], [121.355779, 24.9288902], [121.3556655, 24.9290223], [121.355617, 24.9291691], [121.3556139, 24.9292312], [121.3556108, 24.9292915], [121.3556655, 24.929403], [121.3557519, 24.9294697], [121.35587, 24.9295614], [121.3563474, 24.9296703], [121.3563551, 24.9296952], [121.3563436, 24.9297202], [121.3561843, 24.9297297], [121.3560503, 24.9297631], [121.3560326, 24.9297858], [121.3560383, 24.9298185], [121.3560924, 24.9298578], [121.3565345, 24.9299462], [121.3568372, 24.9300087], [121.3568795, 24.9302187], [121.3568681, 24.9303643], [121.3567933, 24.9304371], [121.3567022, 24.9304878], [121.3562156, 24.9307009], [121.3561449, 24.9307566], [121.356133, 24.9308423], [121.3562117, 24.930903], [121.3562325, 24.9310434], [121.3562545, 24.9311381], [121.356349, 24.9311737], [121.3564353, 24.9311652], [121.3566243, 24.9312365], [121.3567936, 24.9313163], [121.3569117, 24.9315011], [121.3572228, 24.9315328], [121.3574494, 24.9315571], [121.357544, 24.9316459], [121.3575159, 24.9317651]]}}, {"type": "Feature", "properties": {"county": "桃園市", "district": "大溪區", "highway": "primary", "name": "更生橋"}, "geometry": {"type": "LineString", "coordinates": [[121.330861, 24.8351887], [121.3306615, 24.8350854]]}}, {"type": "Feature", "properties": {"county": "桃園市", "district": "大溪區", "highway": "primary", "name": "尚義橋"}, "geometry": {"type": "LineString", "coordinates": [[121.3571478, 24.8545057], [121.3571107, 24.8542285]]}}, {"type": "Feature", "properties": {"county": "桃園市", "district": "大溪區", "highway": "primary", "name": "大埔公路"}, "geometry": {"type": "LineString", "coordinates": [[121.3602355, 24.8596436], [121.3599773, 24.8593923], [121.3597737, 24.8591459], [121.359634, 24.8589177], [121.3595731, 24.8587502], [121.3595616, 24.8586451], [121.3595763, 24.8584772], [121.359579, 24.858336], [121.3595669, 24.8582387], [121.3594858, 24.8579953], [121.3593644, 24.8577203], [121.3593155, 24.8575834], [121.3592578, 24.8573766], [121.359251, 24.8572341], [121.3592699, 24.8570668], [121.3593182, 24.8568399], [121.3593051, 24.8566363], [121.3592972, 24.8565565], [121.359284, 24.8564973], [121.3592451, 24.8564073], [121.3591391, 24.8562151], [121.3590861, 24.8560526], [121.3590382, 24.8558205], [121.3589836, 24.8556176], [121.3589205, 24.8555239], [121.3588267, 24.8554521], [121.358718, 24.855418], [121.358547, 24.8554064], [121.3579127, 24.8554089], [121.3577142, 24.8554016], [121.3575914, 24.8553897], [121.3574996, 24.8553505], [121.3574138, 24.8552993], [121.3573092, 24.8551862], [121.3572461, 24.8550803], [121.3572207, 24.8549867], [121.3571711, 24.8547116], [121.3571478, 24.8545057]]}}, {"type": "Feature", "properties": {"county": "桃園市", "district": "大溪區", "highway": "primary", "name": "自力橋"}, "geometry": {"type": "LineString", "coordinates": [[121.3436352, 24.8538693], [121.3436111, 24.8537131], [121.3436306, 24.8536029]]}}, {"type": "Feature", "properties": {"county": "桃園市", "district": "大溪區", "highway": "primary", "name": "三民路一段"}, "geometry": {"type": "LineString", "coordinates": [[121.3306615, 24.8350854], [121.3306174, 24.8350254], [121.3305075, 24.834834], [121.3302869, 24.8343747], [121.330246, 24.8342696], [121.3302376, 24.8341677], [121.3302926, 24.8338147], [121.3303356, 24.8335205], [121.3303509, 24.8334116], [121.3303854, 24.8331365], [121.3304199, 24.8328726], [121.3305008, 24.8326332], [121.3306007, 24.8323429]]}}, {"type": "Feature", "properties": {"county": "桃園市", "district": "大溪區", "highway": "primary", "name": "三民路二段"}, "geometry": {"type": "LineString", "coordinates": [[121.3571107, 24.8542285], [121.3570905, 24.8540502], [121.3570597, 24.8539547], [121.3570101, 24.8538842], [121.356927, 24.8538245], [121.3567553, 24.8537782], [121.356577, 24.8537588], [121.3560768, 24.8537199], [121.355901, 24.8537284], [121.3557079, 24.8537624], [121.3555671, 24.8537843], [121.3554591, 24.8537886], [121.3553189, 24.853771], [121.3550515, 24.8537023], [121.3544503, 24.8535358], [121.3542226, 24.8534668], [121.354058, 24.8534081], [121.3539618, 24.8533441], [121.3538984, 24.8532783], [121.3538632, 24.8531845], [121.3538545, 24.8530597], [121.3538348, 24.8526059], [121.3538187, 24.8525094], [121.3537828, 24.8524441], [121.3537127, 24.8523964], [121.3536338, 24.8523682], [121.3535021, 24.8523477], [121.3532314, 24.8523175], [121.3530769, 24.8522897], [121.3529106, 24.8522511], [121.352746, 24.8521887], [121.3526069, 24.8521166], [121.3525138, 24.8520678], [121.3522445, 24.8519214], [121.3517112, 24.8516365], [121.3515612, 24.8515181], [121.3514891, 24.8514357], [121.3514822, 24.8514266]]}}, {"type": "Feature", "properties": {"county": "桃園市", "district": "大溪區", "highway": "unclassified", "name": "打鐵寮路"}, "geometry": {"type": "LineString", "coordinates": [[121.2949761, 24.8581793], [121.2953799, 24.8579], [121.2955236, 24.8578136], [121.2960383, 24.8575484], [121.2963005, 24.856985], [121.2964976, 24.8565745], [121.2967645, 24.8560405], [121.2969764, 24.8555465], [121.2970435, 24.8553786], [121.2971226, 24.8548207], [121.2971454, 24.8545487], [121.297207, 24.854489], [121.2971847, 24.8543886], [121.2971749, 24.8543151], [121.2971039, 24.8541873], [121.2971326, 24.8541295], [121.297295, 24.8539762], [121.2973513, 24.853863], [121.2973935, 24.8536689], [121.2974143, 24.8535466], [121.2974847, 24.8534742], [121.2976416, 24.853344], [121.2977368, 24.8531612], [121.2977596, 24.8531173], [121.2978266, 24.8530735], [121.2978588, 24.8530674], [121.298172, 24.8532804], [121.2983825, 24.8534915], [121.2985428, 24.8536004], [121.2985535, 24.8536442], [121.2984958, 24.8536954]]}}, {"type": "Feature", "properties": {"county": "桃園市", "district": "大溪區", "highway": "unclassified", "name": "打鐵寮路170巷"}, "geometry": {"type": "LineString", "coordinates": [[121.2971226, 24.8548207], [121.2967138, 24.8543269], [121.2965821, 24.8543807], [121.2964621, 24.8543917], [121.296202, 24.8542321], [121.2961616, 24.8541867], [121.2961615, 24.8540377], [121.2962445, 24.8539218], [121.2963024, 24.8538169], [121.2960789, 24.8535309], [121.2955385, 24.8537511], [121.2954362, 24.8537733], [121.2951443, 24.8536882], [121.2950018, 24.8536322], [121.2945031, 24.8532647], [121.2941154, 24.8528858], [121.2938994, 24.8530233], [121.2937693, 24.8529789]]}}, {"type": "Feature", "properties": {"county": "桃園市", "district": "大溪區", "highway": "unclassified", "name": "美和路206巷"}, "geometry": {"type": "LineString", "coordinates": [[121.2998423, 24.8583813], [121.2999211, 24.8582894], [121.2999603, 24.858155], [121.2999483, 24.8580917], [121.2999134, 24.8580335], [121.2997632, 24.8578812], [121.2996427, 24.857698], [121.2995768, 24.857459], [121.2996734, 24.8571517], [121.2996666, 24.8569381], [121.2997591, 24.8569846], [121.2998829, 24.8571535], [121.3000381, 24.8572632], [121.3001906, 24.8574358], [121.3002871, 24.8575429], [121.3003716, 24.8576183], [121.3004601, 24.8576561], [121.3005835, 24.8576293], [121.3007368, 24.8575529], [121.3007972, 24.8574628], [121.3008581, 24.8574023], [121.3009602, 24.8573747], [121.3011389, 24.8573346], [121.3012293, 24.8572866], [121.3012635, 24.8572083], [121.3012675, 24.8570906], [121.3012756, 24.8569612], [121.3013345, 24.8568907], [121.3014458, 24.8568578], [121.3016215, 24.8568627], [121.3017007, 24.8567957], [121.3017147, 24.856721], [121.3018086, 24.8566947], [121.3019294, 24.8567167], [121.3021191, 24.8567769], [121.3022405, 24.8568084], [121.3023565, 24.8568636], [121.3023991, 24.8569402], [121.30243, 24.8570247], [121.3024342, 24.8572572]]}}, {"type": "Feature", "properties": {"county": "桃園市", "district": "大溪區", "highway": "unclassified", "name": null}, "geometry": {"type": "LineString", "coordinates": [[121.2937693, 24.8529789], [121.293765, 24.8528364], [121.2938596, 24.8527395], [121.2939895, 24.8526424], [121.2940605, 24.8526167], [121.2941802, 24.8526896], [121.2942621, 24.8527181], [121.2943474, 24.8526648], [121.2943067, 24.8525802], [121.2942471, 24.8524406], [121.2942492, 24.8523263], [121.29429, 24.8522678], [121.2943661, 24.852224], [121.2944431, 24.8520838], [121.2945329, 24.8519029], [121.2945364, 24.8518211], [121.2945561, 24.8516152], [121.2946209, 24.8513394], [121.2946063, 24.8511436], [121.2946161, 24.8510729], [121.2946436, 24.8510436], [121.2946852, 24.8510485], [121.29481, 24.8513426], [121.2948433, 24.8514156], [121.2949106, 24.8513967], [121.2953123, 24.8512888], [121.2954403, 24.8512222], [121.2955042, 24.8511513], [121.2956025, 24.851015], [121.2956541, 24.8509079], [121.2957275, 24.850725], [121.2957695, 24.8507076], [121.2958804, 24.8506772], [121.2959581, 24.8506288], [121.2960181, 24.8505618], [121.2961289, 24.8504025], [121.2962025, 24.850103], [121.2962131, 24.8500292], [121.2961676, 24.8500107], [121.2960201, 24.8500385], [121.2959249, 24.8500251]]}}, {"type": "Feature", "properties": {"county": "桃園市", "district": "大溪區", "highway": "unclassified", "name": "復興路一段735巷"}, "geometry": {"type": "LineString", "coordinates": [[121.2887533, 24.8511329], [121.289249, 24.8506958], [121.2896072, 24.8504418], [121.2900064, 24.8501591], [121.2901354, 24.8501754], [121.2903113, 24.8502644], [121.2904445, 24.8503568], [121.2906383, 24.8504383], [121.2906978, 24.850476], [121.290887, 24.8506819], [121.2909805, 24.8507806], [121.2910154, 24.850841], [121.2909973, 24.8508976], [121.2908464, 24.8511641], [121.2908552, 24.8512091], [121.2909396, 24.8512931], [121.2910409, 24.8514087], [121.2910994, 24.8514996], [121.2912633, 24.8517255], [121.2913704, 24.8520598], [121.2914112, 24.8521444], [121.29146, 24.852177], [121.2915203, 24.8521818], [121.2917474, 24.8521274], [121.2918468, 24.852135], [121.2919139, 24.8521829], [121.2919991, 24.8522579], [121.2920926, 24.8523424], [121.2923326, 24.8523932], [121.2924508, 24.8524742], [121.2925453, 24.8525058], [121.2926137, 24.8524997], [121.2927136, 24.852549], [121.2927896, 24.8526542]]}}, {"type": "Feature", "properties": {"county": "桃園市", "district": "大溪區", "highway": "unclassified", "name": null}, "geometry": {"type": "LineString", "coordinates": [[121.2605045, 24.8854271], [121.2609905, 24.8851866]]}}, {"type": "Feature", "properties": {"county": "桃園市", "district": "大溪區", "highway": "unclassified", "name": null}, "geometry": {"type": "LineString", "coordinates": [[121.3045362, 24.8313848], [121.3039286, 24.8312546]]}}, {"type": "Feature", "properties": {"county": "桃園市", "district": "大溪區", "highway": "residential", "name": "承恩路118巷"}, "geometry": {"type": "LineString", "coordinates": [[121.3023448, 24.8293591], [121.3021912, 24.829362], [121.3019471, 24.8293082], [121.3019042, 24.8293212], [121.3018666, 24.8293742], [121.3018076, 24.8296006], [121.3017057, 24.8297904], [121.3015287, 24.8300655], [121.3013919, 24.8302992], [121.3013121, 24.8303226], [121.3011666, 24.8303309], [121.3010083, 24.8303309], [121.300612, 24.8306662], [121.3004397, 24.83078], [121.3003378, 24.8308123], [121.3002801, 24.8308499], [121.3002814, 24.8309078], [121.3002881, 24.8310356], [121.3002539, 24.8311183], [121.3001816, 24.8312051], [121.3000072, 24.8313392], [121.2997852, 24.8314409], [121.2996082, 24.8315985], [121.2995384, 24.8316508], [121.2994406, 24.8316402], [121.2993172, 24.8316009], [121.2991676, 24.8314263]]}}, {"type": "Feature", "properties": {"county": "桃園市", "district": "大溪區", "highway": "residential", "name": null}, "geometry": {"type": "LineString", "coordinates": [[121.3019471, 24.8293082], [121.3019605, 24.8293839], [121.3019873, 24.8295543], [121.3020745, 24.8300248], [121.3020785, 24.8302183], [121.3020377, 24.8303354], [121.3019692, 24.8304501], [121.3018754, 24.8305018], [121.301687, 24.8305016]]}}, {"type": "Feature", "properties": {"county": "桃園市", "district": "大溪區", "highway": "residential", "name": null}, "geometry": {"type": "LineString", "coordinates": [[121.3051309, 24.8322639], [121.3050999, 24.8323161], [121.3049921, 24.832319], [121.3045509, 24.8320811], [121.3044509, 24.8319971], [121.3042746, 24.8319782]]}}, {"type": "Feature", "properties": {"county": "桃園市", "district": "大溪區", "highway": "unclassified", "name": null}, "geometry": {"type": "LineString", "coordinates": [[121.3241212, 24.8661317], [121.3242822, 24.8661817], [121.3243624, 24.8662141], [121.3245022, 24.8662751], [121.3246862, 24.8663265], [121.3248791, 24.8663281], [121.3250242, 24.8662735], [121.3250774, 24.8662393], [121.3250914, 24.8660728]]}}, {"type": "Feature", "properties": {"county": "桃園市", "district": "大溪區", "highway": "unclassified", "name": null}, "geometry": {"type": "LineString", "coordinates": [[121.3166166, 24.8706035], [121.3164254, 24.8704851], [121.3160821, 24.8703683], [121.3158299, 24.8703368]]}}, {"type": "Feature", "properties": {"county": "桃園市", "district": "大溪區", "highway": "unclassified", "name": "環湖路一段585巷"}, "geometry": {"type": "LineString", "coordinates": [[121.2718568, 24.8183283], [121.2712356, 24.8186367], [121.2711884, 24.8186955], [121.2711819, 24.8187469], [121.2712016, 24.8187919], [121.2712375, 24.8188073], [121.2713181, 24.8187825], [121.2715064, 24.8186561], [121.2715844, 24.8186311], [121.2716583, 24.8186282], [121.272217, 24.8186194], [121.2722717, 24.8186412], [121.2723003, 24.818663], [121.2723338, 24.8187346], [121.2723449, 24.8188025], [121.2724335, 24.8189927], [121.2725303, 24.8191835], [121.2726109, 24.8192894], [121.2728408, 24.819414], [121.2729381, 24.8194673], [121.2730045, 24.8195361], [121.2730015, 24.8195856], [121.2729818, 24.8196176], [121.2729563, 24.8196259], [121.2729237, 24.8196239], [121.2728896, 24.8196087], [121.2725662, 24.8194818], [121.2722548, 24.8194141], [121.272103, 24.8193786], [121.2719154, 24.8193036], [121.2717236, 24.819247], [121.2714052, 24.8192286], [121.2711876, 24.8192205], [121.2708883, 24.8191663], [121.2707877, 24.8191386], [121.2706077, 24.8191571], [121.2704704, 24.8192225], [121.2702986, 24.8193082], [121.270207, 24.8193215], [121.2701358, 24.8192979], [121.2700357, 24.8192629], [121.2699356, 24.8192445], [121.2698347, 24.8192856], [121.2697622, 24.8193488], [121.2696627, 24.8195483], [121.2695869, 24.8198076], [121.2693758, 24.8199097], [121.269237, 24.8199705]]}}, {"type": "Feature", "properties": {"county": "桃園市", "district": "大溪區", "highway": "residential", "name": "復興路二段316巷"}, "geometry": {"type": "LineString", "coordinates": [[121.3117052, 24.8256427], [121.3118862, 24.8256883], [121.3119961, 24.8257035], [121.3123616, 24.825667], [121.3129509, 24.8256293]]}}, {"type": "Feature", "properties": {"county": "桃園市", "district": "大溪區", "highway": "residential", "name": null}, "geometry": {"type": "LineString", "coordinates": [[121.3112933, 24.8267922], [121.3112256, 24.8268108], [121.3111687, 24.826844], [121.3110199, 24.8270424], [121.3109716, 24.8270948], [121.310883, 24.82713], [121.3107569, 24.8271434], [121.3106202, 24.8271203], [121.3104727, 24.8270783], [121.3102085, 24.8269718], [121.3100918, 24.8269182], [121.3098611, 24.826872], [121.3097109, 24.8268464], [121.3095875, 24.8268719], [121.3095044, 24.8269231], [121.3094373, 24.8270332], [121.309326, 24.8272468]]}}, {"type": "Feature", "properties": {"county": "桃園市", "district": "大溪區", "highway": "residential", "name": null}, "geometry": {"type": "LineString", "coordinates": [[121.3089893, 24.8249327], [121.309056, 24.8248534], [121.3091634, 24.8247993], [121.3091788, 24.8247555], [121.3091808, 24.8247102]]}}, {"type": "Feature", "properties": {"county": "桃園市", "district": "大溪區", "highway": "residential", "name": null}, "geometry": {"type": "LineString", "coordinates": [[121.3073193, 24.825129], [121.3073334, 24.8250239], [121.3073335, 24.8248382], [121.307375, 24.8246544], [121.307367, 24.8245193], [121.3073522, 24.8243806], [121.3073575, 24.8243258], [121.3073844, 24.824271], [121.3071788, 24.8237609], [121.3071755, 24.8237074], [121.3071983, 24.8236544], [121.3072838, 24.8235729]]}}, {"type": "Feature", "properties": {"county": "桃園市", "district": "大溪區", "highway": "residential", "name": null}, "geometry": {"type": "LineString", "coordinates": [[121.3071533, 24.8252039], [121.3071305, 24.8249599], [121.3071433, 24.8247968], [121.3071178, 24.8246434], [121.3071377, 24.8245966], [121.3071698, 24.8244019], [121.3071893, 24.8243495], [121.3070926, 24.8240051]]}}, {"type": "Feature", "properties": {"county": "桃園市", "district": "大溪區", "highway": "residential", "name": null}, "geometry": {"type": "LineString", "coordinates": [[121.308886, 24.8249455], [121.3088982, 24.8250962], [121.308805, 24.8251261], [121.3087634, 24.8251552], [121.308862, 24.8253628], [121.3088995, 24.8254541]]}}, {"type": "Feature", "properties": {"county": "桃園市", "district": "大溪區", "highway": "residential", "name": null}, "geometry": {"type": "LineString", "coordinates": [[121.3089893, 24.8249327], [121.3090289, 24.8250439], [121.3090598, 24.8251523]]}}, {"type": "Feature", "properties": {"county": "桃園市", "district": "大溪區", "highway": "residential", "name": "復興路二段275巷"}, "geometry": {"type": "LineString", "coordinates": [[121.3105986, 24.8252729], [121.3104272, 24.825493], [121.3102306, 24.8257456], [121.3101514, 24.8258003], [121.3100924, 24.8257924], [121.3099683, 24.8257699], [121.3098885, 24.82579], [121.3098516, 24.8258241], [121.3098516, 24.8259884]]}}, {"type": "Feature", "properties": {"county": "桃園市", "district": "大溪區", "highway": "residential", "name": "復興路二段287巷"}, "geometry": {"type": "LineString", "coordinates": [[121.310842, 24.8254195], [121.3106731, 24.8256987], [121.3108032, 24.8257644]]}}, {"type": "Feature", "properties": {"county": "桃園市", "district": "大溪區", "highway": "residential", "name": "環湖路二段852巷"}, "geometry": {"type": "LineString", "coordinates": [[121.3118463, 24.8240021], [121.3118935, 24.824036], [121.3119981, 24.8240579], [121.3121027, 24.8240671], [121.3121562, 24.8240355], [121.312196, 24.823983], [121.3122359, 24.823916], [121.3123177, 24.823821], [121.3123827, 24.8237626], [121.3124558, 24.8237066], [121.3126181, 24.8236312], [121.3126925, 24.8235874], [121.3128233, 24.8234754]]}}, {"type": "Feature", "properties": {"county": "桃園市", "district": "大溪區", "highway": "unclassified", "name": "環湖路二段847巷"}, "geometry": {"type": "LineString", "coordinates": [[121.3118463, 24.8240021], [121.3115635, 24.8238042], [121.3113509, 24.8238948], [121.3112259, 24.8239574], [121.3111169, 24.8239908], [121.3109287, 24.8240199], [121.3107967, 24.8240331], [121.3107068, 24.8240301], [121.3106351, 24.8240028], [121.310572, 24.8239498], [121.3100973, 24.8234045], [121.3100456, 24.82334], [121.3100054, 24.823326], [121.3099202, 24.8233369], [121.3096118, 24.8234191], [121.3094991, 24.8234288], [121.3094206, 24.8234143], [121.3093737, 24.8233911], [121.3093355, 24.8233193], [121.3093168, 24.8231416], [121.309298, 24.8230904], [121.3092497, 24.8230466], [121.3091585, 24.8229772], [121.3091101, 24.8229295], [121.309092, 24.8228132], [121.3090693, 24.8227542], [121.3090329, 24.822708], [121.3089751, 24.8226764], [121.3088649, 24.8226448], [121.3088088, 24.8226229], [121.3087581, 24.8225864], [121.3085747, 24.8222536], [121.3082556, 24.8220076], [121.3080806, 24.8218411], [121.3079234, 24.8217256], [121.3077984, 24.8217026], [121.3075022, 24.8216839], [121.3072489, 24.8216506]]}}, {"type": "Feature", "properties": {"county": "桃園市", "district": "大溪區", "highway": "primary", "name": "復興路二段"}, "geometry": {"type": "LineString", "coordinates": [[121.3190705, 24.8305647], [121.3191683, 24.8306397], [121.3192033, 24.8306864], [121.3193012, 24.8312244], [121.3193239, 24.8313097], [121.3194206, 24.8315651], [121.3195109, 24.8316979], [121.3196982, 24.8318183], [121.3203692, 24.8320842], [121.3207769, 24.8323202], [121.3209701, 24.832406], [121.3214727, 24.832448], [121.321485, 24.832449], [121.3215818, 24.8324601], [121.3220826, 24.8325173], [121.3222361, 24.8325348], [121.3229227, 24.832685], [121.3231587, 24.8327065], [121.3233733, 24.832685], [121.3239741, 24.8325348], [121.3242316, 24.8324919], [121.3245106, 24.8324275], [121.3247895, 24.8323202], [121.3249397, 24.8322344], [121.3249773, 24.8322062], [121.3250256, 24.83217], [121.3251758, 24.8320627], [121.3254869, 24.8316681], [121.3255681, 24.8315781], [121.3256492, 24.8315023], [121.3257363, 24.8314493], [121.3258115, 24.8314197], [121.3259623, 24.8314048], [121.3264443, 24.8314014], [121.3265743, 24.831402], [121.3266691, 24.8314373], [121.3267542, 24.8314767], [121.3270949, 24.8316269], [121.3272431, 24.8316847], [121.3273832, 24.8317254], [121.3283884, 24.831945], [121.3288377, 24.8320334], [121.3290001, 24.8320727], [121.3291141, 24.8320702], [121.3295277, 24.8320143], [121.3295902, 24.8320102], [121.3299146, 24.8320261], [121.330268, 24.832089], [121.3303901, 24.8320979], [121.3305799, 24.8321209], [121.3307149, 24.8321145], [121.3308151, 24.8321017]]}}, {"type": "Feature", "properties": {"county": "桃園市", "district": "大溪區", "highway": "primary", "name": null}, "geometry": {"type": "LineString", "coordinates": [[121.3306007, 24.8323429], [121.3305823, 24.8322514], [121.3304995, 24.8321646], [121.3303901, 24.8320979]]}}, {"type": "Feature", "properties": {"county": "桃園市", "district": "大溪區", "highway": "primary", "name": null}, "geometry": {"type": "LineString", "coordinates": [[121.3308151, 24.8321017], [121.3306593, 24.8322626], [121.3306007, 24.8323429]]}}, {"type": "Feature", "properties": {"county": "桃園市", "district": "大溪區", "highway": "primary", "name": null}, "geometry": {"type": "LineString", "coordinates": [[121.3305799, 24.8321209], [121.330646, 24.8321387], [121.3306721, 24.8321699], [121.3306593, 24.8322626]]}}, {"type": "Feature", "properties": {"county": "桃園市", "district": "大溪區", "highway": "residential", "name": "復興路二段509巷"}, "geometry": {"type": "LineString", "coordinates": [[121.3188356, 24.8303893], [121.318688, 24.8304966], [121.3185834, 24.8305502], [121.3184788, 24.8305672], [121.3183232, 24.8305672], [121.318224, 24.8305794], [121.318165, 24.8306232], [121.3181167, 24.8306963], [121.3180597, 24.8308283], [121.3179799, 24.8309762], [121.3178914, 24.8311076], [121.3177734, 24.8312172], [121.3176688, 24.8312975], [121.3174622, 24.8314192], [121.3173067, 24.8314996], [121.3172477, 24.8315555], [121.317186, 24.831648], [121.3171189, 24.8317065], [121.3170679, 24.8317382], [121.3169459, 24.8317569], [121.3168051, 24.8317515]]}}, {"type": "Feature", "properties": {"county": "桃園市", "district": "大溪區", "highway": "primary", "name": null}, "geometry": {"type": "LineString", "coordinates": [[121.3304995, 24.8321646], [121.3305393, 24.8321562], [121.3305695, 24.8321375], [121.3305799, 24.8321209]]}}, {"type": "Feature", "properties": {"county": "桃園市", "district": "大溪區", "highway": "residential", "name": null}, "geometry": {"type": "LineString", "coordinates": [[121.3128194, 24.8283436], [121.3127876, 24.8284363], [121.3128011, 24.8286262]]}}, {"type": "Feature", "properties": {"county": "桃園市", "district": "大溪區", "highway": "residential", "name": "龍門街80巷3弄"}, "geometry": {"type": "LineString", "coordinates": [[121.2439554, 24.9282402], [121.2440505, 24.928266]]}}, {"type": "Feature", "properties": {"county": "桃園市", "district": "大溪區", "highway": "primary", "name": "員林路二段"}, "geometry": {"type": "LineString", "coordinates": [[121.2701256, 24.889245], [121.2700831, 24.8891137], [121.2700382, 24.8888868], [121.2700107, 24.8886527]]}}, {"type": "Feature", "properties": {"county": "桃園市", "district": "大溪區", "highway": "primary", "name": "員林路二段"}, "geometry": {"type": "LineString", "coordinates": [[121.2701569, 24.8878704], [121.2701569, 24.8883076], [121.2701569, 24.8884215], [121.2701676, 24.8888728]]}}, {"type": "Feature", "properties": {"county": "桃園市", "district": "大溪區", "highway": "primary", "name": "員林路二段"}, "geometry": {"type": "LineString", "coordinates": [[121.270281, 24.8892007], [121.2703433, 24.8893132]]}}, {"type": "Feature", "properties": {"county": "桃園市", "district": "大溪區", "highway": "residential", "name": "中正二路"}, "geometry": {"type": "LineString", "coordinates": [[121.2548157, 24.9269687], [121.2556723, 24.9267391], [121.255877, 24.9266464], [121.2559018, 24.9265928], [121.2557475, 24.9263689], [121.2556077, 24.926073]]}}, {"type": "Feature", "properties": {"county": "桃園市", "district": "大溪區", "highway": "unclassified", "name": null}, "geometry": {"type": "LineString", "coordinates": [[121.3086733, 24.8353923], [121.3087433, 24.8354664], [121.3088907, 24.8356426], [121.3089826, 24.8358327], [121.309145, 24.8359995], [121.3092965, 24.8362137], [121.3099834, 24.836756], [121.3102232, 24.8370918], [121.3102925, 24.8371826], [121.3103426, 24.8373155], [121.3103899, 24.8373918], [121.3104962, 24.8374746], [121.3106251, 24.8375779], [121.3107841, 24.8377121], [121.3109411, 24.8378019], [121.311032, 24.8378644], [121.3110613, 24.8379391], [121.3111026, 24.8380661], [121.3111667, 24.8381493], [121.3112602, 24.8381945], [121.3113848, 24.8382166], [121.311506, 24.8382064], [121.3115988, 24.8382193], [121.311716, 24.8382417], [121.3117604, 24.8382626], [121.3118028, 24.8382943], [121.3118438, 24.8383382], [121.3119549, 24.8384683], [121.3120886, 24.838583], [121.3122645, 24.8386948], [121.3123334, 24.838791], [121.3124049, 24.8389068], [121.3125717, 24.8390985], [121.3126099, 24.8391959], [121.3126283, 24.8393051], [121.3126319, 24.8394219], [121.3126623, 24.8395215], [121.3127016, 24.839561], [121.31273, 24.8395695], [121.3127706, 24.839561], [121.3128163, 24.8395168], [121.3128476, 24.8394323], [121.3128688, 24.8393566], [121.3128687, 24.8392823], [121.3128917, 24.8390962], [121.3129085, 24.8390085], [121.3129278, 24.8389419], [121.312942, 24.8389116], [121.3129657, 24.8388984], [121.3129911, 24.8389075], [121.3129989, 24.838934], [121.3130357, 24.8391611], [121.3130523, 24.8391865], [121.3130879, 24.8391921], [121.3131436, 24.8391806], [121.3132116, 24.8391761], [121.3132763, 24.8391889], [121.3133731, 24.839247], [121.313409, 24.8393134], [121.3134417, 24.8394111], [121.3134392, 24.8394814], [121.3134912, 24.839551], [121.3135506, 24.8395881], [121.3136101, 24.8396008], [121.3137223, 24.8396355], [121.3137784, 24.8397126], [121.3138278, 24.839779], [121.3138477, 24.8398535], [121.313891, 24.8399143], [121.3139909, 24.8400025], [121.314065, 24.8401027], [121.3141391, 24.8402089], [121.3142576, 24.8404366], [121.3143127, 24.8405673], [121.3143159, 24.8406619], [121.3143091, 24.8407367], [121.3142323, 24.8408036], [121.3141387, 24.8408295], [121.3140219, 24.8408388], [121.3138998, 24.8408586], [121.3138456, 24.8408793], [121.3138283, 24.8409091], [121.3138183, 24.8409638], [121.3138552, 24.8410108], [121.3139491, 24.8410862], [121.314074, 24.8411453], [121.3142273, 24.8411516], [121.3144108, 24.8411503], [121.3146202, 24.8412446], [121.3147592, 24.8412516], [121.31493, 24.8412646], [121.3150894, 24.8413225], [121.3151826, 24.8414061], [121.3152157, 24.8414874], [121.3152022, 24.841547], [121.3151652, 24.8415854], [121.3150689, 24.841676], [121.3150116, 24.8418177], [121.3150028, 24.8418972], [121.3150514, 24.8420038], [121.3151677, 24.8420555], [121.3152812, 24.842048], [121.3153528, 24.8420496], [121.3153999, 24.84209], [121.3153983, 24.8421968], [121.31538, 24.842331], [121.3154108, 24.8424251], [121.3155466, 24.8424915], [121.3156868, 24.842554], [121.3158633, 24.8426904], [121.31596, 24.8427213], [121.3160906, 24.8427252], [121.3162041, 24.8427361], [121.3162538, 24.8427831], [121.3162895, 24.8428965], [121.3163116, 24.8429699], [121.3163394, 24.8430099], [121.316386, 24.8430981], [121.3164136, 24.843176], [121.3163922, 24.8432022], [121.316315, 24.843262], [121.3162879, 24.8433152], [121.3162996, 24.8433996], [121.3163092, 24.8434576], [121.3163427, 24.8435667], [121.3163959, 24.8436759], [121.3164921, 24.8438225], [121.3165147, 24.8438971], [121.3165124, 24.8439614], [121.316493, 24.8440014], [121.3164148, 24.8440603], [121.31621, 24.8442117], [121.3161478, 24.8442787]]}}, {"type": "Feature", "properties": {"county": "桃園市", "district": "大溪區", "highway": "unclassified", "name": "三民路一段99巷"}, "geometry": {"type": "LineString", "coordinates": [[121.3254578, 24.83879], [121.325432, 24.838991], [121.3254213, 24.8391492], [121.325432, 24.8392223], [121.325483, 24.8393367], [121.3255822, 24.8394827], [121.3256761, 24.8396069], [121.3257137, 24.8397115], [121.325719, 24.8398113], [121.3257029, 24.8399062], [121.3256251, 24.840045], [121.3255796, 24.8401277], [121.3255286, 24.8403054], [121.3254964, 24.8403955], [121.3254535, 24.8404466], [121.3253945, 24.8404831], [121.325027, 24.8407192], [121.3248446, 24.8408774], [121.324799, 24.840931], [121.3247749, 24.8409991], [121.3247347, 24.8411768], [121.3247025, 24.8412498], [121.3246059, 24.8413667], [121.3245228, 24.8415078], [121.3244852, 24.8416466], [121.3244933, 24.8417951], [121.3245228, 24.8419168], [121.3245925, 24.8420896], [121.3246461, 24.8422113], [121.3247132, 24.8423549], [121.3247293, 24.8424742], [121.324732, 24.8425837], [121.3247105, 24.8426518], [121.3246783, 24.8427614], [121.3246596, 24.8429171], [121.3246354, 24.8432238], [121.3246079, 24.8434139], [121.3245704, 24.8434759], [121.3245074, 24.8435234], [121.3244309, 24.8435441], [121.3242767, 24.8435636], [121.3241198, 24.8435806], [121.3240554, 24.8435928], [121.3239991, 24.843622], [121.3238918, 24.8437169], [121.3238221, 24.8437717], [121.3236424, 24.8438824], [121.3235847, 24.8439262], [121.3235699, 24.8439566], [121.3235659, 24.8439968], [121.3235766, 24.8440443], [121.3236196, 24.8441331], [121.3236397, 24.8441952], [121.3236276, 24.8442585], [121.3235793, 24.844329], [121.323523, 24.8443631], [121.3233983, 24.844385], [121.3232279, 24.8443935], [121.3231649, 24.8443826], [121.3230912, 24.8443534], [121.3230187, 24.8443023], [121.3229074, 24.8441964], [121.3227952, 24.8440831], [121.3227411, 24.8440284], [121.3225789, 24.8438301], [121.3224903, 24.8437315], [121.3224179, 24.8436792], [121.3223535, 24.8436512], [121.3221993, 24.843594], [121.3220907, 24.843549], [121.3220464, 24.8435161], [121.3220008, 24.8434577], [121.3219915, 24.8434321], [121.3219566, 24.8432836], [121.321915, 24.8432143], [121.32186, 24.8431595], [121.3218037, 24.8431364], [121.3217447, 24.8431315], [121.3217058, 24.8431425], [121.3216508, 24.843168], [121.3215395, 24.843235], [121.3214899, 24.8432459], [121.3214416, 24.8432435], [121.3213906, 24.8432191], [121.3213249, 24.8431802], [121.3213008, 24.8431473], [121.321278, 24.8430865], [121.3212471, 24.8430086], [121.3212096, 24.842977], [121.3211586, 24.8429672], [121.3211077, 24.8429709], [121.3210285, 24.8430001], [121.3209682, 24.8430062], [121.3209266, 24.8429904], [121.3208985, 24.8429538], [121.3208891, 24.8428881], [121.3208944, 24.8428078], [121.3209132, 24.8426484], [121.3209011, 24.8426179], [121.3208757, 24.8425948], [121.3208314, 24.8425851], [121.3207684, 24.8425936], [121.3206544, 24.8426155], [121.3205913, 24.8426167], [121.32048, 24.8426009], [121.3204264, 24.8425979], [121.3203942, 24.8426137], [121.3203727, 24.8426392], [121.3203459, 24.8427184], [121.3203104, 24.8428337], [121.3202554, 24.8429064], [121.3202011, 24.8429131], [121.3201474, 24.8428985], [121.319965, 24.8427938], [121.3199208, 24.842767], [121.3199141, 24.8427135], [121.3198953, 24.842604], [121.31978, 24.84238], [121.3197511, 24.8423204]]}}, {"type": "Feature", "properties": {"county": "桃園市", "district": "大溪區", "highway": "secondary", "name": "龍岡路三段"}, "geometry": {"type": "LineString", "coordinates": [[121.2440302, 24.9258223], [121.2437963, 24.9260788], [121.243216, 24.9267731], [121.2428802, 24.9271641], [121.2423718, 24.9278067], [121.2417324, 24.9286036], [121.2414901, 24.9288476], [121.2410271, 24.9292317], [121.2406817, 24.9295189], [121.2400746, 24.9300443], [121.2397904, 24.9302707], [121.2394932, 24.9305412], [121.2389259, 24.9311453], [121.2385996, 24.9314834], [121.2379822, 24.9321287], [121.2371943, 24.9329455], [121.2371069, 24.9330322], [121.2366375, 24.9334487]]}}, {"type": "Feature", "properties": {"county": "桃園市", "district": "大溪區", "highway": "secondary", "name": "龍岡路三段"}, "geometry": {"type": "LineString", "coordinates": [[121.2356343, 24.9343463], [121.2357084, 24.9341819], [121.2363074, 24.9336231], [121.2366343, 24.9333117], [121.2370471, 24.9329334], [121.2371373, 24.9328427], [121.2376308, 24.9323568], [121.2379049, 24.9320719], [121.2381746, 24.93179], [121.2384646, 24.9314927], [121.238848, 24.9310951], [121.2395381, 24.9303947], [121.2397421, 24.9302054], [121.2400459, 24.9299515], [121.2406287, 24.929469], [121.2409702, 24.9291658], [121.2415362, 24.9286828], [121.2416488, 24.9285753], [121.2419067, 24.9282603], [121.2421688, 24.9279358], [121.2423015, 24.9277736], [121.2423502, 24.9277114], [121.242824, 24.9271201], [121.2431684, 24.9266995], [121.2436543, 24.9261287], [121.2439638, 24.9257777]]}}, {"type": "Feature", "properties": {"county": "桃園市", "district": "大溪區", "highway": "tertiary", "name": "龍東路"}, "geometry": {"type": "LineString", "coordinates": [[121.2543329, 24.9307357], [121.2543745, 24.9307807], [121.2546803, 24.9312781], [121.2547688, 24.9314229], [121.254868, 24.9315682], [121.2550531, 24.9318899], [121.2551985, 24.9321315], [121.2555707, 24.9327497], [121.2557292, 24.9330125], [121.2559659, 24.9334049], [121.2560401, 24.933528], [121.2561407, 24.9336885], [121.2561903, 24.9337846], [121.2562091, 24.9338476], [121.2565059, 24.9343044], [121.2569426, 24.9350469], [121.2572737, 24.9355944]]}}, {"type": "Feature", "properties": {"county": "桃園市", "district": "大溪區", "highway": "residential", "name": "中正五路"}, "geometry": {"type": "LineString", "coordinates": [[121.2571003, 24.9285647], [121.2565547, 24.9288243], [121.2560182, 24.9290644], [121.2552166, 24.9294057], [121.2551664, 24.9294592], [121.2551695, 24.9295481]]}}, {"type": "Feature", "properties": {"county": "桃園市", "district": "大溪區", "highway": "tertiary", "name": "營德路"}, "geometry": {"type": "LineString", "coordinates": [[121.2301078, 24.9237459], [121.2303223, 24.9236486], [121.2304788, 24.9236084], [121.2306871, 24.9236], [121.2312393, 24.9236234], [121.2332533, 24.9237063], [121.2333605, 24.9237112], [121.2338931, 24.9237438], [121.2341305, 24.9237596], [121.2344671, 24.9238046], [121.2347675, 24.9238617], [121.2349217, 24.9238897], [121.2350693, 24.9238994], [121.2354032, 24.9239031], [121.2359789, 24.9238674], [121.2366598, 24.9238252], [121.2374792, 24.9237729], [121.2379138, 24.9237425], [121.2383308, 24.9237279], [121.2385923, 24.9237474], [121.2391865, 24.9238265], [121.239566, 24.9238617], [121.2402465, 24.9239016], [121.2405396, 24.9239274], [121.2408581, 24.9239697], [121.2412464, 24.9240515], [121.2413446, 24.9240801], [121.2415468, 24.9241463], [121.2418658, 24.9242387], [121.2422482, 24.9243494], [121.2425634, 24.9244127], [121.2427471, 24.9244431], [121.2430341, 24.924471], [121.2435115, 24.9245282], [121.2435841, 24.9245614]]}}, {"type": "Feature", "properties": {"county": "桃園市", "district": "大溪區", "highway": "residential", "name": "仁和路二段61巷"}, "geometry": {"type": "LineString", "coordinates": [[121.2675515, 24.9020513], [121.2676866, 24.9020941], [121.2681332, 24.9020624], [121.2682392, 24.902077], [121.268325, 24.9020977], [121.2684229, 24.9021646], [121.2685503, 24.9023081], [121.2686087, 24.9029963]]}}, {"type": "Feature", "properties": {"county": "桃園市", "district": "大溪區", "highway": "residential", "name": "介壽路211巷"}, "geometry": {"type": "LineString", "coordinates": [[121.2931877, 24.9205469], [121.2932487, 24.9205031], [121.2933722, 24.9204008], [121.2934353, 24.9203923], [121.2939046, 24.9200822], [121.2940025, 24.9199946], [121.29402, 24.9199958], [121.2941608, 24.9201612], [121.2942091, 24.9201394], [121.294248, 24.9201174], [121.2945551, 24.9199666]]}}, {"type": "Feature", "properties": {"county": "桃園市", "district": "大溪區", "highway": "residential", "name": "介壽路211巷35弄"}, "geometry": {"type": "LineString", "coordinates": [[121.2945551, 24.9199666], [121.2946784, 24.9201357], [121.2948079, 24.9203426], [121.2948394, 24.9203887], [121.2949498, 24.9205252], [121.2950304, 24.9206248], [121.2951979, 24.9208184], [121.2953818, 24.921031], [121.2958427, 24.9206936], [121.296043, 24.920547]]}}, {"type": "Feature", "properties": {"county": "桃園市", "district": "大溪區", "highway": "unclassified", "name": null}, "geometry": {"type": "LineString", "coordinates": [[121.2875089, 24.8888691], [121.2869695, 24.8883887]]}}, {"type": "Feature", "properties": {"county": "桃園市", "district": "大溪區", "highway": "residential", "name": "仁和路二段2巷"}, "geometry": {"type": "LineString", "coordinates": [[121.2703162, 24.9028388], [121.270381, 24.9030061], [121.2704105, 24.903101], [121.27044, 24.9031521], [121.2704937, 24.9031935], [121.2705768, 24.9032494], [121.2706063, 24.9032713], [121.2706367, 24.9033013], [121.2706388, 24.9033326], [121.2706266, 24.9033566], [121.2705575, 24.9036018], [121.2705432, 24.9036793], [121.2705432, 24.9037124], [121.2705656, 24.9037364], [121.2706164, 24.9038065], [121.2706184, 24.9038341], [121.27059, 24.9038599], [121.2703928, 24.9039503], [121.2703135, 24.9040333], [121.2703054, 24.9041347], [121.2702851, 24.9041771], [121.2701631, 24.9042047], [121.2701306, 24.9042232], [121.2701123, 24.9043006], [121.2701448, 24.9043872], [121.2701814, 24.9044591], [121.270216, 24.9044721], [121.2702586, 24.9044665], [121.2702912, 24.9044665], [121.2703278, 24.9044794], [121.2703481, 24.9045237]]}}, {"type": "Feature", "properties": {"county": "桃園市", "district": "大溪區", "highway": "residential", "name": "儲蓄路93巷"}, "geometry": {"type": "LineString", "coordinates": [[121.2724115, 24.905071], [121.2720735, 24.9050922], [121.2719313, 24.9050897], [121.2716631, 24.905097], [121.2714566, 24.9051262], [121.2712232, 24.9051408]]}}, {"type": "Feature", "properties": {"county": "桃園市", "district": "大溪區", "highway": "unclassified", "name": "仁和路二段100巷"}, "geometry": {"type": "LineString", "coordinates": [[121.269225, 24.9059801], [121.2692207, 24.9058988], [121.2691759, 24.9058637], [121.2685839, 24.9059023], [121.2683828, 24.9059369], [121.2681574, 24.9059403], [121.2680735, 24.9059391], [121.2678857, 24.9059638], [121.2678052, 24.9059687], [121.2677355, 24.9059638], [121.267706, 24.9059322], [121.2676765, 24.9058714], [121.2675734, 24.9057108], [121.2674551, 24.9056584], [121.2666282, 24.9055785], [121.2665034, 24.9055178]]}}, {"type": "Feature", "properties": {"county": "桃園市", "district": "大溪區", "highway": "unclassified", "name": null}, "geometry": {"type": "LineString", "coordinates": [[121.267706, 24.9059322], [121.2677483, 24.9061563], [121.2679637, 24.9083563], [121.2681632, 24.9083585], [121.268336, 24.9090277], [121.2686208, 24.909591], [121.2687049, 24.909735], [121.268803, 24.9099934], [121.268817, 24.9102221], [121.268803, 24.9103958], [121.2687609, 24.9105483], [121.2687796, 24.9105822], [121.2689477, 24.9106076], [121.2690318, 24.9106626], [121.2691205, 24.9107346], [121.269298, 24.9107643], [121.2693494, 24.9107685]]}}, {"type": "Feature", "properties": {"county": "桃園市", "district": "大溪區", "highway": "unclassified", "name": "仁和路二段190巷415弄"}, "geometry": {"type": "LineString", "coordinates": [[121.2647958, 24.9142513], [121.2646501, 24.9144975], [121.2645707, 24.9145017], [121.26451, 24.9144975], [121.2644633, 24.9145229], [121.2644259, 24.9145653], [121.2643792, 24.9146034], [121.2643122, 24.9146142], [121.2636484, 24.9144135], [121.2633544, 24.914348], [121.2632958, 24.9143349], [121.2631844, 24.9143101], [121.2627954, 24.9142408], [121.2625473, 24.9141922], [121.2624414, 24.9141569], [121.2623534, 24.9140832], [121.262267, 24.9140109], [121.2619975, 24.9135341], [121.2619103, 24.9134174], [121.2618151, 24.9133213], [121.2617842, 24.9132568], [121.2617775, 24.9130805], [121.2617122, 24.9124662]]}}, {"type": "Feature", "properties": {"county": "桃園市", "district": "大溪區", "highway": "unclassified", "name": "新興路1033巷"}, "geometry": {"type": "LineString", "coordinates": [[121.2750359, 24.9382173], [121.2750273, 24.9383642], [121.2750186, 24.9384141], [121.274965, 24.9384705], [121.2749506, 24.9385767], [121.2749607, 24.9387066], [121.27502, 24.9390241], [121.2750273, 24.939217], [121.2750012, 24.939339], [121.2749376, 24.9394479], [121.2749158, 24.9396009], [121.274981, 24.9397968], [121.2750721, 24.9401471], [121.2750953, 24.9403072], [121.2750567, 24.9406138], [121.2750513, 24.9410188], [121.2749883, 24.941093], [121.2748488, 24.9412012], [121.2747756, 24.9413424]]}}, {"type": "Feature", "properties": {"county": "桃園市", "district": "大溪區", "highway": "residential", "name": "12弄"}, "geometry": {"type": "LineString", "coordinates": [[121.2712808, 24.937613], [121.2713291, 24.937866]]}}, {"type": "Feature", "properties": {"county": "桃園市", "district": "大溪區", "highway": "residential", "name": "新興路1251巷25弄"}, "geometry": {"type": "LineString", "coordinates": [[121.2709833, 24.9370906], [121.2711039, 24.9373278]]}}, {"type": "Feature", "properties": {"county": "桃園市", "district": "大溪區", "highway": "residential", "name": "新興路1155巷35弄"}, "geometry": {"type": "LineString", "coordinates": [[121.2729004, 24.9384805], [121.273199, 24.9387576], [121.2732687, 24.9387726], [121.2734881, 24.9387241], [121.2736971, 24.9386631]]}}, {"type": "Feature", "properties": {"county": "桃園市", "district": "大溪區", "highway": "residential", "name": "新興路1155巷"}, "geometry": {"type": "LineString", "coordinates": [[121.2727641, 24.9381761], [121.2729954, 24.938059], [121.2730704, 24.9380521], [121.2731753, 24.9381528], [121.2731927, 24.9382076], [121.2729004, 24.9384805], [121.2727094, 24.9386588], [121.2725169, 24.9388385], [121.2722122, 24.9391229]]}}, {"type": "Feature", "properties": {"county": "桃園市", "district": "大溪區", "highway": "residential", "name": "新興路1251巷"}, "geometry": {"type": "LineString", "coordinates": [[121.2700724, 24.9372822], [121.270341, 24.9372402], [121.2705811, 24.9372113]]}}, {"type": "Feature", "properties": {"county": "桃園市", "district": "大溪區", "highway": "residential", "name": "竹園街291巷"}, "geometry": {"type": "LineString", "coordinates": [[121.2716353, 24.9374001], [121.2714811, 24.9374803], [121.2713566, 24.9376075], [121.2712808, 24.937613], [121.2710456, 24.9376298]]}}, {"type": "Feature", "properties": {"county": "桃園市", "district": "大溪區", "highway": "residential", "name": "竹園街281巷"}, "geometry": {"type": "LineString", "coordinates": [[121.2715977, 24.9371733], [121.2712525, 24.9372638], [121.2711039, 24.9373278], [121.2710514, 24.9373504], [121.2710051, 24.9374396], [121.2710456, 24.9376298]]}}, {"type": "Feature", "properties": {"county": "桃園市", "district": "大溪區", "highway": "residential", "name": "貿五路"}, "geometry": {"type": "LineString", "coordinates": [[121.2529395, 24.9266082], [121.2529462, 24.9269711], [121.2529341, 24.927055], [121.2528792, 24.927319], [121.252673, 24.9282264]]}}, {"type": "Feature", "properties": {"county": "桃園市", "district": "大溪區", "highway": "residential", "name": null}, "geometry": {"type": "LineString", "coordinates": [[121.279102, 24.9292195], [121.2790332, 24.9292118]]}}, {"type": "Feature", "properties": {"county": "桃園市", "district": "大溪區", "highway": "residential", "name": null}, "geometry": {"type": "LineString", "coordinates": [[121.2790332, 24.9292118], [121.2789467, 24.9292009]]}}, {"type": "Feature", "properties": {"county": "桃園市", "district": "大溪區", "highway": "residential", "name": "平東路152巷"}, "geometry": {"type": "LineString", "coordinates": [[121.2498905, 24.9171964], [121.2498669, 24.9171512], [121.2501679, 24.9166693]]}}, {"type": "Feature", "properties": {"county": "桃園市", "district": "大溪區", "highway": "residential", "name": "貿一路"}, "geometry": {"type": "LineString", "coordinates": [[121.2517801, 24.9237529], [121.2521825, 24.9237744], [121.2522913, 24.923774], [121.2523701, 24.9237172]]}}, {"type": "Feature", "properties": {"county": "桃園市", "district": "大溪區", "highway": "residential", "name": null}, "geometry": {"type": "LineString", "coordinates": [[121.2503413, 24.9174352], [121.2509774, 24.9177766]]}}, {"type": "Feature", "properties": {"county": "桃園市", "district": "大溪區", "highway": "residential", "name": null}, "geometry": {"type": "LineString", "coordinates": [[121.2469919, 24.9182532], [121.2465761, 24.9178981], [121.2463298, 24.9176959], [121.2461577, 24.9174991]]}}, {"type": "Feature", "properties": {"county": "桃園市", "district": "大溪區", "highway": "residential", "name": "長興路677巷"}, "geometry": {"type": "LineString", "coordinates": [[121.2678455, 24.9324025], [121.2679206, 24.9321179], [121.2679408, 24.9318929], [121.2678872, 24.9317421], [121.2677128, 24.9313602], [121.2675545, 24.9308823], [121.2675129, 24.930712], [121.2674593, 24.9304846], [121.2673493, 24.9302657], [121.2672984, 24.9300723], [121.2672648, 24.9298838], [121.2673118, 24.9295968], [121.2672782, 24.9292539], [121.2672903, 24.9286835], [121.2671938, 24.9284403], [121.2671861, 24.928182], [121.2671832, 24.9280847], [121.2671777, 24.9279003], [121.2670114, 24.9275379], [121.2668933, 24.9272825], [121.2670441, 24.9272475], [121.2670245, 24.9271716], [121.2673742, 24.9270634]]}}, {"type": "Feature", "properties": {"county": "桃園市", "district": "大溪區", "highway": "residential", "name": "福德橋"}, "geometry": {"type": "LineString", "coordinates": [[121.2677932, 24.9326128], [121.2678455, 24.9324025]]}}, {"type": "Feature", "properties": {"county": "桃園市", "district": "大溪區", "highway": "residential", "name": "竹興街"}, "geometry": {"type": "LineString", "coordinates": [[121.2702599, 24.9327997], [121.2703373, 24.9333535], [121.2704808, 24.9342546]]}}, {"type": "Feature", "properties": {"county": "桃園市", "district": "大溪區", "highway": "residential", "name": "長興路677巷"}, "geometry": {"type": "LineString", "coordinates": [[121.267761, 24.9330671], [121.267745, 24.9328524], [121.2677838, 24.9326578], [121.2677932, 24.9326128]]}}, {"type": "Feature", "properties": {"county": "桃園市", "district": "大溪區", "highway": "residential", "name": null}, "geometry": {"type": "LineString", "coordinates": [[121.3551505, 24.9195111], [121.355191, 24.9193955], [121.3552397, 24.9193212], [121.3553182, 24.9192617], [121.3553944, 24.9190587], [121.3553725, 24.9189248], [121.3553352, 24.918807], [121.3553772, 24.9187374], [121.3554914, 24.9186075], [121.355605, 24.9185102], [121.3555983, 24.9184076], [121.3555377, 24.9182874]]}}, {"type": "Feature", "properties": {"county": "桃園市", "district": "大溪區", "highway": "residential", "name": null}, "geometry": {"type": "LineString", "coordinates": [[121.3561485, 24.9199022], [121.3562253, 24.919804], [121.3563675, 24.9196823], [121.356491, 24.9195622], [121.3565424, 24.9194449]]}}, {"type": "Feature", "properties": {"county": "桃園市", "district": "大溪區", "highway": "residential", "name": null}, "geometry": {"type": "LineString", "coordinates": [[121.3581978, 24.9087271], [121.3581693, 24.909049], [121.3580406, 24.9091828], [121.357773, 24.9093835], [121.3575198, 24.9097797], [121.3574649, 24.9098952], [121.3574525, 24.9099607]]}}, {"type": "Feature", "properties": {"county": "桃園市", "district": "大溪區", "highway": "residential", "name": null}, "geometry": {"type": "LineString", "coordinates": [[121.2714889, 24.9217098], [121.2714129, 24.9217321], [121.2713619, 24.9217747], [121.2712922, 24.9217942], [121.2712224, 24.921799], [121.2711634, 24.9217783], [121.2711205, 24.9217443], [121.2711044, 24.9216421], [121.2710615, 24.9215302], [121.2709891, 24.9214889], [121.2707866, 24.9214682], [121.2706753, 24.9214329], [121.2704768, 24.9213928]]}}, {"type": "Feature", "properties": {"county": "桃園市", "district": "大溪區", "highway": "residential", "name": "埔頂路一段357巷827弄"}, "geometry": {"type": "LineString", "coordinates": [[121.2713619, 24.9217747], [121.2713753, 24.9218513], [121.2713686, 24.9221943], [121.2713472, 24.922305], [121.2712426, 24.9224704], [121.2711849, 24.9225811], [121.271146, 24.9226856], [121.2711071, 24.9228693], [121.2710964, 24.9230323], [121.2711326, 24.9231673], [121.2711795, 24.9236465], [121.2711205, 24.9237559], [121.2710427, 24.92388], [121.2709757, 24.9240405]]}}, {"type": "Feature", "properties": {"county": "桃園市", "district": "大溪區", "highway": "residential", "name": null}, "geometry": {"type": "LineString", "coordinates": [[121.2689115, 24.9183574], [121.2689573, 24.9184519], [121.2690108, 24.9185098], [121.2690753, 24.9185796], [121.269196, 24.9186964], [121.2692389, 24.918745], [121.2692591, 24.9188144], [121.2692403, 24.9189323], [121.2692296, 24.9189956], [121.2691692, 24.9194772], [121.2691464, 24.919594], [121.2690364, 24.9198129], [121.2690297, 24.9198762], [121.2690525, 24.9199212], [121.2691343, 24.9200403], [121.2692309, 24.9202191], [121.2692363, 24.9203183]]}}, {"type": "Feature", "properties": {"county": "桃園市", "district": "大溪區", "highway": "residential", "name": null}, "geometry": {"type": "LineString", "coordinates": [[121.2688768, 24.9168646], [121.269306, 24.9167589], [121.2697217, 24.9166433], [121.2698465, 24.9165825], [121.2699363, 24.9165327], [121.2699994, 24.9165424], [121.2700436, 24.9165959], [121.2701033, 24.9166151], [121.2701623, 24.9166029], [121.2705894, 24.9165035], [121.2706753, 24.916501], [121.2707477, 24.9165108], [121.2707785, 24.9165691], [121.270804, 24.9166397], [121.2708711, 24.9167333], [121.2709877, 24.916861]]}}, {"type": "Feature", "properties": {"county": "桃園市", "district": "大溪區", "highway": "residential", "name": null}, "geometry": {"type": "LineString", "coordinates": [[121.2703408, 24.9192038], [121.2698277, 24.9193787], [121.2697258, 24.9194043], [121.26953, 24.9194188]]}}, {"type": "Feature", "properties": {"county": "桃園市", "district": "大溪區", "highway": "residential", "name": null}, "geometry": {"type": "LineString", "coordinates": [[121.2697307, 24.9180513], [121.2693999, 24.9181381], [121.269194, 24.9182193], [121.2689915, 24.9183178], [121.2689115, 24.9183574], [121.2688862, 24.9183644], [121.2686167, 24.9183753], [121.2686033, 24.9183412], [121.2686073, 24.918261], [121.2686113, 24.9181187]]}}, {"type": "Feature", "properties": {"county": "桃園市", "district": "大溪區", "highway": "residential", "name": null}, "geometry": {"type": "LineString", "coordinates": [[121.2920744, 24.9307407], [121.2927056, 24.9308914]]}}, {"type": "Feature", "properties": {"county": "桃園市", "district": "大溪區", "highway": "residential", "name": null}, "geometry": {"type": "LineString", "coordinates": [[121.2916225, 24.9319533], [121.2920744, 24.9307407]]}}, {"type": "Feature", "properties": {"county": "桃園市", "district": "大溪區", "highway": "residential", "name": "民權街"}, "geometry": {"type": "LineString", "coordinates": [[121.2943473, 24.9307236], [121.2942849, 24.9314761], [121.2958173, 24.9317467], [121.2974055, 24.9320727]]}}, {"type": "Feature", "properties": {"county": "桃園市", "district": "大溪區", "highway": "unclassified", "name": null}, "geometry": {"type": "LineString", "coordinates": [[121.3488062, 24.9153991], [121.3486971, 24.9154825], [121.3485389, 24.9154965], [121.3482887, 24.9155439], [121.3481975, 24.9155658], [121.348109, 24.9156072], [121.3480152, 24.9156412], [121.3479561, 24.9157215], [121.3479025, 24.9158334], [121.3478301, 24.9158966], [121.3477201, 24.915952], [121.3475873, 24.916042], [121.3474412, 24.9161636], [121.3473768, 24.9162141], [121.3472882, 24.9162615], [121.3472145, 24.9162628], [121.3470415, 24.9162372], [121.3469952, 24.9161794], [121.3469416, 24.9161356], [121.3468028, 24.9161083], [121.3467331, 24.9160737], [121.3466505, 24.9159763], [121.3464993, 24.9159525], [121.3463709, 24.915924], [121.3463531, 24.9159458], [121.3463666, 24.9160681], [121.3463481, 24.9162207], [121.3463337, 24.9162882], [121.3463036, 24.9163278], [121.3461862, 24.9165582], [121.3461366, 24.916627], [121.3459937, 24.9166951], [121.3457872, 24.9167613], [121.3456249, 24.9168666]]}}, {"type": "Feature", "properties": {"county": "桃園市", "district": "大溪區", "highway": "residential", "name": "二甲路"}, "geometry": {"type": "LineString", "coordinates": [[121.3395078, 24.9389149], [121.3400077, 24.9381742], [121.3400557, 24.9380723], [121.3402723, 24.9374887], [121.3406235, 24.9368203], [121.3405816, 24.9367508], [121.3405567, 24.936705]]}}, {"type": "Feature", "properties": {"county": "桃園市", "district": "大溪區", "highway": "residential", "name": "儲蓄路159巷"}, "geometry": {"type": "LineString", "coordinates": [[121.2719669, 24.9067926], [121.2728928, 24.9065358]]}}, {"type": "Feature", "properties": {"county": "桃園市", "district": "大溪區", "highway": "residential", "name": "介壽路861巷"}, "geometry": {"type": "LineString", "coordinates": [[121.2859784, 24.9070412], [121.2862461, 24.9068721], [121.2863228, 24.9068236], [121.2864946, 24.9067257]]}}, {"type": "Feature", "properties": {"county": "桃園市", "district": "大溪區", "highway": "residential", "name": "介壽路1259巷"}, "geometry": {"type": "LineString", "coordinates": [[121.284973, 24.8978834], [121.285113, 24.8979465], [121.2852992, 24.8980185], [121.2853714, 24.898058], [121.285466, 24.898165], [121.2855544, 24.8982991]]}}, {"type": "Feature", "properties": {"county": "桃園市", "district": "大溪區", "highway": "residential", "name": "介壽路891巷2弄"}, "geometry": {"type": "LineString", "coordinates": [[121.2867752, 24.9061427], [121.28667, 24.9059074], [121.2865278, 24.9058419], [121.2864098, 24.9056083], [121.2861795, 24.9056869], [121.2859118, 24.9057782], [121.2857178, 24.9058443]]}}, {"type": "Feature", "properties": {"county": "桃園市", "district": "大溪區", "highway": "residential", "name": "介壽路1259巷17弄"}, "geometry": {"type": "LineString", "coordinates": [[121.2853319, 24.8986796], [121.2855544, 24.8982991]]}}, {"type": "Feature", "properties": {"county": "桃園市", "district": "大溪區", "highway": "residential", "name": "介壽路891巷2弄"}, "geometry": {"type": "LineString", "coordinates": [[121.2865278, 24.9058419], [121.2858032, 24.9061011]]}}, {"type": "Feature", "properties": {"county": "桃園市", "district": "大溪區", "highway": "residential", "name": "介壽路1259巷7弄"}, "geometry": {"type": "LineString", "coordinates": [[121.2850368, 24.8984971], [121.2852992, 24.8980185]]}}, {"type": "Feature", "properties": {"county": "桃園市", "district": "大溪區", "highway": "residential", "name": "介壽路891巷"}, "geometry": {"type": "LineString", "coordinates": [[121.2867752, 24.9061427], [121.2866646, 24.9060924], [121.2858862, 24.9063507], [121.2856002, 24.9064457]]}}, {"type": "Feature", "properties": {"county": "桃園市", "district": "大溪區", "highway": "residential", "name": null}, "geometry": {"type": "LineString", "coordinates": [[121.2857178, 24.9058443], [121.2858032, 24.9061011], [121.2858862, 24.9063507]]}}, {"type": "Feature", "properties": {"county": "桃園市", "district": "大溪區", "highway": "residential", "name": "自強街"}, "geometry": {"type": "LineString", "coordinates": [[121.2838285, 24.9005279], [121.2841491, 24.900703], [121.2843772, 24.9008355], [121.2846127, 24.9009683], [121.2848259, 24.9010841], [121.2849488, 24.9011566], [121.2855486, 24.9013992], [121.2857889, 24.9014944], [121.2859058, 24.9015428], [121.2863709, 24.9017353]]}}, {"type": "Feature", "properties": {"county": "桃園市", "district": "大溪區", "highway": "residential", "name": "埔頂二街"}, "geometry": {"type": "LineString", "coordinates": [[121.2797981, 24.901395], [121.2801044, 24.9018368], [121.2802873, 24.9020515]]}}, {"type": "Feature", "properties": {"county": "桃園市", "district": "大溪區", "highway": "residential", "name": "埔頂五街"}, "geometry": {"type": "LineString", "coordinates": [[121.2758963, 24.9031149], [121.2764755, 24.9037597], [121.2771113, 24.9044676]]}}, {"type": "Feature", "properties": {"county": "桃園市", "district": "大溪區", "highway": "residential", "name": "埔頂六街"}, "geometry": {"type": "LineString", "coordinates": [[121.2777288, 24.9052551], [121.2784375, 24.9059929]]}}, {"type": "Feature", "properties": {"county": "桃園市", "district": "大溪區", "highway": "residential", "name": "埔頂六街"}, "geometry": {"type": "LineString", "coordinates": [[121.2790795, 24.9042015], [121.2781775, 24.9049027], [121.2777288, 24.9052551]]}}, {"type": "Feature", "properties": {"county": "桃園市", "district": "大溪區", "highway": "residential", "name": "埔頂六街"}, "geometry": {"type": "LineString", "coordinates": [[121.2804313, 24.9054718], [121.2804313, 24.9054423], [121.2795308, 24.9045894], [121.2790795, 24.9042015]]}}, {"type": "Feature", "properties": {"county": "桃園市", "district": "大溪區", "highway": "residential", "name": "員林路一段7巷37弄"}, "geometry": {"type": "LineString", "coordinates": [[121.2831335, 24.897302], [121.2837342, 24.8972524]]}}, {"type": "Feature", "properties": {"county": "桃園市", "district": "大溪區", "highway": "residential", "name": "長興街二段28巷"}, "geometry": {"type": "LineString", "coordinates": [[121.2840845, 24.9039538], [121.2831043, 24.9043067]]}}, {"type": "Feature", "properties": {"county": "桃園市", "district": "大溪區", "highway": "residential", "name": null}, "geometry": {"type": "LineString", "coordinates": [[121.2822227, 24.9015637], [121.2816848, 24.9017012], [121.2816325, 24.9017382]]}}, {"type": "Feature", "properties": {"county": "桃園市", "district": "大溪區", "highway": "residential", "name": "公園三街51巷33弄"}, "geometry": {"type": "LineString", "coordinates": [[121.2817139, 24.9040785], [121.2818959, 24.9047643]]}}, {"type": "Feature", "properties": {"county": "桃園市", "district": "大溪區", "highway": "residential", "name": "公園三街51巷"}, "geometry": {"type": "LineString", "coordinates": [[121.2822492, 24.9039486], [121.2817139, 24.9040785], [121.2808772, 24.9042816]]}}, {"type": "Feature", "properties": {"county": "桃園市", "district": "大溪區", "highway": "residential", "name": "員林路一段503巷"}, "geometry": {"type": "LineString", "coordinates": [[121.273359, 24.8907942], [121.2729999, 24.8910562], [121.2727509, 24.8913451]]}}, {"type": "Feature", "properties": {"county": "桃園市", "district": "大溪區", "highway": "residential", "name": "儲蓄路178巷"}, "geometry": {"type": "LineString", "coordinates": [[121.2735815, 24.906003], [121.2727911, 24.9062397]]}}, {"type": "Feature", "properties": {"county": "桃園市", "district": "大溪區", "highway": "residential", "name": "員林路一段3巷85弄"}, "geometry": {"type": "LineString", "coordinates": [[121.2836424, 24.8964778], [121.2842351, 24.8966427], [121.2847478, 24.8967685]]}}, {"type": "Feature", "properties": {"county": "桃園市", "district": "大溪區", "highway": "residential", "name": "瑞安路一段3巷"}, "geometry": {"type": "LineString", "coordinates": [[121.2808427, 24.8895414], [121.2800401, 24.8903711], [121.2799449, 24.8904659], [121.2794333, 24.8909979], [121.2788764, 24.8915837], [121.2787899, 24.8916603]]}}, {"type": "Feature", "properties": {"county": "桃園市", "district": "大溪區", "highway": "residential", "name": "隆德街175巷"}, "geometry": {"type": "LineString", "coordinates": [[121.2731302, 24.8978384], [121.2734902, 24.898333]]}}, {"type": "Feature", "properties": {"county": "桃園市", "district": "大溪區", "highway": "residential", "name": "慈光一街137巷"}, "geometry": {"type": "LineString", "coordinates": [[121.2809197, 24.9010687], [121.2811771, 24.9012171], [121.2812925, 24.9013728], [121.2813595, 24.9015309], [121.2814023, 24.9017426]]}}, {"type": "Feature", "properties": {"county": "桃園市", "district": "大溪區", "highway": "residential", "name": "仁一街"}, "geometry": {"type": "LineString", "coordinates": [[121.2784499, 24.8965231], [121.2790002, 24.8961205], [121.2793203, 24.8958863], [121.2793729, 24.8958515], [121.2797636, 24.8955928]]}}, {"type": "Feature", "properties": {"county": "桃園市", "district": "大溪區", "highway": "residential", "name": null}, "geometry": {"type": "LineString", "coordinates": [[121.2817709, 24.9000772], [121.2809197, 24.9010687], [121.280402, 24.9016599], [121.2802786, 24.901745], [121.2801874, 24.9017961], [121.2801044, 24.9018368]]}}, {"type": "Feature", "properties": {"county": "桃園市", "district": "大溪區", "highway": "unclassified", "name": "大鶯路60巷"}, "geometry": {"type": "LineString", "coordinates": [[121.2800517, 24.8935217], [121.280114, 24.8931914], [121.2802295, 24.8926852], [121.2805034, 24.8913382], [121.2805785, 24.8909793], [121.28072, 24.8902269], [121.2808105, 24.8897378], [121.2808427, 24.8895414]]}}, {"type": "Feature", "properties": {"county": "桃園市", "district": "大溪區", "highway": "residential", "name": "仁和八街108巷"}, "geometry": {"type": "LineString", "coordinates": [[121.2745678, 24.8936835], [121.2742425, 24.8938362], [121.2741469, 24.893881], [121.2739246, 24.8939854]]}}, {"type": "Feature", "properties": {"county": "桃園市", "district": "大溪區", "highway": "residential", "name": null}, "geometry": {"type": "LineString", "coordinates": [[121.2740715, 24.8932441], [121.2735281, 24.8934824]]}}, {"type": "Feature", "properties": {"county": "桃園市", "district": "大溪區", "highway": "residential", "name": "仁和六街70巷"}, "geometry": {"type": "LineString", "coordinates": [[121.2756527, 24.8956992], [121.2750828, 24.8956338]]}}, {"type": "Feature", "properties": {"county": "桃園市", "district": "大溪區", "highway": "residential", "name": "埔頂路一段245巷230弄"}, "geometry": {"type": "LineString", "coordinates": [[121.2722058, 24.896912], [121.2718759, 24.8969957], [121.2716612, 24.8970561], [121.2714573, 24.8971135]]}}, {"type": "Feature", "properties": {"county": "桃園市", "district": "大溪區", "highway": "residential", "name": "埔頂路一段245巷230弄"}, "geometry": {"type": "LineString", "coordinates": [[121.2713637, 24.896812], [121.2714573, 24.8971135], [121.2715209, 24.8973275]]}}, {"type": "Feature", "properties": {"county": "桃園市", "district": "大溪區", "highway": "residential", "name": "仁和路一段37巷"}, "geometry": {"type": "LineString", "coordinates": [[121.277857, 24.8977606], [121.2783285, 24.897899]]}}, {"type": "Feature", "properties": {"county": "桃園市", "district": "大溪區", "highway": "residential", "name": "山下街"}, "geometry": {"type": "LineString", "coordinates": [[121.2638437, 24.9336011], [121.2639334, 24.9338896], [121.2640026, 24.9341121], [121.2641285, 24.9344901], [121.2641463, 24.9345456], [121.264194, 24.9347321]]}}, {"type": "Feature", "properties": {"county": "桃園市", "district": "大溪區", "highway": "residential", "name": "平東路492巷"}, "geometry": {"type": "LineString", "coordinates": [[121.244659, 24.9130959], [121.2445433, 24.9133012], [121.2444338, 24.9134919], [121.244031, 24.914155], [121.2436824, 24.9147486], [121.243602, 24.9148451], [121.2434061, 24.9150782], [121.2433524, 24.915122], [121.2432787, 24.9152984], [121.2430909, 24.9156742], [121.2424779, 24.9162633], [121.2423277, 24.9164165], [121.2422311, 24.9165941], [121.2420756, 24.9165236], [121.2417805, 24.9171852], [121.241405, 24.9171098], [121.2411314, 24.9176742], [121.2410188, 24.917932], [121.2401605, 24.9176547]]}}, {"type": "Feature", "properties": {"county": "桃園市", "district": "大溪區", "highway": "residential", "name": "平東路492巷1弄"}, "geometry": {"type": "LineString", "coordinates": [[121.2436657, 24.9132912], [121.2441457, 24.9133924], [121.2443435, 24.913452], [121.2444338, 24.9134919]]}}, {"type": "Feature", "properties": {"county": "桃園市", "district": "大溪區", "highway": "residential", "name": "平東路492巷74弄"}, "geometry": {"type": "LineString", "coordinates": [[121.244483, 24.9154395], [121.2444213, 24.9153495], [121.2442309, 24.9153008], [121.2440458, 24.9151792], [121.243602, 24.9148451]]}}, {"type": "Feature", "properties": {"county": "桃園市", "district": "大溪區", "highway": "residential", "name": "平東路573巷3弄"}, "geometry": {"type": "LineString", "coordinates": [[121.2423813, 24.9124264], [121.2427868, 24.9125297], [121.2429149, 24.9125623], [121.2429578, 24.9125501], [121.24299, 24.912521], [121.2434138, 24.9113192], [121.2432289, 24.9112229], [121.2428443, 24.9111277]]}}, {"type": "Feature", "properties": {"county": "桃園市", "district": "大溪區", "highway": "residential", "name": "平東路526巷"}, "geometry": {"type": "LineString", "coordinates": [[121.2427985, 24.9143084], [121.2429676, 24.9142791], [121.2432223, 24.9141769], [121.2433564, 24.9139337], [121.2436657, 24.9132912], [121.2438163, 24.912926]]}}, {"type": "Feature", "properties": {"county": "桃園市", "district": "大溪區", "highway": "residential", "name": null}, "geometry": {"type": "LineString", "coordinates": [[121.3333246, 24.8890122], [121.3331669, 24.8887839], [121.3331025, 24.888492], [121.3330999, 24.8882535], [121.3331857, 24.8875698], [121.3332447, 24.8870248], [121.333352, 24.8868618], [121.3334781, 24.8868082], [121.3336819, 24.8867474], [121.3339233, 24.8866915], [121.33428, 24.8865552], [121.3356485, 24.8862994]]}}, {"type": "Feature", "properties": {"county": "桃園市", "district": "大溪區", "highway": "residential", "name": null}, "geometry": {"type": "LineString", "coordinates": [[121.3475395, 24.8935162], [121.3476039, 24.8932121], [121.3477018, 24.892953], [121.3477394, 24.8927948], [121.3477756, 24.8925722], [121.3478064, 24.8923374], [121.3478507, 24.8916477], [121.3478373, 24.8915309], [121.3477407, 24.8915212], [121.347443, 24.8915139], [121.3472633, 24.8914457], [121.3470246, 24.8910759]]}}, {"type": "Feature", "properties": {"county": "桃園市", "district": "大溪區", "highway": "residential", "name": null}, "geometry": {"type": "LineString", "coordinates": [[121.3373109, 24.8981595], [121.337142, 24.8980574], [121.3370883, 24.8980367], [121.3369891, 24.8980111], [121.3367664, 24.8980014], [121.3362246, 24.8980282], [121.3360932, 24.8980768], [121.3359671, 24.8981158], [121.3358518, 24.8981085], [121.3357861, 24.8980999]]}}, {"type": "Feature", "properties": {"county": "桃園市", "district": "大溪區", "highway": "residential", "name": null}, "geometry": {"type": "LineString", "coordinates": [[121.3357861, 24.8980999], [121.3357673, 24.8980063], [121.3357378, 24.8978834], [121.335703, 24.8976], [121.3357231, 24.8974649], [121.3357807, 24.8973725], [121.3358478, 24.8973226], [121.3360087, 24.8972204], [121.3361562, 24.8971487], [121.3362971, 24.8971377], [121.3364486, 24.897201], [121.3366618, 24.8973068], [121.3368348, 24.8974576], [121.3370454, 24.8976353], [121.3371218, 24.8978031], [121.3371192, 24.8979017], [121.3370883, 24.8980367]]}}, {"type": "Feature", "properties": {"county": "桃園市", "district": "大溪區", "highway": "residential", "name": null}, "geometry": {"type": "LineString", "coordinates": [[121.3357861, 24.8980999], [121.3356252, 24.8981364], [121.3355984, 24.898123], [121.3354602, 24.8981681], [121.335302, 24.898235], [121.3349439, 24.8984746], [121.3348688, 24.8985403], [121.3348607, 24.8986072], [121.334901, 24.8986911], [121.3349506, 24.8988164], [121.3349533, 24.8989369], [121.3349291, 24.8989794], [121.3348674, 24.8990111], [121.3347427, 24.8990524], [121.3346421, 24.8991169], [121.3345965, 24.8991875], [121.3345429, 24.8993359], [121.3344812, 24.8994417], [121.3343377, 24.8995427], [121.3342371, 24.8995852], [121.3341942, 24.8995913], [121.3341111, 24.8995731], [121.3340319, 24.8995402], [121.3337503, 24.8994161]]}}, {"type": "Feature", "properties": {"county": "桃園市", "district": "大溪區", "highway": "residential", "name": "和一路"}, "geometry": {"type": "LineString", "coordinates": [[121.2910985, 24.884137], [121.2908986, 24.8838574], [121.2908703, 24.8838179], [121.2906843, 24.8835648]]}}, {"type": "Feature", "properties": {"county": "桃園市", "district": "大溪區", "highway": "unclassified", "name": null}, "geometry": {"type": "LineString", "coordinates": [[121.2519447, 24.8873227], [121.2520425, 24.8873467]]}}, {"type": "Feature", "properties": {"county": "桃園市", "district": "大溪區", "highway": "unclassified", "name": "員東路"}, "geometry": {"type": "LineString", "coordinates": [[121.2520425, 24.8873467], [121.2520786, 24.8873493], [121.2521466, 24.8873512], [121.2522171, 24.8873564], [121.2522935, 24.8873686], [121.2523834, 24.8873771], [121.2524437, 24.8873856], [121.2525363, 24.8874172], [121.2526704, 24.8874586], [121.252787, 24.8874878], [121.2530123, 24.887517], [121.2532441, 24.8875345], [121.2533429, 24.8875407], [121.2534764, 24.8875413], [121.2536923, 24.8875419], [121.2539538, 24.887514], [121.2540812, 24.8874994], [121.2542535, 24.8874689], [121.2543669, 24.8874203], [121.2545358, 24.8873497], [121.2546509, 24.8872761], [121.2548725, 24.8872183], [121.254973, 24.8871983], [121.2550544, 24.8871839], [121.2551843, 24.8871441], [121.255313, 24.8870815], [121.255609, 24.886933], [121.2560627, 24.8866624], [121.2562807, 24.8865394], [121.2565232, 24.8864025], [121.2568746, 24.88622], [121.257185, 24.886036], [121.2573574, 24.885984], [121.2583846, 24.8858405], [121.259363, 24.8856539], [121.2597535, 24.8855283], [121.2604035, 24.8854592], [121.2605045, 24.8854271]]}}, {"type": "Feature", "properties": {"county": "桃園市", "district": "大溪區", "highway": "residential", "name": "埔頂路一段357巷771弄"}, "geometry": {"type": "LineString", "coordinates": [[121.2656933, 24.920626], [121.2657385, 24.9206076], [121.265938, 24.9205077], [121.2660814, 24.9204307], [121.2663841, 24.9203986], [121.2665286, 24.9203997], [121.2669784, 24.920379], [121.2681063, 24.920356], [121.2692363, 24.9203183], [121.2696057, 24.920306], [121.2699598, 24.9202971], [121.2709142, 24.920273], [121.2716683, 24.9202665], [121.2718387, 24.920263]]}}, {"type": "Feature", "properties": {"county": "桃園市", "district": "大溪區", "highway": "residential", "name": null}, "geometry": {"type": "LineString", "coordinates": [[121.2718387, 24.920263], [121.2719902, 24.9202599]]}}, {"type": "Feature", "properties": {"county": "桃園市", "district": "大溪區", "highway": "residential", "name": "石園路476巷"}, "geometry": {"type": "LineString", "coordinates": [[121.2589507, 24.8697245], [121.2588534, 24.869903], [121.2588466, 24.8700028], [121.2590612, 24.8704858], [121.2592332, 24.870864], [121.2594126, 24.8712585]]}}, {"type": "Feature", "properties": {"county": "桃園市", "district": "大溪區", "highway": "residential", "name": "康莊路三段413巷"}, "geometry": {"type": "LineString", "coordinates": [[121.2768382, 24.8514042], [121.2769935, 24.8512904], [121.2771973, 24.8511627], [121.2773582, 24.851069], [121.2777968, 24.8507672], [121.2781267, 24.8505505], [121.2783458, 24.8503716], [121.2786135, 24.8502135], [121.2788616, 24.8499944], [121.2790132, 24.849818], [121.2790239, 24.8497921], [121.2790319, 24.8497729], [121.2790172, 24.8497109], [121.2789716, 24.8496135], [121.2789635, 24.8495405], [121.2789568, 24.8494492], [121.2788167, 24.8492862], [121.278763, 24.8490769], [121.278645, 24.848892], [121.2786558, 24.8488482], [121.2793209, 24.8484734], [121.2799431, 24.8481912], [121.2804795, 24.847831], [121.2806833, 24.8476509]]}}, {"type": "Feature", "properties": {"county": "桃園市", "district": "大溪區", "highway": "residential", "name": "康莊路三段257巷"}, "geometry": {"type": "LineString", "coordinates": [[121.2790239, 24.8497921], [121.279264, 24.8499561], [121.2795858, 24.8501654], [121.279956, 24.8503796], [121.2801679, 24.8506108], [121.2803127, 24.8507848], [121.2803192, 24.8508604], [121.2802955, 24.8509597], [121.2803033, 24.8510513], [121.2805769, 24.8516208], [121.2806554, 24.8518023], [121.2807284, 24.8519713], [121.2807874, 24.8522561], [121.2807648, 24.8524826], [121.2807547, 24.8525475], [121.2807499, 24.8525907], [121.2807472, 24.8527087], [121.2807861, 24.8529132], [121.280935, 24.8531712], [121.2810356, 24.8533476], [121.2810919, 24.853479], [121.2810932, 24.853591], [121.2810732, 24.853642]]}}, {"type": "Feature", "properties": {"county": "桃園市", "district": "大溪區", "highway": "residential", "name": "康莊路三段335巷"}, "geometry": {"type": "LineString", "coordinates": [[121.2792342, 24.8529599], [121.2795721, 24.852862], [121.2800119, 24.8527294], [121.2804518, 24.8525894], [121.2805848, 24.8525427], [121.2806809, 24.8525139], [121.2807648, 24.8524826]]}}, {"type": "Feature", "properties": {"county": "桃園市", "district": "大溪區", "highway": "residential", "name": "安和路29巷"}, "geometry": {"type": "LineString", "coordinates": [[121.281447, 24.856609], [121.2815338, 24.856758], [121.2817215, 24.857033], [121.2819066, 24.8572095], [121.2820474, 24.8573604], [121.2821172, 24.8574468], [121.2821587, 24.8575076], [121.2821748, 24.8577157], [121.2821574, 24.8579518], [121.2821515, 24.8580079], [121.2821306, 24.8582085], [121.2822176, 24.8584508]]}}, {"type": "Feature", "properties": {"county": "桃園市", "district": "大溪區", "highway": "residential", "name": "內柵路一段36巷"}, "geometry": {"type": "LineString", "coordinates": [[121.2805514, 24.8600831], [121.2808786, 24.8600174], [121.2810154, 24.8600125], [121.2812966, 24.8599055], [121.2813977, 24.8598671], [121.2816309, 24.8597489]]}}, {"type": "Feature", "properties": {"county": "桃園市", "district": "大溪區", "highway": "residential", "name": "永昌路24巷9弄"}, "geometry": {"type": "LineString", "coordinates": [[121.2469742, 24.8341804], [121.2475981, 24.8336815]]}}, {"type": "Feature", "properties": {"county": "桃園市", "district": "大溪區", "highway": "residential", "name": null}, "geometry": {"type": "LineString", "coordinates": [[121.2475981, 24.8336815], [121.2481973, 24.8339646], [121.2482445, 24.833987], [121.2485959, 24.8342328]]}}, {"type": "Feature", "properties": {"county": "桃園市", "district": "大溪區", "highway": "residential", "name": null}, "geometry": {"type": "LineString", "coordinates": [[121.2457368, 24.8338904], [121.2461108, 24.8343113], [121.2463695, 24.834586], [121.2464649, 24.834803], [121.2465842, 24.8351807]]}}, {"type": "Feature", "properties": {"county": "桃園市", "district": "大溪區", "highway": "residential", "name": "永昌路"}, "geometry": {"type": "LineString", "coordinates": [[121.2459597, 24.8355134], [121.2460332, 24.8355099], [121.2462871, 24.8354783], [121.2465842, 24.8351807], [121.2473693, 24.8346554], [121.2481305, 24.8340095], [121.2481973, 24.8339646]]}}, {"type": "Feature", "properties": {"county": "桃園市", "district": "大溪區", "highway": "residential", "name": null}, "geometry": {"type": "LineString", "coordinates": [[121.2485959, 24.8342328], [121.2484014, 24.834447], [121.2482284, 24.8346052], [121.2478516, 24.8348547], [121.2477108, 24.8349071], [121.2476035, 24.8349302], [121.247589, 24.8349333]]}}, {"type": "Feature", "properties": {"county": "桃園市", "district": "大溪區", "highway": "residential", "name": null}, "geometry": {"type": "LineString", "coordinates": [[121.3004431, 24.8733163], [121.3006631, 24.8732871], [121.3007392, 24.8735906], [121.3008578, 24.8737832], [121.300902, 24.8738266], [121.3009604, 24.873833], [121.3010152, 24.8738218], [121.3012152, 24.8737415]]}}, {"type": "Feature", "properties": {"county": "桃園市", "district": "大溪區", "highway": "unclassified", "name": "美山路二段1巷222弄"}, "geometry": {"type": "LineString", "coordinates": [[121.3051101, 24.8695516], [121.304982, 24.8694319], [121.3048177, 24.8693595], [121.3046695, 24.8692652], [121.3045528, 24.8691478], [121.304514, 24.8690365], [121.3044985, 24.868888], [121.3044871, 24.8687998], [121.3044664, 24.8687268], [121.3043591, 24.8685662], [121.3043242, 24.8684956], [121.3043101, 24.8684543], [121.3043738, 24.8684639], [121.30464, 24.868568], [121.3047695, 24.8685789], [121.3050725, 24.8685954], [121.3052469, 24.8686003], [121.3053327, 24.8685686], [121.305381, 24.8685175], [121.3054245, 24.8684907], [121.3058168, 24.8683885], [121.3059263, 24.8683536]]}}, {"type": "Feature", "properties": {"county": "桃園市", "district": "大溪區", "highway": "residential", "name": "順和路537巷"}, "geometry": {"type": "LineString", "coordinates": [[121.3088223, 24.8667642], [121.3089378, 24.8668478], [121.3089858, 24.8668898], [121.3090056, 24.8669736], [121.3090442, 24.8672473], [121.309076, 24.8673272], [121.3091997, 24.8675047], [121.3092546, 24.8675802], [121.3092756, 24.8677255], [121.3093229, 24.8677954], [121.3093864, 24.867812], [121.3094708, 24.867801], [121.3095848, 24.8677759], [121.3096721, 24.8677823], [121.3098046, 24.8678193], [121.3100846, 24.8680039], [121.3105385, 24.868397], [121.310624, 24.8684401], [121.3108262, 24.8684945], [121.3108678, 24.8685058]]}}, {"type": "Feature", "properties": {"county": "桃園市", "district": "大溪區", "highway": "residential", "name": "順和路501巷"}, "geometry": {"type": "LineString", "coordinates": [[121.307178, 24.86774], [121.3072401, 24.8678006], [121.3072665, 24.8678971], [121.3072898, 24.8681216], [121.3072898, 24.8682678], [121.3073015, 24.8683462], [121.3073809, 24.8685008], [121.3077008, 24.8688356], [121.307998, 24.8690713], [121.3080862, 24.8691351], [121.3083021, 24.8693152], [121.3085449, 24.8694211], [121.3088305, 24.8695196], [121.3089406, 24.869557], [121.3089988, 24.8696628], [121.3091084, 24.8699055]]}}, {"type": "Feature", "properties": {"county": "桃園市", "district": "大溪區", "highway": "residential", "name": "順和路501巷"}, "geometry": {"type": "LineString", "coordinates": [[121.307998, 24.8690713], [121.3080375, 24.8693026], [121.3079415, 24.8694035], [121.3078624, 24.869489], [121.3078358, 24.86953], [121.3078748, 24.8695734], [121.3080162, 24.8696413], [121.3081689, 24.8697496], [121.308255, 24.8698802], [121.3082767, 24.8700153], [121.3082673, 24.8701021], [121.3082027, 24.8701925], [121.3081865, 24.870249], [121.3082189, 24.8703322], [121.3082541, 24.8703407], [121.3086445, 24.8702812], [121.3088561, 24.8703426], [121.3090641, 24.8704402], [121.3092229, 24.8705335], [121.3093, 24.8706373], [121.3093724, 24.8707305], [121.3094518, 24.8707538], [121.3095602, 24.870777], [121.3095802, 24.8707813], [121.3096199, 24.8707961], [121.309823, 24.8709127], [121.3098675, 24.8709388]]}}, {"type": "Feature", "properties": {"county": "桃園市", "district": "大溪區", "highway": "residential", "name": "順和路"}, "geometry": {"type": "LineString", "coordinates": [[121.3065719, 24.8678282], [121.3065438, 24.8677726], [121.3065154, 24.8676398], [121.3064405, 24.867448], [121.3063082, 24.8672385], [121.3062364, 24.8671015], [121.3060628, 24.8670247], [121.3057836, 24.8668412], [121.3056636, 24.8667158], [121.3055884, 24.8665812], [121.3053807, 24.8663005], [121.3051224, 24.8658153], [121.3048851, 24.8655533], [121.3041902, 24.8647638], [121.3039528, 24.8646031], [121.3037603, 24.8644782]]}}, {"type": "Feature", "properties": {"county": "桃園市", "district": "大溪區", "highway": "residential", "name": null}, "geometry": {"type": "LineString", "coordinates": [[121.3062364, 24.8671015], [121.3061374, 24.8668043], [121.305945, 24.8665024], [121.305949, 24.8664197], [121.3061716, 24.8661252], [121.3066544, 24.8655947], [121.3060764, 24.8648233], [121.3063232, 24.8645702], [121.306225, 24.8644673], [121.306012, 24.864126], [121.3057304, 24.8638133], [121.305734, 24.8637465]]}}, {"type": "Feature", "properties": {"county": "桃園市", "district": "大溪區", "highway": "residential", "name": "美和路"}, "geometry": {"type": "LineString", "coordinates": [[121.3041887, 24.8628839], [121.3040533, 24.8627483], [121.3038315, 24.8624263], [121.3035723, 24.8621], [121.3033305, 24.861897], [121.3029345, 24.861452], [121.3026863, 24.8611563], [121.302457, 24.861104], [121.3022398, 24.8610261], [121.3021392, 24.8609361], [121.3017623, 24.8605089], [121.3016242, 24.8602449], [121.3015076, 24.860088], [121.3014566, 24.8599261], [121.3014043, 24.8598835], [121.3013117, 24.8598202], [121.3011897, 24.8597764], [121.3008504, 24.8597131], [121.3006868, 24.8596499], [121.3005366, 24.8595172], [121.3003354, 24.8593043]]}}, {"type": "Feature", "properties": {"county": "桃園市", "district": "大溪區", "highway": "residential", "name": "美和路316巷"}, "geometry": {"type": "LineString", "coordinates": [[121.3057813, 24.8627208], [121.305688, 24.8626946], [121.3054734, 24.8624535], [121.3053824, 24.8623328], [121.3052076, 24.8621855], [121.3051068, 24.8620913], [121.3050214, 24.8619748], [121.3049924, 24.8615932], [121.3050148, 24.8615319], [121.3051356, 24.861392], [121.3051416, 24.861319], [121.3045107, 24.8607366], [121.3044891, 24.860678], [121.3046114, 24.8605619], [121.3046063, 24.8605024], [121.3046047, 24.8604269], [121.3046594, 24.8603733], [121.3047718, 24.8602783]]}}, {"type": "Feature", "properties": {"county": "桃園市", "district": "大溪區", "highway": "residential", "name": "民主街"}, "geometry": {"type": "LineString", "coordinates": [[121.2443783, 24.8846701], [121.2443521, 24.8840612], [121.2443723, 24.8834517], [121.244564, 24.8828337], [121.2446284, 24.8826451], [121.2446123, 24.882532], [121.2445493, 24.8824784], [121.2443696, 24.8824298], [121.2439525, 24.8823264], [121.2436293, 24.8821159], [121.2436009, 24.8820932], [121.2432422, 24.8818699], [121.2431868, 24.8817842], [121.2426799, 24.88165], [121.2426248, 24.8816385], [121.2422201, 24.8815118], [121.2414996, 24.8813302], [121.241085, 24.8812771], [121.2408676, 24.8812191], [121.2406987, 24.8811475], [121.2405678, 24.8811082], [121.239721, 24.8807384], [121.2397181, 24.8807372], [121.2391349, 24.8804912], [121.2388221, 24.8804638]]}}, {"type": "Feature", "properties": {"county": "桃園市", "district": "大溪區", "highway": "residential", "name": "中興路九龍段276巷"}, "geometry": {"type": "LineString", "coordinates": [[121.2444599, 24.8778016], [121.2444589, 24.877869], [121.2444487, 24.8785451], [121.2444487, 24.8796425], [121.2444568, 24.8797414], [121.2444783, 24.8800057], [121.2445131, 24.8804333], [121.2445219, 24.8808326], [121.2445251, 24.881051], [121.2445182, 24.8818167]]}}, {"type": "Feature", "properties": {"county": "桃園市", "district": "大溪區", "highway": "unclassified", "name": "中興路九龍段340巷"}, "geometry": {"type": "LineString", "coordinates": [[121.2429683, 24.8771778], [121.2429673, 24.8772808], [121.2429899, 24.8774201], [121.2431116, 24.8778595], [121.2431425, 24.8782731], [121.2431344, 24.8788568], [121.243127, 24.8791196], [121.2431569, 24.8795346], [121.2432086, 24.8802509], [121.2432508, 24.8806087], [121.2432447, 24.8808897], [121.243246, 24.8811497], [121.24323, 24.881411], [121.2431868, 24.8817842]]}}, {"type": "Feature", "properties": {"county": "桃園市", "district": "大溪區", "highway": "unclassified", "name": "員東路339巷"}, "geometry": {"type": "LineString", "coordinates": [[121.2562807, 24.8865394], [121.2559894, 24.8863198], [121.2558378, 24.886186], [121.2552437, 24.8854974], [121.25506, 24.8852893], [121.2548377, 24.8851177], [121.2547542, 24.8850533], [121.2543559, 24.8846713], [121.2539281, 24.8842297], [121.2536921, 24.8839754], [121.2535794, 24.8839158], [121.253397, 24.883883], [121.2531974, 24.8839037]]}}, {"type": "Feature", "properties": {"county": "桃園市", "district": "大溪區", "highway": "residential", "name": "中興路九龍段50巷"}, "geometry": {"type": "LineString", "coordinates": [[121.2495668, 24.8804699], [121.2495869, 24.8805374], [121.2501837, 24.8825416]]}}, {"type": "Feature", "properties": {"county": "桃園市", "district": "大溪區", "highway": "residential", "name": null}, "geometry": {"type": "LineString", "coordinates": [[121.2506572, 24.8833556], [121.2499987, 24.8836068]]}}, {"type": "Feature", "properties": {"county": "桃園市", "district": "大溪區", "highway": "residential", "name": null}, "geometry": {"type": "LineString", "coordinates": [[121.2501489, 24.883167], [121.2500228, 24.8828738]]}}, {"type": "Feature", "properties": {"county": "桃園市", "district": "大溪區", "highway": "residential", "name": null}, "geometry": {"type": "LineString", "coordinates": [[121.2497178, 24.8833515], [121.2501489, 24.883167], [121.2506413, 24.8830149]]}}, {"type": "Feature", "properties": {"county": "桃園市", "district": "大溪區", "highway": "residential", "name": null}, "geometry": {"type": "LineString", "coordinates": [[121.2506464, 24.882667], [121.2506413, 24.8830149], [121.2506411, 24.8830295], [121.2506572, 24.8833556]]}}, {"type": "Feature", "properties": {"county": "桃園市", "district": "大溪區", "highway": "residential", "name": null}, "geometry": {"type": "LineString", "coordinates": [[121.2500228, 24.8828738], [121.250393, 24.8827339], [121.2505324, 24.8826718], [121.2506464, 24.882667]]}}, {"type": "Feature", "properties": {"county": "桃園市", "district": "大溪區", "highway": "residential", "name": "東龍街120巷"}, "geometry": {"type": "LineString", "coordinates": [[121.2499987, 24.8836068], [121.2499437, 24.8835764], [121.2497178, 24.8833515], [121.249532, 24.8831664], [121.2493053, 24.8829316], [121.2492396, 24.882906], [121.2488661, 24.8829858]]}}, {"type": "Feature", "properties": {"county": "桃園市", "district": "大溪區", "highway": "unclassified", "name": "環湖路二段185巷"}, "geometry": {"type": "LineString", "coordinates": [[121.291027, 24.8164562], [121.2913697, 24.8167199], [121.2915385, 24.8168426], [121.2916776, 24.8168805], [121.2919725, 24.8168618], [121.2920776, 24.8168452], [121.2922881, 24.8167665], [121.2925076, 24.8167055], [121.2926721, 24.8167087], [121.2928633, 24.8168147], [121.2929783, 24.8169303], [121.2931057, 24.8170813], [121.2931799, 24.8171888], [121.2931817, 24.8172739], [121.2931629, 24.8174046], [121.2931694, 24.8175294], [121.2932588, 24.8176232], [121.2933352, 24.8177011], [121.2934348, 24.8177267], [121.2937922, 24.8179001], [121.2939124, 24.8180231], [121.293975, 24.8181496], [121.2939987, 24.8182804], [121.2940634, 24.8184761], [121.2942556, 24.8188018], [121.2943514, 24.8190523], [121.2943886, 24.8191856], [121.2943874, 24.8192585], [121.2943656, 24.81933], [121.2942216, 24.8193963], [121.2941263, 24.8195286], [121.2940726, 24.8195676], [121.2938007, 24.819634], [121.293468, 24.8196854], [121.2931849, 24.8198075], [121.293032, 24.8199372], [121.2930015, 24.8201042], [121.2930331, 24.8203337], [121.2930174, 24.8204367], [121.2929699, 24.8205347]]}}, {"type": "Feature", "properties": {"county": "桃園市", "district": "大溪區", "highway": "residential", "name": null}, "geometry": {"type": "LineString", "coordinates": [[121.2430701, 24.827096], [121.2431804, 24.8271404]]}}, {"type": "Feature", "properties": {"county": "桃園市", "district": "大溪區", "highway": "primary", "name": "中正路三坑段"}, "geometry": {"type": "LineString", "coordinates": [[121.2435995, 24.8288145], [121.2434359, 24.8282274], [121.2432924, 24.8277653]]}}, {"type": "Feature", "properties": {"county": "桃園市", "district": "大溪區", "highway": "primary", "name": "中正路三坑段"}, "geometry": {"type": "LineString", "coordinates": [[121.2432924, 24.8277653], [121.2432009, 24.8276083]]}}, {"type": "Feature", "properties": {"county": "桃園市", "district": "大溪區", "highway": "primary", "name": "中正路三坑段"}, "geometry": {"type": "LineString", "coordinates": [[121.2431804, 24.8271404], [121.2431809, 24.827219], [121.2431986, 24.8273026]]}}, {"type": "Feature", "properties": {"county": "桃園市", "district": "大溪區", "highway": "primary", "name": "中正路三坑段"}, "geometry": {"type": "LineString", "coordinates": [[121.2430701, 24.827096], [121.2431508, 24.8271917], [121.2431986, 24.8273026]]}}, {"type": "Feature", "properties": {"county": "桃園市", "district": "大溪區", "highway": "primary", "name": "中正路三坑段"}, "geometry": {"type": "LineString", "coordinates": [[121.2431986, 24.8273026], [121.2432464, 24.827476], [121.2432711, 24.8276029], [121.2432924, 24.8277653]]}}, {"type": "Feature", "properties": {"county": "桃園市", "district": "大溪區", "highway": "primary", "name": "中正路三坑段"}, "geometry": {"type": "LineString", "coordinates": [[121.2432009, 24.8276083], [121.243111, 24.8274859], [121.2429978, 24.8273808], [121.242865, 24.8272965], [121.2427173, 24.827236], [121.2425598, 24.8272014], [121.242398, 24.8271938]]}}, {"type": "Feature", "properties": {"county": "桃園市", "district": "大溪區", "highway": "primary", "name": "龍源路大平段"}, "geometry": {"type": "LineString", "coordinates": [[121.2428396, 24.8270251], [121.2429915, 24.8269846], [121.2431255, 24.8269174]]}}, {"type": "Feature", "properties": {"county": "桃園市", "district": "大溪區", "highway": "primary", "name": "石門路"}, "geometry": {"type": "LineString", "coordinates": [[121.2432269, 24.8269894], [121.2431933, 24.8270649], [121.2431804, 24.8271404]]}}, {"type": "Feature", "properties": {"county": "桃園市", "district": "大溪區", "highway": "primary", "name": "龍源路大平段"}, "geometry": {"type": "LineString", "coordinates": [[121.2430701, 24.827096], [121.2430836, 24.8270151], [121.2431255, 24.8269174]]}}, {"type": "Feature", "properties": {"county": "桃園市", "district": "大溪區", "highway": "primary", "name": "龍源路大平段"}, "geometry": {"type": "LineString", "coordinates": [[121.2432269, 24.8269894], [121.2431614, 24.827044], [121.2430701, 24.827096]]}}, {"type": "Feature", "properties": {"county": "桃園市", "district": "大溪區", "highway": "primary", "name": "龍源路大平段"}, "geometry": {"type": "LineString", "coordinates": [[121.2431255, 24.8269174], [121.2432039, 24.8268513], [121.2432853, 24.8267902], [121.2433668, 24.8267256], [121.2434593, 24.8266716]]}}, {"type": "Feature", "properties": {"county": "桃園市", "district": "大溪區", "highway": "primary", "name": "龍源路大平段"}, "geometry": {"type": "LineString", "coordinates": [[121.2434593, 24.8266716], [121.2433579, 24.8268384], [121.2432847, 24.8269265], [121.2432604, 24.8269569], [121.2432269, 24.8269894]]}}, {"type": "Feature", "properties": {"county": "桃園市", "district": "大溪區", "highway": "primary", "name": "快速路"}, "geometry": {"type": "LineString", "coordinates": [[121.2527508, 24.8986143], [121.2531471, 24.8985508], [121.2535358, 24.8985106], [121.2548193, 24.8984507], [121.2558132, 24.8983969], [121.2573063, 24.8983303]]}}, {"type": "Feature", "properties": {"county": "桃園市", "district": "大溪區", "highway": "primary", "name": "快速路一段"}, "geometry": {"type": "LineString", "coordinates": [[121.2474008, 24.899267], [121.247145, 24.8992826], [121.2452086, 24.899458], [121.244586, 24.8995144], [121.2441396, 24.8995733], [121.2431622, 24.8997023], [121.2422901, 24.8998611], [121.2417333, 24.8999881], [121.2413041, 24.9000965], [121.2411364, 24.9001388], [121.2402027, 24.9003923], [121.2389443, 24.9008438], [121.2381084, 24.9011983], [121.2361114, 24.9021944]]}}, {"type": "Feature", "properties": {"county": "桃園市", "district": "大溪區", "highway": "primary", "name": "快速路"}, "geometry": {"type": "LineString", "coordinates": [[121.2574368, 24.898327], [121.2577899, 24.8983261], [121.2582527, 24.8983018]]}}, {"type": "Feature", "properties": {"county": "桃園市", "district": "大溪區", "highway": "primary", "name": "快速路"}, "geometry": {"type": "LineString", "coordinates": [[121.2566954, 24.8986403], [121.2535121, 24.8987826], [121.2532897, 24.8988033], [121.2530948, 24.898832], [121.252767, 24.8988812], [121.2524114, 24.898926]]}}, {"type": "Feature", "properties": {"county": "桃園市", "district": "大溪區", "highway": "trunk_link", "name": "大溪系統交流道"}, "geometry": {"type": "LineString", "coordinates": [[121.2571281, 24.898426], [121.2574517, 24.8983549], [121.2577801, 24.8983095], [121.2586072, 24.8982549], [121.259562, 24.8981941], [121.2604954, 24.8981351], [121.2609181, 24.8980878], [121.2611492, 24.8980308], [121.2612972, 24.8979741], [121.2614921, 24.8978848], [121.2616583, 24.8977502], [121.2618047, 24.8975979], [121.2618916, 24.8974497], [121.2619485, 24.8972963], [121.2619896, 24.8971474], [121.2619997, 24.8970266], [121.2620074, 24.8968878], [121.2619903, 24.8966972], [121.2619767, 24.8965642], [121.2619013, 24.8960589], [121.2618941, 24.8958339], [121.2618957, 24.8955366], [121.2619191, 24.895176], [121.2619785, 24.8947646], [121.2620875, 24.8943585], [121.2621661, 24.8941384], [121.2622817, 24.8939028], [121.2624388, 24.8936096], [121.2626123, 24.8933544], [121.2628027, 24.8931259], [121.2629956, 24.8929287], [121.263183, 24.8928126], [121.2633621, 24.8927296], [121.2635297, 24.8926776], [121.2637173, 24.8926461], [121.2639437, 24.8926379], [121.2641732, 24.8926407], [121.2643856, 24.8926801], [121.2646131, 24.8927538], [121.2648613, 24.8928686], [121.2651143, 24.8930461], [121.2653094, 24.893286], [121.2654555, 24.8934968], [121.2655633, 24.8937264]]}}, {"type": "Feature", "properties": {"county": "桃園市", "district": "大溪區", "highway": "primary", "name": "復興路一段"}, "geometry": {"type": "LineString", "coordinates": [[121.2944752, 24.8735231], [121.2944261, 24.8732464], [121.2942155, 24.8727609], [121.2941015, 24.8726465], [121.2939661, 24.8725687], [121.2936013, 24.8723108], [121.2934404, 24.8720905], [121.2933532, 24.8718861], [121.293321, 24.8716817], [121.2933295, 24.8713293], [121.293371, 24.871218], [121.2934448, 24.8711292], [121.2935166, 24.8710318], [121.2935534, 24.8709491], [121.293587, 24.8708244], [121.2934166, 24.8697579], [121.2934059, 24.8695754], [121.2934247, 24.8694501], [121.2934676, 24.8693248], [121.2937573, 24.8687711], [121.2939155, 24.8685266], [121.2939316, 24.8684402], [121.2939276, 24.8683514], [121.2938901, 24.8682346], [121.2937734, 24.8678939], [121.2937331, 24.8674875], [121.2937358, 24.8672064], [121.293874, 24.8666528], [121.2939205, 24.8658773], [121.2939695, 24.865056], [121.2939857, 24.8648065], [121.294152, 24.8643063], [121.2942601, 24.863995], [121.2945147, 24.8633604], [121.2946881, 24.8628446], [121.2952049, 24.8614404], [121.2952101, 24.8612565], [121.2951775, 24.8608186], [121.2951539, 24.8603209], [121.2951346, 24.8601154], [121.295121, 24.8599711], [121.2950485, 24.859002], [121.2950438, 24.8589301], [121.2950089, 24.8583698], [121.2949761, 24.8581793], [121.2948132, 24.8579836], [121.2946964, 24.8578464], [121.2944283, 24.8575312], [121.2941694, 24.8572755], [121.2936956, 24.856856], [121.293354, 24.8565888], [121.2928795, 24.8562488], [121.2928399, 24.8562174], [121.2927883, 24.8561764], [121.292547, 24.8559847], [121.2922968, 24.8557875], [121.2918735, 24.8553658], [121.2914077, 24.8548577], [121.2909356, 24.8543625], [121.2907197, 24.8540656], [121.2905239, 24.8537869], [121.2902999, 24.8533866], [121.2901435, 24.8531358], [121.2900183, 24.8529351]]}}, {"type": "Feature", "properties": {"county": "桃園市", "district": "大溪區", "highway": "unclassified", "name": "興昌路二段210巷"}, "geometry": {"type": "LineString", "coordinates": [[121.2550544, 24.8871839], [121.2549956, 24.8873186], [121.2550761, 24.8877736], [121.2550171, 24.8882091], [121.2550439, 24.8889609], [121.2551404, 24.8894865], [121.25506, 24.8895279], [121.2550611, 24.8896982], [121.2550653, 24.8903478], [121.2551394, 24.8904784], [121.2551592, 24.8905133], [121.2552933, 24.8907687], [121.2553175, 24.8910899], [121.2554328, 24.8916738], [121.2553577, 24.8917541], [121.2553271, 24.8924592], [121.2553443, 24.8927079], [121.2553513, 24.8932073], [121.2553523, 24.8932796], [121.2554489, 24.8934718], [121.2555205, 24.8935557]]}}, {"type": "Feature", "properties": {"county": "桃園市", "district": "大溪區", "highway": "residential", "name": "員林路二段155巷"}, "geometry": {"type": "LineString", "coordinates": [[121.2700382, 24.8888868], [121.2701676, 24.8888728], [121.2704874, 24.8886873], [121.2706403, 24.8886168], [121.2707463, 24.8886046], [121.2711372, 24.8883777], [121.2713283, 24.8882617]]}}, {"type": "Feature", "properties": {"county": "桃園市", "district": "大溪區", "highway": "unclassified", "name": null}, "geometry": {"type": "LineString", "coordinates": [[121.2814245, 24.8850555], [121.2816057, 24.8850132], [121.2816913, 24.8849914], [121.2819835, 24.8849382], [121.2821645, 24.8849152], [121.2823197, 24.8849183], [121.2824129, 24.8849541], [121.282519, 24.885047], [121.2825875, 24.8853375], [121.2827252, 24.8859701], [121.2828535, 24.8869855], [121.2830971, 24.8880503], [121.2830918, 24.8883544], [121.2830088, 24.8885229], [121.2829357, 24.8886062], [121.2828465, 24.8886864], [121.2823113, 24.8890216], [121.2821813, 24.8891458], [121.2821189, 24.8893019], [121.2820906, 24.8894618], [121.2820699, 24.8895788]]}}, {"type": "Feature", "properties": {"county": "桃園市", "district": "大溪區", "highway": "tertiary", "name": null}, "geometry": {"type": "LineString", "coordinates": [[121.2850718, 24.8507845], [121.2850865, 24.8507552]]}}, {"type": "Feature", "properties": {"county": "桃園市", "district": "大溪區", "highway": "tertiary", "name": null}, "geometry": {"type": "LineString", "coordinates": [[121.2850865, 24.8507552], [121.2851724, 24.8506092]]}}, {"type": "Feature", "properties": {"county": "桃園市", "district": "大溪區", "highway": "secondary", "name": "永昌路"}, "geometry": {"type": "LineString", "coordinates": [[121.263973, 24.8920286], [121.2645388, 24.8917116]]}}, {"type": "Feature", "properties": {"county": "桃園市", "district": "大溪區", "highway": "secondary", "name": "永昌路"}, "geometry": {"type": "LineString", "coordinates": [[121.2693106, 24.8897232], [121.2688319, 24.8899385], [121.2684289, 24.8901314], [121.2672524, 24.8906408]]}}, {"type": "Feature", "properties": {"county": "桃園市", "district": "大溪區", "highway": "primary", "name": "復興路三段"}, "geometry": {"type": "LineString", "coordinates": [[121.3314976, 24.831155], [121.3315303, 24.8311035], [121.3315384, 24.8309076], [121.3315179, 24.8303503], [121.3314519, 24.8301716], [121.3313462, 24.8299414], [121.3313268, 24.8298212], [121.3313241, 24.8296887], [121.3314086, 24.8293406], [121.3314435, 24.8292403]]}}, {"type": "Feature", "properties": {"county": "桃園市", "district": "大溪區", "highway": "tertiary", "name": null}, "geometry": {"type": "LineString", "coordinates": [[121.3073156, 24.8401046], [121.3073089, 24.8400556], [121.3072674, 24.8398549]]}}, {"type": "Feature", "properties": {"county": "桃園市", "district": "大溪區", "highway": "residential", "name": "瑞福路30巷"}, "geometry": {"type": "LineString", "coordinates": [[121.2521637, 24.8698053], [121.2521309, 24.8701913], [121.252174, 24.870455], [121.2521942, 24.8706684], [121.2521987, 24.8707159], [121.2521292, 24.8711713], [121.2521098, 24.8714894], [121.2520883, 24.8716026], [121.2521017, 24.8718532], [121.2521393, 24.8719627], [121.2521299, 24.8720369], [121.2521326, 24.8721051], [121.2521889, 24.8721562], [121.2524115, 24.8723507], [121.2525443, 24.8725638], [121.2526945, 24.8729397], [121.2528112, 24.8730796], [121.2530019, 24.8732579], [121.2531737, 24.8735088], [121.2532484, 24.8736454], [121.2533557, 24.8738547], [121.2534536, 24.873946], [121.2534951, 24.8740129], [121.2535032, 24.874137], [121.2534831, 24.8742477], [121.2534697, 24.8743463], [121.2535059, 24.8747149], [121.2535179, 24.8748159], [121.2535515, 24.8749144], [121.2537231, 24.8751213], [121.2538157, 24.8752612], [121.2538733, 24.8753683], [121.2540879, 24.8755994], [121.2543229, 24.8758913]]}}, {"type": "Feature", "properties": {"county": "桃園市", "district": "大溪區", "highway": "unclassified", "name": null}, "geometry": {"type": "LineString", "coordinates": [[121.265607, 24.8840999], [121.2659074, 24.8838526]]}}, {"type": "Feature", "properties": {"county": "桃園市", "district": "大溪區", "highway": "unclassified", "name": "員林路二段416巷40弄"}, "geometry": {"type": "LineString", "coordinates": [[121.2659074, 24.8838526], [121.2659557, 24.8838416], [121.2659838, 24.8838501], [121.2659972, 24.8838878], [121.2661013, 24.884209], [121.2661206, 24.8842686], [121.2661541, 24.8844244], [121.2661702, 24.8844839], [121.2661904, 24.8845582], [121.2662534, 24.8846215], [121.266303, 24.8847419], [121.2663875, 24.8850083], [121.2664867, 24.885394]]}}, {"type": "Feature", "properties": {"county": "桃園市", "district": "大溪區", "highway": "unclassified", "name": "員林路二段382巷78弄"}, "geometry": {"type": "LineString", "coordinates": [[121.2664867, 24.885394], [121.2665458, 24.8855959], [121.2665458, 24.8856993], [121.266539, 24.8858064], [121.2665095, 24.885939], [121.2664891, 24.8860385], [121.266413, 24.8864098], [121.2664378, 24.8864647], [121.2665652, 24.8868394], [121.2665853, 24.8869549], [121.2666242, 24.8872372], [121.266651, 24.8873759], [121.2667033, 24.8875717], [121.2667462, 24.887652], [121.2667851, 24.8877335], [121.2668441, 24.8878151], [121.2669568, 24.8879318], [121.2670842, 24.8880438], [121.2672286, 24.8881861], [121.2673037, 24.8882567], [121.2673318, 24.8883175], [121.2674016, 24.8886192], [121.2674928, 24.8888333], [121.2675585, 24.8889902], [121.2676416, 24.889152], [121.2678137, 24.8893568], [121.2680372, 24.8896228], [121.2682693, 24.8898966], [121.2683631, 24.8900219]]}}, {"type": "Feature", "properties": {"county": "桃園市", "district": "大溪區", "highway": "unclassified", "name": "埔頂路一段245巷"}, "geometry": {"type": "LineString", "coordinates": [[121.2683631, 24.8900219], [121.2684289, 24.8901314], [121.268693, 24.8905194], [121.2687521, 24.890618], [121.2688553, 24.8908856], [121.269153, 24.8913783], [121.2695805, 24.8919792], [121.2699238, 24.8925257], [121.2700584, 24.8928192], [121.270332, 24.8932304], [121.2705036, 24.8935077], [121.2706297, 24.8938508], [121.2707343, 24.89415], [121.2710521, 24.8946172], [121.2713023, 24.8949931], [121.2714055, 24.8951719], [121.2714481, 24.8952575], [121.2716161, 24.8955952], [121.271718, 24.8958872], [121.2718119, 24.8962205], [121.2719232, 24.8964164], [121.2720492, 24.896583], [121.2721029, 24.8966974], [121.2722058, 24.896912], [121.272233, 24.8969686], [121.272573, 24.8974102], [121.2726333, 24.8975148], [121.2727158, 24.8976551], [121.2727441, 24.8977033], [121.2728358, 24.8979114], [121.2729191, 24.8981399], [121.272938, 24.8981899], [121.2730692, 24.8985379], [121.2731872, 24.8988505], [121.2732271, 24.8989777], [121.2732529, 24.8991007], [121.2732993, 24.8994588], [121.2734217, 24.8999068], [121.2735006, 24.900188], [121.2735614, 24.9003623], [121.2736448, 24.900567], [121.2736934, 24.9006813], [121.273745, 24.9007757], [121.2738155, 24.9008396], [121.2738841, 24.9008326]]}}, {"type": "Feature", "properties": {"county": "桃園市", "district": "大溪區", "highway": "residential", "name": "員林路一段503巷16弄27衖"}, "geometry": {"type": "LineString", "coordinates": [[121.2728584, 24.8907771], [121.2728299, 24.8906506], [121.2728345, 24.8906027], [121.2728855, 24.890537], [121.2729993, 24.890391]]}}, {"type": "Feature", "properties": {"county": "桃園市", "district": "大溪區", "highway": "residential", "name": "員林路一段469巷"}, "geometry": {"type": "LineString", "coordinates": [[121.2729999, 24.8910562], [121.2731309, 24.8912024], [121.2731809, 24.8912426], [121.2733818, 24.8914043], [121.2735573, 24.8915455], [121.2736232, 24.8916048], [121.2734015, 24.8918302]]}}, {"type": "Feature", "properties": {"county": "桃園市", "district": "大溪區", "highway": "residential", "name": "員林路一段503巷16弄"}, "geometry": {"type": "LineString", "coordinates": [[121.2729999, 24.8910562], [121.2729833, 24.8910284], [121.2729375, 24.8909557], [121.2728749, 24.8908295], [121.2728584, 24.8907771]]}}, {"type": "Feature", "properties": {"county": "桃園市", "district": "大溪區", "highway": "residential", "name": "隆德街190巷"}, "geometry": {"type": "LineString", "coordinates": [[121.2734902, 24.898333], [121.2740567, 24.899244]]}}, {"type": "Feature", "properties": {"county": "桃園市", "district": "大溪區", "highway": "residential", "name": "隆德街118巷"}, "geometry": {"type": "LineString", "coordinates": [[121.2735371, 24.8990001], [121.2737081, 24.8992753], [121.2738329, 24.8993159], [121.2740567, 24.899244], [121.2743475, 24.8991633]]}}, {"type": "Feature", "properties": {"county": "桃園市", "district": "大溪區", "highway": "unclassified", "name": "埔頂路一段245巷188弄"}, "geometry": {"type": "LineString", "coordinates": [[121.2705197, 24.8980051], [121.270618, 24.8979921], [121.2709549, 24.8979737], [121.27125, 24.8979187], [121.2713546, 24.8979223], [121.2714009, 24.8979609], [121.27236, 24.8976463], [121.2725228, 24.8975757], [121.2726333, 24.8975148]]}}, {"type": "Feature", "properties": {"county": "桃園市", "district": "大溪區", "highway": "residential", "name": null}, "geometry": {"type": "LineString", "coordinates": [[121.2801443, 24.8967119], [121.2805487, 24.896428], [121.2811009, 24.8963692], [121.2814794, 24.896328], [121.2821079, 24.8962504], [121.2824898, 24.8961962], [121.2825941, 24.8961773], [121.283004, 24.8961707], [121.2835991, 24.896149], [121.283861, 24.8961418], [121.2840834, 24.8961677], [121.2841724, 24.8962156], [121.284196, 24.896361], [121.2842351, 24.8966427]]}}, {"type": "Feature", "properties": {"county": "桃園市", "district": "大溪區", "highway": "residential", "name": "民權東路94巷"}, "geometry": {"type": "LineString", "coordinates": [[121.2908325, 24.8808623], [121.2911857, 24.8813164], [121.2914126, 24.881653], [121.2917235, 24.8820708]]}}, {"type": "Feature", "properties": {"county": "桃園市", "district": "大溪區", "highway": "residential", "name": "豐田三路"}, "geometry": {"type": "LineString", "coordinates": [[121.2855956, 24.928399], [121.2855993, 24.928416], [121.2856495, 24.92844], [121.28642, 24.9284792], [121.2873361, 24.9285213], [121.2874859, 24.9285313], [121.2876103, 24.928533], [121.2896838, 24.928652]]}}, {"type": "Feature", "properties": {"county": "桃園市", "district": "大溪區", "highway": "residential", "name": "豐吉路"}, "geometry": {"type": "LineString", "coordinates": [[121.2922815, 24.9268678], [121.2923141, 24.9269167], [121.2923239, 24.9269917], [121.2923174, 24.9274652], [121.2923186, 24.9292859], [121.2923186, 24.9294717], [121.2922892, 24.9295662], [121.2922436, 24.9295988], [121.2921283, 24.9296293], [121.2920109, 24.9296195], [121.2918592, 24.9296024], [121.2917794, 24.9295934], [121.2914371, 24.9295641], [121.2913328, 24.9295543], [121.2912741, 24.9295738], [121.2912187, 24.9296456], [121.2911956, 24.929741], [121.291147, 24.9300274], [121.2911343, 24.9301019], [121.2911043, 24.930279], [121.2908992, 24.9314518], [121.2908825, 24.9315366], [121.2908633, 24.9316344], [121.2907655, 24.9320028], [121.2907469, 24.9320884], [121.2907231, 24.9321984], [121.2907014, 24.9324484], [121.2906854, 24.9326334], [121.2905868, 24.9337734], [121.2905672, 24.9339999], [121.2905375, 24.9343427]]}}, {"type": "Feature", "properties": {"county": "桃園市", "district": "大溪區", "highway": "residential", "name": "建國路167巷"}, "geometry": {"type": "LineString", "coordinates": [[121.2872956, 24.9344312], [121.2861876, 24.9349352], [121.285556, 24.9352113]]}}, {"type": "Feature", "properties": {"county": "桃園市", "district": "大溪區", "highway": "residential", "name": "豐田五街"}, "geometry": {"type": "LineString", "coordinates": [[121.2884373, 24.9318699], [121.2884118, 24.9317525], [121.2884362, 24.9310612], [121.2884408, 24.9310312], [121.2884662, 24.9309989], [121.2885215, 24.9309828], [121.2887036, 24.9309851], [121.28922, 24.9310012], [121.2893279, 24.9310083], [121.2894805, 24.9310565], [121.2907531, 24.93149], [121.2908825, 24.9315366]]}}, {"type": "Feature", "properties": {"county": "桃園市", "district": "大溪區", "highway": "unclassified", "name": "興豐路575巷"}, "geometry": {"type": "LineString", "coordinates": [[121.2934791, 24.9305564], [121.2932644, 24.9318765]]}}, {"type": "Feature", "properties": {"county": "桃園市", "district": "大溪區", "highway": "residential", "name": "瑞安街"}, "geometry": {"type": "LineString", "coordinates": [[121.2973779, 24.9364054], [121.2966832, 24.9361719], [121.2966248, 24.9361041], [121.2958404, 24.9358394], [121.2958099, 24.9358797], [121.2957001, 24.9361295], [121.2957445, 24.9361867], [121.296494, 24.9364535], [121.2965594, 24.9364429], [121.2966832, 24.9361719]]}}, {"type": "Feature", "properties": {"county": "桃園市", "district": "大溪區", "highway": "tertiary", "name": "瑞德街"}, "geometry": {"type": "LineString", "coordinates": [[121.2993449, 24.9305063], [121.2993615, 24.9302475], [121.2993602, 24.9301623], [121.2993629, 24.930121], [121.2993816, 24.9300918], [121.2994192, 24.9300809], [121.2994755, 24.9300816], [121.2998035, 24.9301039], [121.3002172, 24.9301248], [121.3008416, 24.9301631], [121.3009655, 24.9301305], [121.3010152, 24.9300929], [121.3010861, 24.9300393], [121.3011709, 24.9299657], [121.3013078, 24.9298469], [121.3014078, 24.9297791], [121.3015046, 24.9297278], [121.3016291, 24.929718], [121.301761, 24.929736], [121.301911, 24.9298012], [121.3020153, 24.9298469], [121.3021783, 24.9299023], [121.3023298, 24.9299479], [121.3025174, 24.9299056], [121.3025924, 24.9298371], [121.3030521, 24.9293546], [121.3038607, 24.928533], [121.303965, 24.9284547], [121.3040824, 24.9284026], [121.304203, 24.9284221], [121.3043073, 24.9284678], [121.3044475, 24.9284873], [121.3045584, 24.9284515], [121.3045975, 24.9283243], [121.3045519, 24.9282069], [121.3044736, 24.9280994], [121.3041313, 24.9278581], [121.3038835, 24.9276592], [121.3037694, 24.9275386], [121.3037581, 24.927475], [121.3037824, 24.9273951], [121.3038737, 24.9273332], [121.3039719, 24.9273223], [121.3041318, 24.9274119], [121.3042941, 24.9275387], [121.3044149, 24.9276266], [121.3046366, 24.9277864], [121.3048094, 24.927995], [121.3049366, 24.9280896], [121.3052496, 24.9282689], [121.305631, 24.9284189], [121.3058853, 24.9285884], [121.3060907, 24.9287058], [121.3062668, 24.9287123], [121.3063613, 24.9286308], [121.3063776, 24.9285493], [121.3062961, 24.928445], [121.3061038, 24.928295], [121.3060077, 24.9281882], [121.3059178, 24.9280791], [121.3058345, 24.9279698], [121.3057459, 24.9278394], [121.3057334, 24.9277945], [121.305739, 24.9277484], [121.3057482, 24.9277081], [121.3057797, 24.9276728], [121.3058418, 24.9276046], [121.3059897, 24.9274832], [121.306172, 24.9273594], [121.3066745, 24.9269846], [121.3073854, 24.9265026], [121.3074879, 24.9264264], [121.3075669, 24.9263677]]}}, {"type": "Feature", "properties": {"county": "桃園市", "district": "大溪區", "highway": "unclassified", "name": "榮興路"}, "geometry": {"type": "LineString", "coordinates": [[121.3073984, 24.947316], [121.3077306, 24.9470095], [121.307963, 24.9468068], [121.308049, 24.9467012], [121.308096, 24.9465982], [121.3081531, 24.9464729], [121.3082031, 24.9463338], [121.3082259, 24.9462511], [121.3082406, 24.9461491], [121.3081864, 24.9447659], [121.3081548, 24.9445009], [121.3081079, 24.9443209], [121.3080354, 24.9441847], [121.3078866, 24.9439488], [121.3077551, 24.9437907], [121.3075339, 24.9436247], [121.3072375, 24.9434241], [121.3066574, 24.9430355], [121.3063778, 24.9427741], [121.3062316, 24.9425954], [121.3060418, 24.94228], [121.3056035, 24.9415163], [121.30516, 24.9407281], [121.3050937, 24.9405817], [121.3050888, 24.9404838], [121.3050802, 24.9402784], [121.3050713, 24.9401257], [121.3050691, 24.9400574], [121.3050846, 24.9398368], [121.3051013, 24.9395975], [121.3051509, 24.9394069], [121.3054131, 24.9383989], [121.3054917, 24.9380967], [121.3055735, 24.937782], [121.306, 24.9370472], [121.306064, 24.9369368], [121.3061188, 24.9368777]]}}, {"type": "Feature", "properties": {"county": "桃園市", "district": "大溪區", "highway": "unclassified", "name": null}, "geometry": {"type": "LineString", "coordinates": [[121.2479536, 24.8143967], [121.2481441, 24.8144515], [121.2489235, 24.8148276], [121.2491623, 24.8152887], [121.2493558, 24.8156153], [121.2490175, 24.8160427], [121.2487564, 24.8163624], [121.2486045, 24.8165507], [121.2484941, 24.8167185]]}}, {"type": "Feature", "properties": {"county": "桃園市", "district": "大溪區", "highway": "residential", "name": "福山路"}, "geometry": {"type": "LineString", "coordinates": [[121.2564898, 24.8211837], [121.2556637, 24.8221781], [121.2556288, 24.8223218], [121.2556905, 24.822497], [121.2561411, 24.8232687], [121.2562774, 24.8236041], [121.2563557, 24.823797], [121.2563992, 24.8242713], [121.2564591, 24.8246877], [121.2566347, 24.8249071], [121.2568761, 24.8250361], [121.2570586, 24.8251128], [121.2579597, 24.8254913], [121.2589166, 24.8256492], [121.2590808, 24.8256763], [121.2598936, 24.8255473], [121.2601162, 24.8255936], [121.2607827, 24.8259253], [121.2613634, 24.8262143], [121.2614167, 24.8262405], [121.2618194, 24.8264383], [121.262624, 24.826709]]}}, {"type": "Feature", "properties": {"county": "桃園市", "district": "大溪區", "highway": "residential", "name": "福山一路"}, "geometry": {"type": "LineString", "coordinates": [[121.2644839, 24.8256045], [121.2644291, 24.8256469], [121.2643866, 24.8257651], [121.2638531, 24.8272472], [121.2636703, 24.827386], [121.2636001, 24.8280057], [121.2636134, 24.8284877], [121.2635489, 24.8293311], [121.2634806, 24.8296099], [121.2633356, 24.830022], [121.2630334, 24.8306607], [121.2629161, 24.8310578], [121.2627131, 24.8313935], [121.2625056, 24.8316309], [121.2622485, 24.8318233], [121.2621902, 24.8318947], [121.2621719, 24.8319534], [121.2621205, 24.8321187], [121.2620507, 24.8323183], [121.2618441, 24.8329241], [121.2618042, 24.8330567], [121.261717, 24.8332219], [121.2616487, 24.8334078], [121.261533, 24.8339844], [121.2613238, 24.8342846], [121.2611635, 24.8344645]]}}, {"type": "Feature", "properties": {"county": "桃園市", "district": "大溪區", "highway": "unclassified", "name": null}, "geometry": {"type": "LineString", "coordinates": [[121.3251554, 24.8817615], [121.3252251, 24.8816413], [121.3253085, 24.8814975], [121.3253586, 24.8813999], [121.3255143, 24.8812119], [121.3257419, 24.8810836], [121.3259069, 24.8809905], [121.3259236, 24.8809811], [121.3261344, 24.8808638], [121.3263082, 24.8807671], [121.3264637, 24.8807121], [121.326561, 24.8806977], [121.3266602, 24.8807422], [121.3267129, 24.8807709]]}}, {"type": "Feature", "properties": {"county": "桃園市", "district": "大溪區", "highway": "unclassified", "name": null}, "geometry": {"type": "LineString", "coordinates": [[121.3263082, 24.8807671], [121.3264641, 24.880645], [121.3266937, 24.8805958], [121.3268452, 24.8805914], [121.3269601, 24.8806103], [121.3270558, 24.8807361], [121.32711, 24.8808143], [121.3271259, 24.8809011], [121.3270877, 24.8809662], [121.3270047, 24.8809995], [121.3269186, 24.8809503], [121.3267129, 24.8807709], [121.326724, 24.8806971], [121.3267623, 24.8806406], [121.3268452, 24.8805914]]}}, {"type": "Feature", "properties": {"county": "桃園市", "district": "大溪區", "highway": "unclassified", "name": "長興路忠孝巷"}, "geometry": {"type": "LineString", "coordinates": [[121.2746892, 24.9321963], [121.2749083, 24.9331863]]}}, {"type": "Feature", "properties": {"county": "桃園市", "district": "大溪區", "highway": "unclassified", "name": "中山路"}, "geometry": {"type": "LineString", "coordinates": [[121.2851998, 24.9208083], [121.2850682, 24.922098], [121.285034, 24.922433], [121.2849462, 24.9232718], [121.2848119, 24.9243828], [121.2847831, 24.9245967]]}}, {"type": "Feature", "properties": {"county": "桃園市", "district": "大溪區", "highway": "residential", "name": "建德路1巷"}, "geometry": {"type": "LineString", "coordinates": [[121.2770331, 24.9229002], [121.2774223, 24.9232738], [121.2775376, 24.923343], [121.277639, 24.9233614], [121.2784757, 24.923376], [121.2789416, 24.923376], [121.2793666, 24.9233737], [121.2801101, 24.9233753], [121.2802211, 24.9233914], [121.280252, 24.9234004], [121.2803131, 24.923418], [121.2807213, 24.9235817], [121.2809818, 24.9236773], [121.281242, 24.9237539]]}}, {"type": "Feature", "properties": {"county": "桃園市", "district": "大溪區", "highway": "residential", "name": "龍南路429巷"}, "geometry": {"type": "LineString", "coordinates": [[121.2656933, 24.920626], [121.2655821, 24.9204611], [121.2654775, 24.9203541], [121.2654064, 24.9202812], [121.2653251, 24.9202171], [121.2652522, 24.9201656], [121.2651715, 24.9201227], [121.2650953, 24.9200914], [121.2650504, 24.9200827], [121.2650059, 24.9200816], [121.2645819, 24.9200986], [121.264434, 24.9201291], [121.2642527, 24.920198], [121.2640774, 24.9202441], [121.2639231, 24.920224], [121.2637903, 24.9201676], [121.2637382, 24.9201155], [121.2636981, 24.9200915], [121.2636631, 24.9200705], [121.2635983, 24.9200586], [121.263259, 24.9199893], [121.2621041, 24.9197252], [121.2619961, 24.9197432], [121.2619651, 24.9197691], [121.261911, 24.9198265], [121.2618788, 24.919894], [121.2618364, 24.919943], [121.2617948, 24.9199844], [121.2617479, 24.9200148], [121.2616942, 24.9200258], [121.261627, 24.9200213], [121.2615287, 24.9200099], [121.2614462, 24.9199848], [121.2613076, 24.9199235], [121.261015, 24.9197876], [121.2604614, 24.9195476], [121.2603638, 24.9194915], [121.2602307, 24.9193883], [121.2599139, 24.9192389], [121.2594887, 24.9191243]]}}, {"type": "Feature", "properties": {"county": "桃園市", "district": "大溪區", "highway": "unclassified", "name": null}, "geometry": {"type": "LineString", "coordinates": [[121.2902536, 24.8968778], [121.2900905, 24.8970367], [121.2900566, 24.8970822], [121.2900516, 24.8971443], [121.2900761, 24.8971969], [121.2904046, 24.8975175], [121.2911015, 24.8981742], [121.291176, 24.8983379], [121.2913329, 24.8986954], [121.291508, 24.8988616], [121.2925153, 24.8997773]]}}, {"type": "Feature", "properties": {"county": "桃園市", "district": "大溪區", "highway": "unclassified", "name": "大鶯路318巷"}, "geometry": {"type": "LineString", "coordinates": [[121.2930006, 24.9029322], [121.2929544, 24.9027917], [121.2926194, 24.9021279], [121.292333, 24.9016278], [121.2922929, 24.9014776], [121.2923193, 24.9013724], [121.2924292, 24.9012815], [121.2925027, 24.9012218], [121.292536, 24.9011811], [121.2925483, 24.9011269], [121.2924672, 24.9008562], [121.2923633, 24.9007364], [121.2923425, 24.9005648], [121.2922205, 24.9003423]]}}, {"type": "Feature", "properties": {"county": "桃園市", "district": "大溪區", "highway": "unclassified", "name": null}, "geometry": {"type": "LineString", "coordinates": [[121.3167915, 24.9261968], [121.3168423, 24.9261247], [121.3167479, 24.9260102], [121.3166465, 24.9258526], [121.3166084, 24.9256372], [121.3165756, 24.9255752], [121.3164334, 24.9253791], [121.3164463, 24.9253051], [121.3165042, 24.9252545], [121.3166778, 24.9251415]]}}, {"type": "Feature", "properties": {"county": "桃園市", "district": "大溪區", "highway": "unclassified", "name": "大鶯路1320巷"}, "geometry": {"type": "LineString", "coordinates": [[121.3167915, 24.9261968], [121.3170359, 24.9265953], [121.317102, 24.9268106], [121.3171472, 24.9268554], [121.3172377, 24.9268907], [121.317336, 24.9269071]]}}, {"type": "Feature", "properties": {"county": "桃園市", "district": "大溪區", "highway": "residential", "name": "山下街"}, "geometry": {"type": "LineString", "coordinates": [[121.264194, 24.9347321], [121.2642442, 24.9349286], [121.2644156, 24.9357948], [121.2644413, 24.9359246], [121.2644672, 24.9360488], [121.2652416, 24.9362963], [121.2653505, 24.9362995], [121.2656403, 24.9362037], [121.2656687, 24.9361681], [121.2656539, 24.9360845], [121.2657416, 24.9359922], [121.2660044, 24.9358718], [121.2661356, 24.9358183], [121.2671134, 24.9353878]]}}, {"type": "Feature", "properties": {"county": "桃園市", "district": "大溪區", "highway": "residential", "name": "金城街"}, "geometry": {"type": "LineString", "coordinates": [[121.2630152, 24.9361887], [121.2630984, 24.9361748], [121.2632472, 24.936097], [121.2633344, 24.9359985], [121.2634001, 24.9358598], [121.2634109, 24.9357565], [121.2634162, 24.9355546], [121.2634471, 24.9352992], [121.2634605, 24.9350907], [121.2634587, 24.9350743], [121.2634715, 24.9348443]]}}, {"type": "Feature", "properties": {"county": "桃園市", "district": "大溪區", "highway": "residential", "name": "魚池街"}, "geometry": {"type": "LineString", "coordinates": [[121.2701405, 24.9412635], [121.2698343, 24.9411825], [121.2693208, 24.9410494], [121.2690657, 24.9409887], [121.2689519, 24.9409343], [121.2682683, 24.9405433], [121.2678218, 24.9403409], [121.2675275, 24.9401759], [121.2666736, 24.939748], [121.2663195, 24.939508], [121.2657437, 24.938991], [121.2655477, 24.938837], [121.2649927, 24.9384379], [121.2648843, 24.9383222], [121.2649063, 24.9382137], [121.2649114, 24.9381342], [121.2647694, 24.9380995], [121.2646323, 24.9380243], [121.2645621, 24.9379376], [121.2644856, 24.9378768], [121.2643293, 24.9378132], [121.2641432, 24.9375777], [121.2640361, 24.9373417], [121.2638892, 24.9370179], [121.2637233, 24.9367142], [121.2636499, 24.9365725], [121.2635798, 24.9364597]]}}, {"type": "Feature", "properties": {"county": "桃園市", "district": "大溪區", "highway": "residential", "name": "霄裡路"}, "geometry": {"type": "LineString", "coordinates": [[121.2616887, 24.9293422], [121.2616226, 24.9292742], [121.261513, 24.9291336], [121.2614415, 24.9289233], [121.2613559, 24.9288427], [121.2611102, 24.9286873], [121.2610407, 24.9286243], [121.2610181, 24.9285481], [121.2610746, 24.9283546], [121.2610648, 24.9281956], [121.2609895, 24.9280359], [121.260942, 24.9278649], [121.2608921, 24.9276856], [121.2608042, 24.9273317], [121.2606958, 24.9270471], [121.2605689, 24.926793], [121.2604654, 24.9266347], [121.2603684, 24.9263518], [121.2603539, 24.92617], [121.260279, 24.9259345], [121.2601422, 24.9256542], [121.2600494, 24.925472], [121.2599944, 24.9253765], [121.2597979, 24.9251448], [121.2596088, 24.9249818], [121.2595619, 24.9249271], [121.2594345, 24.9247009], [121.2593071, 24.9244528], [121.2591233, 24.924285], [121.2590389, 24.9242169], [121.2588954, 24.9242023], [121.2586955, 24.9241986], [121.2585641, 24.9241597], [121.2584246, 24.9240429], [121.2581926, 24.9238386], [121.2581108, 24.9237413], [121.2580531, 24.9236355], [121.2579687, 24.9234324], [121.2579204, 24.9232232], [121.2578493, 24.9230213], [121.2577748, 24.9229276], [121.2576988, 24.9228557], [121.2575743, 24.9227707], [121.2574805, 24.9226017], [121.2573155, 24.9224205], [121.2572592, 24.9223524], [121.2571854, 24.9222101], [121.2571251, 24.9220289], [121.2570554, 24.9219279], [121.2570232, 24.9218671], [121.2570098, 24.921782], [121.2570433, 24.921692], [121.257058, 24.9215716], [121.2570674, 24.9215047], [121.2570232, 24.9213867], [121.256987, 24.9212979], [121.2569749, 24.9212237], [121.2570111, 24.9210802], [121.2570044, 24.9208917], [121.2569588, 24.9207458], [121.2568931, 24.9206144], [121.2568448, 24.920505], [121.2567778, 24.9203602], [121.2567027, 24.9201498], [121.2566195, 24.9200172], [121.256527, 24.9199212], [121.2564653, 24.919847], [121.2564358, 24.919718], [121.256354, 24.9195344], [121.2562078, 24.9192595], [121.2560696, 24.9190528], [121.2559717, 24.9189238], [121.2559476, 24.9188484], [121.2559463, 24.918728], [121.2559704, 24.9186769], [121.2560029, 24.9185709]]}}, {"type": "Feature", "properties": {"county": "桃園市", "district": "大溪區", "highway": "unclassified", "name": "龍南路599巷"}, "geometry": {"type": "LineString", "coordinates": [[121.2557657, 24.9156931], [121.2557661, 24.9155707], [121.2557902, 24.9154807], [121.255831, 24.9153652]]}}, {"type": "Feature", "properties": {"county": "桃園市", "district": "大溪區", "highway": "tertiary", "name": "平東路"}, "geometry": {"type": "LineString", "coordinates": [[121.2378666, 24.911835], [121.2381446, 24.9120843], [121.2384195, 24.9122461], [121.2386663, 24.9123336], [121.2389788, 24.9123969], [121.2393368, 24.9124164], [121.2396893, 24.9124315], [121.2401126, 24.9124567], [121.2402427, 24.9124655], [121.2405577, 24.9124843], [121.2409367, 24.9125114], [121.2415232, 24.9125758], [121.2422886, 24.9126864], [121.2433224, 24.9128485], [121.2438163, 24.912926], [121.2443127, 24.9130039], [121.244659, 24.9130959], [121.2447526, 24.9131207], [121.2451603, 24.9132861], [121.2458825, 24.9137841], [121.2472203, 24.9147067], [121.2473996, 24.9148274], [121.2474465, 24.914859], [121.2479613, 24.9152057], [121.2483952, 24.9154878], [121.2486176, 24.9156324], [121.2486987, 24.9156917], [121.2491966, 24.9160376], [121.2497201, 24.9163901], [121.2499977, 24.9165632], [121.2501679, 24.9166693], [121.2503413, 24.9167696], [121.250412, 24.9168041], [121.2506249, 24.9169214], [121.251803, 24.9174957], [121.2521577, 24.9176727]]}}, {"type": "Feature", "properties": {"county": "桃園市", "district": "大溪區", "highway": "unclassified", "name": "新生路100巷"}, "geometry": {"type": "LineString", "coordinates": [[121.2591932, 24.9310072], [121.2594239, 24.9310816], [121.260191, 24.9315049], [121.2605972, 24.9316588]]}}, {"type": "Feature", "properties": {"county": "桃園市", "district": "大溪區", "highway": "residential", "name": "龍宮街"}, "geometry": {"type": "LineString", "coordinates": [[121.2564766, 24.9273311], [121.2565746, 24.9272716], [121.2572647, 24.9270392], [121.2581907, 24.926777], [121.2590932, 24.926544]]}}, {"type": "Feature", "properties": {"county": "桃園市", "district": "大溪區", "highway": "residential", "name": "中正五路"}, "geometry": {"type": "LineString", "coordinates": [[121.2551695, 24.9295481], [121.2550622, 24.9297177], [121.2549174, 24.9299865], [121.2547531, 24.9302609], [121.2545995, 24.9305256], [121.2544739, 24.9307494], [121.2543745, 24.9307807]]}}, {"type": "Feature", "properties": {"county": "桃園市", "district": "大溪區", "highway": "residential", "name": "內柵路二段"}, "geometry": {"type": "LineString", "coordinates": [[121.2807925, 24.8571121], [121.280703, 24.8567683], [121.2805809, 24.856357], [121.2805685, 24.8563309], [121.2804991, 24.8561854], [121.27989, 24.8552234], [121.279221, 24.8540972], [121.2789568, 24.8537115], [121.2786672, 24.8533707], [121.2785051, 24.8531978], [121.2783037, 24.8529874], [121.2780015, 24.8526511], [121.2778814, 24.8524546]]}}, {"type": "Feature", "properties": {"county": "桃園市", "district": "大溪區", "highway": "unclassified", "name": "旭日路一段"}, "geometry": {"type": "LineString", "coordinates": [[121.2598016, 24.8425296], [121.2596848, 24.8423519], [121.2596051, 24.8421915]]}}, {"type": "Feature", "properties": {"county": "桃園市", "district": "大溪區", "highway": "residential", "name": "三坑三號橋"}, "geometry": {"type": "LineString", "coordinates": [[121.2545156, 24.836393], [121.2545075, 24.8362275]]}}, {"type": "Feature", "properties": {"county": "桃園市", "district": "大溪區", "highway": "residential", "name": null}, "geometry": {"type": "LineString", "coordinates": [[121.2545156, 24.836393], [121.2545853, 24.8364563]]}}, {"type": "Feature", "properties": {"county": "桃園市", "district": "大溪區", "highway": "residential", "name": "石園路463巷"}, "geometry": {"type": "LineString", "coordinates": [[121.2606374, 24.8582408], [121.260654, 24.8583917], [121.2612036, 24.8592484], [121.2612589, 24.8593943], [121.261331, 24.8594776], [121.2614228, 24.8595549], [121.2614819, 24.8597156], [121.2614819, 24.8599477], [121.26139, 24.8602393], [121.2613376, 24.860388], [121.26139, 24.8605904], [121.2614622, 24.8609117], [121.2614047, 24.8611835], [121.2611947, 24.8614091], [121.2611077, 24.8615356], [121.2608677, 24.8619481], [121.2601985, 24.8630956], [121.2601636, 24.8632355], [121.2601757, 24.8633085], [121.2602414, 24.8633803], [121.2603742, 24.8634959], [121.2603929, 24.8635677], [121.260338, 24.8637174], [121.2599144, 24.8644939], [121.2598029, 24.8645832], [121.2595865, 24.8646129], [121.259447, 24.864688], [121.2593268, 24.8648454], [121.2593214, 24.8649147], [121.2593496, 24.8649865], [121.2595896, 24.8654258], [121.2596902, 24.8655937], [121.2597921, 24.8656715], [121.2602213, 24.8658309], [121.2602857, 24.8658772], [121.2603581, 24.8659952], [121.2605768, 24.8665646], [121.2606524, 24.8668097], [121.2606256, 24.8672064], [121.2606954, 24.8674351], [121.2608831, 24.8681774], [121.2612238, 24.8695012], [121.2614598, 24.8701485], [121.2616046, 24.8705622], [121.2615376, 24.8706693], [121.2613996, 24.8707042], [121.261259, 24.8707514], [121.2610799, 24.8708686]]}}, {"type": "Feature", "properties": {"county": "桃園市", "district": "大溪區", "highway": "primary", "name": "石門二號橋"}, "geometry": {"type": "LineString", "coordinates": [[121.2434724, 24.8309359], [121.2433839, 24.8307435], [121.2433289, 24.8305439], [121.2433142, 24.8304582]]}}, {"type": "Feature", "properties": {"county": "桃園市", "district": "大溪區", "highway": "primary", "name": "中正路三坑段"}, "geometry": {"type": "LineString", "coordinates": [[121.2433142, 24.8304582], [121.243311, 24.8304319]]}}, {"type": "Feature", "properties": {"county": "桃園市", "district": "大溪區", "highway": "residential", "name": "永平路"}, "geometry": {"type": "LineString", "coordinates": [[121.2459398, 24.8272041], [121.2459613, 24.8272613], [121.2459562, 24.8280392], [121.2459439, 24.8284738], [121.2459297, 24.8294644], [121.2459252, 24.8297785]]}}, {"type": "Feature", "properties": {"county": "桃園市", "district": "大溪區", "highway": "residential", "name": "紅橋路"}, "geometry": {"type": "LineString", "coordinates": [[121.2459252, 24.8297785], [121.2452383, 24.8297973], [121.2449543, 24.829805]]}}, {"type": "Feature", "properties": {"county": "桃園市", "district": "大溪區", "highway": "unclassified", "name": null}, "geometry": {"type": "LineString", "coordinates": [[121.2654313, 24.8499548], [121.2650558, 24.849311], [121.2646135, 24.8486134], [121.2641987, 24.8480387], [121.2640111, 24.8477813], [121.2634827, 24.8468747], [121.2633204, 24.8465552], [121.2631273, 24.8461804], [121.2627487, 24.8454928], [121.2625318, 24.8451898], [121.2622717, 24.8448855], [121.2617379, 24.8443063], [121.2609877, 24.8434108], [121.2609285, 24.84332], [121.2609034, 24.8432548]]}}, {"type": "Feature", "properties": {"county": "桃園市", "district": "大溪區", "highway": "unclassified", "name": null}, "geometry": {"type": "LineString", "coordinates": [[121.2650312, 24.8528418], [121.2650595, 24.8529043], [121.2651915, 24.8529384], [121.2653809, 24.85292], [121.2662775, 24.8526318]]}}, {"type": "Feature", "properties": {"county": "桃園市", "district": "大溪區", "highway": "unclassified", "name": null}, "geometry": {"type": "LineString", "coordinates": [[121.2662775, 24.8526318], [121.2662306, 24.8524906], [121.2661562, 24.8522661], [121.2657411, 24.8505365], [121.2657076, 24.8504428], [121.2654313, 24.8499548]]}}, {"type": "Feature", "properties": {"county": "桃園市", "district": "大溪區", "highway": "unclassified", "name": "旭日路二段"}, "geometry": {"type": "LineString", "coordinates": [[121.2719048, 24.869174], [121.2719044, 24.8692085], [121.2719075, 24.869293], [121.2719372, 24.8698882], [121.2719444, 24.8701612], [121.2719407, 24.8704516], [121.2719464, 24.8707261], [121.2719474, 24.8707468], [121.2719599, 24.8710147], [121.2719514, 24.8712799], [121.2719334, 24.8715599], [121.2719408, 24.8717586], [121.2719715, 24.8719485], [121.2720394, 24.8721536], [121.2721404, 24.8723363], [121.2722713, 24.8725026], [121.2724367, 24.8726631], [121.2729237, 24.87309], [121.2730944, 24.8732294], [121.2732723, 24.8733566], [121.2734505, 24.8734818], [121.2736142, 24.8736167], [121.2737475, 24.8737395], [121.2738133, 24.8738032], [121.2738809, 24.8738685], [121.2740321, 24.874015], [121.2741626, 24.8741448], [121.2742683, 24.8742662], [121.2743631, 24.874395], [121.2744522, 24.8744977], [121.2745858, 24.8746138], [121.2748286, 24.8747827], [121.2749834, 24.8748739], [121.2751529, 24.8749533], [121.2753576, 24.8750123], [121.2757323, 24.875098], [121.2758944, 24.8751529], [121.2760059, 24.8752336], [121.276095, 24.8753372], [121.2761553, 24.8754881], [121.276258, 24.8757848], [121.2763212, 24.8759244], [121.2764242, 24.8760765], [121.2765864, 24.8762134], [121.2767453, 24.8762801], [121.2768878, 24.8763362], [121.2769991, 24.8764127], [121.2770894, 24.876514], [121.2771566, 24.8766158], [121.2772076, 24.876737], [121.2773928, 24.8772574], [121.2775369, 24.8776332], [121.2776958, 24.8779915], [121.2778574, 24.8783238], [121.2780066, 24.8785911], [121.2782005, 24.8789174], [121.2783691, 24.8791764], [121.2785253, 24.8794178], [121.2786895, 24.8796597], [121.2788611, 24.8798663], [121.2790526, 24.8800851], [121.2792148, 24.8802524], [121.2793331, 24.8803872], [121.2794282, 24.8805239], [121.2797893, 24.8810514], [121.2798941, 24.8812219], [121.2799809, 24.8813966], [121.2801896, 24.8818517], [121.2802514, 24.8820134], [121.2802977, 24.8821961], [121.2803771, 24.8826023], [121.2803967, 24.8827636], [121.280404, 24.8829344], [121.2804139, 24.8837917], [121.2804289, 24.8840322], [121.2804506, 24.8843246], [121.2804671, 24.884604], [121.2804676, 24.8846856], [121.2804688, 24.8848572], [121.2804544, 24.8851246], [121.2804644, 24.8852656], [121.2804826, 24.8853972]]}}, {"type": "Feature", "properties": {"county": "桃園市", "district": "大溪區", "highway": "unclassified", "name": "儲蓄路93巷39弄"}, "geometry": {"type": "LineString", "coordinates": [[121.2713921, 24.9044818], [121.2710999, 24.9045119], [121.2711937, 24.9049243], [121.2712232, 24.9051408], [121.2711937, 24.9052868], [121.2711964, 24.9053792], [121.271234, 24.9054741], [121.2712527, 24.9055544], [121.2712447, 24.9056055], [121.2711857, 24.9056931], [121.2710408, 24.905839], [121.2707081, 24.9058369]]}}, {"type": "Feature", "properties": {"county": "桃園市", "district": "大溪區", "highway": "residential", "name": null}, "geometry": {"type": "LineString", "coordinates": [[121.2745961, 24.9066643], [121.275177, 24.9065872], [121.2759411, 24.9065035], [121.276381, 24.9063478], [121.2764776, 24.9061434], [121.2780662, 24.9066884]]}}, {"type": "Feature", "properties": {"county": "桃園市", "district": "大溪區", "highway": "residential", "name": "石園路463巷475弄"}, "geometry": {"type": "LineString", "coordinates": [[121.2661854, 24.8664737], [121.2655522, 24.8666266], [121.265517, 24.8666292], [121.2654926, 24.8666195], [121.2654593, 24.8665946], [121.2654457, 24.866568], [121.2653977, 24.8664562], [121.2652931, 24.8661315], [121.2652266, 24.8660099], [121.2651767, 24.8659531], [121.2651132, 24.8658901], [121.2650486, 24.8657899], [121.2649782, 24.865624], [121.2647495, 24.8649875], [121.2647343, 24.8649473], [121.2646804, 24.864909], [121.2646064, 24.864867], [121.2642738, 24.8647202], [121.2641493, 24.8647139], [121.2640912, 24.8647371], [121.2640712, 24.8647553], [121.2640649, 24.8647829], [121.2640615, 24.864835], [121.2640449, 24.8648482], [121.2640075, 24.8648482], [121.263747, 24.8647349], [121.2636942, 24.8647047], [121.2635539, 24.8645677], [121.2633693, 24.8643212], [121.2633423, 24.8642911], [121.2633105, 24.8642841], [121.2632925, 24.8643105], [121.2632856, 24.8643381], [121.2633575, 24.8645596], [121.263352, 24.8645972], [121.2633278, 24.8646135], [121.263296, 24.8646179], [121.2632358, 24.8645947], [121.2631957, 24.8645627], [121.2630934, 24.8644473], [121.2630588, 24.8644027], [121.2630415, 24.8643645], [121.2630291, 24.8643249], [121.2630208, 24.8642616], [121.2630586, 24.8639577], [121.2630458, 24.863908], [121.2630185, 24.8638627], [121.2629441, 24.8637793], [121.262506, 24.8630651], [121.2621892, 24.8626889], [121.2619789, 24.8624032], [121.2618606, 24.8621467], [121.2615682, 24.8614165], [121.2615291, 24.8612976], [121.2615144, 24.8611574], [121.2614907, 24.860946], [121.2614622, 24.8609117]]}}, {"type": "Feature", "properties": {"county": "桃園市", "district": "大溪區", "highway": "residential", "name": "中山路651巷"}, "geometry": {"type": "LineString", "coordinates": [[121.3441242, 24.929548], [121.3441598, 24.9295912], [121.3442416, 24.9296386], [121.344367, 24.9297414], [121.3449115, 24.9299992], [121.3451213, 24.9300144], [121.345405, 24.9301938], [121.3453923, 24.9302667], [121.3452018, 24.9302661], [121.3450013, 24.930229], [121.3449168, 24.9302351], [121.3449061, 24.9302887], [121.3449718, 24.9303312], [121.3450751, 24.9303871], [121.3453876, 24.9307094], [121.3457242, 24.9308967], [121.3457952, 24.9310173]]}}, {"type": "Feature", "properties": {"county": "桃園市", "district": "大溪區", "highway": "residential", "name": "中山路501巷"}, "geometry": {"type": "LineString", "coordinates": [[121.35055, 24.9342361], [121.3509317, 24.934286], [121.3512329, 24.934212], [121.3512446, 24.934169], [121.3512174, 24.9341168], [121.3510245, 24.9339967], [121.3508499, 24.9339322], [121.350528, 24.9337844], [121.3504361, 24.9336835], [121.3504019, 24.9335795], [121.3504348, 24.9334238], [121.3505146, 24.9332967], [121.3505542, 24.9332724], [121.3505883, 24.933307], [121.3506252, 24.9333521], [121.3507379, 24.9333697], [121.350866, 24.9332426], [121.3509256, 24.933239], [121.3509679, 24.933256], [121.3512354, 24.9333953], [121.3514184, 24.933495], [121.3515432, 24.9335047], [121.3516639, 24.9334706], [121.3518, 24.933481], [121.3519489, 24.9334542], [121.3521434, 24.9335102], [121.3522453, 24.9335862], [121.3523117, 24.9338166], [121.3525665, 24.9341997]]}}, {"type": "Feature", "properties": {"county": "桃園市", "district": "大溪區", "highway": "unclassified", "name": null}, "geometry": {"type": "LineString", "coordinates": [[121.3487682, 24.9326902], [121.3486222, 24.9328413], [121.34835, 24.9328474], [121.3476822, 24.9326699], [121.3471819, 24.9324071], [121.3469875, 24.9321955], [121.3465301, 24.9319426], [121.3461024, 24.9315182], [121.3459441, 24.9313917], [121.345759, 24.9313005], [121.3451166, 24.9309052], [121.3450201, 24.9308201], [121.344894, 24.9306415]]}}, {"type": "Feature", "properties": {"county": "桃園市", "district": "大溪區", "highway": "residential", "name": "中山路567巷"}, "geometry": {"type": "LineString", "coordinates": [[121.3482012, 24.93163], [121.3481838, 24.9317048], [121.3481449, 24.9317547], [121.3481549, 24.9317894], [121.3481932, 24.9318082], [121.3484493, 24.9318374], [121.3486344, 24.9319274], [121.3487028, 24.9320113], [121.3486712, 24.9321007], [121.3485747, 24.9322016], [121.3485593, 24.932274], [121.3486129, 24.9323707], [121.3491386, 24.9328814], [121.3493075, 24.9331324]]}}, {"type": "Feature", "properties": {"county": "桃園市", "district": "大溪區", "highway": "residential", "name": "中山路567巷"}, "geometry": {"type": "LineString", "coordinates": [[121.3504348, 24.9334238], [121.3504428, 24.9332444], [121.35041, 24.9331636], [121.3502772, 24.9330815], [121.3499781, 24.9329666], [121.3498219, 24.9328133], [121.3496884, 24.9326486], [121.3494819, 24.9324917], [121.3494028, 24.9323895], [121.3493679, 24.9322545], [121.3493606, 24.9319785], [121.3493465, 24.9318836], [121.3493136, 24.9317881], [121.3492412, 24.9317097], [121.3491688, 24.9316501], [121.3490856, 24.9316276], [121.3489985, 24.9316513], [121.3488838, 24.9317079], [121.348334, 24.9317067], [121.3482012, 24.93163], [121.3480456, 24.9314975], [121.3477861, 24.9313644], [121.3476561, 24.9313655], [121.3475642, 24.931326], [121.3473368, 24.9311935], [121.3471612, 24.9311874], [121.3470733, 24.931174], [121.3470297, 24.9311363], [121.3469835, 24.9310201], [121.3469338, 24.9309843], [121.3468044, 24.930963], [121.3466656, 24.9309618], [121.3465543, 24.9309375], [121.3463505, 24.9307927], [121.346268, 24.9306881], [121.3462077, 24.9305179], [121.346101, 24.9303142], [121.3459066, 24.9302424], [121.3458636, 24.9302418], [121.3457993, 24.9301834], [121.3457108, 24.9301403], [121.3456323, 24.9301226], [121.3455559, 24.9301366], [121.345405, 24.9301938]]}}, {"type": "Feature", "properties": {"county": "桃園市", "district": "大溪區", "highway": "residential", "name": null}, "geometry": {"type": "LineString", "coordinates": [[121.3512354, 24.9333953], [121.3512395, 24.93318], [121.3513058, 24.9331022], [121.3516049, 24.932986], [121.3516719, 24.932983], [121.3518537, 24.9330383], [121.3519026, 24.933003], [121.3519891, 24.9328881], [121.3520481, 24.9328674], [121.3521782, 24.9328303], [121.3521769, 24.932927], [121.352197, 24.9329745], [121.3522566, 24.9330243], [121.3523559, 24.9330554], [121.3524511, 24.9330857], [121.3525343, 24.933149], [121.3526376, 24.933259], [121.3526731, 24.9333229], [121.3526617, 24.933546], [121.3527415, 24.9336494], [121.3528669, 24.9337376], [121.3530318, 24.9338154], [121.3531552, 24.9337996], [121.3532544, 24.9337783], [121.353402, 24.9337862], [121.3535904, 24.9337199], [121.3537567, 24.9337078], [121.3538171, 24.9336458], [121.3538634, 24.9335728], [121.3539371, 24.9335472]]}}, {"type": "Feature", "properties": {"county": "桃園市", "district": "大溪區", "highway": "unclassified", "name": null}, "geometry": {"type": "LineString", "coordinates": [[121.3168918, 24.9235797], [121.3168477, 24.9233881], [121.3166358, 24.92278], [121.3163729, 24.9223154], [121.3159095, 24.9216702], [121.3157112, 24.921321], [121.3156254, 24.9210705], [121.3155897, 24.9208243], [121.3155307, 24.9206686], [121.315451, 24.9204672], [121.3154302, 24.9202137], [121.3154288, 24.9199717], [121.3152263, 24.9194706], [121.3151426, 24.9191853], [121.3150144, 24.9186521], [121.3149458, 24.9184627], [121.3145794, 24.9182927], [121.3141168, 24.9181468], [121.3136674, 24.9179471], [121.3133681, 24.9178335], [121.3128384, 24.9176138], [121.3124494, 24.9173951], [121.3123318, 24.9173188], [121.3120891, 24.9171585], [121.3119567, 24.91706], [121.3116982, 24.9168047], [121.3116541, 24.9167345], [121.3116011, 24.9166817], [121.3113897, 24.9164961], [121.31049, 24.9157016], [121.310018, 24.9153643], [121.3095717, 24.9151385], [121.3090868, 24.9148203], [121.3088609, 24.9146486], [121.3082937, 24.9141648], [121.3081868, 24.9139937], [121.3079796, 24.9137346], [121.3077563, 24.913489], [121.3076861, 24.9134702], [121.3076289, 24.9134464], [121.3075064, 24.9132956], [121.3069047, 24.9126064], [121.306823, 24.912535], [121.3066387, 24.9125281], [121.3065192, 24.9124405], [121.3063942, 24.9122235], [121.3062274, 24.9119267], [121.3061998, 24.911867], [121.3062035, 24.9118054], [121.306396, 24.9112888], [121.3063934, 24.9112383], [121.305785, 24.9107801], [121.3057207, 24.9106687], [121.3056667, 24.9105758], [121.3056248, 24.9105167], [121.3054768, 24.9104608], [121.3053904, 24.9103642], [121.3053328, 24.9102602], [121.3052091, 24.9100555]]}}, {"type": "Feature", "properties": {"county": "桃園市", "district": "大溪區", "highway": "unclassified", "name": null}, "geometry": {"type": "LineString", "coordinates": [[121.3074168, 24.919344], [121.3072468, 24.919302], [121.3070606, 24.9192121], [121.3069137, 24.9190927], [121.3068522, 24.9189809], [121.3066766, 24.9185297], [121.3065572, 24.9183978], [121.3064357, 24.9183189], [121.3057221, 24.9180856], [121.3055614, 24.9180184], [121.3054473, 24.9179442], [121.3045916, 24.9170706], [121.3045499, 24.9170124], [121.3044939, 24.9168945], [121.3044769, 24.9167492], [121.3045434, 24.915923], [121.3045335, 24.9155737], [121.3044612, 24.9152181], [121.3043912, 24.9147844], [121.3042941, 24.9143209], [121.3041763, 24.9140814], [121.3037755, 24.9133553], [121.3034488, 24.9125383], [121.3033103, 24.9122227], [121.3031443, 24.9119737], [121.3029276, 24.9117449], [121.302685, 24.9115458], [121.3018433, 24.9110534], [121.3015382, 24.9108582], [121.3008932, 24.9103576], [121.3004738, 24.9100258], [121.3003294, 24.9099032], [121.3002283, 24.9097654], [121.3001746, 24.9096519], [121.3000555, 24.9093473], [121.2999997, 24.9091677], [121.2999184, 24.908952], [121.2998235, 24.9088194], [121.299698, 24.9086845], [121.2995917, 24.9085715], [121.2995192, 24.9083781], [121.299526, 24.9082432], [121.2995452, 24.9081626], [121.2996191, 24.9080358], [121.3002527, 24.9073608], [121.300501, 24.9072513], [121.3006918, 24.9072449], [121.3007936, 24.9072672], [121.3009293, 24.9073233], [121.3010031, 24.9073716], [121.3014854, 24.907891], [121.3019035, 24.9082731], [121.3021528, 24.9084932], [121.3022613, 24.9086131], [121.302325, 24.908741], [121.3023578, 24.9089696], [121.3023917, 24.9090505], [121.3024432, 24.9091319], [121.3025472, 24.9092286], [121.3026489, 24.9092891], [121.3027807, 24.9093346], [121.3029131, 24.9093445], [121.3029907, 24.9093333], [121.3031526, 24.9092701], [121.3033097, 24.9092438], [121.3034616, 24.9092531], [121.3035665, 24.9092871], [121.3047695, 24.9097822], [121.3049256, 24.9098809], [121.3050428, 24.9100101], [121.3053167, 24.9104384], [121.3054941, 24.9107724], [121.3055709, 24.9109821], [121.3056594, 24.9112732], [121.3057921, 24.9116906], [121.3059427, 24.912092], [121.3060742, 24.9122965], [121.3062643, 24.912535], [121.3066844, 24.9130719], [121.3068437, 24.9132039], [121.306973, 24.9132919], [121.3070957, 24.9133855], [121.3073051, 24.9135884], [121.3074012, 24.9137557], [121.3077036, 24.9143838], [121.3078353, 24.9145836], [121.3079675, 24.9147385], [121.3082254, 24.9149896], [121.3084614, 24.9152876], [121.3086983, 24.9156779], [121.3088465, 24.916059], [121.3089705, 24.9166445], [121.3090054, 24.9167115], [121.3090423, 24.916762], [121.3091294, 24.9168581], [121.3094915, 24.9170958], [121.3096794, 24.9172875], [121.3097673, 24.9175166], [121.3098601, 24.9177131], [121.3098906, 24.9178019]]}}, {"type": "Feature", "properties": {"county": "桃園市", "district": "大溪區", "highway": "unclassified", "name": null}, "geometry": {"type": "LineString", "coordinates": [[121.3095747, 24.9179822], [121.3093548, 24.9181528], [121.3091467, 24.9183091], [121.3080356, 24.9190684], [121.3079606, 24.919134], [121.3076743, 24.9193003], [121.3074168, 24.919344], [121.3073491, 24.9194566], [121.3071403, 24.9196257], [121.3069858, 24.9197923]]}}, {"type": "Feature", "properties": {"county": "桃園市", "district": "大溪區", "highway": "unclassified", "name": null}, "geometry": {"type": "LineString", "coordinates": [[121.3168918, 24.9235797], [121.3169147, 24.9237408], [121.3169173, 24.9239331], [121.3169524, 24.9240306], [121.3168723, 24.9244451], [121.3168314, 24.9246699], [121.316797, 24.9247668]]}}, {"type": "Feature", "properties": {"county": "桃園市", "district": "大溪區", "highway": "unclassified", "name": "懷德路(環湖公路)"}, "geometry": {"type": "LineString", "coordinates": [[121.2405539, 24.8111169], [121.2406465, 24.8111096], [121.24081, 24.8110862], [121.241006, 24.8110229], [121.2413464, 24.8109239], [121.2415597, 24.8108674], [121.2417557, 24.8108198], [121.2422039, 24.8107509], [121.242637, 24.810694], [121.2428385, 24.8106815], [121.2430178, 24.810687], [121.2431256, 24.8106622], [121.2431754, 24.8106609], [121.2432751, 24.8106629], [121.2435128, 24.8106553], [121.2436363, 24.8106543], [121.2437598, 24.8106667], [121.2439344, 24.8106915], [121.2444446, 24.8107791], [121.2445967, 24.8108007], [121.2447302, 24.810827], [121.24479, 24.8108511]]}}, {"type": "Feature", "properties": {"county": "桃園市", "district": "大溪區", "highway": "unclassified", "name": "懷德路(環湖公路)"}, "geometry": {"type": "LineString", "coordinates": [[121.2470823, 24.8115234], [121.2470916, 24.8115269], [121.2471158, 24.8115361], [121.2472741, 24.8116024]]}}, {"type": "Feature", "properties": {"county": "桃園市", "district": "大溪區", "highway": "unclassified", "name": "石門大橋"}, "geometry": {"type": "LineString", "coordinates": [[121.24479, 24.8108511], [121.244837, 24.8108698], [121.2448889, 24.8108978], [121.2449807, 24.8109634], [121.2450418, 24.8110234], [121.2451054, 24.8110711], [121.2451516, 24.8110987], [121.2451954, 24.8111206], [121.2452773, 24.8111452], [121.2453592, 24.8111574], [121.2454416, 24.81116], [121.2457129, 24.811157], [121.2459278, 24.8111721], [121.2461982, 24.8112151], [121.2462771, 24.8112378], [121.2463622, 24.8112604], [121.24652, 24.8113146], [121.2468453, 24.8114346], [121.2470823, 24.8115234]]}}, {"type": "Feature", "properties": {"county": "桃園市", "district": "大溪區", "highway": "unclassified", "name": null}, "geometry": {"type": "LineString", "coordinates": [[121.3098282, 24.9179577], [121.3097931, 24.9179616], [121.3097584, 24.9179555], [121.3097275, 24.91794], [121.3097034, 24.9179165], [121.3096885, 24.9178875], [121.3096842, 24.9178557], [121.3096909, 24.9178243], [121.309708, 24.9177962], [121.3097338, 24.9177744], [121.3097659, 24.9177608], [121.3098009, 24.9177569], [121.3098356, 24.917763], [121.3098665, 24.9177785], [121.3098906, 24.9178019], [121.3099055, 24.917831], [121.3099099, 24.9178628], [121.3099031, 24.9178942], [121.309886, 24.9179222], [121.3098602, 24.9179441], [121.3098282, 24.9179577]]}}, {"type": "Feature", "properties": {"county": "桃園市", "district": "大溪區", "highway": "residential", "name": "環湖路一段550巷"}, "geometry": {"type": "LineString", "coordinates": [[121.2715102, 24.8183423], [121.2715368, 24.8182485], [121.2719099, 24.8180721], [121.2719867, 24.8180686], [121.2721789, 24.8181263], [121.2724452, 24.8181281], [121.2726363, 24.8180507], [121.2726924, 24.8180022], [121.2726808, 24.8179719], [121.2725977, 24.817951], [121.2724423, 24.8179554], [121.2723416, 24.8179305], [121.2722565, 24.8178867], [121.2721877, 24.8178152], [121.2720387, 24.8177462], [121.2720143, 24.8177093], [121.2720549, 24.8176817], [121.2721051, 24.8176842], [121.2722531, 24.8177515], [121.2723354, 24.8177813], [121.2725286, 24.8177776], [121.2725461, 24.8177509], [121.2725509, 24.8177222], [121.2725455, 24.817698], [121.2725134, 24.8176766], [121.2724161, 24.8176467], [121.2721726, 24.8174831], [121.2720834, 24.8174492], [121.2720163, 24.8174676], [121.2719478, 24.8174763], [121.2719192, 24.8174582], [121.2719165, 24.8174302], [121.2719756, 24.8173907], [121.2724442, 24.8172722], [121.2727332, 24.8172318]]}}, {"type": "Feature", "properties": {"county": "桃園市", "district": "大溪區", "highway": "unclassified", "name": null}, "geometry": {"type": "LineString", "coordinates": [[121.268194, 24.8195585], [121.2678025, 24.8196927], [121.2677191, 24.8196927], [121.2676419, 24.8196982], [121.2675789, 24.8197167], [121.2675016, 24.819761], [121.2671398, 24.8199639]]}}, {"type": "Feature", "properties": {"county": "桃園市", "district": "大溪區", "highway": "residential", "name": null}, "geometry": {"type": "LineString", "coordinates": [[121.2697986, 24.8184159], [121.2697149, 24.8183174], [121.2695009, 24.8182282], [121.2693321, 24.8181321], [121.269318, 24.8180858], [121.2693265, 24.8180395], [121.2693945, 24.8180163], [121.2694136, 24.8180182], [121.2694455, 24.8180215], [121.2697101, 24.8180735]]}}, {"type": "Feature", "properties": {"county": "桃園市", "district": "大溪區", "highway": "residential", "name": null}, "geometry": {"type": "LineString", "coordinates": [[121.2629578, 24.8156902], [121.263143, 24.8156926], [121.263333, 24.8157363], [121.2634379, 24.8158367], [121.2634832, 24.8157981], [121.2634776, 24.8155279], [121.2634974, 24.8154996], [121.2636477, 24.8154867], [121.2637327, 24.815515], [121.2637724, 24.8155459], [121.2638149, 24.8156308], [121.2638858, 24.8158753]]}}, {"type": "Feature", "properties": {"county": "桃園市", "district": "大溪區", "highway": "unclassified", "name": null}, "geometry": {"type": "LineString", "coordinates": [[121.2572313, 24.8106722], [121.2572983, 24.8105488], [121.2574522, 24.8104171], [121.2575516, 24.8103577], [121.2577022, 24.8103158], [121.2578732, 24.8103095]]}}, {"type": "Feature", "properties": {"county": "桃園市", "district": "大溪區", "highway": "residential", "name": null}, "geometry": {"type": "LineString", "coordinates": [[121.2869401, 24.8238005], [121.2868108, 24.8237012], [121.2867484, 24.8234773], [121.2866265, 24.8234078], [121.2865783, 24.8234181]]}}, {"type": "Feature", "properties": {"county": "桃園市", "district": "大溪區", "highway": "residential", "name": "新華路"}, "geometry": {"type": "LineString", "coordinates": [[121.2491966, 24.9160376], [121.2495158, 24.9157525], [121.2500982, 24.915276], [121.250515, 24.9149349], [121.2509068, 24.9146172]]}}, {"type": "Feature", "properties": {"county": "桃園市", "district": "大溪區", "highway": "primary", "name": "信義路"}, "geometry": {"type": "LineString", "coordinates": [[121.314122, 24.8953415], [121.3137253, 24.8954499], [121.313464, 24.8955249], [121.3133513, 24.8955542], [121.3132418, 24.8955725], [121.3131056, 24.8955836], [121.3128332, 24.8955745], [121.3126993, 24.8955542], [121.3125686, 24.8955208], [121.312246, 24.8954307], [121.3119814, 24.8953436], [121.3116732, 24.8952393], [121.3114667, 24.8951522], [121.3109844, 24.8948747], [121.3106704, 24.8947191], [121.3101983, 24.8944831], [121.3100584, 24.8944287], [121.3096887, 24.8942851], [121.3089323, 24.8940754], [121.3083959, 24.8939466], [121.3078594, 24.8937964], [121.3076878, 24.8937535], [121.3074088, 24.8937321], [121.3070011, 24.8937535], [121.3056922, 24.8939037], [121.3053489, 24.8939681], [121.3041902, 24.8943114], [121.3039327, 24.8944187], [121.3039165, 24.8944281], [121.303647, 24.8945847], [121.3034391, 24.8947835], [121.3033533, 24.8948908], [121.3030958, 24.8954916], [121.3030529, 24.8955774], [121.3029242, 24.8957062], [121.3028383, 24.8957705], [121.3027364, 24.8958313], [121.3026426, 24.8958628]]}}, {"type": "Feature", "properties": {"county": "桃園市", "district": "大溪區", "highway": "unclassified", "name": null}, "geometry": {"type": "LineString", "coordinates": [[121.3166778, 24.9251415], [121.3169583, 24.9253409], [121.3170172, 24.9254101], [121.3173195, 24.9255521], [121.3178486, 24.9259732], [121.3189121, 24.9263648], [121.3195763, 24.9265691]]}}, {"type": "Feature", "properties": {"county": "桃園市", "district": "大溪區", "highway": "residential", "name": null}, "geometry": {"type": "LineString", "coordinates": [[121.3109411, 24.8378019], [121.3109735, 24.8379357], [121.3109875, 24.8381575], [121.3109928, 24.8382248]]}}, {"type": "Feature", "properties": {"county": "桃園市", "district": "大溪區", "highway": "unclassified", "name": null}, "geometry": {"type": "LineString", "coordinates": [[121.3161084, 24.8444075], [121.3160253, 24.8443646], [121.3159218, 24.8443106], [121.3156773, 24.8441279], [121.3155632, 24.844061]]}}, {"type": "Feature", "properties": {"county": "桃園市", "district": "大溪區", "highway": "unclassified", "name": null}, "geometry": {"type": "LineString", "coordinates": [[121.3161478, 24.8442787], [121.3161084, 24.8444075]]}}, {"type": "Feature", "properties": {"county": "桃園市", "district": "大溪區", "highway": "residential", "name": null}, "geometry": {"type": "LineString", "coordinates": [[121.2742241, 24.8190564], [121.274518, 24.8190366], [121.2746333, 24.8189999], [121.2747209, 24.8189083], [121.2748188, 24.8187586], [121.274838, 24.8187099], [121.274838, 24.8186781], [121.274804, 24.8186581], [121.2747608, 24.8186883], [121.2746105, 24.8187948], [121.2745315, 24.8188138], [121.2744467, 24.8187664], [121.2743584, 24.8186693], [121.2742546, 24.8185428], [121.2741862, 24.8182975], [121.2741895, 24.8181818], [121.2742572, 24.8181354], [121.2742993, 24.818163], [121.2743146, 24.81824], [121.274356, 24.8183672], [121.2746468, 24.8183454]]}}, {"type": "Feature", "properties": {"county": "桃園市", "district": "大溪區", "highway": "residential", "name": "承恩路332巷"}, "geometry": {"type": "LineString", "coordinates": [[121.3020489, 24.8291002], [121.3018816, 24.8290794], [121.3015474, 24.8289738], [121.3014657, 24.8289327], [121.3013688, 24.8289222], [121.3010602, 24.8291854]]}}, {"type": "Feature", "properties": {"county": "桃園市", "district": "大溪區", "highway": "residential", "name": null}, "geometry": {"type": "LineString", "coordinates": [[121.2498098, 24.914976], [121.2500982, 24.915276]]}}, {"type": "Feature", "properties": {"county": "桃園市", "district": "大溪區", "highway": "unclassified", "name": null}, "geometry": {"type": "LineString", "coordinates": [[121.2509932, 24.9093758], [121.251682, 24.9091773]]}}, {"type": "Feature", "properties": {"county": "桃園市", "district": "大溪區", "highway": "unclassified", "name": null}, "geometry": {"type": "LineString", "coordinates": [[121.2495343, 24.9040857], [121.2492096, 24.9030451]]}}, {"type": "Feature", "properties": {"county": "桃園市", "district": "大溪區", "highway": "unclassified", "name": "東龍街1191巷"}, "geometry": {"type": "LineString", "coordinates": [[121.2508209, 24.9020572], [121.2483293, 24.9017445]]}}, {"type": "Feature", "properties": {"county": "桃園市", "district": "大溪區", "highway": "tertiary", "name": "新興路"}, "geometry": {"type": "LineString", "coordinates": [[121.2698622, 24.9371562], [121.2698404, 24.9371453], [121.2685141, 24.936288], [121.2671134, 24.9353878], [121.2668696, 24.9352311], [121.2665571, 24.9350183], [121.2664391, 24.9349222], [121.2660569, 24.9345246], [121.2658798, 24.934347], [121.2656156, 24.9341038], [121.2652723, 24.933784], [121.2649545, 24.9335103], [121.2646749, 24.9332774]]}}, {"type": "Feature", "properties": {"county": "桃園市", "district": "大溪區", "highway": "tertiary", "name": "永樂橋"}, "geometry": {"type": "LineString", "coordinates": [[121.2699469, 24.9372089], [121.2698622, 24.9371562]]}}, {"type": "Feature", "properties": {"county": "桃園市", "district": "大溪區", "highway": "secondary", "name": "霄裡橋"}, "geometry": {"type": "LineString", "coordinates": [[121.2689996, 24.9329301], [121.2693644, 24.932896]]}}, {"type": "Feature", "properties": {"county": "桃園市", "district": "大溪區", "highway": "secondary", "name": "長興路"}, "geometry": {"type": "LineString", "coordinates": [[121.2643376, 24.9333358], [121.2644904, 24.9332933], [121.2646749, 24.9332774]]}}, {"type": "Feature", "properties": {"county": "桃園市", "district": "大溪區", "highway": "unclassified", "name": "頭寮路280巷"}, "geometry": {"type": "LineString", "coordinates": [[121.2795044, 24.8371877], [121.2793301, 24.8370777], [121.2792108, 24.837017], [121.279091, 24.8369724], [121.2789104, 24.8368701], [121.2783546, 24.8364779], [121.2779474, 24.836247]]}}, {"type": "Feature", "properties": {"county": "桃園市", "district": "大溪區", "highway": "unclassified", "name": null}, "geometry": {"type": "LineString", "coordinates": [[121.276929, 24.8365248], [121.2771793, 24.8352982], [121.2766761, 24.8352592]]}}, {"type": "Feature", "properties": {"county": "桃園市", "district": "大溪區", "highway": "unclassified", "name": null}, "geometry": {"type": "LineString", "coordinates": [[121.276929, 24.8365248], [121.2765432, 24.8364621], [121.2758564, 24.8363326], [121.2757597, 24.8362173]]}}, {"type": "Feature", "properties": {"county": "桃園市", "district": "大溪區", "highway": "unclassified", "name": "信義路328巷"}, "geometry": {"type": "LineString", "coordinates": [[121.3010167, 24.8856604], [121.3009724, 24.8859038], [121.3009883, 24.8862263], [121.3009197, 24.8865883], [121.300845, 24.8873217], [121.3007994, 24.8876794], [121.3004964, 24.888413], [121.3002868, 24.8886019], [121.3001718, 24.8886858], [121.2997726, 24.8889382], [121.2997176, 24.8889597]]}}, {"type": "Feature", "properties": {"county": "桃園市", "district": "大溪區", "highway": "primary", "name": "慈康路"}, "geometry": {"type": "LineString", "coordinates": [[121.2851051, 24.8493917], [121.2850898, 24.8492392], [121.284998, 24.8483235], [121.2849855, 24.8481131]]}}, {"type": "Feature", "properties": {"county": "桃園市", "district": "大溪區", "highway": "tertiary", "name": "環湖路"}, "geometry": {"type": "LineString", "coordinates": [[121.2564898, 24.8211837], [121.2572912, 24.8217502]]}}, {"type": "Feature", "properties": {"county": "桃園市", "district": "大溪區", "highway": "tertiary", "name": "環湖路"}, "geometry": {"type": "LineString", "coordinates": [[121.2559399, 24.8206897], [121.2564898, 24.8211837]]}}, {"type": "Feature", "properties": {"county": "桃園市", "district": "大溪區", "highway": "unclassified", "name": null}, "geometry": {"type": "LineString", "coordinates": [[121.2564898, 24.8211837], [121.2557253, 24.8209257]]}}, {"type": "Feature", "properties": {"county": "桃園市", "district": "大溪區", "highway": "primary", "name": "復興路一段"}, "geometry": {"type": "LineString", "coordinates": [[121.2861246, 24.8487923], [121.286291, 24.8487861], [121.2864176, 24.8488155]]}}, {"type": "Feature", "properties": {"county": "桃園市", "district": "大溪區", "highway": "primary", "name": null}, "geometry": {"type": "LineString", "coordinates": [[121.2854961, 24.8494039], [121.2852123, 24.8493944], [121.2851051, 24.8493917]]}}, {"type": "Feature", "properties": {"county": "桃園市", "district": "大溪區", "highway": "primary", "name": "中正路三坑段"}, "geometry": {"type": "LineString", "coordinates": [[121.2439927, 24.8316004], [121.2441436, 24.8317524], [121.2442213, 24.8318307], [121.2443123, 24.831948], [121.2446035, 24.8323236], [121.2450649, 24.8329163], [121.2453075, 24.8332365], [121.2455665, 24.8335784], [121.2456831, 24.8338121], [121.2457123, 24.8339104], [121.2457649, 24.8340616], [121.2458916, 24.8347262], [121.2460332, 24.8355099], [121.2461002, 24.8361355], [121.2461467, 24.8371615], [121.246166, 24.8375198], [121.2461847, 24.8383335], [121.2461042, 24.8387497], [121.245771, 24.8398831], [121.2455571, 24.8403002], [121.2446954, 24.8412392], [121.2445204, 24.8414421], [121.2444485, 24.8415255], [121.244357, 24.8416622], [121.2442388, 24.8418386], [121.244045, 24.8422663], [121.2439594, 24.8426755], [121.2438753, 24.8432065], [121.2438458, 24.8434109], [121.2438311, 24.8435387], [121.243815, 24.8437845], [121.2438391, 24.8440073], [121.2438565, 24.8441302], [121.243984, 24.8445391], [121.2441409, 24.8450441], [121.2442388, 24.8452486], [121.2443165, 24.8453703], [121.2444024, 24.8454603], [121.2446344, 24.8457208], [121.2451091, 24.8462039], [121.245549, 24.8466737], [121.245769, 24.8468769], [121.2459044, 24.8470254], [121.246005, 24.8471945], [121.2460613, 24.8473771], [121.2460694, 24.8474975], [121.2460684, 24.8475217], [121.2460768, 24.8476382], [121.2460023, 24.8477628], [121.2458956, 24.8479185], [121.2457837, 24.8480111], [121.2454954, 24.8481766], [121.2453791, 24.8482388], [121.244967, 24.8484589], [121.2448111, 24.8485463], [121.244611, 24.8486877]]}}, {"type": "Feature", "properties": {"county": "桃園市", "district": "大溪區", "highway": "unclassified", "name": "大漢隧道"}, "geometry": {"type": "LineString", "coordinates": [[121.2498634, 24.8141469], [121.249972, 24.814205], [121.2510302, 24.8147178]]}}, {"type": "Feature", "properties": {"county": "桃園市", "district": "大溪區", "highway": "unclassified", "name": "環湖路"}, "geometry": {"type": "LineString", "coordinates": [[121.2472741, 24.8116024], [121.2472342, 24.8116712], [121.2471986, 24.8117423], [121.2471986, 24.8118496], [121.24722, 24.8118925], [121.2472731, 24.8119842], [121.2477029, 24.8127265], [121.2477806, 24.8128431], [121.2478316, 24.8129196], [121.2483103, 24.8132296], [121.2487989, 24.8133381], [121.2489313, 24.8133629], [121.2490761, 24.8134132], [121.2492156, 24.8135662], [121.2495589, 24.813931], [121.2498634, 24.8141469]]}}, {"type": "Feature", "properties": {"county": "桃園市", "district": "大溪區", "highway": "tertiary", "name": "環湖路二段"}, "geometry": {"type": "LineString", "coordinates": [[121.3118463, 24.8240021], [121.3118948, 24.8238566], [121.3119712, 24.8236583], [121.3122971, 24.8231007], [121.3124943, 24.8226428], [121.312712, 24.8222454], [121.3127612, 24.8220688], [121.3127826, 24.8219186], [121.3127565, 24.821731], [121.3126984, 24.8215603], [121.312651, 24.8214366], [121.312476, 24.8211909], [121.3121845, 24.8208806], [121.3120343, 24.8207304], [121.3119056, 24.8206445], [121.3117768, 24.8205802], [121.3113539, 24.8204445], [121.3111728, 24.8203374], [121.3110561, 24.820234], [121.3109733, 24.8201427], [121.3108107, 24.8200115], [121.310329, 24.8199158], [121.3102411, 24.8198676], [121.3100522, 24.8196465], [121.3099878, 24.8195392], [121.309939, 24.8194343], [121.3099496, 24.819286], [121.3100576, 24.8190158], [121.3102024, 24.8185521], [121.3103491, 24.8183736], [121.3105383, 24.8182043], [121.3110848, 24.8179203], [121.3111633, 24.8178606], [121.3112135, 24.8178045], [121.3112438, 24.8177401], [121.3112146, 24.8176472], [121.3111717, 24.8175208], [121.3109861, 24.8174132], [121.3107523, 24.8174061], [121.3105939, 24.8173587], [121.3105689, 24.8173399], [121.3105081, 24.8172943], [121.3104437, 24.8172085], [121.3103588, 24.8167768], [121.3102394, 24.8166422], [121.3101353, 24.8165964], [121.3100044, 24.8166129], [121.3098767, 24.8166685], [121.3097812, 24.8167397], [121.3094693, 24.81696], [121.3090877, 24.8172128], [121.3090423, 24.8172841], [121.3090503, 24.8175458], [121.3089846, 24.8176663], [121.3089039, 24.8177362]]}}, {"type": "Feature", "properties": {"county": "桃園市", "district": "大溪區", "highway": "primary", "name": "復興路"}, "geometry": {"type": "LineString", "coordinates": [[121.2927796, 24.8782106], [121.2934345, 24.8778158], [121.2936692, 24.8776639], [121.2938418, 24.8775415], [121.2941838, 24.8773115], [121.2947543, 24.8769332], [121.2951657, 24.8766689], [121.2952825, 24.8765938], [121.2954165, 24.8764098], [121.2954487, 24.8762261], [121.2954179, 24.8760412], [121.2953173, 24.8759025], [121.2951565, 24.8757109], [121.2951081, 24.8755709], [121.2949256, 24.8750435], [121.2946624, 24.874455], [121.2946, 24.8741602], [121.2945638, 24.8739767], [121.2945113, 24.8737175], [121.2944826, 24.8736061]]}}, {"type": "Feature", "properties": {"county": "桃園市", "district": "大溪區", "highway": "primary", "name": "水口橋"}, "geometry": {"type": "LineString", "coordinates": [[121.2944752, 24.8735231], [121.2944826, 24.8736061]]}}, {"type": "Feature", "properties": {"county": "桃園市", "district": "大溪區", "highway": "residential", "name": "復興路一段263巷"}, "geometry": {"type": "LineString", "coordinates": [[121.295974, 24.8602805], [121.2959233, 24.8605334], [121.295872, 24.8606633], [121.2957678, 24.8608227], [121.2955391, 24.8610714], [121.2953787, 24.8612534], [121.2952049, 24.8614404]]}}, {"type": "Feature", "properties": {"county": "桃園市", "district": "大溪區", "highway": "primary", "name": "復興路一段"}, "geometry": {"type": "LineString", "coordinates": [[121.2900183, 24.8529351], [121.2896924, 24.8524666], [121.2891054, 24.8516321], [121.2887533, 24.8511329], [121.2884831, 24.8507524], [121.2881579, 24.850258], [121.2879467, 24.849937], [121.2877965, 24.8497868], [121.2874532, 24.8495078], [121.2868287, 24.8490412], [121.2866496, 24.848939], [121.2865651, 24.8488977], [121.2864176, 24.8488155]]}}, {"type": "Feature", "properties": {"county": "桃園市", "district": "大溪區", "highway": "unclassified", "name": null}, "geometry": {"type": "LineString", "coordinates": [[121.2820699, 24.8895788], [121.2820659, 24.8896688]]}}, {"type": "Feature", "properties": {"county": "桃園市", "district": "大溪區", "highway": "unclassified", "name": null}, "geometry": {"type": "LineString", "coordinates": [[121.2862488, 24.8942628], [121.2863322, 24.8943165]]}}, {"type": "Feature", "properties": {"county": "桃園市", "district": "大溪區", "highway": "residential", "name": "貿三路"}, "geometry": {"type": "LineString", "coordinates": [[121.2524844, 24.9266253], [121.2524913, 24.9266779], [121.2524271, 24.9270197], [121.252196, 24.9280497]]}}, {"type": "Feature", "properties": {"county": "桃園市", "district": "大溪區", "highway": "primary", "name": "九座寮橋"}, "geometry": {"type": "LineString", "coordinates": [[121.2458575, 24.8783278], [121.2460211, 24.8783874]]}}, {"type": "Feature", "properties": {"county": "桃園市", "district": "大溪區", "highway": "primary", "name": "信義路"}, "geometry": {"type": "LineString", "coordinates": [[121.3025856, 24.8958055], [121.3027096, 24.8957491], [121.3028812, 24.8956633], [121.3029885, 24.8955345], [121.3030744, 24.8953843], [121.303246, 24.8949552], [121.3033533, 24.8947835], [121.3034821, 24.8946333], [121.3036061, 24.8945369], [121.3038853, 24.8943691], [121.3039112, 24.8943543], [121.3044477, 24.8941612], [121.3051772, 24.8939466], [121.3054991, 24.8938823], [121.3058639, 24.8938179], [121.3070011, 24.8936892], [121.3074088, 24.8936677], [121.3077092, 24.8936892], [121.3080525, 24.8937535], [121.3084173, 24.8938608], [121.3089538, 24.894011], [121.3097249, 24.8942296], [121.3102198, 24.8944187], [121.3106918, 24.8946548], [121.3110447, 24.8948281], [121.3115158, 24.8951066], [121.3117849, 24.8952109], [121.3120278, 24.8952964], [121.3124916, 24.8954337], [121.3128388, 24.8955157], [121.3129728, 24.8955208], [121.3131068, 24.8955157], [121.3133278, 24.8954975], [121.3137945, 24.8953679], [121.3140937, 24.8952837]]}}, {"type": "Feature", "properties": {"county": "桃園市", "district": "大溪區", "highway": "primary", "name": "信義路"}, "geometry": {"type": "LineString", "coordinates": [[121.2860379, 24.887578], [121.2862501, 24.8875132]]}}, {"type": "Feature", "properties": {"county": "桃園市", "district": "大溪區", "highway": "unclassified", "name": "瑞安路一段287巷"}, "geometry": {"type": "LineString", "coordinates": [[121.2804826, 24.8853972], [121.280358, 24.8854586], [121.2802113, 24.8855786]]}}, {"type": "Feature", "properties": {"county": "桃園市", "district": "大溪區", "highway": "unclassified", "name": "永福路"}, "geometry": {"type": "LineString", "coordinates": [[121.2591169, 24.8425635], [121.2592949, 24.8425253], [121.2595018, 24.8425273], [121.2597011, 24.8425409], [121.2598016, 24.8425296]]}}, {"type": "Feature", "properties": {"county": "桃園市", "district": "大溪區", "highway": "primary", "name": "中正路三坑段"}, "geometry": {"type": "LineString", "coordinates": [[121.2444747, 24.8414071], [121.2445494, 24.8413099], [121.2450705, 24.8407434], [121.2453529, 24.8404513], [121.2454721, 24.8402767], [121.2455815, 24.8400807], [121.2456869, 24.8398801], [121.2457572, 24.8396444], [121.2458785, 24.8391965], [121.2460562, 24.8386075], [121.2460964, 24.8382746], [121.2460841, 24.8374605], [121.2460523, 24.8370982], [121.2460069, 24.8360913], [121.2459828, 24.8357278], [121.2459597, 24.8355134], [121.2458145, 24.8347369], [121.2457895, 24.8345566], [121.2457057, 24.8340835], [121.2456656, 24.8339485], [121.2455903, 24.8337209], [121.2452116, 24.8332154], [121.2441824, 24.831912], [121.2441114, 24.8318221], [121.2439927, 24.8316004]]}}, {"type": "Feature", "properties": {"county": "桃園市", "district": "大溪區", "highway": "primary", "name": "中正路三坑段"}, "geometry": {"type": "LineString", "coordinates": [[121.244399, 24.8415083], [121.2444747, 24.8414071]]}}, {"type": "Feature", "properties": {"county": "桃園市", "district": "大溪區", "highway": "motorway_link", "name": "三鶯交流道"}, "geometry": {"type": "LineString", "coordinates": [[121.3554568, 24.935569], [121.3557096, 24.9355764], [121.3560797, 24.9355689], [121.3564866, 24.9355149], [121.3568803, 24.9353465], [121.3573779, 24.9351022], [121.3577452, 24.9349692]]}}, {"type": "Feature", "properties": {"county": "桃園市", "district": "大溪區", "highway": "primary", "name": "康莊路三段"}, "geometry": {"type": "LineString", "coordinates": [[121.2723418, 24.8379366], [121.2723324, 24.8382153], [121.2722841, 24.838724], [121.2722766, 24.8388147], [121.2722439, 24.8392108], [121.2722397, 24.8394442], [121.2723322, 24.840025], [121.2723578, 24.8402512], [121.272361, 24.8403687], [121.2723652, 24.8405262], [121.2723255, 24.8411608], [121.2722882, 24.8418363], [121.2722774, 24.8422723], [121.2722919, 24.8426413], [121.2723274, 24.8429486], [121.2723335, 24.8430015], [121.2723659, 24.8432605], [121.272374, 24.8434698], [121.2724142, 24.8438154], [121.2724356, 24.8440466], [121.2725401, 24.8450661], [121.2726044, 24.8456918], [121.272676, 24.8459841], [121.2727547, 24.8461175], [121.2731409, 24.8466539], [121.2734199, 24.8469973], [121.2736988, 24.8473406], [121.2748065, 24.8487641], [121.275048, 24.8490767], [121.2753296, 24.8495078], [121.2753571, 24.8495541], [121.2757373, 24.8501945], [121.2759733, 24.8504734], [121.2760806, 24.8506021], [121.2768102, 24.8513746], [121.2768382, 24.8514042], [121.2774298, 24.8520291], [121.2775901, 24.8521769], [121.2778187, 24.8523402], [121.2781219, 24.8525283], [121.2783084, 24.8526135], [121.2787609, 24.8528012], [121.2791491, 24.852941], [121.2792342, 24.8529599], [121.2796426, 24.8531127], [121.2799001, 24.8531985], [121.2803449, 24.8533634], [121.281053, 24.8536324], [121.2810732, 24.853642], [121.2813453, 24.8537638], [121.2815747, 24.8538867], [121.2818107, 24.8540461], [121.2819556, 24.8541556], [121.2820888, 24.8542929], [121.2822627, 24.8545012], [121.2824316, 24.8547677], [121.2825269, 24.8549235], [121.2826663, 24.8552362], [121.2827347, 24.855437], [121.2827844, 24.8556341], [121.282838, 24.8559371], [121.2830834, 24.8575897], [121.2831089, 24.8578794], [121.283102, 24.8580565], [121.2830995, 24.8581191], [121.2830646, 24.8584026], [121.2830037, 24.8587436]]}}, {"type": "Feature", "properties": {"county": "桃園市", "district": "大溪區", "highway": "primary", "name": "康莊路五段"}, "geometry": {"type": "LineString", "coordinates": [[121.2722604, 24.8379545], [121.2722188, 24.8376186], [121.2720069, 24.836774], [121.2718832, 24.8363416], [121.2716914, 24.8358646], [121.2716162, 24.8356333], [121.2715747, 24.8354191], [121.2715854, 24.8348946], [121.2715653, 24.834056], [121.271517, 24.8334377], [121.2714794, 24.8327196], [121.2714231, 24.832436], [121.2712045, 24.8317471], [121.2710474, 24.8313996], [121.2708837, 24.8311355], [121.2706734, 24.8309195], [121.2704251, 24.8306985], [121.2699718, 24.8302762], [121.2694796, 24.8298173], [121.2692208, 24.8295836], [121.2691924, 24.829561], [121.2687004, 24.8291698], [121.2684417, 24.828957], [121.2679239, 24.8284298], [121.2676423, 24.8281657], [121.2674261, 24.8279997], [121.2673633, 24.8279514], [121.2668725, 24.827598], [121.2666799, 24.8274366], [121.2665038, 24.8272538], [121.2664063, 24.8271359], [121.2662637, 24.8269712], [121.2660612, 24.8267959], [121.2658051, 24.826593], [121.2651372, 24.8261189], [121.2644291, 24.8256469], [121.263721, 24.8252392], [121.2629458, 24.8247966], [121.262331, 24.8244254], [121.2622096, 24.8243521], [121.2612226, 24.823655], [121.2609757, 24.823508], [121.2607587, 24.8233969], [121.2605587, 24.8232941], [121.2596722, 24.8229355], [121.2589226, 24.8227054], [121.2587333, 24.8226536], [121.2585564, 24.8225881], [121.2582493, 24.8224068], [121.2580373, 24.8222658], [121.2579499, 24.822183]]}}, {"type": "Feature", "properties": {"county": "桃園市", "district": "大溪區", "highway": "residential", "name": "介壽路二段901巷49弄"}, "geometry": {"type": "LineString", "coordinates": [[121.2986863, 24.9394592], [121.298702, 24.9393631], [121.2987708, 24.9389904], [121.2988149, 24.9387027], [121.2988248, 24.9386012], [121.2988311, 24.9385367], [121.2988353, 24.9384157], [121.2988403, 24.9382739], [121.2988801, 24.9377355], [121.2989529, 24.9366891], [121.2989529, 24.9365961], [121.2989395, 24.9363061]]}}, {"type": "Feature", "properties": {"county": "桃園市", "district": "大溪區", "highway": "unclassified", "name": null}, "geometry": {"type": "LineString", "coordinates": [[121.2900064, 24.8501591], [121.2900768, 24.8501122], [121.2905207, 24.8501508], [121.2907174, 24.8501961], [121.2908153, 24.8501906], [121.2908802, 24.8501675], [121.2910494, 24.8500823], [121.2911532, 24.85008], [121.291234, 24.8501082], [121.2914548, 24.8504652], [121.2917008, 24.850693], [121.2919122, 24.8508932], [121.2920994, 24.8510208], [121.2922052, 24.8511011], [121.2922302, 24.8511778], [121.2922302, 24.8512564], [121.2922032, 24.8513087], [121.2921456, 24.8513227], [121.2920763, 24.8513035], [121.2917573, 24.851118], [121.2916828, 24.8510373], [121.2915492, 24.8508363], [121.2914906, 24.850807], [121.291324, 24.850656]]}}, {"type": "Feature", "properties": {"county": "桃園市", "district": "大溪區", "highway": "residential", "name": null}, "geometry": {"type": "LineString", "coordinates": [[121.2930485, 24.8527082], [121.2930805, 24.8526459], [121.2930843, 24.8525604], [121.2931439, 24.8524784], [121.2932016, 24.8523946], [121.2931984, 24.8523751], [121.2931093, 24.8523268]]}}, {"type": "Feature", "properties": {"county": "桃園市", "district": "大溪區", "highway": "primary", "name": "復興路三段"}, "geometry": {"type": "LineString", "coordinates": [[121.3413482, 24.8266558], [121.3413942, 24.8266373], [121.3417418, 24.8264539], [121.3418759, 24.8263687], [121.341916, 24.8263063], [121.3419134, 24.826219], [121.3418732, 24.8261546], [121.3417868, 24.8261157], [121.3416682, 24.8261157], [121.341219, 24.8261291], [121.3409686, 24.826076], [121.3407755, 24.8260117], [121.3406904, 24.825938], [121.3406418, 24.8258631], [121.3406285, 24.8257549], [121.3406521, 24.8256386], [121.3407566, 24.8255063], [121.3409571, 24.8252821], [121.3414208, 24.8247979], [121.3419229, 24.8243355], [121.3426077, 24.8234681], [121.3427122, 24.8233906], [121.3428094, 24.8233451], [121.3430848, 24.8232689], [121.3433234, 24.8232021], [121.3433594, 24.8231869], [121.3434792, 24.8231363], [121.343559, 24.8230791], [121.3436429, 24.8229896], [121.3439298, 24.8225999], [121.3440072, 24.8225034], [121.3442261, 24.8222304], [121.3443105, 24.8221487], [121.3445559, 24.821911], [121.344659, 24.8217827], [121.3447105, 24.8216544], [121.3447385, 24.8214953], [121.3447459, 24.8212654], [121.3446958, 24.820926], [121.3445456, 24.8204501], [121.3445147, 24.8202537], [121.3445383, 24.8201441], [121.3445927, 24.8200385], [121.3446781, 24.8199556], [121.3447562, 24.8198968], [121.3448563, 24.8198487], [121.3449432, 24.8198326], [121.3451656, 24.8198206], [121.3452719, 24.8198295], [121.3453732, 24.819838], [121.3455853, 24.8199142], [121.345974, 24.820239], [121.3463759, 24.8207545], [121.3467663, 24.8213563], [121.3467898, 24.8214686], [121.3467854, 24.8216103], [121.3467457, 24.8217105], [121.3465261, 24.8220634], [121.3465047, 24.8221493], [121.3464832, 24.8222995], [121.3465047, 24.8224068], [121.3465261, 24.8224497], [121.3465691, 24.8224926], [121.3466378, 24.8225046], [121.3466978, 24.8224926], [121.3467622, 24.8224711], [121.3471055, 24.8221064], [121.3473201, 24.8219562], [121.3474488, 24.8218918], [121.3475614, 24.8218577], [121.347658, 24.8218675], [121.3477278, 24.8219132], [121.3481784, 24.8224497], [121.348206, 24.822514], [121.3482428, 24.8225999], [121.3483235, 24.82294], [121.3483759, 24.8230462], [121.3484459, 24.8231062], [121.3485191, 24.8231379], [121.3486281, 24.8231491], [121.3487328, 24.823137], [121.3489104, 24.8230979], [121.3491458, 24.8230605], [121.3492084, 24.8230505], [121.349386, 24.8230564], [121.3495613, 24.8230992], [121.3497512, 24.8231901], [121.3499176, 24.823313], [121.3500134, 24.8234159], [121.3500653, 24.8234871], [121.3500914, 24.8235229], [121.3501989, 24.8236939], [121.3503027, 24.8238015], [121.3504507, 24.8238984], [121.3505602, 24.8239303], [121.3507034, 24.8239229], [121.3510959, 24.8239149], [121.3512113, 24.8239201], [121.3512837, 24.8239321], [121.3514849, 24.8239928], [121.3528496, 24.8243408], [121.3531662, 24.824413], [121.3532619, 24.8244785], [121.3533606, 24.8245854], [121.3537721, 24.8251065], [121.3539008, 24.8252138], [121.354051, 24.8252996], [121.3541852, 24.8253272]]}}, {"type": "Feature", "properties": {"county": "桃園市", "district": "大溪區", "highway": "unclassified", "name": "埔頂路一段245巷338弄"}, "geometry": {"type": "LineString", "coordinates": [[121.2668727, 24.8954828], [121.2666475, 24.8955575]]}}, {"type": "Feature", "properties": {"county": "桃園市", "district": "大溪區", "highway": "unclassified", "name": "埔頂路一段245巷338弄"}, "geometry": {"type": "LineString", "coordinates": [[121.2669973, 24.8954527], [121.2668727, 24.8954828]]}}, {"type": "Feature", "properties": {"county": "桃園市", "district": "大溪區", "highway": "motorway_link", "name": "三鶯交流道"}, "geometry": {"type": "LineString", "coordinates": [[121.3561914, 24.9361724], [121.3566819, 24.936353], [121.3595645, 24.9377055], [121.3598699, 24.937855], [121.360014, 24.9379373], [121.3601358, 24.9380142], [121.3606126, 24.9383874]]}}, {"type": "Feature", "properties": {"county": "桃園市", "district": "大溪區", "highway": "unclassified", "name": "員東路"}, "geometry": {"type": "LineString", "coordinates": [[121.249304, 24.8859536], [121.249702, 24.8859232], [121.2499166, 24.88595], [121.2500024, 24.885995], [121.2501298, 24.8861373], [121.2502532, 24.8862943], [121.2503353, 24.8864452], [121.2503855, 24.8866301], [121.2504461, 24.8867706], [121.2505212, 24.8868509], [121.2505642, 24.8868996], [121.2506446, 24.8869458], [121.2507761, 24.8869872], [121.2508994, 24.886992], [121.2509638, 24.8870018], [121.2510644, 24.8870225], [121.251172, 24.8870553], [121.251232, 24.8870857], [121.2512753, 24.8871156], [121.2518774, 24.8873019], [121.2519447, 24.8873227]]}}, {"type": "Feature", "properties": {"county": "桃園市", "district": "大溪區", "highway": "tertiary", "name": "圳南路"}, "geometry": {"type": "LineString", "coordinates": [[121.2435841, 24.9245614], [121.2436701, 24.9246547], [121.2436928, 24.9247342], [121.2439389, 24.9254524]]}}, {"type": "Feature", "properties": {"county": "桃園市", "district": "大溪區", "highway": "residential", "name": null}, "geometry": {"type": "LineString", "coordinates": [[121.3513989, 24.9167308], [121.3514011, 24.9168744], [121.3514621, 24.9169851], [121.3514459, 24.9170393], [121.3513742, 24.9170685], [121.3512837, 24.9170441], [121.3512696, 24.9169554]]}}, {"type": "Feature", "properties": {"county": "桃園市", "district": "大溪區", "highway": "residential", "name": null}, "geometry": {"type": "LineString", "coordinates": [[121.3532136, 24.9168866], [121.3532994, 24.9168617]]}}, {"type": "Feature", "properties": {"county": "桃園市", "district": "大溪區", "highway": "residential", "name": null}, "geometry": {"type": "LineString", "coordinates": [[121.3522244, 24.9168331], [121.3520662, 24.9169906], [121.3519234, 24.9170794], [121.3517457, 24.9172412]]}}, {"type": "Feature", "properties": {"county": "桃園市", "district": "大溪區", "highway": "residential", "name": null}, "geometry": {"type": "LineString", "coordinates": [[121.3494933, 24.9158826], [121.3494658, 24.9159276], [121.3492654, 24.9159014], [121.3491601, 24.9159203], [121.3490387, 24.9161867], [121.3489227, 24.9163728], [121.348806, 24.9165066]]}}, {"type": "Feature", "properties": {"county": "桃園市", "district": "大溪區", "highway": "residential", "name": null}, "geometry": {"type": "LineString", "coordinates": [[121.3501553, 24.9161934], [121.349954, 24.9162925], [121.349777, 24.9164433], [121.3497502, 24.9166671], [121.3494068, 24.9168228], [121.3492459, 24.9172315], [121.3491762, 24.9176012], [121.3490045, 24.9179904], [121.348924, 24.9182045], [121.3487202, 24.9183893]]}}, {"type": "Feature", "properties": {"county": "桃園市", "district": "大溪區", "highway": "residential", "name": null}, "geometry": {"type": "LineString", "coordinates": [[121.3537579, 24.9182774], [121.3530976, 24.9185523], [121.352419, 24.9191994], [121.3522983, 24.9195594], [121.3521722, 24.9198172], [121.3520542, 24.9199601], [121.3519308, 24.9200568]]}}, {"type": "Feature", "properties": {"county": "桃園市", "district": "大溪區", "highway": "residential", "name": null}, "geometry": {"type": "LineString", "coordinates": [[121.3559186, 24.919833], [121.3557838, 24.9199236], [121.3555162, 24.9198841], [121.3553385, 24.9198853], [121.3550898, 24.9199376], [121.354963, 24.9199838]]}}, {"type": "Feature", "properties": {"county": "桃園市", "district": "大溪區", "highway": "residential", "name": null}, "geometry": {"type": "LineString", "coordinates": [[121.3563703, 24.9191567], [121.3561701, 24.9191872], [121.3561144, 24.9191708]]}}, {"type": "Feature", "properties": {"county": "桃園市", "district": "大溪區", "highway": "residential", "name": null}, "geometry": {"type": "LineString", "coordinates": [[121.3563675, 24.9196823], [121.3563703, 24.9191567], [121.356398, 24.9190291], [121.3564128, 24.918961]]}}, {"type": "Feature", "properties": {"county": "桃園市", "district": "大溪區", "highway": "unclassified", "name": null}, "geometry": {"type": "LineString", "coordinates": [[121.3440048, 24.9222728], [121.3440987, 24.9224479], [121.3442556, 24.9226377], [121.3443026, 24.9227386], [121.34432, 24.9230305], [121.344245, 24.9231168], [121.3441417, 24.9231278]]}}, {"type": "Feature", "properties": {"county": "桃園市", "district": "大溪區", "highway": "unclassified", "name": null}, "geometry": {"type": "LineString", "coordinates": [[121.3470415, 24.9162372], [121.3469479, 24.9162578], [121.3468601, 24.916315], [121.3467548, 24.9164628], [121.3466717, 24.9166489], [121.3465771, 24.9167632], [121.3464987, 24.9168349], [121.3464557, 24.9169675], [121.3463987, 24.9170916], [121.3461687, 24.9173482], [121.3460669, 24.9176249], [121.3459958, 24.9178511], [121.3460467, 24.9179764], [121.345979, 24.9180962], [121.3458462, 24.9182203], [121.3457737, 24.9183383], [121.3457376, 24.9184964], [121.3456397, 24.9185243], [121.3455726, 24.9185146], [121.3454573, 24.9183638], [121.3453768, 24.9183662], [121.345295, 24.9185596], [121.3452212, 24.9186496], [121.345114, 24.9187372], [121.3449061, 24.9189537], [121.3448806, 24.9192128], [121.3445877, 24.9197019], [121.344481, 24.9198732], [121.3444448, 24.9200642], [121.3444702, 24.9203597], [121.3445118, 24.9204728], [121.3446835, 24.920654], [121.3446687, 24.9207562], [121.3443495, 24.9210979], [121.3442489, 24.9212402], [121.3441618, 24.9217291], [121.3442939, 24.9218951], [121.3443301, 24.9220034], [121.3442865, 24.9220989], [121.3440833, 24.9222035], [121.3440048, 24.9222728], [121.3439673, 24.9223591], [121.3439995, 24.9224443], [121.3441068, 24.9225927], [121.3441564, 24.9227459], [121.3440652, 24.9228237], [121.3438654, 24.9228578], [121.3436682, 24.9229368], [121.3434698, 24.9230414], [121.3432646, 24.9232251]]}}, {"type": "Feature", "properties": {"county": "桃園市", "district": "大溪區", "highway": "residential", "name": "信義路789巷83弄"}, "geometry": {"type": "LineString", "coordinates": [[121.3180835, 24.9035515], [121.3180652, 24.90362], [121.3179881, 24.903665], [121.3178432, 24.9036948], [121.317508, 24.9040725]]}}, {"type": "Feature", "properties": {"county": "桃園市", "district": "大溪區", "highway": "residential", "name": null}, "geometry": {"type": "LineString", "coordinates": [[121.3319111, 24.9226078], [121.3320281, 24.922482], [121.3320288, 24.9224248], [121.3319188, 24.9222922], [121.3318384, 24.9219408], [121.3318491, 24.9217218], [121.3318719, 24.9215552], [121.3318209, 24.9213825], [121.3317525, 24.9212354], [121.3316359, 24.9210748], [121.3316184, 24.9210152], [121.3316399, 24.9209811], [121.3316976, 24.9209921], [121.3317727, 24.9210444], [121.3318169, 24.921093], [121.3318411, 24.9212171], [121.3320006, 24.9213266], [121.3320141, 24.921371], [121.3320724, 24.9213837], [121.3321415, 24.9212992]]}}, {"type": "Feature", "properties": {"county": "桃園市", "district": "大溪區", "highway": "secondary", "name": "長興路"}, "geometry": {"type": "LineString", "coordinates": [[121.2824736, 24.9307424], [121.2833056, 24.9304335]]}}, {"type": "Feature", "properties": {"county": "桃園市", "district": "大溪區", "highway": "tertiary", "name": "仁德路"}, "geometry": {"type": "LineString", "coordinates": [[121.2825148, 24.9360463], [121.2826664, 24.9360506], [121.2830803, 24.9360623], [121.283157, 24.9360644], [121.2835055, 24.9360743], [121.2835627, 24.9360759], [121.2840062, 24.9360884], [121.2841066, 24.9360912], [121.2842017, 24.9360939], [121.2847171, 24.9361084], [121.2848753, 24.9361129], [121.2849962, 24.9360791], [121.285419, 24.9359227], [121.2855431, 24.9358683], [121.2856389, 24.9358244], [121.286725, 24.9353267], [121.287608, 24.9349152]]}}, {"type": "Feature", "properties": {"county": "桃園市", "district": "大溪區", "highway": "tertiary", "name": "建國路"}, "geometry": {"type": "LineString", "coordinates": [[121.287608, 24.9349152], [121.2876926, 24.9350454], [121.2878843, 24.935319], [121.2879581, 24.9354211], [121.2880133, 24.9355282], [121.2880761, 24.9356625], [121.2881754, 24.935986], [121.2882774, 24.9363727], [121.2883068, 24.9365017], [121.2883269, 24.9366537], [121.2883403, 24.9369797], [121.2883379, 24.9371942], [121.2883349, 24.9374685], [121.2883141, 24.9378642], [121.2883107, 24.9380379], [121.2883064, 24.9382562], [121.2882843, 24.938884], [121.2882595, 24.9391942], [121.2882417, 24.9392702], [121.2882216, 24.9393369], [121.2882154, 24.939395], [121.2881566, 24.9397097], [121.2880612, 24.9401413], [121.2880104, 24.9403907], [121.2879615, 24.9406482], [121.2878731, 24.9410909], [121.287861, 24.9411481], [121.2877396, 24.9417052], [121.287686, 24.9419662], [121.2876745, 24.9420307], [121.2876456, 24.9421929], [121.2876255, 24.9423388], [121.2876191, 24.9424219], [121.2876233, 24.9427007], [121.2876711, 24.9429804], [121.2877288, 24.9432532], [121.2877516, 24.9434223], [121.2877921, 24.9436645], [121.2878652, 24.9440106], [121.2879031, 24.9441944], [121.2879644, 24.9443931], [121.2880329, 24.9445398], [121.2881005, 24.9446557], [121.2883567, 24.9451304], [121.2884815, 24.9453616], [121.2886662, 24.9457083], [121.2887209, 24.9458312], [121.2887896, 24.9459856], [121.2889599, 24.9465095], [121.2890154, 24.9466826], [121.2890913, 24.9468665], [121.2891843, 24.9472192], [121.2892724, 24.9475097], [121.2893998, 24.947855], [121.289406, 24.9478776], [121.2894594, 24.9480721], [121.2895071, 24.9482405], [121.2895257, 24.9483456], [121.2895487, 24.9484752], [121.2895755, 24.948688], [121.289599, 24.9489403], [121.2896054, 24.9490086]]}}, {"type": "Feature", "properties": {"county": "桃園市", "district": "大溪區", "highway": "tertiary", "name": "仁德路"}, "geometry": {"type": "LineString", "coordinates": [[121.287608, 24.9349152], [121.2884741, 24.9345527], [121.2884958, 24.9345436], [121.2887762, 24.934436], [121.2889294, 24.9344002], [121.289112, 24.9343741], [121.2892714, 24.9343717], [121.2905375, 24.9343427], [121.2910571, 24.9343204], [121.2914595, 24.9343089]]}}, {"type": "Feature", "properties": {"county": "桃園市", "district": "大溪區", "highway": "residential", "name": null}, "geometry": {"type": "LineString", "coordinates": [[121.244503, 24.8354661], [121.2445378, 24.8356608], [121.2445217, 24.8357533], [121.24446, 24.8357047]]}}, {"type": "Feature", "properties": {"county": "桃園市", "district": "大溪區", "highway": "residential", "name": null}, "geometry": {"type": "LineString", "coordinates": [[121.2436581, 24.8343586], [121.2442294, 24.8350742], [121.244503, 24.8354661], [121.244621, 24.8354174], [121.2446183, 24.835303], [121.2445807, 24.8352446]]}}, {"type": "Feature", "properties": {"county": "桃園市", "district": "大溪區", "highway": "residential", "name": null}, "geometry": {"type": "LineString", "coordinates": [[121.244805, 24.8353153], [121.2447122, 24.8352982], [121.2443286, 24.8346288], [121.2442535, 24.8344486], [121.2438539, 24.8341517], [121.2436581, 24.8343586], [121.2432155, 24.8339253]]}}, {"type": "Feature", "properties": {"county": "桃園市", "district": "大溪區", "highway": "primary", "name": "快速路一段"}, "geometry": {"type": "LineString", "coordinates": [[121.236038, 24.9019638], [121.2371145, 24.9013537], [121.2379535, 24.9009849], [121.2385642, 24.9007183], [121.2401003, 24.9001606], [121.2410374, 24.8998905], [121.2413583, 24.8998149], [121.2422011, 24.8996164], [121.2436344, 24.8993479], [121.2444224, 24.8992719], [121.2459862, 24.8990952], [121.2471131, 24.8990161]]}}, {"type": "Feature", "properties": {"county": "桃園市", "district": "大溪區", "highway": "trunk_link", "name": "大溪系統交流道"}, "geometry": {"type": "LineString", "coordinates": [[121.2650795, 24.8939824], [121.2648281, 24.8935833], [121.2646429, 24.893402], [121.2644497, 24.8932636], [121.2642193, 24.8931605], [121.2639899, 24.8930876], [121.2637168, 24.8930824], [121.263462, 24.893098], [121.2632458, 24.8931564], [121.263033, 24.8932423], [121.2628384, 24.893357], [121.2626454, 24.8935121], [121.2625283, 24.8936425], [121.262364, 24.8939143], [121.2622397, 24.8941572], [121.2621552, 24.8943682], [121.262056, 24.8947724], [121.2619951, 24.8951869], [121.2619606, 24.8955401], [121.2619631, 24.8958333], [121.2619906, 24.8960723], [121.2620732, 24.8965532], [121.2621182, 24.8967581], [121.2621488, 24.89695], [121.2621545, 24.8971097], [121.2621542, 24.8972783], [121.2621449, 24.897378], [121.2621205, 24.8974681], [121.262062, 24.8976353], [121.2619893, 24.8977808], [121.2618767, 24.8979249], [121.2617495, 24.8980379], [121.2615537, 24.898174], [121.2613637, 24.898259], [121.2612145, 24.8983036], [121.2609802, 24.8983536], [121.2606148, 24.8983837], [121.2601359, 24.8984212], [121.2592784, 24.89848], [121.2581876, 24.8985505], [121.2577333, 24.8985393], [121.2574577, 24.898527], [121.2568435, 24.8985154]]}}, {"type": "Feature", "properties": {"county": "桃園市", "district": "大溪區", "highway": "trunk_link", "name": "大溪系統交流道"}, "geometry": {"type": "LineString", "coordinates": [[121.2655633, 24.8937264], [121.2662662, 24.8952329], [121.2664631, 24.8956235]]}}, {"type": "Feature", "properties": {"county": "桃園市", "district": "大溪區", "highway": "motorway_link", "name": "大溪交流道"}, "geometry": {"type": "LineString", "coordinates": [[121.2638907, 24.8913313], [121.2637724, 24.8911629], [121.263639, 24.8910356], [121.2635038, 24.8909479], [121.2633633, 24.8909086], [121.26316, 24.8908948], [121.2629915, 24.8909471], [121.2628894, 24.890993], [121.2628047, 24.8910633], [121.2627485, 24.8911331], [121.2627001, 24.8912314], [121.2626745, 24.8913239], [121.2626632, 24.8914511], [121.2626733, 24.891565], [121.2626959, 24.8916448], [121.2627393, 24.8917295], [121.2628222, 24.89182], [121.2629259, 24.8918997], [121.2630395, 24.8919566], [121.2632155, 24.8920128], [121.2633897, 24.8920531], [121.2635702, 24.892061]]}}, {"type": "Feature", "properties": {"county": "桃園市", "district": "大溪區", "highway": "motorway_link", "name": "大溪交流道"}, "geometry": {"type": "LineString", "coordinates": [[121.2638907, 24.8913313], [121.2630093, 24.8894525]]}}, {"type": "Feature", "properties": {"county": "桃園市", "district": "大溪區", "highway": "unclassified", "name": "美國路"}, "geometry": {"type": "LineString", "coordinates": [[121.244613, 24.8340932], [121.2446363, 24.8341305], [121.2447051, 24.8342615], [121.2447217, 24.834326], [121.2447006, 24.8346576], [121.2446728, 24.8349353], [121.2447377, 24.8351584], [121.244805, 24.8353153], [121.2448615, 24.8354965], [121.2448581, 24.8358713], [121.2451697, 24.8370784], [121.2452714, 24.8376906], [121.2453224, 24.8381058], [121.2452571, 24.8384411], [121.2451134, 24.8389671], [121.2449842, 24.8394181], [121.2448641, 24.8396018], [121.2447716, 24.8396663], [121.244604, 24.8397114], [121.2445168, 24.839698], [121.2444028, 24.8396517], [121.2442539, 24.8395142], [121.2440313, 24.8392063], [121.2438529, 24.8390128], [121.2437564, 24.838958], [121.2432508, 24.8388412], [121.2425118, 24.8386684], [121.2423024, 24.8386011], [121.2422275, 24.8385771], [121.2421336, 24.8385114], [121.2416348, 24.8380331], [121.2414679, 24.8379447], [121.241347, 24.837909], [121.2410691, 24.8378269], [121.2404569, 24.8378048]]}}, {"type": "Feature", "properties": {"county": "桃園市", "district": "大溪區", "highway": "unclassified", "name": "美國路"}, "geometry": {"type": "LineString", "coordinates": [[121.2445763, 24.8340116], [121.244613, 24.8340932]]}}, {"type": "Feature", "properties": {"county": "桃園市", "district": "大溪區", "highway": "unclassified", "name": null}, "geometry": {"type": "LineString", "coordinates": [[121.2935306, 24.8952516], [121.2938182, 24.8955852], [121.2940361, 24.895746], [121.2944327, 24.8959672], [121.2950768, 24.8962494], [121.295251, 24.8963562], [121.2954223, 24.8964844], [121.2956999, 24.8965437], [121.2961608, 24.8966635], [121.2965766, 24.8967659], [121.2966821, 24.8967919], [121.2972227, 24.8968381], [121.2973252, 24.8968596], [121.2974148, 24.8969142], [121.2980034, 24.8973309], [121.2980243, 24.8973517], [121.2984986, 24.8978245], [121.2988604, 24.8981852], [121.2995087, 24.8988272], [121.2996745, 24.8989373], [121.3002244, 24.8993229], [121.3004852, 24.8995838], [121.300573, 24.8996565], [121.3006733, 24.8998744]]}}, {"type": "Feature", "properties": {"county": "桃園市", "district": "大溪區", "highway": "unclassified", "name": "月湖路"}, "geometry": {"type": "LineString", "coordinates": [[121.3007184, 24.8999747], [121.3007479, 24.9000527], [121.3010515, 24.9007285], [121.3013044, 24.9013449], [121.301398, 24.9015726], [121.3014198, 24.9016255], [121.301441, 24.9017281], [121.3014388, 24.9018212], [121.3013838, 24.9019784], [121.3012805, 24.902159], [121.3012188, 24.9023098], [121.3012087, 24.9024086], [121.3012242, 24.9025069], [121.3013529, 24.9027453], [121.3016024, 24.9030032], [121.3018875, 24.9031986], [121.3020998, 24.9033157], [121.3023537, 24.9033879], [121.302607, 24.9034107], [121.3027283, 24.90342], [121.3028281, 24.9034319], [121.3030414, 24.9035108]]}}, {"type": "Feature", "properties": {"county": "桃園市", "district": "大溪區", "highway": "unclassified", "name": "月湖路"}, "geometry": {"type": "LineString", "coordinates": [[121.3033896, 24.9036203], [121.3034706, 24.9036364], [121.303547, 24.9036267], [121.3036351, 24.9035833], [121.3037568, 24.9035217], [121.3038125, 24.9034854], [121.303866, 24.9033954], [121.3039286, 24.9032669], [121.3039895, 24.902936]]}}, {"type": "Feature", "properties": {"county": "桃園市", "district": "大溪區", "highway": "unclassified", "name": "月湖路"}, "geometry": {"type": "LineString", "coordinates": [[121.3030414, 24.9035108], [121.3033896, 24.9036203]]}}, {"type": "Feature", "properties": {"county": "桃園市", "district": "大溪區", "highway": "residential", "name": null}, "geometry": {"type": "LineString", "coordinates": [[121.284795, 24.8758405], [121.2843881, 24.8755491], [121.284238, 24.8754671]]}}, {"type": "Feature", "properties": {"county": "桃園市", "district": "大溪區", "highway": "residential", "name": null}, "geometry": {"type": "LineString", "coordinates": [[121.2878583, 24.8787348], [121.2877556, 24.8787164], [121.2877138, 24.8786481], [121.2875437, 24.8782742], [121.2874575, 24.8782209], [121.2873942, 24.8778344], [121.2872537, 24.8775502], [121.2868736, 24.8770185], [121.2865479, 24.8766609], [121.2864487, 24.8766427], [121.2860991, 24.876437], [121.2856252, 24.8760112], [121.2853322, 24.8758239], [121.2852346, 24.8757206], [121.2851161, 24.8756457], [121.2850121, 24.8756138], [121.284795, 24.8758405], [121.2844948, 24.8761791], [121.2842846, 24.8763246], [121.2842364, 24.8763297], [121.2841366, 24.8764626], [121.2839808, 24.8766902], [121.2839411, 24.8767192]]}}, {"type": "Feature", "properties": {"county": "桃園市", "district": "大溪區", "highway": "unclassified", "name": "大鶯路1320巷"}, "geometry": {"type": "LineString", "coordinates": [[121.317336, 24.9269071], [121.3174353, 24.9269399], [121.3178296, 24.9270366], [121.3182657, 24.9272139], [121.3183375, 24.9272115], [121.3184173, 24.9271933], [121.3184542, 24.9271665], [121.3186279, 24.9269415], [121.3186419, 24.9269331], [121.3188599, 24.9268837], [121.318966, 24.9268772], [121.3190713, 24.9268917], [121.3198626, 24.9271225], [121.3200719, 24.9271462], [121.3201258, 24.9271449], [121.3203634, 24.9271391], [121.3204139, 24.9271378], [121.3205879, 24.9271476], [121.3209277, 24.9272751], [121.3212655, 24.9273703], [121.3217452, 24.9274509], [121.322, 24.9275282]]}}, {"type": "Feature", "properties": {"county": "桃園市", "district": "大溪區", "highway": "unclassified", "name": "旭日路二段"}, "geometry": {"type": "LineString", "coordinates": [[121.282041, 24.8899769], [121.2820753, 24.8900917], [121.282121, 24.89024], [121.2821635, 24.8903875], [121.2822404, 24.8905539], [121.282342, 24.8906762], [121.2825198, 24.8908291]]}}, {"type": "Feature", "properties": {"county": "桃園市", "district": "大溪區", "highway": "unclassified", "name": "自來水公司維修道路"}, "geometry": {"type": "LineString", "coordinates": [[121.3284718, 24.9324495], [121.3284403, 24.9323422], [121.3284087, 24.932235]]}}, {"type": "Feature", "properties": {"county": "桃園市", "district": "大溪區", "highway": "unclassified", "name": "自來水公司維修道路"}, "geometry": {"type": "LineString", "coordinates": [[121.3284087, 24.932235], [121.328289, 24.9319517], [121.3282585, 24.9318598], [121.3282392, 24.9318018], [121.3281536, 24.9315438], [121.3278874, 24.9310483], [121.3273719, 24.9305496], [121.3267819, 24.9301604], [121.3261542, 24.9298734], [121.3257358, 24.9297956], [121.3254461, 24.929708], [121.3247988, 24.929406], [121.3236477, 24.9287503], [121.322932, 24.9282455], [121.3225708, 24.9279908], [121.322, 24.9275282]]}}, {"type": "Feature", "properties": {"county": "桃園市", "district": "大溪區", "highway": "unclassified", "name": "旭日路一段"}, "geometry": {"type": "LineString", "coordinates": [[121.2583872, 24.8389618], [121.2583646, 24.8388759], [121.2583138, 24.8387617], [121.2581772, 24.8385649], [121.2572412, 24.8371844], [121.2571322, 24.8370253]]}}, {"type": "Feature", "properties": {"county": "桃園市", "district": "大溪區", "highway": "unclassified", "name": "旭日路一段"}, "geometry": {"type": "LineString", "coordinates": [[121.2596051, 24.8421915], [121.2595449, 24.8419753], [121.2595129, 24.8417866], [121.2594663, 24.8415874], [121.2594135, 24.8414225], [121.259331, 24.8412179], [121.2592285, 24.841018], [121.2591207, 24.8408398], [121.2589933, 24.8406858], [121.2588409, 24.8405233], [121.2587141, 24.840357], [121.2585981, 24.8401621], [121.2585171, 24.8399775], [121.2584598, 24.8397962], [121.2584237, 24.8396315], [121.2584025, 24.8394828], [121.2583996, 24.839337], [121.2584095, 24.839199], [121.2584056, 24.8390784], [121.2583872, 24.8389618]]}}, {"type": "Feature", "properties": {"county": "桃園市", "district": "大溪區", "highway": "residential", "name": null}, "geometry": {"type": "LineString", "coordinates": [[121.2545853, 24.8364563], [121.2547273, 24.8364972]]}}, {"type": "Feature", "properties": {"county": "桃園市", "district": "大溪區", "highway": "tertiary", "name": "中正三路"}, "geometry": {"type": "LineString", "coordinates": [[121.325723, 24.9346272], [121.3257545, 24.9346249], [121.3260249, 24.9345862], [121.3262449, 24.9345613], [121.3264755, 24.9345343], [121.3267432, 24.9344942], [121.3269149, 24.9345], [121.3270305, 24.9345136], [121.3271173, 24.9345492], [121.3273005, 24.9346482], [121.3274719, 24.9347685], [121.3276116, 24.9348965], [121.3281286, 24.9353564], [121.3281488, 24.9353806], [121.3284329, 24.9356232], [121.3287975, 24.9358744], [121.3289474, 24.9359586], [121.3290663, 24.9360396], [121.3291992, 24.9361188], [121.3292901, 24.9361775], [121.3294751, 24.9363044], [121.3301555, 24.9367716], [121.3304947, 24.9369543], [121.3313037, 24.9373947], [121.3317626, 24.9376388], [121.3321315, 24.9378097], [121.3328231, 24.9381726], [121.3328902, 24.9382054], [121.3337131, 24.9385997]]}}, {"type": "Feature", "properties": {"county": "桃園市", "district": "大溪區", "highway": "tertiary", "name": "中正三路"}, "geometry": {"type": "LineString", "coordinates": [[121.3255916, 24.9346422], [121.325723, 24.9346272]]}}, {"type": "Feature", "properties": {"county": "桃園市", "district": "大溪區", "highway": "residential", "name": null}, "geometry": {"type": "LineString", "coordinates": [[121.2734678, 24.8823441], [121.2725183, 24.8831859], [121.2719979, 24.8836651]]}}, {"type": "Feature", "properties": {"county": "桃園市", "district": "大溪區", "highway": "residential", "name": null}, "geometry": {"type": "LineString", "coordinates": [[121.2702501, 24.8832734], [121.2728323, 24.8811444]]}}, {"type": "Feature", "properties": {"county": "桃園市", "district": "大溪區", "highway": "residential", "name": null}, "geometry": {"type": "LineString", "coordinates": [[121.2752303, 24.8839863], [121.2752786, 24.8835291], [121.2753689, 24.883209]]}}, {"type": "Feature", "properties": {"county": "桃園市", "district": "大溪區", "highway": "residential", "name": null}, "geometry": {"type": "LineString", "coordinates": [[121.2760099, 24.8835557], [121.275635, 24.8840375], [121.2755867, 24.8841786], [121.2756028, 24.8842662], [121.275694, 24.8844608], [121.2761983, 24.8851908], [121.2765309, 24.8855314]]}}, {"type": "Feature", "properties": {"county": "桃園市", "district": "大溪區", "highway": "primary", "name": "員林路一段"}, "geometry": {"type": "LineString", "coordinates": [[121.2711251, 24.8901405], [121.2709749, 24.8900857], [121.2705364, 24.8897767]]}}, {"type": "Feature", "properties": {"county": "桃園市", "district": "大溪區", "highway": "residential", "name": null}, "geometry": {"type": "LineString", "coordinates": [[121.3205202, 24.8698343], [121.3206181, 24.8698584], [121.3206788, 24.8700148], [121.3206409, 24.8701228], [121.320586, 24.870176], [121.3204661, 24.8703123], [121.3203666, 24.8704533], [121.3202927, 24.870616], [121.3201609, 24.8708156], [121.320145, 24.870906], [121.320122, 24.8710775], [121.3201238, 24.8713257], [121.320017, 24.871558], [121.3200285, 24.8716859], [121.3201161, 24.8718312], [121.3201581, 24.8721198], [121.3201342, 24.8724791], [121.3201955, 24.8725558], [121.320298, 24.8725903], [121.320457, 24.872594], [121.3208212, 24.8726483], [121.3210438, 24.8726057], [121.3211638, 24.8726005], [121.3212906, 24.8726629], [121.3213818, 24.872731], [121.3217095, 24.8727994], [121.3219472, 24.8727575], [121.3221628, 24.8727061], [121.3222739, 24.8727512], [121.3225378, 24.8729634], [121.3227368, 24.8730366], [121.3230987, 24.873112], [121.3231961, 24.8731698], [121.3232051, 24.8732398], [121.3232707, 24.8734314], [121.3233626, 24.8738589], [121.3233206, 24.8740898], [121.3233156, 24.8743967], [121.3233464, 24.8744944], [121.3235282, 24.8746146], [121.3236894, 24.8746696], [121.3239191, 24.8746777], [121.3240594, 24.874614], [121.3243217, 24.8744923], [121.3246635, 24.874421], [121.3247819, 24.8744442], [121.325098, 24.8746213], [121.3254506, 24.8746736], [121.32576, 24.8747205], [121.325845, 24.8748067], [121.3260531, 24.8752103], [121.3263099, 24.875363], [121.3264526, 24.875523], [121.3266746, 24.8756149], [121.3270882, 24.8756401], [121.3274581, 24.8756335], [121.3277265, 24.8755452], [121.3278216, 24.8754523], [121.328021, 24.8751306], [121.3281651, 24.8749588], [121.3281878, 24.8748752], [121.3281678, 24.8747374], [121.3280794, 24.8745117], [121.328098, 24.8744259], [121.3282268, 24.8743249], [121.3284062, 24.8742554], [121.3285808, 24.87423], [121.3288614, 24.8742753], [121.3292253, 24.874279], [121.3294284, 24.8741959], [121.3295694, 24.8740674], [121.3296658, 24.8739453], [121.3297302, 24.8738078], [121.3298857, 24.8736813], [121.3299783, 24.8736206], [121.3300614, 24.8735292], [121.3300914, 24.8734], [121.3301633, 24.8732761], [121.3302545, 24.8732128], [121.3303886, 24.8731873], [121.3306112, 24.8731594], [121.3307507, 24.8730875], [121.3309798, 24.8728598], [121.3311195, 24.8727335], [121.3312645, 24.8726064], [121.3313569, 24.8725923], [121.331428, 24.8726483], [121.3314977, 24.8727858], [121.3314906, 24.8729275], [121.3314159, 24.873124], [121.3313485, 24.8733267], [121.331251, 24.8738334], [121.3311598, 24.8743066], [121.331092, 24.8743854], [121.3309103, 24.8744989], [121.3308229, 24.8746056], [121.3308084, 24.8747447], [121.330862, 24.8748525], [121.3311304, 24.8751067], [121.3311879, 24.8752508], [121.3311705, 24.8753554], [121.3311356, 24.87543], [121.3310069, 24.875443], [121.3305008, 24.8752671], [121.3303433, 24.8752322], [121.3302249, 24.8752394], [121.3301147, 24.8752706], [121.3300641, 24.8753603], [121.330053, 24.8754541], [121.3301164, 24.8755525], [121.3302618, 24.8756346], [121.330386, 24.8757448], [121.3304348, 24.8758364], [121.3304731, 24.8760149], [121.330575, 24.8761426], [121.3307442, 24.876298], [121.3308017, 24.8764492], [121.330816, 24.8768835], [121.3307856, 24.8771151], [121.3308361, 24.8772067], [121.3309387, 24.8772476], [121.331059, 24.8772126], [121.3312377, 24.8771159], [121.3313737, 24.8770135], [121.3315359, 24.8769756], [121.3316507, 24.8769978], [121.3318724, 24.8770915], [121.3320248, 24.8771135], [121.3321439, 24.8771007], [121.3322647, 24.8771463], [121.3324186, 24.8772097], [121.3325887, 24.8772882], [121.3326809, 24.8773598], [121.3327921, 24.877417], [121.3328594, 24.8775405], [121.3328743, 24.877645], [121.3328956, 24.8778501], [121.3328991, 24.8779161], [121.3331635, 24.8780503], [121.3338844, 24.8784479], [121.3341583, 24.8785801], [121.3343468, 24.8786325], [121.3344957, 24.8786282], [121.3345762, 24.8786039], [121.3346645, 24.8786209], [121.3347419, 24.8786928], [121.334821, 24.8788254], [121.3348959, 24.8788783], [121.3351549, 24.8788923], [121.3353094, 24.8789867], [121.3354534, 24.8790194], [121.3356069, 24.8789799], [121.3358122, 24.8787985], [121.3358992, 24.8787609], [121.3360147, 24.878793], [121.3361017, 24.8788716], [121.3361044, 24.8791222], [121.3361012, 24.8793202], [121.3361393, 24.8794471], [121.3362079, 24.8794897], [121.3362951, 24.8795116], [121.3364035, 24.8794702], [121.3365794, 24.8792524], [121.3366684, 24.8792568], [121.3367623, 24.8793104], [121.3368715, 24.8794921], [121.3369014, 24.8796416], [121.3368957, 24.8798413], [121.3368689, 24.8799982], [121.3368875, 24.8801794], [121.3369547, 24.8802488], [121.3370594, 24.8803242], [121.3370539, 24.8805043], [121.3369949, 24.8806406], [121.3370284, 24.8807572], [121.3370901, 24.8808803], [121.3372283, 24.8810834], [121.3372547, 24.8812599], [121.3373181, 24.881429], [121.3377303, 24.8819381], [121.3380692, 24.8822306], [121.3382557, 24.8823012], [121.3384086, 24.8822955], [121.3385063, 24.8822161], [121.3385848, 24.8820276], [121.3389353, 24.8815177], [121.3392201, 24.8811352], [121.339321, 24.8810157], [121.3393779, 24.8809722], [121.3394691, 24.8809774], [121.3395299, 24.881025], [121.3395517, 24.8810884], [121.3395231, 24.8811672], [121.3394955, 24.8812669], [121.339476, 24.8813622], [121.3394616, 24.881776], [121.3394468, 24.8819256], [121.3392864, 24.8822511], [121.3392471, 24.8824853], [121.3392493, 24.8825992], [121.3393259, 24.8827369], [121.3394958, 24.8829032], [121.3396885, 24.883038], [121.3397994, 24.8830657], [121.3398725, 24.8830884], [121.3399425, 24.8831344], [121.3399684, 24.8831737]]}}, {"type": "Feature", "properties": {"county": "桃園市", "district": "大溪區", "highway": "residential", "name": null}, "geometry": {"type": "LineString", "coordinates": [[121.3204151, 24.8698359], [121.3205202, 24.8698343]]}}, {"type": "Feature", "properties": {"county": "桃園市", "district": "大溪區", "highway": "residential", "name": null}, "geometry": {"type": "LineString", "coordinates": [[121.3090483, 24.8665383], [121.3090007, 24.8664782], [121.3088974, 24.8664161], [121.3088183, 24.86632], [121.3086976, 24.8661055], [121.3084187, 24.8657226], [121.3081786, 24.86536]]}}, {"type": "Feature", "properties": {"county": "桃園市", "district": "大溪區", "highway": "residential", "name": "康莊路三段550巷"}, "geometry": {"type": "LineString", "coordinates": [[121.2753571, 24.8495541], [121.2752652, 24.8495507], [121.2751803, 24.8495609], [121.2749675, 24.8493012], [121.2748208, 24.849208], [121.2744832, 24.8487285], [121.2743317, 24.8487267], [121.2745301, 24.8493107], [121.2745314, 24.8493974], [121.2739185, 24.8499066], [121.2738207, 24.8499666]]}}, {"type": "Feature", "properties": {"county": "桃園市", "district": "大溪區", "highway": "unclassified", "name": null}, "geometry": {"type": "LineString", "coordinates": [[121.2839411, 24.8767192], [121.2837837, 24.8766307], [121.2834049, 24.8763807], [121.283301, 24.8762888], [121.2831729, 24.8761027], [121.2830328, 24.8758069], [121.2828987, 24.8755684], [121.282845, 24.8754954], [121.2827968, 24.8754613], [121.2827485, 24.8754619], [121.2823877, 24.8756025], [121.2819928, 24.8756889], [121.2816367, 24.87581], [121.2815409, 24.8758956], [121.2813659, 24.8759918], [121.2811365, 24.8761233], [121.2810842, 24.8760807], [121.2809729, 24.8756998], [121.2808583, 24.8753402], [121.2806906, 24.875092], [121.2806028, 24.8750233], [121.2803506, 24.8750476]]}}, {"type": "Feature", "properties": {"county": "桃園市", "district": "大溪區", "highway": "unclassified", "name": null}, "geometry": {"type": "LineString", "coordinates": [[121.2832742, 24.8789464], [121.282953, 24.8786787], [121.2828371, 24.8786538], [121.2827371, 24.8786592], [121.2826084, 24.8786538], [121.2825159, 24.8786149], [121.2823952, 24.8785242], [121.2823381, 24.8784888], [121.282149, 24.8784979], [121.2820291, 24.8784689], [121.2819116, 24.8783903], [121.2818318, 24.8783069], [121.281679, 24.8780934], [121.2814672, 24.8779165], [121.2813947, 24.8778153], [121.2810641, 24.877233], [121.2810246, 24.8771263], [121.2809776, 24.8769246], [121.280918, 24.8768075], [121.2808248, 24.8766993], [121.2806437, 24.8762633], [121.2805693, 24.8760666], [121.2804486, 24.8755896], [121.2804164, 24.8754242], [121.2804003, 24.8752009], [121.2803506, 24.8750476]]}}, {"type": "Feature", "properties": {"county": "桃園市", "district": "大溪區", "highway": "residential", "name": null}, "geometry": {"type": "LineString", "coordinates": [[121.2832742, 24.8789464], [121.2833749, 24.8789302], [121.2837234, 24.8786756], [121.284101, 24.8784688], [121.2841653, 24.8784024], [121.2842222, 24.8783001], [121.2848387, 24.8776622], [121.2848494, 24.877633], [121.2849782, 24.8776811], [121.2852725, 24.8774877], [121.2855039, 24.8773289]]}}, {"type": "Feature", "properties": {"county": "桃園市", "district": "大溪區", "highway": "unclassified", "name": "大鶯路346巷"}, "geometry": {"type": "LineString", "coordinates": [[121.2932966, 24.9035349], [121.2935571, 24.9034472], [121.2936008, 24.9034467], [121.293632, 24.9034777], [121.2936548, 24.9035126], [121.2937426, 24.9035933], [121.2937769, 24.9035906], [121.2939495, 24.9034844], [121.2942147, 24.9033561], [121.2942583, 24.9033199], [121.2943069, 24.9032694], [121.2944892, 24.9031443], [121.2945111, 24.9030891], [121.2945144, 24.9030317], [121.2945167, 24.9029463], [121.2945429, 24.9027466], [121.294524, 24.9026813]]}}, {"type": "Feature", "properties": {"county": "桃園市", "district": "大溪區", "highway": "residential", "name": null}, "geometry": {"type": "LineString", "coordinates": [[121.2805921, 24.8597649], [121.2805514, 24.8600831], [121.2804687, 24.860383], [121.2805063, 24.8607043]]}}, {"type": "Feature", "properties": {"county": "桃園市", "district": "大溪區", "highway": "residential", "name": null}, "geometry": {"type": "LineString", "coordinates": [[121.2890571, 24.8669797], [121.288569, 24.8671452], [121.2885797, 24.8672328], [121.2886762, 24.867515], [121.2886762, 24.8676221], [121.2886226, 24.8678751], [121.2886012, 24.8681185], [121.288569, 24.8682012], [121.2885314, 24.868245], [121.288322, 24.8683671], [121.288231, 24.8684202], [121.2881291, 24.8685078], [121.2881613, 24.8685856], [121.2882954, 24.8687754], [121.2887782, 24.8692718], [121.2888157, 24.8693594], [121.2887969, 24.8695533]]}}, {"type": "Feature", "properties": {"county": "桃園市", "district": "大溪區", "highway": "residential", "name": null}, "geometry": {"type": "LineString", "coordinates": [[121.2609905, 24.8851866], [121.2615216, 24.8858477], [121.2619614, 24.8864365]]}}, {"type": "Feature", "properties": {"county": "桃園市", "district": "大溪區", "highway": "unclassified", "name": null}, "geometry": {"type": "LineString", "coordinates": [[121.3066544, 24.8655947], [121.3069515, 24.8653812], [121.306466, 24.8647297], [121.3063232, 24.8645702]]}}, {"type": "Feature", "properties": {"county": "桃園市", "district": "大溪區", "highway": "primary", "name": "員林路三段"}, "geometry": {"type": "LineString", "coordinates": [[121.2501624, 24.8792536], [121.2501772, 24.8796308]]}}, {"type": "Feature", "properties": {"county": "桃園市", "district": "大溪區", "highway": "primary", "name": "員林路三段"}, "geometry": {"type": "LineString", "coordinates": [[121.2501249, 24.8780735], [121.2501624, 24.8792536]]}}, {"type": "Feature", "properties": {"county": "桃園市", "district": "大溪區", "highway": "primary", "name": "員林路三段"}, "geometry": {"type": "LineString", "coordinates": [[121.2536131, 24.8766833], [121.2534092, 24.8765733], [121.2526864, 24.8760003], [121.2523444, 24.8758397], [121.2521084, 24.8757849], [121.251871, 24.8757715], [121.251246, 24.8757764], [121.2509268, 24.8757886], [121.2506023, 24.8759102], [121.2503099, 24.8760952], [121.2501436, 24.8762582], [121.2500337, 24.876448], [121.2500105, 24.8764988], [121.2499371, 24.8766597], [121.2499854, 24.8771464], [121.2500846, 24.877745], [121.2501249, 24.8780735]]}}, {"type": "Feature", "properties": {"county": "桃園市", "district": "大溪區", "highway": "primary", "name": "員林路三段"}, "geometry": {"type": "LineString", "coordinates": [[121.2581389, 24.878857], [121.2592557, 24.879244], [121.2616999, 24.8801343], [121.2621892, 24.8803098], [121.2630746, 24.8806274], [121.2639561, 24.8809444], [121.2640279, 24.8809837], [121.2642731, 24.8811181], [121.2644319, 24.881211], [121.2656975, 24.8822448]]}}, {"type": "Feature", "properties": {"county": "桃園市", "district": "大溪區", "highway": "primary", "name": "中興路九龍段"}, "geometry": {"type": "LineString", "coordinates": [[121.2501772, 24.8796308], [121.2501356, 24.8800213], [121.2500806, 24.8801479], [121.2499224, 24.8803693], [121.2497132, 24.8804982], [121.2495869, 24.8805374], [121.249406, 24.880553], [121.2492599, 24.8805579], [121.249111, 24.8805311], [121.2490131, 24.8804897], [121.2488294, 24.8803802], [121.248486, 24.8800749], [121.2481121, 24.8797163], [121.2477578, 24.8793449], [121.2472147, 24.8789422], [121.2470134, 24.8788292], [121.2469652, 24.8788023], [121.2459835, 24.8784403]]}}, {"type": "Feature", "properties": {"county": "桃園市", "district": "大溪區", "highway": "primary", "name": "九座寮橋"}, "geometry": {"type": "LineString", "coordinates": [[121.2459835, 24.8784403], [121.2458065, 24.8783728]]}}, {"type": "Feature", "properties": {"county": "桃園市", "district": "大溪區", "highway": "primary", "name": "中興路九龍段"}, "geometry": {"type": "LineString", "coordinates": [[121.2458065, 24.8783728], [121.2450005, 24.8780735], [121.2444589, 24.877869], [121.243075, 24.8773205], [121.2429673, 24.8772808]]}}, {"type": "Feature", "properties": {"county": "桃園市", "district": "大溪區", "highway": "primary", "name": "中興路九龍段"}, "geometry": {"type": "LineString", "coordinates": [[121.2429683, 24.8771778], [121.2430979, 24.8772356], [121.2441016, 24.8776647], [121.2444599, 24.8778016], [121.2458575, 24.8783278]]}}, {"type": "Feature", "properties": {"county": "桃園市", "district": "大溪區", "highway": "primary", "name": "信義路"}, "geometry": {"type": "LineString", "coordinates": [[121.2863667, 24.8875629], [121.2861187, 24.8876607]]}}, {"type": "Feature", "properties": {"county": "桃園市", "district": "大溪區", "highway": "unclassified", "name": null}, "geometry": {"type": "LineString", "coordinates": [[121.3006733, 24.8998744], [121.3007184, 24.8999747]]}}, {"type": "Feature", "properties": {"county": "桃園市", "district": "大溪區", "highway": "residential", "name": "廣興路316巷14弄"}, "geometry": {"type": "LineString", "coordinates": [[121.2862301, 24.9380961], [121.286532, 24.9376597]]}}, {"type": "Feature", "properties": {"county": "桃園市", "district": "大溪區", "highway": "residential", "name": "廣興路316巷"}, "geometry": {"type": "LineString", "coordinates": [[121.2850653, 24.9375238], [121.2861872, 24.9380863], [121.2862301, 24.9380961], [121.2866639, 24.9383901]]}}, {"type": "Feature", "properties": {"county": "桃園市", "district": "大溪區", "highway": "primary", "name": "復興路四段"}, "geometry": {"type": "LineString", "coordinates": [[121.3537788, 24.821763], [121.3537033, 24.8215986], [121.353693, 24.8214841], [121.3537007, 24.8213394], [121.3537637, 24.8209851], [121.3537784, 24.8208938], [121.3537275, 24.8207539], [121.3536577, 24.8206042], [121.353478, 24.8201671], [121.3533077, 24.8198628], [121.3532903, 24.8197362], [121.3532809, 24.8195354], [121.3533291, 24.8193492], [121.3534069, 24.8192603], [121.3536188, 24.8190351], [121.3537574, 24.8188877], [121.3538133, 24.8187515], [121.3538687, 24.8182739], [121.35387, 24.8181666], [121.3538446, 24.8180594], [121.3537936, 24.8179306], [121.3536313, 24.817714], [121.3534811, 24.8176067], [121.3533095, 24.8175423], [121.3528199, 24.8174403], [121.3526657, 24.8173852], [121.3526014, 24.8173423], [121.3524941, 24.817235], [121.3524601, 24.817163], [121.3524333, 24.8170607], [121.3524373, 24.8169487], [121.3524628, 24.8168599], [121.3526683, 24.8164616], [121.3528893, 24.8160334], [121.3529389, 24.8158812], [121.3529295, 24.8157303], [121.3528665, 24.815611], [121.3527297, 24.815432], [121.3526707, 24.8153322], [121.3526667, 24.8151618], [121.3527181, 24.8149471], [121.3527704, 24.8148581], [121.3528133, 24.8147938], [121.3529073, 24.8146492]]}}, {"type": "Feature", "properties": {"county": "桃園市", "district": "大溪區", "highway": "primary", "name": "澤仁橋"}, "geometry": {"type": "LineString", "coordinates": [[121.3529073, 24.8146492], [121.3529956, 24.8145525]]}}, {"type": "Feature", "properties": {"county": "桃園市", "district": "大溪區", "highway": "unclassified", "name": null}, "geometry": {"type": "LineString", "coordinates": [[121.2914725, 24.838974], [121.2915851, 24.8389566], [121.2916911, 24.8389189]]}}, {"type": "Feature", "properties": {"county": "桃園市", "district": "大溪區", "highway": "unclassified", "name": "復興路一段1240巷"}, "geometry": {"type": "LineString", "coordinates": [[121.2908328, 24.8403479], [121.2907951, 24.8402047], [121.2907946, 24.8399919], [121.2908287, 24.8398609], [121.2909361, 24.8396643], [121.2912158, 24.8392149], [121.2914725, 24.838974], [121.2914306, 24.8388674], [121.2913929, 24.8386544]]}}, {"type": "Feature", "properties": {"county": "桃園市", "district": "大溪區", "highway": "residential", "name": null}, "geometry": {"type": "LineString", "coordinates": [[121.3071057, 24.8397988], [121.3070816, 24.8398536], [121.3070789, 24.8399613], [121.307095, 24.8400714], [121.3070789, 24.8401725], [121.3070534, 24.8402297], [121.3069448, 24.8403441], [121.3068429, 24.8403854], [121.3066953, 24.8404329], [121.3065894, 24.8404305], [121.3065425, 24.8404], [121.3065129, 24.8403422], [121.3064794, 24.8402017], [121.3063614, 24.8400946], [121.3062568, 24.8399327], [121.3062233, 24.8398195], [121.3061991, 24.839738], [121.3061643, 24.8396966], [121.306112, 24.8396893], [121.3060382, 24.8397428], [121.3058759, 24.8400009], [121.3058518, 24.8400641], [121.3058773, 24.8401895]]}}, {"type": "Feature", "properties": {"county": "桃園市", "district": "大溪區", "highway": "tertiary", "name": null}, "geometry": {"type": "LineString", "coordinates": [[121.3023082, 24.8357703], [121.3024611, 24.8357242], [121.3025537, 24.8357324], [121.302603, 24.8357613], [121.3026546, 24.8358464], [121.3026908, 24.8358866], [121.3027947, 24.8359274], [121.302896, 24.835945], [121.3030194, 24.835959], [121.3031072, 24.8359316], [121.303193, 24.8358659], [121.3033044, 24.8357698], [121.303358, 24.8357515], [121.3034103, 24.8357454], [121.3034412, 24.8357783], [121.3034995, 24.8358982], [121.3035619, 24.83606], [121.3035585, 24.8362079], [121.303592, 24.8362882], [121.3036953, 24.836343], [121.3039058, 24.8364075], [121.3039695, 24.8364227], [121.3040487, 24.8364641], [121.3041432, 24.8364976], [121.3042492, 24.8364818], [121.3043544, 24.836469], [121.3044175, 24.8364793], [121.3044738, 24.8365645], [121.3044872, 24.8366874], [121.3044845, 24.8367812], [121.304516, 24.836825], [121.3046153, 24.8368627], [121.3046958, 24.8368737], [121.3048158, 24.836825], [121.3049868, 24.8367325], [121.3050498, 24.8367045], [121.3051323, 24.8367051], [121.3052925, 24.8368104], [121.3053489, 24.8368378], [121.3053676, 24.8368852], [121.3053402, 24.8370075], [121.3053174, 24.837058], [121.3053274, 24.8371225], [121.3053864, 24.8371712], [121.3056741, 24.8373507], [121.3057981, 24.8374012], [121.3058981, 24.837397], [121.3060248, 24.837383], [121.3060845, 24.8373982], [121.3061361, 24.8374536], [121.3061495, 24.8374992], [121.3062125, 24.8378887], [121.3063064, 24.8382337], [121.306356, 24.8383408], [121.3064097, 24.8384187], [121.306462, 24.838465], [121.3065907, 24.8384723], [121.306702, 24.8384333], [121.3067745, 24.8384272], [121.3071956, 24.8384662], [121.3072827, 24.8384893], [121.30739, 24.8385355], [121.3074531, 24.8385867], [121.3074638, 24.8386378], [121.3074531, 24.8387181], [121.3074101, 24.8387692], [121.3072908, 24.8388836], [121.3071527, 24.8389652], [121.3070802, 24.8390126], [121.3070226, 24.8391112], [121.3070118, 24.8391842], [121.306989, 24.8394447], [121.3070185, 24.8395737], [121.3070427, 24.8396674], [121.3071057, 24.8397988], [121.3072674, 24.8398549]]}}, {"type": "Feature", "properties": {"county": "桃園市", "district": "大溪區", "highway": "residential", "name": "中山路128巷"}, "geometry": {"type": "LineString", "coordinates": [[121.2844685, 24.9276744], [121.2838884, 24.9275916], [121.2833952, 24.9275156], [121.2829163, 24.9274528], [121.2822159, 24.9273528]]}}, {"type": "Feature", "properties": {"county": "桃園市", "district": "大溪區", "highway": "tertiary", "name": "埔頂路二段"}, "geometry": {"type": "LineString", "coordinates": [[121.2796387, 24.9106246], [121.2795745, 24.9104104], [121.2794302, 24.9098853], [121.2793151, 24.9094664], [121.27917, 24.9089386], [121.2791001, 24.908671], [121.2789876, 24.9083396], [121.2788781, 24.9080477], [121.2787687, 24.907774], [121.2786379, 24.907473], [121.2784919, 24.9072023], [121.2783551, 24.9070594], [121.2780662, 24.9066884]]}}, {"type": "Feature", "properties": {"county": "桃園市", "district": "大溪區", "highway": "primary", "name": "介壽路"}, "geometry": {"type": "LineString", "coordinates": [[121.2837967, 24.9011977], [121.2838558, 24.9012505], [121.283999, 24.9018855], [121.2840503, 24.9020789], [121.284172, 24.9025776], [121.2842538, 24.9029438], [121.2844, 24.9034498], [121.284581, 24.9039339], [121.2847534, 24.9043633], [121.2849203, 24.9047988], [121.2851027, 24.9052537], [121.2853424, 24.9058546], [121.2855248, 24.9062828], [121.2856002, 24.9064457], [121.2857109, 24.9066851], [121.2859784, 24.9070412], [121.2866225, 24.9078406]]}}, {"type": "Feature", "properties": {"county": "桃園市", "district": "大溪區", "highway": "secondary", "name": "永昌路"}, "geometry": {"type": "LineString", "coordinates": [[121.2672524, 24.8906408], [121.2669401, 24.8907828], [121.2658268, 24.8912961]]}}, {"type": "Feature", "properties": {"county": "桃園市", "district": "大溪區", "highway": "primary_link", "name": null}, "geometry": {"type": "LineString", "coordinates": [[121.2813702, 24.8635921], [121.2814219, 24.8636223]]}}, {"type": "Feature", "properties": {"county": "桃園市", "district": "大溪區", "highway": "primary", "name": "瑞安路二段"}, "geometry": {"type": "LineString", "coordinates": [[121.2821353, 24.8614554], [121.2820615, 24.8616871], [121.2820119, 24.8618417], [121.2818349, 24.8623588], [121.2814674, 24.8634941], [121.2814219, 24.8636223]]}}, {"type": "Feature", "properties": {"county": "桃園市", "district": "大溪區", "highway": "primary", "name": null}, "geometry": {"type": "LineString", "coordinates": [[121.2822788, 24.8609811], [121.2821353, 24.8614554]]}}, {"type": "Feature", "properties": {"county": "桃園市", "district": "大溪區", "highway": "tertiary", "name": "康莊路三段"}, "geometry": {"type": "LineString", "coordinates": [[121.2822788, 24.8609811], [121.2825173, 24.8614114]]}}, {"type": "Feature", "properties": {"county": "桃園市", "district": "大溪區", "highway": "tertiary", "name": "中華路"}, "geometry": {"type": "LineString", "coordinates": [[121.2927796, 24.8782106], [121.291987, 24.8773688], [121.29135, 24.8767007], [121.2906725, 24.8760293], [121.2906573, 24.8760143], [121.2903864, 24.8758245], [121.2902572, 24.8757427], [121.289157, 24.8749923], [121.2883957, 24.8744865], [121.2877385, 24.874065], [121.2870652, 24.873605], [121.2870285, 24.8735791], [121.286895, 24.8735113], [121.2868394, 24.873483], [121.2864813, 24.8733869], [121.2862922, 24.8733826]]}}, {"type": "Feature", "properties": {"county": "桃園市", "district": "大溪區", "highway": "primary", "name": "復興路"}, "geometry": {"type": "LineString", "coordinates": [[121.2927796, 24.8782106], [121.2921497, 24.8786615], [121.2919325, 24.8788097], [121.2919053, 24.8788269], [121.2914577, 24.8791101], [121.290586, 24.8796558], [121.2904851, 24.8797211], [121.2904016, 24.8797751]]}}, {"type": "Feature", "properties": {"county": "桃園市", "district": "大溪區", "highway": "residential", "name": "仁善街"}, "geometry": {"type": "LineString", "coordinates": [[121.2866225, 24.9078406], [121.2865561, 24.9078787]]}}, {"type": "Feature", "properties": {"county": "桃園市", "district": "大溪區", "highway": "primary", "name": "介壽路"}, "geometry": {"type": "LineString", "coordinates": [[121.2865561, 24.9078787], [121.2859942, 24.9072165], [121.2856667, 24.906771], [121.285431, 24.9062974], [121.2852727, 24.9058863], [121.285039, 24.9052829], [121.2848627, 24.9048183], [121.2846906, 24.904387], [121.2845247, 24.9039558], [121.2843302, 24.9034705], [121.2842028, 24.9030034], [121.2841036, 24.9025947], [121.2839966, 24.9021811], [121.2839309, 24.9019001], [121.2837763, 24.901273], [121.2837967, 24.9011977]]}}, {"type": "Feature", "properties": {"county": "桃園市", "district": "大溪區", "highway": "residential", "name": "仁善街"}, "geometry": {"type": "LineString", "coordinates": [[121.2797099, 24.910607], [121.2796387, 24.9106246]]}}, {"type": "Feature", "properties": {"county": "桃園市", "district": "大溪區", "highway": "tertiary", "name": "埔頂路二段"}, "geometry": {"type": "LineString", "coordinates": [[121.2781477, 24.9066957], [121.2784339, 24.9070336], [121.278551, 24.9071805], [121.2787221, 24.9074993], [121.2789067, 24.9079327], [121.2790587, 24.9083407], [121.2791947, 24.9087511], [121.2793076, 24.9091661], [121.2794953, 24.9098668], [121.2796442, 24.9104225], [121.2797099, 24.910607]]}}, {"type": "Feature", "properties": {"county": "桃園市", "district": "大溪區", "highway": "secondary", "name": "永昌路"}, "geometry": {"type": "LineString", "coordinates": [[121.2629397, 24.8928948], [121.2632388, 24.8925853], [121.2635934, 24.8922926], [121.2637484, 24.8921807], [121.263973, 24.8920286]]}}, {"type": "Feature", "properties": {"county": "桃園市", "district": "大溪區", "highway": "secondary", "name": "興豐路"}, "geometry": {"type": "LineString", "coordinates": [[121.2854069, 24.9291895], [121.2849064, 24.9291659], [121.2844519, 24.9291428]]}}, {"type": "Feature", "properties": {"county": "桃園市", "district": "大溪區", "highway": "secondary", "name": "建德路"}, "geometry": {"type": "LineString", "coordinates": [[121.280992, 24.9291506], [121.2809876, 24.9289739]]}}, {"type": "Feature", "properties": {"county": "桃園市", "district": "大溪區", "highway": "secondary", "name": "建德路"}, "geometry": {"type": "LineString", "coordinates": [[121.2812075, 24.9289598], [121.2812103, 24.9291158]]}}, {"type": "Feature", "properties": {"county": "桃園市", "district": "大溪區", "highway": "residential", "name": "興豐路"}, "geometry": {"type": "LineString", "coordinates": [[121.2812103, 24.9291158], [121.280992, 24.9291506]]}}, {"type": "Feature", "properties": {"county": "桃園市", "district": "大溪區", "highway": "tertiary", "name": "建德路"}, "geometry": {"type": "LineString", "coordinates": [[121.281242, 24.9237539], [121.281229, 24.9238584], [121.2812163, 24.924701], [121.2812168, 24.9247992], [121.281218, 24.9250221]]}}, {"type": "Feature", "properties": {"county": "桃園市", "district": "大溪區", "highway": "residential", "name": "興豐路"}, "geometry": {"type": "LineString", "coordinates": [[121.2827584, 24.9290792], [121.2824978, 24.9291], [121.2813337, 24.9290976], [121.2812103, 24.9291158]]}}, {"type": "Feature", "properties": {"county": "桃園市", "district": "大溪區", "highway": "residential", "name": "興豐路"}, "geometry": {"type": "LineString", "coordinates": [[121.2809876, 24.9289739], [121.2812075, 24.9289598], [121.2813444, 24.9289748], [121.281555, 24.9289784], [121.2825125, 24.9289942], [121.2827584, 24.9290792]]}}, {"type": "Feature", "properties": {"county": "桃園市", "district": "大溪區", "highway": "tertiary", "name": "建德路"}, "geometry": {"type": "LineString", "coordinates": [[121.2810006, 24.9247975], [121.2809995, 24.9246965], [121.2809888, 24.9237681], [121.2809818, 24.9236773]]}}, {"type": "Feature", "properties": {"county": "桃園市", "district": "大溪區", "highway": "secondary", "name": "豐德路"}, "geometry": {"type": "LineString", "coordinates": [[121.2903771, 24.9253547], [121.2902588, 24.9253457], [121.2889507, 24.9252466], [121.2878517, 24.9251774], [121.2877041, 24.9251652], [121.2875989, 24.9251553], [121.2864528, 24.92502], [121.2859939, 24.9249845], [121.2858557, 24.9249806], [121.2857342, 24.9249831], [121.2849425, 24.9249813], [121.2848895, 24.9249815], [121.2847276, 24.9249823]]}}, {"type": "Feature", "properties": {"county": "桃園市", "district": "大溪區", "highway": "tertiary", "name": "豐田路"}, "geometry": {"type": "LineString", "coordinates": [[121.2903771, 24.9253547], [121.2903919, 24.9251546]]}}, {"type": "Feature", "properties": {"county": "桃園市", "district": "大溪區", "highway": "secondary", "name": "興豐路"}, "geometry": {"type": "LineString", "coordinates": [[121.2894759, 24.9297521], [121.289135, 24.929685], [121.2885809, 24.9295759], [121.288251, 24.9295076], [121.2876788, 24.9293891], [121.2873568, 24.9293183], [121.2868691, 24.9292844], [121.2866555, 24.9292705], [121.2864128, 24.9292548], [121.2863338, 24.9292497], [121.2860608, 24.9292319], [121.28553, 24.9291975], [121.2854069, 24.9291895]]}}, {"type": "Feature", "properties": {"county": "桃園市", "district": "大溪區", "highway": "secondary", "name": "建德路"}, "geometry": {"type": "LineString", "coordinates": [[121.281218, 24.9250221], [121.2812187, 24.9251416], [121.28123, 24.927212], [121.281212, 24.9288374], [121.2812075, 24.9289598]]}}, {"type": "Feature", "properties": {"county": "桃園市", "district": "大溪區", "highway": "secondary", "name": "建德路"}, "geometry": {"type": "LineString", "coordinates": [[121.2809876, 24.9289739], [121.2809857, 24.9288561], [121.2810045, 24.9251316], [121.2810033, 24.9250246]]}}, {"type": "Feature", "properties": {"county": "桃園市", "district": "大溪區", "highway": "tertiary", "name": "豐德路"}, "geometry": {"type": "LineString", "coordinates": [[121.281218, 24.9250221], [121.2810033, 24.9250246]]}}, {"type": "Feature", "properties": {"county": "桃園市", "district": "大溪區", "highway": "tertiary", "name": "中山路"}, "geometry": {"type": "LineString", "coordinates": [[121.2844519, 24.9291428], [121.2844705, 24.9293513], [121.2845875, 24.9299342], [121.2846127, 24.9300516], [121.2846388, 24.9301135], [121.2847056, 24.9301575]]}}, {"type": "Feature", "properties": {"county": "桃園市", "district": "大溪區", "highway": "tertiary", "name": "中山一路"}, "geometry": {"type": "LineString", "coordinates": [[121.2847599, 24.9247686], [121.2847276, 24.9249823]]}}, {"type": "Feature", "properties": {"county": "桃園市", "district": "大溪區", "highway": "secondary", "name": "豐德路"}, "geometry": {"type": "LineString", "coordinates": [[121.2847599, 24.9247686], [121.2849113, 24.9247702], [121.2857861, 24.9247755]]}}, {"type": "Feature", "properties": {"county": "桃園市", "district": "大溪區", "highway": "secondary", "name": "建德路"}, "geometry": {"type": "LineString", "coordinates": [[121.2810033, 24.9250246], [121.2810006, 24.9247975]]}}, {"type": "Feature", "properties": {"county": "桃園市", "district": "大溪區", "highway": "residential", "name": null}, "geometry": {"type": "LineString", "coordinates": [[121.2404867, 24.9049746], [121.2405113, 24.9050361], [121.2412907, 24.9058694], [121.241562, 24.9061595], [121.2418239, 24.9062628], [121.2441289, 24.9060732], [121.246175, 24.9059039], [121.2469148, 24.9063913], [121.2469898, 24.9064381]]}}, {"type": "Feature", "properties": {"county": "桃園市", "district": "大溪區", "highway": "residential", "name": null}, "geometry": {"type": "LineString", "coordinates": [[121.2509249, 24.9062659], [121.2512877, 24.9060956]]}}, {"type": "Feature", "properties": {"county": "桃園市", "district": "大溪區", "highway": "residential", "name": null}, "geometry": {"type": "LineString", "coordinates": [[121.2734217, 24.8999068], [121.2731331, 24.9000016], [121.2730177, 24.8999992], [121.272995, 24.9000283], [121.272863, 24.9000686], [121.2727655, 24.9004622]]}}, {"type": "Feature", "properties": {"county": "桃園市", "district": "大溪區", "highway": "residential", "name": "金山路39巷88弄"}, "geometry": {"type": "LineString", "coordinates": [[121.3119416, 24.8823682], [121.3118299, 24.8824997], [121.3117977, 24.8825581], [121.3117762, 24.8826019], [121.3118183, 24.8828221], [121.3118191, 24.883035], [121.3118299, 24.8831323], [121.3115134, 24.8831956], [121.3114759, 24.8832393], [121.311433, 24.8835994]]}}, {"type": "Feature", "properties": {"county": "桃園市", "district": "大溪區", "highway": "residential", "name": "金山路39巷88弄"}, "geometry": {"type": "LineString", "coordinates": [[121.3109509, 24.8838557], [121.3110522, 24.8837454], [121.3112077, 24.8835897], [121.3113204, 24.8835946], [121.311433, 24.8835994]]}}, {"type": "Feature", "properties": {"county": "桃園市", "district": "大溪區", "highway": "residential", "name": "金山路39巷88弄"}, "geometry": {"type": "LineString", "coordinates": [[121.3122181, 24.8836484], [121.3119931, 24.8837866], [121.3117333, 24.8838865], [121.311433, 24.8835994]]}}, {"type": "Feature", "properties": {"county": "桃園市", "district": "大溪區", "highway": "residential", "name": null}, "geometry": {"type": "LineString", "coordinates": [[121.3108913, 24.8839206], [121.3109509, 24.8838557]]}}, {"type": "Feature", "properties": {"county": "桃園市", "district": "大溪區", "highway": "residential", "name": null}, "geometry": {"type": "LineString", "coordinates": [[121.3108269, 24.8839692], [121.3108913, 24.8839206]]}}, {"type": "Feature", "properties": {"county": "桃園市", "district": "大溪區", "highway": "unclassified", "name": "環湖路二段"}, "geometry": {"type": "LineString", "coordinates": [[121.3089039, 24.8177362], [121.3074759, 24.8178129], [121.3071837, 24.8178339], [121.3070555, 24.8178185], [121.3068258, 24.8176999], [121.3067234, 24.8176112], [121.3066328, 24.8174987], [121.3065036, 24.8170732], [121.3064821, 24.8170303], [121.3064392, 24.8169874], [121.3062112, 24.816857], [121.306061, 24.8168355], [121.3058156, 24.8168311], [121.3055823, 24.8167716], [121.3055045, 24.8166651], [121.3054428, 24.8163979], [121.3053945, 24.8163177], [121.305294, 24.8162164], [121.3051199, 24.8161044], [121.3048545, 24.815967], [121.3046184, 24.815883]]}}, {"type": "Feature", "properties": {"county": "桃園市", "district": "大溪區", "highway": "residential", "name": null}, "geometry": {"type": "LineString", "coordinates": [[121.288322, 24.8683671], [121.2881933, 24.8677389], [121.288204, 24.8674177], [121.2881396, 24.8672717], [121.2879573, 24.867004], [121.2878875, 24.8669262]]}}, {"type": "Feature", "properties": {"county": "桃園市", "district": "大溪區", "highway": "unclassified", "name": "三民路一段327巷"}, "geometry": {"type": "LineString", "coordinates": [[121.3334491, 24.8419519], [121.3333127, 24.8420685], [121.3332751, 24.8420855], [121.3332161, 24.8420964], [121.3331222, 24.8421037], [121.3330874, 24.8421171], [121.3330659, 24.8421354], [121.3330512, 24.8421585], [121.3330203, 24.8422145], [121.3330015, 24.8422607], [121.3329881, 24.8422851], [121.3329559, 24.8423167], [121.3326944, 24.8425005], [121.3326462, 24.8425285], [121.3326099, 24.842554], [121.3325335, 24.842621], [121.3324973, 24.8426514], [121.332453, 24.8426733], [121.3324021, 24.842683], [121.3317463, 24.8427183], [121.3316859, 24.842711], [121.3316323, 24.842694], [121.3315518, 24.8426611], [121.3314298, 24.8426125], [121.3313252, 24.8425893], [121.3312273, 24.8425808], [121.3310596, 24.8425772], [121.330837, 24.8425942], [121.330782, 24.8425881], [121.3307364, 24.8425772], [121.3306801, 24.8425589], [121.3306224, 24.8425431], [121.330546, 24.8425273], [121.3304816, 24.8425114], [121.3303985, 24.8424749], [121.3300704, 24.842287], [121.3299854, 24.8422437], [121.3299371, 24.842223], [121.3298888, 24.8422133], [121.329858, 24.8422169], [121.3298137, 24.8422327], [121.3295844, 24.8423155], [121.3295133, 24.8423325], [121.3294543, 24.8423398], [121.3291861, 24.8423459], [121.3290627, 24.842352], [121.3289823, 24.8423471], [121.32894, 24.842333], [121.3289058, 24.8423216], [121.3288495, 24.8422912], [121.328773, 24.8422753], [121.3287342, 24.8422814], [121.3287006, 24.8422997], [121.3286121, 24.8423751], [121.3285665, 24.8424092], [121.328533, 24.8424238], [121.3284914, 24.8424287], [121.3282688, 24.8424396], [121.3282219, 24.8424445], [121.3281789, 24.8424555], [121.3280354, 24.8424992], [121.3279382, 24.8425255], [121.3279161, 24.8425966], [121.3279107, 24.8426434], [121.3278945, 24.8427398], [121.3278859, 24.8427643], [121.3278653, 24.8427943], [121.3278085, 24.8428039], [121.3277577, 24.842791], [121.3277298, 24.842766], [121.3276331, 24.8426832], [121.327537, 24.8426539], [121.3274436, 24.8426514], [121.3273206, 24.8426721]]}}, {"type": "Feature", "properties": {"county": "桃園市", "district": "大溪區", "highway": "unclassified", "name": null}, "geometry": {"type": "LineString", "coordinates": [[121.3247025, 24.8412498], [121.3246672, 24.8413538], [121.3246229, 24.8415096], [121.3246202, 24.841624], [121.3246417, 24.8416787], [121.324686, 24.8417323], [121.3247168, 24.8417481], [121.3247543, 24.8417542], [121.324812, 24.841742], [121.3248804, 24.841714], [121.3249367, 24.8417043], [121.324977, 24.841714], [121.3250199, 24.8417591], [121.3250869, 24.841826], [121.3251285, 24.8418625], [121.3251942, 24.8419002], [121.3252626, 24.8419404], [121.3253297, 24.8419976], [121.325378, 24.8420232], [121.3254289, 24.8420305], [121.3254933, 24.8420292], [121.3255469, 24.842039], [121.325614, 24.8420651], [121.3256878, 24.8420907], [121.325776, 24.8421111], [121.3259427, 24.8421388], [121.3262202, 24.8422526], [121.3263892, 24.8423207], [121.3265099, 24.8423451], [121.3266091, 24.8423402], [121.3267481, 24.8423073], [121.326885, 24.8423148], [121.3271244, 24.842336], [121.3272584, 24.8424916], [121.3273206, 24.8426721]]}}, {"type": "Feature", "properties": {"county": "桃園市", "district": "大溪區", "highway": "residential", "name": null}, "geometry": {"type": "LineString", "coordinates": [[121.3259427, 24.8421388], [121.3260199, 24.8420289], [121.3260806, 24.8420001], [121.3261899, 24.8419697], [121.3262878, 24.8419655], [121.3264038, 24.8419763], [121.3264856, 24.84198], [121.3265312, 24.8419618], [121.3265795, 24.8419277], [121.3266586, 24.8418717], [121.326731, 24.8418389], [121.3267659, 24.8418145], [121.326792, 24.8417299], [121.3267844, 24.8417126], [121.3267274, 24.8417023]]}}, {"type": "Feature", "properties": {"county": "桃園市", "district": "大溪區", "highway": "unclassified", "name": "復興路二段531巷"}, "geometry": {"type": "LineString", "coordinates": [[121.3193239, 24.8313097], [121.3191292, 24.8314626], [121.3190202, 24.8315676], [121.3189902, 24.8316121], [121.3189643, 24.8316675], [121.318953, 24.8317178], [121.3189578, 24.8317719], [121.3189857, 24.8321161], [121.3189763, 24.8322141], [121.3189374, 24.8323151], [121.3189039, 24.8323748], [121.3188784, 24.8324076], [121.3187845, 24.8324648], [121.3185833, 24.8325598], [121.3185337, 24.8325938], [121.3185082, 24.8326316], [121.3185042, 24.8326912], [121.3185284, 24.8327484], [121.3185807, 24.8328105], [121.318704, 24.8328762], [121.3188221, 24.8329492], [121.318878, 24.8330049], [121.3188918, 24.8330186], [121.3189186, 24.8330649], [121.3189226, 24.8331732], [121.3188918, 24.8332912], [121.3187872, 24.833475], [121.3186558, 24.8336685], [121.3186236, 24.8337318], [121.3186155, 24.8338012], [121.3186195, 24.8339911], [121.3186182, 24.8341596], [121.3186263, 24.83424], [121.3186584, 24.8343276], [121.3187094, 24.8343836], [121.3187899, 24.8344396], [121.3189535, 24.8345101], [121.3190393, 24.8345467], [121.3191037, 24.8345978], [121.3192512, 24.8347828], [121.3193075, 24.834829], [121.3193746, 24.8348607], [121.3194416, 24.8348801], [121.3195463, 24.8349386], [121.3195972, 24.8350019], [121.3196482, 24.8351138], [121.3196696, 24.8352428], [121.3196589, 24.8353426], [121.319657, 24.8353933], [121.3196562, 24.8354132], [121.3196777, 24.8354838], [121.3197233, 24.8355495], [121.3198788, 24.8356932], [121.3199251, 24.835748], [121.3200559, 24.8359025], [121.3202034, 24.8361094], [121.3202785, 24.8362554], [121.3203, 24.8363406], [121.3202865, 24.8364307], [121.3202544, 24.8364769], [121.3201766, 24.8365451], [121.3201618, 24.83657], [121.3201619, 24.8366065], [121.320194, 24.8367124], [121.3202249, 24.8367818], [121.3202584, 24.8368171], [121.3203187, 24.83685], [121.320418, 24.8368743], [121.3204944, 24.836906], [121.3206272, 24.8370021], [121.3206835, 24.8370654], [121.3207828, 24.8373125], [121.3208176, 24.8374183], [121.3208431, 24.8374743], [121.3208753, 24.8375206], [121.3209504, 24.8375766], [121.3210537, 24.837624], [121.3211019, 24.8376593], [121.3212347, 24.8378382], [121.3212897, 24.8379417], [121.3213232, 24.8380865], [121.32135, 24.8382788], [121.3213433, 24.8384358], [121.3213192, 24.8386159], [121.3213179, 24.8386865], [121.3213366, 24.8387364], [121.3213769, 24.838762], [121.3214372, 24.8387827], [121.3215324, 24.8387875], [121.3216075, 24.8388033], [121.3216853, 24.8388569], [121.3217403, 24.8389543], [121.3217805, 24.8391745], [121.3218006, 24.8392658], [121.3218328, 24.8393547], [121.3218758, 24.8394009], [121.3219911, 24.8394849], [121.3220823, 24.8395579], [121.3221319, 24.8396261], [121.3221748, 24.8396662], [121.3222204, 24.8396893], [121.322266, 24.8397113], [121.3223076, 24.839749], [121.3224256, 24.8399121], [121.322494, 24.8399754], [121.3225463, 24.8400106], [121.3226013, 24.8400313], [121.3226697, 24.8400386], [121.3227461, 24.8400386], [121.3227917, 24.8400459], [121.3228454, 24.8400727], [121.3229781, 24.8401494], [121.3230908, 24.8401981], [121.3231592, 24.8402212], [121.3231914, 24.8402175], [121.3232088, 24.8401981], [121.3232075, 24.8401786], [121.3231793, 24.8401506], [121.3231015, 24.8400922], [121.3230506, 24.8400399], [121.3230157, 24.8399851], [121.3230103, 24.8399547], [121.3230237, 24.8399035], [121.323068, 24.8398135], [121.3230814, 24.839766], [121.3230774, 24.8397137], [121.3230506, 24.8396699], [121.3230076, 24.8396395], [121.3228869, 24.8396078], [121.3228454, 24.8395969], [121.3228065, 24.8395713], [121.3227756, 24.8395348], [121.3227636, 24.8394849], [121.3227421, 24.8392987], [121.3227139, 24.8392536], [121.3226509, 24.8392038], [121.3225597, 24.839149], [121.3225356, 24.8391234], [121.3225275, 24.8390942], [121.322545, 24.8390614], [121.3225959, 24.8390273], [121.3226952, 24.8389506], [121.3227421, 24.8389056], [121.322844, 24.8387814], [121.3229272, 24.838667], [121.3229741, 24.8386184], [121.3230103, 24.8385989], [121.3230546, 24.8385928], [121.3231203, 24.8386062], [121.3233724, 24.838695], [121.323418, 24.838706], [121.3234891, 24.8387108], [121.3236339, 24.8387169], [121.3236809, 24.8387218], [121.3237265, 24.8387401], [121.3237627, 24.8387717], [121.3238512, 24.8388898], [121.323878, 24.8389117], [121.3239236, 24.8389348], [121.3242844, 24.8390711], [121.32433, 24.8390833], [121.3244078, 24.8390918], [121.3246934, 24.8390687], [121.3248222, 24.8390614], [121.3249026, 24.839065], [121.3250206, 24.8390833], [121.3250609, 24.8390857], [121.3251092, 24.8390784], [121.3251454, 24.8390589], [121.3252285, 24.8389798], [121.3254578, 24.83879], [121.3254998, 24.8387405], [121.3255132, 24.8386906], [121.3255266, 24.838564], [121.3255346, 24.8384971], [121.3255588, 24.8384448], [121.3256124, 24.8384143], [121.3257049, 24.8383644], [121.3257311, 24.8383453], [121.3257733, 24.8383145], [121.3258042, 24.838261], [121.3258163, 24.8382038], [121.3258176, 24.8381393], [121.3258074, 24.8380944], [121.3257935, 24.8380334], [121.3257599, 24.8378654], [121.3257599, 24.8378009], [121.3257693, 24.8377474], [121.3257935, 24.8376975], [121.3258471, 24.8376172], [121.3258712, 24.8375794], [121.3259678, 24.8373275], [121.3260067, 24.837274], [121.3260429, 24.8372508], [121.326122, 24.8372326], [121.3262266, 24.8372289], [121.3263514, 24.8372326], [121.326409, 24.8372155], [121.3264573, 24.83719], [121.3269186, 24.8367604], [121.3270689, 24.8366447], [121.327203, 24.8365802], [121.3272968, 24.8365437], [121.3273947, 24.8365096], [121.3274873, 24.8364646], [121.3276013, 24.8364123], [121.3276576, 24.8363916], [121.3277904, 24.8363672], [121.3279164, 24.8363453], [121.327962, 24.8363332], [121.3280707, 24.8363003], [121.3283053, 24.8362565], [121.3283644, 24.8362358], [121.3284073, 24.8362115], [121.3286339, 24.8359096], [121.3287372, 24.8358098], [121.3287868, 24.8357782], [121.3288351, 24.8357697], [121.328886, 24.8357794], [121.3289504, 24.8358208], [121.3289987, 24.8358889], [121.3290403, 24.8359364], [121.3291154, 24.8359693], [121.3291878, 24.8359778], [121.3292366, 24.8359707], [121.3293058, 24.8359607], [121.3294292, 24.8359181], [121.3295338, 24.8358488], [121.329574, 24.8358305], [121.3296143, 24.8358317], [121.3296505, 24.8358476], [121.3297041, 24.8358895], [121.3298087, 24.8359845], [121.3298637, 24.8360137], [121.3299187, 24.8360173], [121.3299858, 24.8360003], [121.3300448, 24.8359662], [121.3304417, 24.8357215], [121.3305034, 24.8356924], [121.3305544, 24.8356413], [121.3305732, 24.8355828], [121.3305651, 24.835466], [121.3305517, 24.8353236], [121.3305437, 24.8352396], [121.3305598, 24.835169], [121.3306174, 24.8350254]]}}, {"type": "Feature", "properties": {"county": "桃園市", "district": "大溪區", "highway": "residential", "name": null}, "geometry": {"type": "LineString", "coordinates": [[121.3090655, 24.8245711], [121.3090441, 24.8245352], [121.3089682, 24.8244426], [121.3089851, 24.8242139], [121.3089269, 24.8241797]]}}, {"type": "Feature", "properties": {"county": "桃園市", "district": "大溪區", "highway": "residential", "name": null}, "geometry": {"type": "LineString", "coordinates": [[121.3091808, 24.8247102], [121.3090655, 24.8245711]]}}, {"type": "Feature", "properties": {"county": "桃園市", "district": "大溪區", "highway": "residential", "name": "瑞仁路290巷"}, "geometry": {"type": "LineString", "coordinates": [[121.2891855, 24.9038456], [121.2891384, 24.9037888], [121.2890151, 24.9035993], [121.2888446, 24.9033373], [121.2887319, 24.9031865], [121.288691, 24.9029372], [121.2885303, 24.9021872], [121.2885066, 24.9019214], [121.2884288, 24.9016234], [121.2883338, 24.901459]]}}, {"type": "Feature", "properties": {"county": "桃園市", "district": "大溪區", "highway": "residential", "name": null}, "geometry": {"type": "LineString", "coordinates": [[121.289223, 24.9039058], [121.2891855, 24.9038456]]}}, {"type": "Feature", "properties": {"county": "桃園市", "district": "大溪區", "highway": "tertiary", "name": "大鶯路"}, "geometry": {"type": "LineString", "coordinates": [[121.297541, 24.9153811], [121.297312, 24.9156372], [121.2969636, 24.9160219], [121.2968857, 24.9161329], [121.2968301, 24.9162616], [121.2968404, 24.9164418], [121.2968769, 24.9165396], [121.2970419, 24.916913], [121.2972753, 24.9173898], [121.2975421, 24.9176999], [121.2978725, 24.917879], [121.2984489, 24.918234], [121.2987861, 24.9183768], [121.2989684, 24.9184289], [121.2991829, 24.9184283], [121.2998321, 24.9184636], [121.3000152, 24.9184767], [121.3005771, 24.9184388], [121.3006001, 24.9184397], [121.3008065, 24.9184482], [121.3009527, 24.9184918], [121.3010611, 24.9185549], [121.3012026, 24.9186476], [121.301292, 24.9187062], [121.3018067, 24.9189711], [121.3019314, 24.9190625], [121.3022017, 24.919146], [121.302299, 24.9191704], [121.302575, 24.9192272], [121.3028349, 24.9193199], [121.303351, 24.9195519], [121.3037483, 24.9197305], [121.3040154, 24.9198692], [121.3042439, 24.920006], [121.3044577, 24.9201518], [121.3045912, 24.9202931], [121.3047904, 24.9205378], [121.3053034, 24.9213047], [121.3055072, 24.9215472], [121.305699, 24.9217489], [121.3058665, 24.9219673], [121.3059715, 24.9220879], [121.3060182, 24.9221367], [121.3062102, 24.9223239], [121.3064216, 24.9224954], [121.3067109, 24.9227275], [121.3069585, 24.9229041], [121.3071505, 24.9230101], [121.3073591, 24.9231186], [121.3075917, 24.9232102], [121.308097, 24.9234228], [121.3085377, 24.9236348], [121.3086376, 24.9236793], [121.3089367, 24.9238617], [121.3095292, 24.9243087], [121.309703, 24.9244257], [121.3108816, 24.9250082], [121.3110435, 24.9250937], [121.311328, 24.9252524], [121.3116149, 24.9254124], [121.3119323, 24.9255858], [121.312038, 24.9256614], [121.312217, 24.9258125], [121.3122986, 24.9258836], [121.3126985, 24.9262321], [121.3127923, 24.9263221], [121.3131826, 24.9268183], [121.3137377, 24.9274904], [121.3138533, 24.9275799], [121.3141381, 24.9277481], [121.3146501, 24.9280504], [121.3148422, 24.9281835], [121.3149099, 24.9282339], [121.3151175, 24.9283884], [121.3152276, 24.9284743], [121.315557, 24.9287315], [121.3157684, 24.9288652], [121.3160798, 24.9290404], [121.3162347, 24.9291279], [121.3164911, 24.9292727], [121.316669, 24.9293523], [121.3177346, 24.9298423], [121.3179486, 24.9299407], [121.3184167, 24.9301315], [121.318539, 24.9301806], [121.3186197, 24.9302501], [121.3186828, 24.930352], [121.3187965, 24.9305357], [121.318941, 24.9308217], [121.3192342, 24.9313744], [121.319275, 24.9314571], [121.3193557, 24.9316205], [121.3194015, 24.9317133], [121.3202527, 24.933002], [121.3205875, 24.9334531], [121.3206303, 24.9335321], [121.3206538, 24.9335669]]}}, {"type": "Feature", "properties": {"county": "桃園市", "district": "大溪區", "highway": "tertiary", "name": "大鶯路"}, "geometry": {"type": "LineString", "coordinates": [[121.2976147, 24.9152992], [121.297541, 24.9153811]]}}, {"type": "Feature", "properties": {"county": "桃園市", "district": "大溪區", "highway": "unclassified", "name": null}, "geometry": {"type": "LineString", "coordinates": [[121.3245074, 24.8435234], [121.3244544, 24.8435701], [121.3243618, 24.8436066], [121.324268, 24.8436187], [121.3241419, 24.8436455], [121.324048, 24.8436832], [121.323938, 24.8437757], [121.3238737, 24.8438451], [121.3238281, 24.8439157], [121.3238066, 24.8439717], [121.3237945, 24.8440155], [121.3237959, 24.84408], [121.3238241, 24.8441737], [121.3238375, 24.844251], [121.3238488, 24.8444037], [121.3238053, 24.8445023], [121.3237556, 24.8446094], [121.3237248, 24.8446422], [121.323643, 24.8446921], [121.3235397, 24.844725], [121.3234901, 24.8447542], [121.3234566, 24.8447883], [121.3234217, 24.8448418], [121.3233721, 24.8449173], [121.3233278, 24.844955], [121.3232956, 24.8449733], [121.3232326, 24.8449952], [121.3231522, 24.8450341], [121.3230234, 24.8451205], [121.3229201, 24.8451881], [121.3228207, 24.8452364], [121.322564, 24.8452498], [121.3224449, 24.8452742], [121.322335, 24.8453318], [121.3222441, 24.8453877], [121.3222086, 24.8454174], [121.3221893, 24.8454557], [121.3221867, 24.8455097], [121.3221868, 24.8455748], [121.3221655, 24.8456063], [121.3221092, 24.8456367], [121.3219867, 24.845692], [121.321927, 24.8457026], [121.32187, 24.845701], [121.3218151, 24.8456717], [121.3217696, 24.845619], [121.3217268, 24.8455175], [121.321696, 24.845439], [121.3216671, 24.8454092], [121.3216001, 24.8454141], [121.321484, 24.8454401], [121.3214254, 24.8454159], [121.3213146, 24.8453304], [121.321019, 24.8452315], [121.3207159, 24.8450963], [121.3204671, 24.8450113], [121.3203887, 24.8450137], [121.3203571, 24.8450345], [121.3203574, 24.8450684]]}}, {"type": "Feature", "properties": {"county": "桃園市", "district": "大溪區", "highway": "tertiary", "name": "石龜坑橋"}, "geometry": {"type": "LineString", "coordinates": [[121.3085564, 24.8354338], [121.3086733, 24.8353923]]}}, {"type": "Feature", "properties": {"county": "桃園市", "district": "大溪區", "highway": "unclassified", "name": null}, "geometry": {"type": "LineString", "coordinates": [[121.3017007, 24.8567957], [121.3017701, 24.8568319], [121.3018061, 24.8568652], [121.30187, 24.856942], [121.3019027, 24.857017], [121.3019521, 24.8572946], [121.301966, 24.8576296], [121.3019445, 24.8577937], [121.3018493, 24.8580579], [121.3018043, 24.85816], [121.3018249, 24.8582344], [121.3019886, 24.858318], [121.3020144, 24.8583636], [121.3020115, 24.8584631], [121.3020719, 24.8585324], [121.3020538, 24.8585866]]}}, {"type": "Feature", "properties": {"county": "桃園市", "district": "大溪區", "highway": "residential", "name": null}, "geometry": {"type": "LineString", "coordinates": [[121.301966, 24.8576296], [121.3012324, 24.8576798]]}}, {"type": "Feature", "properties": {"county": "桃園市", "district": "大溪區", "highway": "secondary", "name": "豐德路"}, "geometry": {"type": "LineString", "coordinates": [[121.2810006, 24.9247975], [121.2812168, 24.9247992], [121.2813418, 24.9247977], [121.2820929, 24.9247964], [121.2822106, 24.9247961]]}}, {"type": "Feature", "properties": {"county": "桃園市", "district": "大溪區", "highway": "secondary", "name": "豐德路"}, "geometry": {"type": "LineString", "coordinates": [[121.2822079, 24.9250106], [121.2820904, 24.925012], [121.281347, 24.9250206], [121.281218, 24.9250221]]}}, {"type": "Feature", "properties": {"county": "桃園市", "district": "大溪區", "highway": "residential", "name": "洪圳路1073巷"}, "geometry": {"type": "LineString", "coordinates": [[121.2461235, 24.8849077], [121.2461948, 24.8854117], [121.2464038, 24.885814], [121.2464752, 24.8862302], [121.2464863, 24.8864306], [121.2464571, 24.8866123], [121.2464276, 24.8867949], [121.2464141, 24.8869311], [121.2464188, 24.8870944], [121.2463804, 24.8871642], [121.2463351, 24.8872536], [121.2462611, 24.8874517], [121.2462224, 24.8875941], [121.2461849, 24.8878606], [121.2461777, 24.8879728], [121.246147, 24.8880292], [121.2461137, 24.8880553], [121.2460518, 24.8880699], [121.2459991, 24.8880723], [121.2459327, 24.8880528], [121.2458529, 24.8880309], [121.245757, 24.888016], [121.2456766, 24.8880236], [121.2455827, 24.8880534], [121.2455096, 24.8881185], [121.2454457, 24.8881458], [121.2453681, 24.8881696], [121.2452917, 24.8881818], [121.2452179, 24.8882194], [121.24513, 24.8883284], [121.2450536, 24.8885383], [121.2449972, 24.888649], [121.2449205, 24.888814], [121.2447853, 24.8892244], [121.244725, 24.8896502], [121.2446874, 24.8901308], [121.244621, 24.8905749], [121.2446218, 24.8911927], [121.2446244, 24.891284], [121.2446459, 24.8913655], [121.2446754, 24.8914495], [121.2449003, 24.891902]]}}, {"type": "Feature", "properties": {"county": "桃園市", "district": "大溪區", "highway": "residential", "name": "中興路九龍段172巷50弄"}, "geometry": {"type": "LineString", "coordinates": [[121.2468127, 24.8807521], [121.2472527, 24.8800561], [121.2472656, 24.8800104], [121.2472687, 24.8799782], [121.2474565, 24.8799831], [121.2473814, 24.8808008], [121.2473868, 24.8808592], [121.2473224, 24.8811707], [121.2472902, 24.8812048], [121.2468878, 24.8811415]]}}, {"type": "Feature", "properties": {"county": "桃園市", "district": "大溪區", "highway": "motorway", "name": "福爾摩沙高速公路"}, "geometry": {"type": "LineString", "coordinates": [[121.306277, 24.9253272], [121.3073214, 24.9258971], [121.3082491, 24.9264324], [121.3089939, 24.9269572], [121.3096989, 24.927478], [121.3107336, 24.9283872], [121.3115295, 24.9291437], [121.3123568, 24.9299895], [121.3125238, 24.9301848], [121.3133917, 24.9311999], [121.3142474, 24.9322164], [121.315205, 24.9332914], [121.3156985, 24.933863], [121.316125, 24.9342862], [121.3166078, 24.9347556], [121.3169444, 24.9351007], [121.3176691, 24.9357132]]}}, {"type": "Feature", "properties": {"county": "桃園市", "district": "大溪區", "highway": "residential", "name": "中正三路"}, "geometry": {"type": "LineString", "coordinates": [[121.2540811, 24.9289385], [121.2546374, 24.9286816], [121.2555811, 24.9282457]]}}, {"type": "Feature", "properties": {"county": "桃園市", "district": "大溪區", "highway": "residential", "name": "龍平路"}, "geometry": {"type": "LineString", "coordinates": [[121.2545381, 24.9291991], [121.2551695, 24.9295481], [121.2556862, 24.9297544], [121.2565822, 24.9301363], [121.256887, 24.9302658], [121.257164, 24.9303835], [121.2574389, 24.9304979], [121.2581645, 24.9308017]]}}, {"type": "Feature", "properties": {"county": "桃園市", "district": "大溪區", "highway": "residential", "name": "忠貞路"}, "geometry": {"type": "LineString", "coordinates": [[121.2558064, 24.9286692], [121.2557127, 24.9284931], [121.2557017, 24.9284725], [121.2555811, 24.9282457], [121.2552748, 24.9276352]]}}, {"type": "Feature", "properties": {"county": "桃園市", "district": "大溪區", "highway": "unclassified", "name": null}, "geometry": {"type": "LineString", "coordinates": [[121.3418732, 24.8261546], [121.3419703, 24.8261532], [121.342032, 24.8261386], [121.3420883, 24.8261021], [121.3422439, 24.8259585], [121.3424504, 24.82581], [121.3426382, 24.8256396], [121.342885, 24.8254723], [121.3429439, 24.8253779], [121.343408, 24.8249896], [121.3435072, 24.824919], [121.3435984, 24.8248752], [121.3437218, 24.8248387], [121.3438653, 24.8247656], [121.3440356, 24.8247206], [121.3441054, 24.8246074], [121.3441577, 24.824594], [121.3442073, 24.8245977], [121.3444943, 24.8247072], [121.3445613, 24.8247145], [121.3446337, 24.8246902], [121.3446981, 24.8246634], [121.3447572, 24.8245965], [121.3448202, 24.8245344], [121.3448805, 24.8245197], [121.3449502, 24.8245198], [121.3450227, 24.8245392], [121.3450656, 24.8245709], [121.345079, 24.8246756], [121.3451017, 24.8247741], [121.3451541, 24.824824], [121.3452211, 24.8248241], [121.3453164, 24.8248217], [121.3454505, 24.8248703], [121.3455121, 24.8249299], [121.3455779, 24.8250249], [121.345712, 24.8250882], [121.3458085, 24.8251698], [121.3458971, 24.8251965], [121.3459856, 24.825199], [121.3460607, 24.825177], [121.3461519, 24.8251138], [121.3462525, 24.8250005], [121.3463074, 24.8249799], [121.3464241, 24.8249811], [121.3466561, 24.8249385], [121.3467795, 24.8249555], [121.3468627, 24.824958], [121.3469512, 24.8249433], [121.3470438, 24.8249251], [121.3470893, 24.8249384], [121.3471255, 24.8249641], [121.3472006, 24.8250553], [121.3472328, 24.8250882], [121.3472649, 24.8250976], [121.3472972, 24.8250943], [121.3475855, 24.8250274], [121.3477263, 24.8249823], [121.3479704, 24.8249093], [121.348075, 24.8249141], [121.3481528, 24.8249531], [121.3481002, 24.8249653], [121.3479795, 24.8250115], [121.3478963, 24.8250724], [121.3478507, 24.8251551], [121.3478212, 24.8252525], [121.3478078, 24.825401], [121.3478159, 24.8254473], [121.3479178, 24.8256688], [121.34795, 24.8257662], [121.3479634, 24.8258562], [121.3479899, 24.8260437], [121.3480167, 24.8261118], [121.3480515, 24.8261654], [121.3481052, 24.8262263], [121.3482018, 24.8263504], [121.3482769, 24.8264551], [121.348368, 24.8265476], [121.3483912, 24.8265721], [121.3484646, 24.8266498], [121.3486577, 24.8268957], [121.3486765, 24.8269541], [121.3486711, 24.827015], [121.3486577, 24.8270637], [121.3486282, 24.8270856], [121.3485907, 24.8270856], [121.3485531, 24.8270637], [121.348478, 24.826976], [121.3484163, 24.8269249], [121.348352, 24.8269127], [121.3482929, 24.8269273], [121.3482313, 24.8269687], [121.3481615, 24.8270564], [121.3480998, 24.8271805], [121.3480703, 24.8272487], [121.3480596, 24.8273387], [121.3480623, 24.8274629], [121.3480569, 24.8276138], [121.3480274, 24.8276917], [121.3479845, 24.8277282], [121.3479362, 24.8277477], [121.3478262, 24.8277745], [121.3477726, 24.8277915], [121.3477404, 24.8278207], [121.347719, 24.8278889], [121.3476948, 24.8280447], [121.3476814, 24.8282181], [121.3476734, 24.8283222], [121.3476599, 24.8283733], [121.3476071, 24.8284165], [121.3474153, 24.82852], [121.3473563, 24.8285553], [121.3473134, 24.828593], [121.3472517, 24.8286733], [121.347139, 24.8288316], [121.347078, 24.8289393], [121.3470532, 24.8289582], [121.3470129, 24.8289703], [121.3469781, 24.8289703], [121.3469472, 24.8289582], [121.3468922, 24.8289168], [121.3468279, 24.8288766], [121.3467769, 24.8288705], [121.3467112, 24.8288827], [121.3466827, 24.8288939], [121.3465744, 24.8289362], [121.3464711, 24.8289886], [121.3464322, 24.8290312], [121.3464229, 24.8290701], [121.3464255, 24.8291115], [121.3464457, 24.8291748], [121.3464631, 24.8292393], [121.3464604, 24.829316], [121.3464403, 24.8293562], [121.3464121, 24.8293817], [121.3463679, 24.8293939], [121.3463089, 24.8293963], [121.3462432, 24.8294036], [121.3462043, 24.8294243], [121.3461721, 24.8294633], [121.3461385, 24.829529], [121.3460956, 24.8295777], [121.3460111, 24.8296215], [121.3459481, 24.8296361], [121.3458864, 24.8296373], [121.3458395, 24.8296288], [121.3457134, 24.8295777], [121.345649, 24.8295716], [121.3455793, 24.8295874], [121.3455257, 24.8296154], [121.3454921, 24.8296544], [121.3454801, 24.8297018], [121.3454827, 24.8298028], [121.345468, 24.8298503], [121.3454224, 24.8298953], [121.3453312, 24.8299428], [121.3452682, 24.8299574], [121.3451984, 24.8299513], [121.3451461, 24.829927], [121.3451086, 24.8298941], [121.3450053, 24.8297359], [121.3449825, 24.8297164], [121.3449517, 24.8297103], [121.3449168, 24.829714], [121.3448766, 24.8297274], [121.3447183, 24.8297822], [121.344658, 24.8297931], [121.344607, 24.8297919], [121.3445359, 24.8297773], [121.3443884, 24.8297469], [121.3443012, 24.8297213], [121.3442127, 24.8296702], [121.3441175, 24.8295996], [121.3440545, 24.8295387], [121.3439794, 24.8294401], [121.3439083, 24.8293732], [121.3438037, 24.8293172], [121.3436401, 24.82926], [121.3434912, 24.829215], [121.3434416, 24.8291991], [121.3433195, 24.8291286], [121.3432632, 24.829086], [121.3427722, 24.8287471], [121.3426568, 24.8286546], [121.3425575, 24.8285657], [121.3424583, 24.8284378], [121.3424253, 24.8283774], [121.34242, 24.8283391], [121.3424341, 24.8283105], [121.3424723, 24.8282746], [121.3425581, 24.8282308], [121.3426359, 24.8282235], [121.3427191, 24.8282259], [121.3428102, 24.8282186], [121.34288, 24.8281919], [121.3429283, 24.8281237], [121.3430034, 24.8280531], [121.343116, 24.8279947], [121.3432126, 24.827929], [121.3432555, 24.8278584], [121.3432635, 24.8277926], [121.343234, 24.8277415], [121.3430999, 24.8276612], [121.3428853, 24.8275711], [121.3427512, 24.8275322], [121.3426493, 24.8274932], [121.3426091, 24.8274616], [121.3425072, 24.8272644], [121.3424562, 24.8271841], [121.3423945, 24.8271329], [121.3422684, 24.8270989], [121.3418286, 24.8270185], [121.3417615, 24.8269942], [121.3416676, 24.8269358], [121.3414906, 24.82678], [121.3413942, 24.8266373]]}}, {"type": "Feature", "properties": {"county": "桃園市", "district": "大溪區", "highway": "residential", "name": "洪圳路1125巷"}, "geometry": {"type": "LineString", "coordinates": [[121.2439471, 24.8911477], [121.2438778, 24.8910251], [121.2438188, 24.8910105], [121.2436096, 24.8909667], [121.2433467, 24.8908645], [121.242998, 24.8906164]]}}, {"type": "Feature", "properties": {"county": "桃園市", "district": "大溪區", "highway": "residential", "name": "東龍街611巷"}, "geometry": {"type": "LineString", "coordinates": [[121.2506027, 24.8952556], [121.2501469, 24.895643], [121.2499968, 24.895643], [121.2483239, 24.8952343]]}}, {"type": "Feature", "properties": {"county": "桃園市", "district": "大溪區", "highway": "unclassified", "name": "太平西路207巷"}, "geometry": {"type": "LineString", "coordinates": [[121.2433007, 24.9045137], [121.2433096, 24.9045454], [121.2434147, 24.9048607], [121.2434813, 24.9051144], [121.243487, 24.9051413], [121.2436609, 24.9059635]]}}, {"type": "Feature", "properties": {"county": "桃園市", "district": "大溪區", "highway": "residential", "name": "龍安路"}, "geometry": {"type": "LineString", "coordinates": [[121.2502747, 24.9208893], [121.2504134, 24.9211188], [121.2504799, 24.9212152], [121.2505912, 24.9213369], [121.2508785, 24.9214772], [121.2511415, 24.9216174], [121.2512578, 24.9216762], [121.2514214, 24.9218653]]}}, {"type": "Feature", "properties": {"county": "桃園市", "district": "大溪區", "highway": "unclassified", "name": "枕頭山產業道路"}, "geometry": {"type": "LineString", "coordinates": [[121.3442261, 24.8222304], [121.3440587, 24.8221037], [121.3440098, 24.8220412], [121.3439768, 24.8219677], [121.3439583, 24.8217872], [121.3439529, 24.8216607], [121.3439341, 24.8215925], [121.343902, 24.8215487], [121.3437008, 24.8214562], [121.3436498, 24.821427], [121.3436069, 24.8213795], [121.3435854, 24.821298], [121.3436109, 24.8211932], [121.3436364, 24.8211348], [121.343564, 24.8209668], [121.3435318, 24.8209182], [121.3434862, 24.8208938], [121.3434406, 24.8208938], [121.3433789, 24.8209279], [121.3432234, 24.8209961], [121.3431442, 24.8210028], [121.3430436, 24.8209857], [121.3429752, 24.8209455], [121.3429404, 24.8208944], [121.3428948, 24.8206717], [121.3428559, 24.8206059], [121.3427982, 24.8205658], [121.3427137, 24.8205463], [121.3426266, 24.8205268], [121.3425568, 24.8205013], [121.342471, 24.8204574], [121.3424066, 24.8204355], [121.342349, 24.8204319], [121.3422832, 24.8204404], [121.3420311, 24.820494], [121.3419869, 24.8205134], [121.3417575, 24.8207082], [121.3416878, 24.8207398], [121.3416422, 24.820741], [121.3415845, 24.8207289], [121.3414906, 24.8206851], [121.341264, 24.8206011], [121.3409797, 24.8205487], [121.3408739, 24.8205438], [121.3407182, 24.8205426], [121.3406592, 24.8205329], [121.3406055, 24.8205073], [121.3404057, 24.8202882], [121.3403547, 24.8202529], [121.3402944, 24.8202383], [121.3402381, 24.820242], [121.3401764, 24.82027], [121.3401053, 24.8203321], [121.3400758, 24.8203795], [121.3400262, 24.8205938], [121.3400127, 24.8206534], [121.3399832, 24.8206911], [121.3399417, 24.820707], [121.339884, 24.8206997], [121.3398317, 24.8206753], [121.3396304, 24.8205166], [121.3396171, 24.8205061], [121.339538, 24.8204635], [121.3394656, 24.8204367], [121.3394146, 24.8204051], [121.3393771, 24.8203637], [121.3392014, 24.8200789], [121.3391638, 24.8200156], [121.3388715, 24.8197295], [121.3388192, 24.8196748], [121.3387387, 24.8195421], [121.3386663, 24.8193826], [121.3385322, 24.8191148], [121.3385121, 24.8190661], [121.3383887, 24.8185512], [121.3383255, 24.8183532], [121.3382908, 24.8182445], [121.3381674, 24.8179585], [121.337993, 24.8176128], [121.3377691, 24.8172147], [121.3377128, 24.8171514], [121.3376551, 24.8170954], [121.3376047, 24.8170588], [121.3373392, 24.816868], [121.3373044, 24.8168442], [121.3372501, 24.8168069], [121.3371937, 24.8167948], [121.3370744, 24.8168008], [121.3369389, 24.8168094], [121.3368853, 24.8168057], [121.3368316, 24.8167887], [121.3366426, 24.816684], [121.3365822, 24.8166621], [121.3363569, 24.8165805], [121.3363261, 24.816561], [121.3362912, 24.8165257], [121.3362711, 24.8164844], [121.3360779, 24.8160814], [121.3359875, 24.815911], [121.3358057, 24.815653], [121.3357252, 24.815569], [121.3356874, 24.8155429], [121.33563, 24.8155032], [121.3355268, 24.8154825], [121.3354235, 24.8154911], [121.3352089, 24.8155325], [121.3350882, 24.8155495], [121.3349675, 24.8155678], [121.3349058, 24.8155921], [121.334828, 24.8156457], [121.3347717, 24.8157163], [121.3347315, 24.8157954], [121.334714, 24.8158684], [121.3346819, 24.8160133], [121.3346577, 24.8160571], [121.3346175, 24.8160875], [121.3344163, 24.8162202], [121.334356, 24.8162433], [121.3343037, 24.8162531], [121.334246, 24.8162494], [121.3342017, 24.8162324], [121.3341494, 24.8161873], [121.3341038, 24.8161277], [121.3340475, 24.8159658], [121.3340113, 24.8157905], [121.3339925, 24.815709], [121.3339536, 24.8156444], [121.3338933, 24.8155836], [121.3338168, 24.8155519], [121.3337565, 24.8155495], [121.3336358, 24.8155568], [121.3334306, 24.815597], [121.333377, 24.8155994], [121.3333314, 24.8155921], [121.3332858, 24.8155531], [121.333149, 24.8153693], [121.3330927, 24.8153243], [121.3329733, 24.8152634], [121.3326042, 24.8151583], [121.3322853, 24.8150675], [121.3321043, 24.8150322], [121.3319954, 24.8150213], [121.3319098, 24.8150127], [121.3317971, 24.8149895], [121.3317435, 24.8149567], [121.3317033, 24.814908], [121.3316738, 24.8148447], [121.3316295, 24.8146718], [121.3316, 24.8144418], [121.331604, 24.8143943], [121.3316241, 24.8143115], [121.3316322, 24.8142604], [121.3316255, 24.8142214], [121.3316, 24.8141801], [121.3315557, 24.8141557], [121.3310944, 24.8140742], [121.3310166, 24.8140522], [121.3309348, 24.8140182], [121.3308691, 24.8139719], [121.3308329, 24.8139171], [121.3307752, 24.8137796], [121.3307511, 24.8137199], [121.3307189, 24.8136724], [121.3306706, 24.8136335], [121.3300068, 24.8133353], [121.3299276, 24.8133219], [121.3298485, 24.813317], [121.3297506, 24.8133292], [121.329583, 24.8133827], [121.3295132, 24.8133986], [121.3294328, 24.8133937], [121.3293764, 24.8133571], [121.3293496, 24.8133109], [121.3293427, 24.8132567], [121.3293523, 24.8131137], [121.3293389, 24.8130212], [121.3292906, 24.8129579], [121.3292236, 24.8129019], [121.3291485, 24.8128702], [121.3290465, 24.8128629], [121.3289366, 24.8128776], [121.3285637, 24.8129701], [121.3284833, 24.8129701], [121.3284189, 24.8129579], [121.3283545, 24.8129214], [121.3282794, 24.8128264], [121.3282338, 24.8127753], [121.3281855, 24.8127485], [121.3281185, 24.812729], [121.3278771, 24.8127169], [121.327802, 24.8127023], [121.3276491, 24.8126633], [121.3274748, 24.8126], [121.3274077, 24.8125854], [121.3273031, 24.8125757], [121.3271395, 24.8125781], [121.3270376, 24.8125708], [121.3269356, 24.8125513], [121.3268351, 24.8124954], [121.3268058, 24.8124785], [121.3267237, 24.8124126], [121.3265708, 24.8122774], [121.3264274, 24.8121946], [121.3261652, 24.8120492], [121.3260304, 24.8119676], [121.3259311, 24.8119292], [121.3258178, 24.8119378], [121.3257199, 24.8119761], [121.3256066, 24.8120504], [121.3254634, 24.8121374], [121.3252807, 24.8122226], [121.3249334, 24.8124624], [121.3248476, 24.812513], [121.3247738, 24.8125294], [121.3246611, 24.8125227], [121.3245391, 24.8124929], [121.3243754, 24.8124892], [121.3242206, 24.8124953], [121.324122, 24.812471], [121.324004, 24.8124296], [121.3238611, 24.8123261], [121.3236741, 24.8122349], [121.3235273, 24.8121465], [121.3233147, 24.8120376], [121.3232261, 24.8119962], [121.323151, 24.8119841], [121.3230625, 24.8119865], [121.3229767, 24.8120133], [121.3227782, 24.812152], [121.3225475, 24.8123639], [121.3224744, 24.8124119], [121.3224108, 24.8124247], [121.3223142, 24.8124296], [121.3221989, 24.8124418], [121.3220916, 24.8124685], [121.321818, 24.8125732], [121.321759, 24.8125878], [121.3216705, 24.8125854], [121.3215229, 24.8125294], [121.3213647, 24.812471], [121.3212118, 24.8124685], [121.321067, 24.8124905], [121.320957, 24.8125391], [121.320619, 24.8127169], [121.3205654, 24.8127217], [121.3205117, 24.8127071], [121.3204688, 24.8126657], [121.320332, 24.8124272], [121.3202569, 24.8123346], [121.3201657, 24.8122494], [121.3200826, 24.8122056], [121.3200129, 24.8121886], [121.3199512, 24.8121934], [121.3198841, 24.8122324], [121.3197259, 24.8123152], [121.3196373, 24.8123419], [121.3195193, 24.8123614], [121.3191921, 24.8124004], [121.3190821, 24.8124296], [121.3189722, 24.8124685], [121.3188783, 24.8125343], [121.3187334, 24.8126487], [121.318653, 24.8126779], [121.3185779, 24.8126828], [121.318484, 24.8126584], [121.3182855, 24.8126], [121.3181675, 24.8125878], [121.3179958, 24.8125781], [121.3178751, 24.8125562], [121.3177464, 24.8125197], [121.3176579, 24.8125197], [121.3175613, 24.8125416], [121.3174674, 24.8125708], [121.3173832, 24.8125995], [121.3169658, 24.8126752], [121.316822, 24.8127175]]}}, {"type": "Feature", "properties": {"county": "桃園市", "district": "大溪區", "highway": "unclassified", "name": null}, "geometry": {"type": "LineString", "coordinates": [[121.3378545, 24.8219127], [121.3378492, 24.821867], [121.3378572, 24.8218147], [121.3378827, 24.8217636], [121.3378961, 24.821727], [121.3378894, 24.8217003], [121.3378733, 24.8216857], [121.3378505, 24.8216832], [121.3376936, 24.821766], [121.3376641, 24.8217709], [121.3376426, 24.8217648], [121.3376306, 24.8217441], [121.3376319, 24.8217173], [121.3376507, 24.8216869], [121.3377298, 24.8216163], [121.3377459, 24.8215944], [121.3377821, 24.8215286], [121.337813, 24.8214361], [121.3378304, 24.821385], [121.337868, 24.8213351], [121.3379162, 24.8212986], [121.3379779, 24.8212669], [121.3381697, 24.8212049], [121.338218, 24.8211829], [121.3382649, 24.8211562], [121.3383467, 24.8210844], [121.3384634, 24.8209724], [121.3384956, 24.8209517], [121.3387678, 24.82083], [121.3388201, 24.8207995], [121.3389367, 24.8207229], [121.3392319, 24.82055], [121.3393244, 24.8205135], [121.3393955, 24.8205147], [121.3394679, 24.8205159], [121.3395577, 24.8205232], [121.3396304, 24.8205166]]}}, {"type": "Feature", "properties": {"county": "桃園市", "district": "大溪區", "highway": "residential", "name": null}, "geometry": {"type": "LineString", "coordinates": [[121.3416878, 24.8207398], [121.3416754, 24.8206717], [121.3416629, 24.8206035], [121.3416656, 24.8205183], [121.341679, 24.8204295], [121.3418748, 24.8200874], [121.341915, 24.8200314], [121.3420062, 24.8199511]]}}, {"type": "Feature", "properties": {"county": "桃園市", "district": "大溪區", "highway": "unclassified", "name": null}, "geometry": {"type": "LineString", "coordinates": [[121.3314201, 24.8288165], [121.331388, 24.8287693], [121.3313491, 24.8286963], [121.331329, 24.8286476], [121.3313263, 24.828605], [121.3313397, 24.8285368], [121.3313639, 24.8284796], [121.3314001, 24.8284455], [121.3317407, 24.8283652], [121.3317851, 24.8283524], [121.3320586, 24.8282739], [121.3322839, 24.8281887], [121.3324999, 24.8281327], [121.3326822, 24.8280913], [121.3327519, 24.8280804], [121.3328136, 24.8280816], [121.3328766, 24.828095], [121.3331891, 24.8281802], [121.3332441, 24.8281887], [121.3333541, 24.8281924], [121.3335485, 24.8281899], [121.3337135, 24.8282106], [121.3337658, 24.8282045], [121.3338409, 24.8281802], [121.3338919, 24.82814], [121.3339723, 24.828039], [121.3340313, 24.8279368], [121.3340461, 24.827899], [121.3340877, 24.8277749], [121.3341306, 24.8276726], [121.3341735, 24.8275509], [121.3341762, 24.8274706], [121.3341587, 24.8273976], [121.3341091, 24.8272965], [121.3340702, 24.8272211], [121.3340501, 24.827131], [121.3340768, 24.8270481], [121.3340821, 24.8270066], [121.3340674, 24.8269616], [121.334007, 24.8268934], [121.333952, 24.8268081], [121.3339305, 24.8267265], [121.3339305, 24.8266144], [121.3339439, 24.8265085], [121.3339412, 24.8264415], [121.3339305, 24.8263915], [121.3339105, 24.8263568], [121.333908, 24.8263257], [121.3339299, 24.8263013], [121.3339882, 24.8262758], [121.3342324, 24.8262064], [121.3343089, 24.8261711], [121.3343599, 24.8261284], [121.3344324, 24.8260188], [121.3344807, 24.825925], [121.3344982, 24.825852], [121.3344982, 24.8257801], [121.33447, 24.8256388], [121.334466, 24.8255828], [121.3344848, 24.8255353], [121.3345237, 24.8254829], [121.3346431, 24.8253806], [121.334725, 24.8253428], [121.3348672, 24.8253185], [121.3349867, 24.8253002], [121.3350967, 24.8252978], [121.3351491, 24.8252892], [121.3352014, 24.8252685], [121.335286, 24.8252222], [121.3353477, 24.8251942], [121.3353826, 24.8251626], [121.3354899, 24.824971], [121.3355626, 24.8248187], [121.3356045, 24.8247299], [121.3356297, 24.8246081], [121.3356521, 24.8245167], [121.3356743, 24.8244785], [121.3357388, 24.8244228], [121.3358318, 24.8243667], [121.3359015, 24.824301], [121.3359632, 24.8242304], [121.3360034, 24.8241525], [121.3360302, 24.8240503], [121.336049, 24.824004], [121.3361429, 24.8238677], [121.3362958, 24.82369], [121.3363816, 24.823578], [121.3364138, 24.8235098], [121.3364379, 24.8234319], [121.3364701, 24.8233881], [121.3366069, 24.8233078], [121.3366364, 24.8232737], [121.3366525, 24.8232299], [121.3366552, 24.8230887], [121.3366686, 24.8230327], [121.3367142, 24.8229377], [121.3367254, 24.8228942], [121.3366887, 24.8228197], [121.336666, 24.8227898], [121.3366392, 24.8227582], [121.336599, 24.8226876], [121.3365802, 24.8226036], [121.3365909, 24.8225513], [121.3366325, 24.8224819], [121.33667, 24.822404], [121.3366821, 24.8223456], [121.3366928, 24.822275], [121.3366902, 24.8222324], [121.3366727, 24.8221885], [121.3366271, 24.8221581], [121.3365681, 24.8221484], [121.3364555, 24.8221618], [121.3364179, 24.822163], [121.336379, 24.8221581], [121.3363334, 24.8221289], [121.3362959, 24.8220778], [121.3362516, 24.8220157], [121.3362074, 24.8219768], [121.3361363, 24.8219463], [121.3361001, 24.8219305], [121.3360531, 24.8218976], [121.3360263, 24.821855], [121.3360196, 24.8218051], [121.3360317, 24.8217309], [121.3360558, 24.8216725], [121.3361121, 24.8215872], [121.3361792, 24.8214911], [121.33621, 24.8214412], [121.3362288, 24.8213828], [121.3362328, 24.8213487], [121.3362221, 24.821317], [121.3361618, 24.8212233], [121.3361215, 24.8211296], [121.3361041, 24.8210651], [121.3361068, 24.82102], [121.3361125, 24.8209718], [121.3361175, 24.8209287], [121.3361483, 24.820762], [121.3361779, 24.8206841], [121.336206, 24.8205989], [121.3362234, 24.8205112], [121.3362328, 24.8204053], [121.3362476, 24.8202154], [121.336253, 24.8200937], [121.3362851, 24.8198953], [121.3362865, 24.8197675], [121.3362798, 24.819647], [121.3362945, 24.8194936], [121.3363093, 24.8194303], [121.3363294, 24.8193488], [121.3363401, 24.8192648], [121.3363344, 24.8192276], [121.3363307, 24.8192039], [121.3362986, 24.8191455], [121.3362315, 24.8190968], [121.3361698, 24.8190639], [121.3361457, 24.8190396], [121.3361349, 24.8190104], [121.3361162, 24.8188741], [121.3361121, 24.8187852], [121.3361296, 24.8187462], [121.3361792, 24.8186963], [121.3362342, 24.8186623], [121.3363804, 24.8186087], [121.3364286, 24.8185783], [121.3364424, 24.8185623], [121.3364769, 24.8185223], [121.3365037, 24.8184176], [121.3365118, 24.818319], [121.3365332, 24.8182557], [121.3365601, 24.8182192], [121.3366003, 24.8181948], [121.3367934, 24.8181401], [121.3369369, 24.8181011], [121.3369771, 24.8180841], [121.3369999, 24.8180573], [121.337004, 24.8180366], [121.3369946, 24.8180122], [121.3369691, 24.817994], [121.336839, 24.8179696], [121.3368149, 24.8179587], [121.3367988, 24.8179404], [121.3368001, 24.8179076], [121.3368189, 24.8178747], [121.3369128, 24.817809], [121.3371341, 24.8176483], [121.337177, 24.8176166], [121.3371944, 24.8175862], [121.3372011, 24.817557], [121.337189, 24.8175205], [121.337134, 24.8174128], [121.33713, 24.8173355], [121.3371247, 24.8172855], [121.3371113, 24.8172308], [121.3370724, 24.8171492], [121.3370375, 24.8170981], [121.3370187, 24.8170664], [121.3370134, 24.8170275], [121.3370187, 24.8169983], [121.3370469, 24.816963], [121.337126, 24.8169338], [121.3373392, 24.816868]]}}, {"type": "Feature", "properties": {"county": "桃園市", "district": "大溪區", "highway": "unclassified", "name": null}, "geometry": {"type": "LineString", "coordinates": [[121.3335317, 24.8232789], [121.3335092, 24.8232466], [121.3334609, 24.8231955], [121.333351, 24.8231663], [121.3331659, 24.8231614], [121.3330184, 24.8231979], [121.3329486, 24.8232077], [121.3328753, 24.8231923], [121.3328333, 24.8231517], [121.3328172, 24.823103], [121.3328118, 24.822991], [121.3328253, 24.8229448], [121.3328574, 24.8229107], [121.3329165, 24.8228912], [121.3331766, 24.8228839], [121.3332728, 24.8228565], [121.3333134, 24.8228449], [121.3334904, 24.8227743], [121.3337479, 24.8226015], [121.3339116, 24.8224627], [121.3340966, 24.8222753], [121.3341664, 24.8221901], [121.3342146, 24.8221073], [121.3342307, 24.8220245], [121.3342361, 24.821915], [121.3342602, 24.8218274], [121.3343246, 24.8216935], [121.3343648, 24.8216034], [121.3344212, 24.8214257], [121.334499, 24.8211482], [121.3345928, 24.8208487], [121.3346733, 24.8205858], [121.334735, 24.8203983], [121.3347699, 24.820262], [121.3347806, 24.8201476], [121.3347833, 24.8200259], [121.3347833, 24.8199285], [121.3347994, 24.8198652], [121.3348342, 24.8197776], [121.3348396, 24.8197167], [121.334845, 24.8195901], [121.3348611, 24.8195268], [121.3349254, 24.8192955], [121.3349335, 24.8192298], [121.3349227, 24.8191227], [121.3349227, 24.8190277], [121.3349496, 24.818889], [121.3349898, 24.818794], [121.3350595, 24.8187015], [121.3352124, 24.8185701], [121.3352607, 24.8185214], [121.3352902, 24.8184654], [121.3353197, 24.818312], [121.3353599, 24.8181416], [121.3353948, 24.8180345], [121.335427, 24.8179858], [121.3354753, 24.8179663], [121.3355423, 24.8179639], [121.3356469, 24.8180077], [121.3356899, 24.8180174], [121.3357435, 24.8180101], [121.3357784, 24.8179882], [121.3358186, 24.8179298], [121.3358964, 24.8177715], [121.3359661, 24.8176766], [121.3361029, 24.8175403], [121.3362826, 24.8173772], [121.3363309, 24.8173212], [121.3364462, 24.8171702], [121.3365455, 24.8170875], [121.3367171, 24.8169852], [121.3368888, 24.8169097], [121.3370176, 24.8168683], [121.3371678, 24.8168489], [121.3373044, 24.8168442]]}}, {"type": "Feature", "properties": {"county": "桃園市", "district": "大溪區", "highway": "unclassified", "name": null}, "geometry": {"type": "LineString", "coordinates": [[121.335427, 24.8179858], [121.3353983, 24.8178793], [121.3353538, 24.8177527], [121.3353458, 24.817698], [121.3353432, 24.8176474], [121.3353285, 24.8176036], [121.3352453, 24.8174807], [121.3352171, 24.8174149], [121.3352104, 24.817359], [121.3352064, 24.8173005], [121.3351957, 24.8172457], [121.3351219, 24.8170899], [121.3351701, 24.817059], [121.3352587, 24.8170078], [121.3352721, 24.8169738], [121.3352667, 24.8169251], [121.3352479, 24.8168666], [121.3352157, 24.8168082], [121.3352104, 24.8167595], [121.3352238, 24.8166329], [121.3352157, 24.8165379], [121.3351783, 24.8164649], [121.3350635, 24.8163706], [121.3350414, 24.8163429], [121.3350481, 24.8163042], [121.3350584, 24.8162897], [121.3350856, 24.8162847], [121.3352747, 24.8163346], [121.3353109, 24.8163322], [121.3353337, 24.8163115], [121.3353257, 24.8162786], [121.3352841, 24.8162312], [121.3352781, 24.8161946], [121.3352975, 24.816146], [121.3353552, 24.8160912], [121.3354222, 24.8160607], [121.3356395, 24.8159731], [121.3356891, 24.8159159], [121.3357394, 24.8157893], [121.3357282, 24.8156542], [121.3356874, 24.8155429]]}}, {"type": "Feature", "properties": {"county": "桃園市", "district": "大溪區", "highway": "unclassified", "name": null}, "geometry": {"type": "LineString", "coordinates": [[121.3332728, 24.8228565], [121.3333639, 24.822768], [121.3334366, 24.8226609], [121.3334795, 24.822566], [121.3334742, 24.8225221], [121.333442, 24.8224661], [121.3333374, 24.8223322], [121.3332891, 24.82223], [121.3332837, 24.8221399], [121.3333079, 24.8220474], [121.3333562, 24.821972], [121.3334205, 24.8218892], [121.33345, 24.8218283], [121.3334769, 24.8217504], [121.3334822, 24.821692], [121.3334608, 24.8215898], [121.3334259, 24.8214972], [121.3334125, 24.8214315], [121.3334178, 24.821378], [121.3334554, 24.8212854], [121.3334929, 24.8211418], [121.3335144, 24.8210152], [121.333509, 24.8209325], [121.3334849, 24.8208472], [121.333385, 24.8207158], [121.3333508, 24.8206281], [121.3332864, 24.8205016], [121.3332086, 24.820375], [121.3331604, 24.8203019], [121.3331228, 24.8202752], [121.3330531, 24.8202484], [121.3330209, 24.820224], [121.3330128, 24.8201887], [121.3330236, 24.8201023], [121.3330584, 24.8198783], [121.3330853, 24.8198077], [121.3331255, 24.8197664], [121.3332381, 24.8196933], [121.3332676, 24.8196592], [121.3332811, 24.8196203], [121.3332703, 24.8195765], [121.3332113, 24.819518], [121.3330665, 24.8194231], [121.3330343, 24.8193963], [121.3330155, 24.8193574], [121.3329726, 24.8191943], [121.3329458, 24.8191261], [121.3329163, 24.8190774], [121.3328626, 24.8190044], [121.3328439, 24.8189435], [121.3328251, 24.8187122], [121.3328144, 24.8186002], [121.3327929, 24.8185491], [121.3327366, 24.8184834], [121.3325488, 24.8183081], [121.3323825, 24.818201], [121.3323155, 24.8181669], [121.3322404, 24.8181377], [121.3322001, 24.8181133], [121.3320392, 24.8179697], [121.3320016, 24.8179064], [121.3319802, 24.8178382], [121.3319829, 24.8177725], [121.332007, 24.8176824], [121.332007, 24.817607], [121.3320008, 24.8173689], [121.3319802, 24.8173294], [121.3319086, 24.8172132]]}}, {"type": "Feature", "properties": {"county": "桃園市", "district": "大溪區", "highway": "unclassified", "name": null}, "geometry": {"type": "LineString", "coordinates": [[121.3319086, 24.8172132], [121.3319104, 24.8171201], [121.3319212, 24.8170738], [121.331956, 24.81703], [121.3320285, 24.8170056], [121.3320955, 24.8170081], [121.3321606, 24.8170334], [121.3321894, 24.8170446], [121.3323208, 24.8171006], [121.3323819, 24.817128], [121.3324737, 24.8172187], [121.3325434, 24.8172564], [121.3326333, 24.817288], [121.3327124, 24.8173051], [121.3327902, 24.8173051], [121.3328251, 24.8172394], [121.3328975, 24.8169277], [121.3329324, 24.8168328], [121.332978, 24.8167184], [121.3330209, 24.8165893], [121.3330531, 24.8165041], [121.3330692, 24.8164457], [121.3330665, 24.8163848], [121.3330692, 24.8163021], [121.3330879, 24.8161925], [121.3331282, 24.816083], [121.3331899, 24.8159271], [121.3332714, 24.815762], [121.3333314, 24.8155921]]}}, {"type": "Feature", "properties": {"county": "桃園市", "district": "大溪區", "highway": "unclassified", "name": null}, "geometry": {"type": "LineString", "coordinates": [[121.3321606, 24.8170334], [121.3321116, 24.8169083], [121.3320419, 24.8167792], [121.3320177, 24.8167135], [121.3320204, 24.8166551], [121.3320526, 24.8165869], [121.3321304, 24.8164798], [121.3321712, 24.8164371], [121.3321693, 24.8164055], [121.3321438, 24.8163654], [121.3320982, 24.8163094], [121.3320767, 24.816268], [121.3320767, 24.816229], [121.3321009, 24.8161633], [121.3321492, 24.8160464], [121.3321626, 24.8159953], [121.3321679, 24.8159393], [121.3321518, 24.8157689], [121.3321545, 24.8156496], [121.3321572, 24.815579], [121.3321545, 24.8155303], [121.3321384, 24.8154841], [121.3321009, 24.815394], [121.3320794, 24.8153185], [121.3320794, 24.8152479], [121.332091, 24.8151924], [121.3321133, 24.8151369]]}}, {"type": "Feature", "properties": {"county": "桃園市", "district": "大溪區", "highway": "unclassified", "name": null}, "geometry": {"type": "LineString", "coordinates": [[121.3326042, 24.8151583], [121.3325086, 24.8151846], [121.3324093, 24.8151846], [121.3321133, 24.8151369], [121.3320767, 24.8151311], [121.3320016, 24.8151384], [121.331948, 24.8151651], [121.3318488, 24.8152698], [121.3317334, 24.8154135], [121.3315752, 24.8155717], [121.3314786, 24.8156326], [121.3314089, 24.8156545], [121.3313888, 24.815661], [121.3313418, 24.8156764], [121.3312533, 24.8156861], [121.3311997, 24.815708], [121.3311192, 24.8157616], [121.331079, 24.8157811], [121.3308704, 24.815856], [121.3308057, 24.8158648], [121.3306052, 24.8160261], [121.3304295, 24.8161155], [121.3301613, 24.8162847], [121.3301204, 24.8162805], [121.330099, 24.816261], [121.3300467, 24.8159591], [121.3300119, 24.8159195]]}}, {"type": "Feature", "properties": {"county": "桃園市", "district": "大溪區", "highway": "unclassified", "name": null}, "geometry": {"type": "LineString", "coordinates": [[121.3319086, 24.8172132], [121.3318407, 24.817103], [121.3318058, 24.8170568], [121.3317495, 24.8170251], [121.3316825, 24.8169886], [121.3316369, 24.8169497], [121.3315644, 24.8168158], [121.3315054, 24.8166478], [121.33149, 24.8165857], [121.331433, 24.8165528], [121.3313418, 24.8165126], [121.3312708, 24.8165017], [121.3312171, 24.8164676], [121.3311916, 24.8164256], [121.331195, 24.816386], [121.3312157, 24.8163459], [121.3312909, 24.8162802], [121.3313365, 24.8162242], [121.3313472, 24.8161852], [121.3313204, 24.8161049], [121.3312935, 24.8160197], [121.3312855, 24.8159247], [121.3312882, 24.8157713], [121.3313043, 24.8157105], [121.3313418, 24.8156764]]}}, {"type": "Feature", "properties": {"county": "桃園市", "district": "大溪區", "highway": "residential", "name": "貿一路"}, "geometry": {"type": "LineString", "coordinates": [[121.2512661, 24.9276536], [121.251284, 24.9275696], [121.2513645, 24.927259], [121.2513773, 24.9272095], [121.2514146, 24.9270199], [121.251466, 24.9267582], [121.2515272, 24.926447]]}}, {"type": "Feature", "properties": {"county": "桃園市", "district": "大溪區", "highway": "residential", "name": "貿一路"}, "geometry": {"type": "LineString", "coordinates": [[121.2515272, 24.926447], [121.2516621, 24.9258922]]}}, {"type": "Feature", "properties": {"county": "桃園市", "district": "大溪區", "highway": "residential", "name": "龍江路"}, "geometry": {"type": "LineString", "coordinates": [[121.2570308, 24.9320481], [121.2569295, 24.9321614], [121.2568688, 24.9322877], [121.256764, 24.9325022], [121.2566667, 24.9327148], [121.256374, 24.9334335], [121.2562879, 24.9336299], [121.2561903, 24.9337846]]}}, {"type": "Feature", "properties": {"county": "桃園市", "district": "大溪區", "highway": "unclassified", "name": null}, "geometry": {"type": "LineString", "coordinates": [[121.3318048, 24.8248887], [121.3317594, 24.824849], [121.3316521, 24.8248101], [121.3315234, 24.8248295], [121.3312967, 24.8249829], [121.331121, 24.8250145], [121.3308689, 24.8250486], [121.3304719, 24.825034], [121.3302627, 24.8249464], [121.330146, 24.8248386], [121.3301286, 24.8246591], [121.3301602, 24.824507], [121.3302272, 24.8244114], [121.3305149, 24.8242794], [121.3306651, 24.8241674], [121.3307026, 24.8240895], [121.3306865, 24.8239872], [121.3306061, 24.8239142], [121.3304847, 24.8238862], [121.3304322, 24.8239183]]}}, {"type": "Feature", "properties": {"county": "桃園市", "district": "大溪區", "highway": "residential", "name": null}, "geometry": {"type": "LineString", "coordinates": [[121.3273473, 24.8215445], [121.3273418, 24.8214536], [121.3273499, 24.8213806], [121.3273954, 24.8212516], [121.327484, 24.8211055], [121.3275752, 24.8209741], [121.3275832, 24.8209229], [121.3275644, 24.8208864], [121.327484, 24.8208475], [121.327433, 24.8208499], [121.327323, 24.8208694], [121.3272694, 24.8208669], [121.3271406, 24.8207939], [121.327146, 24.8207696], [121.3272318, 24.8207647], [121.3272855, 24.8207501], [121.3273284, 24.8207282], [121.3273794, 24.8206771], [121.3274142, 24.8206576], [121.3274893, 24.8206405], [121.3276047, 24.8206332], [121.3278788, 24.820626]]}}, {"type": "Feature", "properties": {"county": "桃園市", "district": "大溪區", "highway": "residential", "name": "大鶯路1541巷"}, "geometry": {"type": "LineString", "coordinates": [[121.3165944, 24.9352846], [121.3165802, 24.935302], [121.3163972, 24.9355266], [121.3162832, 24.935557], [121.3161679, 24.9355205], [121.3157374, 24.9352883], [121.3155, 24.9350779], [121.3153834, 24.9349599], [121.3152868, 24.9348724], [121.3151983, 24.9348031], [121.3151487, 24.9347556], [121.3151326, 24.9346559], [121.3151353, 24.9345428], [121.3151098, 24.9344942], [121.3149649, 24.9344492], [121.3147584, 24.9343665], [121.3145814, 24.9342838], [121.3144486, 24.9341865], [121.3143708, 24.9341269], [121.3142595, 24.9340807], [121.3141241, 24.9339992], [121.3140396, 24.9339299], [121.3139537, 24.9338788], [121.3138357, 24.9338399]]}}, {"type": "Feature", "properties": {"county": "桃園市", "district": "大溪區", "highway": "residential", "name": null}, "geometry": {"type": "LineString", "coordinates": [[121.3080065, 24.9260551], [121.3078586, 24.9259344], [121.307066, 24.925488], [121.3058965, 24.9248799], [121.3050436, 24.9244628], [121.3042792, 24.9240931], [121.3034683, 24.9237053], [121.3033712, 24.9236589], [121.3025196, 24.9232478], [121.3015781, 24.9227516], [121.3008218, 24.9223089], [121.2997275, 24.9215986]]}}, {"type": "Feature", "properties": {"county": "桃園市", "district": "大溪區", "highway": "residential", "name": "大鶯路769巷108弄"}, "geometry": {"type": "LineString", "coordinates": [[121.2997275, 24.9215986], [121.2990945, 24.9211608], [121.2986009, 24.9207351], [121.2980564, 24.9201659], [121.2976514, 24.9196453], [121.2974573, 24.9193077]]}}, {"type": "Feature", "properties": {"county": "桃園市", "district": "大溪區", "highway": "residential", "name": "大鶯路769巷75弄"}, "geometry": {"type": "LineString", "coordinates": [[121.2974573, 24.9193077], [121.2973135, 24.9190871], [121.297292, 24.9187976], [121.2972411, 24.9185981], [121.2971284, 24.9181761], [121.2970667, 24.9179122], [121.2969824, 24.9178189], [121.2964218, 24.9171207], [121.2961353, 24.9168011], [121.2960274, 24.9166521], [121.2960086, 24.9165475], [121.2959784, 24.9164922], [121.2958215, 24.9163943], [121.2957692, 24.9163024], [121.2956337, 24.9162136], [121.2955868, 24.9161236], [121.2955546, 24.9159619], [121.2955586, 24.9158512], [121.2955586, 24.9157697], [121.2954125, 24.9156043], [121.2953146, 24.9155666], [121.2952019, 24.9155155], [121.2949185, 24.9150774], [121.2946506, 24.9145812]]}}, {"type": "Feature", "properties": {"county": "桃園市", "district": "大溪區", "highway": "residential", "name": "介壽路861巷"}, "geometry": {"type": "LineString", "coordinates": [[121.2864946, 24.9067257], [121.2866688, 24.9066265], [121.2867323, 24.9065803], [121.286819, 24.9065171], [121.2868861, 24.9064149]]}}, {"type": "Feature", "properties": {"county": "桃園市", "district": "大溪區", "highway": "residential", "name": "介壽路891巷"}, "geometry": {"type": "LineString", "coordinates": [[121.2868861, 24.9064149], [121.2868255, 24.9061994], [121.2867752, 24.9061427]]}}, {"type": "Feature", "properties": {"county": "桃園市", "district": "大溪區", "highway": "residential", "name": "介壽路1259巷27弄"}, "geometry": {"type": "LineString", "coordinates": [[121.2855544, 24.8982991], [121.2856175, 24.8983949], [121.2856712, 24.8985032], [121.2857154, 24.898654], [121.2856993, 24.8987307], [121.2856162, 24.8988426]]}}, {"type": "Feature", "properties": {"county": "桃園市", "district": "大溪區", "highway": "residential", "name": "員林路一段70巷"}, "geometry": {"type": "LineString", "coordinates": [[121.2821179, 24.8986516], [121.2821244, 24.899211]]}}, {"type": "Feature", "properties": {"county": "桃園市", "district": "大溪區", "highway": "unclassified", "name": "新明橋"}, "geometry": {"type": "LineString", "coordinates": [[121.2749083, 24.9331863], [121.2750862, 24.9334229]]}}, {"type": "Feature", "properties": {"county": "桃園市", "district": "大溪區", "highway": "secondary", "name": "長興路"}, "geometry": {"type": "LineString", "coordinates": [[121.2693644, 24.932896], [121.2702599, 24.9327997], [121.2709556, 24.9327253], [121.2714987, 24.9326565], [121.2715537, 24.9326487], [121.2722886, 24.9325356], [121.2731255, 24.9324249], [121.2735814, 24.9323545], [121.2746892, 24.9321963], [121.2750808, 24.9321306], [121.2752645, 24.9320893], [121.2753312, 24.9320682]]}}, {"type": "Feature", "properties": {"county": "桃園市", "district": "大溪區", "highway": "secondary", "name": "連城橋"}, "geometry": {"type": "LineString", "coordinates": [[121.2753312, 24.9320682], [121.2753764, 24.9320539]]}}, {"type": "Feature", "properties": {"county": "桃園市", "district": "大溪區", "highway": "residential", "name": "興豐路2巷"}, "geometry": {"type": "LineString", "coordinates": [[121.2789467, 24.9292009], [121.2789288, 24.9291989], [121.278744, 24.9291779], [121.278508, 24.9291244], [121.2783551, 24.9290623], [121.2782572, 24.9289918], [121.2781177, 24.9288872], [121.2778358, 24.9287461], [121.2769298, 24.9283012], [121.276697, 24.9282021], [121.2765996, 24.9281299], [121.2765494, 24.9280683], [121.2764941, 24.9279554], [121.2761229, 24.9272868], [121.2759477, 24.9269664], [121.2758836, 24.9268679], [121.2757287, 24.9266298], [121.2756365, 24.9265122], [121.275482, 24.926337], [121.2753737, 24.9262332], [121.275264, 24.9261584]]}}, {"type": "Feature", "properties": {"county": "桃園市", "district": "大溪區", "highway": "unclassified", "name": "旭日路二段"}, "geometry": {"type": "LineString", "coordinates": [[121.2719048, 24.869174], [121.2719091, 24.8689751]]}}, {"type": "Feature", "properties": {"county": "桃園市", "district": "大溪區", "highway": "unclassified", "name": null}, "geometry": {"type": "LineString", "coordinates": [[121.2695652, 24.8685074], [121.2702189, 24.8688853], [121.2712409, 24.8690869], [121.2719044, 24.8692085]]}}, {"type": "Feature", "properties": {"county": "桃園市", "district": "大溪區", "highway": "primary", "name": "康莊路三段"}, "geometry": {"type": "LineString", "coordinates": [[121.282941, 24.8589727], [121.282783, 24.8594722], [121.2825456, 24.860105], [121.2822788, 24.8609811]]}}, {"type": "Feature", "properties": {"county": "桃園市", "district": "大溪區", "highway": "primary", "name": "康莊路三段"}, "geometry": {"type": "LineString", "coordinates": [[121.2830037, 24.8587436], [121.2829909, 24.8588151], [121.282941, 24.8589727]]}}, {"type": "Feature", "properties": {"county": "桃園市", "district": "大溪區", "highway": "primary", "name": "康莊路三段"}, "geometry": {"type": "LineString", "coordinates": [[121.2822318, 24.8609348], [121.2825, 24.860077], [121.282724, 24.8594418], [121.2828817, 24.8589329]]}}, {"type": "Feature", "properties": {"county": "桃園市", "district": "大溪區", "highway": "primary", "name": "康莊路三段"}, "geometry": {"type": "LineString", "coordinates": [[121.2828817, 24.8589329], [121.2829238, 24.8587969], [121.2829354, 24.8587243]]}}, {"type": "Feature", "properties": {"county": "桃園市", "district": "大溪區", "highway": "residential", "name": null}, "geometry": {"type": "LineString", "coordinates": [[121.281242, 24.9237539], [121.2815515, 24.9238734], [121.2837828, 24.9246485], [121.2839809, 24.9247756]]}}, {"type": "Feature", "properties": {"county": "桃園市", "district": "大溪區", "highway": "residential", "name": "金城街10巷"}, "geometry": {"type": "LineString", "coordinates": [[121.2634715, 24.9348443], [121.263206, 24.9348419], [121.2629391, 24.9348394]]}}, {"type": "Feature", "properties": {"county": "桃園市", "district": "大溪區", "highway": "residential", "name": "金城街10巷3弄"}, "geometry": {"type": "LineString", "coordinates": [[121.2629391, 24.9348394], [121.2629445, 24.9346156]]}}, {"type": "Feature", "properties": {"county": "桃園市", "district": "大溪區", "highway": "tertiary", "name": "新興路"}, "geometry": {"type": "LineString", "coordinates": [[121.2767115, 24.9418176], [121.2758445, 24.9416443], [121.2757842, 24.941632], [121.2755871, 24.941596], [121.2751854, 24.9415227], [121.2749687, 24.9414609], [121.2748561, 24.9413988], [121.2747756, 24.9413424], [121.274742, 24.9413189], [121.2745659, 24.9411771], [121.2740825, 24.9407644], [121.2738519, 24.9405674], [121.2726769, 24.9395367], [121.2722122, 24.9391229], [121.2720774, 24.9390029], [121.2718053, 24.9387617], [121.2713793, 24.9384094], [121.270927, 24.9380183], [121.2704245, 24.9375837], [121.2700724, 24.9372822], [121.2699469, 24.9372089]]}}, {"type": "Feature", "properties": {"county": "桃園市", "district": "大溪區", "highway": "tertiary", "name": "環湖路二段"}, "geometry": {"type": "LineString", "coordinates": [[121.311192, 24.8256304], [121.3115126, 24.8251587], [121.3117433, 24.8247236], [121.3117862, 24.8245311], [121.3118245, 24.8241747]]}}, {"type": "Feature", "properties": {"county": "桃園市", "district": "大溪區", "highway": "tertiary", "name": "環湖路二段"}, "geometry": {"type": "LineString", "coordinates": [[121.3118463, 24.8240021], [121.3118245, 24.8241747]]}}, {"type": "Feature", "properties": {"county": "桃園市", "district": "大溪區", "highway": "residential", "name": "復興路二段488巷"}, "geometry": {"type": "LineString", "coordinates": [[121.3176039, 24.8295639], [121.3176845, 24.8292678], [121.3177435, 24.8291716], [121.3178052, 24.8291059], [121.3178857, 24.8290183], [121.3179206, 24.8289501], [121.3179393, 24.8288503], [121.3179581, 24.8287481], [121.3179983, 24.8286434], [121.3180225, 24.828546], [121.3180332, 24.8283975], [121.3180252, 24.8282539], [121.3180278, 24.8282003], [121.318052, 24.8281322], [121.3181405, 24.8279642], [121.3181593, 24.8279131], [121.3181303, 24.8278762], [121.3180793, 24.8278293], [121.318086, 24.8277667], [121.318137, 24.8277405], [121.3181571, 24.8276522]]}}, {"type": "Feature", "properties": {"county": "桃園市", "district": "大溪區", "highway": "residential", "name": null}, "geometry": {"type": "LineString", "coordinates": [[121.3227952, 24.8440831], [121.3227344, 24.8440528], [121.3226982, 24.8440272], [121.3226365, 24.8439615], [121.3225359, 24.8438447], [121.3224716, 24.8437851], [121.3223884, 24.843723], [121.3223334, 24.8436926], [121.3222275, 24.8436634], [121.3220867, 24.8436244], [121.3219754, 24.8435928], [121.3219056, 24.843566], [121.3218681, 24.8435623], [121.3218412, 24.8435757], [121.3218252, 24.8436013], [121.3218211, 24.8436767], [121.3218091, 24.8438447], [121.3217594, 24.8440455], [121.3217273, 24.8441319], [121.3217058, 24.8441818], [121.3217098, 24.8442073], [121.3217259, 24.844228], [121.3217702, 24.8442414], [121.321856, 24.8442512], [121.3218989, 24.8442694], [121.3219157, 24.8442907], [121.3218955, 24.8443333], [121.3217929, 24.8445341], [121.3217648, 24.8445737], [121.3216656, 24.8446175], [121.3216119, 24.8446394], [121.3215878, 24.8446613], [121.3215717, 24.8446868], [121.3215334, 24.844738], [121.3214993, 24.8448493], [121.3214187, 24.8448232]]}}, {"type": "Feature", "properties": {"county": "桃園市", "district": "大溪區", "highway": "unclassified", "name": null}, "geometry": {"type": "LineString", "coordinates": [[121.3197511, 24.8423204], [121.3195895, 24.8421829], [121.3195117, 24.8421585], [121.3193374, 24.8421561], [121.3192704, 24.8421439], [121.3192194, 24.8421025], [121.3191818, 24.8420417], [121.3191067, 24.8419054], [121.3190155, 24.8418202], [121.3189123, 24.8417472], [121.3187715, 24.8416936], [121.3185676, 24.8416279], [121.3183852, 24.8415573], [121.3183128, 24.8415208], [121.3182645, 24.8414697], [121.3182028, 24.8413796], [121.3181546, 24.8413261], [121.3180553, 24.8412433], [121.3179105, 24.8411119], [121.3178327, 24.8410194], [121.3178085, 24.8409403], [121.3178231, 24.8406065]]}}, {"type": "Feature", "properties": {"county": "桃園市", "district": "大溪區", "highway": "residential", "name": null}, "geometry": {"type": "LineString", "coordinates": [[121.3197511, 24.8423204], [121.3197424, 24.8421401], [121.3197579, 24.8420573], [121.3197947, 24.8420075], [121.3197592, 24.8419289], [121.319731, 24.8418723], [121.3197443, 24.8418167], [121.3197939, 24.8417467]]}}, {"type": "Feature", "properties": {"county": "桃園市", "district": "大溪區", "highway": "residential", "name": null}, "geometry": {"type": "LineString", "coordinates": [[121.3111325, 24.8275195], [121.3113712, 24.8276692], [121.3114322, 24.8277289], [121.3115697, 24.827797], [121.3116146, 24.8278262], [121.3116199, 24.8278549], [121.3115917, 24.8278823], [121.3113999, 24.8278981]]}}, {"type": "Feature", "properties": {"county": "桃園市", "district": "大溪區", "highway": "residential", "name": null}, "geometry": {"type": "LineString", "coordinates": [[121.3113298, 24.8268952], [121.311229, 24.8270204], [121.3111593, 24.8271373], [121.3111191, 24.8272468], [121.3111137, 24.8273223], [121.3111539, 24.8274233], [121.3111325, 24.8275195], [121.3110855, 24.8275937], [121.3110359, 24.8276473], [121.3109769, 24.8276899], [121.3109192, 24.8277167], [121.3108656, 24.8277203], [121.3108186, 24.827702], [121.3107764, 24.8276865], [121.3107288, 24.8277069], [121.3106832, 24.827741], [121.3106336, 24.8277629], [121.3105477, 24.8277872], [121.3104673, 24.8278067], [121.310419, 24.8278262], [121.3103975, 24.8278542], [121.3103949, 24.8278968], [121.3104109, 24.827937], [121.3104633, 24.8280015], [121.3105035, 24.8280465], [121.3105176, 24.8280836], [121.3105182, 24.8281475], [121.3105209, 24.8281926], [121.3105316, 24.8282352], [121.3105544, 24.8283252], [121.3105558, 24.8283666], [121.310543, 24.8284001], [121.3105182, 24.8284129], [121.31047, 24.8284189], [121.3099711, 24.8283398], [121.3098477, 24.8283301], [121.3095077, 24.8283063], [121.3094238, 24.8283363], [121.3092662, 24.8282712]]}}, {"type": "Feature", "properties": {"county": "桃園市", "district": "大溪區", "highway": "unclassified", "name": "復興路二段531巷21弄"}, "geometry": {"type": "LineString", "coordinates": [[121.3185337, 24.8325938], [121.3184707, 24.8326418], [121.3184412, 24.8326783], [121.3183809, 24.8328013], [121.3182132, 24.8331019], [121.318177, 24.8331518], [121.3179678, 24.8333952], [121.3178766, 24.833495], [121.3178257, 24.8335388], [121.3178136, 24.8335498], [121.3177439, 24.8335607], [121.317489, 24.8335352], [121.3173375, 24.8335218], [121.3171404, 24.8335193], [121.3168681, 24.8335206], [121.3167783, 24.8335279], [121.3166562, 24.8335473], [121.3165945, 24.8335486], [121.3165275, 24.8335352], [121.3161761, 24.8334244], [121.315932, 24.8333416], [121.3158448, 24.8333148], [121.3158041, 24.8337756]]}}, {"type": "Feature", "properties": {"county": "桃園市", "district": "大溪區", "highway": "residential", "name": null}, "geometry": {"type": "LineString", "coordinates": [[121.3178136, 24.8335498], [121.3177868, 24.8336082], [121.3177613, 24.8336374], [121.3177251, 24.8336703], [121.3176647, 24.8337165], [121.3176325, 24.8337494], [121.317603, 24.833792], [121.3175722, 24.8338212], [121.3174367, 24.8339198], [121.3173885, 24.8339429], [121.3171806, 24.8340074], [121.31708, 24.8340415], [121.3170451, 24.8340634], [121.3169955, 24.8341121], [121.3169285, 24.83419], [121.3168641, 24.8342386], [121.31684, 24.8342654], [121.3168185, 24.8343019], [121.3167608, 24.8344151], [121.3167394, 24.8344407], [121.3166823, 24.8344717], [121.3166128, 24.8344833], [121.3165981, 24.8345131]]}}, {"type": "Feature", "properties": {"county": "桃園市", "district": "大溪區", "highway": "residential", "name": null}, "geometry": {"type": "LineString", "coordinates": [[121.318878, 24.8330049], [121.3188758, 24.8330836], [121.3188637, 24.8331871], [121.3188395, 24.8332759], [121.3187993, 24.833338], [121.3186491, 24.8335486], [121.3186116, 24.8336033], [121.3185767, 24.8336423], [121.3185418, 24.833663], [121.3184506, 24.8336812], [121.3183889, 24.833697], [121.3183608, 24.8337177], [121.3183246, 24.8337591], [121.3182749, 24.8339039], [121.3182409, 24.8339667]]}}, {"type": "Feature", "properties": {"county": "桃園市", "district": "大溪區", "highway": "unclassified", "name": "三民路一段529巷50弄"}, "geometry": {"type": "LineString", "coordinates": [[121.3330269, 24.8523087], [121.3330135, 24.8523969], [121.3329867, 24.8524699], [121.3329303, 24.8525892], [121.3328767, 24.8527401], [121.3328499, 24.8528174], [121.3328351, 24.8528636], [121.3328297, 24.852905], [121.3328391, 24.8529403], [121.3328995, 24.853023], [121.3329826, 24.8530936], [121.333039, 24.8531301], [121.3331623, 24.8531995], [121.3332254, 24.8532408], [121.3332884, 24.8532932], [121.3334359, 24.8534051], [121.3335231, 24.8534587], [121.3335808, 24.8534867], [121.3337591, 24.853567], [121.3338637, 24.8536181], [121.3339107, 24.8536497], [121.3339295, 24.8536789], [121.3339241, 24.8537118], [121.333904, 24.8537337], [121.3338584, 24.8537665], [121.3337927, 24.853814], [121.3337457, 24.8538529], [121.3337068, 24.853898], [121.3336572, 24.8539673], [121.333621, 24.854033], [121.3336022, 24.8540939], [121.3335942, 24.8541426], [121.3335808, 24.8541766], [121.3335432, 24.8542302], [121.3335244, 24.854263], [121.3335124, 24.854302], [121.3334842, 24.85442], [121.3334668, 24.8544748], [121.3334239, 24.8545478], [121.333389, 24.8545946], [121.3333622, 24.854622], [121.333326, 24.8546439], [121.3331945, 24.854706], [121.333161, 24.8547315], [121.3331141, 24.8547814], [121.3330846, 24.8548301], [121.3330658, 24.8548849], [121.3330591, 24.8549518], [121.3330591, 24.8550455], [121.3330899, 24.8552487], [121.333153, 24.8554179], [121.3332039, 24.8555176], [121.3332401, 24.8555773], [121.3332576, 24.8556162], [121.3332562, 24.8556564], [121.3332442, 24.8557574], [121.3332273, 24.8558421], [121.333224, 24.8558584], [121.3332066, 24.8559314], [121.3331905, 24.8559861], [121.3331825, 24.8560287], [121.3331818, 24.8560865], [121.3331972, 24.8561602], [121.3332093, 24.8562039], [121.3332026, 24.8562733], [121.3332079, 24.8563403], [121.3332214, 24.8564242], [121.3332509, 24.8565057], [121.3333112, 24.8566299], [121.3333541, 24.8567297], [121.3333729, 24.8567856], [121.3333796, 24.8568234], [121.3333716, 24.8568647], [121.3333447, 24.8569024], [121.333157, 24.8570655], [121.3331248, 24.8571105], [121.3331141, 24.8571385], [121.3331154, 24.8571726], [121.3331369, 24.857242], [121.3331878, 24.8573308], [121.3332669, 24.8574403], [121.3333541, 24.8575243], [121.3335942, 24.8577129], [121.333621, 24.8577433], [121.3336505, 24.8577944], [121.3337323, 24.8579794], [121.3337645, 24.8580414], [121.333786, 24.8580792], [121.3338155, 24.8581157], [121.3340153, 24.8582738], [121.3340356, 24.8582895], [121.334077, 24.8583213], [121.3341279, 24.8583481], [121.3341883, 24.8583651], [121.3342392, 24.8583761], [121.3342795, 24.8583955], [121.3343184, 24.8584333], [121.3344096, 24.8585793], [121.3345075, 24.858791], [121.3346322, 24.8590186], [121.3346697, 24.8590995], [121.3347439, 24.8591043], [121.3349846, 24.8590897]]}}, {"type": "Feature", "properties": {"county": "桃園市", "district": "大溪區", "highway": "unclassified", "name": null}, "geometry": {"type": "LineString", "coordinates": [[121.3332093, 24.8562039], [121.3332669, 24.8561766], [121.3332924, 24.856162], [121.3333085, 24.8561425], [121.3333421, 24.8560701], [121.3333675, 24.8560044], [121.3333876, 24.8559801], [121.3334091, 24.855974], [121.3334413, 24.855974], [121.3334708, 24.855991], [121.3335057, 24.856019], [121.3335365, 24.8560373], [121.3335794, 24.8560519], [121.3336264, 24.8560579], [121.3336586, 24.856047], [121.333672, 24.8560251], [121.3336746, 24.8559995], [121.3336518, 24.8559606], [121.3336156, 24.8558876], [121.3336076, 24.8558511], [121.3336076, 24.8558], [121.3336264, 24.8557501], [121.3336612, 24.8556844], [121.3337176, 24.8556235], [121.3337886, 24.8555688], [121.333845, 24.8555298], [121.3338772, 24.8554945], [121.3338946, 24.8554532], [121.3338959, 24.8554069], [121.3338758, 24.8553229], [121.333857, 24.8552353], [121.333849, 24.8551489], [121.3338557, 24.855093], [121.3338718, 24.8550589], [121.3339, 24.8550382], [121.3339335, 24.8550297], [121.3339804, 24.8550333], [121.334022, 24.8550491], [121.3340783, 24.8550942], [121.3341105, 24.8551136], [121.334144, 24.8551222], [121.3341682, 24.8551161], [121.3341829, 24.8550978], [121.3341829, 24.8550735], [121.3341574, 24.8550382], [121.3340984, 24.8550041], [121.3340515, 24.8549701], [121.3340193, 24.8549299], [121.3340139, 24.8548837], [121.334026, 24.8548313], [121.3340448, 24.8547875], [121.3340743, 24.8547632], [121.3341239, 24.8547474], [121.334199, 24.8547376], [121.3342433, 24.8547388], [121.3342795, 24.854751], [121.334309, 24.8547802], [121.3343157, 24.8548131], [121.3343063, 24.8548666], [121.3343036, 24.8549104], [121.3343144, 24.8549433], [121.3343412, 24.8549749], [121.3344243, 24.8550455], [121.3344538, 24.8550747], [121.334482, 24.8551197], [121.3344954, 24.8551781], [121.3345102, 24.8552086], [121.3345423, 24.8552317], [121.334592, 24.8552512], [121.3346523, 24.8552658], [121.3347341, 24.8553023], [121.3348334, 24.8553558], [121.3348857, 24.8553789], [121.3349286, 24.855385], [121.3349634, 24.8553801], [121.3350157, 24.8553558], [121.3350976, 24.8553254], [121.3351686, 24.8553205], [121.3352585, 24.8553242], [121.3353014, 24.8553351], [121.3353175, 24.8553522], [121.3353202, 24.8553814], [121.3353095, 24.8554081], [121.3352746, 24.8554532], [121.3352625, 24.8554787], [121.3352518, 24.855542], [121.3352518, 24.8556466], [121.3352571, 24.8556977], [121.3352759, 24.855716], [121.3353068, 24.8557233], [121.3353282, 24.8557148], [121.3353443, 24.8556831], [121.3353564, 24.8556211], [121.3353671, 24.8555894], [121.3353832, 24.8555724], [121.3354074, 24.8555712], [121.3354248, 24.8555846], [121.3354315, 24.8556296], [121.3354342, 24.8556795], [121.3354516, 24.8557087], [121.3354945, 24.8557318], [121.3356058, 24.8557622], [121.3357152, 24.8558018]]}}, {"type": "Feature", "properties": {"county": "桃園市", "district": "大溪區", "highway": "unclassified", "name": "三民路二段7巷"}, "geometry": {"type": "LineString", "coordinates": [[121.3441947, 24.8541448], [121.3441927, 24.8541783], [121.3441874, 24.8542391], [121.3441632, 24.8542853], [121.3441123, 24.8543145], [121.3440506, 24.8543194], [121.3437931, 24.8543024], [121.3437153, 24.8543048], [121.3436429, 24.8543121], [121.3435919, 24.8543413], [121.3435597, 24.8543803], [121.3435168, 24.8544557], [121.3434873, 24.8544946], [121.3434283, 24.8545263], [121.3432674, 24.8545823], [121.3431869, 24.8546163], [121.3431574, 24.8546413], [121.3431373, 24.8546778], [121.3431319, 24.8547179], [121.3431252, 24.8549224], [121.3431105, 24.8550635], [121.343089, 24.8552303], [121.3430743, 24.8552728], [121.3430488, 24.8553057], [121.3430005, 24.8553422], [121.3429133, 24.8553872], [121.3428811, 24.8554104], [121.3428516, 24.8554396], [121.3428288, 24.8554846], [121.3427993, 24.8555868], [121.3427886, 24.8556257], [121.3427698, 24.8556537], [121.3427283, 24.8556915], [121.3426397, 24.8557572], [121.3425834, 24.8558253], [121.3425418, 24.8559129], [121.3425204, 24.856031], [121.342519, 24.8561563], [121.3425432, 24.8562098], [121.3426129, 24.8563242], [121.3426263, 24.8563583], [121.3426196, 24.856407], [121.3425848, 24.8564629], [121.3425298, 24.856525], [121.3425137, 24.8565542], [121.3425123, 24.8565895], [121.3425271, 24.8566272], [121.3425673, 24.8567586], [121.3425874, 24.8568645], [121.3426062, 24.857148], [121.3426102, 24.8572636], [121.3426471, 24.8574285], [121.3425995, 24.8574571], [121.3425499, 24.8574754], [121.3424399, 24.8575009], [121.3422843, 24.8575131], [121.3421288, 24.8575131], [121.3420202, 24.8574985], [121.3419142, 24.8574717], [121.3418418, 24.8574377], [121.3417694, 24.8573939], [121.341705, 24.8573537], [121.3416688, 24.8573403], [121.341595, 24.8573391], [121.3415293, 24.8573488], [121.341454, 24.8573722], [121.3414001, 24.8573981], [121.3413149, 24.8574427], [121.3412787, 24.8574695], [121.3412157, 24.8575218], [121.3411754, 24.8575437], [121.3411392, 24.857545], [121.341103, 24.8575316], [121.3410802, 24.8575109], [121.3410011, 24.8574403], [121.3409468, 24.8574075], [121.3408932, 24.8573892], [121.3408315, 24.8573783], [121.3407591, 24.8573868], [121.3406397, 24.8574148], [121.3405914, 24.8574172], [121.3405297, 24.8574099], [121.3404667, 24.8573965], [121.3404171, 24.8573759], [121.3402977, 24.857287], [121.3401475, 24.8571544], [121.3401073, 24.8571325], [121.340063, 24.8571264], [121.3400094, 24.8571325], [121.3399665, 24.8571447], [121.3398686, 24.8571897], [121.3398109, 24.8572006], [121.3397358, 24.8572043], [121.3396433, 24.8571848], [121.3395588, 24.8571605], [121.3394931, 24.8571288], [121.339422, 24.8570826], [121.3393777, 24.8570497], [121.3393482, 24.8570291], [121.339312, 24.857023], [121.3392798, 24.8570339], [121.3392584, 24.8570558], [121.3391243, 24.8572274], [121.3390961, 24.857259], [121.3390585, 24.8572797], [121.3390089, 24.8572931], [121.338958, 24.8572895], [121.3389016, 24.8572663], [121.3387729, 24.8571848], [121.33873, 24.8571568], [121.3386857, 24.8571434], [121.3386401, 24.8571374], [121.3383384, 24.8571374], [121.3382592, 24.8571459], [121.338223, 24.857158], [121.3381815, 24.8571848], [121.3381292, 24.8572444], [121.3380889, 24.8572846], [121.3380634, 24.8572931], [121.3380339, 24.8572895], [121.3380071, 24.8572736], [121.3379883, 24.8572457], [121.3378757, 24.8570169], [121.337818, 24.8569268], [121.3377751, 24.8568769], [121.3377362, 24.8568465], [121.3376705, 24.856821], [121.33724, 24.8567309], [121.33701, 24.8566928]]}}, {"type": "Feature", "properties": {"county": "桃園市", "district": "大溪區", "highway": "residential", "name": "新興路1155巷24弄"}, "geometry": {"type": "LineString", "coordinates": [[121.2724186, 24.9384241], [121.2727094, 24.9386588]]}}, {"type": "Feature", "properties": {"county": "桃園市", "district": "大溪區", "highway": "residential", "name": "新興路1155巷36弄"}, "geometry": {"type": "LineString", "coordinates": [[121.2726053, 24.9382417], [121.2729004, 24.9384805]]}}, {"type": "Feature", "properties": {"county": "桃園市", "district": "大溪區", "highway": "residential", "name": "竹園街271巷"}, "geometry": {"type": "LineString", "coordinates": [[121.2709833, 24.9370906], [121.2715531, 24.936928]]}}, {"type": "Feature", "properties": {"county": "桃園市", "district": "大溪區", "highway": "residential", "name": "新興路1251巷"}, "geometry": {"type": "LineString", "coordinates": [[121.2705811, 24.9372113], [121.2709833, 24.9370906]]}}, {"type": "Feature", "properties": {"county": "桃園市", "district": "大溪區", "highway": "residential", "name": "長興路360巷52弄"}, "geometry": {"type": "LineString", "coordinates": [[121.2772533, 24.9331762], [121.2781285, 24.9338446], [121.2781715, 24.9338494], [121.2782466, 24.93383], [121.2784236, 24.9337084]]}}, {"type": "Feature", "properties": {"county": "桃園市", "district": "大溪區", "highway": "residential", "name": "長興路360巷64弄"}, "geometry": {"type": "LineString", "coordinates": [[121.2776172, 24.934043], [121.2772122, 24.93371], [121.2772309, 24.9334668], [121.2772533, 24.9331762]]}}, {"type": "Feature", "properties": {"county": "桃園市", "district": "大溪區", "highway": "residential", "name": "長興路360巷58弄"}, "geometry": {"type": "LineString", "coordinates": [[121.2772309, 24.9334668], [121.2777769, 24.9338675]]}}, {"type": "Feature", "properties": {"county": "桃園市", "district": "大溪區", "highway": "residential", "name": "長興路360巷"}, "geometry": {"type": "LineString", "coordinates": [[121.2767711, 24.932808], [121.2772533, 24.9331762]]}}, {"type": "Feature", "properties": {"county": "桃園市", "district": "大溪區", "highway": "residential", "name": "八德十號橋"}, "geometry": {"type": "LineString", "coordinates": [[121.2784236, 24.9337084], [121.2786586, 24.933679]]}}, {"type": "Feature", "properties": {"county": "桃園市", "district": "大溪區", "highway": "residential", "name": null}, "geometry": {"type": "LineString", "coordinates": [[121.2509249, 24.9062659], [121.2508435, 24.9062868], [121.2504681, 24.9064795], [121.2503366, 24.9064751], [121.2502225, 24.9064535], [121.2494541, 24.9062053], [121.2492436, 24.906146]]}}, {"type": "Feature", "properties": {"county": "桃園市", "district": "大溪區", "highway": "residential", "name": "廣興路108巷"}, "geometry": {"type": "LineString", "coordinates": [[121.2847399, 24.9338361], [121.2854525, 24.9336149]]}}, {"type": "Feature", "properties": {"county": "桃園市", "district": "大溪區", "highway": "residential", "name": null}, "geometry": {"type": "LineString", "coordinates": [[121.2742993, 24.818163], [121.2743773, 24.8182502], [121.2744365, 24.8182577], [121.2746041, 24.8182182], [121.2746833, 24.8181623], [121.2747048, 24.8180805], [121.2747196, 24.8180039], [121.274653, 24.8179751], [121.2744749, 24.8180229], [121.2743521, 24.8180661]]}}, {"type": "Feature", "properties": {"county": "桃園市", "district": "大溪區", "highway": "unclassified", "name": "新光東路76巷"}, "geometry": {"type": "LineString", "coordinates": [[121.287114, 24.9188715], [121.2882509, 24.9195381], [121.28885, 24.9198842]]}}, {"type": "Feature", "properties": {"county": "桃園市", "district": "大溪區", "highway": "unclassified", "name": null}, "geometry": {"type": "LineString", "coordinates": [[121.2882509, 24.9195381], [121.2877421, 24.9202562]]}}, {"type": "Feature", "properties": {"county": "桃園市", "district": "大溪區", "highway": "unclassified", "name": "新光東路76巷"}, "geometry": {"type": "LineString", "coordinates": [[121.2865782, 24.919568], [121.2877421, 24.9202562], [121.2888996, 24.9209312]]}}, {"type": "Feature", "properties": {"county": "桃園市", "district": "大溪區", "highway": "tertiary", "name": "龍東路"}, "geometry": {"type": "LineString", "coordinates": [[121.2578403, 24.9433385], [121.2581891, 24.9426649], [121.2583553, 24.942341], [121.2585656, 24.9419473], [121.2589819, 24.9410693], [121.2592528, 24.9405343], [121.2593252, 24.9403264], [121.2593721, 24.9401391], [121.2594067, 24.939857], [121.2593964, 24.9395534], [121.2593741, 24.9394257], [121.2593414, 24.9393028], [121.2592234, 24.9390299], [121.2590789, 24.9387477], [121.2587586, 24.9382424], [121.2584832, 24.9377827], [121.2581149, 24.9371761], [121.2577742, 24.9365654], [121.257305, 24.9357428], [121.2572737, 24.9355944]]}}, {"type": "Feature", "properties": {"county": "桃園市", "district": "大溪區", "highway": "residential", "name": "後寮一路"}, "geometry": {"type": "LineString", "coordinates": [[121.2466792, 24.9344261], [121.2466336, 24.9347787], [121.2466095, 24.9350791], [121.2465733, 24.9353913], [121.2465397, 24.9356811]]}}, {"type": "Feature", "properties": {"county": "桃園市", "district": "大溪區", "highway": "residential", "name": "後寮一路"}, "geometry": {"type": "LineString", "coordinates": [[121.2465397, 24.9356811], [121.2465271, 24.9357392]]}}, {"type": "Feature", "properties": {"county": "桃園市", "district": "大溪區", "highway": "secondary", "name": "長興路"}, "geometry": {"type": "LineString", "coordinates": [[121.2798411, 24.9310258], [121.2800946, 24.9310248], [121.2807509, 24.9309994], [121.28099, 24.9309901], [121.2812088, 24.9309816], [121.2814399, 24.9309727], [121.2817118, 24.9309621], [121.2818325, 24.9309575], [121.2819479, 24.9309388], [121.2820385, 24.9309145], [121.2823261, 24.9307929], [121.2824736, 24.9307424]]}}, {"type": "Feature", "properties": {"county": "桃園市", "district": "大溪區", "highway": "secondary", "name": "能角坡橋"}, "geometry": {"type": "LineString", "coordinates": [[121.2796991, 24.9310309], [121.2798411, 24.9310258]]}}, {"type": "Feature", "properties": {"county": "桃園市", "district": "大溪區", "highway": "residential", "name": "復興橋"}, "geometry": {"type": "LineString", "coordinates": [[121.2594887, 24.9191243], [121.2593268, 24.919096], [121.2591267, 24.9190611]]}}, {"type": "Feature", "properties": {"county": "桃園市", "district": "大溪區", "highway": "residential", "name": "浮筧街125巷"}, "geometry": {"type": "LineString", "coordinates": [[121.2593869, 24.9189336], [121.2593133, 24.9185313], [121.259279, 24.9184561], [121.2592683, 24.9183986]]}}, {"type": "Feature", "properties": {"county": "桃園市", "district": "大溪區", "highway": "secondary", "name": "仁和路二段"}, "geometry": {"type": "LineString", "coordinates": [[121.2540132, 24.9121087], [121.2540339, 24.911866], [121.2541037, 24.9116787], [121.2542043, 24.9115668], [121.2542301, 24.9115457]]}}, {"type": "Feature", "properties": {"county": "桃園市", "district": "大溪區", "highway": "secondary", "name": "克勤橋"}, "geometry": {"type": "LineString", "coordinates": [[121.2542301, 24.9115457], [121.254334, 24.911461]]}}, {"type": "Feature", "properties": {"county": "桃園市", "district": "大溪區", "highway": "unclassified", "name": "太平橋"}, "geometry": {"type": "LineString", "coordinates": [[121.2489886, 24.9042812], [121.2490998, 24.9042265]]}}, {"type": "Feature", "properties": {"county": "桃園市", "district": "大溪區", "highway": "unclassified", "name": "太平東路"}, "geometry": {"type": "LineString", "coordinates": [[121.248918, 24.9043158], [121.2489886, 24.9042812]]}}, {"type": "Feature", "properties": {"county": "桃園市", "district": "大溪區", "highway": "primary", "name": "快速路一段"}, "geometry": {"type": "LineString", "coordinates": [[121.2524114, 24.898926], [121.2517362, 24.8990041], [121.2512891, 24.8990305], [121.2507828, 24.8990613], [121.2475607, 24.8992573]]}}, {"type": "Feature", "properties": {"county": "桃園市", "district": "大溪區", "highway": "primary", "name": "洪圳二號橋"}, "geometry": {"type": "LineString", "coordinates": [[121.2475607, 24.8992573], [121.2474008, 24.899267]]}}, {"type": "Feature", "properties": {"county": "桃園市", "district": "大溪區", "highway": "primary", "name": "快速路一段"}, "geometry": {"type": "LineString", "coordinates": [[121.2471131, 24.8990161], [121.2474231, 24.8989934]]}}, {"type": "Feature", "properties": {"county": "桃園市", "district": "大溪區", "highway": "primary", "name": "洪圳二號橋"}, "geometry": {"type": "LineString", "coordinates": [[121.2474231, 24.8989934], [121.2475716, 24.8989825]]}}, {"type": "Feature", "properties": {"county": "桃園市", "district": "大溪區", "highway": "primary", "name": "復興路二段"}, "geometry": {"type": "LineString", "coordinates": [[121.3075443, 24.8250601], [121.3077126, 24.8250398], [121.3083321, 24.8249982], [121.308886, 24.8249455], [121.3089893, 24.8249327], [121.3096249, 24.8248525], [121.3098019, 24.8248634], [121.3099247, 24.8248934], [121.3100983, 24.8249762], [121.3105986, 24.8252729], [121.310842, 24.8254195], [121.311192, 24.8256304], [121.3112551, 24.8257003], [121.3113026, 24.8258059], [121.3113113, 24.8258975], [121.3112833, 24.8265562], [121.311286, 24.8267375], [121.3112933, 24.8267922], [121.3113074, 24.8268453], [121.3113298, 24.8268952], [121.311357, 24.8269558], [121.311459, 24.827068], [121.3116252, 24.8271631], [121.3118935, 24.827342], [121.312108, 24.8275137], [121.3125801, 24.8281145], [121.3127089, 24.8282647], [121.3128194, 24.8283436], [121.3128591, 24.828372], [121.3129449, 24.8283935], [121.3130951, 24.8283935], [121.3132024, 24.8283291], [121.3137603, 24.8278356], [121.313889, 24.8277497], [121.3140251, 24.8276787], [121.314235, 24.8276347], [121.314337, 24.8276554], [121.3149177, 24.827844]]}}, {"type": "Feature", "properties": {"county": "桃園市", "district": "大溪區", "highway": "primary", "name": "百吉三號橋"}, "geometry": {"type": "LineString", "coordinates": [[121.3149177, 24.827844], [121.3150134, 24.8278741]]}}, {"type": "Feature", "properties": {"county": "桃園市", "district": "大溪區", "highway": "primary", "name": "復興路二段"}, "geometry": {"type": "LineString", "coordinates": [[121.3150134, 24.8278741], [121.3154724, 24.8280152], [121.31567, 24.8281145], [121.3159865, 24.8283586], [121.3161367, 24.8285185], [121.3163704, 24.8288141], [121.3164881, 24.828962], [121.3165927, 24.8290801], [121.3167738, 24.8292157], [121.3169294, 24.8293076], [121.3171372, 24.8294093], [121.3173799, 24.8295035], [121.3176039, 24.8295639], [121.3177178, 24.8296043], [121.3178453, 24.8296775], [121.3188356, 24.8303893], [121.3189616, 24.8304795]]}}, {"type": "Feature", "properties": {"county": "桃園市", "district": "大溪區", "highway": "primary", "name": "百吉四號橋"}, "geometry": {"type": "LineString", "coordinates": [[121.3189616, 24.8304795], [121.3190705, 24.8305647]]}}, {"type": "Feature", "properties": {"county": "桃園市", "district": "大溪區", "highway": "primary", "name": "復興路二段"}, "geometry": {"type": "LineString", "coordinates": [[121.3308151, 24.8321017], [121.3308831, 24.8320697], [121.3309318, 24.8320385], [121.3310317, 24.8319452], [121.3310981, 24.8318408], [121.331382, 24.8313672]]}}, {"type": "Feature", "properties": {"county": "桃園市", "district": "大溪區", "highway": "primary", "name": "東安橋"}, "geometry": {"type": "LineString", "coordinates": [[121.331382, 24.8313672], [121.3314976, 24.831155]]}}, {"type": "Feature", "properties": {"county": "桃園市", "district": "大溪區", "highway": "primary", "name": "復興路四段"}, "geometry": {"type": "LineString", "coordinates": [[121.3543085, 24.8253211], [121.3543943, 24.8253018], [121.3544753, 24.8252336], [121.3545764, 24.825109], [121.3546346, 24.8249955], [121.3547118, 24.8248448]]}}, {"type": "Feature", "properties": {"county": "桃園市", "district": "大溪區", "highway": "primary", "name": "水源橋"}, "geometry": {"type": "LineString", "coordinates": [[121.3541852, 24.8253272], [121.3543085, 24.8253211]]}}, {"type": "Feature", "properties": {"county": "桃園市", "district": "大溪區", "highway": "unclassified", "name": "承恩路"}, "geometry": {"type": "LineString", "coordinates": [[121.3009246, 24.8285516], [121.3015938, 24.8288012], [121.3018124, 24.8289125], [121.3019357, 24.8290104], [121.3020489, 24.8291002], [121.3023448, 24.8293591], [121.3025808, 24.8294449], [121.3026237, 24.8294878], [121.3026881, 24.8295736], [121.3031226, 24.8303427], [121.3031388, 24.8305227], [121.3031333, 24.830863], [121.3031816, 24.8310328], [121.3032916, 24.8312372], [121.3033968, 24.8313613], [121.3035544, 24.83142], [121.3041888, 24.8315634], [121.3044035, 24.8316361], [121.3046408, 24.8318267], [121.305046, 24.832228], [121.3051309, 24.8322639], [121.3052009, 24.8322294], [121.3053114, 24.8320385], [121.3053865, 24.8319086], [121.3054669, 24.8317696], [121.3055849, 24.8315632], [121.3056862, 24.831449]]}}, {"type": "Feature", "properties": {"county": "桃園市", "district": "大溪區", "highway": "unclassified", "name": null}, "geometry": {"type": "LineString", "coordinates": [[121.3008641, 24.828527], [121.3009246, 24.8285516]]}}, {"type": "Feature", "properties": {"county": "桃園市", "district": "大溪區", "highway": "unclassified", "name": "太平東路"}, "geometry": {"type": "LineString", "coordinates": [[121.2526517, 24.9033499], [121.2526935, 24.9033465]]}}, {"type": "Feature", "properties": {"county": "桃園市", "district": "大溪區", "highway": "unclassified", "name": "新南橋"}, "geometry": {"type": "LineString", "coordinates": [[121.2525451, 24.903371], [121.2526517, 24.9033499]]}}, {"type": "Feature", "properties": {"county": "桃園市", "district": "大溪區", "highway": "unclassified", "name": null}, "geometry": {"type": "LineString", "coordinates": [[121.255523, 24.9023829], [121.2553507, 24.9023619]]}}, {"type": "Feature", "properties": {"county": "桃園市", "district": "大溪區", "highway": "unclassified", "name": "永西橋"}, "geometry": {"type": "LineString", "coordinates": [[121.2553507, 24.9023619], [121.2552557, 24.9023454]]}}, {"type": "Feature", "properties": {"county": "桃園市", "district": "大溪區", "highway": "residential", "name": "洪圳路"}, "geometry": {"type": "LineString", "coordinates": [[121.2508175, 24.9062474], [121.2508435, 24.9062868], [121.250877, 24.9063238], [121.2522353, 24.9085922], [121.2524371, 24.9088923], [121.2527093, 24.9092971], [121.2528649, 24.909606], [121.252999, 24.9099977], [121.2531572, 24.9109623]]}}, {"type": "Feature", "properties": {"county": "桃園市", "district": "大溪區", "highway": "unclassified", "name": "洪圳路"}, "geometry": {"type": "LineString", "coordinates": [[121.250775, 24.906183], [121.2508175, 24.9062474]]}}, {"type": "Feature", "properties": {"county": "桃園市", "district": "大溪區", "highway": "unclassified", "name": "平東路659巷"}, "geometry": {"type": "LineString", "coordinates": [[121.2441353, 24.9059168], [121.2441337, 24.9059623]]}}, {"type": "Feature", "properties": {"county": "桃園市", "district": "大溪區", "highway": "unclassified", "name": "平東路659巷"}, "geometry": {"type": "LineString", "coordinates": [[121.2441337, 24.9059623], [121.2441307, 24.906044]]}}, {"type": "Feature", "properties": {"county": "桃園市", "district": "大溪區", "highway": "unclassified", "name": "興昌路一段"}, "geometry": {"type": "LineString", "coordinates": [[121.2578469, 24.8986393], [121.2577491, 24.8987293], [121.2576741, 24.8988274], [121.2576441, 24.8989197], [121.2575775, 24.8991145], [121.2575107, 24.8992008], [121.2574339, 24.8992629], [121.2567267, 24.8998343], [121.2563697, 24.900139]]}}, {"type": "Feature", "properties": {"county": "桃園市", "district": "大溪區", "highway": "unclassified", "name": "興昌路一段"}, "geometry": {"type": "LineString", "coordinates": [[121.2563697, 24.900139], [121.2563124, 24.9001879]]}}, {"type": "Feature", "properties": {"county": "桃園市", "district": "大溪區", "highway": "residential", "name": null}, "geometry": {"type": "LineString", "coordinates": [[121.3351843, 24.8977782], [121.3349041, 24.8979716], [121.3345795, 24.8983243], [121.334499, 24.8984849], [121.3344829, 24.8986941], [121.3344561, 24.8988157], [121.3343917, 24.8989276], [121.3343006, 24.8990249], [121.3341986, 24.8991125], [121.3337503, 24.8994161], [121.3333471, 24.8996611], [121.3332304, 24.8996075], [121.3329716, 24.8995309], [121.332761, 24.8994118], [121.3327289, 24.8993412], [121.3326913, 24.8991831], [121.3326202, 24.8990894], [121.3323949, 24.8990529], [121.3322031, 24.8989763], [121.3321549, 24.8989203], [121.3320462, 24.8986138], [121.3320194, 24.8983717], [121.3320141, 24.8982927], [121.3320315, 24.8982537], [121.3321213, 24.8981917], [121.3324204, 24.8980786], [121.3325465, 24.8977623], [121.3326102, 24.8976923], [121.3327041, 24.8976072], [121.3327698, 24.8975847], [121.3328449, 24.8975835], [121.3329233, 24.8975835], [121.3331486, 24.8976406], [121.3332331, 24.8976735], [121.3332687, 24.8976631], [121.3334021, 24.8975847], [121.3335241, 24.8975068], [121.3335402, 24.8973535], [121.3335805, 24.8972173], [121.3336395, 24.8971741], [121.3337434, 24.8971583], [121.3338239, 24.8971693], [121.3339399, 24.8972307], [121.3342349, 24.8974466], [121.3346453, 24.897845], [121.3347633, 24.8979216], [121.3349041, 24.8979716]]}}, {"type": "Feature", "properties": {"county": "桃園市", "district": "大溪區", "highway": "residential", "name": null}, "geometry": {"type": "LineString", "coordinates": [[121.3273631, 24.9197101], [121.3275307, 24.919362], [121.3276111, 24.9193084], [121.3276755, 24.9193084], [121.3277667, 24.919323], [121.3279169, 24.9193766], [121.3280724, 24.9194301], [121.3281463, 24.9194292], [121.3281892, 24.9193757], [121.3282201, 24.9192808], [121.3281932, 24.9192091], [121.3277319, 24.9189634]]}}, {"type": "Feature", "properties": {"county": "桃園市", "district": "大溪區", "highway": "residential", "name": null}, "geometry": {"type": "LineString", "coordinates": [[121.3460243, 24.9147155], [121.3460627, 24.9150102], [121.3460556, 24.9151135], [121.3462298, 24.9151504], [121.3461828, 24.9153718]]}}, {"type": "Feature", "properties": {"county": "桃園市", "district": "大溪區", "highway": "unclassified", "name": "中山路"}, "geometry": {"type": "LineString", "coordinates": [[121.3251379, 24.9185365], [121.3250581, 24.9184677], [121.3248013, 24.9183881], [121.3244372, 24.9182403], [121.3242977, 24.9182269], [121.32424, 24.9182573], [121.3240121, 24.9183972], [121.3238927, 24.9184203], [121.3238082, 24.9184142], [121.3237693, 24.9183765], [121.323725, 24.9182403], [121.3236754, 24.9181187], [121.3236352, 24.9179995], [121.3235748, 24.9179228], [121.3231173, 24.9177153], [121.3230089, 24.9176662], [121.3228707, 24.9176247], [121.3225878, 24.9175397], [121.3222102, 24.9172989], [121.3216624, 24.9170484], [121.3211071, 24.916683], [121.320352, 24.9161765], [121.3200222, 24.9158682], [121.3197324, 24.9155921], [121.3196694, 24.9154486], [121.3197175, 24.915362], [121.3198864, 24.9152136], [121.3200147, 24.9150229]]}}, {"type": "Feature", "properties": {"county": "桃園市", "district": "大溪區", "highway": "unclassified", "name": null}, "geometry": {"type": "LineString", "coordinates": [[121.3252439, 24.9185801], [121.3251379, 24.9185365]]}}, {"type": "Feature", "properties": {"county": "桃園市", "district": "大溪區", "highway": "unclassified", "name": "中山路"}, "geometry": {"type": "LineString", "coordinates": [[121.3511703, 24.9351886], [121.350831, 24.9344759], [121.3506748, 24.9343521], [121.35055, 24.9342361], [121.3500505, 24.9337718], [121.3498752, 24.9335787], [121.3494819, 24.9332708], [121.3493075, 24.9331324], [121.3487682, 24.9326902], [121.348582, 24.9325131], [121.3483205, 24.9323757], [121.34789, 24.9322735], [121.347658, 24.9321702], [121.3469807, 24.931764], [121.346341, 24.9313311], [121.3457952, 24.9310173], [121.3451809, 24.9307108], [121.344894, 24.9306415], [121.3445064, 24.9303995], [121.3440303, 24.930076], [121.343864, 24.9299276], [121.3434121, 24.9293293], [121.3432643, 24.9290418], [121.3432431, 24.9289059], [121.3431881, 24.9287989], [121.3427426, 24.9285541], [121.3424009, 24.928355], [121.3419771, 24.9280365], [121.3417902, 24.927903], [121.3413544, 24.9275916], [121.3402857, 24.9268259], [121.3394057, 24.9262523], [121.339141, 24.9261074], [121.3382361, 24.92579], [121.3377574, 24.9256154], [121.337304, 24.9254774], [121.3368305, 24.9253845], [121.3361584, 24.9251022], [121.3359213, 24.9249864], [121.3355436, 24.9246677], [121.335401, 24.9245474], [121.3350709, 24.9243913], [121.3344793, 24.9239925], [121.3342356, 24.9237766], [121.3338762, 24.9235646], [121.3331289, 24.9232433], [121.3329009, 24.9231259], [121.3326916, 24.9229727], [121.3324892, 24.9228632], [121.3323485, 24.9228226], [121.3321958, 24.9228073], [121.3320804, 24.9227654], [121.3319111, 24.9226078], [121.3316859, 24.9224241], [121.3314143, 24.9222131], [121.3307574, 24.921751], [121.3302348, 24.9214865], [121.3299706, 24.9212858], [121.3295883, 24.9209464], [121.3291619, 24.9206582], [121.3286846, 24.9204157], [121.3280595, 24.9201632], [121.327925, 24.9201042], [121.3278912, 24.9200853], [121.3278154, 24.9200428], [121.3273631, 24.9197101], [121.3272723, 24.9196475], [121.3269276, 24.9194602], [121.3266081, 24.9193274], [121.3265571, 24.9193172], [121.3253753, 24.9189445], [121.3253189, 24.9189147], [121.3252646, 24.9186514], [121.3252439, 24.9185801]]}}, {"type": "Feature", "properties": {"county": "桃園市", "district": "大溪區", "highway": "unclassified", "name": null}, "geometry": {"type": "LineString", "coordinates": [[121.3254188, 24.9171447], [121.3254238, 24.917062]]}}, {"type": "Feature", "properties": {"county": "桃園市", "district": "大溪區", "highway": "primary", "name": "中正路三段"}, "geometry": {"type": "LineString", "coordinates": [[121.3330051, 24.8958995], [121.3330078, 24.895792], [121.3328697, 24.8950136], [121.3327718, 24.8944616], [121.3327718, 24.89429], [121.3327932, 24.8938179], [121.3328147, 24.8937106], [121.3328576, 24.8936462], [121.3329649, 24.8935819], [121.3330936, 24.893539], [121.3335228, 24.8934531], [121.3336086, 24.8934317], [121.3338017, 24.8933029], [121.333909, 24.8931742], [121.3339949, 24.8930025], [121.3340378, 24.8926163], [121.3340592, 24.8924875], [121.3341022, 24.8923802], [121.3341451, 24.8922944], [121.3342524, 24.8922086], [121.3343596, 24.8921657], [121.3344884, 24.8921227], [121.3346171, 24.8921013], [121.3347244, 24.8921227], [121.3348103, 24.8921657], [121.3349175, 24.89223], [121.3350034, 24.8923373], [121.3350677, 24.8924446], [121.3350892, 24.8925519], [121.3350248, 24.8930025], [121.3350248, 24.8931313], [121.3350463, 24.8932815], [121.335218, 24.8940539], [121.3352823, 24.8943114], [121.3354325, 24.8945689], [121.3355184, 24.8946548], [121.3358617, 24.8949337], [121.3361192, 24.8951483], [121.3362479, 24.8952985], [121.3367844, 24.8960066], [121.3368016, 24.8960324], [121.3368702, 24.8961353], [121.3369131, 24.8962855], [121.3369584, 24.896397], [121.3369423, 24.8971269], [121.3369611, 24.8972194], [121.3370013, 24.8972924], [121.3371944, 24.8974773], [121.3377631, 24.8978811], [121.3379696, 24.8980733], [121.3383907, 24.8985332], [121.3387903, 24.8987983], [121.339646, 24.8991803], [121.3402843, 24.8995331], [121.3405908, 24.8997636], [121.3407517, 24.8999388], [121.3408174, 24.9000482], [121.3408657, 24.9001966], [121.3409019, 24.9004302], [121.3409247, 24.9012878], [121.3409361, 24.9014113], [121.3410173, 24.9016041], [121.3411366, 24.9017269], [121.3413083, 24.9018826], [121.3422826, 24.9026471], [121.3424516, 24.9027736], [121.3426849, 24.9028491], [121.343157, 24.9029561], [121.3432773, 24.9029969], [121.3434037, 24.9030632], [121.3436291, 24.9032383], [121.3439375, 24.9035303], [121.3440525, 24.9036232], [121.3444015, 24.9037796], [121.3445677, 24.9038463]]}}, {"type": "Feature", "properties": {"county": "桃園市", "district": "大溪區", "highway": "primary", "name": "中正路三段"}, "geometry": {"type": "LineString", "coordinates": [[121.3445677, 24.9038463], [121.3446524, 24.9038803]]}}, {"type": "Feature", "properties": {"county": "桃園市", "district": "大溪區", "highway": "primary", "name": "中正路三段"}, "geometry": {"type": "LineString", "coordinates": [[121.3386167, 24.898805], [121.3384852, 24.898715], [121.3383451, 24.8985891], [121.33793, 24.8981627], [121.3377208, 24.8979511], [121.3371227, 24.8975569], [121.337002, 24.8974304], [121.3369188, 24.897338], [121.3368759, 24.8972528], [121.3368518, 24.8971239], [121.3368726, 24.8964262], [121.3368487, 24.896307], [121.3368058, 24.8961997], [121.33672, 24.8960495], [121.3361835, 24.8953414], [121.3360548, 24.8951912], [121.335454, 24.8946977], [121.3353682, 24.8945904], [121.3352823, 24.8944616], [121.335218, 24.8943329], [121.3351321, 24.8940539], [121.334939, 24.8931527], [121.334939, 24.8930025], [121.3350034, 24.8926592], [121.3350034, 24.8925519], [121.3349819, 24.8924661], [121.334939, 24.8923588], [121.3348746, 24.8922944], [121.3347888, 24.89223], [121.3346601, 24.8921871], [121.3344884, 24.8921871], [121.3343596, 24.89223], [121.3342094, 24.8923373], [121.3341451, 24.8924446], [121.3341236, 24.8925304], [121.3340807, 24.893024], [121.3340378, 24.8931098], [121.3339734, 24.8932171], [121.3338661, 24.8933458], [121.3337159, 24.8934531], [121.3335443, 24.893539], [121.3330722, 24.8936248], [121.3329649, 24.8936677], [121.3329005, 24.8937321], [121.3328791, 24.8938179], [121.3328576, 24.8944616], [121.3329547, 24.895009], [121.3330936, 24.895792], [121.3330936, 24.8959623]]}}, {"type": "Feature", "properties": {"county": "桃園市", "district": "大溪區", "highway": "primary", "name": "中正路三段"}, "geometry": {"type": "LineString", "coordinates": [[121.3386852, 24.8988361], [121.3386167, 24.898805]]}}, {"type": "Feature", "properties": {"county": "桃園市", "district": "大溪區", "highway": "primary", "name": "中正路三段"}, "geometry": {"type": "LineString", "coordinates": [[121.3445623, 24.9039209], [121.3442352, 24.9037942], [121.3440649, 24.9037115], [121.3439442, 24.9036349], [121.343452, 24.90318], [121.3432898, 24.9030717], [121.3431744, 24.9030291], [121.3429139, 24.9029725], [121.342675, 24.9029249], [121.3424484, 24.9028471], [121.3423061, 24.9027657], [121.3417864, 24.9023649], [121.3412848, 24.9019489], [121.3410722, 24.9017829], [121.340971, 24.9016764], [121.3408898, 24.9015408], [121.3408496, 24.9014386], [121.3408322, 24.9012914], [121.3408308, 24.9004424], [121.3407987, 24.9002246], [121.3407678, 24.9001334], [121.3406484, 24.8999181], [121.3404513, 24.899732], [121.3402555, 24.8995787], [121.3398512, 24.8993699], [121.3396855, 24.8992843], [121.3387615, 24.8988707], [121.3386852, 24.8988361]]}}, {"type": "Feature", "properties": {"county": "桃園市", "district": "大溪區", "highway": "primary", "name": "中正路三段"}, "geometry": {"type": "LineString", "coordinates": [[121.3446472, 24.9039538], [121.3445623, 24.9039209]]}}, {"type": "Feature", "properties": {"county": "桃園市", "district": "大溪區", "highway": "primary", "name": "介壽路"}, "geometry": {"type": "LineString", "coordinates": [[121.2954849, 24.9232256], [121.295681, 24.9236154]]}}, {"type": "Feature", "properties": {"county": "桃園市", "district": "大溪區", "highway": "unclassified", "name": "仁和八街73巷"}, "geometry": {"type": "LineString", "coordinates": [[121.2735722, 24.8935384], [121.2725399, 24.8940945]]}}, {"type": "Feature", "properties": {"county": "桃園市", "district": "大溪區", "highway": "unclassified", "name": null}, "geometry": {"type": "LineString", "coordinates": [[121.3198626, 24.9271225], [121.3198436, 24.9269649], [121.3198319, 24.9268882], [121.3197974, 24.9267799], [121.3197329, 24.926682], [121.319665, 24.9266277], [121.3195763, 24.9265691]]}}, {"type": "Feature", "properties": {"county": "桃園市", "district": "大溪區", "highway": "unclassified", "name": null}, "geometry": {"type": "LineString", "coordinates": [[121.3195763, 24.9265691], [121.3198606, 24.9266744], [121.3200171, 24.9267605], [121.3209277, 24.9272751]]}}, {"type": "Feature", "properties": {"county": "桃園市", "district": "大溪區", "highway": "residential", "name": "普濟路"}, "geometry": {"type": "LineString", "coordinates": [[121.2852542, 24.8853377], [121.2852762, 24.8847732], [121.2853191, 24.8841601], [121.2853355, 24.8838731]]}}, {"type": "Feature", "properties": {"county": "桃園市", "district": "大溪區", "highway": "residential", "name": "普濟路"}, "geometry": {"type": "LineString", "coordinates": [[121.2857232, 24.8863165], [121.286096, 24.8867936]]}}, {"type": "Feature", "properties": {"county": "桃園市", "district": "大溪區", "highway": "residential", "name": "永昌路51巷"}, "geometry": {"type": "LineString", "coordinates": [[121.2473693, 24.8346554], [121.247401, 24.8346934], [121.247589, 24.8349333], [121.2480766, 24.8355641], [121.2485189, 24.8361363]]}}, {"type": "Feature", "properties": {"county": "桃園市", "district": "大溪區", "highway": "unclassified", "name": null}, "geometry": {"type": "LineString", "coordinates": [[121.2607827, 24.8259253], [121.2609169, 24.8257997], [121.2621004, 24.8246915], [121.262331, 24.8244254], [121.2623724, 24.8243744]]}}, {"type": "Feature", "properties": {"county": "桃園市", "district": "大溪區", "highway": "residential", "name": "瑞福路"}, "geometry": {"type": "LineString", "coordinates": [[121.2543964, 24.8758137], [121.254371, 24.8758362], [121.2543229, 24.8758913], [121.2536131, 24.8766833]]}}, {"type": "Feature", "properties": {"county": "桃園市", "district": "大溪區", "highway": "residential", "name": "瑞福路"}, "geometry": {"type": "LineString", "coordinates": [[121.2544426, 24.8757728], [121.2543964, 24.8758137]]}}, {"type": "Feature", "properties": {"county": "桃園市", "district": "大溪區", "highway": "residential", "name": "瑞福路"}, "geometry": {"type": "LineString", "coordinates": [[121.2546432, 24.8755015], [121.2546372, 24.8756002], [121.2544426, 24.8757728]]}}, {"type": "Feature", "properties": {"county": "桃園市", "district": "大溪區", "highway": "residential", "name": "瑞福路"}, "geometry": {"type": "LineString", "coordinates": [[121.2546571, 24.8754302], [121.2546432, 24.8755015]]}}, {"type": "Feature", "properties": {"county": "桃園市", "district": "大溪區", "highway": "residential", "name": "瑞福路"}, "geometry": {"type": "LineString", "coordinates": [[121.2561274, 24.8733864], [121.2560908, 24.8734326]]}}, {"type": "Feature", "properties": {"county": "桃園市", "district": "大溪區", "highway": "residential", "name": "瑞福路"}, "geometry": {"type": "LineString", "coordinates": [[121.2561432, 24.8733664], [121.2561274, 24.8733864]]}}, {"type": "Feature", "properties": {"county": "桃園市", "district": "大溪區", "highway": "residential", "name": "員林路三段155巷"}, "geometry": {"type": "LineString", "coordinates": [[121.2555934, 24.8729685], [121.2555767, 24.8729574], [121.2555054, 24.8729104], [121.2553494, 24.8728076], [121.255279, 24.8727752], [121.255072, 24.87268], [121.2550019, 24.8726477], [121.254625, 24.8725407], [121.2544818, 24.872461], [121.2541788, 24.8722281], [121.2540041, 24.8719798], [121.2537748, 24.871487], [121.2532685, 24.8705937], [121.2531281, 24.8703648], [121.2529121, 24.8701094], [121.2526193, 24.8696915], [121.2524384, 24.8691711]]}}, {"type": "Feature", "properties": {"county": "桃園市", "district": "大溪區", "highway": "residential", "name": "員林路三段155巷"}, "geometry": {"type": "LineString", "coordinates": [[121.2556661, 24.8730164], [121.2555934, 24.8729685]]}}, {"type": "Feature", "properties": {"county": "桃園市", "district": "大溪區", "highway": "unclassified", "name": "落羽松路"}, "geometry": {"type": "LineString", "coordinates": [[121.2553494, 24.8728076], [121.255378, 24.8727407], [121.2553961, 24.8726985], [121.255408, 24.8726612]]}}, {"type": "Feature", "properties": {"county": "桃園市", "district": "大溪區", "highway": "unclassified", "name": "落羽松路"}, "geometry": {"type": "LineString", "coordinates": [[121.255408, 24.8726612], [121.2554286, 24.8725968]]}}, {"type": "Feature", "properties": {"county": "桃園市", "district": "大溪區", "highway": "secondary", "name": "羅馬路五段"}, "geometry": {"type": "LineString", "coordinates": [[121.2896258, 24.799411], [121.289678, 24.7995527], [121.2897011, 24.7997021], [121.2896996, 24.7998186], [121.2896794, 24.7999313], [121.2896469, 24.8000443], [121.2896093, 24.8001243], [121.2894663, 24.8003234], [121.2894194, 24.8004478], [121.2894161, 24.8004879], [121.289429, 24.8005382], [121.2894636, 24.8005995], [121.2895156, 24.800667], [121.2898562, 24.801049], [121.2902356, 24.8014745], [121.2904716, 24.8016863], [121.2905789, 24.8017507], [121.29076, 24.8018081], [121.2908913, 24.8018264], [121.2913198, 24.8018657], [121.2917498, 24.8019024], [121.2918996, 24.8019428], [121.2920268, 24.8020045], [121.2921263, 24.8021027], [121.2923096, 24.8023791], [121.2923687, 24.8024419], [121.2924351, 24.8024891], [121.2925433, 24.8025153], [121.2927309, 24.8025362], [121.292842, 24.8025808], [121.2929069, 24.8026567], [121.2929415, 24.8027184], [121.2929608, 24.8028041], [121.2929763, 24.802928], [121.2930119, 24.8029859], [121.2930547, 24.8030271], [121.2931109, 24.8030604], [121.2931993, 24.803084], [121.2933094, 24.8030667], [121.2933729, 24.8030195], [121.2934115, 24.8029693], [121.2934783, 24.8028678], [121.2935532, 24.8027759], [121.2936126, 24.8027207], [121.2937697, 24.8025965], [121.2938721, 24.8024708], [121.2939089, 24.8023978], [121.293963, 24.8022455], [121.294025, 24.8021433], [121.2941621, 24.8020006], [121.2942452, 24.801939], [121.2943222, 24.8018997], [121.29438, 24.8018831], [121.2944492, 24.8018775], [121.2945169, 24.8018929], [121.2945617, 24.8019154], [121.2946071, 24.8019557], [121.2946256, 24.8019836], [121.2946324, 24.8020242], [121.2946252, 24.802142], [121.2945661, 24.8025272], [121.2945574, 24.8025756], [121.2945588, 24.8026397], [121.294592, 24.8028322], [121.2946339, 24.8030418], [121.2946209, 24.803728], [121.2946425, 24.8038695], [121.2946786, 24.8039324], [121.2947507, 24.8039821], [121.2948258, 24.804007], [121.2949426, 24.8039978], [121.295084, 24.8039454], [121.29555, 24.8037058], [121.2960838, 24.8034412], [121.2966739, 24.8030653], [121.2974541, 24.8025331], [121.2975454, 24.8024708], [121.2977776, 24.8023699], [121.2979724, 24.8022861], [121.2981243, 24.802207], [121.2982422, 24.8021345], [121.2984024, 24.8020058], [121.2989116, 24.8015285], [121.2996197, 24.8009276], [121.2998293, 24.8008022], [121.3001798, 24.8006529], [121.300965, 24.8004116], [121.3010938, 24.8003687], [121.3011582, 24.8003044], [121.3012225, 24.8002185], [121.301244, 24.8001112], [121.3012446, 24.7999273], [121.301158, 24.7996693], [121.301135, 24.7995043], [121.3011681, 24.7993065], [121.3012071, 24.7991808], [121.3012691, 24.7990367], [121.3014754, 24.7987656], [121.3015216, 24.7986687], [121.3015274, 24.7985587], [121.3015202, 24.798192], [121.3015259, 24.7981134], [121.3015707, 24.7979261], [121.3017611, 24.7974022], [121.3019433, 24.7970568], [121.3020214, 24.7969588], [121.3021219, 24.7969155], [121.3022205, 24.7968941]]}}, {"type": "Feature", "properties": {"county": "桃園市", "district": "大溪區", "highway": "unclassified", "name": "石園路463巷668弄"}, "geometry": {"type": "LineString", "coordinates": [[121.2629217, 24.8565879], [121.2635815, 24.858996], [121.2636982, 24.8590532], [121.2637612, 24.8590581], [121.2638618, 24.858996], [121.2640724, 24.8581552], [121.2637478, 24.8569797], [121.2633482, 24.856493], [121.2629217, 24.8565879], [121.2627755, 24.8562058]]}}, {"type": "Feature", "properties": {"county": "桃園市", "district": "大溪區", "highway": "unclassified", "name": "石園路463巷668弄"}, "geometry": {"type": "LineString", "coordinates": [[121.2635719, 24.8600539], [121.2636875, 24.8600279], [121.2637237, 24.8600072], [121.2637424, 24.8599367], [121.2636982, 24.8590532]]}}, {"type": "Feature", "properties": {"county": "桃園市", "district": "大溪區", "highway": "primary", "name": "員林路一段"}, "geometry": {"type": "LineString", "coordinates": [[121.2828146, 24.8986321], [121.283246, 24.8986206], [121.2839001, 24.898587], [121.2840875, 24.898578], [121.2845339, 24.8985597]]}}, {"type": "Feature", "properties": {"county": "桃園市", "district": "大溪區", "highway": "primary", "name": "信義路"}, "geometry": {"type": "LineString", "coordinates": [[121.2928198, 24.8852991], [121.2942915, 24.8858291], [121.2946241, 24.8859696], [121.2947756, 24.8860558], [121.2948788, 24.8861145], [121.2952296, 24.8863488], [121.2961141, 24.8870352], [121.2965861, 24.8874], [121.2969509, 24.88769], [121.2970528, 24.887774], [121.2975088, 24.8882368], [121.2976577, 24.8883434], [121.2977354, 24.888379], [121.2979353, 24.8884219], [121.2986204, 24.8884704]]}}, {"type": "Feature", "properties": {"county": "桃園市", "district": "大溪區", "highway": "primary", "name": "第一預力橋"}, "geometry": {"type": "LineString", "coordinates": [[121.2986204, 24.8884704], [121.2989298, 24.8885331]]}}, {"type": "Feature", "properties": {"county": "桃園市", "district": "大溪區", "highway": "primary", "name": "信義路"}, "geometry": {"type": "LineString", "coordinates": [[121.2986215, 24.8885793], [121.2979192, 24.8885204], [121.2976871, 24.8884694], [121.2975383, 24.8883891], [121.2973828, 24.8882368], [121.2970136, 24.8878657], [121.2969294, 24.8877847], [121.2965512, 24.8874879], [121.2960792, 24.8871231], [121.2951759, 24.8864112], [121.294909, 24.8862159], [121.2946053, 24.8860547], [121.2944135, 24.885964], [121.2940447, 24.8858117], [121.2927829, 24.8853569]]}}, {"type": "Feature", "properties": {"county": "桃園市", "district": "大溪區", "highway": "primary", "name": "第一預力橋"}, "geometry": {"type": "LineString", "coordinates": [[121.2989361, 24.8886042], [121.2986215, 24.8885793]]}}, {"type": "Feature", "properties": {"county": "桃園市", "district": "大溪區", "highway": "primary", "name": "信義路"}, "geometry": {"type": "LineString", "coordinates": [[121.2989298, 24.8885331], [121.2991248, 24.8885571], [121.2993809, 24.8885939], [121.299503, 24.8886263], [121.2996411, 24.888711], [121.2996947, 24.8887723], [121.2997726, 24.8889382], [121.2998048, 24.8890449], [121.2998852, 24.889596], [121.2998909, 24.8896291], [121.300199, 24.8915648], [121.3002494, 24.8918849], [121.3003177, 24.8922952], [121.3003721, 24.8926109], [121.300385, 24.8926823], [121.3004283, 24.8928803], [121.3004788, 24.8931293], [121.3005933, 24.8936722], [121.300708, 24.8941666], [121.3007542, 24.8944071], [121.30077, 24.8944994], [121.3009201, 24.8952054], [121.3010292, 24.8956345], [121.3011003, 24.8957847], [121.3011968, 24.8958792], [121.3012934, 24.8959422], [121.301465, 24.896028], [121.3015637, 24.896039], [121.3016582, 24.8960495], [121.3019586, 24.8960066], [121.302327, 24.8958908]]}}, {"type": "Feature", "properties": {"county": "桃園市", "district": "大溪區", "highway": "primary", "name": "旭橋"}, "geometry": {"type": "LineString", "coordinates": [[121.302327, 24.8958908], [121.3025856, 24.8958055]]}}, {"type": "Feature", "properties": {"county": "桃園市", "district": "大溪區", "highway": "primary", "name": "信義路"}, "geometry": {"type": "LineString", "coordinates": [[121.3023662, 24.8959455], [121.3019586, 24.896071], [121.3017654, 24.8961139], [121.3016582, 24.8961139], [121.3015509, 24.8961139], [121.3013497, 24.8960649], [121.3012719, 24.8960195], [121.3011486, 24.8959361], [121.3011277, 24.8959267], [121.3010386, 24.8958179], [121.3009635, 24.8956677], [121.3008637, 24.8952402], [121.3007141, 24.8945066], [121.3006792, 24.89435], [121.3006429, 24.8941697], [121.3005397, 24.8937092], [121.3004259, 24.8931905], [121.3004016, 24.8930538], [121.300369, 24.8928964], [121.3003238, 24.8926546], [121.3001924, 24.8918982], [121.3001374, 24.891562], [121.2998343, 24.8896405], [121.2997739, 24.8892845], [121.2997444, 24.8891044], [121.2997176, 24.8889597], [121.299676, 24.8888696], [121.2996257, 24.8887865], [121.299515, 24.8887032], [121.2993688, 24.8886535], [121.299153, 24.8886239], [121.2989361, 24.8886042]]}}, {"type": "Feature", "properties": {"county": "桃園市", "district": "大溪區", "highway": "primary", "name": "旭橋"}, "geometry": {"type": "LineString", "coordinates": [[121.3026426, 24.8958628], [121.3023662, 24.8959455]]}}, {"type": "Feature", "properties": {"county": "桃園市", "district": "大溪區", "highway": "tertiary", "name": "弘道路"}, "geometry": {"type": "LineString", "coordinates": [[121.3494606, 24.9156979], [121.3492908, 24.9156153], [121.3488062, 24.9153991], [121.3483998, 24.9152291], [121.3481881, 24.9151709], [121.3479608, 24.9151232], [121.3477986, 24.9151041], [121.347639, 24.915091], [121.3473891, 24.9150875], [121.3472595, 24.9150879], [121.3471702, 24.9150798], [121.3470709, 24.9150626], [121.3469783, 24.9150404], [121.3468934, 24.9150181], [121.34682, 24.9149931], [121.346697, 24.914931], [121.3466055, 24.9148804], [121.3464582, 24.9148197], [121.3463343, 24.9147752], [121.3461792, 24.9147407], [121.3460243, 24.9147155], [121.3457134, 24.9146845], [121.345514, 24.9146719], [121.3453977, 24.9146454], [121.3452803, 24.9146008], [121.3451696, 24.9145304], [121.3450954, 24.9144351], [121.3450245, 24.9143495], [121.3449403, 24.9142427], [121.3446423, 24.9139846], [121.3444487, 24.9138597], [121.3442437, 24.9137938], [121.3441329, 24.9137469], [121.3438048, 24.9136171], [121.3436428, 24.9135852], [121.3434939, 24.9135904], [121.3431858, 24.9135812], [121.3429961, 24.9135367], [121.3428629, 24.9134841], [121.3426495, 24.9134044], [121.3423841, 24.9132773], [121.3421576, 24.9131216], [121.3420398, 24.9130693], [121.3419437, 24.9130427], [121.3417448, 24.9130341], [121.3415316, 24.9130062], [121.3413781, 24.9129641], [121.3412667, 24.9129028], [121.341204, 24.9128418], [121.3410852, 24.9125254], [121.3410013, 24.9123881], [121.3409213, 24.9122719], [121.3408107, 24.9121238], [121.3406366, 24.9118942], [121.3404214, 24.911645], [121.3401948, 24.9114419], [121.3398834, 24.9111357], [121.3398376, 24.9111064], [121.3397885, 24.9110851], [121.3397405, 24.9110669], [121.3396412, 24.9110279], [121.3393699, 24.9110553], [121.3392758, 24.9110548], [121.3391881, 24.9110173], [121.3390951, 24.9109625], [121.3390427, 24.9108589], [121.3390117, 24.9107855], [121.3389247, 24.9105992], [121.3388064, 24.9103907], [121.3386736, 24.9101933], [121.3385742, 24.9100896], [121.3383778, 24.9099281], [121.3382567, 24.9098509], [121.3381222, 24.9097651], [121.3379573, 24.9096384], [121.3375664, 24.9093187], [121.3374637, 24.9092479], [121.3373733, 24.9092165], [121.337216, 24.9091922], [121.3370965, 24.9091446], [121.3369897, 24.9090691], [121.3367858, 24.9089151], [121.3366561, 24.90883], [121.3365753, 24.9087974], [121.3365111, 24.9087848], [121.336338, 24.9087683], [121.3361258, 24.9087598], [121.3359448, 24.9087795], [121.3358824, 24.9087646], [121.3358077, 24.9087345], [121.3357185, 24.9086694], [121.3356364, 24.9085829], [121.3353684, 24.9081982], [121.3352166, 24.9080051], [121.3350998, 24.9079289], [121.3346937, 24.9078113], [121.3345449, 24.9077062], [121.3343628, 24.9076102], [121.3340583, 24.9075526], [121.333896, 24.9075089], [121.3338356, 24.907434], [121.3337356, 24.9072162], [121.3336633, 24.9070127], [121.3335829, 24.9069284], [121.3332951, 24.9067643], [121.3331476, 24.9066141], [121.3330355, 24.9064489], [121.3330028, 24.9062625], [121.3328133, 24.906087], [121.332724, 24.9059918], [121.332619, 24.9058925], [121.3324918, 24.9057629], [121.332398, 24.9056981], [121.3322841, 24.9056434], [121.3320005, 24.9055604], [121.3317214, 24.9054632], [121.3315177, 24.9053646], [121.3313589, 24.9052756], [121.3312748, 24.9051675], [121.331248, 24.9050743], [121.3312503, 24.9049224], [121.3312171, 24.9048641], [121.3311668, 24.9047936], [121.3311119, 24.9047516], [121.3310757, 24.9047163], [121.3310413, 24.9046759], [121.3309945, 24.9046439], [121.3309254, 24.9045729], [121.3308644, 24.9045127], [121.3307576, 24.9044287], [121.3305567, 24.904547], [121.3304604, 24.9045886], [121.3303578, 24.9045672], [121.3296783, 24.9042713], [121.3292451, 24.904085], [121.329066, 24.9039286], [121.3288745, 24.9036279], [121.3287717, 24.9035361], [121.3286534, 24.9034754], [121.3284837, 24.9033863], [121.3283899, 24.9033518], [121.3283207, 24.903287], [121.328276, 24.9032141], [121.3282207, 24.9030815], [121.328151, 24.9029873], [121.3280215, 24.9028962], [121.3276393, 24.9026341], [121.3274298, 24.9024991], [121.3273407, 24.9024306]]}}, {"type": "Feature", "properties": {"county": "桃園市", "district": "大溪區", "highway": "residential", "name": null}, "geometry": {"type": "LineString", "coordinates": [[121.3410013, 24.9123881], [121.3408166, 24.912699], [121.3406651, 24.9128596], [121.3405423, 24.9129216], [121.3403753, 24.9129429], [121.3400777, 24.9129516], [121.339963, 24.9129669], [121.3399091, 24.9129872]]}}, {"type": "Feature", "properties": {"county": "桃園市", "district": "大溪區", "highway": "residential", "name": null}, "geometry": {"type": "LineString", "coordinates": [[121.3428629, 24.9134841], [121.3424953, 24.9132031], [121.3423794, 24.9130499], [121.3423795, 24.9129563], [121.3423982, 24.9129075], [121.3424774, 24.912657], [121.3425136, 24.9125134], [121.3426021, 24.9123991]]}}, {"type": "Feature", "properties": {"county": "桃園市", "district": "大溪區", "highway": "residential", "name": null}, "geometry": {"type": "LineString", "coordinates": [[121.3451696, 24.9145304], [121.3449544, 24.9143987], [121.3448417, 24.9143574], [121.3447183, 24.914378], [121.3445781, 24.9145251], [121.3442696, 24.9150323], [121.3439208, 24.9155041], [121.3439047, 24.9157474]]}}, {"type": "Feature", "properties": {"county": "桃園市", "district": "大溪區", "highway": "residential", "name": null}, "geometry": {"type": "LineString", "coordinates": [[121.3310796, 24.9039156], [121.3310449, 24.9040878], [121.3310695, 24.9043135], [121.3311212, 24.9044451], [121.3311259, 24.9044976], [121.3310937, 24.9045126], [121.33107, 24.9045049], [121.3310401, 24.9044765], [121.3309965, 24.9043832], [121.3309581, 24.9043359], [121.3309306, 24.9043217], [121.3308941, 24.9043144], [121.3308765, 24.9043311], [121.3308732, 24.904378], [121.3309031, 24.9044821], [121.3308644, 24.9045127]]}}, {"type": "Feature", "properties": {"county": "桃園市", "district": "大溪區", "highway": "residential", "name": null}, "geometry": {"type": "LineString", "coordinates": [[121.3323746, 24.9015262], [121.3323263, 24.9014289], [121.3322619, 24.9014192], [121.3320313, 24.9015749], [121.3318757, 24.9018132], [121.3318489, 24.9018814], [121.3318543, 24.9019203], [121.331983, 24.9020614], [121.331983, 24.9021246], [121.3315325, 24.9030441], [121.3314252, 24.9032387], [121.3313125, 24.9033993], [121.3311499, 24.9037404], [121.3311239, 24.903816]]}}, {"type": "Feature", "properties": {"county": "桃園市", "district": "大溪區", "highway": "residential", "name": null}, "geometry": {"type": "LineString", "coordinates": [[121.3311239, 24.903816], [121.3310796, 24.9039156]]}}, {"type": "Feature", "properties": {"county": "桃園市", "district": "大溪區", "highway": "residential", "name": null}, "geometry": {"type": "LineString", "coordinates": [[121.3304604, 24.9045886], [121.3303444, 24.9048005], [121.3302089, 24.9049234], [121.330115, 24.9049781], [121.3300091, 24.9050207], [121.329934, 24.9050718], [121.3298804, 24.9051314], [121.3298093, 24.9052555], [121.3296725, 24.9054805], [121.3296108, 24.9055255], [121.3295263, 24.9055523], [121.329352, 24.9055997], [121.3292849, 24.9056252], [121.3292581, 24.9056739], [121.3292889, 24.9056958], [121.3293466, 24.905714], [121.3294592, 24.9056909], [121.3296255, 24.9057019], [121.3297154, 24.9057177], [121.3297918, 24.9057092], [121.3298576, 24.9056581], [121.3299246, 24.9056386], [121.3299783, 24.9056581], [121.3300158, 24.9057201], [121.3300145, 24.905815], [121.3299997, 24.9058953], [121.3299662, 24.9059695], [121.3296537, 24.9064074], [121.3295732, 24.9065096], [121.3293855, 24.9066604], [121.3291937, 24.9068574], [121.3291602, 24.906917], [121.3291588, 24.9069657], [121.3291843, 24.9069876], [121.3292541, 24.9069657], [121.3294485, 24.9069231], [121.3296027, 24.9069219], [121.3296832, 24.9069523], [121.3297422, 24.9069985], [121.329769, 24.9070448], [121.3297892, 24.9071822], [121.3297449, 24.9076116], [121.3297597, 24.9078451], [121.3297784, 24.9078962], [121.3298535, 24.9079059], [121.3300627, 24.9079266], [121.3301271, 24.9079473], [121.3301566, 24.9079874], [121.3301553, 24.9080373], [121.3301392, 24.9080677]]}}, {"type": "Feature", "properties": {"county": "桃園市", "district": "大溪區", "highway": "tertiary", "name": null}, "geometry": {"type": "LineString", "coordinates": [[121.3273407, 24.9024306], [121.3272536, 24.9023691]]}}, {"type": "Feature", "properties": {"county": "桃園市", "district": "大溪區", "highway": "primary", "name": "中正路三段"}, "geometry": {"type": "LineString", "coordinates": [[121.3552993, 24.9034178], [121.3553869, 24.9034178], [121.3556591, 24.9034202], [121.3558214, 24.9034494], [121.3559702, 24.9035078], [121.3561097, 24.9035905], [121.3569305, 24.904279], [121.3572731, 24.9045697], [121.3575252, 24.9048518], [121.3578377, 24.9052749], [121.3579673, 24.9054094], [121.3580814, 24.9054837], [121.3582536, 24.9055384]]}}, {"type": "Feature", "properties": {"county": "桃園市", "district": "大溪區", "highway": "primary", "name": "五鬮橋"}, "geometry": {"type": "LineString", "coordinates": [[121.3523912, 24.9035297], [121.3526696, 24.9035401]]}}, {"type": "Feature", "properties": {"county": "桃園市", "district": "大溪區", "highway": "primary", "name": "五鬮橋"}, "geometry": {"type": "LineString", "coordinates": [[121.3526331, 24.9036097], [121.3523921, 24.9036024]]}}, {"type": "Feature", "properties": {"county": "桃園市", "district": "大溪區", "highway": "primary", "name": "中正路三段"}, "geometry": {"type": "LineString", "coordinates": [[121.3582221, 24.9056168], [121.3581222, 24.905587], [121.3580056, 24.9055329], [121.3579037, 24.905472], [121.357789, 24.9053523], [121.3575353, 24.9050003], [121.357461, 24.9049065], [121.3573663, 24.9047868], [121.3571967, 24.9046025], [121.3566006, 24.9040978], [121.3565067, 24.9040193], [121.3564484, 24.9039651], [121.3560668, 24.9036519], [121.3559174, 24.9035591], [121.3557981, 24.9035162], [121.3556625, 24.9034901], [121.3554251, 24.903483], [121.3553185, 24.9034843], [121.3552226, 24.9034855], [121.3550613, 24.9034894], [121.3549394, 24.9034957]]}}, {"type": "Feature", "properties": {"county": "桃園市", "district": "大溪區", "highway": "residential", "name": null}, "geometry": {"type": "LineString", "coordinates": [[121.3549394, 24.9034957], [121.3549049, 24.9036313], [121.3548014, 24.9038598], [121.3548142, 24.904016], [121.3547873, 24.9041169], [121.3545285, 24.9043103], [121.354322, 24.9044235], [121.3541262, 24.9045597], [121.3538539, 24.9047604], [121.3536635, 24.9050888], [121.3535227, 24.9053795], [121.3534422, 24.9055243]]}}, {"type": "Feature", "properties": {"county": "桃園市", "district": "大溪區", "highway": "residential", "name": null}, "geometry": {"type": "LineString", "coordinates": [[121.3376291, 24.8980405], [121.3375818, 24.8980866], [121.3374826, 24.8981498], [121.3374236, 24.8981693], [121.3373109, 24.8981595]]}}, {"type": "Feature", "properties": {"county": "桃園市", "district": "大溪區", "highway": "residential", "name": null}, "geometry": {"type": "LineString", "coordinates": [[121.3377208, 24.8979511], [121.3376291, 24.8980405]]}}, {"type": "Feature", "properties": {"county": "桃園市", "district": "大溪區", "highway": "residential", "name": null}, "geometry": {"type": "LineString", "coordinates": [[121.3373109, 24.8981595], [121.3373449, 24.8981309], [121.3374435, 24.8980761], [121.3375019, 24.8980603], [121.3376291, 24.8980405]]}}, {"type": "Feature", "properties": {"county": "桃園市", "district": "大溪區", "highway": "primary", "name": "信義路"}, "geometry": {"type": "LineString", "coordinates": [[121.3244247, 24.8937106], [121.3242745, 24.8938608], [121.3238426, 24.8942428]]}}, {"type": "Feature", "properties": {"county": "桃園市", "district": "大溪區", "highway": "primary", "name": "信義路"}, "geometry": {"type": "LineString", "coordinates": [[121.3243428, 24.893687], [121.3244689, 24.8935435], [121.3245535, 24.8934102], [121.3247002, 24.8930964], [121.3248539, 24.8927665], [121.3249183, 24.8926592], [121.3250256, 24.892509], [121.3251086, 24.8924264], [121.3253197, 24.8923059], [121.3253547, 24.892293], [121.3254782, 24.8922472], [121.3258355, 24.8921165], [121.3262363, 24.8919758], [121.3265969, 24.8918988], [121.3268112, 24.891915], [121.3269474, 24.8919352], [121.3272924, 24.8920385], [121.3276196, 24.8921489], [121.3281086, 24.8923191], [121.3282559, 24.8923809], [121.3284703, 24.8924872], [121.3286076, 24.8925956], [121.3288365, 24.8928346], [121.3289894, 24.893032], [121.3291982, 24.8932933], [121.3294003, 24.8935475], [121.3295399, 24.8936954], [121.3296616, 24.893826], [121.3299262, 24.8940974], [121.3302499, 24.8944164], [121.3305346, 24.8946939], [121.3308606, 24.8949957], [121.3312592, 24.8953431], [121.3315606, 24.8956307], [121.3318308, 24.8958677], [121.3319961, 24.8959912], [121.332245, 24.8961968], [121.3323846, 24.8962829], [121.3324851, 24.8963315], [121.3325721, 24.8963446], [121.3326782, 24.8963436], [121.3328088, 24.8963163], [121.3328948, 24.8962636], [121.3329383, 24.896215], [121.3329718, 24.8961664], [121.3330051, 24.8958995]]}}, {"type": "Feature", "properties": {"county": "桃園市", "district": "大溪區", "highway": "unclassified", "name": null}, "geometry": {"type": "LineString", "coordinates": [[121.321311, 24.8816505], [121.3212467, 24.8814455], [121.3211712, 24.8812573], [121.3211925, 24.8811713], [121.3212636, 24.8810748], [121.3213674, 24.8810124], [121.3215206, 24.8809868], [121.3216954, 24.8809683], [121.321828, 24.8809172], [121.3219283, 24.8808078], [121.3219326, 24.8807085], [121.3218837, 24.8806298]]}}, {"type": "Feature", "properties": {"county": "桃園市", "district": "大溪區", "highway": "residential", "name": "日新橋"}, "geometry": {"type": "LineString", "coordinates": [[121.3243428, 24.893687], [121.3235809, 24.893423]]}}, {"type": "Feature", "properties": {"county": "桃園市", "district": "大溪區", "highway": "residential", "name": "日新路"}, "geometry": {"type": "LineString", "coordinates": [[121.3244247, 24.8937106], [121.3243428, 24.893687]]}}, {"type": "Feature", "properties": {"county": "桃園市", "district": "大溪區", "highway": "primary_link", "name": null}, "geometry": {"type": "LineString", "coordinates": [[121.3253547, 24.892293], [121.3253902, 24.8923595]]}}, {"type": "Feature", "properties": {"county": "桃園市", "district": "大溪區", "highway": "residential", "name": null}, "geometry": {"type": "LineString", "coordinates": [[121.3078481, 24.8975951], [121.3078232, 24.8978657], [121.3078031, 24.8979618]]}}, {"type": "Feature", "properties": {"county": "桃園市", "district": "大溪區", "highway": "residential", "name": null}, "geometry": {"type": "LineString", "coordinates": [[121.3089323, 24.8940754], [121.3088384, 24.8944097], [121.308821, 24.8945058], [121.3087901, 24.8945398], [121.3087204, 24.8945471], [121.3086245, 24.8945106], [121.30854, 24.8944517]]}}, {"type": "Feature", "properties": {"county": "桃園市", "district": "大溪區", "highway": "residential", "name": null}, "geometry": {"type": "LineString", "coordinates": [[121.308408, 24.8959641], [121.3083637, 24.8958792], [121.3083623, 24.8958002], [121.308414, 24.8956316]]}}, {"type": "Feature", "properties": {"county": "桃園市", "district": "大溪區", "highway": "residential", "name": null}, "geometry": {"type": "LineString", "coordinates": [[121.2951759, 24.8864112], [121.2952296, 24.8863488], [121.2953053, 24.8862698]]}}, {"type": "Feature", "properties": {"county": "桃園市", "district": "大溪區", "highway": "primary_link", "name": null}, "geometry": {"type": "LineString", "coordinates": [[121.2970528, 24.887774], [121.2970136, 24.8878657]]}}, {"type": "Feature", "properties": {"county": "桃園市", "district": "大溪區", "highway": "secondary_link", "name": null}, "geometry": {"type": "LineString", "coordinates": [[121.3047879, 24.9360461], [121.3047281, 24.9361137]]}}, {"type": "Feature", "properties": {"county": "桃園市", "district": "大溪區", "highway": "secondary_link", "name": null}, "geometry": {"type": "LineString", "coordinates": [[121.3013557, 24.9339641], [121.3014057, 24.9338908]]}}, {"type": "Feature", "properties": {"county": "桃園市", "district": "大溪區", "highway": "residential", "name": "豐吉路138巷"}, "geometry": {"type": "LineString", "coordinates": [[121.2923174, 24.9274652], [121.2930066, 24.927479], [121.2934646, 24.9274915]]}}, {"type": "Feature", "properties": {"county": "桃園市", "district": "大溪區", "highway": "residential", "name": null}, "geometry": {"type": "LineString", "coordinates": [[121.2934667, 24.9277644], [121.2934646, 24.9274915], [121.293471, 24.9269524]]}}, {"type": "Feature", "properties": {"county": "桃園市", "district": "大溪區", "highway": "residential", "name": null}, "geometry": {"type": "LineString", "coordinates": [[121.2930038, 24.9265694], [121.2930066, 24.927479]]}}, {"type": "Feature", "properties": {"county": "桃園市", "district": "大溪區", "highway": "residential", "name": null}, "geometry": {"type": "LineString", "coordinates": [[121.3274298, 24.9024991], [121.3274774, 24.902405], [121.3274882, 24.9023051], [121.3275181, 24.9022591], [121.3275715, 24.9022277], [121.3276467, 24.9022203], [121.3277265, 24.9021761], [121.3277708, 24.9022157]]}}, {"type": "Feature", "properties": {"county": "桃園市", "district": "大溪區", "highway": "residential", "name": null}, "geometry": {"type": "LineString", "coordinates": [[121.3397885, 24.9110851], [121.3395792, 24.9110928], [121.3394929, 24.9111978], [121.3393952, 24.91141], [121.339415, 24.911489], [121.3394494, 24.9115613], [121.3394813, 24.9116532], [121.3395074, 24.9117298], [121.3395315, 24.91187], [121.3394793, 24.9119918], [121.3394045, 24.9120545], [121.3393458, 24.9120797], [121.3390584, 24.912194], [121.3389641, 24.9122096], [121.3388435, 24.9121612], [121.338794, 24.9121638], [121.3387323, 24.912182], [121.3386277, 24.9121844]]}}, {"type": "Feature", "properties": {"county": "桃園市", "district": "大溪區", "highway": "residential", "name": null}, "geometry": {"type": "LineString", "coordinates": [[121.3406366, 24.9118942], [121.340436, 24.9117976], [121.3401664, 24.911559], [121.3400947, 24.9115048], [121.3400429, 24.9115048], [121.3398068, 24.911857], [121.3401251, 24.9120537]]}}, {"type": "Feature", "properties": {"county": "桃園市", "district": "大溪區", "highway": "residential", "name": null}, "geometry": {"type": "LineString", "coordinates": [[121.336338, 24.9087683], [121.3363893, 24.9089751], [121.3364086, 24.9091331], [121.3361764, 24.9094548], [121.3361149, 24.9096015], [121.3360092, 24.9098191], [121.3358506, 24.9100136], [121.3356894, 24.9101803], [121.335487, 24.9103751], [121.335383, 24.9104377], [121.3352733, 24.9104348], [121.3351903, 24.9103777], [121.334813, 24.9100572]]}}, {"type": "Feature", "properties": {"county": "桃園市", "district": "大溪區", "highway": "residential", "name": null}, "geometry": {"type": "LineString", "coordinates": [[121.3361149, 24.9096015], [121.3360521, 24.9096043], [121.33597, 24.9096876], [121.3359055, 24.909683], [121.3358603, 24.9096508], [121.3357552, 24.9095643], [121.3357242, 24.9094854]]}}, {"type": "Feature", "properties": {"county": "桃園市", "district": "大溪區", "highway": "unclassified", "name": null}, "geometry": {"type": "LineString", "coordinates": [[121.3358745, 24.9085287], [121.3359983, 24.9084912], [121.3361479, 24.9084214], [121.3361691, 24.90839], [121.3361732, 24.9083603], [121.3361646, 24.9083151], [121.3361437, 24.90828], [121.3361204, 24.9082497], [121.3359349, 24.9080656], [121.3358738, 24.9078324]]}}, {"type": "Feature", "properties": {"county": "桃園市", "district": "大溪區", "highway": "unclassified", "name": null}, "geometry": {"type": "LineString", "coordinates": [[121.3417448, 24.9130341], [121.3414935, 24.913088], [121.3413663, 24.9131143], [121.3410249, 24.9130906], [121.3409504, 24.9131092], [121.3408332, 24.9132238], [121.3407695, 24.9133108], [121.3407077, 24.9134555], [121.3407045, 24.9135174], [121.3407205, 24.9136604], [121.3407006, 24.9138032], [121.340656, 24.9138996], [121.3406708, 24.91411], [121.3406614, 24.9141629], [121.3403945, 24.9142457], [121.3403221, 24.914256], [121.3401229, 24.914225], [121.3400976, 24.9142704], [121.3401209, 24.9143144], [121.3402336, 24.9144184], [121.3403033, 24.9144974], [121.3403564, 24.9146189], [121.3404388, 24.9147145], [121.3405307, 24.9147843], [121.3405776, 24.9148605], [121.3405662, 24.9149177], [121.3405058, 24.9150083], [121.3402631, 24.9151409], [121.3401665, 24.9152096], [121.3401283, 24.9152643], [121.3401404, 24.9153257], [121.3401981, 24.9153464], [121.3403006, 24.9153178], [121.3404502, 24.9152576], [121.3405549, 24.9152404], [121.3406245, 24.9152625], [121.3406479, 24.9153342], [121.3406393, 24.9154401], [121.3406079, 24.9154672], [121.3405715, 24.9154845], [121.3404026, 24.9154936], [121.3403489, 24.9155404], [121.3403301, 24.9155866], [121.3403556, 24.9156395], [121.3404401, 24.9156724], [121.3407982, 24.9156991], [121.3407775, 24.9157628], [121.3407507, 24.9158181]]}}, {"type": "Feature", "properties": {"county": "桃園市", "district": "大溪區", "highway": "tertiary", "name": "弘道路"}, "geometry": {"type": "LineString", "coordinates": [[121.3595522, 24.9207839], [121.3594164, 24.9206738], [121.3592157, 24.9206254], [121.3590147, 24.9206206], [121.3582691, 24.9206247], [121.3581047, 24.92066], [121.3579356, 24.9206376], [121.3578224, 24.9205872], [121.3577123, 24.9205147], [121.3575972, 24.9204213], [121.3574375, 24.9203703], [121.3568005, 24.9201789], [121.3561485, 24.9199022], [121.3559186, 24.919833], [121.3555559, 24.9196566], [121.3551505, 24.9195111], [121.3550168, 24.9194529], [121.3549291, 24.9193807]]}}, {"type": "Feature", "properties": {"county": "桃園市", "district": "大溪區", "highway": "tertiary", "name": null}, "geometry": {"type": "LineString", "coordinates": [[121.3495537, 24.9157542], [121.3494606, 24.9156979]]}}, {"type": "Feature", "properties": {"county": "桃園市", "district": "大溪區", "highway": "tertiary", "name": "弘道路"}, "geometry": {"type": "LineString", "coordinates": [[121.3530857, 24.9176273], [121.3528681, 24.9171921], [121.3528041, 24.9171285], [121.3527198, 24.9170213], [121.3526656, 24.9169742], [121.3525801, 24.9169383], [121.3522244, 24.9168331], [121.35187, 24.9167424], [121.3517629, 24.9167252], [121.3516658, 24.9167191], [121.3515796, 24.916722], [121.3513989, 24.9167308], [121.3509872, 24.9167505], [121.3508711, 24.9167474], [121.3507595, 24.9167187], [121.3506604, 24.9166675], [121.3505193, 24.9165429], [121.3503142, 24.9163486], [121.3501553, 24.9161934], [121.3497004, 24.9158547], [121.349576, 24.9157669], [121.3495537, 24.9157542]]}}, {"type": "Feature", "properties": {"county": "桃園市", "district": "大溪區", "highway": "tertiary", "name": null}, "geometry": {"type": "LineString", "coordinates": [[121.3531097, 24.9176758], [121.3530857, 24.9176273]]}}, {"type": "Feature", "properties": {"county": "桃園市", "district": "大溪區", "highway": "tertiary", "name": "弘道路"}, "geometry": {"type": "LineString", "coordinates": [[121.3548754, 24.9193342], [121.3548197, 24.9192784], [121.3547431, 24.9190265], [121.3546825, 24.9189504], [121.3546362, 24.9189042], [121.3545419, 24.9188482], [121.3544427, 24.9188037], [121.3542486, 24.9187492], [121.3541714, 24.9187075], [121.3541046, 24.9186597], [121.3537579, 24.9182774], [121.3535972, 24.9180463], [121.3534681, 24.9178881], [121.3533453, 24.917872], [121.3532206, 24.9178195], [121.3531556, 24.9177598], [121.3531097, 24.9176758]]}}, {"type": "Feature", "properties": {"county": "桃園市", "district": "大溪區", "highway": "tertiary", "name": null}, "geometry": {"type": "LineString", "coordinates": [[121.3549291, 24.9193807], [121.3548754, 24.9193342]]}}, {"type": "Feature", "properties": {"county": "桃園市", "district": "大溪區", "highway": "secondary", "name": "龍南路"}, "geometry": {"type": "LineString", "coordinates": [[121.2548216, 24.9144233], [121.2546714, 24.9141277], [121.25456, 24.9138601], [121.2544809, 24.9136752], [121.2544085, 24.9134417], [121.2543857, 24.9132483], [121.2543683, 24.913016], [121.2543683, 24.9128579], [121.2543321, 24.9126693], [121.2542435, 24.9124966], [121.2541403, 24.912319], [121.2540132, 24.9121087]]}}, {"type": "Feature", "properties": {"county": "桃園市", "district": "大溪區", "highway": "residential", "name": null}, "geometry": {"type": "LineString", "coordinates": [[121.2961361, 24.9204768], [121.2963822, 24.9207732], [121.2963742, 24.9210442]]}}, {"type": "Feature", "properties": {"county": "桃園市", "district": "大溪區", "highway": "residential", "name": "仁美街"}, "geometry": {"type": "LineString", "coordinates": [[121.2868178, 24.91107], [121.2868308, 24.9110594], [121.2869814, 24.9110013], [121.2873256, 24.9108637], [121.2874673, 24.910807], [121.2878083, 24.910679], [121.2881121, 24.9105649], [121.2882219, 24.9105072]]}}, {"type": "Feature", "properties": {"county": "桃園市", "district": "大溪區", "highway": "residential", "name": "仁美街"}, "geometry": {"type": "LineString", "coordinates": [[121.2867767, 24.9111032], [121.2868178, 24.91107]]}}, {"type": "Feature", "properties": {"county": "桃園市", "district": "大溪區", "highway": "residential", "name": "仁忠街"}, "geometry": {"type": "LineString", "coordinates": [[121.2788115, 24.9157675], [121.2786983, 24.9157483], [121.2786681, 24.9157369], [121.2786562, 24.9157209], [121.2786555, 24.9157018], [121.2786772, 24.9156202], [121.2787524, 24.9152366], [121.2787531, 24.9152073], [121.2787412, 24.9151792], [121.2787313, 24.9151537], [121.2786632, 24.9149702], [121.278647, 24.9149205], [121.2786245, 24.914758], [121.2786358, 24.914714], [121.2786555, 24.9146713], [121.2786836, 24.914635], [121.2787201, 24.914591], [121.2787447, 24.9145521], [121.278758, 24.9145215], [121.2787665, 24.9144935], [121.27877, 24.9144151], [121.2787566, 24.9140538], [121.2791124, 24.9140106]]}}, {"type": "Feature", "properties": {"county": "桃園市", "district": "大溪區", "highway": "residential", "name": "埔頂路二段237巷"}, "geometry": {"type": "LineString", "coordinates": [[121.2789455, 24.9130263], [121.2791403, 24.9118402], [121.2792246, 24.9118417], [121.279496, 24.9120838], [121.2796238, 24.9121251], [121.2797285, 24.9121475], [121.2799699, 24.9121572], [121.2802969, 24.9121134]]}}, {"type": "Feature", "properties": {"county": "桃園市", "district": "大溪區", "highway": "residential", "name": "儲蓄路196巷"}, "geometry": {"type": "LineString", "coordinates": [[121.2728928, 24.9065358], [121.2735521, 24.9063522]]}}, {"type": "Feature", "properties": {"county": "桃園市", "district": "大溪區", "highway": "residential", "name": "儲蓄路145巷"}, "geometry": {"type": "LineString", "coordinates": [[121.2727911, 24.9062397], [121.2720633, 24.9063947]]}}, {"type": "Feature", "properties": {"county": "桃園市", "district": "大溪區", "highway": "residential", "name": "儲蓄路108巷"}, "geometry": {"type": "LineString", "coordinates": [[121.2729345, 24.9049827], [121.2724115, 24.905071]]}}, {"type": "Feature", "properties": {"county": "桃園市", "district": "大溪區", "highway": "tertiary", "name": "康莊路三段"}, "geometry": {"type": "LineString", "coordinates": [[121.2825173, 24.8614114], [121.2826004, 24.8615559], [121.2827036, 24.8617355], [121.2828333, 24.8619409]]}}, {"type": "Feature", "properties": {"county": "桃園市", "district": "大溪區", "highway": "tertiary", "name": "內柵橋"}, "geometry": {"type": "LineString", "coordinates": [[121.2828333, 24.8619409], [121.2828936, 24.8620363]]}}, {"type": "Feature", "properties": {"county": "桃園市", "district": "大溪區", "highway": "primary", "name": "瑞安路二段"}, "geometry": {"type": "LineString", "coordinates": [[121.2814879, 24.8726821], [121.2815738, 24.8724675], [121.2816167, 24.8722744], [121.2816381, 24.8720384], [121.2816236, 24.8712381], [121.2816271, 24.8711692], [121.2816384, 24.8709448], [121.2816598, 24.8706784], [121.2817497, 24.8701795], [121.2818598, 24.8697349]]}}, {"type": "Feature", "properties": {"county": "桃園市", "district": "大溪區", "highway": "primary", "name": "瑞安路二段"}, "geometry": {"type": "LineString", "coordinates": [[121.2818598, 24.8697349], [121.2818784, 24.8696597]]}}, {"type": "Feature", "properties": {"county": "桃園市", "district": "大溪區", "highway": "primary", "name": "瑞安路二段"}, "geometry": {"type": "LineString", "coordinates": [[121.2819241, 24.8697795], [121.2818241, 24.8702349], [121.2817504, 24.8706656], [121.2817115, 24.8710769], [121.2817085, 24.8711692], [121.2817034, 24.8713226], [121.2817155, 24.8715576], [121.281724, 24.8720598], [121.2817025, 24.8722744], [121.2816444, 24.8725102], [121.2815472, 24.8727299]]}}, {"type": "Feature", "properties": {"county": "桃園市", "district": "大溪區", "highway": "primary", "name": "瑞安路二段"}, "geometry": {"type": "LineString", "coordinates": [[121.2819444, 24.8696945], [121.2819241, 24.8697795]]}}, {"type": "Feature", "properties": {"county": "桃園市", "district": "大溪區", "highway": "residential", "name": "員東路485巷"}, "geometry": {"type": "LineString", "coordinates": [[121.2528623, 24.8839649], [121.2528307, 24.8837607], [121.2527833, 24.8836218], [121.2526681, 24.88343], [121.2520772, 24.8838209]]}}, {"type": "Feature", "properties": {"county": "桃園市", "district": "大溪區", "highway": "primary", "name": "員林路三段"}, "geometry": {"type": "LineString", "coordinates": [[121.2536131, 24.8766833], [121.2544558, 24.8773097], [121.2547451, 24.8775365], [121.2549744, 24.8776828], [121.2553473, 24.8778762], [121.2557301, 24.8780208], [121.256497, 24.878268], [121.256793, 24.8783742], [121.2580777, 24.878835]]}}, {"type": "Feature", "properties": {"county": "桃園市", "district": "大溪區", "highway": "primary", "name": "員林路三段"}, "geometry": {"type": "LineString", "coordinates": [[121.2580777, 24.878835], [121.2581389, 24.878857]]}}, {"type": "Feature", "properties": {"county": "桃園市", "district": "大溪區", "highway": "residential", "name": "南興路二段346巷120弄"}, "geometry": {"type": "LineString", "coordinates": [[121.2591769, 24.8870076], [121.2596427, 24.8868849], [121.2606387, 24.8867805], [121.2614076, 24.8867225]]}}, {"type": "Feature", "properties": {"county": "桃園市", "district": "大溪區", "highway": "residential", "name": null}, "geometry": {"type": "LineString", "coordinates": [[121.2586034, 24.8844848], [121.2583867, 24.8844906], [121.2580577, 24.8844323], [121.2579757, 24.884485], [121.2578747, 24.8845179], [121.2577179, 24.8845008], [121.2577134, 24.8846543], [121.2577476, 24.8846973], [121.2577229, 24.8847661], [121.2577343, 24.8848487], [121.2577533, 24.8849123], [121.2569396, 24.8856831]]}}, {"type": "Feature", "properties": {"county": "桃園市", "district": "大溪區", "highway": "unclassified", "name": null}, "geometry": {"type": "LineString", "coordinates": [[121.2556253, 24.8807713], [121.2555663, 24.8808612]]}}, {"type": "Feature", "properties": {"county": "桃園市", "district": "大溪區", "highway": "unclassified", "name": null}, "geometry": {"type": "LineString", "coordinates": [[121.255357, 24.8811802], [121.2553087, 24.8812539]]}}, {"type": "Feature", "properties": {"county": "桃園市", "district": "大溪區", "highway": "unclassified", "name": null}, "geometry": {"type": "LineString", "coordinates": [[121.2555663, 24.8808612], [121.255357, 24.8811802]]}}, {"type": "Feature", "properties": {"county": "桃園市", "district": "大溪區", "highway": "unclassified", "name": "興昌路二段210巷"}, "geometry": {"type": "LineString", "coordinates": [[121.2555718, 24.8935636], [121.2556788, 24.89358], [121.2559223, 24.8935996], [121.2560915, 24.8936252], [121.2562119, 24.8936397], [121.2566694, 24.893655], [121.2570446, 24.8936704], [121.2573828, 24.8936847], [121.2583189, 24.8937589], [121.2587346, 24.8937906], [121.25874, 24.8937911]]}}, {"type": "Feature", "properties": {"county": "桃園市", "district": "大溪區", "highway": "unclassified", "name": "興昌路二段210巷"}, "geometry": {"type": "LineString", "coordinates": [[121.2555205, 24.8935557], [121.2555718, 24.8935636]]}}, {"type": "Feature", "properties": {"county": "桃園市", "district": "大溪區", "highway": "unclassified", "name": "興昌路二段210巷"}, "geometry": {"type": "LineString", "coordinates": [[121.2587909, 24.8937959], [121.2591189, 24.893827]]}}, {"type": "Feature", "properties": {"county": "桃園市", "district": "大溪區", "highway": "unclassified", "name": "興昌路二段210巷"}, "geometry": {"type": "LineString", "coordinates": [[121.25874, 24.8937911], [121.2587909, 24.8937959]]}}, {"type": "Feature", "properties": {"county": "桃園市", "district": "大溪區", "highway": "unclassified", "name": "興昌路二段"}, "geometry": {"type": "LineString", "coordinates": [[121.2582527, 24.8983018], [121.2583365, 24.8982412]]}}, {"type": "Feature", "properties": {"county": "桃園市", "district": "大溪區", "highway": "unclassified", "name": "興昌路二段"}, "geometry": {"type": "LineString", "coordinates": [[121.2584767, 24.895668], [121.258509, 24.8956229]]}}, {"type": "Feature", "properties": {"county": "桃園市", "district": "大溪區", "highway": "secondary", "name": "仁和路二段"}, "geometry": {"type": "LineString", "coordinates": [[121.254334, 24.911461], [121.254443, 24.9113721], [121.255294, 24.9107267], [121.2553308, 24.9106997], [121.2565363, 24.9097982], [121.2570075, 24.9094458], [121.2571347, 24.9093507]]}}, {"type": "Feature", "properties": {"county": "桃園市", "district": "大溪區", "highway": "secondary", "name": "仁和路二段"}, "geometry": {"type": "LineString", "coordinates": [[121.2571347, 24.9093507], [121.2571794, 24.9093172]]}}, {"type": "Feature", "properties": {"county": "桃園市", "district": "大溪區", "highway": "secondary", "name": "仁和路二段"}, "geometry": {"type": "LineString", "coordinates": [[121.2571794, 24.9093172], [121.2572566, 24.9092596], [121.2575193, 24.909063], [121.2581753, 24.9085702], [121.2582332, 24.9085267], [121.2590552, 24.9079092]]}}, {"type": "Feature", "properties": {"county": "桃園市", "district": "大溪區", "highway": "secondary", "name": "仁和路二段"}, "geometry": {"type": "LineString", "coordinates": [[121.2590552, 24.9079092], [121.2590995, 24.9078759]]}}, {"type": "Feature", "properties": {"county": "桃園市", "district": "大溪區", "highway": "secondary", "name": "仁和路二段"}, "geometry": {"type": "LineString", "coordinates": [[121.2615231, 24.9060756], [121.2615651, 24.9060373], [121.2626211, 24.9052657], [121.2639057, 24.9043117]]}}, {"type": "Feature", "properties": {"county": "桃園市", "district": "大溪區", "highway": "secondary", "name": "東雲橋"}, "geometry": {"type": "LineString", "coordinates": [[121.2614807, 24.9061069], [121.2615231, 24.9060756]]}}, {"type": "Feature", "properties": {"county": "桃園市", "district": "大溪區", "highway": "residential", "name": "仁和路二段403巷"}, "geometry": {"type": "LineString", "coordinates": [[121.2583672, 24.9069367], [121.259195, 24.9071507], [121.2592172, 24.9072265], [121.2595054, 24.9075721]]}}, {"type": "Feature", "properties": {"county": "桃園市", "district": "大溪區", "highway": "secondary", "name": "仁和路一段"}, "geometry": {"type": "LineString", "coordinates": [[121.2705107, 24.9028181], [121.2713432, 24.902728], [121.2714692, 24.9027051]]}}, {"type": "Feature", "properties": {"county": "桃園市", "district": "大溪區", "highway": "residential", "name": "仁和路二段109巷"}, "geometry": {"type": "LineString", "coordinates": [[121.2674286, 24.9031276], [121.2674281, 24.9020876]]}}, {"type": "Feature", "properties": {"county": "桃園市", "district": "大溪區", "highway": "residential", "name": "南興路一段"}, "geometry": {"type": "LineString", "coordinates": [[121.2648743, 24.9023909], [121.2647028, 24.9018847]]}}, {"type": "Feature", "properties": {"county": "桃園市", "district": "大溪區", "highway": "residential", "name": "仁和路二段159巷"}, "geometry": {"type": "LineString", "coordinates": [[121.2658291, 24.903476], [121.2658778, 24.9025369], [121.2659015, 24.9021026], [121.2659219, 24.901726], [121.2659171, 24.9015172], [121.2659117, 24.9012857]]}}, {"type": "Feature", "properties": {"county": "桃園市", "district": "大溪區", "highway": "residential", "name": null}, "geometry": {"type": "LineString", "coordinates": [[121.2648535, 24.8961441], [121.265829, 24.8960517]]}}, {"type": "Feature", "properties": {"county": "桃園市", "district": "大溪區", "highway": "unclassified", "name": "南興路一段151巷55弄"}, "geometry": {"type": "LineString", "coordinates": [[121.2672398, 24.8992111], [121.267648, 24.8992398], [121.2680771, 24.8992009]]}}, {"type": "Feature", "properties": {"county": "桃園市", "district": "大溪區", "highway": "residential", "name": "仁和路一段311巷68弄"}, "geometry": {"type": "LineString", "coordinates": [[121.2719937, 24.9015051], [121.2712937, 24.9016539]]}}, {"type": "Feature", "properties": {"county": "桃園市", "district": "大溪區", "highway": "residential", "name": "仁善一街87巷"}, "geometry": {"type": "LineString", "coordinates": [[121.2848161, 24.9064835], [121.2852108, 24.9063526]]}}, {"type": "Feature", "properties": {"county": "桃園市", "district": "大溪區", "highway": "residential", "name": "公園三街51巷38弄"}, "geometry": {"type": "LineString", "coordinates": [[121.28159, 24.9036034], [121.2817139, 24.9040785]]}}, {"type": "Feature", "properties": {"county": "桃園市", "district": "大溪區", "highway": "residential", "name": "埔頂一街83巷"}, "geometry": {"type": "LineString", "coordinates": [[121.2771297, 24.9022226], [121.2776827, 24.9028357]]}}, {"type": "Feature", "properties": {"county": "桃園市", "district": "大溪區", "highway": "residential", "name": null}, "geometry": {"type": "LineString", "coordinates": [[121.2686467, 24.8814089], [121.2690034, 24.8811586]]}}, {"type": "Feature", "properties": {"county": "桃園市", "district": "大溪區", "highway": "primary", "name": "快速路"}, "geometry": {"type": "LineString", "coordinates": [[121.2573063, 24.8983303], [121.2574368, 24.898327], [121.2577976, 24.8982841], [121.2583365, 24.8982412]]}}, {"type": "Feature", "properties": {"county": "桃園市", "district": "大溪區", "highway": "residential", "name": "內柵路一段131巷"}, "geometry": {"type": "LineString", "coordinates": [[121.2817877, 24.8573472], [121.2816756, 24.8573766], [121.2811768, 24.8574836], [121.281197, 24.8575531], [121.2809425, 24.8576204]]}}, {"type": "Feature", "properties": {"county": "桃園市", "district": "大溪區", "highway": "residential", "name": "內柵路一段131巷14弄"}, "geometry": {"type": "LineString", "coordinates": [[121.2817215, 24.857033], [121.281646, 24.8571105], [121.2817877, 24.8573472]]}}, {"type": "Feature", "properties": {"county": "桃園市", "district": "大溪區", "highway": "residential", "name": "內柵路二段27巷"}, "geometry": {"type": "LineString", "coordinates": [[121.2805685, 24.8563309], [121.2808397, 24.856333], [121.2810838, 24.8563683], [121.2812904, 24.8564425], [121.2813916, 24.8565219], [121.281447, 24.856609]]}}, {"type": "Feature", "properties": {"county": "桃園市", "district": "大溪區", "highway": "residential", "name": "康莊路三段827巷23弄"}, "geometry": {"type": "LineString", "coordinates": [[121.2748831, 24.8407202], [121.2749117, 24.8406263], [121.2750024, 24.8405675], [121.275262, 24.8407469], [121.2753532, 24.8407226], [121.2757019, 24.8405571], [121.2765651, 24.8400842], [121.2765527, 24.839993]]}}, {"type": "Feature", "properties": {"county": "桃園市", "district": "大溪區", "highway": "unclassified", "name": "月眉路80巷"}, "geometry": {"type": "LineString", "coordinates": [[121.2914059, 24.8862603], [121.290576, 24.8871143], [121.2900391, 24.8876532]]}}, {"type": "Feature", "properties": {"county": "桃園市", "district": "大溪區", "highway": "residential", "name": null}, "geometry": {"type": "LineString", "coordinates": [[121.2864487, 24.8766427], [121.2863334, 24.8766986], [121.2856024, 24.8773751], [121.2855039, 24.8773289], [121.2854281, 24.8772486], [121.2854093, 24.8771792], [121.2854241, 24.8770807], [121.285416, 24.8770442], [121.2852041, 24.8770077]]}}, {"type": "Feature", "properties": {"county": "桃園市", "district": "大溪區", "highway": "residential", "name": null}, "geometry": {"type": "LineString", "coordinates": [[121.2841366, 24.8764626], [121.2840267, 24.8764249], [121.2838523, 24.8763714]]}}, {"type": "Feature", "properties": {"county": "桃園市", "district": "大溪區", "highway": "unclassified", "name": "中正三路335巷"}, "geometry": {"type": "LineString", "coordinates": [[121.328632, 24.9346696], [121.3286819, 24.9346686], [121.3293255, 24.9344661], [121.3295129, 24.9344065], [121.3302633, 24.9341621], [121.3305972, 24.9340649], [121.3313274, 24.9338287], [121.3315738, 24.933749]]}}, {"type": "Feature", "properties": {"county": "桃園市", "district": "大溪區", "highway": "unclassified", "name": "中山路288巷"}, "geometry": {"type": "LineString", "coordinates": [[121.3566166, 24.9403757], [121.3569223, 24.9401635], [121.3572837, 24.9399082], [121.357452, 24.9397213], [121.3575285, 24.9395603], [121.3575666, 24.939365], [121.3575693, 24.9392348], [121.3575446, 24.939035], [121.3574212, 24.9382811], [121.3572496, 24.9376195], [121.3571576, 24.9374107], [121.3570028, 24.9372304], [121.3569414, 24.9371907], [121.3564797, 24.9368923], [121.3560991, 24.936702]]}}, {"type": "Feature", "properties": {"county": "桃園市", "district": "大溪區", "highway": "unclassified", "name": "中山路"}, "geometry": {"type": "LineString", "coordinates": [[121.3560991, 24.936702], [121.3557636, 24.9365299], [121.3556014, 24.9364647], [121.3552487, 24.9363013], [121.3549831, 24.9361894], [121.354541, 24.9360252], [121.3537707, 24.9357492], [121.3531833, 24.935596], [121.3528216, 24.9354877], [121.3519978, 24.9353041], [121.3514936, 24.9352311], [121.3512792, 24.9352231], [121.3511703, 24.9351886]]}}, {"type": "Feature", "properties": {"county": "桃園市", "district": "大溪區", "highway": "residential", "name": "中興路九龍段129巷"}, "geometry": {"type": "LineString", "coordinates": [[121.2480926, 24.8796416], [121.2480729, 24.8795659], [121.2478965, 24.8791523], [121.2478638, 24.8790622], [121.2478228, 24.8789491], [121.2478013, 24.8788043], [121.2477946, 24.8786486], [121.2478053, 24.8784782], [121.2477959, 24.8783651], [121.2477463, 24.8782519], [121.247572, 24.8779368], [121.2475505, 24.8778711], [121.2475384, 24.8778018], [121.247572, 24.8774903]]}}, {"type": "Feature", "properties": {"county": "桃園市", "district": "大溪區", "highway": "residential", "name": "中興路九龍段129巷175弄"}, "geometry": {"type": "LineString", "coordinates": [[121.2468243, 24.8734989], [121.2481888, 24.8731926]]}}, {"type": "Feature", "properties": {"county": "桃園市", "district": "大溪區", "highway": "unclassified", "name": "金山路"}, "geometry": {"type": "LineString", "coordinates": [[121.3038645, 24.8820778], [121.3047416, 24.8818477], [121.3053984, 24.8816725], [121.3055168, 24.881631], [121.3057156, 24.8814331], [121.3064936, 24.8806518], [121.3065245, 24.8806059], [121.306542, 24.8805571], [121.306531, 24.8805047], [121.3062475, 24.8800327], [121.3061332, 24.8796557], [121.3061, 24.8793993], [121.3062126, 24.8790832], [121.3064553, 24.8787151], [121.3065583, 24.878555], [121.3066756, 24.8780456], [121.3068648, 24.8774003], [121.3069892, 24.8772373], [121.3073568, 24.8771711], [121.3074003, 24.8771643], [121.3080674, 24.8770599], [121.3087209, 24.8769883], [121.3089442, 24.8769242], [121.3092853, 24.8766869], [121.3101531, 24.8759683], [121.3101571, 24.875965]]}}, {"type": "Feature", "properties": {"county": "桃園市", "district": "大溪區", "highway": "unclassified", "name": "金山路"}, "geometry": {"type": "LineString", "coordinates": [[121.3101571, 24.875965], [121.3103932, 24.8757695]]}}, {"type": "Feature", "properties": {"county": "桃園市", "district": "大溪區", "highway": "unclassified", "name": "金山路"}, "geometry": {"type": "LineString", "coordinates": [[121.3244025, 24.8656259], [121.3244088, 24.8657032], [121.3241488, 24.8657606], [121.3237207, 24.8660432], [121.3236737, 24.8661046], [121.323714, 24.8661363], [121.3241212, 24.8661317], [121.3241219, 24.8661982], [121.3240519, 24.8662604], [121.3237971, 24.8663066], [121.3236692, 24.8663597], [121.3236442, 24.8664247], [121.3236557, 24.8665151], [121.323773, 24.866724], [121.3237971, 24.8668444], [121.3238575, 24.8669247], [121.3238872, 24.8670181], [121.3238803, 24.8672776], [121.32384, 24.8674893], [121.3237599, 24.8675925], [121.3236375, 24.8676658], [121.3235812, 24.8677447], [121.3235973, 24.8678848], [121.3235892, 24.8680137], [121.3236028, 24.8681104], [121.323654, 24.8681417], [121.3238762, 24.8681464], [121.3241404, 24.8682011], [121.3243149, 24.8683043], [121.3243765, 24.8683325], [121.3246112, 24.8681707], [121.3247627, 24.8681902], [121.3248361, 24.868275], [121.3250921, 24.8683206], [121.3256586, 24.8680831], [121.3259093, 24.8679626], [121.3262105, 24.867857], [121.3264874, 24.8678726], [121.3267163, 24.8678362], [121.327108, 24.867817], [121.3272464, 24.8677985], [121.3274064, 24.8678404], [121.3274912, 24.8679365], [121.3274979, 24.8680724], [121.3274102, 24.8682086], [121.327289, 24.8683456], [121.3272974, 24.8685576], [121.3272606, 24.8686326], [121.3269096, 24.8688785]]}}, {"type": "Feature", "properties": {"county": "桃園市", "district": "大溪區", "highway": "unclassified", "name": "金山路"}, "geometry": {"type": "LineString", "coordinates": [[121.3243803, 24.8655826], [121.3244025, 24.8656259]]}}, {"type": "Feature", "properties": {"county": "桃園市", "district": "大溪區", "highway": "residential", "name": "美和路"}, "geometry": {"type": "LineString", "coordinates": [[121.3057572, 24.863455], [121.305807, 24.8630937], [121.3057518, 24.8629442], [121.3057574, 24.8628375], [121.3057813, 24.8627208], [121.3059827, 24.8624901], [121.3061397, 24.8623222], [121.3063087, 24.8620728], [121.3065058, 24.8617734], [121.3065889, 24.8615714], [121.306945, 24.8610437], [121.3070938, 24.8608904], [121.3074169, 24.8607396]]}}, {"type": "Feature", "properties": {"county": "桃園市", "district": "大溪區", "highway": "residential", "name": "草嶺橋"}, "geometry": {"type": "LineString", "coordinates": [[121.305734, 24.8637465], [121.3057572, 24.863455]]}}, {"type": "Feature", "properties": {"county": "桃園市", "district": "大溪區", "highway": "residential", "name": null}, "geometry": {"type": "LineString", "coordinates": [[121.3098046, 24.8678193], [121.3099247, 24.8678239], [121.3100582, 24.8677917], [121.3100957, 24.8678306], [121.3100508, 24.8679109], [121.3100836, 24.867945]]}}, {"type": "Feature", "properties": {"county": "桃園市", "district": "大溪區", "highway": "residential", "name": null}, "geometry": {"type": "LineString", "coordinates": [[121.3071889, 24.8676439], [121.307118, 24.8676024], [121.3070447, 24.8675605], [121.3069811, 24.8675732], [121.3068859, 24.867664]]}}, {"type": "Feature", "properties": {"county": "桃園市", "district": "大溪區", "highway": "residential", "name": null}, "geometry": {"type": "LineString", "coordinates": [[121.306225, 24.8644673], [121.3058476, 24.8645583], [121.3057376, 24.8645463], [121.3056237, 24.8645271]]}}, {"type": "Feature", "properties": {"county": "桃園市", "district": "大溪區", "highway": "primary", "name": "大埔公路"}, "geometry": {"type": "LineString", "coordinates": [[121.3514822, 24.8514266], [121.3514274, 24.8513241], [121.3513907, 24.8512069], [121.351368, 24.8511001], [121.3513142, 24.8506977], [121.3513061, 24.850361], [121.3512886, 24.8500771], [121.3512543, 24.8499927], [121.3511822, 24.8499295], [121.3510762, 24.8498925], [121.3509317, 24.8498693], [121.3507711, 24.8498645], [121.3505364, 24.8498889], [121.3500586, 24.8499058], [121.3498035, 24.8499018], [121.3495208, 24.8498278], [121.3494355, 24.8498097], [121.3492931, 24.8497835], [121.3491618, 24.8497849], [121.3490241, 24.8498202], [121.3488827, 24.8499046], [121.3487861, 24.8500146], [121.3487515, 24.8501428], [121.3487378, 24.8503281], [121.3487897, 24.8505453], [121.3488113, 24.850684], [121.3487868, 24.8508515], [121.3486945, 24.8510373], [121.3485763, 24.8511786], [121.3480514, 24.8517046], [121.3479187, 24.8517923], [121.3478077, 24.8518171], [121.3477239, 24.8518141], [121.3475801, 24.851787], [121.3474717, 24.8517347], [121.3471248, 24.8515317], [121.3468952, 24.8514078], [121.3468004, 24.8513729]]}}, {"type": "Feature", "properties": {"county": "桃園市", "district": "大溪區", "highway": "tertiary", "name": "中正路"}, "geometry": {"type": "LineString", "coordinates": [[121.3510756, 24.8149488], [121.3510902, 24.8150124], [121.3511237, 24.8151588]]}}, {"type": "Feature", "properties": {"county": "桃園市", "district": "大溪區", "highway": "tertiary", "name": "中正路"}, "geometry": {"type": "LineString", "coordinates": [[121.3512297, 24.8179499], [121.3510312, 24.8182177], [121.3507601, 24.8187234], [121.3507388, 24.8188186], [121.3507388, 24.8189053], [121.3508206, 24.819379], [121.3508649, 24.8194934], [121.3509775, 24.8197052], [121.3509895, 24.8197494], [121.3510111, 24.8198293], [121.3510191, 24.819923], [121.351017, 24.8203107], [121.3510714, 24.8205134], [121.3511237, 24.8205767], [121.3512028, 24.8206169], [121.3513114, 24.8206486], [121.3515293, 24.8206904], [121.3516951, 24.8207873], [121.3518225, 24.8209419], [121.3518748, 24.8209772], [121.3521457, 24.8210965], [121.3523951, 24.821279], [121.3525587, 24.8214422], [121.3527102, 24.8216492], [121.3527653, 24.8217245], [121.3530576, 24.8221165], [121.3531211, 24.8221974], [121.3531569, 24.8222431], [121.3533473, 24.8224987], [121.3535807, 24.822876], [121.3539024, 24.8234238], [121.354109, 24.82384], [121.3541788, 24.8241249], [121.3542593, 24.8244], [121.3543531, 24.8245266], [121.3545172, 24.8246846], [121.3545867, 24.824741], [121.3547118, 24.8248448]]}}, {"type": "Feature", "properties": {"county": "桃園市", "district": "大溪區", "highway": "unclassified", "name": null}, "geometry": {"type": "LineString", "coordinates": [[121.2519081, 24.8512074], [121.2522526, 24.8508622], [121.2527905, 24.8503232]]}}, {"type": "Feature", "properties": {"county": "桃園市", "district": "大溪區", "highway": "unclassified", "name": null}, "geometry": {"type": "LineString", "coordinates": [[121.2515478, 24.8502665], [121.2522526, 24.8508622], [121.2530323, 24.8515213]]}}, {"type": "Feature", "properties": {"county": "桃園市", "district": "大溪區", "highway": "residential", "name": "龍安路"}, "geometry": {"type": "LineString", "coordinates": [[121.2502727, 24.9208847], [121.2502747, 24.9208893]]}}, {"type": "Feature", "properties": {"county": "桃園市", "district": "大溪區", "highway": "residential", "name": "龍安路"}, "geometry": {"type": "LineString", "coordinates": [[121.250258, 24.9208514], [121.2502727, 24.9208847]]}}, {"type": "Feature", "properties": {"county": "桃園市", "district": "大溪區", "highway": "tertiary", "name": "平東路"}, "geometry": {"type": "LineString", "coordinates": [[121.2521934, 24.9176905], [121.2521982, 24.9176929], [121.2522414, 24.9177153], [121.2526674, 24.9179364], [121.2529304, 24.9180569], [121.2531158, 24.9181385]]}}, {"type": "Feature", "properties": {"county": "桃園市", "district": "大溪區", "highway": "tertiary", "name": "平東路"}, "geometry": {"type": "LineString", "coordinates": [[121.2521577, 24.9176727], [121.2521934, 24.9176905]]}}, {"type": "Feature", "properties": {"county": "桃園市", "district": "大溪區", "highway": "residential", "name": "埔頂路一段357巷"}, "geometry": {"type": "LineString", "coordinates": [[121.2745961, 24.9066643], [121.2746479, 24.9064972], [121.2746668, 24.9063392], [121.2746898, 24.9061133], [121.2747324, 24.9058557], [121.2748279, 24.9053808], [121.2748638, 24.9052207]]}}, {"type": "Feature", "properties": {"county": "桃園市", "district": "大溪區", "highway": "residential", "name": null}, "geometry": {"type": "LineString", "coordinates": [[121.3485593, 24.932274], [121.3487618, 24.9320642], [121.3488986, 24.9319097]]}}, {"type": "Feature", "properties": {"county": "桃園市", "district": "大溪區", "highway": "residential", "name": null}, "geometry": {"type": "LineString", "coordinates": [[121.3556139, 24.9292312], [121.3557067, 24.9292087], [121.3558126, 24.9292798], [121.3558971, 24.9293169], [121.3560124, 24.929309], [121.3560795, 24.9292689]]}}, {"type": "Feature", "properties": {"county": "桃園市", "district": "大溪區", "highway": "primary", "name": "復興路三段"}, "geometry": {"type": "LineString", "coordinates": [[121.3314435, 24.8292403], [121.3314662, 24.8292116], [121.331509, 24.8291753], [121.3315996, 24.8291191], [121.331715, 24.8290993], [121.3317816, 24.8291157], [121.331833, 24.8291315], [121.3319107, 24.8291677], [121.3320338, 24.8292437], [121.3321711, 24.8293822], [121.3323309, 24.8296727], [121.3324215, 24.8297501], [121.3325071, 24.829804], [121.3326184, 24.8298478], [121.3327533, 24.8298888], [121.3328662, 24.8299062], [121.3330392, 24.8298737], [121.3332027, 24.8298298], [121.3332856, 24.8298373], [121.3333751, 24.8298592], [121.3334942, 24.829945], [121.333715, 24.8301976], [121.333822, 24.8302756], [121.3339418, 24.83033], [121.3340755, 24.8303398], [121.3341691, 24.8303154], [121.3342422, 24.8302677], [121.3342998, 24.8302026], [121.3343275, 24.8301241], [121.3343813, 24.8298983], [121.3344258, 24.8297519], [121.3344865, 24.8296536], [121.3345687, 24.829586], [121.3346478, 24.8295539], [121.3347807, 24.8295421], [121.3350911, 24.82959], [121.3353164, 24.8296028], [121.3355244, 24.8295783], [121.3357021, 24.8295425], [121.3358072, 24.8295203], [121.3359316, 24.829498], [121.3361832, 24.8294312], [121.3362787, 24.8293823], [121.3363126, 24.8293462], [121.3363331, 24.8292576], [121.336343, 24.8291527], [121.3363377, 24.8290956], [121.3362828, 24.8290092], [121.3361192, 24.8288131], [121.336057, 24.828699], [121.3360253, 24.8285865], [121.3360437, 24.8284464], [121.3361173, 24.8282489], [121.3361801, 24.8281256], [121.3363007, 24.8279587], [121.3364476, 24.8278239], [121.3368601, 24.827595], [121.3369117, 24.8275092], [121.3369546, 24.8273805], [121.3369799, 24.8269911], [121.3370551, 24.8268235], [121.3371051, 24.8267379], [121.3371618, 24.8266609], [121.3374253, 24.8264149], [121.337506, 24.8263778], [121.3375986, 24.8263714], [121.337699, 24.8263899], [121.337833, 24.8264739], [121.3380378, 24.8266465], [121.338075, 24.8266811], [121.3383431, 24.8268882], [121.3384667, 24.8269337], [121.33867, 24.8269417], [121.3388643, 24.826927], [121.3391913, 24.8268842], [121.3394195, 24.8268762], [121.3396316, 24.8269083], [121.3399393, 24.8269885], [121.340094, 24.8269978], [121.340225, 24.8269751], [121.3406317, 24.826867], [121.3412182, 24.8267082]]}}, {"type": "Feature", "properties": {"county": "桃園市", "district": "大溪區", "highway": "primary", "name": "員山一號橋"}, "geometry": {"type": "LineString", "coordinates": [[121.3412182, 24.8267082], [121.3413482, 24.8266558]]}}, {"type": "Feature", "properties": {"county": "桃園市", "district": "大溪區", "highway": "residential", "name": null}, "geometry": {"type": "LineString", "coordinates": [[121.3320767, 24.816268], [121.3321917, 24.8163407], [121.3322373, 24.8163298], [121.3322508, 24.8162926]]}}, {"type": "Feature", "properties": {"county": "桃園市", "district": "大溪區", "highway": "residential", "name": null}, "geometry": {"type": "LineString", "coordinates": [[121.3327902, 24.8173051], [121.3328479, 24.8172904], [121.3329154, 24.8172236], [121.3329684, 24.817175], [121.3330172, 24.8171685], [121.3330977, 24.8172391], [121.3331426, 24.8172853], [121.3332552, 24.8171898]]}}, {"type": "Feature", "properties": {"county": "桃園市", "district": "大溪區", "highway": "residential", "name": null}, "geometry": {"type": "LineString", "coordinates": [[121.3322695, 24.8164448], [121.3323547, 24.8165416]]}}, {"type": "Feature", "properties": {"county": "桃園市", "district": "大溪區", "highway": "residential", "name": null}, "geometry": {"type": "LineString", "coordinates": [[121.3321712, 24.8164371], [121.3322695, 24.8164448], [121.3323285, 24.8164205], [121.3324264, 24.8163231]]}}, {"type": "Feature", "properties": {"county": "桃園市", "district": "大溪區", "highway": "residential", "name": null}, "geometry": {"type": "LineString", "coordinates": [[121.3359875, 24.815911], [121.3358194, 24.8159488], [121.3356395, 24.8159731]]}}, {"type": "Feature", "properties": {"county": "桃園市", "district": "大溪區", "highway": "residential", "name": null}, "geometry": {"type": "LineString", "coordinates": [[121.3363569, 24.8165805], [121.3363586, 24.8165306], [121.3363606, 24.8164752], [121.336374, 24.8164539], [121.3364135, 24.8164475], [121.3364471, 24.816474], [121.3365088, 24.8165617]]}}, {"type": "Feature", "properties": {"county": "桃園市", "district": "大溪區", "highway": "residential", "name": null}, "geometry": {"type": "LineString", "coordinates": [[121.337134, 24.8174128], [121.3370995, 24.8173711], [121.3370264, 24.8172153], [121.336895, 24.8172287], [121.3367803, 24.8172092]]}}, {"type": "Feature", "properties": {"county": "桃園市", "district": "大溪區", "highway": "residential", "name": null}, "geometry": {"type": "LineString", "coordinates": [[121.3391638, 24.8200156], [121.3394371, 24.819889], [121.3396597, 24.8195786], [121.33972, 24.8195737], [121.3401143, 24.8198208], [121.3401854, 24.8198902], [121.3401452, 24.820018]]}}, {"type": "Feature", "properties": {"county": "桃園市", "district": "大溪區", "highway": "residential", "name": null}, "geometry": {"type": "LineString", "coordinates": [[121.3361125, 24.8209718], [121.3358717, 24.8208348], [121.3356049, 24.8207429]]}}, {"type": "Feature", "properties": {"county": "桃園市", "district": "大溪區", "highway": "residential", "name": null}, "geometry": {"type": "LineString", "coordinates": [[121.3334554, 24.8212854], [121.333508, 24.8212505], [121.3335603, 24.8211251], [121.3335798, 24.8209218], [121.3336013, 24.8208597], [121.333612, 24.8208366], [121.3335711, 24.8207806]]}}, {"type": "Feature", "properties": {"county": "桃園市", "district": "大溪區", "highway": "unclassified", "name": null}, "geometry": {"type": "LineString", "coordinates": [[121.3335227, 24.8233392], [121.3335317, 24.8232789]]}}, {"type": "Feature", "properties": {"county": "桃園市", "district": "大溪區", "highway": "unclassified", "name": null}, "geometry": {"type": "LineString", "coordinates": [[121.333908, 24.8263257], [121.3338713, 24.8263139], [121.3338432, 24.8262798], [121.3338405, 24.8262409], [121.33387, 24.8262019], [121.3340282, 24.826124], [121.3341288, 24.8260583], [121.3341637, 24.8260072], [121.3342012, 24.8259098], [121.3342039, 24.8258197], [121.33422, 24.8257565], [121.3342415, 24.8256834], [121.3342388, 24.825642], [121.3341851, 24.8255447], [121.3341744, 24.8255033], [121.3341851, 24.8254522], [121.3342146, 24.8253621], [121.3342227, 24.8253158], [121.3342146, 24.8252671], [121.3341818, 24.8252355], [121.3340901, 24.8251412], [121.3340162, 24.8250213], [121.3339625, 24.8249702], [121.3338818, 24.8249337], [121.3338546, 24.8249026], [121.33386, 24.8248633], [121.3338926, 24.8248429], [121.3339622, 24.8248287], [121.3340133, 24.824815], [121.3340498, 24.8247943], [121.3340839, 24.8247234], [121.3340933, 24.8245034], [121.3341003, 24.8244097], [121.3341047, 24.82435], [121.3340779, 24.8242952], [121.3340108, 24.8241741], [121.3339491, 24.8240767], [121.3339008, 24.8240183], [121.3338472, 24.8239891], [121.3336299, 24.8239648], [121.3335709, 24.8239477], [121.3335199, 24.8239234], [121.333477, 24.8238723], [121.3334448, 24.8237676], [121.3334261, 24.8236483], [121.3334261, 24.823529], [121.3334502, 24.8234608], [121.3334931, 24.8234], [121.3335227, 24.8233392]]}}, {"type": "Feature", "properties": {"county": "桃園市", "district": "大溪區", "highway": "unclassified", "name": null}, "geometry": {"type": "LineString", "coordinates": [[121.3319153, 24.8249978], [121.3318048, 24.8248887]]}}, {"type": "Feature", "properties": {"county": "桃園市", "district": "大溪區", "highway": "unclassified", "name": null}, "geometry": {"type": "LineString", "coordinates": [[121.3340501, 24.827131], [121.3339803, 24.8269766], [121.333873, 24.8268354], [121.3336155, 24.8266212], [121.3334385, 24.8265287], [121.3332453, 24.8264557], [121.3331327, 24.8263826], [121.333063, 24.826295], [121.3327089, 24.8257351], [121.3324943, 24.8254673], [121.3321456, 24.8251801], [121.3321087, 24.8251517], [121.3319719, 24.8250489], [121.3319153, 24.8249978]]}}, {"type": "Feature", "properties": {"county": "桃園市", "district": "大溪區", "highway": "unclassified", "name": null}, "geometry": {"type": "LineString", "coordinates": [[121.3303417, 24.8239761], [121.3302903, 24.8239966], [121.3302466, 24.8240116], [121.330134, 24.8240457], [121.3299033, 24.8240554], [121.3297692, 24.8240457], [121.3296458, 24.8240505], [121.329501, 24.8240944], [121.3292918, 24.8241674], [121.3290718, 24.8241966], [121.3288841, 24.8241917], [121.3287285, 24.824143], [121.3286747, 24.8240951], [121.3286427, 24.8240408], [121.3286212, 24.8238996], [121.3286833, 24.8235978], [121.3288412, 24.8230963], [121.3288868, 24.8228948], [121.3288867, 24.8228084], [121.3288237, 24.8227232], [121.3286842, 24.8225771], [121.328648, 24.8224822], [121.328577, 24.8222996], [121.3285394, 24.8219783], [121.328532, 24.8217823], [121.328526, 24.8216606], [121.3285019, 24.8216094]]}}, {"type": "Feature", "properties": {"county": "桃園市", "district": "大溪區", "highway": "unclassified", "name": null}, "geometry": {"type": "LineString", "coordinates": [[121.3304322, 24.8239183], [121.3303417, 24.8239761]]}}, {"type": "Feature", "properties": {"county": "桃園市", "district": "大溪區", "highway": "unclassified", "name": null}, "geometry": {"type": "LineString", "coordinates": [[121.3283657, 24.8215108], [121.3283302, 24.8214999], [121.3282283, 24.8214877], [121.3281424, 24.8215072], [121.3278715, 24.8216581], [121.3278098, 24.82168], [121.3276758, 24.8216806], [121.327429, 24.8215973], [121.3273473, 24.8215445], [121.3273083, 24.8215194], [121.3269837, 24.821198], [121.3269408, 24.8211639], [121.3268925, 24.8211518], [121.3266189, 24.8211445], [121.3265438, 24.8211274], [121.3264527, 24.8210933], [121.3263963, 24.82103], [121.3263427, 24.8209035], [121.3263427, 24.8207574], [121.3263615, 24.8206649], [121.3263829, 24.8205772], [121.3263829, 24.820492], [121.3263856, 24.82029], [121.3263695, 24.8202096], [121.3263346, 24.820105], [121.3263105, 24.8200124], [121.3262864, 24.8199029], [121.3262622, 24.8198518], [121.3262005, 24.8198104], [121.3260235, 24.8197471], [121.3259591, 24.8197081], [121.3257767, 24.8195158], [121.3257445, 24.8194623], [121.3257338, 24.8193917], [121.3257204, 24.8192748], [121.3256721, 24.8191336], [121.3256373, 24.819049], [121.3256108, 24.8189924], [121.3255883, 24.8189607], [121.3255253, 24.818912], [121.325435, 24.8188748], [121.325378, 24.8188249], [121.3253558, 24.8187713], [121.3253693, 24.8187239], [121.3254688, 24.8186159]]}}, {"type": "Feature", "properties": {"county": "桃園市", "district": "大溪區", "highway": "unclassified", "name": null}, "geometry": {"type": "LineString", "coordinates": [[121.3285019, 24.8216094], [121.3283657, 24.8215108]]}}, {"type": "Feature", "properties": {"county": "桃園市", "district": "大溪區", "highway": "unclassified", "name": "美國路"}, "geometry": {"type": "LineString", "coordinates": [[121.2439741, 24.8323611], [121.2440018, 24.8325362], [121.244317, 24.833376], [121.2445141, 24.8338652], [121.2445763, 24.8340116]]}}, {"type": "Feature", "properties": {"county": "桃園市", "district": "大溪區", "highway": "primary", "name": "中正路三坑段"}, "geometry": {"type": "LineString", "coordinates": [[121.243311, 24.8304319], [121.2432994, 24.8303346]]}}, {"type": "Feature", "properties": {"county": "桃園市", "district": "大溪區", "highway": "unclassified", "name": "永福路"}, "geometry": {"type": "LineString", "coordinates": [[121.244399, 24.8415083], [121.2444485, 24.8415255], [121.2446598, 24.8415993], [121.2448489, 24.8416926], [121.2452186, 24.8419502], [121.2452472, 24.8419701], [121.2455099, 24.8422043], [121.2455516, 24.8422415], [121.245841, 24.8424348], [121.2459742, 24.842499], [121.2460783, 24.842536], [121.2463079, 24.8426232], [121.2467532, 24.8427923], [121.2472937, 24.8429632], [121.2473377, 24.8429826], [121.247653, 24.8429676], [121.2478375, 24.842995], [121.2480192, 24.8430509], [121.2481816, 24.8430385], [121.2484247, 24.8429967], [121.2485686, 24.8429956], [121.2487216, 24.8430384], [121.2488722, 24.8431522], [121.2491686, 24.8433859], [121.2493668, 24.8435059], [121.2494357, 24.8435343]]}}, {"type": "Feature", "properties": {"county": "桃園市", "district": "大溪區", "highway": "unclassified", "name": "順和路"}, "geometry": {"type": "LineString", "coordinates": [[121.3065719, 24.8678282], [121.306765, 24.8678921], [121.3068857, 24.8679201], [121.3069622, 24.8679176], [121.3070211, 24.8678885], [121.3071191, 24.8678045], [121.307178, 24.86774], [121.3071889, 24.8676439], [121.3072344, 24.8675587], [121.3073148, 24.8675149], [121.3075093, 24.8674602], [121.3078822, 24.8673226], [121.3080109, 24.8672497], [121.3081843, 24.8671456]]}}, {"type": "Feature", "properties": {"county": "桃園市", "district": "大溪區", "highway": "unclassified", "name": "美山路一段738巷62弄"}, "geometry": {"type": "LineString", "coordinates": [[121.2991935, 24.8734343], [121.2994185, 24.8737688], [121.2996423, 24.8740895], [121.2992297, 24.8743413]]}}, {"type": "Feature", "properties": {"county": "桃園市", "district": "大溪區", "highway": "unclassified", "name": "順和路"}, "geometry": {"type": "LineString", "coordinates": [[121.306069, 24.8683082], [121.3062165, 24.8682462], [121.3063694, 24.8681768], [121.306419, 24.8681153], [121.3064794, 24.8679931], [121.3065075, 24.8679481], [121.3065719, 24.8678282]]}}, {"type": "Feature", "properties": {"county": "桃園市", "district": "大溪區", "highway": "unclassified", "name": "順和路"}, "geometry": {"type": "LineString", "coordinates": [[121.3059263, 24.8683536], [121.306069, 24.8683082]]}}, {"type": "Feature", "properties": {"county": "桃園市", "district": "大溪區", "highway": "unclassified", "name": "復興路一段591巷"}, "geometry": {"type": "LineString", "coordinates": [[121.2907197, 24.8540656], [121.2920338, 24.8531732], [121.2927896, 24.8526542], [121.2928862, 24.8525985], [121.2929347, 24.8526279], [121.2930485, 24.8527082], [121.2931794, 24.8528155], [121.2933462, 24.8528632], [121.2935693, 24.8530102], [121.2937693, 24.8529789]]}}, {"type": "Feature", "properties": {"county": "桃園市", "district": "大溪區", "highway": "unclassified", "name": "打鐵寮路65巷"}, "geometry": {"type": "LineString", "coordinates": [[121.2963005, 24.856985], [121.2964365, 24.857168], [121.2969767, 24.8578449], [121.298034, 24.8596849]]}}, {"type": "Feature", "properties": {"county": "桃園市", "district": "大溪區", "highway": "residential", "name": "美和路"}, "geometry": {"type": "LineString", "coordinates": [[121.3057574, 24.8628375], [121.3056144, 24.8628108], [121.3046998, 24.8628205], [121.3043381, 24.8628881]]}}, {"type": "Feature", "properties": {"county": "桃園市", "district": "大溪區", "highway": "residential", "name": "和平橋"}, "geometry": {"type": "LineString", "coordinates": [[121.3043381, 24.8628881], [121.3041887, 24.8628839]]}}, {"type": "Feature", "properties": {"county": "桃園市", "district": "大溪區", "highway": "unclassified", "name": "順和路"}, "geometry": {"type": "LineString", "coordinates": [[121.3085138, 24.8669479], [121.3088223, 24.8667642], [121.3089752, 24.8666498], [121.3090483, 24.8665383]]}}, {"type": "Feature", "properties": {"county": "桃園市", "district": "大溪區", "highway": "unclassified", "name": "順和橋"}, "geometry": {"type": "LineString", "coordinates": [[121.3081843, 24.8671456], [121.3085138, 24.8669479]]}}, {"type": "Feature", "properties": {"county": "桃園市", "district": "大溪區", "highway": "unclassified", "name": "介壽路二段1022巷"}, "geometry": {"type": "LineString", "coordinates": [[121.2914802, 24.9326429], [121.2916018, 24.9326743], [121.2920629, 24.9328287], [121.29258, 24.9330163], [121.2927077, 24.9330406], [121.2928306, 24.9330109], [121.2929358, 24.9329524], [121.2930012, 24.9328772], [121.2930957, 24.9327688], [121.2932571, 24.9325475], [121.2933401, 24.9324253], [121.2934231, 24.9323492], [121.2935061, 24.9323054], [121.2936145, 24.93231], [121.2937409, 24.9323409]]}}, {"type": "Feature", "properties": {"county": "桃園市", "district": "大溪區", "highway": "unclassified", "name": "介壽路二段1022巷"}, "geometry": {"type": "LineString", "coordinates": [[121.2937409, 24.9323409], [121.2938127, 24.9323584]]}}, {"type": "Feature", "properties": {"county": "桃園市", "district": "大溪區", "highway": "unclassified", "name": "南興路一段151巷"}, "geometry": {"type": "LineString", "coordinates": [[121.2669515, 24.8991125], [121.266981, 24.8991161], [121.2672398, 24.8992111], [121.2674154, 24.8989987], [121.2674863, 24.8986969], [121.2675041, 24.898433]]}}, {"type": "Feature", "properties": {"county": "桃園市", "district": "大溪區", "highway": "unclassified", "name": "南興路一段151巷"}, "geometry": {"type": "LineString", "coordinates": [[121.2668632, 24.8991015], [121.2669515, 24.8991125]]}}, {"type": "Feature", "properties": {"county": "桃園市", "district": "大溪區", "highway": "unclassified", "name": "環湖路一段585巷"}, "geometry": {"type": "LineString", "coordinates": [[121.269237, 24.8199705], [121.269111, 24.8200292], [121.268513, 24.8203688], [121.268405, 24.8204021], [121.2683052, 24.8204169], [121.2678735, 24.8204368], [121.2674439, 24.820442], [121.2673583, 24.8204048], [121.2673237, 24.8203641], [121.2673166, 24.8203179], [121.2673419, 24.8202643], [121.2674617, 24.8201855], [121.2678167, 24.8200679], [121.2679991, 24.8199987], [121.2680717, 24.8199591], [121.2681166, 24.8199057], [121.2681269, 24.8197914], [121.2681316, 24.8197179], [121.2681542, 24.8196738], [121.268185, 24.8196554], [121.2682098, 24.8196014], [121.268194, 24.8195585], [121.2681375, 24.8195303], [121.2680729, 24.8195261], [121.2679618, 24.819542], [121.267867, 24.8195118], [121.2677228, 24.8193648], [121.2676843, 24.8193046], [121.2676351, 24.8192061], [121.2675779, 24.8191465], [121.2674828, 24.8191051], [121.2674169, 24.8190907], [121.2673209, 24.8191181], [121.2672086, 24.8191957], [121.2670922, 24.8192548], [121.2670272, 24.8192781], [121.266821, 24.8194711], [121.2667927, 24.819512], [121.2663357, 24.8201733]]}}, {"type": "Feature", "properties": {"county": "桃園市", "district": "大溪區", "highway": "unclassified", "name": null}, "geometry": {"type": "LineString", "coordinates": [[121.2929699, 24.8205347], [121.2929356, 24.820581], [121.2928592, 24.8207538], [121.2927324, 24.820948], [121.2925373, 24.8208421], [121.2922946, 24.8208409]]}}, {"type": "Feature", "properties": {"county": "桃園市", "district": "大溪區", "highway": "residential", "name": null}, "geometry": {"type": "LineString", "coordinates": [[121.3018076, 24.8296006], [121.3017453, 24.8295169], [121.3016521, 24.8294542], [121.3015462, 24.8294378], [121.301341, 24.8294597], [121.3011345, 24.8294968], [121.3010875, 24.8294846], [121.3010111, 24.8294274], [121.3009232, 24.8292759], [121.300889, 24.8291201], [121.3008106, 24.8289722], [121.3007978, 24.8288736], [121.3008099, 24.8287081], [121.3008641, 24.828527]]}}, {"type": "Feature", "properties": {"county": "桃園市", "district": "大溪區", "highway": "residential", "name": null}, "geometry": {"type": "LineString", "coordinates": [[121.2931694, 24.8175294], [121.2930809, 24.8175599], [121.2929181, 24.8176049], [121.2927571, 24.8176627], [121.292705, 24.8177276], [121.2927458, 24.8178752], [121.2928578, 24.8178866], [121.2932391, 24.8177531], [121.2933352, 24.8177011]]}}, {"type": "Feature", "properties": {"county": "桃園市", "district": "大溪區", "highway": "unclassified", "name": "頭寮路"}, "geometry": {"type": "LineString", "coordinates": [[121.2813411, 24.8361532], [121.2814868, 24.8358469], [121.2815116, 24.8357696], [121.2815115, 24.8357002], [121.2815014, 24.8355909], [121.2815067, 24.8353888], [121.2814961, 24.8352159], [121.2815344, 24.8351264], [121.2816149, 24.8349749], [121.281726, 24.8347387], [121.2818413, 24.8345298], [121.2819036, 24.8343414], [121.282007, 24.8341885], [121.2822785, 24.8339559], [121.2823664, 24.8338433], [121.282467, 24.8335244], [121.2827673, 24.8330946], [121.2827816, 24.8329837], [121.2828586, 24.8324724], [121.2828881, 24.8322396], [121.282837, 24.8319764], [121.2828358, 24.8318722], [121.2829216, 24.831569], [121.283015, 24.8313725], [121.2830329, 24.8312099], [121.2830383, 24.8310505], [121.2830745, 24.8309975], [121.2831684, 24.8310085], [121.2834164, 24.8312351], [121.2834754, 24.83127], [121.2835452, 24.8312619], [121.2836069, 24.8312287], [121.2836418, 24.8311515], [121.2837088, 24.8310985], [121.2838147, 24.8310238], [121.2839133, 24.8309842], [121.2842077, 24.8309243], [121.2842332, 24.8308764], [121.284256, 24.8308396], [121.2844182, 24.8305607], [121.2844491, 24.8304534], [121.2844304, 24.8303449]]}}, {"type": "Feature", "properties": {"county": "桃園市", "district": "大溪區", "highway": "unclassified", "name": "頭寮路"}, "geometry": {"type": "LineString", "coordinates": [[121.2813212, 24.8362063], [121.2813411, 24.8361532]]}}, {"type": "Feature", "properties": {"county": "桃園市", "district": "大溪區", "highway": "residential", "name": null}, "geometry": {"type": "LineString", "coordinates": [[121.3107764, 24.8276865], [121.3107436, 24.8276253], [121.3106363, 24.8275925], [121.3105772, 24.8275718], [121.3105156, 24.8275292], [121.3104727, 24.8270783]]}}, {"type": "Feature", "properties": {"county": "桃園市", "district": "大溪區", "highway": "residential", "name": "復興路二段355巷"}, "geometry": {"type": "LineString", "coordinates": [[121.3125801, 24.8281145], [121.3124532, 24.8282896], [121.3124046, 24.8284462], [121.3123962, 24.8287007], [121.3124433, 24.8288257], [121.3125392, 24.8289187], [121.3126465, 24.8289966], [121.3128852, 24.8291171], [121.313079, 24.8293678]]}}, {"type": "Feature", "properties": {"county": "桃園市", "district": "大溪區", "highway": "residential", "name": null}, "geometry": {"type": "LineString", "coordinates": [[121.3123616, 24.825667], [121.3124339, 24.8255003], [121.3124735, 24.8254583], [121.3126257, 24.8254005], [121.3127732, 24.8253092], [121.312741, 24.825137], [121.3128027, 24.8251236]]}}, {"type": "Feature", "properties": {"county": "桃園市", "district": "大溪區", "highway": "residential", "name": null}, "geometry": {"type": "LineString", "coordinates": [[121.3104272, 24.825493], [121.3105758, 24.8256031], [121.3103954, 24.8259494], [121.3103753, 24.826076], [121.3103324, 24.8262768], [121.3103613, 24.8263523]]}}, {"type": "Feature", "properties": {"county": "桃園市", "district": "大溪區", "highway": "residential", "name": null}, "geometry": {"type": "LineString", "coordinates": [[121.3071893, 24.8243495], [121.3073575, 24.8243258]]}}, {"type": "Feature", "properties": {"county": "桃園市", "district": "大溪區", "highway": "unclassified", "name": "環湖路一段"}, "geometry": {"type": "LineString", "coordinates": [[121.2578732, 24.8103095], [121.2577613, 24.8103433], [121.2576015, 24.8104126], [121.2574425, 24.8105158], [121.2572313, 24.8106722]]}}, {"type": "Feature", "properties": {"county": "桃園市", "district": "大溪區", "highway": "unclassified", "name": "環湖路一段"}, "geometry": {"type": "LineString", "coordinates": [[121.2472741, 24.8116024], [121.2474198, 24.811627], [121.2479098, 24.8116157], [121.2480977, 24.8116471], [121.2483696, 24.811685], [121.2485033, 24.8117034], [121.2490689, 24.8117749], [121.2491827, 24.8117807], [121.2492403, 24.8117619], [121.2493967, 24.8117354], [121.2494553, 24.8117339], [121.2495712, 24.8117277], [121.2496587, 24.8117372], [121.2497747, 24.8117606], [121.2498721, 24.8117902], [121.2499559, 24.8118423], [121.2502333, 24.8120029], [121.2505106, 24.8121434], [121.2506005, 24.812171], [121.2508973, 24.8121955], [121.2509631, 24.8122062], [121.2510289, 24.8122392], [121.2511172, 24.8122822], [121.2511981, 24.8123488], [121.2512982, 24.8124012], [121.2513537, 24.8124123], [121.2514326, 24.8124334], [121.2515879, 24.812458], [121.2517345, 24.8124848], [121.2519039, 24.8124993], [121.2520638, 24.8125224], [121.2521956, 24.8125679], [121.252302, 24.812628], [121.2523664, 24.8126957], [121.2524062, 24.8127226], [121.2524908, 24.8127644], [121.252641, 24.8127994], [121.2528927, 24.8128231], [121.253137, 24.8128289], [121.253202, 24.8128396], [121.2532669, 24.8128661], [121.2533999, 24.8129396], [121.2534821, 24.8129756], [121.2535928, 24.812988], [121.2536937, 24.8129937], [121.253888, 24.8130006], [121.2539734, 24.8130292], [121.254049, 24.8130779], [121.2541976, 24.813162], [121.2542653, 24.8131924], [121.2543601, 24.8132273], [121.2544243, 24.813236], [121.2545107, 24.8132402], [121.2546292, 24.8132173], [121.2547748, 24.8132231], [121.2548869, 24.8132407], [121.2550027, 24.8132493], [121.2550811, 24.8132393], [121.2551954, 24.8131954], [121.2553015, 24.8131176], [121.2555874, 24.8129469], [121.2557282, 24.8128762], [121.255922, 24.8128226], [121.2563304, 24.8127007], [121.2564834, 24.8126607], [121.2568313, 24.8126053], [121.2573386, 24.8125724], [121.2576972, 24.812529], [121.2577484, 24.8125228], [121.2579122, 24.8124799], [121.2580268, 24.8124064], [121.2580722, 24.8123273], [121.258092, 24.8122525], [121.2580795, 24.8121557], [121.258051, 24.8120924], [121.2579545, 24.8119727], [121.2575881, 24.811496], [121.2572692, 24.8109247], [121.257223, 24.8108151], [121.2572144, 24.810766], [121.2572193, 24.8107123], [121.2572313, 24.8106722]]}}, {"type": "Feature", "properties": {"county": "桃園市", "district": "大溪區", "highway": "tertiary", "name": "慈湖橋"}, "geometry": {"type": "LineString", "coordinates": [[121.3041191, 24.8423713], [121.3040524, 24.8423074]]}}, {"type": "Feature", "properties": {"county": "桃園市", "district": "大溪區", "highway": "tertiary", "name": null}, "geometry": {"type": "LineString", "coordinates": [[121.3073156, 24.8401046], [121.3072995, 24.8402138], [121.307143, 24.8404205], [121.3070873, 24.840507], [121.3070644, 24.8405526], [121.3070729, 24.8407186], [121.3068449, 24.8409328], [121.3067637, 24.8410159], [121.3067738, 24.8412383], [121.3068496, 24.8414442], [121.3070911, 24.8417756], [121.3071064, 24.8418538], [121.3070964, 24.8419375], [121.3070762, 24.841984], [121.3070046, 24.8420063], [121.3069502, 24.8419931], [121.306904, 24.8419722], [121.3066277, 24.8417166], [121.3061274, 24.8411455], [121.3060436, 24.8410703], [121.3059497, 24.8410585], [121.3058625, 24.8410816], [121.3058196, 24.8411278], [121.305711, 24.8413615], [121.3056742, 24.8414209], [121.3054717, 24.8415182], [121.3053355, 24.8417096], [121.3051201, 24.841915], [121.3046341, 24.8422195], [121.3043846, 24.8423473], [121.3042854, 24.8424446], [121.3042237, 24.8424483], [121.3041744, 24.8424249], [121.3041263, 24.8423796], [121.3041191, 24.8423713]]}}, {"type": "Feature", "properties": {"county": "桃園市", "district": "大溪區", "highway": "unclassified", "name": null}, "geometry": {"type": "LineString", "coordinates": [[121.3023998, 24.8573898], [121.3023739, 24.8575293], [121.3023012, 24.8578425], [121.3024179, 24.857851]]}}, {"type": "Feature", "properties": {"county": "桃園市", "district": "大溪區", "highway": "unclassified", "name": null}, "geometry": {"type": "LineString", "coordinates": [[121.3024342, 24.8572572], [121.3023998, 24.8573898]]}}, {"type": "Feature", "properties": {"county": "桃園市", "district": "大溪區", "highway": "unclassified", "name": "民富街"}, "geometry": {"type": "LineString", "coordinates": [[121.2435031, 24.8167449], [121.2434428, 24.8166584], [121.2433784, 24.8164795], [121.2433791, 24.8164201]]}}, {"type": "Feature", "properties": {"county": "桃園市", "district": "大溪區", "highway": "unclassified", "name": "民富街"}, "geometry": {"type": "LineString", "coordinates": [[121.2433791, 24.8164201], [121.2434918, 24.8164909], [121.2435266, 24.8166073], [121.2435031, 24.8167449]]}}, {"type": "Feature", "properties": {"county": "桃園市", "district": "大溪區", "highway": "primary", "name": "信義路"}, "geometry": {"type": "LineString", "coordinates": [[121.3200159, 24.8952893], [121.3197787, 24.8951593], [121.3195074, 24.8950185], [121.3193399, 24.8949577], [121.3191948, 24.8949284], [121.3190039, 24.8949263], [121.3186678, 24.8949739], [121.3184501, 24.8950236], [121.3182436, 24.8950493], [121.3182145, 24.8950529], [121.3179343, 24.8950266], [121.3178394, 24.8950053], [121.3177456, 24.894976], [121.3175815, 24.894899], [121.317471, 24.8948382], [121.317222, 24.8946691], [121.3167587, 24.8943693], [121.3166839, 24.8943339], [121.3165879, 24.8942954], [121.3164461, 24.8942772], [121.3163032, 24.8942762], [121.3162339, 24.8942833], [121.3161647, 24.8942964], [121.3159906, 24.8943683], [121.3157449, 24.8945182], [121.3153955, 24.8948271], [121.3152984, 24.8949], [121.3151342, 24.8949932], [121.3150259, 24.8950479], [121.3148886, 24.8951015], [121.3147513, 24.8951451], [121.3143963, 24.8952585], [121.314122, 24.8953415]]}}, {"type": "Feature", "properties": {"county": "桃園市", "district": "大溪區", "highway": "primary", "name": "信義路"}, "geometry": {"type": "LineString", "coordinates": [[121.3238426, 24.8942428], [121.3236984, 24.8943948], [121.3235947, 24.8945283], [121.3235244, 24.8946499], [121.3233938, 24.894901], [121.3231281, 24.8954448], [121.3230086, 24.8955947], [121.3228802, 24.8956879], [121.3227105, 24.895773], [121.3225917, 24.8958104], [121.3225497, 24.8958236], [121.3223912, 24.8958459], [121.3222092, 24.8958753], [121.3220127, 24.8958975], [121.3218581, 24.8959035], [121.3215728, 24.8959147], [121.3212971, 24.8958844], [121.3210489, 24.8958303], [121.3208371, 24.8957426], [121.3206562, 24.8956555], [121.3203436, 24.8954722], [121.3200159, 24.8952893]]}}, {"type": "Feature", "properties": {"county": "桃園市", "district": "大溪區", "highway": "unclassified", "name": null}, "geometry": {"type": "LineString", "coordinates": [[121.3169524, 24.9240306], [121.3176485, 24.9240994], [121.3180335, 24.9241248]]}}, {"type": "Feature", "properties": {"county": "桃園市", "district": "大溪區", "highway": "unclassified", "name": null}, "geometry": {"type": "LineString", "coordinates": [[121.3180335, 24.9241248], [121.3182169, 24.9241956], [121.3188329, 24.9244281]]}}, {"type": "Feature", "properties": {"county": "桃園市", "district": "大溪區", "highway": "unclassified", "name": null}, "geometry": {"type": "LineString", "coordinates": [[121.316797, 24.9247668], [121.3167617, 24.924866], [121.3166778, 24.9251415]]}}, {"type": "Feature", "properties": {"county": "桃園市", "district": "大溪區", "highway": "residential", "name": null}, "geometry": {"type": "LineString", "coordinates": [[121.3259074, 24.9104623], [121.3258108, 24.9103982], [121.325735, 24.9105801]]}}, {"type": "Feature", "properties": {"county": "桃園市", "district": "大溪區", "highway": "residential", "name": null}, "geometry": {"type": "LineString", "coordinates": [[121.3197926, 24.9120731], [121.3198677, 24.9118198]]}}, {"type": "Feature", "properties": {"county": "桃園市", "district": "大溪區", "highway": "residential", "name": "信義路789巷199弄"}, "geometry": {"type": "LineString", "coordinates": [[121.3193379, 24.9128225], [121.3193916, 24.9127518], [121.3195425, 24.9126412], [121.3197497, 24.9124107], [121.3198073, 24.9123304], [121.3198476, 24.9122258], [121.3198516, 24.912137], [121.3198194, 24.9120853], [121.3197926, 24.9120731], [121.3196638, 24.9121431], [121.3194539, 24.9122154]]}}, {"type": "Feature", "properties": {"county": "桃園市", "district": "大溪區", "highway": "unclassified", "name": "正德橋"}, "geometry": {"type": "LineString", "coordinates": [[121.3424633, 24.9128972], [121.3425652, 24.9128783]]}}, {"type": "Feature", "properties": {"county": "桃園市", "district": "大溪區", "highway": "unclassified", "name": null}, "geometry": {"type": "LineString", "coordinates": [[121.3423982, 24.9129075], [121.3424633, 24.9128972]]}}, {"type": "Feature", "properties": {"county": "桃園市", "district": "大溪區", "highway": "unclassified", "name": null}, "geometry": {"type": "LineString", "coordinates": [[121.3425652, 24.9128783], [121.3427201, 24.9128376], [121.3427751, 24.9127871], [121.3428039, 24.9126843], [121.3428609, 24.9125974]]}}, {"type": "Feature", "properties": {"county": "桃園市", "district": "大溪區", "highway": "unclassified", "name": null}, "geometry": {"type": "LineString", "coordinates": [[121.3357749, 24.9086097], [121.3357185, 24.9086694]]}}, {"type": "Feature", "properties": {"county": "桃園市", "district": "大溪區", "highway": "unclassified", "name": null}, "geometry": {"type": "LineString", "coordinates": [[121.3358745, 24.9085287], [121.3357749, 24.9086097]]}}, {"type": "Feature", "properties": {"county": "桃園市", "district": "大溪區", "highway": "residential", "name": null}, "geometry": {"type": "LineString", "coordinates": [[121.3457134, 24.9146845], [121.3457242, 24.9148974], [121.3456652, 24.9152465], [121.3456839, 24.9153219], [121.3457577, 24.9155043], [121.3458167, 24.9155688], [121.3459629, 24.9156479], [121.3459669, 24.9156673], [121.3458931, 24.9157999], [121.345688, 24.9158218], [121.3454908, 24.9159361], [121.3451113, 24.9158558]]}}, {"type": "Feature", "properties": {"county": "桃園市", "district": "大溪區", "highway": "residential", "name": null}, "geometry": {"type": "LineString", "coordinates": [[121.3314143, 24.9222131], [121.3315098, 24.9218556], [121.3314106, 24.9216416], [121.3312952, 24.9215552]]}}, {"type": "Feature", "properties": {"county": "桃園市", "district": "大溪區", "highway": "residential", "name": null}, "geometry": {"type": "LineString", "coordinates": [[121.3252167, 24.9189379], [121.325107, 24.9189662], [121.3251031, 24.9191253], [121.3251151, 24.9192224], [121.3250506, 24.9193901], [121.3249909, 24.9195853], [121.3249899, 24.9196954], [121.3249653, 24.9198468], [121.3249681, 24.9199612], [121.3249719, 24.9202759], [121.3251568, 24.9203224], [121.3251862, 24.9203989], [121.3252175, 24.9204798]]}}, {"type": "Feature", "properties": {"county": "桃園市", "district": "大溪區", "highway": "residential", "name": null}, "geometry": {"type": "LineString", "coordinates": [[121.3253189, 24.9189147], [121.3252167, 24.9189379]]}}, {"type": "Feature", "properties": {"county": "桃園市", "district": "大溪區", "highway": "residential", "name": null}, "geometry": {"type": "LineString", "coordinates": [[121.3267918, 24.9189991], [121.3265517, 24.9189245]]}}, {"type": "Feature", "properties": {"county": "桃園市", "district": "大溪區", "highway": "residential", "name": null}, "geometry": {"type": "LineString", "coordinates": [[121.3266081, 24.9193274], [121.3267918, 24.9189991], [121.3268763, 24.9189135], [121.3269621, 24.9187177], [121.3270104, 24.9187104], [121.3273953, 24.9188552]]}}, {"type": "Feature", "properties": {"county": "桃園市", "district": "大溪區", "highway": "residential", "name": null}, "geometry": {"type": "LineString", "coordinates": [[121.3217201, 24.9099714], [121.3219155, 24.9098637], [121.3219792, 24.9098631], [121.3220349, 24.9099014], [121.3221556, 24.910065]]}}, {"type": "Feature", "properties": {"county": "桃園市", "district": "大溪區", "highway": "residential", "name": null}, "geometry": {"type": "LineString", "coordinates": [[121.3201801, 24.9125044], [121.3202378, 24.9125743], [121.3202432, 24.9126801], [121.3202003, 24.9127299], [121.3199079, 24.9129708]]}}, {"type": "Feature", "properties": {"county": "桃園市", "district": "大溪區", "highway": "residential", "name": "二橋街83巷"}, "geometry": {"type": "LineString", "coordinates": [[121.3371457, 24.9383306], [121.3373235, 24.9384508]]}}, {"type": "Feature", "properties": {"county": "桃園市", "district": "大溪區", "highway": "residential", "name": null}, "geometry": {"type": "LineString", "coordinates": [[121.3052076, 24.8621855], [121.3053328, 24.8621282], [121.305487, 24.8620929], [121.3055822, 24.8622255], [121.3056386, 24.8622486], [121.3057284, 24.8622365], [121.3058437, 24.8621598], [121.3062179, 24.8617108], [121.3063011, 24.861611], [121.3064137, 24.861566], [121.3065889, 24.8615714]]}}, {"type": "Feature", "properties": {"county": "桃園市", "district": "大溪區", "highway": "secondary", "name": "建德路"}, "geometry": {"type": "LineString", "coordinates": [[121.28099, 24.9309901], [121.2809906, 24.9305971], [121.2809908, 24.9303904], [121.280991, 24.9301847], [121.2809911, 24.9301028], [121.2809919, 24.9292928], [121.280992, 24.9291506]]}}, {"type": "Feature", "properties": {"county": "桃園市", "district": "大溪區", "highway": "secondary", "name": "建德路"}, "geometry": {"type": "LineString", "coordinates": [[121.2812103, 24.9291158], [121.2812101, 24.9293027], [121.2812096, 24.930013], [121.2812094, 24.9301864], [121.2812093, 24.9303442], [121.2812089, 24.9308123], [121.2812088, 24.9309816]]}}, {"type": "Feature", "properties": {"county": "桃園市", "district": "大溪區", "highway": "motorway_link", "name": "大溪交流道"}, "geometry": {"type": "LineString", "coordinates": [[121.2628992, 24.8892073], [121.2624853, 24.8883569], [121.2619639, 24.8874121], [121.2617942, 24.8869368]]}}, {"type": "Feature", "properties": {"county": "桃園市", "district": "大溪區", "highway": "motorway_link", "name": "大溪交流道"}, "geometry": {"type": "LineString", "coordinates": [[121.2630093, 24.8894525], [121.2628992, 24.8892073]]}}, {"type": "Feature", "properties": {"county": "桃園市", "district": "大溪區", "highway": "motorway_link", "name": "大溪交流道"}, "geometry": {"type": "LineString", "coordinates": [[121.263243, 24.8888915], [121.2633583, 24.8890793]]}}, {"type": "Feature", "properties": {"county": "桃園市", "district": "大溪區", "highway": "motorway", "name": "福爾摩沙高速公路"}, "geometry": {"type": "LineString", "coordinates": [[121.2632735, 24.8891942], [121.2636788, 24.8899969], [121.2643287, 24.8914945]]}}, {"type": "Feature", "properties": {"county": "桃園市", "district": "大溪區", "highway": "motorway", "name": "福爾摩沙高速公路"}, "geometry": {"type": "LineString", "coordinates": [[121.2631747, 24.8889993], [121.2632735, 24.8891942]]}}, {"type": "Feature", "properties": {"county": "桃園市", "district": "大溪區", "highway": "motorway_link", "name": "大溪交流道"}, "geometry": {"type": "LineString", "coordinates": [[121.2618984, 24.8947491], [121.2619914, 24.8943293], [121.26205, 24.8941218], [121.262133, 24.8939211], [121.2622507, 24.8936954]]}}, {"type": "Feature", "properties": {"county": "桃園市", "district": "大溪區", "highway": "motorway_link", "name": "大溪交流道"}, "geometry": {"type": "LineString", "coordinates": [[121.2622507, 24.8936954], [121.2625205, 24.893188], [121.2626874, 24.8928582]]}}, {"type": "Feature", "properties": {"county": "桃園市", "district": "大溪區", "highway": "motorway_link", "name": "大溪交流道"}, "geometry": {"type": "LineString", "coordinates": [[121.2632401, 24.8903936], [121.263199, 24.8900994], [121.2631296, 24.8898138], [121.2630093, 24.8894525]]}}, {"type": "Feature", "properties": {"county": "桃園市", "district": "大溪區", "highway": "trunk_link", "name": null}, "geometry": {"type": "LineString", "coordinates": [[121.2594185, 24.8982958], [121.2605815, 24.8982354]]}}, {"type": "Feature", "properties": {"county": "桃園市", "district": "大溪區", "highway": "primary_link", "name": null}, "geometry": {"type": "LineString", "coordinates": [[121.2618312, 24.8981174], [121.2620354, 24.8980409], [121.2621378, 24.8979557], [121.2622277, 24.8978503], [121.262258, 24.8977627], [121.2622655, 24.8976723], [121.2622646, 24.8975664], [121.2622476, 24.8973979]]}}, {"type": "Feature", "properties": {"county": "桃園市", "district": "大溪區", "highway": "unclassified", "name": "興昌路二段"}, "geometry": {"type": "LineString", "coordinates": [[121.2583365, 24.8982412], [121.2585335, 24.8980436], [121.2588479, 24.8976516], [121.258869, 24.8975866], [121.2588607, 24.8975104], [121.2583811, 24.8962095], [121.2583252, 24.8960578], [121.2584236, 24.895742], [121.2584767, 24.895668]]}}, {"type": "Feature", "properties": {"county": "桃園市", "district": "大溪區", "highway": "motorway_link", "name": null}, "geometry": {"type": "LineString", "coordinates": [[121.264138, 24.8921285], [121.2638589, 24.8923475], [121.2637293, 24.8924778], [121.2636104, 24.8926062]]}}, {"type": "Feature", "properties": {"county": "桃園市", "district": "大溪區", "highway": "motorway_link", "name": "大溪交流道"}, "geometry": {"type": "LineString", "coordinates": [[121.2635702, 24.892061], [121.2637538, 24.8920551], [121.263973, 24.8920286]]}}, {"type": "Feature", "properties": {"county": "桃園市", "district": "大溪區", "highway": "motorway_link", "name": "大溪交流道"}, "geometry": {"type": "LineString", "coordinates": [[121.2654238, 24.8925362], [121.2654128, 24.8927728], [121.2654389, 24.8929448], [121.2654925, 24.8931258], [121.2657393, 24.8938715]]}}, {"type": "Feature", "properties": {"county": "桃園市", "district": "大溪區", "highway": "motorway_link", "name": "大溪交流道"}, "geometry": {"type": "LineString", "coordinates": [[121.2663697, 24.8952018], [121.2666521, 24.8958256], [121.2668525, 24.896236], [121.2670842, 24.8967117], [121.2671133, 24.8967602], [121.2673111, 24.8971066], [121.2675226, 24.8974317], [121.2683558, 24.8986415], [121.2687967, 24.8992323], [121.2690144, 24.8995034], [121.2692163, 24.8998549]]}}, {"type": "Feature", "properties": {"county": "桃園市", "district": "大溪區", "highway": "motorway_link", "name": "大溪交流道"}, "geometry": {"type": "LineString", "coordinates": [[121.2645388, 24.8917116], [121.2648835, 24.8914853], [121.2650438, 24.8913539]]}}, {"type": "Feature", "properties": {"county": "桃園市", "district": "大溪區", "highway": "motorway_link", "name": "大溪交流道"}, "geometry": {"type": "LineString", "coordinates": [[121.2672524, 24.8906408], [121.2669293, 24.8908501], [121.2667427, 24.8909424], [121.2665741, 24.891039], [121.2663084, 24.8912031]]}}, {"type": "Feature", "properties": {"county": "桃園市", "district": "大溪區", "highway": "trunk_link", "name": "大溪系統交流道"}, "geometry": {"type": "LineString", "coordinates": [[121.2664631, 24.8956235], [121.2665045, 24.8957057], [121.2665842, 24.8958637], [121.266799, 24.8962592], [121.2670842, 24.8967117]]}}, {"type": "Feature", "properties": {"county": "桃園市", "district": "大溪區", "highway": "motorway_link", "name": "大溪交流道"}, "geometry": {"type": "LineString", "coordinates": [[121.2704202, 24.9014036], [121.269961, 24.9010166], [121.2690756, 24.900086], [121.2685723, 24.8995552], [121.2682403, 24.8991879], [121.2678829, 24.8987627], [121.2676315, 24.8984522], [121.2675058, 24.8982939]]}}, {"type": "Feature", "properties": {"county": "桃園市", "district": "大溪區", "highway": "motorway_link", "name": "大溪交流道"}, "geometry": {"type": "LineString", "coordinates": [[121.2643178, 24.8922875], [121.2640294, 24.8916399]]}}, {"type": "Feature", "properties": {"county": "桃園市", "district": "大溪區", "highway": "secondary", "name": "永昌路"}, "geometry": {"type": "LineString", "coordinates": [[121.2658413, 24.8911616], [121.2673918, 24.8904315], [121.2679768, 24.8901789], [121.2683631, 24.8900219], [121.2694501, 24.8895018]]}}, {"type": "Feature", "properties": {"county": "桃園市", "district": "大溪區", "highway": "motorway_link", "name": null}, "geometry": {"type": "LineString", "coordinates": [[121.2658413, 24.8911616], [121.2658268, 24.8912961]]}}, {"type": "Feature", "properties": {"county": "桃園市", "district": "大溪區", "highway": "secondary", "name": "永昌路"}, "geometry": {"type": "LineString", "coordinates": [[121.2658268, 24.8912961], [121.2647179, 24.8917986]]}}, {"type": "Feature", "properties": {"county": "桃園市", "district": "大溪區", "highway": "motorway_link", "name": "大溪交流道"}, "geometry": {"type": "LineString", "coordinates": [[121.2658198, 24.890542], [121.2659624, 24.8906204], [121.266081, 24.8906748], [121.2661691, 24.8907016], [121.2662815, 24.8907214], [121.266397, 24.890722], [121.2665393, 24.890712], [121.2666799, 24.8906831], [121.2670031, 24.8905555], [121.2673918, 24.8904315]]}}, {"type": "Feature", "properties": {"county": "桃園市", "district": "大溪區", "highway": "motorway_link", "name": "大溪交流道"}, "geometry": {"type": "LineString", "coordinates": [[121.2640704, 24.8936948], [121.2637765, 24.8936117], [121.2635409, 24.8935709], [121.2633826, 24.8935635]]}}, {"type": "Feature", "properties": {"county": "桃園市", "district": "大溪區", "highway": "secondary", "name": "永昌路"}, "geometry": {"type": "LineString", "coordinates": [[121.2630017, 24.8930545], [121.262787, 24.8933373], [121.2626086, 24.8935939], [121.2623901, 24.8940126], [121.2622848, 24.8942902]]}}, {"type": "Feature", "properties": {"county": "桃園市", "district": "大溪區", "highway": "motorway", "name": "福爾摩沙高速公路"}, "geometry": {"type": "LineString", "coordinates": [[121.2704202, 24.9014036], [121.2699499, 24.90088], [121.2686149, 24.899403], [121.2680346, 24.8986673], [121.2677676, 24.8982966], [121.2674059, 24.8977752], [121.2669219, 24.8970563], [121.2663752, 24.8961659], [121.2659859, 24.8954365], [121.2657984, 24.8950264]]}}, {"type": "Feature", "properties": {"county": "桃園市", "district": "大溪區", "highway": "motorway_link", "name": "大溪交流道"}, "geometry": {"type": "LineString", "coordinates": [[121.2653169, 24.8902355], [121.2655684, 24.8904416], [121.2657175, 24.8906312]]}}, {"type": "Feature", "properties": {"county": "桃園市", "district": "大溪區", "highway": "secondary", "name": "永昌路"}, "geometry": {"type": "LineString", "coordinates": [[121.262489, 24.8979573], [121.2622476, 24.8973979]]}}, {"type": "Feature", "properties": {"county": "桃園市", "district": "大溪區", "highway": "primary_link", "name": null}, "geometry": {"type": "LineString", "coordinates": [[121.262489, 24.8979573], [121.262637, 24.8979655]]}}, {"type": "Feature", "properties": {"county": "桃園市", "district": "大溪區", "highway": "secondary", "name": "永昌路"}, "geometry": {"type": "LineString", "coordinates": [[121.2625256, 24.8980517], [121.262489, 24.8979573]]}}, {"type": "Feature", "properties": {"county": "桃園市", "district": "大溪區", "highway": "primary_link", "name": null}, "geometry": {"type": "LineString", "coordinates": [[121.2625256, 24.8980517], [121.2624042, 24.898058], [121.2621725, 24.8981304], [121.2619355, 24.8981818], [121.2617808, 24.8982023], [121.261632, 24.8982255]]}}, {"type": "Feature", "properties": {"county": "桃園市", "district": "大溪區", "highway": "primary_link", "name": null}, "geometry": {"type": "LineString", "coordinates": [[121.2618312, 24.8981174], [121.2620428, 24.8980688], [121.2623534, 24.8979558], [121.262489, 24.8979573]]}}, {"type": "Feature", "properties": {"county": "桃園市", "district": "大溪區", "highway": "residential", "name": "康莊路"}, "geometry": {"type": "LineString", "coordinates": [[121.2887916, 24.8837887], [121.2889445, 24.8841938], [121.2889865, 24.8842732], [121.2891694, 24.8846238]]}}, {"type": "Feature", "properties": {"county": "桃園市", "district": "大溪區", "highway": "residential", "name": "康莊路"}, "geometry": {"type": "LineString", "coordinates": [[121.2887326, 24.8836665], [121.2887916, 24.8837887]]}}, {"type": "Feature", "properties": {"county": "桃園市", "district": "大溪區", "highway": "residential", "name": "康莊路"}, "geometry": {"type": "LineString", "coordinates": [[121.2883947, 24.8827906], [121.2887326, 24.8836665]]}}, {"type": "Feature", "properties": {"county": "桃園市", "district": "大溪區", "highway": "residential", "name": "康莊路"}, "geometry": {"type": "LineString", "coordinates": [[121.2891694, 24.8846238], [121.2892331, 24.8846902]]}}, {"type": "Feature", "properties": {"county": "桃園市", "district": "大溪區", "highway": "tertiary", "name": "康莊路"}, "geometry": {"type": "LineString", "coordinates": [[121.2828936, 24.8620363], [121.2828963, 24.8620406], [121.2830653, 24.862357], [121.283163, 24.8625671], [121.2832034, 24.8626539], [121.2832294, 24.8627431], [121.2835842, 24.8639577], [121.2837293, 24.8644373], [121.2838445, 24.8648184], [121.2839423, 24.8651417], [121.2840018, 24.8653781], [121.2841139, 24.8658231], [121.2841662, 24.86644], [121.2841717, 24.8666253]]}}, {"type": "Feature", "properties": {"county": "桃園市", "district": "大溪區", "highway": "tertiary", "name": "康莊路"}, "geometry": {"type": "LineString", "coordinates": [[121.2841717, 24.8666253], [121.284175, 24.8667355]]}}, {"type": "Feature", "properties": {"county": "桃園市", "district": "大溪區", "highway": "tertiary", "name": "康莊路"}, "geometry": {"type": "LineString", "coordinates": [[121.2876853, 24.8774762], [121.2877736, 24.8777305]]}}, {"type": "Feature", "properties": {"county": "桃園市", "district": "大溪區", "highway": "tertiary", "name": "康莊路"}, "geometry": {"type": "LineString", "coordinates": [[121.2871854, 24.8764329], [121.2872799, 24.87654], [121.2874383, 24.8768308], [121.2875749, 24.8770816], [121.2876853, 24.8774762]]}}, {"type": "Feature", "properties": {"county": "桃園市", "district": "大溪區", "highway": "tertiary", "name": "康莊路"}, "geometry": {"type": "LineString", "coordinates": [[121.2866896, 24.8759196], [121.2869283, 24.8761466], [121.2871854, 24.8764329]]}}, {"type": "Feature", "properties": {"county": "桃園市", "district": "大溪區", "highway": "tertiary", "name": "康莊路"}, "geometry": {"type": "LineString", "coordinates": [[121.2864638, 24.8745093], [121.2864813, 24.8746128], [121.2865846, 24.8752161], [121.2866024, 24.8753587], [121.2866221, 24.8756003], [121.2866896, 24.8759196]]}}, {"type": "Feature", "properties": {"county": "桃園市", "district": "大溪區", "highway": "tertiary", "name": "康莊路"}, "geometry": {"type": "LineString", "coordinates": [[121.2877736, 24.8777305], [121.2878733, 24.8778633], [121.2881749, 24.878473]]}}, {"type": "Feature", "properties": {"county": "桃園市", "district": "大溪區", "highway": "tertiary", "name": "康莊路"}, "geometry": {"type": "LineString", "coordinates": [[121.2881749, 24.878473], [121.2884191, 24.8790302], [121.2884399, 24.8790815], [121.2886237, 24.8801936]]}}, {"type": "Feature", "properties": {"county": "桃園市", "district": "大溪區", "highway": "tertiary", "name": "康莊路"}, "geometry": {"type": "LineString", "coordinates": [[121.2886237, 24.8801936], [121.2887303, 24.8809076]]}}, {"type": "Feature", "properties": {"county": "桃園市", "district": "大溪區", "highway": "residential", "name": "中央路"}, "geometry": {"type": "LineString", "coordinates": [[121.2878583, 24.8787348], [121.2878251, 24.8789369], [121.2878055, 24.8791237], [121.2877894, 24.8792778], [121.2877805, 24.8797668]]}}, {"type": "Feature", "properties": {"county": "桃園市", "district": "大溪區", "highway": "residential", "name": "中央路"}, "geometry": {"type": "LineString", "coordinates": [[121.2877805, 24.8797668], [121.2877714, 24.8802715]]}}, {"type": "Feature", "properties": {"county": "桃園市", "district": "大溪區", "highway": "residential", "name": "中央路"}, "geometry": {"type": "LineString", "coordinates": [[121.2877714, 24.8802715], [121.2877485, 24.8809987]]}}, {"type": "Feature", "properties": {"county": "桃園市", "district": "大溪區", "highway": "residential", "name": "中央路"}, "geometry": {"type": "LineString", "coordinates": [[121.2877485, 24.8809987], [121.2876971, 24.8812932]]}}, {"type": "Feature", "properties": {"county": "桃園市", "district": "大溪區", "highway": "secondary", "name": "龍岡圓環"}, "geometry": {"type": "LineString", "coordinates": [[121.2444172, 24.9257292], [121.2443655, 24.9257834], [121.2443017, 24.9258295], [121.2441953, 24.925862], [121.2441107, 24.9258569], [121.2440302, 24.9258223]]}}, {"type": "Feature", "properties": {"county": "桃園市", "district": "大溪區", "highway": "secondary", "name": "龍岡圓環"}, "geometry": {"type": "LineString", "coordinates": [[121.2440302, 24.9258223], [121.2439638, 24.9257777]]}}, {"type": "Feature", "properties": {"county": "桃園市", "district": "大溪區", "highway": "secondary", "name": "龍岡圓環"}, "geometry": {"type": "LineString", "coordinates": [[121.2439638, 24.9257777], [121.2439316, 24.9257443], [121.2439033, 24.9256897], [121.2438941, 24.9256224], [121.2438961, 24.9255528], [121.2439226, 24.9254925], [121.2439389, 24.9254524]]}}, {"type": "Feature", "properties": {"county": "桃園市", "district": "大溪區", "highway": "secondary", "name": "龍岡圓環"}, "geometry": {"type": "LineString", "coordinates": [[121.2439389, 24.9254524], [121.2440162, 24.9253861], [121.2440836, 24.9253653], [121.2441732, 24.925349], [121.2442542, 24.9253623], [121.2443208, 24.9253881]]}}, {"type": "Feature", "properties": {"county": "桃園市", "district": "大溪區", "highway": "unclassified", "name": "旭日路二段"}, "geometry": {"type": "LineString", "coordinates": [[121.2719091, 24.8689751], [121.2719062, 24.8689506], [121.2718952, 24.8688579], [121.271856, 24.8687548], [121.2717863, 24.8686583], [121.271585, 24.8684324], [121.2714772, 24.8683341], [121.2713765, 24.8682566], [121.2712622, 24.8681607], [121.2711651, 24.8680542], [121.2710839, 24.867937], [121.2710189, 24.8678075], [121.27098, 24.8676756], [121.2709601, 24.8675438], [121.2709619, 24.8672972], [121.2709648, 24.8671811], [121.2709816, 24.8665177], [121.2709707, 24.8663906], [121.2709244, 24.866284], [121.2708405, 24.8661824], [121.2706891, 24.8660482], [121.2705534, 24.8659185], [121.2704636, 24.8657947], [121.2703945, 24.865662], [121.2703459, 24.8655124], [121.2703335, 24.8653831], [121.2703506, 24.8652532], [121.2703984, 24.8651445], [121.2704696, 24.8650479], [121.2705672, 24.8649612], [121.2706809, 24.8649052], [121.2708151, 24.8648761], [121.2709525, 24.8648422], [121.2710493, 24.8647983], [121.2710907, 24.8647796], [121.2715069, 24.8644799], [121.2716184, 24.8643777], [121.2716962, 24.8642554], [121.271742, 24.8641065], [121.2718302, 24.8637545], [121.2718948, 24.8635403], [121.2720446, 24.8631023], [121.2721003, 24.8629624], [121.2721756, 24.862837], [121.2722764, 24.8627174], [121.2723666, 24.86258], [121.2724598, 24.8624112], [121.2725036, 24.8623176], [121.2725502, 24.8621826], [121.2725831, 24.8620229], [121.2725937, 24.8618693], [121.2725894, 24.8617159], [121.2725624, 24.8615369], [121.2725309, 24.861369], [121.2725189, 24.8612115], [121.2725272, 24.8610507], [121.2725236, 24.8608914], [121.2724934, 24.8607485], [121.2723481, 24.8601632], [121.2723062, 24.8599928], [121.2722817, 24.8598486], [121.2722798, 24.8597163], [121.2723044, 24.8595287], [121.2723283, 24.8593573], [121.2723331, 24.8592394], [121.2723189, 24.8591168], [121.2722906, 24.859017], [121.2722219, 24.858861], [121.2721427, 24.8586757], [121.272054, 24.8584434], [121.2716368, 24.857328], [121.2714498, 24.8568315], [121.2712636, 24.8563898], [121.2708433, 24.8553927], [121.2706089, 24.8548366], [121.2704887, 24.8545959], [121.2703286, 24.8543391], [121.2701066, 24.8540633], [121.2698292, 24.853714], [121.2694945, 24.853331], [121.2691257, 24.8529558], [121.268905, 24.8527531], [121.2687208, 24.8525642], [121.2685436, 24.8523779], [121.2683849, 24.8522111], [121.2678889, 24.8516403], [121.2676523, 24.8513576], [121.2674717, 24.8511508]]}}, {"type": "Feature", "properties": {"county": "桃園市", "district": "大溪區", "highway": "unclassified", "name": "旭日路一段"}, "geometry": {"type": "LineString", "coordinates": [[121.2565988, 24.836254], [121.2563666, 24.8359271]]}}, {"type": "Feature", "properties": {"county": "桃園市", "district": "大溪區", "highway": "unclassified", "name": "旭日路一段"}, "geometry": {"type": "LineString", "coordinates": [[121.2543529, 24.8326233], [121.2542794, 24.8323845], [121.2541948, 24.8320636], [121.2541184, 24.8317229], [121.2540285, 24.8313895], [121.2538349, 24.8307276], [121.2536645, 24.830134], [121.2532177, 24.8285663], [121.2529439, 24.82762], [121.2528017, 24.8271424], [121.2526567, 24.8266786], [121.25247, 24.8260552], [121.2524117, 24.8259277], [121.2523502, 24.8258315], [121.2522239, 24.8256915]]}}, {"type": "Feature", "properties": {"county": "桃園市", "district": "大溪區", "highway": "secondary", "name": "豐德路"}, "geometry": {"type": "LineString", "coordinates": [[121.2858639, 24.9247833], [121.2860016, 24.9247946], [121.2862923, 24.9248219], [121.2876263, 24.9249807], [121.2877168, 24.9249871]]}}, {"type": "Feature", "properties": {"county": "桃園市", "district": "大溪區", "highway": "secondary", "name": "豐德路"}, "geometry": {"type": "LineString", "coordinates": [[121.2877168, 24.9249871], [121.2878795, 24.924998], [121.2889419, 24.9250578], [121.2902675, 24.9251483], [121.2903919, 24.9251546]]}}, {"type": "Feature", "properties": {"county": "桃園市", "district": "大溪區", "highway": "secondary", "name": "豐德路"}, "geometry": {"type": "LineString", "coordinates": [[121.2903919, 24.9251546], [121.2905404, 24.9251622], [121.292993, 24.925349], [121.2931491, 24.9253673]]}}, {"type": "Feature", "properties": {"county": "桃園市", "district": "大溪區", "highway": "secondary", "name": "豐德路"}, "geometry": {"type": "LineString", "coordinates": [[121.2931491, 24.9253673], [121.2932292, 24.9253768], [121.2933556, 24.9253839], [121.2940498, 24.9251749], [121.2942671, 24.9251095], [121.2945731, 24.9250121], [121.2946371, 24.9249917], [121.2947408, 24.9249588]]}}, {"type": "Feature", "properties": {"county": "桃園市", "district": "大溪區", "highway": "secondary", "name": "豐德路"}, "geometry": {"type": "LineString", "coordinates": [[121.2947408, 24.9249588], [121.2951262, 24.924836], [121.2952381, 24.9248004]]}}, {"type": "Feature", "properties": {"county": "桃園市", "district": "大溪區", "highway": "secondary", "name": "豐德路"}, "geometry": {"type": "LineString", "coordinates": [[121.2952381, 24.9248004], [121.2959235, 24.9245819], [121.2960695, 24.9245301]]}}, {"type": "Feature", "properties": {"county": "桃園市", "district": "大溪區", "highway": "secondary", "name": "豐德路"}, "geometry": {"type": "LineString", "coordinates": [[121.2948121, 24.9251344], [121.2947004, 24.9251691], [121.2935084, 24.9255335], [121.2933718, 24.9255552], [121.2931256, 24.9255449]]}}, {"type": "Feature", "properties": {"county": "桃園市", "district": "大溪區", "highway": "secondary", "name": "豐德路"}, "geometry": {"type": "LineString", "coordinates": [[121.2931256, 24.9255449], [121.29297, 24.925541], [121.2905073, 24.9253646], [121.2903771, 24.9253547]]}}, {"type": "Feature", "properties": {"county": "桃園市", "district": "大溪區", "highway": "secondary", "name": "豐德路"}, "geometry": {"type": "LineString", "coordinates": [[121.2953171, 24.9249762], [121.2951861, 24.9250179], [121.2949431, 24.9250952], [121.2948121, 24.9251344]]}}, {"type": "Feature", "properties": {"county": "桃園市", "district": "大溪區", "highway": "secondary", "name": "長興路"}, "geometry": {"type": "LineString", "coordinates": [[121.2663911, 24.9331828], [121.2665061, 24.9331777]]}}, {"type": "Feature", "properties": {"county": "桃園市", "district": "大溪區", "highway": "secondary", "name": "長興路"}, "geometry": {"type": "LineString", "coordinates": [[121.267761, 24.9330671], [121.2681673, 24.9330236]]}}, {"type": "Feature", "properties": {"county": "桃園市", "district": "大溪區", "highway": "secondary", "name": "長興路"}, "geometry": {"type": "LineString", "coordinates": [[121.2646749, 24.9332774], [121.2648716, 24.9332652]]}}, {"type": "Feature", "properties": {"county": "桃園市", "district": "大溪區", "highway": "secondary", "name": "長興路"}, "geometry": {"type": "LineString", "coordinates": [[121.2648716, 24.9332652], [121.2653591, 24.9332372]]}}, {"type": "Feature", "properties": {"county": "桃園市", "district": "大溪區", "highway": "secondary", "name": "長興路"}, "geometry": {"type": "LineString", "coordinates": [[121.2653591, 24.9332372], [121.2660113, 24.9331923]]}}, {"type": "Feature", "properties": {"county": "桃園市", "district": "大溪區", "highway": "secondary", "name": "長興路"}, "geometry": {"type": "LineString", "coordinates": [[121.2681673, 24.9330236], [121.2687812, 24.9329579]]}}, {"type": "Feature", "properties": {"county": "桃園市", "district": "大溪區", "highway": "secondary", "name": "長興路"}, "geometry": {"type": "LineString", "coordinates": [[121.2687812, 24.9329579], [121.2689996, 24.9329301]]}}, {"type": "Feature", "properties": {"county": "桃園市", "district": "大溪區", "highway": "secondary", "name": "長興路"}, "geometry": {"type": "LineString", "coordinates": [[121.2663911, 24.9331828], [121.2660113, 24.9331923]]}}, {"type": "Feature", "properties": {"county": "桃園市", "district": "大溪區", "highway": "secondary", "name": "長興路"}, "geometry": {"type": "LineString", "coordinates": [[121.2665061, 24.9331777], [121.2670479, 24.93314]]}}, {"type": "Feature", "properties": {"county": "桃園市", "district": "大溪區", "highway": "secondary", "name": "長興路"}, "geometry": {"type": "LineString", "coordinates": [[121.2670479, 24.93314], [121.267761, 24.9330671]]}}, {"type": "Feature", "properties": {"county": "桃園市", "district": "大溪區", "highway": "residential", "name": "豐田七街62巷"}, "geometry": {"type": "LineString", "coordinates": [[121.2879929, 24.9320541], [121.2880652, 24.9319416], [121.2883414, 24.9318657], [121.2884373, 24.9318699]]}}, {"type": "Feature", "properties": {"county": "桃園市", "district": "大溪區", "highway": "unclassified", "name": "南興路一段151巷"}, "geometry": {"type": "LineString", "coordinates": [[121.2701941, 24.8982795], [121.2702703, 24.8982021], [121.2704524, 24.8980572], [121.2705197, 24.8980051]]}}, {"type": "Feature", "properties": {"county": "桃園市", "district": "大溪區", "highway": "unclassified", "name": "南興路一段151巷"}, "geometry": {"type": "LineString", "coordinates": [[121.2701576, 24.8983165], [121.2701941, 24.8982795]]}}, {"type": "Feature", "properties": {"county": "桃園市", "district": "大溪區", "highway": "residential", "name": null}, "geometry": {"type": "LineString", "coordinates": [[121.3532994, 24.9168617], [121.3533316, 24.9168033], [121.3533497, 24.9166914], [121.3536307, 24.9166342], [121.3536675, 24.916557], [121.3539311, 24.9165224]]}}, {"type": "Feature", "properties": {"county": "桃園市", "district": "大溪區", "highway": "residential", "name": null}, "geometry": {"type": "LineString", "coordinates": [[121.3528681, 24.9171921], [121.3529675, 24.9171037], [121.3531458, 24.9169152], [121.3532136, 24.9168866]]}}, {"type": "Feature", "properties": {"county": "桃園市", "district": "大溪區", "highway": "residential", "name": null}, "geometry": {"type": "LineString", "coordinates": [[121.3495383, 24.9158181], [121.3494933, 24.9158826]]}}, {"type": "Feature", "properties": {"county": "桃園市", "district": "大溪區", "highway": "residential", "name": null}, "geometry": {"type": "LineString", "coordinates": [[121.349576, 24.9157669], [121.3495383, 24.9158181]]}}, {"type": "Feature", "properties": {"county": "桃園市", "district": "大溪區", "highway": "trunk_link", "name": "大溪系統交流道"}, "geometry": {"type": "LineString", "coordinates": [[121.2664604, 24.896629], [121.2658388, 24.8954914], [121.2656389, 24.8950972], [121.2650795, 24.8939824]]}}, {"type": "Feature", "properties": {"county": "桃園市", "district": "大溪區", "highway": "motorway_link", "name": "大溪交流道"}, "geometry": {"type": "LineString", "coordinates": [[121.2640294, 24.8916399], [121.2638907, 24.8913313]]}}, {"type": "Feature", "properties": {"county": "桃園市", "district": "大溪區", "highway": "motorway_link", "name": "大溪交流道"}, "geometry": {"type": "LineString", "coordinates": [[121.2649683, 24.8938193], [121.2648217, 24.8934295], [121.2644619, 24.8926215]]}}, {"type": "Feature", "properties": {"county": "桃園市", "district": "大溪區", "highway": "motorway_link", "name": "大溪交流道"}, "geometry": {"type": "LineString", "coordinates": [[121.2644619, 24.8926215], [121.2643178, 24.8922875]]}}, {"type": "Feature", "properties": {"county": "桃園市", "district": "大溪區", "highway": "motorway_link", "name": "大溪交流道"}, "geometry": {"type": "LineString", "coordinates": [[121.2675058, 24.8982939], [121.2673902, 24.8981966], [121.2671998, 24.8979727], [121.2669203, 24.8976001], [121.2666014, 24.8971291], [121.2663707, 24.8966532], [121.2661321, 24.8961393], [121.2657995, 24.8955639], [121.2655315, 24.8950598], [121.2653893, 24.8947293], [121.2652697, 24.8944787], [121.2651455, 24.8942202], [121.2649683, 24.8938193]]}}, {"type": "Feature", "properties": {"county": "桃園市", "district": "大溪區", "highway": "trunk_link", "name": "大溪系統交流道"}, "geometry": {"type": "LineString", "coordinates": [[121.2675058, 24.8982939], [121.2674063, 24.8981382], [121.2670549, 24.8976176], [121.2667264, 24.8970932], [121.2664604, 24.896629]]}}, {"type": "Feature", "properties": {"county": "桃園市", "district": "大溪區", "highway": "unclassified", "name": null}, "geometry": {"type": "LineString", "coordinates": [[121.321311, 24.8816505], [121.3214005, 24.8817005], [121.3215328, 24.8817244], [121.3218418, 24.8817797], [121.3222564, 24.8818498], [121.3225735, 24.8818055], [121.3228866, 24.8817723], [121.3230817, 24.8818018], [121.3232362, 24.8818645], [121.3234769, 24.8821015], [121.323806, 24.8825278]]}}, {"type": "Feature", "properties": {"county": "桃園市", "district": "大溪區", "highway": "motorway_link", "name": "大溪交流道"}, "geometry": {"type": "LineString", "coordinates": [[121.2655315, 24.8950598], [121.2654117, 24.8948695], [121.2653029, 24.894695], [121.2652065, 24.8945325], [121.2650966, 24.8944043], [121.2649732, 24.8942527], [121.2648201, 24.8941179], [121.2646446, 24.8939705], [121.264399, 24.8938291], [121.2642124, 24.8937522]]}}, {"type": "Feature", "properties": {"county": "桃園市", "district": "大溪區", "highway": "motorway_link", "name": "大溪交流道"}, "geometry": {"type": "LineString", "coordinates": [[121.2642124, 24.8937522], [121.2640704, 24.8936948]]}}, {"type": "Feature", "properties": {"county": "桃園市", "district": "大溪區", "highway": "residential", "name": "順和路537巷"}, "geometry": {"type": "LineString", "coordinates": [[121.31096, 24.8685348], [121.3109781, 24.8685394], [121.3110549, 24.8685616], [121.3111172, 24.8685484], [121.3112178, 24.8684384], [121.3115383, 24.8680499], [121.3116861, 24.8678569], [121.3117336, 24.8677374], [121.3118719, 24.8676148], [121.3120065, 24.8675075]]}}, {"type": "Feature", "properties": {"county": "桃園市", "district": "大溪區", "highway": "residential", "name": "順和路537巷"}, "geometry": {"type": "LineString", "coordinates": [[121.3108678, 24.8685058], [121.31096, 24.8685348]]}}, {"type": "Feature", "properties": {"county": "桃園市", "district": "大溪區", "highway": "residential", "name": null}, "geometry": {"type": "LineString", "coordinates": [[121.3118719, 24.8676148], [121.3118941, 24.8677588], [121.3118599, 24.867802], [121.3117775, 24.8678136], [121.3116861, 24.8678569]]}}, {"type": "Feature", "properties": {"county": "桃園市", "district": "大溪區", "highway": "residential", "name": null}, "geometry": {"type": "LineString", "coordinates": [[121.3100582, 24.8677917], [121.3101668, 24.867642], [121.3102077, 24.8675398], [121.3102372, 24.8674638]]}}, {"type": "Feature", "properties": {"county": "桃園市", "district": "大溪區", "highway": "primary", "name": "復興路四段"}, "geometry": {"type": "LineString", "coordinates": [[121.3533207, 24.8141814], [121.3534099, 24.8140459], [121.353541, 24.8138648], [121.3536248, 24.8137156], [121.3537576, 24.8130333], [121.3538019, 24.8128009], [121.3538101, 24.8126907], [121.3537938, 24.8125495], [121.3537744, 24.8124539], [121.3537234, 24.8123243], [121.3535397, 24.8121259], [121.3534485, 24.8120674], [121.3533712, 24.8120152], [121.3531146, 24.8119183], [121.3530314, 24.8118788], [121.3529517, 24.8117918], [121.35289, 24.8117028], [121.3528293, 24.8115976], [121.352792, 24.8115355], [121.3527578, 24.8114156], [121.3527343, 24.8112634], [121.3527572, 24.8110163], [121.3528117, 24.810858], [121.3527927, 24.8106772], [121.3527555, 24.8106085], [121.3526833, 24.8105425], [121.3524172, 24.8102756], [121.3522804, 24.8101648], [121.3521772, 24.8101222], [121.3520551, 24.8101173], [121.3517909, 24.8101477], [121.3517037, 24.8101246], [121.3516162, 24.8100459], [121.3515795, 24.809976], [121.3515702, 24.8099108], [121.3515819, 24.8098458], [121.3516028, 24.8098023], [121.3516538, 24.809745], [121.351972, 24.8094843], [121.3520471, 24.8093875], [121.3520517, 24.8092883], [121.3519371, 24.8090229], [121.3519197, 24.8089328], [121.3519304, 24.8088476], [121.3519586, 24.8087843], [121.3520042, 24.8087271], [121.3521356, 24.8086504], [121.3523555, 24.8085871], [121.3533251, 24.8083899], [121.3535893, 24.8082974], [121.3536313, 24.8082782], [121.3536517, 24.8082688], [121.353706, 24.8082439], [121.3538401, 24.8081611], [121.3542746, 24.8078202], [121.3545335, 24.8076449], [121.3546924, 24.807598], [121.3548591, 24.8076011], [121.3550296, 24.8076149], [121.3553904, 24.8075681], [121.3555211, 24.8075821], [121.35575, 24.807622], [121.3558463, 24.8076456], [121.3561093, 24.8077061], [121.3567607, 24.8078678], [121.3568612, 24.8078887], [121.3570709, 24.8079292], [121.3574528, 24.8079351], [121.3576164, 24.8079409], [121.3578353, 24.8079428], [121.3580938, 24.8079385], [121.3582878, 24.8078785], [121.3586339, 24.8077921], [121.3586824, 24.8077818], [121.3590228, 24.8077093], [121.3592293, 24.8077044], [121.3594475, 24.8077778], [121.3594962, 24.8077705], [121.3595713, 24.8077337]]}}, {"type": "Feature", "properties": {"county": "桃園市", "district": "大溪區", "highway": "tertiary", "name": "瑞興橋"}, "geometry": {"type": "LineString", "coordinates": [[121.2877961, 24.9042776], [121.2877978, 24.9041718]]}}, {"type": "Feature", "properties": {"county": "桃園市", "district": "大溪區", "highway": "tertiary", "name": "瑞仁路"}, "geometry": {"type": "LineString", "coordinates": [[121.289589, 24.9092579], [121.2895667, 24.9091307], [121.2894326, 24.9089312], [121.2893414, 24.9088387], [121.2890847, 24.9087324], [121.2886824, 24.9084065], [121.2883973, 24.9080651], [121.2880003, 24.9076516], [121.2879358, 24.907553], [121.2877651, 24.9072923], [121.2876677, 24.9070385], [121.2876409, 24.9067369], [121.287657, 24.9062552], [121.2877696, 24.9055886], [121.287808, 24.9050639], [121.2878193, 24.9047581], [121.2877961, 24.9042776]]}}, {"type": "Feature", "properties": {"county": "桃園市", "district": "大溪區", "highway": "unclassified", "name": null}, "geometry": {"type": "LineString", "coordinates": [[121.2925153, 24.8997773], [121.2931729, 24.9004061], [121.2935405, 24.9007565]]}}, {"type": "Feature", "properties": {"county": "桃園市", "district": "大溪區", "highway": "unclassified", "name": null}, "geometry": {"type": "LineString", "coordinates": [[121.2935405, 24.9007565], [121.2950513, 24.9021495], [121.2951598, 24.9022484], [121.2978093, 24.9046634], [121.2981152, 24.9050014], [121.298935, 24.9058929], [121.3001839, 24.9072707], [121.3002527, 24.9073608]]}}, {"type": "Feature", "properties": {"county": "桃園市", "district": "大溪區", "highway": "unclassified", "name": "大鶯路318巷"}, "geometry": {"type": "LineString", "coordinates": [[121.2922205, 24.9003423], [121.2922157, 24.9002839], [121.2922587, 24.9002529], [121.2924075, 24.9002376], [121.2931729, 24.9004061]]}}, {"type": "Feature", "properties": {"county": "桃園市", "district": "大溪區", "highway": "unclassified", "name": null}, "geometry": {"type": "LineString", "coordinates": [[121.3104015, 24.9196421], [121.3104786, 24.9196323], [121.3105624, 24.9197418], [121.3108467, 24.9201012], [121.3111264, 24.9204278], [121.3112403, 24.9205378], [121.3116091, 24.9207756], [121.311644, 24.9207762], [121.3116641, 24.9207592]]}}, {"type": "Feature", "properties": {"county": "桃園市", "district": "大溪區", "highway": "unclassified", "name": null}, "geometry": {"type": "LineString", "coordinates": [[121.3095747, 24.9179822], [121.3096337, 24.9178943], [121.3096909, 24.9178243]]}}, {"type": "Feature", "properties": {"county": "桃園市", "district": "大溪區", "highway": "unclassified", "name": null}, "geometry": {"type": "LineString", "coordinates": [[121.3097584, 24.9179555], [121.3096612, 24.9179624], [121.3095747, 24.9179822]]}}, {"type": "Feature", "properties": {"county": "桃園市", "district": "大溪區", "highway": "unclassified", "name": "大鶯路60巷89弄"}, "geometry": {"type": "LineString", "coordinates": [[121.2967081, 24.9020922], [121.2974104, 24.9030923], [121.2976325, 24.9040288], [121.2981686, 24.9044824], [121.2984022, 24.9047377], [121.2991873, 24.9056336], [121.2999705, 24.9064986]]}}, {"type": "Feature", "properties": {"county": "桃園市", "district": "大溪區", "highway": "primary", "name": "瑞安路二段"}, "geometry": {"type": "LineString", "coordinates": [[121.2813702, 24.8635921], [121.2814382, 24.8633758], [121.2816138, 24.8628085], [121.281628, 24.8627625], [121.2818271, 24.8621504], [121.2819291, 24.8618773], [121.2820182, 24.8615913], [121.2821089, 24.8613126], [121.2822318, 24.8609348]]}}, {"type": "Feature", "properties": {"county": "桃園市", "district": "大溪區", "highway": "tertiary", "name": "埔頂路一段"}, "geometry": {"type": "LineString", "coordinates": [[121.2780662, 24.9066884], [121.2778287, 24.9064075], [121.2775006, 24.9060194], [121.2769168, 24.9053413], [121.2768387, 24.9052497], [121.2757339, 24.9039547], [121.2755332, 24.9037722], [121.2753051, 24.9035989], [121.2751752, 24.903494], [121.2748461, 24.9031849], [121.2747487, 24.9030394], [121.2746027, 24.9027353], [121.274402, 24.9022944], [121.2743683, 24.9022237], [121.2742093, 24.9018898]]}}, {"type": "Feature", "properties": {"county": "桃園市", "district": "大溪區", "highway": "secondary", "name": "仁和路一段"}, "geometry": {"type": "LineString", "coordinates": [[121.272303, 24.9025063], [121.272871, 24.9023274], [121.2730339, 24.9022785], [121.2732386, 24.9022097], [121.2741614, 24.9019056], [121.2742093, 24.9018898]]}}, {"type": "Feature", "properties": {"county": "桃園市", "district": "大溪區", "highway": "tertiary", "name": "埔頂路一段"}, "geometry": {"type": "LineString", "coordinates": [[121.2742871, 24.901864], [121.2744344, 24.9021999], [121.2744681, 24.9022767], [121.2744838, 24.9023124], [121.2746906, 24.9027531], [121.2748134, 24.9029971], [121.2748821, 24.9031243], [121.2752387, 24.9034571], [121.2758091, 24.9039331], [121.2768928, 24.9052133], [121.2778768, 24.9063757], [121.2781477, 24.9066957]]}}, {"type": "Feature", "properties": {"county": "桃園市", "district": "大溪區", "highway": "secondary", "name": "仁和路一段"}, "geometry": {"type": "LineString", "coordinates": [[121.2742093, 24.9018898], [121.2742871, 24.901864]]}}, {"type": "Feature", "properties": {"county": "桃園市", "district": "大溪區", "highway": "secondary", "name": "仁和路二段"}, "geometry": {"type": "LineString", "coordinates": [[121.2639057, 24.9043117], [121.2640791, 24.9041704], [121.2645605, 24.9038674], [121.2648327, 24.9037381], [121.2650378, 24.903669]]}}, {"type": "Feature", "properties": {"county": "桃園市", "district": "大溪區", "highway": "secondary", "name": "仁和路二段"}, "geometry": {"type": "LineString", "coordinates": [[121.2650378, 24.903669], [121.2651065, 24.9036467], [121.2651539, 24.9036357]]}}, {"type": "Feature", "properties": {"county": "桃園市", "district": "大溪區", "highway": "unclassified", "name": null}, "geometry": {"type": "LineString", "coordinates": [[121.3072674, 24.8398549], [121.3072467, 24.8397245], [121.3072259, 24.8396861]]}}, {"type": "Feature", "properties": {"county": "桃園市", "district": "大溪區", "highway": "residential", "name": "鳳陽橋"}, "geometry": {"type": "LineString", "coordinates": [[121.3115951, 24.8256092], [121.3117052, 24.8256427]]}}, {"type": "Feature", "properties": {"county": "桃園市", "district": "大溪區", "highway": "residential", "name": "復興路二段316巷"}, "geometry": {"type": "LineString", "coordinates": [[121.3112551, 24.8257003], [121.3115201, 24.8255989], [121.3115951, 24.8256092]]}}, {"type": "Feature", "properties": {"county": "桃園市", "district": "大溪區", "highway": "tertiary", "name": "基國派路"}, "geometry": {"type": "LineString", "coordinates": [[121.3467009, 24.8388457], [121.3467164, 24.8388465], [121.3469549, 24.8388845], [121.3471677, 24.8389418], [121.3473107, 24.8389673], [121.3474083, 24.8389574], [121.3474858, 24.8389091], [121.3476524, 24.8386337], [121.3477471, 24.8385505], [121.3479156, 24.8383731], [121.3479869, 24.8383388], [121.3480732, 24.8383296], [121.348168, 24.8383427], [121.3486518, 24.838489], [121.3488007, 24.8385165], [121.3489151, 24.838528], [121.3490241, 24.8385224]]}}, {"type": "Feature", "properties": {"county": "桃園市", "district": "大溪區", "highway": "tertiary", "name": "基國派路"}, "geometry": {"type": "LineString", "coordinates": [[121.3466115, 24.8388414], [121.3467009, 24.8388457]]}}, {"type": "Feature", "properties": {"county": "桃園市", "district": "大溪區", "highway": "unclassified", "name": null}, "geometry": {"type": "LineString", "coordinates": [[121.2900516, 24.8971443], [121.2897945, 24.8969404], [121.289655, 24.8967484], [121.2895394, 24.8963151], [121.2894312, 24.896145], [121.289279, 24.8960498], [121.2890628, 24.8959315], [121.2874994, 24.8950848], [121.2870576, 24.8947105], [121.2867445, 24.8945433], [121.2863322, 24.8943165]]}}, {"type": "Feature", "properties": {"county": "桃園市", "district": "大溪區", "highway": "tertiary", "name": "德和路一段"}, "geometry": {"type": "LineString", "coordinates": [[121.2883349, 24.9374685], [121.2871184, 24.9371784], [121.2863568, 24.937117], [121.2850358, 24.9372977], [121.2841372, 24.9373809], [121.283341, 24.9372837], [121.2827337, 24.9371493], [121.2822642, 24.9370015], [121.281508, 24.9366525], [121.2812424, 24.9364657], [121.2810608, 24.9362789], [121.2809852, 24.9360466]]}}, {"type": "Feature", "properties": {"county": "桃園市", "district": "大溪區", "highway": "tertiary", "name": "德和路一段"}, "geometry": {"type": "LineString", "coordinates": [[121.2812045, 24.9360466], [121.2812904, 24.9362137], [121.2815587, 24.9364373], [121.2825941, 24.9368723], [121.2832717, 24.9370542], [121.2836431, 24.9370927], [121.2842962, 24.9371328], [121.2850037, 24.9370511], [121.2858681, 24.9369215], [121.2864292, 24.9368797], [121.2870905, 24.9369313], [121.2883379, 24.9371942]]}}, {"type": "Feature", "properties": {"county": "桃園市", "district": "大溪區", "highway": "primary", "name": "復興路四段"}, "geometry": {"type": "LineString", "coordinates": [[121.3547118, 24.8248448], [121.3548228, 24.8246309], [121.3548449, 24.8245266], [121.3548361, 24.8243382], [121.3547625, 24.8240789], [121.3546371, 24.8238015], [121.3543251, 24.8231807], [121.3543118, 24.8230791], [121.3543501, 24.822753], [121.3543501, 24.8225873], [121.3542898, 24.8224483], [121.3537788, 24.821763]]}}, {"type": "Feature", "properties": {"county": "桃園市", "district": "大溪區", "highway": "tertiary", "name": "中正路"}, "geometry": {"type": "LineString", "coordinates": [[121.3511237, 24.8151588], [121.3511814, 24.8154302], [121.3512645, 24.8159464], [121.3513516, 24.8168166], [121.351361, 24.8168738], [121.3513933, 24.8174046], [121.3513746, 24.8175957], [121.3513397, 24.8177224], [121.3512297, 24.8179499]]}}, {"type": "Feature", "properties": {"county": "桃園市", "district": "大溪區", "highway": "primary", "name": "復興路四段"}, "geometry": {"type": "LineString", "coordinates": [[121.3529956, 24.8145525], [121.3533207, 24.8141814]]}}, {"type": "Feature", "properties": {"county": "桃園市", "district": "大溪區", "highway": "residential", "name": "龍南路430巷"}, "geometry": {"type": "LineString", "coordinates": [[121.2517928, 24.9195143], [121.2520743, 24.9197605], [121.252363, 24.9200263], [121.2526265, 24.9202689], [121.2527924, 24.9204217]]}}, {"type": "Feature", "properties": {"county": "桃園市", "district": "大溪區", "highway": "residential", "name": "龍南路430巷"}, "geometry": {"type": "LineString", "coordinates": [[121.2517455, 24.9194729], [121.2517928, 24.9195143]]}}, {"type": "Feature", "properties": {"county": "桃園市", "district": "大溪區", "highway": "residential", "name": "貿一路135巷"}, "geometry": {"type": "LineString", "coordinates": [[121.252831, 24.9242833], [121.2526617, 24.9242912], [121.2524512, 24.924301], [121.2521932, 24.9242917], [121.2517506, 24.9242783]]}}, {"type": "Feature", "properties": {"county": "桃園市", "district": "大溪區", "highway": "primary", "name": "復興路"}, "geometry": {"type": "LineString", "coordinates": [[121.2899746, 24.8800638], [121.2896696, 24.8802764], [121.2896368, 24.8802985], [121.2887303, 24.8809076]]}}, {"type": "Feature", "properties": {"county": "桃園市", "district": "大溪區", "highway": "primary", "name": "復興路"}, "geometry": {"type": "LineString", "coordinates": [[121.2904016, 24.8797751], [121.2902212, 24.8798919], [121.2901991, 24.8799073], [121.2899746, 24.8800638]]}}, {"type": "Feature", "properties": {"county": "桃園市", "district": "大溪區", "highway": "trunk_link", "name": null}, "geometry": {"type": "LineString", "coordinates": [[121.2610772, 24.8982676], [121.2609092, 24.8982835], [121.2605802, 24.8982993]]}}, {"type": "Feature", "properties": {"county": "桃園市", "district": "大溪區", "highway": "motorway", "name": "福爾摩沙高速公路"}, "geometry": {"type": "LineString", "coordinates": [[121.3176691, 24.9357132], [121.318447, 24.9363191], [121.3185866, 24.9364172], [121.3191941, 24.9368416], [121.3199203, 24.9373043], [121.3206003, 24.937671], [121.3213932, 24.938053], [121.3219548, 24.9383009], [121.3228482, 24.9386241], [121.3238397, 24.9388996]]}}, {"type": "Feature", "properties": {"county": "桃園市", "district": "大溪區", "highway": "motorway", "name": "福爾摩沙高速公路"}, "geometry": {"type": "LineString", "coordinates": [[121.3237613, 24.9390359], [121.3228187, 24.9387769], [121.3213754, 24.9382012], [121.3208524, 24.9379701], [121.3199356, 24.9374836], [121.3192462, 24.9370726], [121.3186905, 24.9366982], [121.3182211, 24.9363673], [121.3176033, 24.935881]]}}, {"type": "Feature", "properties": {"county": "桃園市", "district": "大溪區", "highway": "motorway", "name": "福爾摩沙高速公路"}, "geometry": {"type": "LineString", "coordinates": [[121.28931, 24.9092351], [121.2893402, 24.9092511], [121.2894135, 24.9092898], [121.2905911, 24.9100769], [121.2915081, 24.9108297], [121.2923243, 24.9116561], [121.29267, 24.9120701]]}}, {"type": "Feature", "properties": {"county": "桃園市", "district": "大溪區", "highway": "motorway", "name": "福爾摩沙高速公路"}, "geometry": {"type": "LineString", "coordinates": [[121.2925465, 24.9121592], [121.2921835, 24.9117656], [121.291392, 24.910952], [121.2905007, 24.9101885], [121.2893265, 24.9094396], [121.2892226, 24.9093855]]}}, {"type": "Feature", "properties": {"county": "桃園市", "district": "大溪區", "highway": "motorway", "name": "福爾摩沙高速公路"}, "geometry": {"type": "LineString", "coordinates": [[121.2741878, 24.9042742], [121.2752165, 24.9049434], [121.2756895, 24.9052457], [121.2760637, 24.9054472], [121.2767149, 24.9057734], [121.2770182, 24.9058907]]}}, {"type": "Feature", "properties": {"county": "桃園市", "district": "大溪區", "highway": "motorway", "name": "福爾摩沙高速公路"}, "geometry": {"type": "LineString", "coordinates": [[121.2771616, 24.9061514], [121.2766304, 24.905885], [121.2759772, 24.9055673], [121.2756204, 24.9053809], [121.2751306, 24.9050966], [121.2741017, 24.9044286]]}}, {"type": "Feature", "properties": {"county": "桃園市", "district": "大溪區", "highway": "motorway_link", "name": "大溪交流道"}, "geometry": {"type": "LineString", "coordinates": [[121.2644919, 24.8914233], [121.2647787, 24.8920646]]}}, {"type": "Feature", "properties": {"county": "桃園市", "district": "大溪區", "highway": "motorway", "name": "福爾摩沙高速公路"}, "geometry": {"type": "LineString", "coordinates": [[121.2891451, 24.9093452], [121.288763, 24.9091463], [121.2882883, 24.908917], [121.2878906, 24.9087305]]}}, {"type": "Feature", "properties": {"county": "桃園市", "district": "大溪區", "highway": "motorway", "name": "福爾摩沙高速公路"}, "geometry": {"type": "LineString", "coordinates": [[121.2892226, 24.9093855], [121.2891451, 24.9093452]]}}, {"type": "Feature", "properties": {"county": "桃園市", "district": "大溪區", "highway": "motorway", "name": "福爾摩沙高速公路"}, "geometry": {"type": "LineString", "coordinates": [[121.2879755, 24.9085724], [121.2883626, 24.9087588], [121.2888276, 24.9089803], [121.2892329, 24.9091944]]}}, {"type": "Feature", "properties": {"county": "桃園市", "district": "大溪區", "highway": "motorway", "name": "福爾摩沙高速公路"}, "geometry": {"type": "LineString", "coordinates": [[121.2892329, 24.9091944], [121.28931, 24.9092351]]}}, {"type": "Feature", "properties": {"county": "桃園市", "district": "大溪區", "highway": "trunk_link", "name": null}, "geometry": {"type": "LineString", "coordinates": [[121.2593668, 24.8983545], [121.2581916, 24.8984094], [121.257717, 24.8984345], [121.2570524, 24.898486], [121.2568435, 24.8985154]]}}, {"type": "Feature", "properties": {"county": "桃園市", "district": "大溪區", "highway": "primary_link", "name": "快速路"}, "geometry": {"type": "LineString", "coordinates": [[121.2628933, 24.8988652], [121.2628027, 24.8987314], [121.2627794, 24.8986997], [121.2627034, 24.8985907], [121.262629, 24.8985018], [121.2625285, 24.8984134], [121.2624144, 24.8983405], [121.2622754, 24.8982775], [121.262118, 24.8982462], [121.2618467, 24.8982369], [121.261632, 24.8982255]]}}, {"type": "Feature", "properties": {"county": "桃園市", "district": "大溪區", "highway": "primary", "name": "快速路"}, "geometry": {"type": "LineString", "coordinates": [[121.2582527, 24.8983018], [121.2609249, 24.8981597], [121.2611769, 24.8981588], [121.2614086, 24.8981604]]}}, {"type": "Feature", "properties": {"county": "桃園市", "district": "大溪區", "highway": "trunk_link", "name": null}, "geometry": {"type": "LineString", "coordinates": [[121.2605815, 24.8982354], [121.2614086, 24.8981604]]}}, {"type": "Feature", "properties": {"county": "桃園市", "district": "大溪區", "highway": "residential", "name": null}, "geometry": {"type": "LineString", "coordinates": [[121.2958404, 24.9358394], [121.2955912, 24.9357432]]}}, {"type": "Feature", "properties": {"county": "桃園市", "district": "大溪區", "highway": "unclassified", "name": null}, "geometry": {"type": "LineString", "coordinates": [[121.2736406, 24.8740763], [121.273735, 24.8740273], [121.2738809, 24.8738685]]}}, {"type": "Feature", "properties": {"county": "桃園市", "district": "大溪區", "highway": "unclassified", "name": "旭日路二段"}, "geometry": {"type": "LineString", "coordinates": [[121.2804826, 24.8853972], [121.2805395, 24.8855492], [121.281039, 24.8868836], [121.2813286, 24.8876647], [121.2815985, 24.8883925], [121.2816576, 24.888564], [121.281707, 24.8887277], [121.2817454, 24.8888908], [121.2817889, 24.8891205], [121.2818358, 24.8893348], [121.2818859, 24.8895081]]}}, {"type": "Feature", "properties": {"county": "桃園市", "district": "大溪區", "highway": "motorway_link", "name": null}, "geometry": {"type": "LineString", "coordinates": [[121.2882883, 24.908917], [121.2883626, 24.9087588]]}}, {"type": "Feature", "properties": {"county": "桃園市", "district": "大溪區", "highway": "motorway_link", "name": null}, "geometry": {"type": "LineString", "coordinates": [[121.2766304, 24.905885], [121.2767149, 24.9057734]]}}, {"type": "Feature", "properties": {"county": "桃園市", "district": "大溪區", "highway": "primary", "name": "快速路"}, "geometry": {"type": "LineString", "coordinates": [[121.2583365, 24.8982412], [121.2613218, 24.8980409], [121.2615591, 24.8979861], [121.2617616, 24.897873], [121.2619306, 24.8977197], [121.2620473, 24.8974825], [121.262105, 24.8972733], [121.2621185, 24.8970999]]}}, {"type": "Feature", "properties": {"county": "桃園市", "district": "大溪區", "highway": "primary_link", "name": null}, "geometry": {"type": "LineString", "coordinates": [[121.2604535, 24.8983537], [121.2602124, 24.8984742]]}}, {"type": "Feature", "properties": {"county": "桃園市", "district": "大溪區", "highway": "primary", "name": "快速路"}, "geometry": {"type": "LineString", "coordinates": [[121.2628933, 24.8988652], [121.2628607, 24.8988512], [121.2627038, 24.8986872], [121.2625797, 24.8985857], [121.2623934, 24.8984768], [121.2621929, 24.8984075], [121.261965, 24.8983691], [121.2616239, 24.8983778], [121.2607882, 24.8984336], [121.2602124, 24.8984742], [121.2600904, 24.8984822], [121.2578469, 24.8986393]]}}, {"type": "Feature", "properties": {"county": "桃園市", "district": "大溪區", "highway": "unclassified", "name": null}, "geometry": {"type": "LineString", "coordinates": [[121.2820659, 24.8896688], [121.2820619, 24.8897124], [121.282041, 24.8899769]]}}, {"type": "Feature", "properties": {"county": "桃園市", "district": "大溪區", "highway": "unclassified", "name": "旭日路二段"}, "geometry": {"type": "LineString", "coordinates": [[121.2819336, 24.8896513], [121.2819444, 24.8896842], [121.282041, 24.8899769]]}}, {"type": "Feature", "properties": {"county": "桃園市", "district": "大溪區", "highway": "unclassified", "name": "旭日路二段"}, "geometry": {"type": "LineString", "coordinates": [[121.2818859, 24.8895081], [121.2819336, 24.8896513]]}}, {"type": "Feature", "properties": {"county": "桃園市", "district": "大溪區", "highway": "unclassified", "name": "旭日路一段"}, "geometry": {"type": "LineString", "coordinates": [[121.2609034, 24.8432548], [121.2606806, 24.8431531], [121.260451, 24.8430444], [121.2602484, 24.8429302], [121.2600621, 24.8428091], [121.2599197, 24.842676], [121.2598016, 24.8425296]]}}, {"type": "Feature", "properties": {"county": "桃園市", "district": "大溪區", "highway": "unclassified", "name": "旭日路一段"}, "geometry": {"type": "LineString", "coordinates": [[121.2563666, 24.8359271], [121.2562278, 24.8357147], [121.2559656, 24.8353222], [121.2555877, 24.834795], [121.2552675, 24.8343353], [121.2549797, 24.8339006], [121.2548029, 24.8335949], [121.2546058, 24.8332293], [121.2544522, 24.8328962], [121.2543529, 24.8326233]]}}, {"type": "Feature", "properties": {"county": "桃園市", "district": "大溪區", "highway": "unclassified", "name": "旭日路一段"}, "geometry": {"type": "LineString", "coordinates": [[121.2522239, 24.8256915], [121.2520029, 24.8254874]]}}, {"type": "Feature", "properties": {"county": "桃園市", "district": "大溪區", "highway": "unclassified", "name": null}, "geometry": {"type": "LineString", "coordinates": [[121.2562278, 24.8357147], [121.2559362, 24.8358685], [121.2558522, 24.8358979], [121.2557647, 24.8359026], [121.2554095, 24.8359292], [121.2553488, 24.8359219], [121.2552948, 24.8358879], [121.2548248, 24.8348664]]}}, {"type": "Feature", "properties": {"county": "桃園市", "district": "大溪區", "highway": "unclassified", "name": null}, "geometry": {"type": "LineString", "coordinates": [[121.2802553, 24.8846842], [121.2803355, 24.8846894], [121.2804676, 24.8846856]]}}, {"type": "Feature", "properties": {"county": "桃園市", "district": "大溪區", "highway": "unclassified", "name": "瑞安路一段287巷"}, "geometry": {"type": "LineString", "coordinates": [[121.2804826, 24.8853972], [121.2805533, 24.8853652], [121.2805779, 24.885354]]}}, {"type": "Feature", "properties": {"county": "桃園市", "district": "大溪區", "highway": "unclassified", "name": "旭日路一段"}, "geometry": {"type": "LineString", "coordinates": [[121.2674717, 24.8511508], [121.2672583, 24.8509358], [121.2663261, 24.8499791], [121.266119, 24.8497502], [121.2658849, 24.8494734], [121.2654993, 24.8489764], [121.2651463, 24.8485116], [121.2642878, 24.8472944], [121.2628807, 24.8452995], [121.2622942, 24.844475], [121.2619719, 24.844027], [121.2617092, 24.8436689], [121.2616334, 24.8435716], [121.2615476, 24.8434971], [121.261458, 24.8434537], [121.2613008, 24.8434005], [121.2611158, 24.8433373], [121.2609034, 24.8432548]]}}, {"type": "Feature", "properties": {"county": "桃園市", "district": "大溪區", "highway": "unclassified", "name": "停車場路"}, "geometry": {"type": "LineString", "coordinates": [[121.3516951, 24.8207873], [121.35179, 24.8206972], [121.3517716, 24.8205518], [121.3517007, 24.8203952]]}}, {"type": "Feature", "properties": {"county": "桃園市", "district": "大溪區", "highway": "secondary", "name": "永昌路"}, "geometry": {"type": "LineString", "coordinates": [[121.2622848, 24.8942902], [121.2622248, 24.8944604], [121.262134, 24.8947859], [121.26211, 24.8949577], [121.2620645, 24.8952541], [121.2620336, 24.8954791]]}}, {"type": "Feature", "properties": {"county": "桃園市", "district": "大溪區", "highway": "tertiary", "name": "南興路一段"}, "geometry": {"type": "LineString", "coordinates": [[121.2620336, 24.8954791], [121.2618298, 24.8954663]]}}, {"type": "Feature", "properties": {"county": "桃園市", "district": "大溪區", "highway": "unclassified", "name": "旭日路一段"}, "geometry": {"type": "LineString", "coordinates": [[121.2566203, 24.8362905], [121.2565988, 24.836254]]}}, {"type": "Feature", "properties": {"county": "桃園市", "district": "大溪區", "highway": "unclassified", "name": "旭日路一段"}, "geometry": {"type": "LineString", "coordinates": [[121.2571322, 24.8370253], [121.2566203, 24.8362905]]}}, {"type": "Feature", "properties": {"county": "桃園市", "district": "大溪區", "highway": "residential", "name": "瑞安路一段298巷"}, "geometry": {"type": "LineString", "coordinates": [[121.2799163, 24.8847478], [121.2799699, 24.8851857], [121.2800182, 24.8853268], [121.2801421, 24.8854951], [121.2802401, 24.8854984]]}}, {"type": "Feature", "properties": {"county": "桃園市", "district": "大溪區", "highway": "primary", "name": "中正路三段"}, "geometry": {"type": "LineString", "coordinates": [[121.3544608, 24.9036109], [121.3543609, 24.9036383], [121.3542238, 24.9036652], [121.3539998, 24.903675], [121.3526331, 24.9036097]]}}, {"type": "Feature", "properties": {"county": "桃園市", "district": "大溪區", "highway": "primary", "name": "中正路三段"}, "geometry": {"type": "LineString", "coordinates": [[121.3544139, 24.9035452], [121.3546523, 24.9034803], [121.3549266, 24.9034183], [121.3550556, 24.9034177], [121.3551859, 24.9034181], [121.3552993, 24.9034178]]}}, {"type": "Feature", "properties": {"county": "桃園市", "district": "大溪區", "highway": "primary", "name": "中正路三段"}, "geometry": {"type": "LineString", "coordinates": [[121.3549394, 24.9034957], [121.3547488, 24.9035315], [121.3544608, 24.9036109]]}}, {"type": "Feature", "properties": {"county": "桃園市", "district": "大溪區", "highway": "primary", "name": "中正路三段"}, "geometry": {"type": "LineString", "coordinates": [[121.3526696, 24.9035401], [121.3540172, 24.9035947], [121.3541789, 24.9035923], [121.3543182, 24.9035702], [121.3544139, 24.9035452]]}}, {"type": "Feature", "properties": {"county": "桃園市", "district": "大溪區", "highway": "primary", "name": "大埔公路"}, "geometry": {"type": "LineString", "coordinates": [[121.3468004, 24.8513729], [121.3467055, 24.8513576], [121.3465319, 24.8513707], [121.346411, 24.8514116], [121.3463356, 24.8514823], [121.3462806, 24.8516012], [121.3462705, 24.8517098], [121.346295, 24.8518551], [121.3464598, 24.852374], [121.3464551, 24.8525001], [121.3463902, 24.8526179], [121.346096, 24.8528495], [121.3459316, 24.8529359], [121.3458206, 24.8529712], [121.3457009, 24.8529882], [121.3448386, 24.852945], [121.3447319, 24.8529751], [121.344641, 24.8530497], [121.3445963, 24.8531334], [121.3446021, 24.8534671], [121.3445906, 24.8535469], [121.34453, 24.853649], [121.3443828, 24.8538142], [121.3442309, 24.8539481], [121.344085, 24.8540372], [121.3439474, 24.8540598], [121.343822, 24.8540389], [121.343768, 24.8540144], [121.3437152, 24.8539905], [121.3436352, 24.8538693]]}}, {"type": "Feature", "properties": {"county": "桃園市", "district": "大溪區", "highway": "tertiary", "name": "文化路"}, "geometry": {"type": "LineString", "coordinates": [[121.3605486, 24.9356555], [121.3600282, 24.9354867], [121.3594754, 24.9352943], [121.3590081, 24.935099], [121.3586244, 24.9349795], [121.3584162, 24.9349145], [121.3581245, 24.934909], [121.3579804, 24.9349192], [121.357843, 24.9349433], [121.3578152, 24.9349494], [121.3577452, 24.9349692]]}}, {"type": "Feature", "properties": {"county": "桃園市", "district": "大溪區", "highway": "unclassified", "name": null}, "geometry": {"type": "LineString", "coordinates": [[121.2609169, 24.8257997], [121.2598233, 24.8252715], [121.2597853, 24.8252178], [121.2597846, 24.8251742], [121.2601973, 24.8247762], [121.2608763, 24.8241215]]}}, {"type": "Feature", "properties": {"county": "桃園市", "district": "大溪區", "highway": "unclassified", "name": null}, "geometry": {"type": "LineString", "coordinates": [[121.2776071, 24.8986984], [121.2780642, 24.8990158], [121.2777223, 24.8994192], [121.278626, 24.9000324], [121.2782611, 24.9004382], [121.2779202, 24.9008184]]}}, {"type": "Feature", "properties": {"county": "桃園市", "district": "大溪區", "highway": "unclassified", "name": null}, "geometry": {"type": "LineString", "coordinates": [[121.2780642, 24.8990158], [121.2784083, 24.8986425], [121.2793044, 24.8992699], [121.278626, 24.9000324]]}}, {"type": "Feature", "properties": {"county": "桃園市", "district": "大溪區", "highway": "unclassified", "name": null}, "geometry": {"type": "LineString", "coordinates": [[121.278626, 24.9000324], [121.2805924, 24.9013833]]}}, {"type": "Feature", "properties": {"county": "桃園市", "district": "大溪區", "highway": "unclassified", "name": null}, "geometry": {"type": "LineString", "coordinates": [[121.2793044, 24.8992699], [121.2812791, 24.9006071]]}}, {"type": "Feature", "properties": {"county": "桃園市", "district": "大溪區", "highway": "unclassified", "name": null}, "geometry": {"type": "LineString", "coordinates": [[121.2786144, 24.9016197], [121.2794435, 24.9005986], [121.2807175, 24.8990296]]}}, {"type": "Feature", "properties": {"county": "桃園市", "district": "大溪區", "highway": "secondary", "name": "羅馬路一段"}, "geometry": {"type": "LineString", "coordinates": [[121.3520644, 24.8000993], [121.3520275, 24.8001156], [121.3519897, 24.8001485], [121.3519655, 24.8002036], [121.3519612, 24.8002576], [121.351972, 24.800357], [121.3520794, 24.8005249], [121.3520978, 24.8005724], [121.352111, 24.8006142], [121.3521165, 24.8006812], [121.3520995, 24.8007243], [121.3520516, 24.8007735], [121.3519698, 24.8008147], [121.3519183, 24.8008283], [121.3517263, 24.8008511], [121.3514817, 24.8008617], [121.3512785, 24.8008653], [121.3512073, 24.8008776], [121.351161, 24.8009491], [121.3511149, 24.8010096], [121.3510653, 24.8010833], [121.3510385, 24.8012221], [121.3510311, 24.80144], [121.3510794, 24.8016458], [121.3511737, 24.8017863], [121.3512074, 24.801958], [121.3512454, 24.8021615], [121.3512401, 24.8022339], [121.3510993, 24.8025028], [121.3510323, 24.8026738], [121.3509672, 24.8027393], [121.3508706, 24.802832], [121.3506401, 24.8028503], [121.3505295, 24.8028747], [121.350327, 24.8029842], [121.3501052, 24.8031438], [121.3498831, 24.8032926], [121.3497517, 24.8033891], [121.3496511, 24.8034286], [121.3494698, 24.8034488], [121.3492727, 24.8035455], [121.3490805, 24.8036459], [121.348865, 24.803803], [121.3487653, 24.8038651], [121.3486808, 24.8038821], [121.348595, 24.8038699], [121.3478994, 24.8036742], [121.346824, 24.8034414], [121.3462787, 24.8032628], [121.3460883, 24.8031954], [121.345639, 24.8031011], [121.3454734, 24.8030434], [121.3452883, 24.8029606]]}}]}