{"type": "FeatureCollection", "features": [{"type": "Feature", "properties": {"county": "台北市", "district": "大同區", "highway": "secondary", "name": "重慶北路一段"}, "geometry": {"type": "LineString", "coordinates": [[121.5141978, 25.0535468], [121.5141678, 25.0534056], [121.5140542, 25.0528585], [121.5139815, 25.052315], [121.5138746, 25.051712], [121.513851, 25.0515788], [121.513833, 25.0515182], [121.5137505, 25.051241], [121.5135594, 25.0506192], [121.5134602, 25.0502835], [121.5132735, 25.049556]]}}, {"type": "Feature", "properties": {"county": "台北市", "district": "大同區", "highway": "residential", "name": "太原路"}, "geometry": {"type": "LineString", "coordinates": [[121.5169697, 25.0571879], [121.5170006, 25.056864], [121.5169554, 25.0566771], [121.5168648, 25.0563181], [121.5168152, 25.0561211], [121.5167657, 25.0559319], [121.5166606, 25.0555789], [121.516539, 25.055162], [121.516432, 25.0547596], [121.5163571, 25.0545094], [121.5163112, 25.0543722], [121.5161599, 25.0537511], [121.5161359, 25.05367]]}}, {"type": "Feature", "properties": {"county": "台北市", "district": "大同區", "highway": "secondary", "name": "承德路一段"}, "geometry": {"type": "LineString", "coordinates": [[121.5176005, 25.0532381], [121.5175721, 25.0531435], [121.5174874, 25.0528454], [121.5173593, 25.0523806], [121.5172374, 25.0519382], [121.5172175, 25.0518658], [121.5171227, 25.0515218], [121.5169742, 25.0509828], [121.5169549, 25.0509118]]}}, {"type": "Feature", "properties": {"county": "台北市", "district": "大同區", "highway": "tertiary", "name": "長安西路"}, "geometry": {"type": "LineString", "coordinates": [[121.5072941, 25.0523944], [121.5073906, 25.0523811], [121.5080264, 25.0521502], [121.5084471, 25.0520019], [121.5084503, 25.052002], [121.5085652, 25.0520043]]}}, {"type": "Feature", "properties": {"county": "台北市", "district": "大同區", "highway": "secondary", "name": "承德路三段"}, "geometry": {"type": "LineString", "coordinates": [[121.5183691, 25.062823], [121.5183756, 25.0629584]]}}, {"type": "Feature", "properties": {"county": "台北市", "district": "大同區", "highway": "secondary", "name": "承德路四段"}, "geometry": {"type": "LineString", "coordinates": [[121.5221757, 25.0801549], [121.5222206, 25.0802276]]}}, {"type": "Feature", "properties": {"county": "台北市", "district": "大同區", "highway": "secondary", "name": "承德橋"}, "geometry": {"type": "LineString", "coordinates": [[121.5220567, 25.0802012], [121.5214507, 25.0790296], [121.5214051, 25.0789228], [121.5201513, 25.0754249]]}}, {"type": "Feature", "properties": {"county": "台北市", "district": "大同區", "highway": "residential", "name": "哈密街"}, "geometry": {"type": "LineString", "coordinates": [[121.5127108, 25.072866], [121.5136339, 25.0729113], [121.5137476, 25.0729173]]}}, {"type": "Feature", "properties": {"county": "台北市", "district": "大同區", "highway": "tertiary", "name": "酒泉街"}, "geometry": {"type": "LineString", "coordinates": [[121.5090797, 25.0721713], [121.5091887, 25.0721743]]}}, {"type": "Feature", "properties": {"county": "台北市", "district": "大同區", "highway": "tertiary", "name": "酒泉街"}, "geometry": {"type": "LineString", "coordinates": [[121.5138635, 25.0720423], [121.5139972, 25.0720388], [121.5141973, 25.0720336], [121.5148854, 25.0720165], [121.5149464, 25.0720154], [121.5153432, 25.0720032], [121.5154512, 25.0719998], [121.5155732, 25.071996], [121.5158019, 25.0719889], [121.5158877, 25.0719852], [121.51597, 25.071984], [121.5161244, 25.0719822]]}}, {"type": "Feature", "properties": {"county": "台北市", "district": "大同區", "highway": "motorway", "name": "汐止五股高架道路"}, "geometry": {"type": "LineString", "coordinates": [[121.5095236, 25.0784523], [121.5083991, 25.0784347], [121.507189, 25.0783591], [121.506173, 25.0782928], [121.5050328, 25.078213]]}}, {"type": "Feature", "properties": {"county": "台北市", "district": "大同區", "highway": "tertiary", "name": "延平北路一段"}, "geometry": {"type": "LineString", "coordinates": [[121.5117574, 25.0538732], [121.5117618, 25.053773], [121.5117655, 25.0536903], [121.5117858, 25.0532354], [121.5118117, 25.0527753], [121.5118127, 25.0527576], [121.5118561, 25.052043], [121.5118869, 25.0515621], [121.5119068, 25.0513092], [121.511953, 25.0507344], [121.5120133, 25.0499834]]}}, {"type": "Feature", "properties": {"county": "台北市", "district": "大同區", "highway": "secondary", "name": "承德橋"}, "geometry": {"type": "LineString", "coordinates": [[121.5202718, 25.0753741], [121.5213015, 25.0782468], [121.521542, 25.0789148], [121.5215649, 25.0789769], [121.5221757, 25.0801549]]}}, {"type": "Feature", "properties": {"county": "台北市", "district": "大同區", "highway": "primary", "name": "中山北路一段"}, "geometry": {"type": "LineString", "coordinates": [[121.5225358, 25.052193], [121.5225035, 25.0520575], [121.5224294, 25.0517462], [121.5223926, 25.0516192], [121.5222755, 25.0512818], [121.5221463, 25.0509672], [121.5217096, 25.0499993], [121.5216945, 25.0499666], [121.5216305, 25.0498283]]}}, {"type": "Feature", "properties": {"county": "台北市", "district": "大同區", "highway": "residential", "name": "華陰街"}, "geometry": {"type": "LineString", "coordinates": [[121.5210165, 25.0489163], [121.52098, 25.0489248], [121.5206864, 25.0489933], [121.520448, 25.0490475], [121.5202126, 25.0491067], [121.5200562, 25.0491461], [121.5200048, 25.0491588], [121.5198458, 25.0491981], [121.5196225, 25.0492471], [121.5195245, 25.0492711], [121.5194281, 25.0492965], [121.5190497, 25.0493804], [121.5181044, 25.0495833], [121.5174735, 25.0497372], [121.5172862, 25.0497807], [121.5169674, 25.0498547], [121.5168272, 25.0498871], [121.5167533, 25.0499025], [121.5166839, 25.0499169], [121.5165829, 25.0499436], [121.5162354, 25.0500249], [121.5161748, 25.0500405], [121.5158623, 25.0501207], [121.5154821, 25.0502133], [121.5152827, 25.0502618], [121.5151862, 25.0502853], [121.5151046, 25.0503055], [121.5146846, 25.0504093], [121.51446, 25.0504584], [121.5143079, 25.0504938], [121.5141772, 25.0505242], [121.5140165, 25.0505615], [121.5138666, 25.0505964], [121.5137217, 25.0506178], [121.5135594, 25.0506192]]}}, {"type": "Feature", "properties": {"county": "台北市", "district": "大同區", "highway": "residential", "name": "太原路"}, "geometry": {"type": "LineString", "coordinates": [[121.5148728, 25.0492011], [121.5149647, 25.0495015], [121.5150287, 25.0497094], [121.5150623, 25.0498372], [121.5151133, 25.0500336], [121.5151659, 25.0502151], [121.5151862, 25.0502853], [121.5152062, 25.0503519], [121.5152389, 25.0504705], [121.5153107, 25.0507422], [121.5153696, 25.0509616], [121.5154188, 25.051168], [121.5154408, 25.0512603]]}}, {"type": "Feature", "properties": {"county": "台北市", "district": "大同區", "highway": "tertiary", "name": "農安街"}, "geometry": {"type": "LineString", "coordinates": [[121.5217409, 25.0648343], [121.5220667, 25.0648781], [121.522146, 25.0648887]]}}, {"type": "Feature", "properties": {"county": "台北市", "district": "大同區", "highway": "tertiary", "name": "天水路"}, "geometry": {"type": "LineString", "coordinates": [[121.5141978, 25.0535468], [121.5141157, 25.053534], [121.5136153, 25.0532098]]}}, {"type": "Feature", "properties": {"county": "台北市", "district": "大同區", "highway": "tertiary", "name": "鄭州路"}, "geometry": {"type": "LineString", "coordinates": [[121.5068505, 25.0506974], [121.5069271, 25.0505654], [121.5079626, 25.0504335], [121.508136, 25.0504059]]}}, {"type": "Feature", "properties": {"county": "台北市", "district": "大同區", "highway": "motorway", "name": "汐止五股高架道路"}, "geometry": {"type": "LineString", "coordinates": [[121.537569, 25.0732707], [121.5367737, 25.0731772], [121.536259, 25.0731471], [121.535583, 25.0731544], [121.5350011, 25.0732042], [121.5343882, 25.0732966], [121.5336036, 25.0734411], [121.533043, 25.0735357], [121.5324275, 25.0736245], [121.5316041, 25.0737108], [121.5306625, 25.0737957], [121.5300443, 25.0738723], [121.5294865, 25.073978], [121.5288883, 25.0741419], [121.5282485, 25.0743631], [121.5273769, 25.0746886], [121.5260291, 25.0751854], [121.5249709, 25.0755741], [121.5241327, 25.0758923], [121.5230554, 25.0762673], [121.5223487, 25.0764933], [121.5215011, 25.0767532], [121.5203611, 25.0770728], [121.5197449, 25.0772312], [121.519114, 25.07738], [121.518033, 25.0776133], [121.5169389, 25.0778288], [121.516066, 25.0779751], [121.5153102, 25.0780883], [121.5145297, 25.0781831], [121.513481, 25.0782924], [121.5124939, 25.0783726], [121.5115042, 25.0784333], [121.510396, 25.0784735], [121.5095236, 25.0784523]]}}, {"type": "Feature", "properties": {"county": "台北市", "district": "大同區", "highway": "motorway", "name": "圓山大橋"}, "geometry": {"type": "LineString", "coordinates": [[121.5279383, 25.0742886], [121.5276892, 25.0743848], [121.5273564, 25.0745085], [121.5269236, 25.074673], [121.5262204, 25.0749349], [121.5251462, 25.0753576], [121.5243133, 25.0756759], [121.523439, 25.075982], [121.5226732, 25.076231], [121.5217486, 25.0765078], [121.5200876, 25.0769537]]}}, {"type": "Feature", "properties": {"county": "台北市", "district": "大同區", "highway": "motorway", "name": "中山高速公路"}, "geometry": {"type": "LineString", "coordinates": [[121.5200876, 25.0769537], [121.519202, 25.0771628], [121.5189302, 25.077227], [121.5177286, 25.0774772], [121.5165806, 25.0776861], [121.5162767, 25.0777278], [121.5158723, 25.0777858]]}}, {"type": "Feature", "properties": {"county": "台北市", "district": "大同區", "highway": "tertiary", "name": "民族西路"}, "geometry": {"type": "LineString", "coordinates": [[121.5092794, 25.0686731], [121.5099005, 25.0686605], [121.5106448, 25.068648], [121.5106977, 25.0686471], [121.5107747, 25.0686458], [121.5108694, 25.0686909]]}}, {"type": "Feature", "properties": {"county": "台北市", "district": "大同區", "highway": "motorway", "name": "中山高速公路"}, "geometry": {"type": "LineString", "coordinates": [[121.5093477, 25.0781175], [121.5105386, 25.0780981], [121.5112374, 25.0780703]]}}, {"type": "Feature", "properties": {"county": "台北市", "district": "大同區", "highway": "motorway", "name": "汐止五股高架道路"}, "geometry": {"type": "LineString", "coordinates": [[121.509639, 25.0779291], [121.5109694, 25.0778513], [121.5117486, 25.0778088], [121.5128872, 25.0777384], [121.5141049, 25.0776339], [121.5152757, 25.0775052], [121.5164411, 25.0773546], [121.5178292, 25.0771335], [121.519063, 25.0769136], [121.5202324, 25.0766537], [121.5210143, 25.0764496], [121.5218016, 25.0762213], [121.5226813, 25.0759419], [121.5232533, 25.0757347], [121.52376, 25.0755255], [121.5243782, 25.0752716], [121.5250232, 25.0749753], [121.525783, 25.0746163], [121.5264126, 25.074329], [121.526888, 25.0741359], [121.5272616, 25.0740058]]}}, {"type": "Feature", "properties": {"county": "台北市", "district": "大同區", "highway": "motorway", "name": "淡水河橋"}, "geometry": {"type": "LineString", "coordinates": [[121.5010328, 25.0772624], [121.5018804, 25.0774276], [121.5030391, 25.0776316], [121.5040369, 25.0777774], [121.5048811, 25.0778835], [121.5057535, 25.0779717], [121.5066333, 25.0780398], [121.5074487, 25.0780689], [121.5084143, 25.0780884], [121.5093477, 25.0781175]]}}, {"type": "Feature", "properties": {"county": "台北市", "district": "大同區", "highway": "motorway_link", "name": "台北交流道"}, "geometry": {"type": "LineString", "coordinates": [[121.5153384, 25.0775915], [121.515845, 25.0775229]]}}, {"type": "Feature", "properties": {"county": "台北市", "district": "大同區", "highway": "motorway_link", "name": "台北交流道"}, "geometry": {"type": "LineString", "coordinates": [[121.515845, 25.0775229], [121.5164636, 25.0774263], [121.5173956, 25.0772599]]}}, {"type": "Feature", "properties": {"county": "台北市", "district": "大同區", "highway": "motorway_link", "name": "台北交流道"}, "geometry": {"type": "LineString", "coordinates": [[121.5143192, 25.0793338], [121.5140362, 25.0794002], [121.5138109, 25.0794245], [121.5135319, 25.0794196], [121.5132637, 25.0793905]]}}, {"type": "Feature", "properties": {"county": "台北市", "district": "大同區", "highway": "motorway_link", "name": "台北交流道"}, "geometry": {"type": "LineString", "coordinates": [[121.5132637, 25.0793905], [121.5129646, 25.0793067]]}}, {"type": "Feature", "properties": {"county": "台北市", "district": "大同區", "highway": "motorway", "name": "淡水河橋"}, "geometry": {"type": "LineString", "coordinates": [[121.5093477, 25.0782813], [121.5078886, 25.0782633], [121.5069551, 25.0782244], [121.5059037, 25.0781467], [121.504865, 25.0780268], [121.5033824, 25.0778454], [121.5021379, 25.0776316], [121.5009792, 25.0774179]]}}, {"type": "Feature", "properties": {"county": "台北市", "district": "大同區", "highway": "motorway_link", "name": "台北交流道"}, "geometry": {"type": "LineString", "coordinates": [[121.515384, 25.077962], [121.5151091, 25.0780495], [121.5148932, 25.0781333], [121.5146263, 25.0783095], [121.5144197, 25.078522], [121.5142723, 25.0787382], [121.5141033, 25.0790321], [121.5137674, 25.079882], [121.513662, 25.0800901]]}}, {"type": "Feature", "properties": {"county": "台北市", "district": "大同區", "highway": "motorway", "name": "中山高速公路"}, "geometry": {"type": "LineString", "coordinates": [[121.5153792, 25.0778545], [121.514934, 25.0779141], [121.5147133, 25.0779495], [121.5145941, 25.0779669]]}}, {"type": "Feature", "properties": {"county": "台北市", "district": "大同區", "highway": "motorway", "name": "中山高速公路"}, "geometry": {"type": "LineString", "coordinates": [[121.5158723, 25.0777858], [121.5153792, 25.0778545]]}}, {"type": "Feature", "properties": {"county": "台北市", "district": "大同區", "highway": "motorway", "name": "中山高速公路"}, "geometry": {"type": "LineString", "coordinates": [[121.5158618, 25.0776337], [121.5165108, 25.0775367], [121.5178278, 25.0772987], [121.519011, 25.0770539], [121.5194183, 25.076944]]}}, {"type": "Feature", "properties": {"county": "台北市", "district": "大同區", "highway": "motorway", "name": "中山高速公路"}, "geometry": {"type": "LineString", "coordinates": [[121.5153535, 25.0777044], [121.5158618, 25.0776337]]}}, {"type": "Feature", "properties": {"county": "台北市", "district": "大同區", "highway": "motorway", "name": "中山高速公路"}, "geometry": {"type": "LineString", "coordinates": [[121.5145941, 25.0779669], [121.5126893, 25.0781275]]}}, {"type": "Feature", "properties": {"county": "台北市", "district": "大同區", "highway": "motorway_link", "name": "台北交流道"}, "geometry": {"type": "LineString", "coordinates": [[121.5132221, 25.0782426], [121.5130505, 25.0783167], [121.5129257, 25.0783859], [121.5128279, 25.0784734], [121.5127635, 25.0785693], [121.5127299, 25.0786872], [121.5127273, 25.0788025], [121.5127608, 25.0789216], [121.5128332, 25.07902], [121.5129151, 25.0790929], [121.5130228, 25.0791439], [121.513173, 25.0791694], [121.5132789, 25.0791682], [121.5134171, 25.0791208], [121.5135164, 25.0790576], [121.5135941, 25.0789677], [121.5136732, 25.0788451], [121.5137229, 25.0786871], [121.5137458, 25.0784107], [121.5138034, 25.0781539]]}}, {"type": "Feature", "properties": {"county": "台北市", "district": "大同區", "highway": "motorway", "name": "中山高速公路"}, "geometry": {"type": "LineString", "coordinates": [[121.513607, 25.0779], [121.5142588, 25.0778381]]}}, {"type": "Feature", "properties": {"county": "台北市", "district": "大同區", "highway": "motorway_link", "name": "台北交流道"}, "geometry": {"type": "LineString", "coordinates": [[121.5135922, 25.0777762], [121.5142428, 25.0777093]]}}, {"type": "Feature", "properties": {"county": "台北市", "district": "大同區", "highway": "motorway_link", "name": "台北交流道"}, "geometry": {"type": "LineString", "coordinates": [[121.5158919, 25.07785], [121.515384, 25.077962]]}}, {"type": "Feature", "properties": {"county": "台北市", "district": "大同區", "highway": "motorway_link", "name": "台北交流道"}, "geometry": {"type": "LineString", "coordinates": [[121.5138006, 25.0779353], [121.5137121, 25.0774166], [121.5136913, 25.0773666], [121.5136585, 25.0772879], [121.5135754, 25.0772089], [121.5134681, 25.077153], [121.5133648, 25.0771154], [121.5132629, 25.0770923], [121.5131529, 25.0770899], [121.5130384, 25.0771166], [121.5129311, 25.0771652], [121.5128345, 25.0772332], [121.5127702, 25.0773304], [121.5127594, 25.0774373], [121.5127808, 25.0775503], [121.512856, 25.0776437], [121.5129592, 25.0777008], [121.513143, 25.0777471], [121.5135362, 25.0777808]]}}, {"type": "Feature", "properties": {"county": "台北市", "district": "大同區", "highway": "motorway_link", "name": "台北交流道"}, "geometry": {"type": "LineString", "coordinates": [[121.5110536, 25.0777968], [121.5128453, 25.0770097], [121.5129343, 25.0769844], [121.5130195, 25.0769661], [121.5132638, 25.0769365], [121.5133946, 25.0769099]]}}, {"type": "Feature", "properties": {"county": "台北市", "district": "大同區", "highway": "motorway", "name": "中山高速公路"}, "geometry": {"type": "LineString", "coordinates": [[121.5142588, 25.0778381], [121.5153535, 25.0777044]]}}, {"type": "Feature", "properties": {"county": "台北市", "district": "大同區", "highway": "motorway_link", "name": "台北交流道"}, "geometry": {"type": "LineString", "coordinates": [[121.5142428, 25.0777093], [121.5144324, 25.0777025], [121.5153384, 25.0775915]]}}, {"type": "Feature", "properties": {"county": "台北市", "district": "大同區", "highway": "motorway_link", "name": "台北交流道"}, "geometry": {"type": "LineString", "coordinates": [[121.5142428, 25.0777093], [121.5144639, 25.0776316], [121.5147322, 25.0775235], [121.5148516, 25.0774081], [121.5148972, 25.0773], [121.5149106, 25.077209], [121.5148959, 25.0770838], [121.5148408, 25.0769903], [121.5147657, 25.0769125], [121.5146692, 25.0768542], [121.5145552, 25.0768239], [121.5144224, 25.0768251], [121.5143017, 25.076859], [121.5142089, 25.0769191], [121.514115, 25.0770452], [121.5140664, 25.077156], [121.5140434, 25.0772712], [121.5140265, 25.0773956], [121.5139835, 25.0775619]]}}, {"type": "Feature", "properties": {"county": "台北市", "district": "大同區", "highway": "motorway_link", "name": "台北交流道"}, "geometry": {"type": "LineString", "coordinates": [[121.5143771, 25.0764942], [121.514507, 25.0765981], [121.5146789, 25.0766867], [121.5149797, 25.0768449], [121.5152452, 25.0770376], [121.5154132, 25.077244], [121.5155003, 25.0774236], [121.515542, 25.0776436], [121.5155668, 25.0777862], [121.5155784, 25.0780164], [121.5155462, 25.0781915], [121.5154657, 25.0784115], [121.5153888, 25.0785444], [121.5153034, 25.0786724], [121.5151942, 25.0788019], [121.5150804, 25.0789097], [121.5148891, 25.0790589], [121.5146268, 25.0792075], [121.5143192, 25.0793338]]}}, {"type": "Feature", "properties": {"county": "台北市", "district": "大同區", "highway": "motorway_link", "name": "台北交流道"}, "geometry": {"type": "LineString", "coordinates": [[121.5132924, 25.0803683], [121.5133742, 25.0799577], [121.5133594, 25.0798666], [121.5133152, 25.0797573], [121.513224, 25.0796565], [121.5127358, 25.079354]]}}, {"type": "Feature", "properties": {"county": "台北市", "district": "大同區", "highway": "motorway_link", "name": "台北交流道"}, "geometry": {"type": "LineString", "coordinates": [[121.5162767, 25.0777278], [121.5158919, 25.07785]]}}, {"type": "Feature", "properties": {"county": "台北市", "district": "大同區", "highway": "motorway", "name": "圓山大橋"}, "geometry": {"type": "LineString", "coordinates": [[121.520074, 25.0768039], [121.521722, 25.076356], [121.5226222, 25.0760832], [121.5233616, 25.0758423], [121.524518, 25.0754383], [121.5260448, 25.0748437], [121.5272317, 25.074393], [121.527861, 25.0741497]]}}, {"type": "Feature", "properties": {"county": "台北市", "district": "大同區", "highway": "motorway_link", "name": "台北交流道"}, "geometry": {"type": "LineString", "coordinates": [[121.5093477, 25.0781175], [121.5100987, 25.0780495], [121.5105386, 25.077962], [121.5110536, 25.0777968]]}}, {"type": "Feature", "properties": {"county": "台北市", "district": "大同區", "highway": "motorway_link", "name": "台北交流道"}, "geometry": {"type": "LineString", "coordinates": [[121.5139267, 25.0757059], [121.513996, 25.0760291], [121.5140422, 25.0761653], [121.5141326, 25.0762993], [121.5142298, 25.076389], [121.5143771, 25.0764942]]}}, {"type": "Feature", "properties": {"county": "台北市", "district": "大同區", "highway": "primary", "name": "重慶北路三段"}, "geometry": {"type": "LineString", "coordinates": [[121.5136869, 25.0629103], [121.5137149, 25.0631189]]}}, {"type": "Feature", "properties": {"county": "台北市", "district": "大同區", "highway": "secondary", "name": "南京西路"}, "geometry": {"type": "LineString", "coordinates": [[121.5150515, 25.0538401], [121.5150948, 25.0538236], [121.5151572, 25.0538053], [121.5155318, 25.0537203], [121.5158412, 25.0536478], [121.5159996, 25.0536128], [121.5161104, 25.0535895]]}}, {"type": "Feature", "properties": {"county": "台北市", "district": "大同區", "highway": "tertiary", "name": "民生西路"}, "geometry": {"type": "LineString", "coordinates": [[121.5136941, 25.0569905], [121.5138554, 25.0569922]]}}, {"type": "Feature", "properties": {"county": "台北市", "district": "大同區", "highway": "secondary", "name": "環河北路三段"}, "geometry": {"type": "LineString", "coordinates": [[121.5084638, 25.0786649], [121.5083629, 25.079177], [121.5081365, 25.0801524]]}}, {"type": "Feature", "properties": {"county": "台北市", "district": "大同區", "highway": "tertiary", "name": "敦煌路"}, "geometry": {"type": "LineString", "coordinates": [[121.5212915, 25.0748971], [121.5211925, 25.0749787]]}}, {"type": "Feature", "properties": {"county": "台北市", "district": "大同區", "highway": "secondary", "name": "環河北路二段"}, "geometry": {"type": "LineString", "coordinates": [[121.5092076, 25.0687745], [121.5092155, 25.0688483], [121.5092747, 25.0692488], [121.509291, 25.0693414], [121.5093171, 25.0695529], [121.5093239, 25.0697007], [121.509316, 25.0700847], [121.509316, 25.0706512], [121.5093097, 25.0709457], [121.5092924, 25.0712142], [121.5092488, 25.0715898], [121.5091887, 25.0721743]]}}, {"type": "Feature", "properties": {"county": "台北市", "district": "大同區", "highway": "secondary", "name": "環河北路二段"}, "geometry": {"type": "LineString", "coordinates": [[121.5083101, 25.0786348], [121.5084572, 25.0778052], [121.5084358, 25.0774262], [121.5084608, 25.0772712], [121.5085001, 25.0770278], [121.5085702, 25.0766073], [121.5086718, 25.0759977], [121.5087672, 25.0751943]]}}, {"type": "Feature", "properties": {"county": "台北市", "district": "大同區", "highway": "tertiary", "name": null}, "geometry": {"type": "LineString", "coordinates": [[121.5088465, 25.0761258], [121.5093698, 25.0762688], [121.509506, 25.076306], [121.510082, 25.0764624], [121.5101712, 25.0764834], [121.5102654, 25.0764952], [121.5103875, 25.076498]]}}, {"type": "Feature", "properties": {"county": "台北市", "district": "大同區", "highway": "secondary_link", "name": null}, "geometry": {"type": "LineString", "coordinates": [[121.5084608, 25.0772712], [121.5087432, 25.076236], [121.5087627, 25.0761888], [121.5088033, 25.0761509], [121.5088465, 25.0761258]]}}, {"type": "Feature", "properties": {"county": "台北市", "district": "大同區", "highway": "secondary_link", "name": null}, "geometry": {"type": "LineString", "coordinates": [[121.5088465, 25.0761258], [121.508835, 25.0760915], [121.5088259, 25.0760486], [121.5087672, 25.0751943]]}}, {"type": "Feature", "properties": {"county": "台北市", "district": "大同區", "highway": "residential", "name": "延平北路四段294巷"}, "geometry": {"type": "LineString", "coordinates": [[121.5121072, 25.0770526], [121.5119963, 25.0770996], [121.5113182, 25.0773881], [121.5111632, 25.0774541], [121.5110104, 25.0775192], [121.5106599, 25.0776625], [121.510542, 25.0776808], [121.5104442, 25.0776776], [121.51038, 25.0776617], [121.5103336, 25.0776425], [121.5094043, 25.0770745]]}}, {"type": "Feature", "properties": {"county": "台北市", "district": "大同區", "highway": "motorway", "name": "中山高速公路"}, "geometry": {"type": "LineString", "coordinates": [[121.5112372, 25.0782032], [121.5107639, 25.0782244], [121.510088, 25.0782522], [121.5093477, 25.0782813]]}}, {"type": "Feature", "properties": {"county": "台北市", "district": "大同區", "highway": "tertiary", "name": "延平北路三段"}, "geometry": {"type": "LineString", "coordinates": [[121.5112123, 25.0629369], [121.5112047, 25.0630561]]}}, {"type": "Feature", "properties": {"county": "台北市", "district": "大同區", "highway": "residential", "name": null}, "geometry": {"type": "LineString", "coordinates": [[121.5157591, 25.0764364], [121.5157684, 25.0767029], [121.5162619, 25.0767904], [121.5166133, 25.0768171], [121.5175011, 25.0767005], [121.5173056, 25.0760665], [121.5172811, 25.0759937]]}}, {"type": "Feature", "properties": {"county": "台北市", "district": "大同區", "highway": "tertiary", "name": "慶昌橋"}, "geometry": {"type": "LineString", "coordinates": [[121.5171419, 25.0760216], [121.5155513, 25.0764305], [121.5152915, 25.0764836], [121.5149911, 25.076503], [121.5136094, 25.0765193], [121.5114039, 25.0765419]]}}, {"type": "Feature", "properties": {"county": "台北市", "district": "大同區", "highway": "tertiary", "name": "敦煌路"}, "geometry": {"type": "LineString", "coordinates": [[121.5171337, 25.0759425], [121.5172541, 25.0759079]]}}, {"type": "Feature", "properties": {"county": "台北市", "district": "大同區", "highway": "residential", "name": "承德路三段299巷"}, "geometry": {"type": "LineString", "coordinates": [[121.5212963, 25.075371], [121.5204891, 25.0756032], [121.5204508, 25.0756162]]}}, {"type": "Feature", "properties": {"county": "台北市", "district": "大同區", "highway": "unclassified", "name": null}, "geometry": {"type": "LineString", "coordinates": [[121.5202163, 25.0751456], [121.5203038, 25.0752072], [121.5204508, 25.0756162], [121.5205982, 25.0760529], [121.5207056, 25.0763808], [121.5204177, 25.0764643], [121.5203985, 25.0764195], [121.5203798, 25.0763628], [121.5200089, 25.0752839], [121.5200594, 25.0751857]]}}, {"type": "Feature", "properties": {"county": "台北市", "district": "大同區", "highway": "residential", "name": "承德路三段301巷"}, "geometry": {"type": "LineString", "coordinates": [[121.5214219, 25.0758137], [121.5206334, 25.0760427], [121.5205982, 25.0760529]]}}, {"type": "Feature", "properties": {"county": "台北市", "district": "大同區", "highway": "motorway_link", "name": "環北交流道"}, "geometry": {"type": "LineString", "coordinates": [[121.5081365, 25.0801524], [121.5081046, 25.0805813], [121.5081073, 25.0811327], [121.5081483, 25.0817779], [121.5081268, 25.0819236], [121.5080732, 25.0820499], [121.5079981, 25.0821277], [121.5078908, 25.0821957], [121.5077459, 25.0822516], [121.5075823, 25.0822369], [121.5074522, 25.082169], [121.5073651, 25.0820694], [121.5073221, 25.0819916], [121.5073007, 25.0818264], [121.5073592, 25.0812735]]}}, {"type": "Feature", "properties": {"county": "台北市", "district": "大同區", "highway": "motorway_link", "name": "環北交流道"}, "geometry": {"type": "LineString", "coordinates": [[121.5033887, 25.0775577], [121.50443, 25.0776387], [121.5054285, 25.0777039], [121.5069949, 25.0777573], [121.5078479, 25.0777646], [121.5080732, 25.0777257], [121.5082556, 25.077648], [121.5084027, 25.0775591], [121.5084916, 25.0774828], [121.5085593, 25.0774154], [121.5086163, 25.0773334], [121.5087075, 25.0771281]]}}, {"type": "Feature", "properties": {"county": "台北市", "district": "大同區", "highway": "motorway", "name": "中山高速公路"}, "geometry": {"type": "LineString", "coordinates": [[121.5126893, 25.0781275], [121.5122734, 25.0781578], [121.5116329, 25.0781855], [121.5112372, 25.0782032]]}}, {"type": "Feature", "properties": {"county": "台北市", "district": "大同區", "highway": "motorway_link", "name": "台北交流道"}, "geometry": {"type": "LineString", "coordinates": [[121.5128453, 25.0777871], [121.5130987, 25.0778236], [121.5133488, 25.0778142], [121.5135362, 25.0777808], [121.5135922, 25.0777762]]}}, {"type": "Feature", "properties": {"county": "台北市", "district": "大同區", "highway": "motorway_link", "name": "台北交流道"}, "geometry": {"type": "LineString", "coordinates": [[121.5110536, 25.0777968], [121.5114076, 25.0776802], [121.5117509, 25.0776025], [121.5120299, 25.0775928], [121.5122874, 25.0776316], [121.5125234, 25.0776997], [121.5128453, 25.0777871]]}}, {"type": "Feature", "properties": {"county": "台北市", "district": "大同區", "highway": "motorway_link", "name": "台北交流道"}, "geometry": {"type": "LineString", "coordinates": [[121.5129646, 25.0793067], [121.5126361, 25.0791658], [121.5119916, 25.0788164], [121.5116537, 25.078673], [121.5114613, 25.0786131]]}}, {"type": "Feature", "properties": {"county": "台北市", "district": "大同區", "highway": "motorway_link", "name": "台北交流道"}, "geometry": {"type": "LineString", "coordinates": [[121.5127358, 25.079354], [121.5118951, 25.0788577], [121.5116282, 25.078718], [121.5114613, 25.0786131]]}}, {"type": "Feature", "properties": {"county": "台北市", "district": "大同區", "highway": "motorway_link", "name": "台北交流道"}, "geometry": {"type": "LineString", "coordinates": [[121.5109677, 25.0784382], [121.5106673, 25.0783896], [121.510206, 25.0783313], [121.5093477, 25.0782813]]}}, {"type": "Feature", "properties": {"county": "台北市", "district": "大同區", "highway": "motorway", "name": "中山高速公路"}, "geometry": {"type": "LineString", "coordinates": [[121.5127101, 25.077979], [121.513607, 25.0779]]}}, {"type": "Feature", "properties": {"county": "台北市", "district": "大同區", "highway": "motorway", "name": "中山高速公路"}, "geometry": {"type": "LineString", "coordinates": [[121.5112374, 25.0780703], [121.5115149, 25.0780592], [121.5122652, 25.0780075], [121.5127101, 25.077979]]}}, {"type": "Feature", "properties": {"county": "台北市", "district": "大同區", "highway": "motorway_link", "name": "台北交流道"}, "geometry": {"type": "LineString", "coordinates": [[121.5133946, 25.0769099], [121.5135145, 25.0768615], [121.5136311, 25.0767595], [121.5136962, 25.0766542], [121.513725, 25.0765724], [121.5138141, 25.0763234]]}}, {"type": "Feature", "properties": {"county": "台北市", "district": "大同區", "highway": "residential", "name": "敦煌路"}, "geometry": {"type": "LineString", "coordinates": [[121.5136629, 25.0765791], [121.5135637, 25.0765799], [121.5120508, 25.076592], [121.51137, 25.0765952], [121.5108305, 25.0765978], [121.5107232, 25.0765985], [121.5105153, 25.0766071], [121.5103435, 25.0766236], [121.510276, 25.0766402], [121.5100147, 25.0767335], [121.5098374, 25.0768155], [121.5096916, 25.0768915], [121.5095795, 25.0769587], [121.5094043, 25.0770745], [121.5091364, 25.0772682]]}}, {"type": "Feature", "properties": {"county": "台北市", "district": "大同區", "highway": "tertiary_link", "name": null}, "geometry": {"type": "LineString", "coordinates": [[121.5105153, 25.0766071], [121.5102153, 25.0766181], [121.5101675, 25.0766119], [121.5101368, 25.0765935], [121.5100674, 25.0765192]]}}, {"type": "Feature", "properties": {"county": "台北市", "district": "大同區", "highway": "motorway_link", "name": "環北交流道"}, "geometry": {"type": "LineString", "coordinates": [[121.5087855, 25.0768], [121.5088744, 25.0764132], [121.508898, 25.0763771], [121.5089338, 25.0763483], [121.5089809, 25.0763226], [121.5090498, 25.0763078], [121.509116, 25.0763114], [121.5091785, 25.0763328], [121.5092184, 25.0763609], [121.5092635, 25.0764021], [121.5093107, 25.0764699], [121.5093485, 25.0765417], [121.5093657, 25.0766074], [121.5093749, 25.0766659], [121.5093776, 25.0767151], [121.5093783, 25.076768], [121.5093602, 25.0768511], [121.5093108, 25.0769682], [121.5092683, 25.0770551], [121.5091364, 25.0772682]]}}, {"type": "Feature", "properties": {"county": "台北市", "district": "大同區", "highway": "residential", "name": "敦煌路"}, "geometry": {"type": "LineString", "coordinates": [[121.509042, 25.0753378], [121.509315, 25.0757215], [121.5095859, 25.0759571], [121.5098112, 25.0761223], [121.5100902, 25.0762584], [121.5104607, 25.0764307], [121.5105145, 25.0764347], [121.5106022, 25.0764385], [121.5120073, 25.0764172], [121.5135637, 25.0764056], [121.5137115, 25.0764045], [121.5138115, 25.0762566]]}}, {"type": "Feature", "properties": {"county": "台北市", "district": "大同區", "highway": "tertiary", "name": null}, "geometry": {"type": "LineString", "coordinates": [[121.5098796, 25.0764659], [121.5096074, 25.0763887], [121.5095142, 25.0763622], [121.5089547, 25.0762035], [121.5089107, 25.0761889], [121.5088773, 25.0761608], [121.5088465, 25.0761258]]}}, {"type": "Feature", "properties": {"county": "台北市", "district": "大同區", "highway": "tertiary", "name": "慶昌橋"}, "geometry": {"type": "LineString", "coordinates": [[121.5114025, 25.0764871], [121.5135884, 25.0764574], [121.5149941, 25.076448], [121.5152452, 25.0764357], [121.5154859, 25.0763884], [121.5157973, 25.076308], [121.5171337, 25.0759425]]}}, {"type": "Feature", "properties": {"county": "台北市", "district": "大同區", "highway": "tertiary_link", "name": null}, "geometry": {"type": "LineString", "coordinates": [[121.510082, 25.0764624], [121.5104607, 25.0764307]]}}, {"type": "Feature", "properties": {"county": "台北市", "district": "大同區", "highway": "motorway_link", "name": "環北交流道"}, "geometry": {"type": "LineString", "coordinates": [[121.5087075, 25.0771281], [121.5087855, 25.0768], [121.5088351, 25.0762515], [121.5088465, 25.0761258]]}}, {"type": "Feature", "properties": {"county": "台北市", "district": "大同區", "highway": "secondary", "name": "承德路三段"}, "geometry": {"type": "LineString", "coordinates": [[121.5195952, 25.0739882], [121.5195708, 25.0739378], [121.5195215, 25.07385], [121.5192414, 25.0733832], [121.5190865, 25.073125], [121.5190606, 25.0730843], [121.5188266, 25.0726602], [121.5187347, 25.0724659], [121.5185999, 25.0721221], [121.518573, 25.0720467], [121.5185365, 25.0719199]]}}, {"type": "Feature", "properties": {"county": "台北市", "district": "大同區", "highway": "secondary", "name": "重慶北路二段"}, "geometry": {"type": "LineString", "coordinates": [[121.5135199, 25.0629], [121.5135097, 25.0628195], [121.5135052, 25.0626392], [121.5135007, 25.0623726], [121.5135009, 25.0621578]]}}, {"type": "Feature", "properties": {"county": "台北市", "district": "大同區", "highway": "secondary", "name": "環河北路一段"}, "geometry": {"type": "LineString", "coordinates": [[121.5082879, 25.0568704], [121.5083199, 25.0569678], [121.5084426, 25.0574549], [121.5084849, 25.0577197], [121.5084843, 25.0580642], [121.5084757, 25.0587715], [121.5084946, 25.0590774], [121.5085255, 25.0594627], [121.5084926, 25.0605032], [121.50849, 25.060924], [121.508505, 25.0611952], [121.5085233, 25.0614182], [121.5085587, 25.0616411], [121.5086225, 25.0621018], [121.5086545, 25.0622873], [121.5088006, 25.0631746], [121.5088441, 25.0633889]]}}, {"type": "Feature", "properties": {"county": "台北市", "district": "大同區", "highway": "secondary", "name": "環河北路一段"}, "geometry": {"type": "LineString", "coordinates": [[121.508742, 25.0634572], [121.5085345, 25.0622448], [121.5083951, 25.0612462], [121.5083749, 25.0607688], [121.5084199, 25.0594599], [121.5083759, 25.0589334], [121.5083638, 25.0583224], [121.5083725, 25.0577856], [121.5083346, 25.0574891], [121.5082036, 25.0569404], [121.5081884, 25.0568818]]}}, {"type": "Feature", "properties": {"county": "台北市", "district": "大同區", "highway": "primary_link", "name": "台北大橋"}, "geometry": {"type": "LineString", "coordinates": [[121.5107444, 25.0629915], [121.5110549, 25.062942], [121.5112567, 25.0629274], [121.51141, 25.0629238], [121.5117643, 25.0629298], [121.5132985, 25.0629956]]}}, {"type": "Feature", "properties": {"county": "台北市", "district": "大同區", "highway": "primary", "name": "台北大橋"}, "geometry": {"type": "LineString", "coordinates": [[121.5086538, 25.0633631], [121.5089652, 25.0633119], [121.5107444, 25.0629915]]}}, {"type": "Feature", "properties": {"county": "台北市", "district": "大同區", "highway": "residential", "name": "民權西路"}, "geometry": {"type": "LineString", "coordinates": [[121.511039, 25.063073], [121.5108172, 25.0631367], [121.510753, 25.0631477], [121.5103572, 25.0632153], [121.5099469, 25.0632893], [121.5094392, 25.0633809], [121.5093777, 25.063392], [121.5090754, 25.0634484], [121.5088569, 25.0634891]]}}, {"type": "Feature", "properties": {"county": "台北市", "district": "大同區", "highway": "secondary", "name": "重慶北路二段"}, "geometry": {"type": "LineString", "coordinates": [[121.5144376, 25.054136], [121.5144586, 25.0542468], [121.514168, 25.0553599], [121.5141396, 25.0554686], [121.5140333, 25.0559227], [121.514022, 25.055963]]}}, {"type": "Feature", "properties": {"county": "台北市", "district": "大同區", "highway": "primary", "name": "民權西路"}, "geometry": {"type": "LineString", "coordinates": [[121.51588, 25.0629543], [121.5159625, 25.0628816]]}}, {"type": "Feature", "properties": {"county": "台北市", "district": "大同區", "highway": "primary", "name": "台北大橋"}, "geometry": {"type": "LineString", "coordinates": [[121.5028633, 25.0639802], [121.5030887, 25.0640329], [121.5032955, 25.0640556], [121.5035355, 25.0640673], [121.5037154, 25.0640564], [121.5045548, 25.0639282], [121.506283, 25.0636795], [121.5064337, 25.06364]]}}, {"type": "Feature", "properties": {"county": "台北市", "district": "大同區", "highway": "residential", "name": "民權西路"}, "geometry": {"type": "LineString", "coordinates": [[121.5088006, 25.0631746], [121.5090014, 25.0631412], [121.5092404, 25.0631003], [121.5093004, 25.0630926], [121.5093664, 25.0630807], [121.5098853, 25.0629956], [121.5105299, 25.062874], [121.5107153, 25.0628433]]}}, {"type": "Feature", "properties": {"county": "台北市", "district": "大同區", "highway": "primary_link", "name": "台北大橋"}, "geometry": {"type": "LineString", "coordinates": [[121.5132985, 25.0629956], [121.5135379, 25.0630146]]}}, {"type": "Feature", "properties": {"county": "台北市", "district": "大同區", "highway": "residential", "name": "民權西路144巷"}, "geometry": {"type": "LineString", "coordinates": [[121.5159625, 25.0628816], [121.5159587, 25.0628143], [121.5159452, 25.0621954], [121.5159311, 25.0616179], [121.5159224, 25.061283], [121.5159097, 25.0609558], [121.5159063, 25.0608978], [121.5159066, 25.060822], [121.5159029, 25.0605281], [121.5158983, 25.0598077]]}}, {"type": "Feature", "properties": {"county": "台北市", "district": "大同區", "highway": "primary", "name": "台北大橋"}, "geometry": {"type": "LineString", "coordinates": [[121.5158233, 25.0629589], [121.5157507, 25.0629851], [121.5141119, 25.0630369], [121.5138516, 25.0630533], [121.51362, 25.0630721], [121.5133425, 25.0630774], [121.5130621, 25.0630612], [121.5117543, 25.0630034], [121.5114179, 25.0630005], [121.5112057, 25.0630045], [121.5110316, 25.0630138], [121.5107444, 25.0629915]]}}, {"type": "Feature", "properties": {"county": "台北市", "district": "大同區", "highway": "residential", "name": null}, "geometry": {"type": "LineString", "coordinates": [[121.5174947, 25.0705077], [121.5175236, 25.071198], [121.5175164, 25.0714979]]}}, {"type": "Feature", "properties": {"county": "台北市", "district": "大同區", "highway": "residential", "name": "重慶北路三段223巷"}, "geometry": {"type": "LineString", "coordinates": [[121.5138465, 25.0705208], [121.5139464, 25.0705199], [121.514393, 25.0705245], [121.5149535, 25.0705148], [121.5153344, 25.0705293], [121.515608, 25.0705293], [121.5159064, 25.0705287]]}}, {"type": "Feature", "properties": {"county": "台北市", "district": "大同區", "highway": "residential", "name": "重慶北路三段243巷"}, "geometry": {"type": "LineString", "coordinates": [[121.5158899, 25.0712278], [121.5156241, 25.0712315], [121.5153478, 25.071246], [121.5149665, 25.0712509], [121.5144117, 25.0712679], [121.5139597, 25.0712732], [121.5138834, 25.0712722]]}}, {"type": "Feature", "properties": {"county": "台北市", "district": "大同區", "highway": "residential", "name": "承德路三段99巷"}, "geometry": {"type": "LineString", "coordinates": [[121.5184453, 25.0664718], [121.5185271, 25.0664677], [121.5192535, 25.0664542]]}}, {"type": "Feature", "properties": {"county": "台北市", "district": "大同區", "highway": "residential", "name": "承德路三段85巷"}, "geometry": {"type": "LineString", "coordinates": [[121.5191926, 25.06605], [121.5185188, 25.0660479], [121.5184387, 25.0660476]]}}, {"type": "Feature", "properties": {"county": "台北市", "district": "大同區", "highway": "residential", "name": "承德路三段51巷"}, "geometry": {"type": "LineString", "coordinates": [[121.5184149, 25.0650972], [121.5184986, 25.065097], [121.5189915, 25.0650959]]}}, {"type": "Feature", "properties": {"county": "台北市", "district": "大同區", "highway": "residential", "name": "撫順街"}, "geometry": {"type": "LineString", "coordinates": [[121.5222539, 25.0638666], [121.5222062, 25.0638589], [121.5221843, 25.0638552], [121.5217624, 25.0637845], [121.5207203, 25.0636098], [121.519603, 25.0634226], [121.519407, 25.0633897], [121.5193326, 25.0633758], [121.5190721, 25.0633336]]}}, {"type": "Feature", "properties": {"county": "台北市", "district": "大同區", "highway": "residential", "name": null}, "geometry": {"type": "LineString", "coordinates": [[121.5196225, 25.0492471], [121.5197476, 25.0494008], [121.5197727, 25.0494291], [121.5198375, 25.0495159], [121.5199035, 25.0496141], [121.5199921, 25.0497495], [121.5200403, 25.0498202], [121.5200607, 25.0498594], [121.5201735, 25.0500927], [121.5202061, 25.0501613]]}}, {"type": "Feature", "properties": {"county": "台北市", "district": "大同區", "highway": "residential", "name": "承德路三段159巷"}, "geometry": {"type": "LineString", "coordinates": [[121.5194691, 25.068043], [121.5185469, 25.0680606], [121.5184781, 25.0680619]]}}, {"type": "Feature", "properties": {"county": "台北市", "district": "大同區", "highway": "residential", "name": "承德路三段129巷"}, "geometry": {"type": "LineString", "coordinates": [[121.5193668, 25.067286], [121.5185376, 25.0672995], [121.5184613, 25.0673009], [121.5183083, 25.0672859]]}}, {"type": "Feature", "properties": {"county": "台北市", "district": "大同區", "highway": "residential", "name": "承德路三段113巷"}, "geometry": {"type": "LineString", "coordinates": [[121.5193068, 25.0668508], [121.5185362, 25.0668642], [121.5184541, 25.0668654]]}}, {"type": "Feature", "properties": {"county": "台北市", "district": "大同區", "highway": "residential", "name": null}, "geometry": {"type": "LineString", "coordinates": [[121.5193912, 25.069827], [121.5197199, 25.0698175]]}}, {"type": "Feature", "properties": {"county": "台北市", "district": "大同區", "highway": "residential", "name": "承德路三段191巷"}, "geometry": {"type": "LineString", "coordinates": [[121.5196709, 25.0694603], [121.5185778, 25.0694684], [121.5185082, 25.0694701]]}}, {"type": "Feature", "properties": {"county": "台北市", "district": "大同區", "highway": "residential", "name": "承德路三段177巷"}, "geometry": {"type": "LineString", "coordinates": [[121.5196185, 25.0691013], [121.5185604, 25.0691213], [121.5185049, 25.0691223]]}}, {"type": "Feature", "properties": {"county": "台北市", "district": "大同區", "highway": "residential", "name": "承德路三段51巷"}, "geometry": {"type": "LineString", "coordinates": [[121.5191926, 25.06605], [121.5191743, 25.06596], [121.5190895, 25.0655425], [121.519019, 25.065289], [121.5189915, 25.0650959], [121.5189768, 25.0649558], [121.518934, 25.0646436], [121.5189174, 25.0644325], [121.5188937, 25.0641309], [121.5188956, 25.0640353], [121.5189419, 25.0638452], [121.5189728, 25.0637173], [121.5190721, 25.0633336]]}}, {"type": "Feature", "properties": {"county": "台北市", "district": "大同區", "highway": "residential", "name": null}, "geometry": {"type": "LineString", "coordinates": [[121.5184203, 25.0747332], [121.5183037, 25.0743849]]}}, {"type": "Feature", "properties": {"county": "台北市", "district": "大同區", "highway": "residential", "name": null}, "geometry": {"type": "LineString", "coordinates": [[121.5190586, 25.0748476], [121.5189681, 25.0745973], [121.5192549, 25.0745122]]}}, {"type": "Feature", "properties": {"county": "台北市", "district": "大同區", "highway": "residential", "name": "承德路三段225巷"}, "geometry": {"type": "LineString", "coordinates": [[121.5198039, 25.0701695], [121.5193958, 25.0701798], [121.5186066, 25.0701998], [121.5185179, 25.0702004]]}}, {"type": "Feature", "properties": {"county": "台北市", "district": "大同區", "highway": "residential", "name": null}, "geometry": {"type": "LineString", "coordinates": [[121.5189567, 25.0698526], [121.5185913, 25.0698587], [121.5185069, 25.0698612]]}}, {"type": "Feature", "properties": {"county": "台北市", "district": "大同區", "highway": "residential", "name": "敦煌路"}, "geometry": {"type": "LineString", "coordinates": [[121.5195371, 25.0753194], [121.5194115, 25.0749702], [121.5192549, 25.0745122], [121.5191348, 25.0741632]]}}, {"type": "Feature", "properties": {"county": "台北市", "district": "大同區", "highway": "residential", "name": null}, "geometry": {"type": "LineString", "coordinates": [[121.5186226, 25.0742854], [121.5186096, 25.0742278], [121.5185851, 25.0741196], [121.5185686, 25.0740468], [121.5184954, 25.0737106]]}}, {"type": "Feature", "properties": {"county": "台北市", "district": "大同區", "highway": "residential", "name": null}, "geometry": {"type": "LineString", "coordinates": [[121.5178746, 25.0745046], [121.517992, 25.0748609], [121.5181531, 25.0752921], [121.5182791, 25.0756448]]}}, {"type": "Feature", "properties": {"county": "台北市", "district": "大同區", "highway": "residential", "name": null}, "geometry": {"type": "LineString", "coordinates": [[121.5194115, 25.0749702], [121.5187945, 25.075121], [121.5181531, 25.0752921]]}}, {"type": "Feature", "properties": {"county": "台北市", "district": "大同區", "highway": "residential", "name": "哈密街"}, "geometry": {"type": "LineString", "coordinates": [[121.5184954, 25.0737106], [121.517963, 25.0737047], [121.5173832, 25.0737259]]}}, {"type": "Feature", "properties": {"county": "台北市", "district": "大同區", "highway": "residential", "name": null}, "geometry": {"type": "LineString", "coordinates": [[121.5174098, 25.0730487], [121.5178852, 25.073022], [121.5183988, 25.072972]]}}, {"type": "Feature", "properties": {"county": "台北市", "district": "大同區", "highway": "residential", "name": null}, "geometry": {"type": "LineString", "coordinates": [[121.5182915, 25.0726611], [121.5173878, 25.0726962], [121.5170751, 25.0726987]]}}, {"type": "Feature", "properties": {"county": "台北市", "district": "大同區", "highway": "residential", "name": null}, "geometry": {"type": "LineString", "coordinates": [[121.5185999, 25.0721221], [121.5185114, 25.0721498], [121.5181637, 25.0723506], [121.5176787, 25.0723539], [121.5173729, 25.0723709]]}}, {"type": "Feature", "properties": {"county": "台北市", "district": "大同區", "highway": "residential", "name": null}, "geometry": {"type": "LineString", "coordinates": [[121.5181637, 25.0723506], [121.5182915, 25.0726611], [121.5183988, 25.072972], [121.5185779, 25.0732972]]}}, {"type": "Feature", "properties": {"county": "台北市", "district": "大同區", "highway": "residential", "name": null}, "geometry": {"type": "LineString", "coordinates": [[121.5148854, 25.0720165], [121.5148858, 25.0720973], [121.5148965, 25.0723955], [121.5149096, 25.072538], [121.5149002, 25.0726912], [121.5148838, 25.0729859], [121.5148268, 25.0736591], [121.5148202, 25.0740724], [121.5147982, 25.0743452], [121.5147917, 25.0744117], [121.5147937, 25.074569]]}}, {"type": "Feature", "properties": {"county": "台北市", "district": "大同區", "highway": "residential", "name": null}, "geometry": {"type": "LineString", "coordinates": [[121.5177011, 25.0757805], [121.517325, 25.0746735], [121.5173152, 25.0746448], [121.5173209, 25.074574], [121.5173588, 25.0741004], [121.5173832, 25.0737259], [121.5174037, 25.0733803]]}}, {"type": "Feature", "properties": {"county": "台北市", "district": "大同區", "highway": "residential", "name": null}, "geometry": {"type": "LineString", "coordinates": [[121.5185686, 25.0740468], [121.5179925, 25.0740642], [121.5173588, 25.0741004]]}}, {"type": "Feature", "properties": {"county": "台北市", "district": "大同區", "highway": "residential", "name": "重慶北路三段322巷"}, "geometry": {"type": "LineString", "coordinates": [[121.5137926, 25.0755916], [121.5136783, 25.0755927], [121.5129057, 25.0755958], [121.5128922, 25.0758589]]}}, {"type": "Feature", "properties": {"county": "台北市", "district": "大同區", "highway": "residential", "name": "延平北路四段235巷"}, "geometry": {"type": "LineString", "coordinates": [[121.511892, 25.0758753], [121.5123215, 25.0758428], [121.5128922, 25.0758589]]}}, {"type": "Feature", "properties": {"county": "台北市", "district": "大同區", "highway": "residential", "name": "迪化街二段"}, "geometry": {"type": "LineString", "coordinates": [[121.5125835, 25.0718646], [121.5126371, 25.0720744], [121.5126484, 25.0721768], [121.5126925, 25.0725811], [121.5126963, 25.0726183], [121.5127108, 25.072866], [121.5127089, 25.0729928], [121.5127183, 25.0732042]]}}, {"type": "Feature", "properties": {"county": "台北市", "district": "大同區", "highway": "trunk", "name": "市民大道高架道路"}, "geometry": {"type": "LineString", "coordinates": [[121.5266591, 25.0473025], [121.5261058, 25.0474696], [121.5259431, 25.0475125], [121.525748, 25.0475625], [121.5255743, 25.0476062], [121.5254172, 25.047642], [121.5251867, 25.0476913], [121.5249619, 25.0477357], [121.524663, 25.0477885], [121.5243329, 25.047834], [121.5240669, 25.0478626], [121.5237649, 25.0478845], [121.5217318, 25.0480011], [121.5214746, 25.0480236], [121.5212272, 25.0480459], [121.5210333, 25.0480728], [121.5208161, 25.0481098], [121.5204339, 25.0481857], [121.5201241, 25.0482435], [121.5197406, 25.0483089], [121.5184518, 25.0485155]]}}, {"type": "Feature", "properties": {"county": "台北市", "district": "大同區", "highway": "trunk_link", "name": "市民大道"}, "geometry": {"type": "LineString", "coordinates": [[121.5056201, 25.0487647], [121.5056965, 25.0488236], [121.5059326, 25.0491735], [121.5062289, 25.0496103]]}}, {"type": "Feature", "properties": {"county": "台北市", "district": "大同區", "highway": "secondary", "name": "承德路二段"}, "geometry": {"type": "LineString", "coordinates": [[121.5177714, 25.0531982], [121.5177952, 25.0532818]]}}, {"type": "Feature", "properties": {"county": "台北市", "district": "大同區", "highway": "secondary", "name": "承德路二段"}, "geometry": {"type": "LineString", "coordinates": [[121.5181645, 25.0602139], [121.5181624, 25.0601056], [121.5181472, 25.059299], [121.518132, 25.0584944], [121.5181278, 25.0584128]]}}, {"type": "Feature", "properties": {"county": "台北市", "district": "大同區", "highway": "tertiary", "name": "延平北路二段"}, "geometry": {"type": "LineString", "coordinates": [[121.5117574, 25.0538732], [121.5117521, 25.0539656], [121.5116978, 25.0549195], [121.5116897, 25.0550618], [121.5116768, 25.0552595], [121.511669, 25.0553928], [121.5116666, 25.0554528], [121.5116654, 25.0554935], [121.5115977, 25.0565455], [121.51158, 25.0568543], [121.5115822, 25.0569413]]}}, {"type": "Feature", "properties": {"county": "台北市", "district": "大同區", "highway": "residential", "name": "市民大道二段5巷"}, "geometry": {"type": "LineString", "coordinates": [[121.5216758, 25.0487939], [121.5215136, 25.0480745]]}}, {"type": "Feature", "properties": {"county": "台北市", "district": "大同區", "highway": "residential", "name": "通河街76巷"}, "geometry": {"type": "LineString", "coordinates": [[121.5197843, 25.079497], [121.5199159, 25.0797152], [121.5201422, 25.0801379], [121.5203515, 25.0805369], [121.5205699, 25.080937]]}}, {"type": "Feature", "properties": {"county": "台北市", "district": "大同區", "highway": "unclassified", "name": "承德路四段"}, "geometry": {"type": "LineString", "coordinates": [[121.5214966, 25.0785496], [121.5215179, 25.0786298], [121.5215917, 25.0788475], [121.5216425, 25.0789555], [121.5218668, 25.0793816]]}}, {"type": "Feature", "properties": {"county": "台北市", "district": "大同區", "highway": "unclassified", "name": "承德路四段"}, "geometry": {"type": "LineString", "coordinates": [[121.5220159, 25.0803025], [121.5218097, 25.0798917], [121.5217357, 25.0797527], [121.5216007, 25.0794901]]}}, {"type": "Feature", "properties": {"county": "台北市", "district": "大同區", "highway": "residential", "name": "承德路四段12巷"}, "geometry": {"type": "LineString", "coordinates": [[121.5188653, 25.081204], [121.5203515, 25.0805369], [121.5218097, 25.0798917]]}}, {"type": "Feature", "properties": {"county": "台北市", "district": "大同區", "highway": "residential", "name": "承德路四段10巷"}, "geometry": {"type": "LineString", "coordinates": [[121.5184792, 25.0809077], [121.5185624, 25.0808357], [121.5201422, 25.0801379], [121.5216007, 25.0794901]]}}, {"type": "Feature", "properties": {"county": "台北市", "district": "大同區", "highway": "residential", "name": "承德路四段9巷"}, "geometry": {"type": "LineString", "coordinates": [[121.5218668, 25.0793816], [121.5224893, 25.0791009]]}}, {"type": "Feature", "properties": {"county": "台北市", "district": "大同區", "highway": "residential", "name": "承德路四段6巷"}, "geometry": {"type": "LineString", "coordinates": [[121.5185688, 25.0803254], [121.5199159, 25.0797152], [121.5213681, 25.0790715], [121.5216425, 25.0789555]]}}, {"type": "Feature", "properties": {"county": "台北市", "district": "大同區", "highway": "residential", "name": "中山北路二段48巷"}, "geometry": {"type": "LineString", "coordinates": [[121.5217194, 25.0558423], [121.5222485, 25.0558196], [121.5225746, 25.0558056], [121.5226353, 25.0558021]]}}, {"type": "Feature", "properties": {"county": "台北市", "district": "大同區", "highway": "residential", "name": "中山北路二段62巷"}, "geometry": {"type": "LineString", "coordinates": [[121.5207708, 25.0567111], [121.5211617, 25.0567067], [121.5216757, 25.0567008], [121.5221955, 25.056695], [121.5224513, 25.0566921], [121.5226223, 25.0566901], [121.5226798, 25.0566895]]}}, {"type": "Feature", "properties": {"county": "台北市", "district": "大同區", "highway": "residential", "name": null}, "geometry": {"type": "LineString", "coordinates": [[121.5211582, 25.0571394], [121.5211755, 25.057046], [121.5211617, 25.0567067], [121.5211469, 25.056438], [121.5211429, 25.0562452]]}}, {"type": "Feature", "properties": {"county": "台北市", "district": "大同區", "highway": "residential", "name": "中山北路二段72巷"}, "geometry": {"type": "LineString", "coordinates": [[121.522698, 25.0570369], [121.5226407, 25.0570372], [121.5222678, 25.0570394], [121.5211755, 25.057046]]}}, {"type": "Feature", "properties": {"county": "台北市", "district": "大同區", "highway": "residential", "name": null}, "geometry": {"type": "LineString", "coordinates": [[121.5210744, 25.0550809], [121.5210509, 25.0546644], [121.5210351, 25.0542936]]}}, {"type": "Feature", "properties": {"county": "台北市", "district": "大同區", "highway": "residential", "name": "中山北路二段36巷"}, "geometry": {"type": "LineString", "coordinates": [[121.5216404, 25.0543263], [121.5222269, 25.05431], [121.5222574, 25.0543273], [121.5224937, 25.0543154], [121.5225527, 25.0543139]]}}, {"type": "Feature", "properties": {"county": "台北市", "district": "大同區", "highway": "residential", "name": "中山北路二段46巷"}, "geometry": {"type": "LineString", "coordinates": [[121.5226141, 25.0554352], [121.5225538, 25.0554182], [121.5223445, 25.055427], [121.5222273, 25.055432], [121.5216992, 25.0554542]]}}, {"type": "Feature", "properties": {"county": "台北市", "district": "大同區", "highway": "residential", "name": "中山北路二段44巷"}, "geometry": {"type": "LineString", "coordinates": [[121.5206861, 25.0550994], [121.5210744, 25.0550809], [121.5216782, 25.0550523], [121.5225104, 25.0550103], [121.5225317, 25.0550081], [121.5225914, 25.0550023]]}}, {"type": "Feature", "properties": {"county": "台北市", "district": "大同區", "highway": "residential", "name": "中山北路二段50巷"}, "geometry": {"type": "LineString", "coordinates": [[121.5226551, 25.0561864], [121.5225951, 25.0561891], [121.5224161, 25.0561942], [121.5221993, 25.0562004], [121.5217343, 25.0562122], [121.5216951, 25.0562235], [121.5214644, 25.0562299], [121.5211429, 25.0562452], [121.520747, 25.0562681]]}}, {"type": "Feature", "properties": {"county": "台北市", "district": "大同區", "highway": "residential", "name": "中山北路二段20巷"}, "geometry": {"type": "LineString", "coordinates": [[121.5205879, 25.0535978], [121.5224509, 25.0535016], [121.5225105, 25.0535106]]}}, {"type": "Feature", "properties": {"county": "台北市", "district": "大同區", "highway": "residential", "name": "中山北路二段26巷"}, "geometry": {"type": "LineString", "coordinates": [[121.5225349, 25.0539574], [121.5224755, 25.0539594], [121.5216148, 25.0539738], [121.5214203, 25.0539655], [121.5213626, 25.0539018], [121.5209712, 25.0539206], [121.5206089, 25.0539625]]}}, {"type": "Feature", "properties": {"county": "台北市", "district": "大同區", "highway": "residential", "name": "中山北路二段42巷"}, "geometry": {"type": "LineString", "coordinates": [[121.5206554, 25.0546809], [121.5210509, 25.0546644], [121.5216532, 25.0546414], [121.52251, 25.0546033], [121.5225717, 25.0546007]]}}, {"type": "Feature", "properties": {"county": "台北市", "district": "大同區", "highway": "residential", "name": null}, "geometry": {"type": "LineString", "coordinates": [[121.5217343, 25.0562122], [121.5217327, 25.0561729], [121.5217213, 25.0558903], [121.5217194, 25.0558423], [121.5216992, 25.0554542]]}}, {"type": "Feature", "properties": {"county": "台北市", "district": "大同區", "highway": "residential", "name": "中山北路二段36巷"}, "geometry": {"type": "LineString", "coordinates": [[121.5216369, 25.0542591], [121.5210351, 25.0542936]]}}, {"type": "Feature", "properties": {"county": "台北市", "district": "大同區", "highway": "residential", "name": "赤峰街33巷"}, "geometry": {"type": "LineString", "coordinates": [[121.5193517, 25.0542547], [121.5194302, 25.0542373], [121.5197825, 25.0541592], [121.5200244, 25.0541055], [121.5203291, 25.0540379]]}}, {"type": "Feature", "properties": {"county": "台北市", "district": "大同區", "highway": "residential", "name": "赤峰街23巷"}, "geometry": {"type": "LineString", "coordinates": [[121.5192785, 25.0540119], [121.5197114, 25.053909], [121.5199489, 25.0538555], [121.5203131, 25.0537696]]}}, {"type": "Feature", "properties": {"county": "台北市", "district": "大同區", "highway": "residential", "name": "中山北路二段16巷"}, "geometry": {"type": "LineString", "coordinates": [[121.522486, 25.0530608], [121.5224269, 25.0530541], [121.520565, 25.0531488]]}}, {"type": "Feature", "properties": {"county": "台北市", "district": "大同區", "highway": "residential", "name": "赤峰街37巷"}, "geometry": {"type": "LineString", "coordinates": [[121.5195127, 25.054629], [121.5199529, 25.0545311]]}}, {"type": "Feature", "properties": {"county": "台北市", "district": "大同區", "highway": "residential", "name": "赤峰街35巷"}, "geometry": {"type": "LineString", "coordinates": [[121.5194302, 25.0542373], [121.5194798, 25.0543], [121.5199444, 25.0545095], [121.5199529, 25.0545311]]}}, {"type": "Feature", "properties": {"county": "台北市", "district": "大同區", "highway": "residential", "name": "承德路二段1巷"}, "geometry": {"type": "LineString", "coordinates": [[121.517933, 25.0537255], [121.51803, 25.0537034], [121.518232, 25.0536573], [121.5191393, 25.0534504]]}}, {"type": "Feature", "properties": {"county": "台北市", "district": "大同區", "highway": "residential", "name": "赤峰街17巷"}, "geometry": {"type": "LineString", "coordinates": [[121.5192398, 25.0538504], [121.5199029, 25.0536974], [121.5203021, 25.053602]]}}, {"type": "Feature", "properties": {"county": "台北市", "district": "大同區", "highway": "residential", "name": "赤峰街47巷"}, "geometry": {"type": "LineString", "coordinates": [[121.519635, 25.0553092], [121.520404, 25.0552686]]}}, {"type": "Feature", "properties": {"county": "台北市", "district": "大同區", "highway": "residential", "name": "承德路二段63巷"}, "geometry": {"type": "LineString", "coordinates": [[121.5182501, 25.0555307], [121.5183581, 25.0555333], [121.5185321, 25.0555465], [121.5189649, 25.05566], [121.5190008, 25.0557645]]}}, {"type": "Feature", "properties": {"county": "台北市", "district": "大同區", "highway": "residential", "name": "赤峰街41巷"}, "geometry": {"type": "LineString", "coordinates": [[121.520379, 25.0548408], [121.5196121, 25.0548773]]}}, {"type": "Feature", "properties": {"county": "台北市", "district": "大同區", "highway": "residential", "name": "赤峰街44巷"}, "geometry": {"type": "LineString", "coordinates": [[121.5197246, 25.0570325], [121.5192082, 25.0570566]]}}, {"type": "Feature", "properties": {"county": "台北市", "district": "大同區", "highway": "residential", "name": "承德路二段109巷"}, "geometry": {"type": "LineString", "coordinates": [[121.5197123, 25.0566361], [121.5190313, 25.0566754], [121.5183286, 25.0567062], [121.518238, 25.0567102]]}}, {"type": "Feature", "properties": {"county": "台北市", "district": "大同區", "highway": "residential", "name": "承德路二段91巷"}, "geometry": {"type": "LineString", "coordinates": [[121.5182487, 25.0562276], [121.518352, 25.0562284], [121.5189428, 25.0562057], [121.5196854, 25.0561771]]}}, {"type": "Feature", "properties": {"county": "台北市", "district": "大同區", "highway": "residential", "name": "承德路二段75巷"}, "geometry": {"type": "LineString", "coordinates": [[121.5182466, 25.0557984], [121.5183558, 25.0557982], [121.518916, 25.055776], [121.5190008, 25.0557645], [121.5196596, 25.0557385]]}}, {"type": "Feature", "properties": {"county": "台北市", "district": "大同區", "highway": "residential", "name": "赤峰街"}, "geometry": {"type": "LineString", "coordinates": [[121.5190113, 25.0530006], [121.5190298, 25.0530642], [121.5191393, 25.0534504], [121.5192398, 25.0538504], [121.5192785, 25.0540119], [121.5193517, 25.0542547], [121.5194407, 25.0544632], [121.5195127, 25.054629], [121.5196121, 25.0548773], [121.519635, 25.0553092], [121.5196596, 25.0557385], [121.5196854, 25.0561771], [121.5196989, 25.0563704], [121.5197123, 25.0566361], [121.5197246, 25.0570325], [121.5197115, 25.057435], [121.5196987, 25.0575277]]}}, {"type": "Feature", "properties": {"county": "台北市", "district": "大同區", "highway": "residential", "name": "南京西路18巷"}, "geometry": {"type": "LineString", "coordinates": [[121.5202609, 25.0526168], [121.520262, 25.052549], [121.5202379, 25.0522682], [121.5202341, 25.0519096], [121.5202181, 25.0517389], [121.5202135, 25.051664], [121.5201803, 25.0513027], [121.5201762, 25.0512472], [121.5201571, 25.0509305], [121.5201504, 25.0509009], [121.5201035, 25.0506415], [121.5200748, 25.0505162], [121.520035, 25.0503752], [121.5200086, 25.0502941], [121.5199887, 25.0502116]]}}, {"type": "Feature", "properties": {"county": "台北市", "district": "大同區", "highway": "primary", "name": "重慶北路四段"}, "geometry": {"type": "LineString", "coordinates": [[121.511553, 25.0844604], [121.5116361, 25.0842235], [121.5117913, 25.0839072], [121.5118131, 25.0838628], [121.5120857, 25.0830946], [121.5123509, 25.0824684], [121.5125857, 25.081919], [121.5125921, 25.0819032], [121.5127063, 25.0816367], [121.512978, 25.0810902], [121.5129882, 25.0810697], [121.5132924, 25.0803683]]}}, {"type": "Feature", "properties": {"county": "台北市", "district": "大同區", "highway": "trunk_link", "name": null}, "geometry": {"type": "LineString", "coordinates": [[121.5095544, 25.0503164], [121.5103681, 25.0501216]]}}, {"type": "Feature", "properties": {"county": "台北市", "district": "大同區", "highway": "trunk_link", "name": null}, "geometry": {"type": "LineString", "coordinates": [[121.5103268, 25.0502484], [121.5095544, 25.0503164]]}}, {"type": "Feature", "properties": {"county": "台北市", "district": "大同區", "highway": "trunk_link", "name": "環河南路快速道路"}, "geometry": {"type": "LineString", "coordinates": [[121.5063974, 25.0497569], [121.5061672, 25.0492191], [121.5059535, 25.0488706], [121.5057736, 25.0486195], [121.5056517, 25.0484806], [121.5048095, 25.0477012], [121.5041953, 25.0471642], [121.5036563, 25.0466946], [121.5025203, 25.0457742], [121.5024091, 25.0456485]]}}, {"type": "Feature", "properties": {"county": "台北市", "district": "大同區", "highway": "trunk_link", "name": null}, "geometry": {"type": "LineString", "coordinates": [[121.507061, 25.0506577], [121.5088463, 25.0504234], [121.5095544, 25.0503164]]}}, {"type": "Feature", "properties": {"county": "台北市", "district": "大同區", "highway": "tertiary", "name": "南京西路"}, "geometry": {"type": "LineString", "coordinates": [[121.5142974, 25.0540658], [121.5140356, 25.054048], [121.5137066, 25.054022], [121.5135783, 25.0540156], [121.5135452, 25.0540123], [121.5134699, 25.0540042], [121.513437, 25.0540017], [121.5131331, 25.053979], [121.5128817, 25.0539608], [121.5126763, 25.0539462], [121.512328, 25.0539121], [121.5121849, 25.0539011], [121.5120256, 25.0538907], [121.5118763, 25.0538808], [121.5117574, 25.0538732]]}}, {"type": "Feature", "properties": {"county": "台北市", "district": "大同區", "highway": "trunk_link", "name": "市民大道高架道路"}, "geometry": {"type": "LineString", "coordinates": [[121.5184518, 25.0485155], [121.5176828, 25.0485645]]}}, {"type": "Feature", "properties": {"county": "台北市", "district": "大同區", "highway": "trunk_link", "name": "市民大道高架道路"}, "geometry": {"type": "LineString", "coordinates": [[121.5176828, 25.0485645], [121.5184222, 25.0483928]]}}, {"type": "Feature", "properties": {"county": "台北市", "district": "大同區", "highway": "trunk_link", "name": "市民大道高架道路"}, "geometry": {"type": "LineString", "coordinates": [[121.5176828, 25.0485645], [121.5155827, 25.048901], [121.5146828, 25.0491209]]}}, {"type": "Feature", "properties": {"county": "台北市", "district": "大同區", "highway": "trunk", "name": "環河快速道路"}, "geometry": {"type": "LineString", "coordinates": [[121.5081279, 25.0566663], [121.5079316, 25.0559669]]}}, {"type": "Feature", "properties": {"county": "台北市", "district": "大同區", "highway": "trunk", "name": "環河快速道路"}, "geometry": {"type": "LineString", "coordinates": [[121.5079316, 25.0559669], [121.5078378, 25.0556524], [121.507591, 25.0547874], [121.5074395, 25.0542662], [121.5073485, 25.0538585], [121.507269, 25.053453]]}}, {"type": "Feature", "properties": {"county": "台北市", "district": "大同區", "highway": "trunk", "name": "環河快速道路"}, "geometry": {"type": "LineString", "coordinates": [[121.5077545, 25.0550905], [121.5077886, 25.0551953], [121.5078965, 25.0553994]]}}, {"type": "Feature", "properties": {"county": "台北市", "district": "大同區", "highway": "tertiary", "name": "民生西路"}, "geometry": {"type": "LineString", "coordinates": [[121.5136941, 25.0569905], [121.5135881, 25.0569865], [121.5130894, 25.0569731], [121.5124425, 25.0569603], [121.5116741, 25.0569448], [121.5115822, 25.0569413]]}}, {"type": "Feature", "properties": {"county": "台北市", "district": "大同區", "highway": "trunk", "name": "市民大道高架道路"}, "geometry": {"type": "LineString", "coordinates": [[121.5103681, 25.0501216], [121.5107989, 25.0500637], [121.5114641, 25.0499471], [121.5119576, 25.0498402], [121.5122795, 25.049743], [121.5130412, 25.0494805], [121.5145218, 25.049082], [121.5153265, 25.0488876], [121.5177083, 25.0484794]]}}, {"type": "Feature", "properties": {"county": "台北市", "district": "大同區", "highway": "primary", "name": "忠孝橋"}, "geometry": {"type": "LineString", "coordinates": [[121.5037481, 25.0502076], [121.5038893, 25.0501631], [121.5047966, 25.0496607], [121.5052403, 25.0493962]]}}, {"type": "Feature", "properties": {"county": "台北市", "district": "大同區", "highway": "trunk", "name": "環河快速道路"}, "geometry": {"type": "LineString", "coordinates": [[121.5042417, 25.0472299], [121.504308, 25.0473161], [121.5045579, 25.0475394], [121.5048221, 25.0478049], [121.5050349, 25.0480347], [121.5052821, 25.0483297], [121.5053574, 25.0483993], [121.5056201, 25.0487647], [121.5056464, 25.0488542], [121.5058717, 25.0492096], [121.5061663, 25.049687], [121.506404, 25.050133], [121.5066688, 25.0507991], [121.5068416, 25.0512514], [121.5070557, 25.0519556], [121.5072155, 25.0526783], [121.5073471, 25.0534265]]}}, {"type": "Feature", "properties": {"county": "台北市", "district": "大同區", "highway": "trunk_link", "name": null}, "geometry": {"type": "LineString", "coordinates": [[121.5068505, 25.0506974], [121.507061, 25.0506577]]}}, {"type": "Feature", "properties": {"county": "台北市", "district": "大同區", "highway": "trunk_link", "name": null}, "geometry": {"type": "LineString", "coordinates": [[121.5067088, 25.0505669], [121.5066286, 25.0505059], [121.5064709, 25.0501087], [121.5063974, 25.0497569]]}}, {"type": "Feature", "properties": {"county": "台北市", "district": "大同區", "highway": "trunk_link", "name": null}, "geometry": {"type": "LineString", "coordinates": [[121.5052458, 25.0476225], [121.5051617, 25.04766], [121.5051069, 25.0477058], [121.5050655, 25.0477593], [121.5050489, 25.0478251], [121.5050476, 25.0479041], [121.5050581, 25.0479476], [121.5050836, 25.0479944], [121.5051341, 25.0480524], [121.505331, 25.0483061], [121.5053574, 25.0483993]]}}, {"type": "Feature", "properties": {"county": "台北市", "district": "大同區", "highway": "trunk", "name": null}, "geometry": {"type": "LineString", "coordinates": [[121.5043359, 25.0485636], [121.5043831, 25.0484065], [121.5044144, 25.0483577], [121.5044435, 25.0483196], [121.5045252, 25.0482309], [121.5046477, 25.0481542], [121.504782, 25.0480992], [121.5048818, 25.0480722], [121.5050114, 25.0480651], [121.5051272, 25.0480874], [121.5052267, 25.0481065], [121.5053111, 25.0481489], [121.5054336, 25.048266], [121.5055397, 25.0484132], [121.5059553, 25.0489822], [121.5062175, 25.0494657], [121.5062995, 25.0496373], [121.506461, 25.0499771]]}}, {"type": "Feature", "properties": {"county": "台北市", "district": "大同區", "highway": "trunk_link", "name": null}, "geometry": {"type": "LineString", "coordinates": [[121.5069908, 25.0521775], [121.5067434, 25.0516383], [121.5066039, 25.0514536], [121.5064001, 25.0512884], [121.5061533, 25.0511523]]}}, {"type": "Feature", "properties": {"county": "台北市", "district": "大同區", "highway": "trunk_link", "name": null}, "geometry": {"type": "LineString", "coordinates": [[121.5061533, 25.0511523], [121.5059294, 25.0509968], [121.5057818, 25.0508644], [121.5056294, 25.0506789], [121.5054162, 25.0503836], [121.505371, 25.0502678]]}}, {"type": "Feature", "properties": {"county": "台北市", "district": "大同區", "highway": "trunk", "name": null}, "geometry": {"type": "LineString", "coordinates": [[121.5037481, 25.0502076], [121.5038082, 25.0501334], [121.504586, 25.049696], [121.5046316, 25.0496437], [121.504662, 25.0495923], [121.5046839, 25.0495429], [121.5046983, 25.049489], [121.5046946, 25.0494433], [121.5046853, 25.049408], [121.5046513, 25.0493348], [121.5044776, 25.0489946]]}}, {"type": "Feature", "properties": {"county": "台北市", "district": "大同區", "highway": "trunk_link", "name": null}, "geometry": {"type": "LineString", "coordinates": [[121.5073144, 25.0529515], [121.5074266, 25.0535477], [121.5074702, 25.0535938]]}}, {"type": "Feature", "properties": {"county": "台北市", "district": "大同區", "highway": "primary", "name": "忠孝橋"}, "geometry": {"type": "LineString", "coordinates": [[121.5074795, 25.0487298], [121.506626, 25.0489423], [121.5065373, 25.0489451], [121.5061354, 25.0490523], [121.5059655, 25.0491161], [121.5057837, 25.0492058], [121.505544, 25.0493357]]}}, {"type": "Feature", "properties": {"county": "台北市", "district": "大同區", "highway": "primary", "name": "忠孝西路二段"}, "geometry": {"type": "LineString", "coordinates": [[121.5074455, 25.0486045], [121.5075032, 25.0485892], [121.5075911, 25.0485679]]}}, {"type": "Feature", "properties": {"county": "台北市", "district": "大同區", "highway": "tertiary", "name": "忠孝西路二段"}, "geometry": {"type": "LineString", "coordinates": [[121.5076337, 25.048709], [121.5075598, 25.0487727], [121.5075345, 25.0487945], [121.5070456, 25.0489199], [121.50655, 25.0490436]]}}, {"type": "Feature", "properties": {"county": "台北市", "district": "大同區", "highway": "tertiary", "name": "忠孝西路二段"}, "geometry": {"type": "LineString", "coordinates": [[121.5061037, 25.0488481], [121.5064629, 25.0487446], [121.5068896, 25.0486446], [121.5074164, 25.0485138], [121.5074866, 25.0485355], [121.5075911, 25.0485679]]}}, {"type": "Feature", "properties": {"county": "台北市", "district": "大同區", "highway": "trunk", "name": "環河快速道路"}, "geometry": {"type": "LineString", "coordinates": [[121.507269, 25.053453], [121.507194, 25.0530088], [121.5071192, 25.0526642], [121.5070331, 25.0523284], [121.5069908, 25.0521775], [121.5069414, 25.0520016], [121.5068856, 25.0517525], [121.5068389, 25.051606], [121.5067866, 25.0514529], [121.5066844, 25.0511487], [121.506584, 25.0508053], [121.5064685, 25.0504901], [121.5063856, 25.0502962], [121.5063037, 25.0501092], [121.5061446, 25.0497873], [121.5060429, 25.0496104], [121.5059135, 25.0493948], [121.5056745, 25.0490214], [121.5054551, 25.0486876], [121.5051938, 25.0483257], [121.5048994, 25.04798], [121.5045726, 25.0476548], [121.5039626, 25.0471108]]}}, {"type": "Feature", "properties": {"county": "台北市", "district": "大同區", "highway": "trunk", "name": "環河快速道路"}, "geometry": {"type": "LineString", "coordinates": [[121.5073471, 25.0534265], [121.5075195, 25.0543065], [121.5076152, 25.0546312]]}}, {"type": "Feature", "properties": {"county": "台北市", "district": "大同區", "highway": "primary", "name": "忠孝西路二段"}, "geometry": {"type": "LineString", "coordinates": [[121.5076097, 25.048566], [121.5077134, 25.0485403], [121.5078123, 25.0485158], [121.5079743, 25.0484764], [121.5086032, 25.0483232], [121.5093559, 25.0481489], [121.5095908, 25.0481117], [121.5099848, 25.0480761]]}}, {"type": "Feature", "properties": {"county": "台北市", "district": "大同區", "highway": "primary", "name": "忠孝西路二段"}, "geometry": {"type": "LineString", "coordinates": [[121.5076502, 25.0487064], [121.5076337, 25.048709], [121.5075446, 25.0487232], [121.5074795, 25.0487298]]}}, {"type": "Feature", "properties": {"county": "台北市", "district": "大同區", "highway": "tertiary", "name": "塔城街"}, "geometry": {"type": "LineString", "coordinates": [[121.510538, 25.0502841], [121.5105157, 25.0501346], [121.5104996, 25.0500666]]}}, {"type": "Feature", "properties": {"county": "台北市", "district": "大同區", "highway": "trunk_link", "name": null}, "geometry": {"type": "LineString", "coordinates": [[121.5044776, 25.0489946], [121.5044479, 25.0488759], [121.504413, 25.0487501], [121.504411, 25.0486851], [121.5044305, 25.0485879], [121.5044702, 25.048511], [121.5045136, 25.0484561], [121.5045762, 25.0484029], [121.5046732, 25.0483486]]}}, {"type": "Feature", "properties": {"county": "台北市", "district": "大同區", "highway": "trunk_link", "name": null}, "geometry": {"type": "LineString", "coordinates": [[121.5065348, 25.0502708], [121.5065287, 25.0503648], [121.5065181, 25.0504574], [121.5064931, 25.0505246], [121.506455, 25.0505874], [121.5063838, 25.050657], [121.5063315, 25.0506959], [121.5062478, 25.0507332], [121.5061667, 25.0507557], [121.5060635, 25.0507678], [121.5059794, 25.0507615], [121.5058896, 25.0507384], [121.5058113, 25.0507071], [121.5057065, 25.050626], [121.5055968, 25.0505346]]}}, {"type": "Feature", "properties": {"county": "台北市", "district": "大同區", "highway": "trunk_link", "name": "市民大道"}, "geometry": {"type": "LineString", "coordinates": [[121.5062289, 25.0496103], [121.5064136, 25.049907], [121.506461, 25.0499771]]}}, {"type": "Feature", "properties": {"county": "台北市", "district": "大同區", "highway": "residential", "name": "民權西路184巷"}, "geometry": {"type": "LineString", "coordinates": [[121.5145807, 25.0626148], [121.5147114, 25.0625706], [121.5149715, 25.0625658], [121.5156314, 25.062676]]}}, {"type": "Feature", "properties": {"county": "台北市", "district": "大同區", "highway": "residential", "name": null}, "geometry": {"type": "LineString", "coordinates": [[121.5167435, 25.0621722], [121.5167282, 25.0615993]]}}, {"type": "Feature", "properties": {"county": "台北市", "district": "大同區", "highway": "residential", "name": "民權西路118巷"}, "geometry": {"type": "LineString", "coordinates": [[121.5168842, 25.0628435], [121.5168822, 25.0627765], [121.5168576, 25.0621688]]}}, {"type": "Feature", "properties": {"county": "台北市", "district": "大同區", "highway": "residential", "name": null}, "geometry": {"type": "LineString", "coordinates": [[121.5148052, 25.0613231], [121.5148911, 25.0613231], [121.5153337, 25.0612903], [121.5159224, 25.061283]]}}, {"type": "Feature", "properties": {"county": "台北市", "district": "大同區", "highway": "residential", "name": "民權西路160巷"}, "geometry": {"type": "LineString", "coordinates": [[121.5156397, 25.0628577], [121.5156396, 25.0628141], [121.5156314, 25.062676], [121.515573, 25.0622623], [121.5155828, 25.0622083]]}}, {"type": "Feature", "properties": {"county": "台北市", "district": "大同區", "highway": "residential", "name": "民權西路102巷33弄"}, "geometry": {"type": "LineString", "coordinates": [[121.5181776, 25.0615607], [121.5180887, 25.0615646], [121.5179695, 25.0615683], [121.5177043, 25.0615765]]}}, {"type": "Feature", "properties": {"county": "台北市", "district": "大同區", "highway": "residential", "name": "蘭州街"}, "geometry": {"type": "LineString", "coordinates": [[121.5141991, 25.0618077], [121.5137129, 25.0618096], [121.5136624, 25.0618128]]}}, {"type": "Feature", "properties": {"county": "台北市", "district": "大同區", "highway": "residential", "name": "民權西路102巷"}, "geometry": {"type": "LineString", "coordinates": [[121.5176822, 25.0602038], [121.5177043, 25.0615765], [121.5177078, 25.0621441], [121.5177248, 25.0627512], [121.5177285, 25.0628089]]}}, {"type": "Feature", "properties": {"county": "台北市", "district": "大同區", "highway": "residential", "name": "寧夏路104巷"}, "geometry": {"type": "LineString", "coordinates": [[121.5149693, 25.0588495], [121.5147272, 25.0588271], [121.5140857, 25.058808], [121.5137129, 25.0587903]]}}, {"type": "Feature", "properties": {"county": "台北市", "district": "大同區", "highway": "residential", "name": null}, "geometry": {"type": "LineString", "coordinates": [[121.5140864, 25.0585956], [121.5140859, 25.0587599], [121.5140857, 25.058808]]}}, {"type": "Feature", "properties": {"county": "台北市", "district": "大同區", "highway": "residential", "name": null}, "geometry": {"type": "LineString", "coordinates": [[121.5143332, 25.0586151], [121.514714, 25.0586296], [121.5147272, 25.0588271]]}}, {"type": "Feature", "properties": {"county": "台北市", "district": "大同區", "highway": "unclassified", "name": "涼州街"}, "geometry": {"type": "LineString", "coordinates": [[121.5159063, 25.0608978], [121.5158643, 25.060898], [121.5153471, 25.0608712], [121.5148236, 25.0608472], [121.5144374, 25.0608158], [121.5143405, 25.0608077]]}}, {"type": "Feature", "properties": {"county": "台北市", "district": "大同區", "highway": "residential", "name": "萬全街"}, "geometry": {"type": "LineString", "coordinates": [[121.5154096, 25.0575026], [121.5155322, 25.057563], [121.5162108, 25.0577257], [121.5167098, 25.0579867]]}}, {"type": "Feature", "properties": {"county": "台北市", "district": "大同區", "highway": "residential", "name": "寧夏路45巷"}, "geometry": {"type": "LineString", "coordinates": [[121.5168276, 25.0578181], [121.5164576, 25.0576296], [121.5159855, 25.0573613], [121.5154898, 25.0572652]]}}, {"type": "Feature", "properties": {"county": "台北市", "district": "大同區", "highway": "residential", "name": "錦西街65巷"}, "geometry": {"type": "LineString", "coordinates": [[121.5148236, 25.0608472], [121.5150996, 25.0605069], [121.5152558, 25.0603256], [121.5153405, 25.0602308], [121.515516, 25.0600365], [121.5157073, 25.0597524]]}}, {"type": "Feature", "properties": {"county": "台北市", "district": "大同區", "highway": "residential", "name": "歸綏街86巷"}, "geometry": {"type": "LineString", "coordinates": [[121.5170476, 25.0581971], [121.516597, 25.0588726]]}}, {"type": "Feature", "properties": {"county": "台北市", "district": "大同區", "highway": "residential", "name": "歸綏街72巷"}, "geometry": {"type": "LineString", "coordinates": [[121.5171978, 25.058479], [121.5168999, 25.0590211]]}}, {"type": "Feature", "properties": {"county": "台北市", "district": "大同區", "highway": "residential", "name": "蘭州街"}, "geometry": {"type": "LineString", "coordinates": [[121.5148011, 25.063082], [121.5148273, 25.0631472], [121.5150309, 25.0637505], [121.5151499, 25.0640924], [121.515229, 25.0642823], [121.5152868, 25.0644625], [121.5154429, 25.0648072], [121.5156825, 25.0655992], [121.5157179, 25.0658318], [121.5157272, 25.0658927]]}}, {"type": "Feature", "properties": {"county": "台北市", "district": "大同區", "highway": "residential", "name": "興城街"}, "geometry": {"type": "LineString", "coordinates": [[121.5173025, 25.0601131], [121.5173906, 25.059661], [121.5173952, 25.0596383], [121.5174274, 25.0594747], [121.5174732, 25.0592577], [121.5176512, 25.0583743], [121.5177097, 25.0580959], [121.5177637, 25.0578258], [121.5177946, 25.0576714], [121.5178152, 25.0575787], [121.5178658, 25.0572995]]}}, {"type": "Feature", "properties": {"county": "台北市", "district": "大同區", "highway": "residential", "name": "萬全街"}, "geometry": {"type": "LineString", "coordinates": [[121.5170476, 25.0581971], [121.5172542, 25.0583027], [121.5174338, 25.0583526], [121.5176512, 25.0583743], [121.5179853, 25.0584054], [121.5181278, 25.0584128]]}}, {"type": "Feature", "properties": {"county": "台北市", "district": "大同區", "highway": "residential", "name": "歸綏街"}, "geometry": {"type": "LineString", "coordinates": [[121.5137235, 25.0581818], [121.5140217, 25.0581937], [121.5151259, 25.0584193]]}}, {"type": "Feature", "properties": {"county": "台北市", "district": "大同區", "highway": "residential", "name": "天祥路16巷"}, "geometry": {"type": "LineString", "coordinates": [[121.5210474, 25.0609689], [121.5209315, 25.0609821], [121.5202389, 25.061371], [121.5201735, 25.0613787]]}}, {"type": "Feature", "properties": {"county": "台北市", "district": "大同區", "highway": "residential", "name": "天祥路48巷"}, "geometry": {"type": "LineString", "coordinates": [[121.5199953, 25.0618139], [121.5200543, 25.0618278], [121.5210425, 25.0618002]]}}, {"type": "Feature", "properties": {"county": "台北市", "district": "大同區", "highway": "residential", "name": "天祥路60巷"}, "geometry": {"type": "LineString", "coordinates": [[121.5210258, 25.0621683], [121.5198674, 25.0621981], [121.5198269, 25.0621916]]}}, {"type": "Feature", "properties": {"county": "台北市", "district": "大同區", "highway": "residential", "name": "中山北路二段116巷"}, "geometry": {"type": "LineString", "coordinates": [[121.522851, 25.0609687], [121.5227872, 25.0609723], [121.5219252, 25.060998]]}}, {"type": "Feature", "properties": {"county": "台北市", "district": "大同區", "highway": "residential", "name": "天祥路33巷"}, "geometry": {"type": "LineString", "coordinates": [[121.521064, 25.061413], [121.5220535, 25.0613873]]}}, {"type": "Feature", "properties": {"county": "台北市", "district": "大同區", "highway": "residential", "name": "民生西路45巷7弄"}, "geometry": {"type": "LineString", "coordinates": [[121.5208864, 25.0587319], [121.5212788, 25.0587244]]}}, {"type": "Feature", "properties": {"county": "台北市", "district": "大同區", "highway": "residential", "name": "民生西路45巷9弄"}, "geometry": {"type": "LineString", "coordinates": [[121.5217406, 25.0590616], [121.5212914, 25.0590631]]}}, {"type": "Feature", "properties": {"county": "台北市", "district": "大同區", "highway": "residential", "name": "民權西路96巷"}, "geometry": {"type": "LineString", "coordinates": [[121.5193966, 25.0622392], [121.5189752, 25.0622474], [121.5184504, 25.0622576], [121.5183544, 25.0622594]]}}, {"type": "Feature", "properties": {"county": "台北市", "district": "大同區", "highway": "residential", "name": "中山北路二段96巷"}, "geometry": {"type": "LineString", "coordinates": [[121.5228204, 25.0598165], [121.5227608, 25.0598179], [121.5218216, 25.0598393], [121.521247, 25.0598539], [121.5208109, 25.059865]]}}, {"type": "Feature", "properties": {"county": "台北市", "district": "大同區", "highway": "residential", "name": "民生西路45巷11弄"}, "geometry": {"type": "LineString", "coordinates": [[121.5208737, 25.0594777], [121.5212981, 25.0594917], [121.5217905, 25.0594938]]}}, {"type": "Feature", "properties": {"county": "台北市", "district": "大同區", "highway": "residential", "name": "民生西路45巷3弄"}, "geometry": {"type": "LineString", "coordinates": [[121.5208298, 25.058013], [121.5212601, 25.0580093], [121.521523, 25.0580013], [121.5216632, 25.0580047], [121.5217944, 25.0580217]]}}, {"type": "Feature", "properties": {"county": "台北市", "district": "大同區", "highway": "residential", "name": "民生西路45巷5弄"}, "geometry": {"type": "LineString", "coordinates": [[121.5208598, 25.0584006], [121.5212683, 25.058396], [121.521697, 25.0583913]]}}, {"type": "Feature", "properties": {"county": "台北市", "district": "大同區", "highway": "residential", "name": "承德路二段175巷"}, "geometry": {"type": "LineString", "coordinates": [[121.518275, 25.0588067], [121.5183727, 25.0588074], [121.5189959, 25.0588789]]}}, {"type": "Feature", "properties": {"county": "台北市", "district": "大同區", "highway": "residential", "name": "承德路二段155巷"}, "geometry": {"type": "LineString", "coordinates": [[121.5190911, 25.0581842], [121.5183516, 25.0580895], [121.5182745, 25.0580888]]}}, {"type": "Feature", "properties": {"county": "台北市", "district": "大同區", "highway": "residential", "name": "承德路二段139巷"}, "geometry": {"type": "LineString", "coordinates": [[121.518264, 25.0576993], [121.518343, 25.0577013], [121.5191429, 25.0578057]]}}, {"type": "Feature", "properties": {"county": "台北市", "district": "大同區", "highway": "residential", "name": "民生西路3巷"}, "geometry": {"type": "LineString", "coordinates": [[121.5218276, 25.0577929], [121.5218194, 25.0578478], [121.5218103, 25.057909], [121.5217944, 25.0580217], [121.5217321, 25.0582105], [121.5217078, 25.0583355], [121.521697, 25.0583913], [121.5216737, 25.0585154], [121.5216664, 25.0586567], [121.5216704, 25.0587628], [121.5217066, 25.0589358], [121.5217406, 25.0590616], [121.5217905, 25.0594938], [121.5218216, 25.0598393], [121.5218576, 25.0603187]]}}, {"type": "Feature", "properties": {"county": "台北市", "district": "大同區", "highway": "residential", "name": "雙連街"}, "geometry": {"type": "LineString", "coordinates": [[121.5188111, 25.0602282], [121.5188593, 25.0598768], [121.5189023, 25.0595626]]}}, {"type": "Feature", "properties": {"county": "台北市", "district": "大同區", "highway": "residential", "name": "萬全街40巷"}, "geometry": {"type": "LineString", "coordinates": [[121.5202461, 25.0575959], [121.520233, 25.0576915], [121.5202058, 25.0578903], [121.520199, 25.0579403], [121.5201479, 25.0583137], [121.5201018, 25.0586509], [121.5200541, 25.0590001], [121.5200083, 25.0593354]]}}, {"type": "Feature", "properties": {"county": "台北市", "district": "大同區", "highway": "residential", "name": "錦西街72巷"}, "geometry": {"type": "LineString", "coordinates": [[121.519496, 25.0599365], [121.5193775, 25.0600829], [121.5193642, 25.0602699]]}}, {"type": "Feature", "properties": {"county": "台北市", "district": "大同區", "highway": "residential", "name": "承德路二段201巷"}, "geometry": {"type": "LineString", "coordinates": [[121.5186867, 25.0595403], [121.5189023, 25.0595626]]}}, {"type": "Feature", "properties": {"county": "台北市", "district": "大同區", "highway": "residential", "name": "承德路二段187巷"}, "geometry": {"type": "LineString", "coordinates": [[121.5189501, 25.0592139], [121.518392, 25.0591531], [121.5183811, 25.0591513], [121.5182807, 25.0591509]]}}, {"type": "Feature", "properties": {"county": "台北市", "district": "大同區", "highway": "residential", "name": "葫蘆街"}, "geometry": {"type": "LineString", "coordinates": [[121.5082963, 25.0816651], [121.5083179, 25.0816083], [121.508417, 25.0813469], [121.5084881, 25.0811538], [121.5085712, 25.0809121], [121.5087398, 25.0806021], [121.5088777, 25.0804429], [121.5089839, 25.0803398], [121.5090608, 25.0802716], [121.5092307, 25.0801843], [121.509292, 25.0801663], [121.5095082, 25.0801028], [121.5096276, 25.0800677], [121.5098613, 25.0800412], [121.51003, 25.080024], [121.510336, 25.0800038], [121.5108602, 25.0799832], [121.5109303, 25.0799804], [121.5110289, 25.0799883]]}}, {"type": "Feature", "properties": {"county": "台北市", "district": "大同區", "highway": "residential", "name": "重慶北路三段25巷"}, "geometry": {"type": "LineString", "coordinates": [[121.5152868, 25.0644625], [121.5150568, 25.0645166], [121.5148863, 25.0645645], [121.5147198, 25.0646069], [121.5145299, 25.0646574], [121.5143963, 25.0646893], [121.5141301, 25.0647705], [121.5140134, 25.0647705], [121.513844, 25.0647759], [121.5137358, 25.0647766]]}}, {"type": "Feature", "properties": {"county": "台北市", "district": "大同區", "highway": "residential", "name": "重慶北路三段9巷"}, "geometry": {"type": "LineString", "coordinates": [[121.5151499, 25.0640924], [121.5149093, 25.0641607], [121.5145338, 25.064253], [121.5140718, 25.0643661], [121.5138364, 25.0643739], [121.5137335, 25.0643735]]}}, {"type": "Feature", "properties": {"county": "台北市", "district": "大同區", "highway": "residential", "name": "民權西路133巷"}, "geometry": {"type": "LineString", "coordinates": [[121.5170879, 25.0642438], [121.5170719, 25.0636867], [121.517064, 25.0634111], [121.517061, 25.0633072], [121.5170547, 25.0630763], [121.5170523, 25.0630083]]}}, {"type": "Feature", "properties": {"county": "台北市", "district": "大同區", "highway": "residential", "name": "民權西路250巷"}, "geometry": {"type": "LineString", "coordinates": [[121.5125634, 25.0628583], [121.5125814, 25.0625544], [121.5125883, 25.0623494]]}}, {"type": "Feature", "properties": {"county": "台北市", "district": "大同區", "highway": "residential", "name": "大龍街22巷"}, "geometry": {"type": "LineString", "coordinates": [[121.5156117, 25.0637262], [121.5159543, 25.0637179], [121.5159994, 25.0637167]]}}, {"type": "Feature", "properties": {"county": "台北市", "district": "大同區", "highway": "tertiary", "name": "涼州街"}, "geometry": {"type": "LineString", "coordinates": [[121.5093182, 25.060526], [121.5094141, 25.0605304], [121.5098785, 25.0605515], [121.5099266, 25.0605537], [121.5099878, 25.0605579], [121.5104183, 25.0605871], [121.5108084, 25.060613], [121.5112318, 25.0606436], [121.5113529, 25.0606523]]}}, {"type": "Feature", "properties": {"county": "台北市", "district": "大同區", "highway": "residential", "name": "延平北路二段247巷"}, "geometry": {"type": "LineString", "coordinates": [[121.511253, 25.0622571], [121.51129, 25.0622588], [121.5117181, 25.0622791], [121.5125361, 25.0623176], [121.5125883, 25.0623494], [121.5134328, 25.0623721], [121.5135007, 25.0623726]]}}, {"type": "Feature", "properties": {"county": "台北市", "district": "大同區", "highway": "residential", "name": "迪化街二段"}, "geometry": {"type": "LineString", "coordinates": [[121.5096227, 25.0658532], [121.5095445, 25.0656127], [121.5094974, 25.0654754], [121.5093946, 25.0650715], [121.5093579, 25.0647218], [121.5093144, 25.0644531], [121.5092438, 25.0639288]]}}, {"type": "Feature", "properties": {"county": "台北市", "district": "大同區", "highway": "residential", "name": "景化街"}, "geometry": {"type": "LineString", "coordinates": [[121.5130337, 25.0651557], [121.5125156, 25.065159], [121.5118952, 25.0651374], [121.5114901, 25.0650936], [121.5110752, 25.0650975]]}}, {"type": "Feature", "properties": {"county": "台北市", "district": "大同區", "highway": "residential", "name": "延平北路三段17巷"}, "geometry": {"type": "LineString", "coordinates": [[121.5111584, 25.0637859], [121.5114548, 25.0637998], [121.5117468, 25.0638127], [121.5121204, 25.0638292]]}}, {"type": "Feature", "properties": {"county": "台北市", "district": "大同區", "highway": "residential", "name": "迪化街二段"}, "geometry": {"type": "LineString", "coordinates": [[121.5103107, 25.0671735], [121.5102023, 25.0669492], [121.5101407, 25.0668559], [121.5100094, 25.0666586], [121.509955, 25.0665683], [121.5097952, 25.0665142], [121.5097368, 25.0665103], [121.5096134, 25.0662792], [121.5095683, 25.0661918], [121.5095389, 25.0661173], [121.5094336, 25.0658595]]}}, {"type": "Feature", "properties": {"county": "台北市", "district": "大同區", "highway": "residential", "name": null}, "geometry": {"type": "LineString", "coordinates": [[121.5105661, 25.0664094], [121.5105232, 25.0662248], [121.5104052, 25.066215], [121.5104052, 25.0660693], [121.5105018, 25.0659915], [121.5105022, 25.0658965]]}}, {"type": "Feature", "properties": {"county": "台北市", "district": "大同區", "highway": "residential", "name": null}, "geometry": {"type": "LineString", "coordinates": [[121.5094477, 25.067578], [121.5092646, 25.0676115], [121.5090519, 25.0676267]]}}, {"type": "Feature", "properties": {"county": "台北市", "district": "大同區", "highway": "residential", "name": "昌吉街"}, "geometry": {"type": "LineString", "coordinates": [[121.5136117, 25.0659375], [121.5135021, 25.0659374], [121.5131517, 25.0659312], [121.5130337, 25.0659307], [121.5124435, 25.0659298], [121.5120897, 25.0659273], [121.5116163, 25.0659283], [121.5111274, 25.065931], [121.5110223, 25.0659316], [121.5109466, 25.0659265], [121.5105022, 25.0658965], [121.5103947, 25.0658912], [121.5096227, 25.0658532], [121.5094835, 25.0658578], [121.5094336, 25.0658595], [121.5091157, 25.0658519], [121.5089863, 25.0658502], [121.5088962, 25.0658376]]}}, {"type": "Feature", "properties": {"county": "台北市", "district": "大同區", "highway": "residential", "name": "民族西路221巷"}, "geometry": {"type": "LineString", "coordinates": [[121.5132035, 25.0696163], [121.513258, 25.0696152], [121.5135385, 25.0696118], [121.5135795, 25.0696086], [121.5136702, 25.0696098]]}}, {"type": "Feature", "properties": {"county": "台北市", "district": "大同區", "highway": "residential", "name": "迪化街二段191巷"}, "geometry": {"type": "LineString", "coordinates": [[121.5108675, 25.0692581], [121.5112831, 25.069238], [121.5122016, 25.06923], [121.5122831, 25.0692293]]}}, {"type": "Feature", "properties": {"county": "台北市", "district": "大同區", "highway": "residential", "name": null}, "geometry": {"type": "LineString", "coordinates": [[121.5127948, 25.0713153], [121.5127853, 25.0705431]]}}, {"type": "Feature", "properties": {"county": "台北市", "district": "大同區", "highway": "residential", "name": null}, "geometry": {"type": "LineString", "coordinates": [[121.5116819, 25.0708118], [121.5111596, 25.0708792], [121.5111294, 25.0709023], [121.5111347, 25.0710243], [121.5111341, 25.0710887], [121.5110865, 25.071127], [121.5108873, 25.0711331]]}}, {"type": "Feature", "properties": {"county": "台北市", "district": "大同區", "highway": "residential", "name": null}, "geometry": {"type": "LineString", "coordinates": [[121.5108883, 25.0713784], [121.5110814, 25.071376], [121.5114913, 25.0713591], [121.5118773, 25.0713431], [121.5123124, 25.0713205], [121.5127948, 25.0713153], [121.5129965, 25.0713071], [121.5132281, 25.0713028], [121.5136023, 25.0712942], [121.5137123, 25.0712931]]}}, {"type": "Feature", "properties": {"county": "台北市", "district": "大同區", "highway": "residential", "name": null}, "geometry": {"type": "LineString", "coordinates": [[121.5113396, 25.0718473], [121.5111485, 25.071939], [121.510926, 25.0719868]]}}, {"type": "Feature", "properties": {"county": "台北市", "district": "大同區", "highway": "residential", "name": null}, "geometry": {"type": "LineString", "coordinates": [[121.5115307, 25.0716846], [121.511912, 25.0716318], [121.5120273, 25.0715667]]}}, {"type": "Feature", "properties": {"county": "台北市", "district": "大同區", "highway": "residential", "name": "民族西路211巷"}, "geometry": {"type": "LineString", "coordinates": [[121.5132048, 25.0686517], [121.5132055, 25.0687375], [121.5132071, 25.0690893], [121.5132035, 25.0696163], [121.5132148, 25.0705327]]}}, {"type": "Feature", "properties": {"county": "台北市", "district": "大同區", "highway": "residential", "name": "重慶北路三段236巷"}, "geometry": {"type": "LineString", "coordinates": [[121.5137085, 25.0705148], [121.5135826, 25.0705195], [121.5132148, 25.0705327], [121.5127853, 25.0705431], [121.5123026, 25.0705547], [121.5119675, 25.0705627], [121.5116438, 25.0705705]]}}, {"type": "Feature", "properties": {"county": "台北市", "district": "大同區", "highway": "residential", "name": null}, "geometry": {"type": "LineString", "coordinates": [[121.5095898, 25.0719293], [121.5095807, 25.0716078]]}}, {"type": "Feature", "properties": {"county": "台北市", "district": "大同區", "highway": "residential", "name": null}, "geometry": {"type": "LineString", "coordinates": [[121.5099706, 25.0719026], [121.5099901, 25.0716383]]}}, {"type": "Feature", "properties": {"county": "台北市", "district": "大同區", "highway": "residential", "name": null}, "geometry": {"type": "LineString", "coordinates": [[121.5103435, 25.0719196], [121.5103743, 25.071662]]}}, {"type": "Feature", "properties": {"county": "台北市", "district": "大同區", "highway": "residential", "name": "迪化街二段"}, "geometry": {"type": "LineString", "coordinates": [[121.5112831, 25.069238], [121.5113815, 25.0694318], [121.5114936, 25.0698387], [121.5115092, 25.0698952], [121.5115515, 25.0700325], [121.5116283, 25.070355], [121.5116438, 25.0705705], [121.5116819, 25.0708118], [121.5117892, 25.0711325], [121.5118773, 25.0713431], [121.5120273, 25.0715667], [121.5120809, 25.0716177], [121.5121184, 25.071659], [121.5121732, 25.0716925], [121.5123205, 25.0718141]]}}, {"type": "Feature", "properties": {"county": "台北市", "district": "大同區", "highway": "residential", "name": "民族西路225巷"}, "geometry": {"type": "LineString", "coordinates": [[121.5122733, 25.0686503], [121.5122735, 25.0687542], [121.5122739, 25.0687831], [121.5122788, 25.0691013], [121.5122831, 25.0692293], [121.5122846, 25.0694804], [121.5122885, 25.0697301], [121.5122975, 25.0703161], [121.5123026, 25.0705547]]}}, {"type": "Feature", "properties": {"county": "台北市", "district": "大同區", "highway": "residential", "name": null}, "geometry": {"type": "LineString", "coordinates": [[121.5097283, 25.0707115], [121.5097229, 25.0706192], [121.5097256, 25.0702754], [121.5097135, 25.0700859]]}}, {"type": "Feature", "properties": {"county": "台北市", "district": "大同區", "highway": "residential", "name": "環河北路二段237巷"}, "geometry": {"type": "LineString", "coordinates": [[121.5097229, 25.0706192], [121.5105737, 25.0705605]]}}, {"type": "Feature", "properties": {"county": "台北市", "district": "大同區", "highway": "residential", "name": null}, "geometry": {"type": "LineString", "coordinates": [[121.5106197, 25.0708834], [121.5095781, 25.0709288]]}}, {"type": "Feature", "properties": {"county": "台北市", "district": "大同區", "highway": "residential", "name": "民族西路303巷"}, "geometry": {"type": "LineString", "coordinates": [[121.5107589, 25.071486], [121.5106627, 25.071113], [121.5106406, 25.0710172], [121.5106197, 25.0708834], [121.5105876, 25.0706757], [121.5105737, 25.0705605], [121.5105328, 25.0702212], [121.510484, 25.0701564], [121.5103747, 25.0700179]]}}, {"type": "Feature", "properties": {"county": "台北市", "district": "大同區", "highway": "residential", "name": null}, "geometry": {"type": "LineString", "coordinates": [[121.510491, 25.0714629], [121.5107589, 25.071486], [121.5108853, 25.0715013]]}}, {"type": "Feature", "properties": {"county": "台北市", "district": "大同區", "highway": "motorway", "name": "汐止五股高架道路"}, "geometry": {"type": "LineString", "coordinates": [[121.5050328, 25.078213], [121.50325, 25.0779755], [121.5018617, 25.0777677], [121.5003569, 25.0775053], [121.4992411, 25.0773012], [121.4979644, 25.0770583], [121.4966577, 25.0767637], [121.4951771, 25.0763847], [121.4936107, 25.0759571], [121.492334, 25.0756073], [121.4884287, 25.0746258], [121.4863195, 25.0741171], [121.4853647, 25.0739008], [121.4843307, 25.073726], [121.4833423, 25.073602], [121.4824103, 25.0735352], [121.4813266, 25.0735133], [121.4803557, 25.073545], [121.4793297, 25.0736324], [121.4781814, 25.0737955], [121.4769315, 25.0740551], [121.4744211, 25.0747582], [121.4718929, 25.075409], [121.4703898, 25.0757383], [121.4696293, 25.0758502], [121.4688767, 25.0759686], [121.4680562, 25.0760652], [121.4672259, 25.0761094], [121.4666869, 25.0761393], [121.4661527, 25.0761492], [121.4650657, 25.076139], [121.4640865, 25.0760871], [121.4635608, 25.0760409], [121.463051, 25.0759835], [121.462335, 25.0758927], [121.4619702, 25.075832], [121.4616151, 25.0757617], [121.4597171, 25.0753334], [121.4575306, 25.0746538]]}}, {"type": "Feature", "properties": {"county": "台北市", "district": "大同區", "highway": "motorway", "name": "汐止五股高架道路"}, "geometry": {"type": "LineString", "coordinates": [[121.5033887, 25.0775577], [121.5039537, 25.0776486], [121.5050911, 25.0777812], [121.5060111, 25.0778454], [121.5072556, 25.0779037], [121.5084267, 25.0779194], [121.509639, 25.0779291]]}}, {"type": "Feature", "properties": {"county": "台北市", "district": "大同區", "highway": "residential", "name": "西寧南路"}, "geometry": {"type": "LineString", "coordinates": [[121.5076097, 25.048566], [121.5075698, 25.0484274], [121.5073418, 25.0476374], [121.5073284, 25.0475788], [121.5073005, 25.0475002], [121.5072384, 25.0472829], [121.507049, 25.0466194], [121.5070295, 25.0465546], [121.5070149, 25.0465011], [121.5069057, 25.0461257], [121.5067951, 25.0457467], [121.5067753, 25.0456735]]}}, {"type": "Feature", "properties": {"county": "台北市", "district": "大同區", "highway": "residential", "name": "西寧北路"}, "geometry": {"type": "LineString", "coordinates": [[121.5076502, 25.0487064], [121.5076791, 25.0488072], [121.5077936, 25.0492079], [121.5079306, 25.0496873], [121.5080398, 25.0500692], [121.5081123, 25.0503229], [121.508136, 25.0504059]]}}, {"type": "Feature", "properties": {"county": "台北市", "district": "大同區", "highway": "residential", "name": "迪化街一段"}, "geometry": {"type": "LineString", "coordinates": [[121.5093182, 25.060526], [121.5093143, 25.0606083], [121.5092958, 25.0610004], [121.5092432, 25.0616695], [121.5092422, 25.0617], [121.5092331, 25.0620711], [121.5092357, 25.0622752], [121.509246, 25.0623717], [121.5092581, 25.0624677], [121.5092861, 25.0630534], [121.5093004, 25.0630926]]}}, {"type": "Feature", "properties": {"county": "台北市", "district": "大同區", "highway": "residential", "name": "安西街"}, "geometry": {"type": "LineString", "coordinates": [[121.5098853, 25.0629956], [121.5098377, 25.0628078], [121.5097829, 25.0626093], [121.5097377, 25.0624089], [121.509746, 25.0621888], [121.5097541, 25.0620917], [121.5097742, 25.061851], [121.5098094, 25.0613857], [121.509914, 25.0606432], [121.5099266, 25.0605537]]}}, {"type": "Feature", "properties": {"county": "台北市", "district": "大同區", "highway": "residential", "name": "西寧北路"}, "geometry": {"type": "LineString", "coordinates": [[121.5088227, 25.0544858], [121.5088736, 25.0549258], [121.5088925, 25.0551524], [121.5088951, 25.0551833], [121.508904, 25.0552362], [121.5089199, 25.0553309], [121.5089387, 25.0555454], [121.5089814, 25.0562728], [121.5089889, 25.0566092], [121.5089997, 25.0568109], [121.5089329, 25.0568804]]}}, {"type": "Feature", "properties": {"county": "台北市", "district": "大同區", "highway": "residential", "name": "迪化街一段72巷"}, "geometry": {"type": "LineString", "coordinates": [[121.5089387, 25.0555454], [121.5096527, 25.0556138], [121.5099975, 25.0556468]]}}, {"type": "Feature", "properties": {"county": "台北市", "district": "大同區", "highway": "residential", "name": "寧夏路"}, "geometry": {"type": "LineString", "coordinates": [[121.5147515, 25.0541624], [121.5147754, 25.0542691], [121.5148532, 25.0545493], [121.515134, 25.0555214], [121.5152032, 25.055783], [121.515336, 25.0561321], [121.5155447, 25.056952], [121.5155402, 25.0570098]]}}, {"type": "Feature", "properties": {"county": "台北市", "district": "大同區", "highway": "residential", "name": "民樂街"}, "geometry": {"type": "LineString", "coordinates": [[121.5110435, 25.0538273], [121.5110371, 25.0539119], [121.510997, 25.0544409], [121.5109816, 25.054644], [121.5109701, 25.0548364], [121.5109462, 25.0551104], [121.5109257, 25.0553821], [121.5109146, 25.0555287], [121.5108719, 25.0560199], [121.5108518, 25.0563224], [121.5108437, 25.0565678], [121.5108442, 25.0568468], [121.5108434, 25.0569315]]}}, {"type": "Feature", "properties": {"county": "台北市", "district": "大同區", "highway": "residential", "name": "南京西路344巷"}, "geometry": {"type": "LineString", "coordinates": [[121.5121394, 25.0522708], [121.5121414, 25.0527511], [121.5121513, 25.0530193], [121.5121795, 25.0536911], [121.5121816, 25.0537475]]}}, {"type": "Feature", "properties": {"county": "台北市", "district": "大同區", "highway": "residential", "name": "永昌街"}, "geometry": {"type": "LineString", "coordinates": [[121.5100283, 25.0554707], [121.5106359, 25.0555168], [121.5109146, 25.0555287]]}}, {"type": "Feature", "properties": {"county": "台北市", "district": "大同區", "highway": "residential", "name": "平陽街"}, "geometry": {"type": "LineString", "coordinates": [[121.515134, 25.0555214], [121.5156654, 25.0553725], [121.5164731, 25.0551709], [121.516539, 25.055162], [121.5174362, 25.0549383], [121.5180036, 25.0547902], [121.5181239, 25.0547785], [121.5182601, 25.054866]]}}, {"type": "Feature", "properties": {"county": "台北市", "district": "大同區", "highway": "tertiary", "name": "環河北路"}, "geometry": {"type": "LineString", "coordinates": [[121.5046007, 25.0663015], [121.5046242, 25.0669562], [121.5046129, 25.0673145], [121.504611, 25.0674601], [121.504602, 25.0676016], [121.5045819, 25.0678967], [121.504562, 25.0681671], [121.5045235, 25.0685848], [121.504475, 25.0689076], [121.5044066, 25.0692462], [121.5042601, 25.069947], [121.5041722, 25.0703375], [121.5041406, 25.0704818], [121.5039798, 25.0711755], [121.503598, 25.0725153], [121.5033692, 25.0732844], [121.5030783, 25.0741453], [121.5030286, 25.0742925], [121.5029347, 25.074426]]}}, {"type": "Feature", "properties": {"county": "台北市", "district": "大同區", "highway": "residential", "name": "保安街"}, "geometry": {"type": "LineString", "coordinates": [[121.5148081, 25.0593719], [121.5147429, 25.0593584], [121.5141387, 25.0592793], [121.5137022, 25.0592403]]}}, {"type": "Feature", "properties": {"county": "台北市", "district": "大同區", "highway": "residential", "name": "伊寧街"}, "geometry": {"type": "LineString", "coordinates": [[121.5111042, 25.0646412], [121.5120967, 25.0646636], [121.5125416, 25.0646683], [121.5130338, 25.0646893], [121.5134916, 25.0646768], [121.5136008, 25.0646748]]}}, {"type": "Feature", "properties": {"county": "台北市", "district": "大同區", "highway": "unclassified", "name": "歸綏街"}, "geometry": {"type": "LineString", "coordinates": [[121.5135878, 25.058216], [121.5134836, 25.0582142], [121.5129837, 25.0581783], [121.5129111, 25.058177], [121.5122522, 25.0581657], [121.5120683, 25.0581625], [121.5119434, 25.0581604], [121.5116151, 25.0581547], [121.5115077, 25.0581528]]}}, {"type": "Feature", "properties": {"county": "台北市", "district": "大同區", "highway": "unclassified", "name": "天祥路"}, "geometry": {"type": "LineString", "coordinates": [[121.5210066, 25.0603378], [121.5210101, 25.0603795], [121.5210474, 25.0609689], [121.5210485, 25.061008], [121.521064, 25.061413], [121.5210425, 25.0618002], [121.5210304, 25.0621046], [121.5210258, 25.0621683]]}}, {"type": "Feature", "properties": {"county": "台北市", "district": "大同區", "highway": "unclassified", "name": "歸綏街"}, "geometry": {"type": "LineString", "coordinates": [[121.511498, 25.0582865], [121.5114137, 25.0582827], [121.5111892, 25.0582708], [121.5106706, 25.058232], [121.5106369, 25.0582359], [121.5105463, 25.0582553], [121.5104751, 25.0582652], [121.5101899, 25.0582434], [121.5097386, 25.0582138], [121.5096919, 25.0582077], [121.5096264, 25.0581776], [121.5088652, 25.0581034], [121.5088267, 25.0580999], [121.5085816, 25.0580825], [121.5084843, 25.0580642]]}}, {"type": "Feature", "properties": {"county": "台北市", "district": "大同區", "highway": "residential", "name": "伊寧街"}, "geometry": {"type": "LineString", "coordinates": [[121.5093579, 25.0647218], [121.5097048, 25.0646836], [121.5098969, 25.0646733], [121.5101685, 25.0646565], [121.5103926, 25.0646415], [121.5106978, 25.0646296], [121.5111042, 25.0646412]]}}, {"type": "Feature", "properties": {"county": "台北市", "district": "大同區", "highway": "residential", "name": "甘州街"}, "geometry": {"type": "LineString", "coordinates": [[121.5127238, 25.0607257], [121.5127428, 25.0605152], [121.5127731, 25.0600553], [121.5127934, 25.0597794], [121.5128072, 25.0595915], [121.5128372, 25.0591844], [121.5128391, 25.0591584], [121.5128472, 25.0590478], [121.5128827, 25.0585665], [121.5129074, 25.0582315], [121.5129111, 25.058177]]}}, {"type": "Feature", "properties": {"county": "台北市", "district": "大同區", "highway": "tertiary", "name": "蘭州街"}, "geometry": {"type": "LineString", "coordinates": [[121.5141991, 25.0618077], [121.5144161, 25.0622669], [121.5145447, 25.0625363], [121.5145807, 25.0626148], [121.5146734, 25.0628243], [121.514702, 25.062889]]}}, {"type": "Feature", "properties": {"county": "台北市", "district": "大同區", "highway": "unclassified", "name": "錦西街"}, "geometry": {"type": "LineString", "coordinates": [[121.5181645, 25.0602139], [121.5183044, 25.0602073], [121.518396, 25.0602054], [121.5186045, 25.0602126], [121.5188111, 25.0602282], [121.5193642, 25.0602699], [121.5198764, 25.0603002], [121.5202416, 25.0603292], [121.5203248, 25.060334], [121.5206612, 25.0603445], [121.520923, 25.06034], [121.5210066, 25.0603378], [121.521082, 25.060336], [121.5218576, 25.0603187], [121.5219066, 25.0603175], [121.5227766, 25.0602986], [121.5228445, 25.0603122]]}}, {"type": "Feature", "properties": {"county": "台北市", "district": "大同區", "highway": "unclassified", "name": null}, "geometry": {"type": "LineString", "coordinates": [[121.5161815, 25.0598699], [121.5163983, 25.0594178], [121.5168732, 25.0595212], [121.5171056, 25.0595718], [121.5173952, 25.0596383]]}}, {"type": "Feature", "properties": {"county": "台北市", "district": "大同區", "highway": "tertiary", "name": "延平北路四段"}, "geometry": {"type": "LineString", "coordinates": [[121.5108694, 25.0686909], [121.5108654, 25.0687926], [121.5108656, 25.0688352], [121.5108658, 25.0688879], [121.5108675, 25.0692581], [121.5108758, 25.0700777], [121.5108745, 25.0701358], [121.5108758, 25.0701749], [121.5108865, 25.0705527], [121.5108908, 25.070654], [121.5108912, 25.070699], [121.5108885, 25.0709714], [121.5108873, 25.0711331], [121.5108883, 25.0713784], [121.5108853, 25.0715013], [121.5108998, 25.0717036], [121.510926, 25.0719868], [121.5109368, 25.0720097], [121.5109959, 25.0721048]]}}, {"type": "Feature", "properties": {"county": "台北市", "district": "大同區", "highway": "primary", "name": "重慶北路三段"}, "geometry": {"type": "LineString", "coordinates": [[121.5138006, 25.0779353], [121.513802, 25.0775065], [121.5138236, 25.0770769], [121.5138141, 25.0763234]]}}, {"type": "Feature", "properties": {"county": "台北市", "district": "大同區", "highway": "primary", "name": "重慶北路四段"}, "geometry": {"type": "LineString", "coordinates": [[121.5139893, 25.0783629], [121.5139785, 25.0787795], [121.5139235, 25.0791513], [121.5138216, 25.0795946], [121.513662, 25.0800901], [121.5134813, 25.0805045]]}}, {"type": "Feature", "properties": {"county": "台北市", "district": "大同區", "highway": "secondary", "name": "南京西路"}, "geometry": {"type": "LineString", "coordinates": [[121.5202609, 25.0526168], [121.5204547, 25.0525756]]}}, {"type": "Feature", "properties": {"county": "台北市", "district": "大同區", "highway": "residential", "name": "西寧北路"}, "geometry": {"type": "LineString", "coordinates": [[121.5087, 25.0534136], [121.508712, 25.053479], [121.5087559, 25.053857], [121.5088052, 25.0542661], [121.5088178, 25.0544239], [121.5088227, 25.0544858]]}}, {"type": "Feature", "properties": {"county": "台北市", "district": "大同區", "highway": "secondary", "name": "南京西路"}, "geometry": {"type": "LineString", "coordinates": [[121.5202553, 25.0527129], [121.5201936, 25.0527271], [121.5197315, 25.052834], [121.5190113, 25.0530006], [121.5189567, 25.0530132]]}}, {"type": "Feature", "properties": {"county": "台北市", "district": "大同區", "highway": "tertiary", "name": "環河北路一段"}, "geometry": {"type": "LineString", "coordinates": [[121.5074963, 25.0537132], [121.5075128, 25.0538096], [121.5076039, 25.0542445], [121.5076665, 25.0544632], [121.5078198, 25.0550569], [121.5078661, 25.0552556]]}}, {"type": "Feature", "properties": {"county": "台北市", "district": "大同區", "highway": "primary", "name": "重慶北路三段"}, "geometry": {"type": "LineString", "coordinates": [[121.5139267, 25.0757059], [121.5139121, 25.0759582], [121.5139657, 25.0768437], [121.5139835, 25.0775619], [121.5139893, 25.0783629]]}}, {"type": "Feature", "properties": {"county": "台北市", "district": "大同區", "highway": "secondary", "name": "南京西路"}, "geometry": {"type": "LineString", "coordinates": [[121.5161359, 25.05367], [121.5160234, 25.0536974], [121.5156684, 25.0537732], [121.5151242, 25.0539085], [121.5150731, 25.0539331]]}}, {"type": "Feature", "properties": {"county": "台北市", "district": "大同區", "highway": "secondary", "name": "重慶北路一段"}, "geometry": {"type": "LineString", "coordinates": [[121.5142974, 25.0540658], [121.514277, 25.0539528], [121.5141978, 25.0535468]]}}, {"type": "Feature", "properties": {"county": "台北市", "district": "大同區", "highway": "secondary", "name": "承德路一段"}, "geometry": {"type": "LineString", "coordinates": [[121.5171257, 25.0508746], [121.5171476, 25.0509465], [121.5172434, 25.0512914], [121.5173187, 25.0515605], [121.5173738, 25.051749], [121.5174178, 25.0518878], [121.5174263, 25.0519253], [121.517516, 25.0522473], [121.5175916, 25.0525232], [121.5176013, 25.0526089], [121.5177429, 25.0531024], [121.5177714, 25.0531982]]}}, {"type": "Feature", "properties": {"county": "台北市", "district": "大同區", "highway": "secondary", "name": "重慶北路一段"}, "geometry": {"type": "LineString", "coordinates": [[121.5144167, 25.0540344], [121.5144376, 25.054136]]}}, {"type": "Feature", "properties": {"county": "台北市", "district": "大同區", "highway": "secondary", "name": "承德路二段"}, "geometry": {"type": "LineString", "coordinates": [[121.5177952, 25.0532818], [121.5178203, 25.0533624], [121.517933, 25.0537255], [121.5180141, 25.0539664], [121.5182323, 25.0546148], [121.5182601, 25.054866], [121.518263, 25.0549406], [121.5182533, 25.0553168], [121.5182501, 25.0555307], [121.5182466, 25.0557984], [121.5182487, 25.0562276], [121.5182483, 25.0562922], [121.5182417, 25.0564287], [121.518238, 25.0567102], [121.5182376, 25.0570808], [121.5182376, 25.0572159], [121.5182446, 25.0573124], [121.5182477, 25.057347]]}}, {"type": "Feature", "properties": {"county": "台北市", "district": "大同區", "highway": "motorway_link", "name": "台北交流道"}, "geometry": {"type": "LineString", "coordinates": [[121.515785, 25.0770583], [121.5161511, 25.0771688], [121.5165427, 25.0772405], [121.5170336, 25.077266], [121.5173956, 25.0772599]]}}, {"type": "Feature", "properties": {"county": "台北市", "district": "大同區", "highway": "secondary", "name": "南京西路"}, "geometry": {"type": "LineString", "coordinates": [[121.5150731, 25.0539331], [121.5150186, 25.0539803], [121.5149643, 25.0540458], [121.5149119, 25.0540939], [121.5148442, 25.0541331], [121.5147515, 25.0541624], [121.5146744, 25.0541728], [121.5145905, 25.0541673], [121.5144376, 25.054136]]}}, {"type": "Feature", "properties": {"county": "台北市", "district": "大同區", "highway": "tertiary", "name": "民生西路"}, "geometry": {"type": "LineString", "coordinates": [[121.5202461, 25.0575959], [121.5204678, 25.0576235], [121.5205265, 25.0576308], [121.520818, 25.0576671], [121.5208733, 25.057674], [121.5218276, 25.0577929]]}}, {"type": "Feature", "properties": {"county": "台北市", "district": "大同區", "highway": "tertiary", "name": "民生西路"}, "geometry": {"type": "LineString", "coordinates": [[121.5156998, 25.0570297], [121.5169697, 25.0571879], [121.5172582, 25.0572238], [121.5174641, 25.0572494], [121.5178658, 25.0572995], [121.5179717, 25.0573126], [121.5180899, 25.0573274]]}}, {"type": "Feature", "properties": {"county": "台北市", "district": "大同區", "highway": "secondary", "name": "承德路二段"}, "geometry": {"type": "LineString", "coordinates": [[121.5180899, 25.0573274], [121.518087, 25.057291]]}}, {"type": "Feature", "properties": {"county": "台北市", "district": "大同區", "highway": "tertiary", "name": "南京西路"}, "geometry": {"type": "LineString", "coordinates": [[121.5117574, 25.0538732], [121.5116787, 25.0538681], [121.5111387, 25.0538334], [121.5110435, 25.0538273], [121.5110006, 25.0538238], [121.5104851, 25.0537905], [121.5104597, 25.0537877], [121.5102574, 25.0537659], [121.5102663, 25.0537044], [121.5102755, 25.0536532], [121.5103168, 25.0533493], [121.51033, 25.0532547]]}}, {"type": "Feature", "properties": {"county": "台北市", "district": "大同區", "highway": "tertiary", "name": "民生西路"}, "geometry": {"type": "LineString", "coordinates": [[121.5115822, 25.0569413], [121.5114735, 25.0569411], [121.5108987, 25.0569292], [121.5108434, 25.0569315], [121.5106322, 25.0569253], [121.5105182, 25.0569224], [121.5104541, 25.0569199], [121.5099017, 25.0569056], [121.5098384, 25.0569048], [121.5097854, 25.0569034], [121.5092098, 25.0568886], [121.509096, 25.0568857], [121.5089329, 25.0568804]]}}, {"type": "Feature", "properties": {"county": "台北市", "district": "大同區", "highway": "secondary", "name": "南京西路"}, "geometry": {"type": "LineString", "coordinates": [[121.5144376, 25.054136], [121.5142974, 25.0540658]]}}, {"type": "Feature", "properties": {"county": "台北市", "district": "大同區", "highway": "tertiary", "name": "延平北路二段"}, "geometry": {"type": "LineString", "coordinates": [[121.5115822, 25.0569413], [121.5115778, 25.0570136], [121.5115399, 25.0576318], [121.511537, 25.0576793], [121.5115135, 25.0580593], [121.5115077, 25.0581528], [121.511498, 25.0582865], [121.5114944, 25.0583674], [121.5114625, 25.0588826], [121.5114554, 25.0589975]]}}, {"type": "Feature", "properties": {"county": "台北市", "district": "大同區", "highway": "primary", "name": "中山北路二段"}, "geometry": {"type": "LineString", "coordinates": [[121.5226118, 25.0628407], [121.5225799, 25.0629795], [121.5223598, 25.063936]]}}, {"type": "Feature", "properties": {"county": "台北市", "district": "大同區", "highway": "tertiary", "name": "民權西路"}, "geometry": {"type": "LineString", "coordinates": [[121.5159716, 25.0630359], [121.5158245, 25.0630513], [121.5156853, 25.0630538], [121.5148913, 25.0630783], [121.5148011, 25.063082]]}}, {"type": "Feature", "properties": {"county": "台北市", "district": "大同區", "highway": "residential", "name": "民權西路"}, "geometry": {"type": "LineString", "coordinates": [[121.5107153, 25.0628433], [121.5109941, 25.0627979], [121.5110495, 25.0628002], [121.5111451, 25.062804]]}}, {"type": "Feature", "properties": {"county": "台北市", "district": "大同區", "highway": "residential", "name": null}, "geometry": {"type": "LineString", "coordinates": [[121.5123783, 25.0739932], [121.512755, 25.0740486]]}}, {"type": "Feature", "properties": {"county": "台北市", "district": "大同區", "highway": "residential", "name": "南京西路233巷"}, "geometry": {"type": "LineString", "coordinates": [[121.5104594, 25.0544119], [121.5104851, 25.0537905]]}}, {"type": "Feature", "properties": {"county": "台北市", "district": "大同區", "highway": "residential", "name": "華亭街"}, "geometry": {"type": "LineString", "coordinates": [[121.5131331, 25.053979], [121.5131636, 25.0534358], [121.5132172, 25.0530009], [121.5132213, 25.0529533], [121.5132341, 25.0522803], [121.5132749, 25.0520132], [121.5132669, 25.0517461]]}}, {"type": "Feature", "properties": {"county": "台北市", "district": "大同區", "highway": "residential", "name": null}, "geometry": {"type": "LineString", "coordinates": [[121.5121816, 25.0537475], [121.5121848, 25.053872]]}}, {"type": "Feature", "properties": {"county": "台北市", "district": "大同區", "highway": "residential", "name": "民樂街"}, "geometry": {"type": "LineString", "coordinates": [[121.5105463, 25.0582553], [121.5105714, 25.0581591], [121.5106165, 25.0576622], [121.5106009, 25.0574605], [121.5106272, 25.0569881], [121.5106322, 25.0569253]]}}, {"type": "Feature", "properties": {"county": "台北市", "district": "大同區", "highway": "residential", "name": null}, "geometry": {"type": "LineString", "coordinates": [[121.5121848, 25.053872], [121.5121849, 25.0539011]]}}, {"type": "Feature", "properties": {"county": "台北市", "district": "大同區", "highway": "residential", "name": "民生西路423巷"}, "geometry": {"type": "LineString", "coordinates": [[121.5089329, 25.0568804], [121.508868, 25.0569541], [121.508792, 25.0572663], [121.5087432, 25.0574591], [121.5086643, 25.0577492], [121.5084849, 25.0577197]]}}, {"type": "Feature", "properties": {"county": "台北市", "district": "大同區", "highway": "residential", "name": "迪化街一段"}, "geometry": {"type": "LineString", "coordinates": [[121.5093004, 25.0630926], [121.5093129, 25.0631313], [121.5093444, 25.0632559], [121.5093684, 25.0633478], [121.5093777, 25.063392]]}}, {"type": "Feature", "properties": {"county": "台北市", "district": "大同區", "highway": "residential", "name": "迪化街二段"}, "geometry": {"type": "LineString", "coordinates": [[121.5127183, 25.0732042], [121.5124566, 25.0736014], [121.5123783, 25.0739932], [121.5120545, 25.0740413], [121.511977, 25.0740721], [121.51193, 25.0741274]]}}, {"type": "Feature", "properties": {"county": "台北市", "district": "大同區", "highway": "unclassified", "name": "錦西街38巷"}, "geometry": {"type": "LineString", "coordinates": [[121.5204984, 25.0586989], [121.5204525, 25.0593344], [121.5204486, 25.0593886], [121.5204349, 25.0595627], [121.5204016, 25.0599866], [121.5203248, 25.060334]]}}, {"type": "Feature", "properties": {"county": "台北市", "district": "大同區", "highway": "residential", "name": "南京西路12巷"}, "geometry": {"type": "LineString", "coordinates": [[121.5214613, 25.0510051], [121.5214492, 25.0512706], [121.5214582, 25.0514749], [121.5214564, 25.0516662], [121.5214558, 25.0520873], [121.5214555, 25.0521098], [121.5215002, 25.0523095], [121.521517, 25.0523769]]}}, {"type": "Feature", "properties": {"county": "台北市", "district": "大同區", "highway": "residential", "name": "中山北路一段140巷"}, "geometry": {"type": "LineString", "coordinates": [[121.5222069, 25.0514006], [121.5221454, 25.0514162], [121.5219023, 25.0514791], [121.5214582, 25.0514749]]}}, {"type": "Feature", "properties": {"county": "台北市", "district": "大同區", "highway": "residential", "name": "南京西路25巷"}, "geometry": {"type": "LineString", "coordinates": [[121.5205265, 25.0576308], [121.520523, 25.0575374], [121.5205106, 25.0572116], [121.5205066, 25.0570385], [121.5204878, 25.0567877], [121.5204803, 25.0566135], [121.5204545, 25.0561476], [121.5204292, 25.0557081], [121.520404, 25.0552686], [121.520379, 25.0548408], [121.5203577, 25.054441], [121.5203291, 25.0540379], [121.5203202, 25.0539179], [121.5203131, 25.0537696], [121.5203021, 25.053602], [121.5202805, 25.0531901], [121.5202591, 25.0528326], [121.5202543, 25.0527842], [121.5202553, 25.0527129]]}}, {"type": "Feature", "properties": {"county": "台北市", "district": "大同區", "highway": "residential", "name": "長安西路78巷3弄"}, "geometry": {"type": "LineString", "coordinates": [[121.5197455, 25.0496944], [121.5191701, 25.0498271]]}}, {"type": "Feature", "properties": {"county": "台北市", "district": "大同區", "highway": "residential", "name": "南京西路23巷"}, "geometry": {"type": "LineString", "coordinates": [[121.5204547, 25.0525756], [121.52051, 25.0526586], [121.5205393, 25.0527229], [121.520565, 25.0531488], [121.5205879, 25.0535978], [121.5205944, 25.0537489], [121.5206089, 25.0539625], [121.5206133, 25.0540437], [121.5206328, 25.0543017], [121.5206438, 25.0544586], [121.5206554, 25.0546809], [121.5206698, 25.0548351]]}}, {"type": "Feature", "properties": {"county": "台北市", "district": "大同區", "highway": "residential", "name": "長安西路78巷1弄"}, "geometry": {"type": "LineString", "coordinates": [[121.5198876, 25.0498993], [121.5192181, 25.0500551]]}}, {"type": "Feature", "properties": {"county": "台北市", "district": "大同區", "highway": "residential", "name": "華陰街24巷"}, "geometry": {"type": "LineString", "coordinates": [[121.5198458, 25.0491981], [121.519829, 25.049143], [121.5197923, 25.0490165], [121.5197637, 25.0489116], [121.519727, 25.0487878], [121.5196854, 25.0486442]]}}, {"type": "Feature", "properties": {"county": "台北市", "district": "大同區", "highway": "residential", "name": "長安西路40巷2弄"}, "geometry": {"type": "LineString", "coordinates": [[121.5202323, 25.0499029], [121.5203915, 25.0498656]]}}, {"type": "Feature", "properties": {"county": "台北市", "district": "大同區", "highway": "trunk", "name": "市民大道高架道路"}, "geometry": {"type": "LineString", "coordinates": [[121.5164157, 25.0488374], [121.5157342, 25.0489654], [121.5148222, 25.0491598], [121.5139854, 25.0493153], [121.5133524, 25.0494708], [121.5124297, 25.0497916], [121.5120113, 25.0499179], [121.5116036, 25.0500151], [121.5110671, 25.0501123], [121.5106354, 25.0501917], [121.5103268, 25.0502484]]}}, {"type": "Feature", "properties": {"county": "台北市", "district": "大同區", "highway": "trunk", "name": "市民大道高架道路"}, "geometry": {"type": "LineString", "coordinates": [[121.5184222, 25.0483928], [121.5195635, 25.0482226], [121.5199592, 25.0481619], [121.5205459, 25.0480515], [121.5208074, 25.0480029], [121.5211112, 25.047953], [121.521372, 25.0479185], [121.5216984, 25.0478923], [121.5239628, 25.0477593], [121.5243144, 25.0477295], [121.5246944, 25.0476749], [121.5249284, 25.0476366], [121.5251975, 25.0475807], [121.5255071, 25.0475103], [121.5258472, 25.0474228], [121.5261548, 25.0473383], [121.5266128, 25.0471992]]}}, {"type": "Feature", "properties": {"county": "台北市", "district": "大同區", "highway": "trunk", "name": "市民大道高架道路"}, "geometry": {"type": "LineString", "coordinates": [[121.5176198, 25.0486556], [121.5164157, 25.0488374]]}}, {"type": "Feature", "properties": {"county": "台北市", "district": "大同區", "highway": "residential", "name": "南京西路64巷"}, "geometry": {"type": "LineString", "coordinates": [[121.5188804, 25.0529392], [121.518862, 25.0528703], [121.5187522, 25.0524599], [121.5187495, 25.05245], [121.5187077, 25.0522938], [121.5186317, 25.0520094], [121.5186074, 25.0519189], [121.51852, 25.0515922], [121.5184817, 25.0514491], [121.5184143, 25.0511972], [121.5183741, 25.051047], [121.518277, 25.0506841], [121.5182579, 25.0506124]]}}, {"type": "Feature", "properties": {"county": "台北市", "district": "大同區", "highway": "tertiary", "name": "長安東路一段"}, "geometry": {"type": "LineString", "coordinates": [[121.5214968, 25.0498624], [121.5216305, 25.0498283]]}}, {"type": "Feature", "properties": {"county": "台北市", "district": "大同區", "highway": "residential", "name": "長安西路26巷"}, "geometry": {"type": "LineString", "coordinates": [[121.520448, 25.0490475], [121.5205385, 25.0493852], [121.5206146, 25.0496529], [121.520675, 25.0498765], [121.5207178, 25.0500428]]}}, {"type": "Feature", "properties": {"county": "台北市", "district": "大同區", "highway": "secondary", "name": "南京西路"}, "geometry": {"type": "LineString", "coordinates": [[121.5188804, 25.0529392], [121.5189327, 25.0529269], [121.5197989, 25.0527247], [121.5201746, 25.0526369], [121.5202609, 25.0526168]]}}, {"type": "Feature", "properties": {"county": "台北市", "district": "大同區", "highway": "primary", "name": "民權西路"}, "geometry": {"type": "LineString", "coordinates": [[121.5182174, 25.062827], [121.5183691, 25.062823]]}}, {"type": "Feature", "properties": {"county": "台北市", "district": "大同區", "highway": "tertiary", "name": "環河北路一段"}, "geometry": {"type": "LineString", "coordinates": [[121.5061037, 25.0488481], [121.5061674, 25.0489804], [121.5062552, 25.0491281]]}}, {"type": "Feature", "properties": {"county": "台北市", "district": "大同區", "highway": "residential", "name": "天津街"}, "geometry": {"type": "LineString", "coordinates": [[121.5225736, 25.0486166], [121.5224319, 25.0481367], [121.5224228, 25.0481005], [121.5224061, 25.0480186], [121.5223792, 25.0478212], [121.5223589, 25.0477324], [121.522345, 25.0476831], [121.522297, 25.0475134], [121.5222379, 25.0473045], [121.5222336, 25.0472893], [121.5220871, 25.0467707]]}}, {"type": "Feature", "properties": {"county": "台北市", "district": "大同區", "highway": "residential", "name": "中山北路一段33巷"}, "geometry": {"type": "LineString", "coordinates": [[121.5212921, 25.0489099], [121.5213497, 25.0488872], [121.5214893, 25.0488321], [121.5216758, 25.0487939], [121.5221562, 25.0487072], [121.5225736, 25.0486166]]}}, {"type": "Feature", "properties": {"county": "台北市", "district": "大同區", "highway": "residential", "name": "南京西路18巷4弄"}, "geometry": {"type": "LineString", "coordinates": [[121.5195319, 25.0522573], [121.519581, 25.052426], [121.5202379, 25.0522682]]}}, {"type": "Feature", "properties": {"county": "台北市", "district": "大同區", "highway": "residential", "name": "南京西路18巷6弄"}, "geometry": {"type": "LineString", "coordinates": [[121.5195319, 25.0522573], [121.5194859, 25.0520998], [121.5202341, 25.0519096]]}}, {"type": "Feature", "properties": {"county": "台北市", "district": "大同區", "highway": "tertiary", "name": "民族西路"}, "geometry": {"type": "LineString", "coordinates": [[121.522755, 25.0684892], [121.5225876, 25.0684997], [121.5218572, 25.0685168], [121.5208745, 25.0685398], [121.5200905, 25.0685582], [121.5199566, 25.0685536]]}}, {"type": "Feature", "properties": {"county": "台北市", "district": "大同區", "highway": "tertiary", "name": "民族西路"}, "geometry": {"type": "LineString", "coordinates": [[121.5199205, 25.0684765], [121.5200891, 25.0684805], [121.5206851, 25.0684663], [121.5217795, 25.0684401], [121.5225884, 25.0684208], [121.5227334, 25.0684131]]}}, {"type": "Feature", "properties": {"county": "台北市", "district": "大同區", "highway": "motorway_link", "name": "台北交流道"}, "geometry": {"type": "LineString", "coordinates": [[121.5114613, 25.0786131], [121.5109677, 25.0784382]]}}, {"type": "Feature", "properties": {"county": "台北市", "district": "大同區", "highway": "residential", "name": "五原路"}, "geometry": {"type": "LineString", "coordinates": [[121.5169554, 25.0566771], [121.5173985, 25.0565757], [121.5177178, 25.0564951], [121.517989, 25.0564512], [121.5180893, 25.0564517]]}}, {"type": "Feature", "properties": {"county": "台北市", "district": "大同區", "highway": "secondary", "name": "重慶北路一段"}, "geometry": {"type": "LineString", "coordinates": [[121.5143339, 25.0536428], [121.5143968, 25.0539509], [121.5144167, 25.0540344]]}}, {"type": "Feature", "properties": {"county": "台北市", "district": "大同區", "highway": "unclassified", "name": "南京西路"}, "geometry": {"type": "LineString", "coordinates": [[121.5150515, 25.0538401], [121.5150186, 25.05377], [121.5149673, 25.0537081], [121.5149006, 25.0536468], [121.5148245, 25.0535989], [121.5147663, 25.0535773], [121.5146991, 25.0535699], [121.5146313, 25.053572], [121.514569, 25.0535841], [121.514506, 25.0536017], [121.5144294, 25.0536244], [121.514392, 25.0536316], [121.5143339, 25.0536428]]}}, {"type": "Feature", "properties": {"county": "台北市", "district": "大同區", "highway": "tertiary", "name": "塔城街"}, "geometry": {"type": "LineString", "coordinates": [[121.510538, 25.0502841], [121.5105518, 25.0503608], [121.5105394, 25.0506377], [121.5105366, 25.0509209], [121.5105169, 25.0513801]]}}, {"type": "Feature", "properties": {"county": "台北市", "district": "大同區", "highway": "tertiary", "name": "鄭州路"}, "geometry": {"type": "LineString", "coordinates": [[121.5132735, 25.049556], [121.5132246, 25.0495726], [121.5123536, 25.0498685], [121.5122703, 25.0498969], [121.5120133, 25.0499834]]}}, {"type": "Feature", "properties": {"county": "台北市", "district": "大同區", "highway": "tertiary", "name": "鄭州路"}, "geometry": {"type": "LineString", "coordinates": [[121.5163898, 25.048876], [121.51633, 25.0489053], [121.5162225, 25.0489579], [121.5159654, 25.0489897], [121.5156873, 25.0490369], [121.5152854, 25.0491134], [121.5152486, 25.0491212], [121.5148728, 25.0492011], [121.5144936, 25.049284]]}}, {"type": "Feature", "properties": {"county": "台北市", "district": "大同區", "highway": "tertiary", "name": "鄭州路"}, "geometry": {"type": "LineString", "coordinates": [[121.510538, 25.0502841], [121.5103987, 25.0503064], [121.5101757, 25.0503404], [121.5100436, 25.0503549], [121.5097761, 25.0503962], [121.5094308, 25.0504472], [121.5092678, 25.0504844], [121.5089353, 25.050544], [121.5083553, 25.0506409], [121.5081899, 25.050612]]}}, {"type": "Feature", "properties": {"county": "台北市", "district": "大同區", "highway": "tertiary", "name": "鄭州路"}, "geometry": {"type": "LineString", "coordinates": [[121.5104996, 25.0500666], [121.5106333, 25.0500508], [121.5116197, 25.049861], [121.511938, 25.0497824]]}}, {"type": "Feature", "properties": {"county": "台北市", "district": "大同區", "highway": "tertiary", "name": "市民大道一段"}, "geometry": {"type": "LineString", "coordinates": [[121.5164607, 25.0486678], [121.5176931, 25.0484653], [121.5178241, 25.0484449]]}}, {"type": "Feature", "properties": {"county": "台北市", "district": "大同區", "highway": "secondary", "name": "承德路一段"}, "geometry": {"type": "LineString", "coordinates": [[121.5164607, 25.0486678], [121.5165498, 25.0488523]]}}, {"type": "Feature", "properties": {"county": "台北市", "district": "大同區", "highway": "secondary", "name": "承德路一段"}, "geometry": {"type": "LineString", "coordinates": [[121.5163898, 25.048876], [121.5163613, 25.0486836]]}}, {"type": "Feature", "properties": {"county": "台北市", "district": "大同區", "highway": "secondary", "name": "重慶北路一段"}, "geometry": {"type": "LineString", "coordinates": [[121.5132521, 25.0493427], [121.5132626, 25.0491793], [121.5132803, 25.0483683], [121.5132808, 25.0483461], [121.513282, 25.0482658]]}}, {"type": "Feature", "properties": {"county": "台北市", "district": "大同區", "highway": "secondary", "name": "重慶北路二段"}, "geometry": {"type": "LineString", "coordinates": [[121.5138624, 25.0559372], [121.5138768, 25.0558877], [121.5140009, 25.0553788], [121.5140128, 25.0553285], [121.5141354, 25.0548898], [121.5141766, 25.0548057]]}}, {"type": "Feature", "properties": {"county": "台北市", "district": "大同區", "highway": "primary", "name": "忠孝橋"}, "geometry": {"type": "LineString", "coordinates": [[121.505544, 25.0493357], [121.505266, 25.0494736], [121.5040704, 25.050141], [121.5039225, 25.0502523]]}}, {"type": "Feature", "properties": {"county": "台北市", "district": "大同區", "highway": "primary", "name": "忠孝橋"}, "geometry": {"type": "LineString", "coordinates": [[121.5052403, 25.0493962], [121.5055429, 25.0492245], [121.5057587, 25.0491106], [121.5058961, 25.0490411], [121.5060592, 25.0489783], [121.5062718, 25.0489214], [121.5063718, 25.0488659]]}}, {"type": "Feature", "properties": {"county": "台北市", "district": "大同區", "highway": "residential", "name": "酒泉街9巷"}, "geometry": {"type": "LineString", "coordinates": [[121.5198596, 25.0706499], [121.5199201, 25.0710651], [121.520024, 25.0717768], [121.5200368, 25.071875]]}}, {"type": "Feature", "properties": {"county": "台北市", "district": "大同區", "highway": "unclassified", "name": "庫倫街61巷"}, "geometry": {"type": "LineString", "coordinates": [[121.5201624, 25.0725576], [121.5200861, 25.0719677], [121.5200368, 25.071875]]}}, {"type": "Feature", "properties": {"county": "台北市", "district": "大同區", "highway": "residential", "name": "歸綏街"}, "geometry": {"type": "LineString", "coordinates": [[121.5174732, 25.0592577], [121.5180147, 25.0592878], [121.5181472, 25.059299]]}}, {"type": "Feature", "properties": {"county": "台北市", "district": "大同區", "highway": "tertiary", "name": "寧夏路"}, "geometry": {"type": "LineString", "coordinates": [[121.5151259, 25.0584193], [121.5149693, 25.0588495], [121.5148239, 25.0593203], [121.5148081, 25.0593719], [121.5147663, 25.0595047]]}}, {"type": "Feature", "properties": {"county": "台北市", "district": "大同區", "highway": "residential", "name": "民權西路70巷"}, "geometry": {"type": "LineString", "coordinates": [[121.5206612, 25.0603445], [121.52036, 25.0609402], [121.5201963, 25.061327], [121.5201735, 25.0613787]]}}, {"type": "Feature", "properties": {"county": "台北市", "district": "大同區", "highway": "residential", "name": "承德路二段53巷"}, "geometry": {"type": "LineString", "coordinates": [[121.5182533, 25.0553168], [121.51836, 25.0553169], [121.5192272, 25.0553307], [121.519635, 25.0553092]]}}, {"type": "Feature", "properties": {"county": "台北市", "district": "大同區", "highway": "residential", "name": "南京西路64巷9弄"}, "geometry": {"type": "LineString", "coordinates": [[121.5187495, 25.05245], [121.5195319, 25.0522573]]}}, {"type": "Feature", "properties": {"county": "台北市", "district": "大同區", "highway": "residential", "name": "民生西路45巷"}, "geometry": {"type": "LineString", "coordinates": [[121.5208208, 25.0577249], [121.5208194, 25.0577821], [121.5208298, 25.058013], [121.5208598, 25.0584006], [121.5208864, 25.0587319], [121.520898, 25.0590644], [121.520894, 25.0591658], [121.5208916, 25.059198], [121.5208737, 25.0594777], [121.5208498, 25.0596747], [121.5208109, 25.059865], [121.5206612, 25.0603445]]}}, {"type": "Feature", "properties": {"county": "台北市", "district": "大同區", "highway": "tertiary", "name": "南京西路"}, "geometry": {"type": "LineString", "coordinates": [[121.51033, 25.0532547], [121.5102148, 25.0532624], [121.5097495, 25.0532992], [121.5094945, 25.0533193], [121.5089, 25.0533662], [121.5088228, 25.0533845], [121.5087, 25.0534136]]}}, {"type": "Feature", "properties": {"county": "台北市", "district": "大同區", "highway": "trunk", "name": "市民大道高架道路"}, "geometry": {"type": "LineString", "coordinates": [[121.5076661, 25.0506663], [121.5071618, 25.0507247], [121.506958, 25.050783], [121.5067541, 25.050851], [121.5066185, 25.0509067], [121.506494, 25.0509403], [121.5063704, 25.050951], [121.5062693, 25.050947], [121.5061592, 25.050931], [121.5060474, 25.0508972], [121.5059499, 25.0508556], [121.5058536, 25.0508006], [121.5056764, 25.0506461], [121.5055968, 25.0505346]]}}, {"type": "Feature", "properties": {"county": "台北市", "district": "大同區", "highway": "secondary", "name": "重慶北路一段"}, "geometry": {"type": "LineString", "coordinates": [[121.5133787, 25.0482735], [121.5133783, 25.0483451], [121.5133786, 25.0483668], [121.5133872, 25.0491736], [121.513375, 25.0493059]]}}, {"type": "Feature", "properties": {"county": "台北市", "district": "大同區", "highway": "residential", "name": "民生西路408巷"}, "geometry": {"type": "LineString", "coordinates": [[121.5092098, 25.0568886], [121.5092153, 25.056822], [121.5092527, 25.0562739], [121.5089814, 25.0562728]]}}, {"type": "Feature", "properties": {"county": "台北市", "district": "大同區", "highway": "residential", "name": "迪化街一段32巷"}, "geometry": {"type": "LineString", "coordinates": [[121.5101047, 25.0545818], [121.5097216, 25.0545531], [121.5095336, 25.054539], [121.5090619, 25.0545037], [121.5089077, 25.0544922], [121.5088227, 25.0544858]]}}, {"type": "Feature", "properties": {"county": "台北市", "district": "大同區", "highway": "residential", "name": "哈密街68巷"}, "geometry": {"type": "LineString", "coordinates": [[121.5174037, 25.0733803], [121.5182808, 25.073351], [121.5185779, 25.0732972]]}}, {"type": "Feature", "properties": {"county": "台北市", "district": "大同區", "highway": "tertiary", "name": "庫倫街"}, "geometry": {"type": "LineString", "coordinates": [[121.5166666, 25.0719667], [121.5172775, 25.0719484], [121.5173679, 25.0719458], [121.5176472, 25.0719392], [121.5178418, 25.0719342], [121.5184211, 25.0719208], [121.5185365, 25.0719199]]}}, {"type": "Feature", "properties": {"county": "台北市", "district": "大同區", "highway": "tertiary", "name": "鄭州路"}, "geometry": {"type": "LineString", "coordinates": [[121.511938, 25.0497824], [121.5131907, 25.0493633], [121.5132521, 25.0493427]]}}, {"type": "Feature", "properties": {"county": "台北市", "district": "大同區", "highway": "tertiary", "name": "塔城街"}, "geometry": {"type": "LineString", "coordinates": [[121.5100062, 25.0482293], [121.5100584, 25.0483958]]}}, {"type": "Feature", "properties": {"county": "台北市", "district": "大同區", "highway": "residential", "name": "赤峰街12巷"}, "geometry": {"type": "LineString", "coordinates": [[121.5196121, 25.0548773], [121.5194944, 25.0548834], [121.5191904, 25.0548938], [121.5190726, 25.0549029], [121.518713, 25.05492]]}}, {"type": "Feature", "properties": {"county": "台北市", "district": "大同區", "highway": "primary", "name": "民權西路"}, "geometry": {"type": "LineString", "coordinates": [[121.5183756, 25.0629584], [121.518222, 25.0629624]]}}, {"type": "Feature", "properties": {"county": "台北市", "district": "大同區", "highway": "secondary", "name": "承德路三段"}, "geometry": {"type": "LineString", "coordinates": [[121.5184306, 25.0658601], [121.5184324, 25.0659838], [121.5184387, 25.0660476], [121.5184411, 25.0662026], [121.5184453, 25.0664718], [121.5184541, 25.0668654], [121.5184597, 25.0672051], [121.5184613, 25.0673009], [121.5184621, 25.0673472], [121.5184684, 25.0677073], [121.5184781, 25.0680619], [121.5184852, 25.068303], [121.5184867, 25.0683543], [121.5184883, 25.0684088], [121.5184911, 25.0685265]]}}, {"type": "Feature", "properties": {"county": "台北市", "district": "大同區", "highway": "primary", "name": "重慶北路三段"}, "geometry": {"type": "LineString", "coordinates": [[121.5137238, 25.0720459], [121.5137157, 25.0719505], [121.5137054, 25.0715101], [121.5137123, 25.0712931], [121.5137197, 25.0710825], [121.5137111, 25.0705828], [121.5137085, 25.0705148]]}}, {"type": "Feature", "properties": {"county": "台北市", "district": "大同區", "highway": "primary", "name": "重慶北路三段"}, "geometry": {"type": "LineString", "coordinates": [[121.513693, 25.0696573], [121.5136702, 25.0696098], [121.5136376, 25.0693133], [121.5136337, 25.0689045], [121.5136332, 25.0688503], [121.5136323, 25.068754], [121.5136578, 25.0686492]]}}, {"type": "Feature", "properties": {"county": "台北市", "district": "大同區", "highway": "residential", "name": "哈密街"}, "geometry": {"type": "LineString", "coordinates": [[121.5138805, 25.0729246], [121.5139915, 25.0729315], [121.5148838, 25.0729859], [121.5153124, 25.0730163], [121.5155464, 25.0730268], [121.5158571, 25.0730481], [121.5159895, 25.0730754], [121.5161263, 25.0731289], [121.5162615, 25.0732138], [121.5163876, 25.0732999], [121.5166822, 25.0733219], [121.5174037, 25.0733803]]}}, {"type": "Feature", "properties": {"county": "台北市", "district": "大同區", "highway": "primary", "name": "重慶北路三段"}, "geometry": {"type": "LineString", "coordinates": [[121.5136578, 25.0686492], [121.5136564, 25.0685268], [121.5136533, 25.0681197], [121.5136501, 25.0676975], [121.5136471, 25.0673155], [121.513647, 25.0672524]]}}, {"type": "Feature", "properties": {"county": "台北市", "district": "大同區", "highway": "primary", "name": "重慶北路三段"}, "geometry": {"type": "LineString", "coordinates": [[121.5137989, 25.0676052], [121.5138162, 25.0676908], [121.5138324, 25.0680331], [121.5138435, 25.0684591], [121.5138443, 25.0684903], [121.5138451, 25.0685217], [121.5138231, 25.0686531]]}}, {"type": "Feature", "properties": {"county": "台北市", "district": "大同區", "highway": "primary", "name": "重慶北路三段"}, "geometry": {"type": "LineString", "coordinates": [[121.5136117, 25.0659375], [121.5136112, 25.0658407], [121.5136007, 25.0647301], [121.5136008, 25.0646748], [121.5135978, 25.0640889]]}}, {"type": "Feature", "properties": {"county": "台北市", "district": "大同區", "highway": "residential", "name": "重慶北路三段120巷"}, "geometry": {"type": "LineString", "coordinates": [[121.513647, 25.0672524], [121.5135066, 25.0672526], [121.5131594, 25.0672542], [121.5122965, 25.0672484], [121.5122488, 25.0672495], [121.5121988, 25.0672497], [121.5121552, 25.0672488], [121.5117126, 25.0672475], [121.5115584, 25.0672477]]}}, {"type": "Feature", "properties": {"county": "台北市", "district": "大同區", "highway": "secondary", "name": "重慶北路二段"}, "geometry": {"type": "LineString", "coordinates": [[121.5135009, 25.0621578], [121.5134847, 25.0620552], [121.5134604, 25.0608609], [121.5134707, 25.060781]]}}, {"type": "Feature", "properties": {"county": "台北市", "district": "大同區", "highway": "unclassified", "name": "歸綏街"}, "geometry": {"type": "LineString", "coordinates": [[121.5135878, 25.058216], [121.5137235, 25.0581818]]}}, {"type": "Feature", "properties": {"county": "台北市", "district": "大同區", "highway": "secondary", "name": "重慶北路二段"}, "geometry": {"type": "LineString", "coordinates": [[121.5135878, 25.058216], [121.5135947, 25.0581275], [121.5136066, 25.0579815]]}}, {"type": "Feature", "properties": {"county": "台北市", "district": "大同區", "highway": "primary", "name": "重慶北路三段"}, "geometry": {"type": "LineString", "coordinates": [[121.5138231, 25.0686531], [121.5138192, 25.0687548], [121.5138267, 25.069438], [121.5138364, 25.0700646], [121.5138482, 25.0704399], [121.5138465, 25.0705208]]}}, {"type": "Feature", "properties": {"county": "台北市", "district": "大同區", "highway": "primary", "name": "重慶北路三段"}, "geometry": {"type": "LineString", "coordinates": [[121.5138805, 25.0729246], [121.5138819, 25.072988], [121.5138918, 25.0735962], [121.5139001, 25.0740102], [121.5139148, 25.0745878], [121.5139139, 25.0747744], [121.5139249, 25.0753858]]}}, {"type": "Feature", "properties": {"county": "台北市", "district": "大同區", "highway": "secondary", "name": "承德路三段"}, "geometry": {"type": "LineString", "coordinates": [[121.518222, 25.0629624], [121.5182174, 25.062827]]}}, {"type": "Feature", "properties": {"county": "台北市", "district": "大同區", "highway": "primary", "name": "民權西路"}, "geometry": {"type": "LineString", "coordinates": [[121.5174781, 25.0629817], [121.5173675, 25.0630002], [121.5170523, 25.0630083], [121.5168043, 25.0630146], [121.5163985, 25.063025], [121.5160585, 25.0630337], [121.5159716, 25.0630359]]}}, {"type": "Feature", "properties": {"county": "台北市", "district": "大同區", "highway": "primary", "name": "民權西路"}, "geometry": {"type": "LineString", "coordinates": [[121.5183691, 25.062823], [121.5185273, 25.0628188], [121.5188001, 25.0628115], [121.5195341, 25.0627919], [121.5196408, 25.062789]]}}, {"type": "Feature", "properties": {"county": "台北市", "district": "大同區", "highway": "primary", "name": "中山北路二段"}, "geometry": {"type": "LineString", "coordinates": [[121.5227163, 25.0628383], [121.5226862, 25.0629747], [121.5225308, 25.0636735], [121.5224725, 25.0639207]]}}, {"type": "Feature", "properties": {"county": "台北市", "district": "大同區", "highway": "residential", "name": "中山北路一段33巷20弄"}, "geometry": {"type": "LineString", "coordinates": [[121.5221562, 25.0487072], [121.522077, 25.0483783]]}}, {"type": "Feature", "properties": {"county": "台北市", "district": "大同區", "highway": "tertiary", "name": "民族西路"}, "geometry": {"type": "LineString", "coordinates": [[121.5183361, 25.0685364], [121.5184911, 25.0685265]]}}, {"type": "Feature", "properties": {"county": "台北市", "district": "大同區", "highway": "secondary", "name": "承德路三段"}, "geometry": {"type": "LineString", "coordinates": [[121.5182668, 25.0658671], [121.5182685, 25.0657641], [121.5182629, 25.0654389], [121.5182439, 25.0643411], [121.5182419, 25.0642277], [121.518232, 25.063659], [121.5182238, 25.0630903], [121.518222, 25.0629624]]}}, {"type": "Feature", "properties": {"county": "台北市", "district": "大同區", "highway": "primary", "name": "重慶北路三段"}, "geometry": {"type": "LineString", "coordinates": [[121.5138141, 25.0763234], [121.5138115, 25.0762566], [121.5137952, 25.0758757], [121.5137926, 25.0755916], [121.513779, 25.0747749], [121.5137691, 25.0740798], [121.5137591, 25.0735581], [121.5137467, 25.0729748], [121.5137476, 25.0729173]]}}, {"type": "Feature", "properties": {"county": "台北市", "district": "大同區", "highway": "tertiary", "name": "庫倫街"}, "geometry": {"type": "LineString", "coordinates": [[121.5202962, 25.0718363], [121.5201315, 25.0718571]]}}, {"type": "Feature", "properties": {"county": "台北市", "district": "大同區", "highway": "residential", "name": "承德路三段285巷"}, "geometry": {"type": "LineString", "coordinates": [[121.5204804, 25.0737419], [121.5198558, 25.0739047], [121.5197495, 25.0739397], [121.5196761, 25.0739635]]}}, {"type": "Feature", "properties": {"county": "台北市", "district": "大同區", "highway": "residential", "name": "哈密街"}, "geometry": {"type": "LineString", "coordinates": [[121.5196761, 25.0739635], [121.5195952, 25.0739882], [121.5194979, 25.074023], [121.5191348, 25.0741632]]}}, {"type": "Feature", "properties": {"county": "台北市", "district": "大同區", "highway": "residential", "name": "承德路三段301巷"}, "geometry": {"type": "LineString", "coordinates": [[121.5214219, 25.0758137], [121.5214722, 25.0757706], [121.5212963, 25.075371], [121.5211537, 25.0750507], [121.5211309, 25.0749968]]}}, {"type": "Feature", "properties": {"county": "台北市", "district": "大同區", "highway": "residential", "name": "玉門街"}, "geometry": {"type": "LineString", "coordinates": [[121.5212915, 25.0748971], [121.5212455, 25.0748016], [121.5209611, 25.0741033], [121.5207095, 25.0735261], [121.5206736, 25.0734036], [121.5205675, 25.0728211], [121.5205137, 25.0724443], [121.5204901, 25.0722486]]}}, {"type": "Feature", "properties": {"county": "台北市", "district": "大同區", "highway": "unclassified", "name": "通河西街一段"}, "geometry": {"type": "LineString", "coordinates": [[121.5203985, 25.0764195], [121.5203509, 25.0764684], [121.5203571, 25.0765173], [121.5203312, 25.076585], [121.5200059, 25.0768336]]}}, {"type": "Feature", "properties": {"county": "台北市", "district": "大同區", "highway": "unclassified", "name": "通河西街一段"}, "geometry": {"type": "LineString", "coordinates": [[121.5178837, 25.0777199], [121.5176962, 25.0777451], [121.5169105, 25.0780401], [121.5163422, 25.0782534], [121.5161038, 25.0783529], [121.5159642, 25.0784509], [121.5158646, 25.078555], [121.5158013, 25.0786706], [121.5157425, 25.078833], [121.5156721, 25.0789493], [121.5155503, 25.0790953], [121.5147786, 25.0798811], [121.5146105, 25.0800691], [121.5143327, 25.0804119], [121.5141094, 25.0807265], [121.513843, 25.0811156], [121.5136106, 25.0815002], [121.5134001, 25.0818974], [121.5132844, 25.0821512], [121.5131503, 25.0824348], [121.5129058, 25.0830722], [121.512904, 25.0830781], [121.5126609, 25.0839553], [121.512646, 25.0840283], [121.5124885, 25.0848425], [121.5124788, 25.0848963], [121.5122775, 25.0858769], [121.5122771, 25.0859138], [121.5120648, 25.0870363], [121.5120415, 25.0871629], [121.5119584, 25.0875805], [121.511939, 25.0877042], [121.5118351, 25.0881826]]}}, {"type": "Feature", "properties": {"county": "台北市", "district": "大同區", "highway": "unclassified", "name": "通河西街一段"}, "geometry": {"type": "LineString", "coordinates": [[121.5200059, 25.0768336], [121.5190846, 25.0772109], [121.5178837, 25.0777199]]}}, {"type": "Feature", "properties": {"county": "台北市", "district": "大同區", "highway": "primary", "name": "民權西路"}, "geometry": {"type": "LineString", "coordinates": [[121.5224881, 25.0628436], [121.5223727, 25.0628463], [121.5219559, 25.062856], [121.521431, 25.0628582], [121.5209291, 25.0628723], [121.5208315, 25.0628751]]}}, {"type": "Feature", "properties": {"county": "台北市", "district": "大同區", "highway": "primary", "name": "民權西路"}, "geometry": {"type": "LineString", "coordinates": [[121.5226118, 25.0628407], [121.5224881, 25.0628436]]}}, {"type": "Feature", "properties": {"county": "台北市", "district": "大同區", "highway": "tertiary", "name": "塔城街"}, "geometry": {"type": "LineString", "coordinates": [[121.5104744, 25.0520359], [121.5104652, 25.0520901], [121.5104172, 25.0524808], [121.5104131, 25.052529], [121.5104101, 25.0525596], [121.5103782, 25.0528669], [121.5103416, 25.0531681], [121.51033, 25.0532547]]}}, {"type": "Feature", "properties": {"county": "台北市", "district": "大同區", "highway": "primary", "name": "忠孝西路二段"}, "geometry": {"type": "LineString", "coordinates": [[121.5100062, 25.0482293], [121.5096224, 25.0482434], [121.5094451, 25.048268], [121.5091379, 25.0483391], [121.5088392, 25.0484156], [121.5077568, 25.0486794], [121.5076502, 25.0487064]]}}, {"type": "Feature", "properties": {"county": "台北市", "district": "大同區", "highway": "tertiary", "name": "長安西路"}, "geometry": {"type": "LineString", "coordinates": [[121.5118561, 25.052043], [121.5123477, 25.0519579], [121.5132669, 25.0517461], [121.5135996, 25.0516479], [121.5137937, 25.0515943], [121.513851, 25.0515788], [121.5139798, 25.0515594]]}}, {"type": "Feature", "properties": {"county": "台北市", "district": "大同區", "highway": "tertiary", "name": "長安西路"}, "geometry": {"type": "LineString", "coordinates": [[121.5104744, 25.0520359], [121.5105872, 25.0520388], [121.5110294, 25.0520403], [121.5118561, 25.052043]]}}, {"type": "Feature", "properties": {"county": "台北市", "district": "大同區", "highway": "secondary", "name": "重慶北路一段"}, "geometry": {"type": "LineString", "coordinates": [[121.5133588, 25.0495362], [121.513559, 25.0501188], [121.5136827, 25.0504786], [121.5137217, 25.0506178], [121.5138527, 25.0510841], [121.5139645, 25.0515021], [121.5139798, 25.0515594]]}}, {"type": "Feature", "properties": {"county": "台北市", "district": "大同區", "highway": "tertiary", "name": "塔城街"}, "geometry": {"type": "LineString", "coordinates": [[121.5104996, 25.0500666], [121.5104695, 25.0499592], [121.5103236, 25.0494087], [121.5102682, 25.0491982], [121.5101837, 25.0488721], [121.5100855, 25.0484956], [121.5100584, 25.0483958]]}}, {"type": "Feature", "properties": {"county": "台北市", "district": "大同區", "highway": "tertiary", "name": "鄭州路"}, "geometry": {"type": "LineString", "coordinates": [[121.5137689, 25.0492033], [121.5140581, 25.049128], [121.5149336, 25.0489], [121.5162785, 25.0486962], [121.5163613, 25.0486836]]}}, {"type": "Feature", "properties": {"county": "台北市", "district": "大同區", "highway": "primary", "name": "中山北路一段"}, "geometry": {"type": "LineString", "coordinates": [[121.5217364, 25.0497999], [121.5217865, 25.049921], [121.5217895, 25.0499277], [121.5218105, 25.0499791], [121.5220538, 25.0505183], [121.5221948, 25.050813], [121.5222839, 25.0510067], [121.5223651, 25.0511988], [121.522426, 25.0513685], [121.5225366, 25.0517297], [121.5226168, 25.05204], [121.5226532, 25.0521782]]}}, {"type": "Feature", "properties": {"county": "台北市", "district": "大同區", "highway": "primary", "name": "重慶北路三段"}, "geometry": {"type": "LineString", "coordinates": [[121.5135507, 25.0631217], [121.5135379, 25.0630146]]}}, {"type": "Feature", "properties": {"county": "台北市", "district": "大同區", "highway": "secondary", "name": "南京西路"}, "geometry": {"type": "LineString", "coordinates": [[121.5144167, 25.0540344], [121.5146101, 25.0540716], [121.5146841, 25.0540785], [121.514766, 25.054065], [121.5148244, 25.0540394], [121.5148883, 25.0539885], [121.5149295, 25.0539359], [121.5149675, 25.053897], [121.5150515, 25.0538401]]}}, {"type": "Feature", "properties": {"county": "台北市", "district": "大同區", "highway": "secondary", "name": "承德路二段"}, "geometry": {"type": "LineString", "coordinates": [[121.518087, 25.057291], [121.5180791, 25.0572159], [121.5180893, 25.0564517], [121.5181031, 25.0563109], [121.5181095, 25.0557573], [121.518113, 25.0553129], [121.5181216, 25.0549061], [121.5181239, 25.0547785], [121.5181007, 25.0546761], [121.5176799, 25.0533988], [121.5176462, 25.0533148]]}}, {"type": "Feature", "properties": {"county": "台北市", "district": "大同區", "highway": "secondary", "name": "承德路三段"}, "geometry": {"type": "LineString", "coordinates": [[121.5183859, 25.0705176], [121.5183829, 25.0704282], [121.518378, 25.0700917], [121.5183717, 25.0697355], [121.5183672, 25.0695503], [121.5183573, 25.0691395], [121.5183436, 25.0687796], [121.5183414, 25.0687219], [121.5183389, 25.068657], [121.5183361, 25.0685364]]}}, {"type": "Feature", "properties": {"county": "台北市", "district": "大同區", "highway": "tertiary", "name": "酒泉街"}, "geometry": {"type": "LineString", "coordinates": [[121.5161244, 25.0719822], [121.5166666, 25.0719667]]}}, {"type": "Feature", "properties": {"county": "台北市", "district": "大同區", "highway": "tertiary", "name": "酒泉街"}, "geometry": {"type": "LineString", "coordinates": [[121.5137238, 25.0720459], [121.5138635, 25.0720423]]}}, {"type": "Feature", "properties": {"county": "台北市", "district": "大同區", "highway": "residential", "name": "承德路三段254巷"}, "geometry": {"type": "LineString", "coordinates": [[121.5185779, 25.0732972], [121.5186563, 25.073283], [121.5189808, 25.0731235], [121.5190606, 25.0730843]]}}, {"type": "Feature", "properties": {"county": "台北市", "district": "大同區", "highway": "residential", "name": "承德路三段283巷"}, "geometry": {"type": "LineString", "coordinates": [[121.51919, 25.0730093], [121.5192782, 25.0729661], [121.5200586, 25.072595], [121.5201624, 25.0725576]]}}, {"type": "Feature", "properties": {"county": "台北市", "district": "大同區", "highway": "residential", "name": "重慶北路二段64巷"}, "geometry": {"type": "LineString", "coordinates": [[121.5125228, 25.0556291], [121.5128496, 25.0557039], [121.5137904, 25.0559206], [121.5138624, 25.0559372]]}}, {"type": "Feature", "properties": {"county": "台北市", "district": "大同區", "highway": "primary", "name": "重慶北路三段"}, "geometry": {"type": "LineString", "coordinates": [[121.5137149, 25.0631189], [121.513726, 25.0632028], [121.5137346, 25.0637075], [121.5137272, 25.0640417], [121.5137335, 25.0643735], [121.5137357, 25.0647278], [121.5137358, 25.0647766], [121.5137385, 25.0649559]]}}, {"type": "Feature", "properties": {"county": "台北市", "district": "大同區", "highway": "secondary", "name": "重慶北路二段"}, "geometry": {"type": "LineString", "coordinates": [[121.5138554, 25.0569922], [121.5138372, 25.0571026], [121.5137853, 25.0576216], [121.513738, 25.0579368], [121.5137245, 25.0581328], [121.5137235, 25.0581818]]}}, {"type": "Feature", "properties": {"county": "台北市", "district": "大同區", "highway": "residential", "name": "迪化街二段"}, "geometry": {"type": "LineString", "coordinates": [[121.5123205, 25.0718141], [121.5125835, 25.0718646]]}}, {"type": "Feature", "properties": {"county": "台北市", "district": "大同區", "highway": "residential", "name": "大龍街"}, "geometry": {"type": "LineString", "coordinates": [[121.5159625, 25.0628816], [121.5159676, 25.0629685], [121.5159716, 25.0630359], [121.5159765, 25.06312], [121.5159884, 25.0634378], [121.5159994, 25.0637167], [121.5160208, 25.0642608], [121.5160128, 25.0647812], [121.5160184, 25.0653038], [121.5160232, 25.065893], [121.5160205, 25.0661962], [121.5160184, 25.066438], [121.5159369, 25.0672932], [121.5159234, 25.0675104], [121.5158997, 25.0678939], [121.5158943, 25.0680986], [121.5158806, 25.068467], [121.5158794, 25.0685007], [121.5158777, 25.0685954], [121.5158781, 25.0686749], [121.5158786, 25.0687284], [121.515889, 25.0689046], [121.5159024, 25.0691642], [121.515903, 25.0700702], [121.5159064, 25.0705287], [121.5158899, 25.0712278], [121.515889, 25.071554], [121.5158889, 25.0719049], [121.5158877, 25.0719852], [121.5158877, 25.0720741], [121.5158878, 25.0724266], [121.515891, 25.0725624], [121.5158942, 25.0726755], [121.5159014, 25.0729266], [121.5158571, 25.0730481], [121.5158162, 25.0731501], [121.5157534, 25.0740384], [121.515751, 25.0740946], [121.5157427, 25.0741957], [121.5157219, 25.0744793], [121.5157213, 25.0745507]]}}, {"type": "Feature", "properties": {"county": "台北市", "district": "大同區", "highway": "primary", "name": "民權西路"}, "geometry": {"type": "LineString", "coordinates": [[121.5168842, 25.0628435], [121.517012, 25.0628268], [121.5177285, 25.0628089], [121.5180371, 25.0628012], [121.5182174, 25.062827]]}}, {"type": "Feature", "properties": {"county": "台北市", "district": "大同區", "highway": "secondary", "name": "承德路二段"}, "geometry": {"type": "LineString", "coordinates": [[121.5181278, 25.0584128], [121.5181253, 25.0583684], [121.5181047, 25.0574656], [121.5180899, 25.0573274]]}}, {"type": "Feature", "properties": {"county": "台北市", "district": "大同區", "highway": "primary", "name": "重慶北路三段"}, "geometry": {"type": "LineString", "coordinates": [[121.5139249, 25.0753858], [121.5139267, 25.0757059]]}}, {"type": "Feature", "properties": {"county": "台北市", "district": "大同區", "highway": "primary", "name": "民權西路"}, "geometry": {"type": "LineString", "coordinates": [[121.5196408, 25.062789], [121.5207141, 25.0627603], [121.5208322, 25.0627572]]}}, {"type": "Feature", "properties": {"county": "台北市", "district": "大同區", "highway": "primary", "name": "民權西路"}, "geometry": {"type": "LineString", "coordinates": [[121.5200993, 25.0628958], [121.5197556, 25.0629392], [121.5195386, 25.0629566], [121.5192556, 25.0629657], [121.5185333, 25.0629778], [121.5183756, 25.0629584]]}}, {"type": "Feature", "properties": {"county": "台北市", "district": "大同區", "highway": "residential", "name": "民生西路66巷"}, "geometry": {"type": "LineString", "coordinates": [[121.520747, 25.0562681], [121.5207567, 25.0564494], [121.5207708, 25.0567111], [121.5207796, 25.0568749], [121.5207916, 25.0570964], [121.5207978, 25.0572128], [121.5208167, 25.0575635]]}}, {"type": "Feature", "properties": {"county": "台北市", "district": "大同區", "highway": "tertiary", "name": "庫倫街"}, "geometry": {"type": "LineString", "coordinates": [[121.5185365, 25.0719199], [121.518683, 25.0719137]]}}, {"type": "Feature", "properties": {"county": "台北市", "district": "大同區", "highway": "tertiary", "name": "庫倫街"}, "geometry": {"type": "LineString", "coordinates": [[121.5200368, 25.071875], [121.5199319, 25.0718831], [121.5188053, 25.0719097], [121.518683, 25.0719137]]}}, {"type": "Feature", "properties": {"county": "台北市", "district": "大同區", "highway": "secondary", "name": "承德路三段"}, "geometry": {"type": "LineString", "coordinates": [[121.5185298, 25.0705687], [121.5185345, 25.0706652], [121.5185493, 25.0711533], [121.5185787, 25.0714365], [121.5186194, 25.0716413], [121.5186559, 25.0717889], [121.518683, 25.0719137]]}}, {"type": "Feature", "properties": {"county": "台北市", "district": "大同區", "highway": "secondary", "name": "承德路三段"}, "geometry": {"type": "LineString", "coordinates": [[121.5185365, 25.0719199], [121.5185139, 25.0718183], [121.5184429, 25.0714658], [121.5184142, 25.0712706], [121.5184065, 25.0710731], [121.5183886, 25.070669], [121.5183859, 25.0705176]]}}, {"type": "Feature", "properties": {"county": "台北市", "district": "大同區", "highway": "secondary", "name": "承德路三段"}, "geometry": {"type": "LineString", "coordinates": [[121.5184911, 25.0685265], [121.5184947, 25.0686538], [121.5185049, 25.0691223], [121.5185082, 25.0694701], [121.5185069, 25.0698612], [121.5185179, 25.0702004], [121.5185251, 25.0704245], [121.5185298, 25.0705687]]}}, {"type": "Feature", "properties": {"county": "台北市", "district": "大同區", "highway": "residential", "name": "酒泉街"}, "geometry": {"type": "LineString", "coordinates": [[121.5185298, 25.0705687], [121.5186281, 25.0705967], [121.519394, 25.0706284], [121.5198596, 25.0706499]]}}, {"type": "Feature", "properties": {"county": "台北市", "district": "大同區", "highway": "tertiary", "name": "民權西路"}, "geometry": {"type": "LineString", "coordinates": [[121.5137149, 25.0631189], [121.5135507, 25.0631217]]}}, {"type": "Feature", "properties": {"county": "台北市", "district": "大同區", "highway": "secondary", "name": "承德路三段"}, "geometry": {"type": "LineString", "coordinates": [[121.518683, 25.0719137], [121.5187225, 25.0720335], [121.5187997, 25.0722594], [121.5188744, 25.0724353], [121.5190009, 25.0726942], [121.51919, 25.0730093], [121.5192185, 25.0730595], [121.5197104, 25.0738758], [121.5197495, 25.0739397]]}}, {"type": "Feature", "properties": {"county": "台北市", "district": "大同區", "highway": "primary", "name": "民權西路"}, "geometry": {"type": "LineString", "coordinates": [[121.5159716, 25.0630359], [121.51588, 25.0629543]]}}, {"type": "Feature", "properties": {"county": "台北市", "district": "大同區", "highway": "residential", "name": "重慶北路三段334巷"}, "geometry": {"type": "LineString", "coordinates": [[121.5128922, 25.0758589], [121.5130272, 25.0758663], [121.5133543, 25.0758651], [121.5136874, 25.0758803], [121.5137952, 25.0758757]]}}, {"type": "Feature", "properties": {"county": "台北市", "district": "大同區", "highway": "residential", "name": null}, "geometry": {"type": "LineString", "coordinates": [[121.5191348, 25.0741632], [121.5187572, 25.073647], [121.5186875, 25.0736275], [121.5184954, 25.0737106]]}}, {"type": "Feature", "properties": {"county": "台北市", "district": "大同區", "highway": "residential", "name": null}, "geometry": {"type": "LineString", "coordinates": [[121.5191348, 25.0741632], [121.5189747, 25.074202], [121.5189018, 25.0742197], [121.5188261, 25.0742375], [121.5186226, 25.0742854], [121.5183037, 25.0743849], [121.5178746, 25.0745046], [121.517392, 25.0746256], [121.5173152, 25.0746448]]}}, {"type": "Feature", "properties": {"county": "台北市", "district": "大同區", "highway": "tertiary", "name": "延平北路五段"}, "geometry": {"type": "LineString", "coordinates": [[121.5099384, 25.0841136], [121.50995, 25.0840563], [121.5099838, 25.0838891], [121.5100624, 25.0835005], [121.5100719, 25.0834432], [121.510082, 25.0833827], [121.5100895, 25.0833233], [121.5101111, 25.0831526], [121.5101925, 25.0827365], [121.5102081, 25.0826733], [121.5102121, 25.0826568], [121.5102239, 25.0825917], [121.5102677, 25.0823499], [121.5103174, 25.0821257], [121.5103273, 25.0820811], [121.5103403, 25.0820233], [121.5104255, 25.0816444], [121.5104855, 25.0814233], [121.5105683, 25.0811099], [121.5105941, 25.081028], [121.5105994, 25.0810125], [121.5106122, 25.0809764], [121.5106278, 25.0809223], [121.5106768, 25.0807631], [121.5107583, 25.0804949], [121.5108948, 25.0800865], [121.5109303, 25.0799804], [121.5109622, 25.0798875], [121.5111602, 25.079312], [121.5111986, 25.0792179], [121.5112367, 25.0791247], [121.5112909, 25.0789972], [121.5113022, 25.0789739], [121.5116072, 25.0783474]]}}, {"type": "Feature", "properties": {"county": "台北市", "district": "大同區", "highway": "unclassified", "name": null}, "geometry": {"type": "LineString", "coordinates": [[121.5199464, 25.0683874], [121.5199459, 25.0684064], [121.5199205, 25.0684765]]}}, {"type": "Feature", "properties": {"county": "台北市", "district": "大同區", "highway": "secondary", "name": "重慶北路二段"}, "geometry": {"type": "LineString", "coordinates": [[121.514022, 25.055963], [121.5140036, 25.0560157], [121.5139331, 25.0563243], [121.5139206, 25.0564013], [121.5139059, 25.0565438], [121.5138708, 25.0568991], [121.5138554, 25.0569922]]}}, {"type": "Feature", "properties": {"county": "台北市", "district": "大同區", "highway": "residential", "name": "長安西路19巷2弄"}, "geometry": {"type": "LineString", "coordinates": [[121.5203726, 25.051407], [121.5203924, 25.051688], [121.520451, 25.0525128], [121.5204547, 25.0525756]]}}, {"type": "Feature", "properties": {"county": "台北市", "district": "大同區", "highway": "secondary", "name": "南京西路"}, "geometry": {"type": "LineString", "coordinates": [[121.5225637, 25.0523102], [121.5224547, 25.0523173]]}}, {"type": "Feature", "properties": {"county": "台北市", "district": "大同區", "highway": "residential", "name": "承德路三段208巷"}, "geometry": {"type": "LineString", "coordinates": [[121.5183859, 25.0705176], [121.5185298, 25.0705687]]}}, {"type": "Feature", "properties": {"county": "台北市", "district": "大同區", "highway": "tertiary", "name": "敦煌路"}, "geometry": {"type": "LineString", "coordinates": [[121.5172811, 25.0759937], [121.5171419, 25.0760216]]}}, {"type": "Feature", "properties": {"county": "台北市", "district": "大同區", "highway": "residential", "name": null}, "geometry": {"type": "LineString", "coordinates": [[121.5172811, 25.0759937], [121.5172541, 25.0759079]]}}, {"type": "Feature", "properties": {"county": "台北市", "district": "大同區", "highway": "tertiary", "name": "敦煌路"}, "geometry": {"type": "LineString", "coordinates": [[121.5172541, 25.0759079], [121.5172748, 25.0759027], [121.5172981, 25.0758969], [121.5174956, 25.0758478], [121.5176438, 25.0757993], [121.5177011, 25.0757805]]}}, {"type": "Feature", "properties": {"county": "台北市", "district": "大同區", "highway": "tertiary", "name": "敦煌路"}, "geometry": {"type": "LineString", "coordinates": [[121.5179199, 25.0758318], [121.5177373, 25.0758766], [121.5176996, 25.0758859], [121.5176836, 25.07589], [121.5173183, 25.0759841], [121.5172811, 25.0759937]]}}, {"type": "Feature", "properties": {"county": "台北市", "district": "大同區", "highway": "tertiary", "name": "敦煌路"}, "geometry": {"type": "LineString", "coordinates": [[121.5177011, 25.0757805], [121.5177923, 25.0757724], [121.5178969, 25.0757432], [121.5182791, 25.0756448], [121.5187888, 25.0755125], [121.5195371, 25.0753194], [121.5199202, 25.0752229], [121.5200594, 25.0751857]]}}, {"type": "Feature", "properties": {"county": "台北市", "district": "大同區", "highway": "residential", "name": "中山北路二段84巷"}, "geometry": {"type": "LineString", "coordinates": [[121.5211582, 25.0571394], [121.521818, 25.0572457], [121.5219312, 25.0572612], [121.5221515, 25.0573129], [121.522201, 25.057457], [121.5226669, 25.0575253], [121.5227217, 25.0575321]]}}, {"type": "Feature", "properties": {"county": "台北市", "district": "大同區", "highway": "residential", "name": "中山北路一段140巷"}, "geometry": {"type": "LineString", "coordinates": [[121.5214582, 25.0514749], [121.5211692, 25.0514679], [121.5210237, 25.0514579], [121.5206512, 25.0514208], [121.5204519, 25.0514019], [121.5203726, 25.051407]]}}, {"type": "Feature", "properties": {"county": "台北市", "district": "大同區", "highway": "residential", "name": "中山北路一段112巷"}, "geometry": {"type": "LineString", "coordinates": [[121.5217657, 25.0504239], [121.5217111, 25.0504347], [121.5209272, 25.050644]]}}, {"type": "Feature", "properties": {"county": "台北市", "district": "大同區", "highway": "residential", "name": "長安西路5巷"}, "geometry": {"type": "LineString", "coordinates": [[121.5207771, 25.0500291], [121.5207932, 25.0500939], [121.5209272, 25.050644]]}}, {"type": "Feature", "properties": {"county": "台北市", "district": "大同區", "highway": "residential", "name": null}, "geometry": {"type": "LineString", "coordinates": [[121.5209272, 25.050644], [121.5209132, 25.0507703], [121.5208852, 25.0509979]]}}, {"type": "Feature", "properties": {"county": "台北市", "district": "大同區", "highway": "residential", "name": "中山北路一段126巷"}, "geometry": {"type": "LineString", "coordinates": [[121.5220289, 25.0509737], [121.5219674, 25.0509928], [121.5216673, 25.0510004], [121.5214613, 25.0510051], [121.5212535, 25.0510099]]}}, {"type": "Feature", "properties": {"county": "台北市", "district": "大同區", "highway": "residential", "name": "中山北路一段120巷"}, "geometry": {"type": "LineString", "coordinates": [[121.5218877, 25.0506875], [121.5218353, 25.0507052], [121.521725, 25.050734], [121.5215155, 25.0507256]]}}, {"type": "Feature", "properties": {"county": "台北市", "district": "大同區", "highway": "residential", "name": "南京西路64巷10弄"}, "geometry": {"type": "LineString", "coordinates": [[121.5187522, 25.0524599], [121.5183478, 25.0525544], [121.51833, 25.0525726]]}}, {"type": "Feature", "properties": {"county": "台北市", "district": "大同區", "highway": "residential", "name": "南京西路64巷14弄"}, "geometry": {"type": "LineString", "coordinates": [[121.5187077, 25.0522938], [121.5182983, 25.052378], [121.5176916, 25.0525027], [121.5175916, 25.0525232]]}}, {"type": "Feature", "properties": {"county": "台北市", "district": "大同區", "highway": "residential", "name": "承德路一段41巷"}, "geometry": {"type": "LineString", "coordinates": [[121.5172434, 25.0512914], [121.5173424, 25.0512698], [121.5176817, 25.0511907], [121.5179526, 25.0511361], [121.5183741, 25.051047]]}}, {"type": "Feature", "properties": {"county": "台北市", "district": "大同區", "highway": "residential", "name": "承德路一段69巷"}, "geometry": {"type": "LineString", "coordinates": [[121.5186074, 25.0519189], [121.5180543, 25.0518006], [121.5180319, 25.0517963], [121.5177314, 25.0518592], [121.5175223, 25.0519048], [121.5174263, 25.0519253]]}}, {"type": "Feature", "properties": {"county": "台北市", "district": "大同區", "highway": "residential", "name": "承德路一段77巷"}, "geometry": {"type": "LineString", "coordinates": [[121.517516, 25.0522473], [121.5176134, 25.0522265], [121.5178268, 25.052181], [121.5182325, 25.0520945], [121.5186317, 25.0520094]]}}, {"type": "Feature", "properties": {"county": "台北市", "district": "大同區", "highway": "residential", "name": "長安西路52巷"}, "geometry": {"type": "LineString", "coordinates": [[121.5199887, 25.0502116], [121.5199725, 25.0501335], [121.5199306, 25.0500148], [121.5198876, 25.0498993], [121.5198556, 25.0498491], [121.5197455, 25.0496944]]}}, {"type": "Feature", "properties": {"county": "台北市", "district": "大同區", "highway": "residential", "name": "赤峰街3巷"}, "geometry": {"type": "LineString", "coordinates": [[121.5191393, 25.0534504], [121.5194742, 25.053374], [121.5202805, 25.0531901]]}}, {"type": "Feature", "properties": {"county": "台北市", "district": "大同區", "highway": "residential", "name": "赤峰街49巷"}, "geometry": {"type": "LineString", "coordinates": [[121.5196596, 25.0557385], [121.5204292, 25.0557081]]}}, {"type": "Feature", "properties": {"county": "台北市", "district": "大同區", "highway": "residential", "name": "赤峰街53巷"}, "geometry": {"type": "LineString", "coordinates": [[121.5196854, 25.0561771], [121.5204545, 25.0561476]]}}, {"type": "Feature", "properties": {"county": "台北市", "district": "大同區", "highway": "residential", "name": "赤峰街77巷"}, "geometry": {"type": "LineString", "coordinates": [[121.5205066, 25.0570385], [121.5197246, 25.0570325]]}}, {"type": "Feature", "properties": {"county": "台北市", "district": "大同區", "highway": "residential", "name": "赤峰街8巷"}, "geometry": {"type": "LineString", "coordinates": [[121.518232, 25.0536573], [121.518274, 25.0537071], [121.518401, 25.0537804], [121.5186174, 25.0538373], [121.5189063, 25.0539224], [121.5192398, 25.0538504]]}}, {"type": "Feature", "properties": {"county": "台北市", "district": "大同區", "highway": "tertiary", "name": "寧夏路"}, "geometry": {"type": "LineString", "coordinates": [[121.5155402, 25.0570098], [121.5154898, 25.0572652], [121.5154096, 25.0575026], [121.5152961, 25.0578736], [121.5151259, 25.0584193]]}}, {"type": "Feature", "properties": {"county": "台北市", "district": "大同區", "highway": "residential", "name": "錦西街5巷"}, "geometry": {"type": "LineString", "coordinates": [[121.5218576, 25.0603187], [121.5218638, 25.0604013], [121.5219252, 25.060998]]}}, {"type": "Feature", "properties": {"county": "台北市", "district": "大同區", "highway": "primary", "name": "中山北路一段"}, "geometry": {"type": "LineString", "coordinates": [[121.5224421, 25.0522047], [121.5224058, 25.0520724], [121.5222829, 25.0516401], [121.5222069, 25.0514006], [121.5221197, 25.0511868], [121.5220289, 25.0509737], [121.5218877, 25.0506875], [121.5217657, 25.0504239], [121.521574, 25.0500162], [121.521571, 25.0500095], [121.521547, 25.0499584], [121.5214968, 25.0498624]]}}, {"type": "Feature", "properties": {"county": "台北市", "district": "大同區", "highway": "primary", "name": "中山北路二段"}, "geometry": {"type": "LineString", "coordinates": [[121.5224547, 25.0523173], [121.5224421, 25.0522047]]}}, {"type": "Feature", "properties": {"county": "台北市", "district": "大同區", "highway": "secondary", "name": "南京西路"}, "geometry": {"type": "LineString", "coordinates": [[121.5224547, 25.0523173], [121.5222871, 25.0523281], [121.5214876, 25.0524772], [121.5206359, 25.0526323], [121.52051, 25.0526586], [121.5202553, 25.0527129]]}}, {"type": "Feature", "properties": {"county": "台北市", "district": "大同區", "highway": "residential", "name": "歸綏街303巷"}, "geometry": {"type": "LineString", "coordinates": [[121.508728, 25.0585239], [121.5086764, 25.0587774], [121.5086709, 25.0587775], [121.5084757, 25.0587715]]}}, {"type": "Feature", "properties": {"county": "台北市", "district": "大同區", "highway": "primary", "name": "台北大橋"}, "geometry": {"type": "LineString", "coordinates": [[121.5065051, 25.0637251], [121.50638, 25.0637268], [121.5049325, 25.063941], [121.503946, 25.0640942], [121.5036534, 25.0641361], [121.5035074, 25.0641396], [121.5032724, 25.0641321], [121.5030427, 25.0640959], [121.5028461, 25.064051]]}}, {"type": "Feature", "properties": {"county": "台北市", "district": "大同區", "highway": "tertiary", "name": "民權西路"}, "geometry": {"type": "LineString", "coordinates": [[121.5135199, 25.0629], [121.5136869, 25.0629103]]}}, {"type": "Feature", "properties": {"county": "台北市", "district": "大同區", "highway": "primary", "name": "台北大橋"}, "geometry": {"type": "LineString", "coordinates": [[121.5107444, 25.0629915], [121.5109432, 25.0628962], [121.5110488, 25.0628733], [121.5111906, 25.0628592], [121.5114152, 25.0628472], [121.5117504, 25.0628547], [121.5123245, 25.0628826], [121.5130567, 25.062913], [121.51333, 25.0629262], [121.5135865, 25.0629434], [121.5138601, 25.0629669], [121.5141165, 25.0629713], [121.5157434, 25.0629341], [121.5158233, 25.0629589]]}}, {"type": "Feature", "properties": {"county": "台北市", "district": "大同區", "highway": "primary", "name": "台北大橋"}, "geometry": {"type": "LineString", "coordinates": [[121.5064337, 25.06364], [121.508458, 25.0633447], [121.5086538, 25.0633631]]}}, {"type": "Feature", "properties": {"county": "台北市", "district": "大同區", "highway": "tertiary", "name": "民權西路"}, "geometry": {"type": "LineString", "coordinates": [[121.5112202, 25.0628044], [121.5113957, 25.0628106], [121.5114938, 25.0628141], [121.5116808, 25.0628232], [121.5121815, 25.0628412], [121.5122268, 25.0628432], [121.5125634, 25.0628583], [121.5132014, 25.0628881], [121.5134212, 25.0628978], [121.5135199, 25.0629]]}}, {"type": "Feature", "properties": {"county": "台北市", "district": "大同區", "highway": "secondary", "name": "承德路二段"}, "geometry": {"type": "LineString", "coordinates": [[121.5182477, 25.057347], [121.5182594, 25.0574672], [121.518264, 25.0576993], [121.5182745, 25.0580888], [121.5182787, 25.0583709], [121.5182746, 25.0584411], [121.51827, 25.0585205], [121.518275, 25.0588067], [121.5182807, 25.0591509], [121.5182884, 25.0595085], [121.5183023, 25.0601029], [121.5183044, 25.0602073], [121.5183066, 25.0603004], [121.518321, 25.0609359], [121.5183203, 25.0612072], [121.5183253, 25.0613665], [121.5183331, 25.0616146], [121.5183544, 25.0622594], [121.5183661, 25.0626801], [121.5183691, 25.062823]]}}, {"type": "Feature", "properties": {"county": "台北市", "district": "大同區", "highway": "tertiary", "name": "民生西路"}, "geometry": {"type": "LineString", "coordinates": [[121.5180899, 25.0573274], [121.5182477, 25.057347]]}}, {"type": "Feature", "properties": {"county": "台北市", "district": "大同區", "highway": "tertiary", "name": "民權西路"}, "geometry": {"type": "LineString", "coordinates": [[121.514702, 25.062889], [121.5148826, 25.0628796], [121.5156397, 25.0628577], [121.5158345, 25.0628521], [121.5159625, 25.0628816]]}}, {"type": "Feature", "properties": {"county": "台北市", "district": "大同區", "highway": "tertiary", "name": "延平北路二段"}, "geometry": {"type": "LineString", "coordinates": [[121.511253, 25.0622571], [121.5112502, 25.0623033], [121.5112282, 25.0626721], [121.511228, 25.0626752], [121.5112202, 25.0628044]]}}, {"type": "Feature", "properties": {"county": "台北市", "district": "大同區", "highway": "tertiary", "name": "延平北路四段"}, "geometry": {"type": "LineString", "coordinates": [[121.511484, 25.0742349], [121.5118854, 25.0758553], [121.511892, 25.0758753], [121.5119999, 25.0763827], [121.5120073, 25.0764172], [121.5120508, 25.076592], [121.5120538, 25.0766221], [121.512078, 25.0768688], [121.5120866, 25.0769067], [121.5121072, 25.0770526], [121.5121165, 25.0771281]]}}, {"type": "Feature", "properties": {"county": "台北市", "district": "大同區", "highway": "tertiary", "name": "涼州街"}, "geometry": {"type": "LineString", "coordinates": [[121.5113529, 25.0606523], [121.5114326, 25.0606566], [121.5118758, 25.0606803], [121.5127238, 25.0607257], [121.513354, 25.060779], [121.5134707, 25.060781]]}}, {"type": "Feature", "properties": {"county": "台北市", "district": "大同區", "highway": "tertiary", "name": "酒泉街"}, "geometry": {"type": "LineString", "coordinates": [[121.5109959, 25.0721048], [121.5112029, 25.0721008], [121.5119751, 25.0720861], [121.512325, 25.0720794], [121.5125885, 25.0720757], [121.5126371, 25.0720744], [121.5132353, 25.0720587], [121.5135901, 25.0720494], [121.5137238, 25.0720459]]}}, {"type": "Feature", "properties": {"county": "台北市", "district": "大同區", "highway": "trunk_link", "name": "臺北轉運站出站通道 (往市民大道)"}, "geometry": {"type": "LineString", "coordinates": [[121.5182344, 25.0488625], [121.5181385, 25.0487924]]}}, {"type": "Feature", "properties": {"county": "台北市", "district": "大同區", "highway": "primary", "name": "中山北路三段"}, "geometry": {"type": "LineString", "coordinates": [[121.5224725, 25.0639207], [121.5224375, 25.0641082], [121.522412, 25.0642862], [121.5223747, 25.064652], [121.5223688, 25.0648095], [121.5223647, 25.0649189]]}}, {"type": "Feature", "properties": {"county": "台北市", "district": "大同區", "highway": "primary", "name": "中山北路二段"}, "geometry": {"type": "LineString", "coordinates": [[121.5222539, 25.0638666], [121.5223302, 25.0635069], [121.5224544, 25.0629852], [121.5224881, 25.0628436]]}}, {"type": "Feature", "properties": {"county": "台北市", "district": "大同區", "highway": "tertiary_link", "name": "迴轉道"}, "geometry": {"type": "LineString", "coordinates": [[121.5101757, 25.0503404], [121.5101306, 25.0503166], [121.510087, 25.0502852], [121.5100621, 25.0502323], [121.5100731, 25.0501816], [121.5101097, 25.0501417], [121.5101837, 25.0501211]]}}, {"type": "Feature", "properties": {"county": "台北市", "district": "大同區", "highway": "tertiary_link", "name": null}, "geometry": {"type": "LineString", "coordinates": [[121.5089262, 25.0502889], [121.5089542, 25.0503579], [121.5089616, 25.050426], [121.5089604, 25.0504959], [121.5089353, 25.050544]]}}, {"type": "Feature", "properties": {"county": "台北市", "district": "大同區", "highway": "tertiary", "name": "民族西路"}, "geometry": {"type": "LineString", "coordinates": [[121.5184911, 25.0685265], [121.5186349, 25.068522], [121.5186754, 25.0685239], [121.5187172, 25.068523], [121.5194911, 25.0685107], [121.5195377, 25.0685095], [121.5196534, 25.068509]]}}, {"type": "Feature", "properties": {"county": "台北市", "district": "大同區", "highway": "secondary", "name": "環河北路二段"}, "geometry": {"type": "LineString", "coordinates": [[121.5090866, 25.0686821], [121.5090416, 25.0683811], [121.5089127, 25.0674021], [121.508822, 25.0662797], [121.5086886, 25.0648279], [121.5087189, 25.063776], [121.508742, 25.0634572]]}}, {"type": "Feature", "properties": {"county": "台北市", "district": "大同區", "highway": "secondary", "name": "環河北路二段"}, "geometry": {"type": "LineString", "coordinates": [[121.5087672, 25.0751943], [121.5087898, 25.0747733], [121.5090797, 25.0721713]]}}, {"type": "Feature", "properties": {"county": "台北市", "district": "大同區", "highway": "motorway_link", "name": "環北交流道"}, "geometry": {"type": "LineString", "coordinates": [[121.5073592, 25.0812735], [121.5075735, 25.0805054], [121.5077988, 25.0795166], [121.5077991, 25.0793299], [121.5077774, 25.0791765], [121.5077203, 25.078987], [121.5075957, 25.07879], [121.5073983, 25.0786209], [121.5072506, 25.0785435], [121.5070882, 25.0784861], [121.50679, 25.0784316], [121.5050328, 25.078213]]}}, {"type": "Feature", "properties": {"county": "台北市", "district": "大同區", "highway": "secondary", "name": "承德路四段"}, "geometry": {"type": "LineString", "coordinates": [[121.5223672, 25.0808004], [121.5223334, 25.0807377], [121.5221238, 25.0803448], [121.5220911, 25.0802776]]}}, {"type": "Feature", "properties": {"county": "台北市", "district": "大同區", "highway": "secondary", "name": "環河北路二段"}, "geometry": {"type": "LineString", "coordinates": [[121.5091887, 25.0721743], [121.5089454, 25.0743117], [121.5089266, 25.0748534], [121.5089389, 25.0749912], [121.5089615, 25.0751134], [121.509, 25.0752334], [121.509042, 25.0753378], [121.5091224, 25.0755216], [121.5094677, 25.0761987], [121.5094868, 25.0762466], [121.509506, 25.076306], [121.5095142, 25.0763622], [121.5095188, 25.0763938], [121.5095233, 25.0764412], [121.509521, 25.0765514], [121.5095036, 25.0766652], [121.5094584, 25.076823], [121.5093779, 25.0769942], [121.5093169, 25.077075], [121.5091364, 25.0772682], [121.509033, 25.0773737], [121.5088966, 25.0775129], [121.5087241, 25.077748], [121.5086067, 25.0779698], [121.5085498, 25.0781765], [121.5084638, 25.0786649]]}}, {"type": "Feature", "properties": {"county": "台北市", "district": "大同區", "highway": "tertiary", "name": "酒泉街"}, "geometry": {"type": "LineString", "coordinates": [[121.5091887, 25.0721743], [121.5092401, 25.0721764], [121.5106488, 25.0721149], [121.5108474, 25.0721091], [121.5109959, 25.0721048]]}}, {"type": "Feature", "properties": {"county": "台北市", "district": "大同區", "highway": "secondary", "name": "重慶北路一段"}, "geometry": {"type": "LineString", "coordinates": [[121.5139798, 25.0515594], [121.514, 25.0516913], [121.5141117, 25.0524222], [121.5141449, 25.0526391], [121.5141706, 25.0528073], [121.5142124, 25.0530055], [121.5142857, 25.053405], [121.5143339, 25.0536428]]}}, {"type": "Feature", "properties": {"county": "台北市", "district": "大同區", "highway": "tertiary", "name": "長安西路"}, "geometry": {"type": "LineString", "coordinates": [[121.5182579, 25.0506124], [121.5182995, 25.0506028], [121.5188901, 25.050466], [121.5193148, 25.0503677], [121.5195046, 25.0503237], [121.5195595, 25.050311], [121.5196154, 25.0502981], [121.5199378, 25.0502234], [121.5199887, 25.0502116], [121.5202061, 25.0501613], [121.5202635, 25.050148], [121.520331, 25.0501334], [121.5204556, 25.0501035], [121.5207178, 25.0500428], [121.5207771, 25.0500291], [121.5213867, 25.0498879], [121.5214968, 25.0498624]]}}, {"type": "Feature", "properties": {"county": "台北市", "district": "大同區", "highway": "tertiary", "name": "民生西路"}, "geometry": {"type": "LineString", "coordinates": [[121.5089329, 25.0568804], [121.50885, 25.0568784], [121.5084587, 25.0568701], [121.5083938, 25.0568685], [121.5082879, 25.0568704], [121.5081884, 25.0568818]]}}, {"type": "Feature", "properties": {"county": "台北市", "district": "大同區", "highway": "tertiary", "name": "環河北路一段"}, "geometry": {"type": "LineString", "coordinates": [[121.5072941, 25.0523944], [121.507322, 25.0525252], [121.5075055, 25.053514], [121.5074702, 25.0535938], [121.5074963, 25.0537132]]}}, {"type": "Feature", "properties": {"county": "台北市", "district": "大同區", "highway": "tertiary", "name": "環河北路一段"}, "geometry": {"type": "LineString", "coordinates": [[121.5068505, 25.0506974], [121.5068892, 25.0507816], [121.5069195, 25.0508569], [121.506979, 25.0510242], [121.5070691, 25.0513052]]}}, {"type": "Feature", "properties": {"county": "台北市", "district": "大同區", "highway": "residential", "name": "西寧北路"}, "geometry": {"type": "LineString", "coordinates": [[121.5085652, 25.0520043], [121.5085748, 25.0521046], [121.5087, 25.0534136]]}}, {"type": "Feature", "properties": {"county": "台北市", "district": "大同區", "highway": "tertiary", "name": "長安西路"}, "geometry": {"type": "LineString", "coordinates": [[121.5085652, 25.0520043], [121.5086772, 25.0520068], [121.5088569, 25.0520107], [121.509856, 25.0520203], [121.5100422, 25.0520192], [121.5103595, 25.0520298], [121.5104744, 25.0520359]]}}, {"type": "Feature", "properties": {"county": "台北市", "district": "大同區", "highway": "tertiary", "name": "忠孝西路二段"}, "geometry": {"type": "LineString", "coordinates": [[121.50655, 25.0490436], [121.5062552, 25.0491281]]}}, {"type": "Feature", "properties": {"county": "台北市", "district": "大同區", "highway": "tertiary", "name": "環河北路一段"}, "geometry": {"type": "LineString", "coordinates": [[121.5066314, 25.0499959], [121.5068414, 25.0505511], [121.5068505, 25.0506974]]}}, {"type": "Feature", "properties": {"county": "台北市", "district": "大同區", "highway": "tertiary", "name": "延平北路一段"}, "geometry": {"type": "LineString", "coordinates": [[121.5120133, 25.0499834], [121.511938, 25.0497824]]}}, {"type": "Feature", "properties": {"county": "台北市", "district": "大同區", "highway": "tertiary", "name": "鄭州路"}, "geometry": {"type": "LineString", "coordinates": [[121.5120133, 25.0499834], [121.5116701, 25.0500516], [121.511216, 25.0501489], [121.5111261, 25.050167], [121.5110366, 25.050185], [121.5106365, 25.050266], [121.510538, 25.0502841]]}}, {"type": "Feature", "properties": {"county": "台北市", "district": "大同區", "highway": "residential", "name": "保安街49巷"}, "geometry": {"type": "LineString", "coordinates": [[121.5120054, 25.0590504], [121.5119553, 25.0596886], [121.5119277, 25.0600405], [121.5118758, 25.0606803]]}}, {"type": "Feature", "properties": {"county": "台北市", "district": "大同區", "highway": "residential", "name": "天祥路47巷"}, "geometry": {"type": "LineString", "coordinates": [[121.5221167, 25.0621477], [121.5210258, 25.0621683]]}}, {"type": "Feature", "properties": {"county": "台北市", "district": "大同區", "highway": "unclassified", "name": "撫順街41巷"}, "geometry": {"type": "LineString", "coordinates": [[121.519407, 25.0633897], [121.5194013, 25.0634405], [121.5193167, 25.0639458], [121.5193108, 25.0640896], [121.5193071, 25.0641372], [121.519294, 25.0643748], [121.5193684, 25.0648806], [121.5197188, 25.067301], [121.5198652, 25.0684076], [121.5199205, 25.0684765]]}}, {"type": "Feature", "properties": {"county": "台北市", "district": "大同區", "highway": "residential", "name": "中山北路二段128巷"}, "geometry": {"type": "LineString", "coordinates": [[121.5210425, 25.0618002], [121.5221811, 25.0617741]]}}, {"type": "Feature", "properties": {"county": "台北市", "district": "大同區", "highway": "tertiary", "name": "延平北路三段"}, "geometry": {"type": "LineString", "coordinates": [[121.5109411, 25.0672124], [121.5109385, 25.0672623], [121.5109057, 25.0678937], [121.5108877, 25.06824], [121.5108755, 25.0684752], [121.510874, 25.0685038], [121.5108721, 25.0685404], [121.5108708, 25.0685648], [121.5108694, 25.0686909]]}}, {"type": "Feature", "properties": {"county": "台北市", "district": "大同區", "highway": "residential", "name": "民樂街"}, "geometry": {"type": "LineString", "coordinates": [[121.5106369, 25.0582359], [121.5106113, 25.0588239], [121.5106734, 25.0589066], [121.5106534, 25.0592214], [121.5105198, 25.0595404], [121.5104884, 25.0598497], [121.5104574, 25.0601559], [121.5104183, 25.0605871]]}}, {"type": "Feature", "properties": {"county": "台北市", "district": "大同區", "highway": "residential", "name": "安西街9巷"}, "geometry": {"type": "LineString", "coordinates": [[121.510081, 25.0594934], [121.5105198, 25.0595404]]}}, {"type": "Feature", "properties": {"county": "台北市", "district": "大同區", "highway": "residential", "name": "長安西路19巷2弄"}, "geometry": {"type": "LineString", "coordinates": [[121.5202061, 25.0501613], [121.5202447, 25.0502268], [121.520321, 25.0506275], [121.5203549, 25.0509502], [121.520366, 25.0512252], [121.5203686, 25.0512978], [121.5203726, 25.051407]]}}, {"type": "Feature", "properties": {"county": "台北市", "district": "大同區", "highway": "residential", "name": "大龍街91巷"}, "geometry": {"type": "LineString", "coordinates": [[121.5174593, 25.0672761], [121.5165891, 25.0672768], [121.5159369, 25.0672932]]}}, {"type": "Feature", "properties": {"county": "台北市", "district": "大同區", "highway": "residential", "name": "重慶北路三段113巷"}, "geometry": {"type": "LineString", "coordinates": [[121.5159369, 25.0672932], [121.5155182, 25.067276], [121.5150495, 25.0672541], [121.5148041, 25.0672426]]}}, {"type": "Feature", "properties": {"county": "台北市", "district": "大同區", "highway": "residential", "name": "庫倫街13巷"}, "geometry": {"type": "LineString", "coordinates": [[121.5174037, 25.0733803], [121.5174098, 25.0730487], [121.5173878, 25.0726962], [121.5173729, 25.0723709], [121.5173687, 25.0720116], [121.5173679, 25.0719458]]}}, {"type": "Feature", "properties": {"county": "台北市", "district": "大同區", "highway": "residential", "name": "承德路三段122巷"}, "geometry": {"type": "LineString", "coordinates": [[121.5183083, 25.0672859], [121.5181647, 25.0672824], [121.5174593, 25.0672761]]}}, {"type": "Feature", "properties": {"county": "台北市", "district": "大同區", "highway": "residential", "name": "承德路三段208巷"}, "geometry": {"type": "LineString", "coordinates": [[121.5159064, 25.0705287], [121.5166118, 25.0705281], [121.5174947, 25.0705077], [121.5178054, 25.070499], [121.5182773, 25.0704852], [121.5183859, 25.0705176]]}}, {"type": "Feature", "properties": {"county": "台北市", "district": "大同區", "highway": "residential", "name": "承德路三段24巷"}, "geometry": {"type": "LineString", "coordinates": [[121.5182419, 25.0642277], [121.5181272, 25.0642212], [121.5177873, 25.0642311], [121.517511, 25.0642238], [121.5170879, 25.0642438], [121.5167124, 25.0642457], [121.5162841, 25.0642571], [121.5160659, 25.0642601], [121.5160208, 25.0642608]]}}, {"type": "Feature", "properties": {"county": "台北市", "district": "大同區", "highway": "residential", "name": null}, "geometry": {"type": "LineString", "coordinates": [[121.5176817, 25.0511907], [121.5176539, 25.0510358], [121.5176379, 25.0509215], [121.5176178, 25.050868], [121.5175732, 25.050844], [121.5175541, 25.0507754]]}}, {"type": "Feature", "properties": {"county": "台北市", "district": "大同區", "highway": "residential", "name": "赤峰街35巷"}, "geometry": {"type": "LineString", "coordinates": [[121.5199529, 25.0545311], [121.5203577, 25.054441]]}}, {"type": "Feature", "properties": {"county": "台北市", "district": "大同區", "highway": "unclassified", "name": "承德路一段"}, "geometry": {"type": "LineString", "coordinates": [[121.5161288, 25.0473608], [121.5161498, 25.0474479], [121.5163736, 25.0483758], [121.516425, 25.0485775], [121.5164607, 25.0486678]]}}, {"type": "Feature", "properties": {"county": "台北市", "district": "大同區", "highway": "residential", "name": "甘谷街"}, "geometry": {"type": "LineString", "coordinates": [[121.5118127, 25.0527576], [121.5117554, 25.0527617], [121.5106666, 25.05284], [121.5106713, 25.0529508], [121.510684, 25.053248], [121.51033, 25.0532547]]}}, {"type": "Feature", "properties": {"county": "台北市", "district": "大同區", "highway": "tertiary", "name": "民族西路"}, "geometry": {"type": "LineString", "coordinates": [[121.5149134, 25.0686177], [121.5149729, 25.0686103], [121.5154186, 25.0686037], [121.5156889, 25.0686007], [121.515737, 25.0685991], [121.515822, 25.0685959], [121.5158777, 25.0685954], [121.5159563, 25.0685924], [121.5159975, 25.0685916], [121.5160581, 25.0685905], [121.5165179, 25.0685818], [121.51656, 25.0685797], [121.516599, 25.0685796], [121.5166492, 25.0685798], [121.516803, 25.0685754], [121.5168504, 25.0685735], [121.5168971, 25.0685731], [121.5169162, 25.0685727], [121.5169646, 25.0685716], [121.5179099, 25.0685498]]}}, {"type": "Feature", "properties": {"county": "台北市", "district": "大同區", "highway": "tertiary", "name": "民權西路"}, "geometry": {"type": "LineString", "coordinates": [[121.5135507, 25.0631217], [121.5134434, 25.0631153], [121.5122071, 25.0630624], [121.5121668, 25.0630602], [121.5118121, 25.0630442], [121.511412, 25.0630377], [121.5113709, 25.0630413], [121.5112047, 25.0630561]]}}, {"type": "Feature", "properties": {"county": "台北市", "district": "大同區", "highway": "primary", "name": "重慶北路三段"}, "geometry": {"type": "LineString", "coordinates": [[121.5135379, 25.0630146], [121.5135199, 25.0629]]}}, {"type": "Feature", "properties": {"county": "台北市", "district": "大同區", "highway": "residential", "name": "保安街78巷"}, "geometry": {"type": "LineString", "coordinates": [[121.5120054, 25.0590504], [121.5120683, 25.0581625]]}}, {"type": "Feature", "properties": {"county": "台北市", "district": "大同區", "highway": "residential", "name": null}, "geometry": {"type": "LineString", "coordinates": [[121.5159311, 25.0616179], [121.515865, 25.0616195], [121.5156784, 25.0616238], [121.5154679, 25.0616287], [121.5153015, 25.0616326], [121.5151107, 25.0616371], [121.5149128, 25.0616417], [121.5145681, 25.0616498], [121.5141404, 25.0616598]]}}, {"type": "Feature", "properties": {"county": "台北市", "district": "大同區", "highway": "residential", "name": "迪化街二段268巷"}, "geometry": {"type": "LineString", "coordinates": [[121.5116438, 25.0705705], [121.5113245, 25.0706168], [121.5109791, 25.070645], [121.5108908, 25.070654]]}}, {"type": "Feature", "properties": {"county": "台北市", "district": "大同區", "highway": "residential", "name": null}, "geometry": {"type": "LineString", "coordinates": [[121.5225095, 25.080744], [121.5223672, 25.0808004]]}}, {"type": "Feature", "properties": {"county": "台北市", "district": "大同區", "highway": "residential", "name": "承德路二段37巷"}, "geometry": {"type": "LineString", "coordinates": [[121.518713, 25.05492], [121.518663, 25.0549224], [121.5183633, 25.0549367], [121.5182601, 25.054866]]}}, {"type": "Feature", "properties": {"county": "台北市", "district": "大同區", "highway": "unclassified", "name": null}, "geometry": {"type": "LineString", "coordinates": [[121.5216007, 25.0794901], [121.5218668, 25.0793816]]}}, {"type": "Feature", "properties": {"county": "台北市", "district": "大同區", "highway": "residential", "name": null}, "geometry": {"type": "LineString", "coordinates": [[121.5212788, 25.0587244], [121.5212683, 25.058396], [121.5212601, 25.0580093]]}}, {"type": "Feature", "properties": {"county": "台北市", "district": "大同區", "highway": "residential", "name": "民生西路45巷7弄"}, "geometry": {"type": "LineString", "coordinates": [[121.5212804, 25.0587671], [121.5216704, 25.0587628]]}}, {"type": "Feature", "properties": {"county": "台北市", "district": "大同區", "highway": "residential", "name": "中山北路二段116巷"}, "geometry": {"type": "LineString", "coordinates": [[121.5219252, 25.060998], [121.5210485, 25.061008]]}}, {"type": "Feature", "properties": {"county": "台北市", "district": "大同區", "highway": "residential", "name": "中山北路二段128巷6弄"}, "geometry": {"type": "LineString", "coordinates": [[121.5219252, 25.060998], [121.5220535, 25.0613873], [121.5221811, 25.0617741]]}}, {"type": "Feature", "properties": {"county": "台北市", "district": "大同區", "highway": "residential", "name": "中山北路二段128巷"}, "geometry": {"type": "LineString", "coordinates": [[121.5221811, 25.0617741], [121.5226811, 25.0617602], [121.5227399, 25.061761]]}}, {"type": "Feature", "properties": {"county": "台北市", "district": "大同區", "highway": "residential", "name": "民權西路10巷"}, "geometry": {"type": "LineString", "coordinates": [[121.5221811, 25.0617741], [121.5221833, 25.0618061], [121.5221167, 25.0621477], [121.5220371, 25.0626269], [121.5220281, 25.0626985]]}}, {"type": "Feature", "properties": {"county": "台北市", "district": "大同區", "highway": "residential", "name": "民權西路70巷"}, "geometry": {"type": "LineString", "coordinates": [[121.5196581, 25.0626952], [121.5197124, 25.0625332], [121.5197512, 25.062368], [121.5198269, 25.0621916], [121.5199953, 25.0618139]]}}, {"type": "Feature", "properties": {"county": "台北市", "district": "大同區", "highway": "unclassified", "name": "天祥路"}, "geometry": {"type": "LineString", "coordinates": [[121.5210258, 25.0621683], [121.5209657, 25.0623449], [121.5208282, 25.0625369], [121.5208284, 25.0626487], [121.5208322, 25.0627572]]}}, {"type": "Feature", "properties": {"county": "台北市", "district": "大同區", "highway": "residential", "name": "民權西路70巷43弄"}, "geometry": {"type": "LineString", "coordinates": [[121.52036, 25.0609402], [121.5206551, 25.060776]]}}, {"type": "Feature", "properties": {"county": "台北市", "district": "大同區", "highway": "residential", "name": "民生西路45巷9弄"}, "geometry": {"type": "LineString", "coordinates": [[121.5212914, 25.0590631], [121.520898, 25.0590644]]}}, {"type": "Feature", "properties": {"county": "台北市", "district": "大同區", "highway": "residential", "name": null}, "geometry": {"type": "LineString", "coordinates": [[121.5212914, 25.0590631], [121.5212891, 25.059], [121.5212804, 25.0587671], [121.5212788, 25.0587244]]}}, {"type": "Feature", "properties": {"county": "台北市", "district": "大同區", "highway": "residential", "name": "撫順街"}, "geometry": {"type": "LineString", "coordinates": [[121.5190721, 25.0633336], [121.5184881, 25.0632392], [121.5183852, 25.0632318]]}}, {"type": "Feature", "properties": {"county": "台北市", "district": "大同區", "highway": "residential", "name": "民權西路70巷"}, "geometry": {"type": "LineString", "coordinates": [[121.5201735, 25.0613787], [121.5199953, 25.0618139]]}}, {"type": "Feature", "properties": {"county": "台北市", "district": "大同區", "highway": "tertiary", "name": "敦煌路"}, "geometry": {"type": "LineString", "coordinates": [[121.5211925, 25.0749787], [121.5211309, 25.0749968], [121.5203492, 25.075195], [121.5203038, 25.0752072], [121.520226, 25.0752271]]}}, {"type": "Feature", "properties": {"county": "台北市", "district": "大同區", "highway": "secondary", "name": "承德路三段"}, "geometry": {"type": "LineString", "coordinates": [[121.520226, 25.0752271], [121.5202718, 25.0753741]]}}, {"type": "Feature", "properties": {"county": "台北市", "district": "大同區", "highway": "tertiary", "name": "敦煌路"}, "geometry": {"type": "LineString", "coordinates": [[121.520226, 25.0752271], [121.5200875, 25.0752644], [121.5200089, 25.0752839], [121.5199459, 25.0753016], [121.5179199, 25.0758318]]}}, {"type": "Feature", "properties": {"county": "台北市", "district": "大同區", "highway": "residential", "name": "通河街"}, "geometry": {"type": "LineString", "coordinates": [[121.5220159, 25.0803025], [121.5207953, 25.0808335], [121.5207307, 25.0808631], [121.5205699, 25.080937], [121.5193985, 25.0814552], [121.5193125, 25.081537]]}}, {"type": "Feature", "properties": {"county": "台北市", "district": "大同區", "highway": "residential", "name": "通河街"}, "geometry": {"type": "LineString", "coordinates": [[121.5222992, 25.0801957], [121.5229933, 25.0800361], [121.523618, 25.0799312], [121.5236892, 25.079924]]}}, {"type": "Feature", "properties": {"county": "台北市", "district": "大同區", "highway": "tertiary", "name": "南京西路"}, "geometry": {"type": "LineString", "coordinates": [[121.5087, 25.0534136], [121.5086633, 25.053422], [121.5082173, 25.0535228], [121.5081736, 25.0535379], [121.508134, 25.0535472], [121.5075951, 25.0536949], [121.5074963, 25.0537132]]}}, {"type": "Feature", "properties": {"county": "台北市", "district": "大同區", "highway": "residential", "name": null}, "geometry": {"type": "LineString", "coordinates": [[121.5118127, 25.0527576], [121.5118701, 25.0527548], [121.5121414, 25.0527511]]}}, {"type": "Feature", "properties": {"county": "台北市", "district": "大同區", "highway": "tertiary", "name": "鄭州路"}, "geometry": {"type": "LineString", "coordinates": [[121.5163613, 25.0486836], [121.5164607, 25.0486678]]}}, {"type": "Feature", "properties": {"county": "台北市", "district": "大同區", "highway": "unclassified", "name": "堤外機車道"}, "geometry": {"type": "LineString", "coordinates": [[121.4981419, 25.0407365], [121.4983216, 25.0408476], [121.4990875, 25.0414268], [121.4996402, 25.0418555], [121.499884, 25.0420809], [121.500021, 25.0422643], [121.5001106, 25.0424406], [121.5002059, 25.0427321], [121.5004467, 25.0435512], [121.5005351, 25.0437867], [121.5005882, 25.0439715], [121.5006922, 25.0442536], [121.5007813, 25.0444132], [121.5008669, 25.0445376], [121.5010124, 25.0447073], [121.5012188, 25.0448944], [121.5018043, 25.0453689], [121.5022739, 25.0457299], [121.5024155, 25.0458416], [121.5032203, 25.0464801], [121.5034333, 25.0466555], [121.5036128, 25.0468713], [121.5041837, 25.0474161], [121.5044434, 25.0475357], [121.5049315, 25.0480339], [121.5053246, 25.0485048], [121.5054335, 25.0489724]]}}, {"type": "Feature", "properties": {"county": "台北市", "district": "大同區", "highway": "unclassified", "name": "堤外道路"}, "geometry": {"type": "LineString", "coordinates": [[121.5065607, 25.0508588], [121.5066487, 25.050831]]}}, {"type": "Feature", "properties": {"county": "台北市", "district": "大同區", "highway": "unclassified", "name": "堤外道路"}, "geometry": {"type": "LineString", "coordinates": [[121.5066487, 25.050831], [121.5068505, 25.0506974]]}}, {"type": "Feature", "properties": {"county": "台北市", "district": "大同區", "highway": "tertiary", "name": "環河北路"}, "geometry": {"type": "LineString", "coordinates": [[121.5042545, 25.0638663], [121.5043432, 25.0642212], [121.5044245, 25.0647686], [121.5045355, 25.0656398], [121.504555, 25.065825], [121.5046007, 25.0663015]]}}, {"type": "Feature", "properties": {"county": "台北市", "district": "大同區", "highway": "residential", "name": "歸綏街"}, "geometry": {"type": "LineString", "coordinates": [[121.5174732, 25.0592577], [121.5173051, 25.0591982], [121.5171923, 25.059156], [121.5169912, 25.0590572], [121.5168999, 25.0590211], [121.516597, 25.0588726], [121.5164009, 25.0587768], [121.5162242, 25.0587171], [121.5151259, 25.0584193]]}}, {"type": "Feature", "properties": {"county": "台北市", "district": "大同區", "highway": "residential", "name": null}, "geometry": {"type": "LineString", "coordinates": [[121.513647, 25.0672524], [121.5137906, 25.0672594]]}}, {"type": "Feature", "properties": {"county": "台北市", "district": "大同區", "highway": "secondary", "name": "南京西路"}, "geometry": {"type": "LineString", "coordinates": [[121.5176462, 25.0533148], [121.5175353, 25.0533427], [121.5168317, 25.0534977], [121.5162461, 25.0536431], [121.5161359, 25.05367]]}}, {"type": "Feature", "properties": {"county": "台北市", "district": "大同區", "highway": "residential", "name": "太原路"}, "geometry": {"type": "LineString", "coordinates": [[121.5161359, 25.05367], [121.5161104, 25.0535895]]}}, {"type": "Feature", "properties": {"county": "台北市", "district": "大同區", "highway": "tertiary", "name": "長安西路"}, "geometry": {"type": "LineString", "coordinates": [[121.5139798, 25.0515594], [121.5140949, 25.0515334], [121.5147143, 25.0513932], [121.5147512, 25.0513848], [121.5148521, 25.0513621], [121.5148968, 25.0513561], [121.5153676, 25.0512732], [121.5154408, 25.0512603]]}}, {"type": "Feature", "properties": {"county": "台北市", "district": "大同區", "highway": "tertiary", "name": "長安東路一段"}, "geometry": {"type": "LineString", "coordinates": [[121.5217364, 25.0497999], [121.5218384, 25.0497754], [121.522164, 25.0497002], [121.5225303, 25.0496156], [121.5228007, 25.0495541], [121.5228469, 25.0495395], [121.522912, 25.0495253], [121.524434, 25.0491789], [121.5245753, 25.0491466]]}}, {"type": "Feature", "properties": {"county": "台北市", "district": "大同區", "highway": "tertiary", "name": "環河南路一段"}, "geometry": {"type": "LineString", "coordinates": [[121.50357, 25.0464731], [121.503677, 25.0465602], [121.5042436, 25.0470214], [121.5044027, 25.0471692], [121.5044309, 25.0471953], [121.5045408, 25.0472896], [121.5047649, 25.0474821], [121.5051126, 25.0478282], [121.5053058, 25.0479934], [121.5056558, 25.0483008], [121.5057595, 25.0484309], [121.5060433, 25.0487868], [121.5061037, 25.0488481]]}}, {"type": "Feature", "properties": {"county": "台北市", "district": "大同區", "highway": "residential", "name": "民生西路66巷25弄"}, "geometry": {"type": "LineString", "coordinates": [[121.5211469, 25.056438], [121.5207567, 25.0564494]]}}, {"type": "Feature", "properties": {"county": "台北市", "district": "大同區", "highway": "residential", "name": "雙連街1巷"}, "geometry": {"type": "LineString", "coordinates": [[121.5191429, 25.0578057], [121.520199, 25.0579403]]}}, {"type": "Feature", "properties": {"county": "台北市", "district": "大同區", "highway": "residential", "name": "雙連街39巷"}, "geometry": {"type": "LineString", "coordinates": [[121.5189959, 25.0588789], [121.5200541, 25.0590001]]}}, {"type": "Feature", "properties": {"county": "台北市", "district": "大同區", "highway": "residential", "name": "雙連街65巷"}, "geometry": {"type": "LineString", "coordinates": [[121.5199628, 25.0596682], [121.5189023, 25.0595626]]}}, {"type": "Feature", "properties": {"county": "台北市", "district": "大同區", "highway": "residential", "name": "雙連街11巷"}, "geometry": {"type": "LineString", "coordinates": [[121.5201479, 25.0583137], [121.5190911, 25.0581842]]}}, {"type": "Feature", "properties": {"county": "台北市", "district": "大同區", "highway": "residential", "name": "萬全街"}, "geometry": {"type": "LineString", "coordinates": [[121.5182746, 25.0584411], [121.5183534, 25.058445], [121.5190447, 25.0585231], [121.5201018, 25.0586509], [121.5204984, 25.0586989]]}}, {"type": "Feature", "properties": {"county": "台北市", "district": "大同區", "highway": "residential", "name": "錦西街38巷"}, "geometry": {"type": "LineString", "coordinates": [[121.5204486, 25.0593886], [121.5200083, 25.0593354]]}}, {"type": "Feature", "properties": {"county": "台北市", "district": "大同區", "highway": "tertiary", "name": "涼州街"}, "geometry": {"type": "LineString", "coordinates": [[121.5134707, 25.060781], [121.5135177, 25.0607859], [121.5135508, 25.0607893]]}}, {"type": "Feature", "properties": {"county": "台北市", "district": "大同區", "highway": "residential", "name": "長安西路40巷4弄"}, "geometry": {"type": "LineString", "coordinates": [[121.5200403, 25.0498202], [121.5203584, 25.0497429]]}}, {"type": "Feature", "properties": {"county": "台北市", "district": "大同區", "highway": "secondary", "name": "承德路三段"}, "geometry": {"type": "LineString", "coordinates": [[121.5183361, 25.0685364], [121.5183315, 25.0684106], [121.5183096, 25.0673512], [121.5183083, 25.0672859], [121.5183065, 25.0672091], [121.5182976, 25.066817], [121.5182842, 25.0663918], [121.5182734, 25.0659879], [121.5182668, 25.0658671]]}}, {"type": "Feature", "properties": {"county": "台北市", "district": "大同區", "highway": "residential", "name": "昌吉街"}, "geometry": {"type": "LineString", "coordinates": [[121.5184306, 25.0658601], [121.5183634, 25.0658653], [121.5182668, 25.0658671]]}}, {"type": "Feature", "properties": {"county": "台北市", "district": "大同區", "highway": "tertiary", "name": "寧夏路"}, "geometry": {"type": "LineString", "coordinates": [[121.5143405, 25.0608077], [121.5143139, 25.0608858], [121.5141025, 25.0615684], [121.5141404, 25.0616598], [121.5141991, 25.0618077]]}}, {"type": "Feature", "properties": {"county": "台北市", "district": "大同區", "highway": "tertiary", "name": "延平北路二段"}, "geometry": {"type": "LineString", "coordinates": [[121.5112202, 25.0628044], [121.5112123, 25.0629369]]}}, {"type": "Feature", "properties": {"county": "台北市", "district": "大同區", "highway": "residential", "name": "民權西路"}, "geometry": {"type": "LineString", "coordinates": [[121.5111451, 25.062804], [121.5112202, 25.0628044]]}}, {"type": "Feature", "properties": {"county": "台北市", "district": "大同區", "highway": "unclassified", "name": "涼州街"}, "geometry": {"type": "LineString", "coordinates": [[121.5143405, 25.0608077], [121.5142604, 25.0608027], [121.5137177, 25.0608032], [121.5136271, 25.0608009]]}}, {"type": "Feature", "properties": {"county": "台北市", "district": "大同區", "highway": "secondary", "name": "重慶北路二段"}, "geometry": {"type": "LineString", "coordinates": [[121.5136422, 25.0616396], [121.5136624, 25.0618128], [121.513685, 25.0628223], [121.5136869, 25.0629103]]}}, {"type": "Feature", "properties": {"county": "台北市", "district": "大同區", "highway": "secondary", "name": "重慶北路二段"}, "geometry": {"type": "LineString", "coordinates": [[121.5136271, 25.0608009], [121.5136275, 25.0608662], [121.5136422, 25.0616396]]}}, {"type": "Feature", "properties": {"county": "台北市", "district": "大同區", "highway": "tertiary", "name": "天水路"}, "geometry": {"type": "LineString", "coordinates": [[121.5136153, 25.0532098], [121.5132213, 25.0529533], [121.5131312, 25.0528956], [121.512732, 25.05264], [121.5121394, 25.0522708]]}}, {"type": "Feature", "properties": {"county": "台北市", "district": "大同區", "highway": "residential", "name": null}, "geometry": {"type": "LineString", "coordinates": [[121.5157591, 25.0764364], [121.5157537, 25.0762341]]}}, {"type": "Feature", "properties": {"county": "台北市", "district": "大同區", "highway": "primary", "name": "重慶北路四段"}, "geometry": {"type": "LineString", "coordinates": [[121.5132924, 25.0803683], [121.5134815, 25.0799528], [121.5136572, 25.0795739], [121.5137524, 25.0792338], [121.5138127, 25.0788196], [121.5138275, 25.0785086], [121.5138034, 25.0781539]]}}, {"type": "Feature", "properties": {"county": "台北市", "district": "大同區", "highway": "motorway_link", "name": "台北交流道"}, "geometry": {"type": "LineString", "coordinates": [[121.5145941, 25.0779669], [121.5134306, 25.0781835], [121.5132221, 25.0782426]]}}, {"type": "Feature", "properties": {"county": "台北市", "district": "大同區", "highway": "residential", "name": "長安西路19巷2弄"}, "geometry": {"type": "LineString", "coordinates": [[121.5208852, 25.0509979], [121.5203549, 25.0509502]]}}, {"type": "Feature", "properties": {"county": "台北市", "district": "大同區", "highway": "tertiary", "name": "鄭州路"}, "geometry": {"type": "LineString", "coordinates": [[121.508136, 25.0504059], [121.5082984, 25.050384], [121.5089262, 25.0502889], [121.509078, 25.0502738], [121.5096396, 25.0501963], [121.509761, 25.0501797], [121.5100259, 25.0501435], [121.5101837, 25.0501211], [121.5103464, 25.050095], [121.5104996, 25.0500666]]}}, {"type": "Feature", "properties": {"county": "台北市", "district": "大同區", "highway": "residential", "name": "西寧北路"}, "geometry": {"type": "LineString", "coordinates": [[121.508136, 25.0504059], [121.5081899, 25.050612]]}}, {"type": "Feature", "properties": {"county": "台北市", "district": "大同區", "highway": "residential", "name": "西寧北路"}, "geometry": {"type": "LineString", "coordinates": [[121.5081899, 25.050612], [121.5082247, 25.0507279], [121.5082468, 25.0507966], [121.5083228, 25.0510806], [121.5084207, 25.051448], [121.5084404, 25.0515167], [121.5085383, 25.0518992], [121.5085652, 25.0520043]]}}, {"type": "Feature", "properties": {"county": "台北市", "district": "大同區", "highway": "tertiary", "name": "鄭州路"}, "geometry": {"type": "LineString", "coordinates": [[121.5081899, 25.050612], [121.5080045, 25.0506323], [121.5070038, 25.0507715], [121.5068505, 25.0506974]]}}, {"type": "Feature", "properties": {"county": "台北市", "district": "大同區", "highway": "primary", "name": "重慶北路三段"}, "geometry": {"type": "LineString", "coordinates": [[121.5137476, 25.0729173], [121.5137468, 25.0728548], [121.5137355, 25.0723957], [121.5137322, 25.0721591], [121.5137238, 25.0720459]]}}, {"type": "Feature", "properties": {"county": "台北市", "district": "大同區", "highway": "primary", "name": "中山北路二段"}, "geometry": {"type": "LineString", "coordinates": [[121.5224881, 25.0628436], [121.5225195, 25.0627012]]}}, {"type": "Feature", "properties": {"county": "台北市", "district": "大同區", "highway": "tertiary", "name": "鄭州路"}, "geometry": {"type": "LineString", "coordinates": [[121.5132521, 25.0493427], [121.513375, 25.0493059]]}}, {"type": "Feature", "properties": {"county": "台北市", "district": "大同區", "highway": "secondary", "name": "重慶北路一段"}, "geometry": {"type": "LineString", "coordinates": [[121.5132735, 25.049556], [121.5132513, 25.0494613], [121.5132521, 25.0493427]]}}, {"type": "Feature", "properties": {"county": "台北市", "district": "大同區", "highway": "unclassified", "name": "北平西路"}, "geometry": {"type": "LineString", "coordinates": [[121.5117912, 25.0482766], [121.5117242, 25.0482751], [121.5116695, 25.0482743], [121.5115864, 25.0482987], [121.5115602, 25.0483275], [121.5115383, 25.0483544], [121.5115025, 25.0483971], [121.5114585, 25.0484623]]}}, {"type": "Feature", "properties": {"county": "台北市", "district": "大同區", "highway": "unclassified", "name": "堤外機車道"}, "geometry": {"type": "LineString", "coordinates": [[121.5054941, 25.0491817], [121.5057349, 25.049606], [121.5058346, 25.04997], [121.5059369, 25.0501107], [121.5064223, 25.0506439], [121.5065269, 25.0507598], [121.5065607, 25.0508588]]}}, {"type": "Feature", "properties": {"county": "台北市", "district": "大同區", "highway": "unclassified", "name": "堤外機車道"}, "geometry": {"type": "LineString", "coordinates": [[121.5054335, 25.0489724], [121.5054941, 25.0491817]]}}, {"type": "Feature", "properties": {"county": "台北市", "district": "大同區", "highway": "residential", "name": "承德路二段129巷"}, "geometry": {"type": "LineString", "coordinates": [[121.5192082, 25.0570566], [121.5183438, 25.0570799], [121.5182376, 25.0570808]]}}, {"type": "Feature", "properties": {"county": "台北市", "district": "大同區", "highway": "residential", "name": "蘭州街89巷"}, "geometry": {"type": "LineString", "coordinates": [[121.5160208, 25.0642608], [121.515956, 25.0642625], [121.5156471, 25.0642707], [121.515229, 25.0642823]]}}, {"type": "Feature", "properties": {"county": "台北市", "district": "大同區", "highway": "residential", "name": "承德路三段8巷"}, "geometry": {"type": "LineString", "coordinates": [[121.5159994, 25.0637167], [121.5160435, 25.0637155], [121.5161852, 25.0637116], [121.5162673, 25.0637093], [121.5170719, 25.0636867], [121.5181152, 25.0636574], [121.518232, 25.063659]]}}, {"type": "Feature", "properties": {"county": "台北市", "district": "大同區", "highway": "residential", "name": "民權西路184巷"}, "geometry": {"type": "LineString", "coordinates": [[121.5148236, 25.0608472], [121.5146156, 25.0614868], [121.5145681, 25.0616498], [121.514533, 25.0617955], [121.5146708, 25.0622324], [121.5147047, 25.062337], [121.5147114, 25.0625706]]}}, {"type": "Feature", "properties": {"county": "台北市", "district": "大同區", "highway": "residential", "name": "民權西路144巷5弄"}, "geometry": {"type": "LineString", "coordinates": [[121.5159452, 25.0621954], [121.5167435, 25.0621722], [121.5168576, 25.0621688], [121.5176016, 25.0621472], [121.5177078, 25.0621441]]}}, {"type": "Feature", "properties": {"county": "台北市", "district": "大同區", "highway": "residential", "name": "長安西路19巷"}, "geometry": {"type": "LineString", "coordinates": [[121.5209272, 25.050644], [121.5208726, 25.0506475], [121.520513, 25.0506349], [121.520321, 25.0506275]]}}, {"type": "Feature", "properties": {"county": "台北市", "district": "大同區", "highway": "residential", "name": "長安西路19巷22弄"}, "geometry": {"type": "LineString", "coordinates": [[121.5208852, 25.0509979], [121.5208635, 25.0512011]]}}, {"type": "Feature", "properties": {"county": "台北市", "district": "大同區", "highway": "residential", "name": "民權西路70巷"}, "geometry": {"type": "LineString", "coordinates": [[121.5196408, 25.062789], [121.5196581, 25.0626952]]}}, {"type": "Feature", "properties": {"county": "台北市", "district": "大同區", "highway": "residential", "name": null}, "geometry": {"type": "LineString", "coordinates": [[121.5177305, 25.0514733], [121.5174188, 25.0515393], [121.5173187, 25.0515605]]}}, {"type": "Feature", "properties": {"county": "台北市", "district": "大同區", "highway": "residential", "name": null}, "geometry": {"type": "LineString", "coordinates": [[121.5177305, 25.0514733], [121.5176817, 25.0511907]]}}, {"type": "Feature", "properties": {"county": "台北市", "district": "大同區", "highway": "secondary", "name": "重慶北路一段"}, "geometry": {"type": "LineString", "coordinates": [[121.513375, 25.0493059], [121.5133644, 25.0494352], [121.5133588, 25.0495362]]}}, {"type": "Feature", "properties": {"county": "台北市", "district": "大同區", "highway": "tertiary", "name": "鄭州路"}, "geometry": {"type": "LineString", "coordinates": [[121.5133588, 25.0495362], [121.5132735, 25.049556]]}}, {"type": "Feature", "properties": {"county": "台北市", "district": "大同區", "highway": "residential", "name": "承德路四段3巷"}, "geometry": {"type": "LineString", "coordinates": [[121.5216425, 25.0789555], [121.5229016, 25.078401]]}}, {"type": "Feature", "properties": {"county": "台北市", "district": "大同區", "highway": "residential", "name": "承德路四段1巷"}, "geometry": {"type": "LineString", "coordinates": [[121.5226298, 25.0778882], [121.5225897, 25.077861], [121.5225371, 25.0778679], [121.5214966, 25.0785496]]}}, {"type": "Feature", "properties": {"county": "台北市", "district": "大同區", "highway": "residential", "name": "通河東街一段"}, "geometry": {"type": "LineString", "coordinates": [[121.5182248, 25.080725], [121.5180825, 25.080979], [121.5178106, 25.08129], [121.5177576, 25.0813517], [121.5176274, 25.0815054], [121.5173947, 25.0818309], [121.5172496, 25.0820451], [121.5170755, 25.0823268], [121.5170147, 25.0824318], [121.5169521, 25.08254], [121.5167195, 25.0829812], [121.5166411, 25.0831683], [121.5165972, 25.0832837], [121.5163736, 25.0838933], [121.5162993, 25.0841692], [121.516232, 25.0844066], [121.5161531, 25.0847991], [121.5161062, 25.0851635], [121.5161027, 25.0851907], [121.5158814, 25.0866481], [121.5158382, 25.0869344], [121.515801, 25.087228], [121.5157813, 25.0873405], [121.5156746, 25.0879492], [121.5156654, 25.0880107], [121.5155058, 25.0891578], [121.5154857, 25.0893112]]}}, {"type": "Feature", "properties": {"county": "台北市", "district": "大同區", "highway": "residential", "name": "承德路四段2巷"}, "geometry": {"type": "LineString", "coordinates": [[121.5214966, 25.0785496], [121.521217, 25.0787392], [121.5198836, 25.0794379], [121.5197843, 25.079497], [121.5194051, 25.0797267], [121.5188338, 25.0801274], [121.5185688, 25.0803254], [121.5184055, 25.0804385], [121.5182456, 25.0806701], [121.5182248, 25.080725]]}}, {"type": "Feature", "properties": {"county": "台北市", "district": "大同區", "highway": "residential", "name": "南京西路25巷"}, "geometry": {"type": "LineString", "coordinates": [[121.5202553, 25.0527129], [121.5202609, 25.0526168]]}}, {"type": "Feature", "properties": {"county": "台北市", "district": "大同區", "highway": "secondary", "name": "南京西路"}, "geometry": {"type": "LineString", "coordinates": [[121.5204547, 25.0525756], [121.5206155, 25.0525456], [121.52145, 25.0523895], [121.521517, 25.0523769], [121.5222732, 25.0522362], [121.5224421, 25.0522047]]}}, {"type": "Feature", "properties": {"county": "台北市", "district": "大同區", "highway": "secondary", "name": "南京西路"}, "geometry": {"type": "LineString", "coordinates": [[121.5224421, 25.0522047], [121.5225358, 25.052193]]}}, {"type": "Feature", "properties": {"county": "台北市", "district": "大同區", "highway": "primary", "name": "民權西路"}, "geometry": {"type": "LineString", "coordinates": [[121.5208322, 25.0627572], [121.5209258, 25.0627547], [121.5213466, 25.0627434]]}}, {"type": "Feature", "properties": {"county": "台北市", "district": "大同區", "highway": "residential", "name": "天祥路"}, "geometry": {"type": "LineString", "coordinates": [[121.5208322, 25.0627572], [121.5208315, 25.0628751]]}}, {"type": "Feature", "properties": {"county": "台北市", "district": "大同區", "highway": "primary", "name": "民權西路"}, "geometry": {"type": "LineString", "coordinates": [[121.5208315, 25.0628751], [121.520724, 25.0628781], [121.5200993, 25.0628958]]}}, {"type": "Feature", "properties": {"county": "台北市", "district": "大同區", "highway": "primary_link", "name": "民權西路"}, "geometry": {"type": "LineString", "coordinates": [[121.5135379, 25.0630146], [121.5136869, 25.0629103]]}}, {"type": "Feature", "properties": {"county": "台北市", "district": "大同區", "highway": "primary_link", "name": "民權西路"}, "geometry": {"type": "LineString", "coordinates": [[121.5137149, 25.0631189], [121.5135379, 25.0630146]]}}, {"type": "Feature", "properties": {"county": "台北市", "district": "大同區", "highway": "primary", "name": "中山北路三段"}, "geometry": {"type": "LineString", "coordinates": [[121.5227334, 25.0684131], [121.5227074, 25.0683189], [121.5223396, 25.0669417], [121.5223198, 25.0668675]]}}, {"type": "Feature", "properties": {"county": "台北市", "district": "大同區", "highway": "primary", "name": "中山北路三段"}, "geometry": {"type": "LineString", "coordinates": [[121.5228521, 25.068403], [121.5228292, 25.0683175], [121.5224543, 25.066914], [121.5224341, 25.0668433]]}}, {"type": "Feature", "properties": {"county": "台北市", "district": "大同區", "highway": "primary", "name": "中山北路三段"}, "geometry": {"type": "LineString", "coordinates": [[121.5224341, 25.0668433], [121.5224182, 25.0667608], [121.5223322, 25.0663125], [121.5222893, 25.0659401], [121.5222564, 25.0654542], [121.5222601, 25.0649757], [121.5222607, 25.064908]]}}, {"type": "Feature", "properties": {"county": "台北市", "district": "大同區", "highway": "tertiary", "name": "德惠街"}, "geometry": {"type": "LineString", "coordinates": [[121.5224341, 25.0668433], [121.5223198, 25.0668675]]}}, {"type": "Feature", "properties": {"county": "台北市", "district": "大同區", "highway": "primary", "name": "中山北路三段"}, "geometry": {"type": "LineString", "coordinates": [[121.5223198, 25.0668675], [121.5222984, 25.0667822], [121.5222973, 25.0667779], [121.5222627, 25.0665951], [121.5222091, 25.0662932], [121.5221746, 25.0660021], [121.5221616, 25.0657477], [121.5221491, 25.0654986], [121.5221441, 25.0652868], [121.5221456, 25.0649624], [121.522146, 25.0648887]]}}, {"type": "Feature", "properties": {"county": "台北市", "district": "大同區", "highway": "tertiary", "name": "德惠街"}, "geometry": {"type": "LineString", "coordinates": [[121.5225447, 25.06682], [121.5224341, 25.0668433]]}}, {"type": "Feature", "properties": {"county": "台北市", "district": "大同區", "highway": "tertiary", "name": "農安街"}, "geometry": {"type": "LineString", "coordinates": [[121.5222607, 25.064908], [121.5223647, 25.0649189]]}}, {"type": "Feature", "properties": {"county": "台北市", "district": "大同區", "highway": "primary", "name": "中山北路三段"}, "geometry": {"type": "LineString", "coordinates": [[121.5223647, 25.0649189], [121.5223658, 25.0649878], [121.5223662, 25.0650136], [121.5223646, 25.0653341], [121.5223718, 25.0655757], [121.5223902, 25.0658115], [121.5224107, 25.0660149], [121.5224505, 25.0663199], [121.5225276, 25.0667287], [121.5225299, 25.0667408], [121.5225447, 25.06682]]}}, {"type": "Feature", "properties": {"county": "台北市", "district": "大同區", "highway": "tertiary", "name": "農安街"}, "geometry": {"type": "LineString", "coordinates": [[121.5223647, 25.0649189], [121.5224221, 25.0649241], [121.5228949, 25.0649525], [121.5242703, 25.0649255], [121.5256667, 25.0649017], [121.5263116, 25.0648957], [121.5270872, 25.064884], [121.5274275, 25.0648649]]}}, {"type": "Feature", "properties": {"county": "台北市", "district": "大同區", "highway": "primary", "name": "中山北路三段"}, "geometry": {"type": "LineString", "coordinates": [[121.5222607, 25.064908], [121.5222669, 25.064804], [121.5222833, 25.0645279], [121.5223598, 25.063936]]}}, {"type": "Feature", "properties": {"county": "台北市", "district": "大同區", "highway": "primary", "name": "中山北路三段"}, "geometry": {"type": "LineString", "coordinates": [[121.522146, 25.0648887], [121.5221469, 25.0647975], [121.5221473, 25.0647621], [121.5221673, 25.0644969], [121.5221884, 25.0643423], [121.5222091, 25.0641668], [121.5222191, 25.0640872], [121.5222434, 25.0639396], [121.5222539, 25.0638666]]}}, {"type": "Feature", "properties": {"county": "台北市", "district": "大同區", "highway": "tertiary", "name": "農安街"}, "geometry": {"type": "LineString", "coordinates": [[121.522146, 25.0648887], [121.5222607, 25.064908]]}}, {"type": "Feature", "properties": {"county": "台北市", "district": "大同區", "highway": "primary", "name": "中山北路二段"}, "geometry": {"type": "LineString", "coordinates": [[121.5225914, 25.0550023], [121.5225849, 25.0548897], [121.5225717, 25.0546007], [121.5225527, 25.0543139], [121.5225349, 25.0539574], [121.5225105, 25.0535106], [121.522486, 25.0530608], [121.5224738, 25.0524524], [121.5224547, 25.0523173]]}}, {"type": "Feature", "properties": {"county": "台北市", "district": "大同區", "highway": "primary", "name": "中山北路一段"}, "geometry": {"type": "LineString", "coordinates": [[121.5214968, 25.0498624], [121.5214584, 25.0497845], [121.5214558, 25.0497795], [121.521252, 25.049386], [121.5210165, 25.0489163], [121.5207639, 25.048407], [121.5207316, 25.048342], [121.520713, 25.0483044], [121.5207046, 25.0482892], [121.5206589, 25.0481982]]}}, {"type": "Feature", "properties": {"county": "台北市", "district": "大同區", "highway": "tertiary", "name": "長安東路一段"}, "geometry": {"type": "LineString", "coordinates": [[121.5216305, 25.0498283], [121.5217364, 25.0497999]]}}, {"type": "Feature", "properties": {"county": "台北市", "district": "大同區", "highway": "primary", "name": "中山北路一段"}, "geometry": {"type": "LineString", "coordinates": [[121.5209092, 25.0481518], [121.5209344, 25.0482007], [121.5209424, 25.0482161], [121.5209737, 25.0482795], [121.5212921, 25.0489099], [121.5215379, 25.0493964], [121.5216798, 25.0496705], [121.5216858, 25.049685], [121.5216884, 25.04969], [121.5217364, 25.0497999]]}}, {"type": "Feature", "properties": {"county": "台北市", "district": "大同區", "highway": "primary", "name": "中山北路一段"}, "geometry": {"type": "LineString", "coordinates": [[121.5207935, 25.0481732], [121.5208359, 25.0482571], [121.5208563, 25.0482975], [121.52158, 25.0497285], [121.5216305, 25.0498283]]}}, {"type": "Feature", "properties": {"county": "台北市", "district": "大同區", "highway": "tertiary", "name": "市民大道一段"}, "geometry": {"type": "LineString", "coordinates": [[121.5206589, 25.0481982], [121.5205899, 25.0482104], [121.5200253, 25.0483105], [121.5197056, 25.0483672], [121.519141, 25.0484519], [121.5190627, 25.0484636], [121.5189535, 25.0484792], [121.5188149, 25.048499], [121.5186683, 25.0485227]]}}, {"type": "Feature", "properties": {"county": "台北市", "district": "大同區", "highway": "secondary", "name": "重慶北路二段"}, "geometry": {"type": "LineString", "coordinates": [[121.5134707, 25.060781], [121.51347, 25.0606795], [121.5134731, 25.0602339], [121.5135625, 25.0593357], [121.5135683, 25.0592299]]}}, {"type": "Feature", "properties": {"county": "台北市", "district": "大同區", "highway": "residential", "name": "保安街"}, "geometry": {"type": "LineString", "coordinates": [[121.5135683, 25.0592299], [121.5128781, 25.0591635], [121.5128391, 25.0591584], [121.5127326, 25.0591446], [121.5121587, 25.0590703], [121.5120054, 25.0590504], [121.5115411, 25.0590057], [121.5114554, 25.0589975]]}}, {"type": "Feature", "properties": {"county": "台北市", "district": "大同區", "highway": "secondary", "name": "重慶北路二段"}, "geometry": {"type": "LineString", "coordinates": [[121.5135683, 25.0592299], [121.5135709, 25.0591855], [121.5135737, 25.0591551], [121.5135823, 25.0582844], [121.5135878, 25.058216]]}}, {"type": "Feature", "properties": {"county": "台北市", "district": "大同區", "highway": "residential", "name": "保安街"}, "geometry": {"type": "LineString", "coordinates": [[121.5137022, 25.0592403], [121.5135683, 25.0592299]]}}, {"type": "Feature", "properties": {"county": "台北市", "district": "大同區", "highway": "secondary", "name": "重慶北路二段"}, "geometry": {"type": "LineString", "coordinates": [[121.5137022, 25.0592403], [121.5136937, 25.0593431], [121.5136489, 25.0598301]]}}, {"type": "Feature", "properties": {"county": "台北市", "district": "大同區", "highway": "secondary", "name": "重慶北路二段"}, "geometry": {"type": "LineString", "coordinates": [[121.5136066, 25.0579815], [121.5135976, 25.0579335], [121.5136266, 25.0575977], [121.5136751, 25.057091], [121.5136941, 25.0569905]]}}, {"type": "Feature", "properties": {"county": "台北市", "district": "大同區", "highway": "secondary", "name": "重慶北路二段"}, "geometry": {"type": "LineString", "coordinates": [[121.5137235, 25.0581818], [121.5137185, 25.0582848], [121.5137129, 25.0587903], [121.5137033, 25.059159], [121.513702, 25.0592083], [121.5137022, 25.0592403]]}}, {"type": "Feature", "properties": {"county": "台北市", "district": "大同區", "highway": "trunk_link", "name": "市民大道"}, "geometry": {"type": "LineString", "coordinates": [[121.5146828, 25.0491209], [121.5141427, 25.049245]]}}, {"type": "Feature", "properties": {"county": "台北市", "district": "大同區", "highway": "trunk_link", "name": null}, "geometry": {"type": "LineString", "coordinates": [[121.5141427, 25.049245], [121.5133644, 25.0494352], [121.5132513, 25.0494613]]}}, {"type": "Feature", "properties": {"county": "台北市", "district": "大同區", "highway": "trunk_link", "name": null}, "geometry": {"type": "LineString", "coordinates": [[121.5141427, 25.049245], [121.5139165, 25.0494124]]}}, {"type": "Feature", "properties": {"county": "台北市", "district": "大同區", "highway": "trunk_link", "name": null}, "geometry": {"type": "LineString", "coordinates": [[121.5137689, 25.0492033], [121.5141427, 25.049245]]}}, {"type": "Feature", "properties": {"county": "台北市", "district": "大同區", "highway": "residential", "name": "雙連街53巷"}, "geometry": {"type": "LineString", "coordinates": [[121.5200083, 25.0593354], [121.5189501, 25.0592139]]}}, {"type": "Feature", "properties": {"county": "台北市", "district": "大同區", "highway": "residential", "name": "萬全街3巷"}, "geometry": {"type": "LineString", "coordinates": [[121.5200083, 25.0593354], [121.5199828, 25.0595221], [121.5199628, 25.0596682]]}}, {"type": "Feature", "properties": {"county": "台北市", "district": "大同區", "highway": "residential", "name": "錦西街52巷"}, "geometry": {"type": "LineString", "coordinates": [[121.5199628, 25.0596682], [121.5199207, 25.0599764], [121.5198764, 25.0603002]]}}, {"type": "Feature", "properties": {"county": "台北市", "district": "大同區", "highway": "residential", "name": "雙連街"}, "geometry": {"type": "LineString", "coordinates": [[121.5189023, 25.0595626], [121.5189501, 25.0592139], [121.5189959, 25.0588789], [121.5190447, 25.0585231], [121.5190911, 25.0581842], [121.5191429, 25.0578057], [121.519175, 25.0575605], [121.5191897, 25.0574643]]}}, {"type": "Feature", "properties": {"county": "台北市", "district": "大同區", "highway": "primary", "name": "重慶北路三段"}, "geometry": {"type": "LineString", "coordinates": [[121.5137776, 25.0659374], [121.5137761, 25.0660127], [121.5137901, 25.0671902], [121.5137906, 25.0672594]]}}, {"type": "Feature", "properties": {"county": "台北市", "district": "大同區", "highway": "tertiary", "name": "市民大道一段"}, "geometry": {"type": "LineString", "coordinates": [[121.5186117, 25.0483347], [121.5189013, 25.0482935], [121.5189919, 25.0482806], [121.5191074, 25.0482642], [121.5197287, 25.0481671], [121.5203006, 25.0480777], [121.5204739, 25.0480451], [121.5205103, 25.0480382], [121.5205722, 25.0480266]]}}, {"type": "Feature", "properties": {"county": "台北市", "district": "大同區", "highway": "trunk_link", "name": "臺北轉運站空橋"}, "geometry": {"type": "LineString", "coordinates": [[121.5181385, 25.0487924], [121.5181158, 25.048778], [121.5180941, 25.048767], [121.5180639, 25.0487553], [121.5180302, 25.0487462], [121.5179957, 25.0487414], [121.5176869, 25.0487371], [121.517467, 25.0487359], [121.5166273, 25.0488765], [121.5164157, 25.0488374]]}}, {"type": "Feature", "properties": {"county": "台北市", "district": "大同區", "highway": "residential", "name": "民權西路184巷11弄"}, "geometry": {"type": "LineString", "coordinates": [[121.5155828, 25.0622083], [121.5159452, 25.0621954]]}}, {"type": "Feature", "properties": {"county": "台北市", "district": "大同區", "highway": "residential", "name": "重慶北路三段113巷"}, "geometry": {"type": "LineString", "coordinates": [[121.5142588, 25.0672374], [121.5139201, 25.067257], [121.5137906, 25.0672594]]}}, {"type": "Feature", "properties": {"county": "台北市", "district": "大同區", "highway": "residential", "name": "重慶北路三段113巷"}, "geometry": {"type": "LineString", "coordinates": [[121.5148041, 25.0672426], [121.5142588, 25.0672374]]}}, {"type": "Feature", "properties": {"county": "台北市", "district": "大同區", "highway": "residential", "name": "庫倫街13巷2弄"}, "geometry": {"type": "LineString", "coordinates": [[121.5173729, 25.0723709], [121.517059, 25.0723762]]}}, {"type": "Feature", "properties": {"county": "台北市", "district": "大同區", "highway": "primary_link", "name": null}, "geometry": {"type": "LineString", "coordinates": [[121.5045394, 25.0642904], [121.5044948, 25.0643823], [121.504475, 25.064471], [121.5044694, 25.0645935], [121.5044775, 25.0647099], [121.5045468, 25.0651496], [121.5045665, 25.0654066], [121.50461, 25.065929], [121.5046194, 25.0660924]]}}, {"type": "Feature", "properties": {"county": "台北市", "district": "大同區", "highway": "primary_link", "name": null}, "geometry": {"type": "LineString", "coordinates": [[121.5050655, 25.0638006], [121.5062281, 25.0636258]]}}, {"type": "Feature", "properties": {"county": "台北市", "district": "大同區", "highway": "tertiary", "name": "鄭州路"}, "geometry": {"type": "LineString", "coordinates": [[121.5139165, 25.0494124], [121.5133588, 25.0495362]]}}, {"type": "Feature", "properties": {"county": "台北市", "district": "大同區", "highway": "trunk", "name": "市民大道高架道路"}, "geometry": {"type": "LineString", "coordinates": [[121.5184518, 25.0485155], [121.5176198, 25.0486556]]}}, {"type": "Feature", "properties": {"county": "台北市", "district": "大同區", "highway": "trunk", "name": "市民大道高架道路"}, "geometry": {"type": "LineString", "coordinates": [[121.5103268, 25.0502484], [121.5091789, 25.0504428], [121.5082991, 25.0505789], [121.5076661, 25.0506663]]}}, {"type": "Feature", "properties": {"county": "台北市", "district": "大同區", "highway": "trunk", "name": "市民大道高架道路"}, "geometry": {"type": "LineString", "coordinates": [[121.5177083, 25.0484794], [121.5184222, 25.0483928]]}}, {"type": "Feature", "properties": {"county": "台北市", "district": "大同區", "highway": "tertiary", "name": "鄭州路"}, "geometry": {"type": "LineString", "coordinates": [[121.513375, 25.0493059], [121.5137689, 25.0492033]]}}, {"type": "Feature", "properties": {"county": "台北市", "district": "大同區", "highway": "residential", "name": "承德路三段143巷"}, "geometry": {"type": "LineString", "coordinates": [[121.5184684, 25.0677073], [121.5185416, 25.0677071], [121.519422, 25.0676877]]}}, {"type": "Feature", "properties": {"county": "台北市", "district": "大同區", "highway": "residential", "name": "雙連街81巷"}, "geometry": {"type": "LineString", "coordinates": [[121.5188593, 25.0598768], [121.519496, 25.0599365], [121.5199207, 25.0599764]]}}, {"type": "Feature", "properties": {"county": "台北市", "district": "大同區", "highway": "tertiary", "name": "民權西路"}, "geometry": {"type": "LineString", "coordinates": [[121.5136869, 25.0629103], [121.5138196, 25.0629116], [121.5139882, 25.062907], [121.5140786, 25.0629045], [121.514702, 25.062889]]}}, {"type": "Feature", "properties": {"county": "台北市", "district": "大同區", "highway": "tertiary", "name": "蘭州街"}, "geometry": {"type": "LineString", "coordinates": [[121.514702, 25.062889], [121.5148011, 25.063082]]}}, {"type": "Feature", "properties": {"county": "台北市", "district": "大同區", "highway": "residential", "name": "中山北路二段46巷"}, "geometry": {"type": "LineString", "coordinates": [[121.520713, 25.0554998], [121.5210968, 25.0554843], [121.5214196, 25.0554682], [121.5216992, 25.0554542]]}}, {"type": "Feature", "properties": {"county": "台北市", "district": "大同區", "highway": "residential", "name": null}, "geometry": {"type": "LineString", "coordinates": [[121.5216992, 25.0554542], [121.521691, 25.0552982], [121.5216802, 25.0551013], [121.5216782, 25.0550523], [121.5216532, 25.0546414], [121.5216404, 25.0543263], [121.5216369, 25.0542591], [121.5216148, 25.0539738]]}}, {"type": "Feature", "properties": {"county": "台北市", "district": "大同區", "highway": "tertiary", "name": "環河北路一段"}, "geometry": {"type": "LineString", "coordinates": [[121.5078661, 25.0552556], [121.5078965, 25.0553994]]}}, {"type": "Feature", "properties": {"county": "台北市", "district": "大同區", "highway": "primary_link", "name": null}, "geometry": {"type": "LineString", "coordinates": [[121.5056983, 25.063894], [121.5051434, 25.0639789], [121.5049753, 25.0640083], [121.5048645, 25.0640437]]}}, {"type": "Feature", "properties": {"county": "台北市", "district": "大同區", "highway": "trunk_link", "name": null}, "geometry": {"type": "LineString", "coordinates": [[121.5046732, 25.0483486], [121.5047673, 25.0483215], [121.5048974, 25.0483215], [121.5049937, 25.0483455], [121.5050831, 25.0483835], [121.5051781, 25.0484415], [121.5052428, 25.0485001], [121.50547, 25.0488348], [121.5057025, 25.0491936], [121.5058797, 25.0494787], [121.5060181, 25.0497095], [121.5061453, 25.0499569], [121.5062608, 25.0501839], [121.5063774, 25.0504489], [121.5065009, 25.0507652], [121.5067901, 25.0515781], [121.506928, 25.0518382], [121.5071613, 25.0522439], [121.5072166, 25.0524003], [121.5073144, 25.0529515]]}}, {"type": "Feature", "properties": {"county": "台北市", "district": "大同區", "highway": "trunk", "name": "市民大道高架道路"}, "geometry": {"type": "LineString", "coordinates": [[121.506461, 25.0499771], [121.5066469, 25.0502873], [121.5067036, 25.0503897], [121.5067809, 25.0504768], [121.5068648, 25.0505327], [121.5069587, 25.0505649], [121.5070892, 25.0505762], [121.5071987, 25.0505661], [121.5076237, 25.0505231]]}}, {"type": "Feature", "properties": {"county": "台北市", "district": "大同區", "highway": "trunk_link", "name": null}, "geometry": {"type": "LineString", "coordinates": [[121.506461, 25.0499771], [121.5065306, 25.0501807], [121.5065348, 25.0502708]]}}, {"type": "Feature", "properties": {"county": "台北市", "district": "大同區", "highway": "tertiary", "name": "寧夏路"}, "geometry": {"type": "LineString", "coordinates": [[121.5147663, 25.0595047], [121.5147366, 25.0595923], [121.5145652, 25.0601151]]}}, {"type": "Feature", "properties": {"county": "台北市", "district": "大同區", "highway": "residential", "name": "錦西街"}, "geometry": {"type": "LineString", "coordinates": [[121.5147663, 25.0595047], [121.5148449, 25.0595247], [121.5151917, 25.0596132], [121.5155155, 25.0597006], [121.5157073, 25.0597524], [121.515793, 25.0597772], [121.5158983, 25.0598077], [121.5161815, 25.0598699], [121.5165132, 25.059951], [121.5167125, 25.0599919], [121.5173025, 25.0601131], [121.5176822, 25.0602038], [121.5180457, 25.0602185], [121.5181645, 25.0602139]]}}, {"type": "Feature", "properties": {"county": "台北市", "district": "大同區", "highway": "secondary", "name": "承德路二段"}, "geometry": {"type": "LineString", "coordinates": [[121.5182174, 25.062827], [121.5182117, 25.0626823], [121.5181789, 25.0616187], [121.5181776, 25.0615607], [121.5181674, 25.0611817], [121.5181761, 25.0609187], [121.5181641, 25.0603021], [121.5181645, 25.0602139]]}}, {"type": "Feature", "properties": {"county": "台北市", "district": "大同區", "highway": "residential", "name": null}, "geometry": {"type": "LineString", "coordinates": [[121.5206554, 25.0643259], [121.5205803, 25.0643016], [121.5205052, 25.064287]]}}, {"type": "Feature", "properties": {"county": "台北市", "district": "大同區", "highway": "primary", "name": "台北大橋"}, "geometry": {"type": "LineString", "coordinates": [[121.5086538, 25.0633631], [121.5084756, 25.0634367], [121.5065051, 25.0637251]]}}, {"type": "Feature", "properties": {"county": "台北市", "district": "大同區", "highway": "primary", "name": "重慶北路三段"}, "geometry": {"type": "LineString", "coordinates": [[121.5136375, 25.0668518], [121.5136142, 25.066704], [121.5135915, 25.0660153], [121.5136117, 25.0659375]]}}, {"type": "Feature", "properties": {"county": "台北市", "district": "大同區", "highway": "tertiary", "name": "民族西路"}, "geometry": {"type": "LineString", "coordinates": [[121.5136578, 25.0686492], [121.5138231, 25.0686531]]}}, {"type": "Feature", "properties": {"county": "台北市", "district": "大同區", "highway": "tertiary", "name": "民族西路"}, "geometry": {"type": "LineString", "coordinates": [[121.5108694, 25.0686909], [121.5109707, 25.0686864], [121.5110367, 25.0686847], [121.5111028, 25.068683], [121.5111656, 25.0686813], [121.5115638, 25.0686709], [121.5121019, 25.0686528], [121.5121574, 25.0686526], [121.5122031, 25.0686529], [121.5122733, 25.0686503], [121.5123326, 25.0686471], [121.5123955, 25.0686474], [121.5124571, 25.0686478], [121.5132048, 25.0686517], [121.5134205, 25.068651], [121.5134838, 25.0686506], [121.5135246, 25.0686502], [121.5136578, 25.0686492]]}}, {"type": "Feature", "properties": {"county": "台北市", "district": "大同區", "highway": "residential", "name": null}, "geometry": {"type": "LineString", "coordinates": [[121.5177373, 25.0758766], [121.5177011, 25.0757805]]}}, {"type": "Feature", "properties": {"county": "台北市", "district": "大同區", "highway": "residential", "name": "昌吉街"}, "geometry": {"type": "LineString", "coordinates": [[121.5182668, 25.0658671], [121.5181432, 25.0658682], [121.5178038, 25.0658742], [121.5171268, 25.0658812], [121.5167483, 25.0658851], [121.5160232, 25.065893], [121.5157272, 25.0658927], [121.5150512, 25.0658982], [121.5147933, 25.0659054], [121.5142346, 25.0659209], [121.5138842, 25.0659321], [121.5137776, 25.0659374]]}}, {"type": "Feature", "properties": {"county": "台北市", "district": "大同區", "highway": "tertiary_link", "name": null}, "geometry": {"type": "LineString", "coordinates": [[121.5189535, 25.0484792], [121.5189134, 25.0484543], [121.5188882, 25.0484209], [121.5188715, 25.0483862], [121.5188688, 25.0483504], [121.5188852, 25.0483164], [121.5189013, 25.0482935]]}}, {"type": "Feature", "properties": {"county": "台北市", "district": "大同區", "highway": "tertiary_link", "name": null}, "geometry": {"type": "LineString", "coordinates": [[121.5186117, 25.0483347], [121.5186489, 25.0483489], [121.5186854, 25.0483732], [121.5187075, 25.0484066], [121.5187042, 25.0484528], [121.5186941, 25.0484868], [121.5186683, 25.0485227]]}}, {"type": "Feature", "properties": {"county": "台北市", "district": "大同區", "highway": "unclassified", "name": "忠孝橋機慢車專用道"}, "geometry": {"type": "LineString", "coordinates": [[121.4964478, 25.0542142], [121.4965602, 25.054156], [121.5032372, 25.0504353], [121.5038789, 25.0500003], [121.5055702, 25.0490612], [121.5058943, 25.0489342], [121.5062343, 25.0488662], [121.5063718, 25.0488659]]}}, {"type": "Feature", "properties": {"county": "台北市", "district": "大同區", "highway": "unclassified", "name": "忠孝橋機慢車專用道"}, "geometry": {"type": "LineString", "coordinates": [[121.506626, 25.0489423], [121.5065628, 25.0489992], [121.5061987, 25.0490988], [121.5060847, 25.0491562], [121.5057535, 25.0493776], [121.5040801, 25.0503074], [121.5033647, 25.0506312], [121.5032143, 25.0507989], [121.4971372, 25.0540932], [121.4967835, 25.0542921], [121.4967151, 25.0543133]]}}, {"type": "Feature", "properties": {"county": "台北市", "district": "大同區", "highway": "tertiary", "name": "市民大道一段"}, "geometry": {"type": "LineString", "coordinates": [[121.5186683, 25.0485227], [121.518121, 25.0486083], [121.5180661, 25.0486167], [121.5173754, 25.0487227], [121.5165498, 25.0488523]]}}, {"type": "Feature", "properties": {"county": "台北市", "district": "大同區", "highway": "tertiary", "name": "市民大道一段"}, "geometry": {"type": "LineString", "coordinates": [[121.518054, 25.0484091], [121.5180689, 25.0484068], [121.5186117, 25.0483347]]}}, {"type": "Feature", "properties": {"county": "台北市", "district": "大同區", "highway": "primary", "name": "忠孝西路二段"}, "geometry": {"type": "LineString", "coordinates": [[121.5075911, 25.0485679], [121.5076097, 25.048566]]}}, {"type": "Feature", "properties": {"county": "台北市", "district": "大同區", "highway": "residential", "name": "西寧南路"}, "geometry": {"type": "LineString", "coordinates": [[121.5076502, 25.0487064], [121.5076097, 25.048566]]}}, {"type": "Feature", "properties": {"county": "台北市", "district": "大同區", "highway": "tertiary", "name": "庫倫街"}, "geometry": {"type": "LineString", "coordinates": [[121.5201315, 25.0718571], [121.520099, 25.0718635], [121.5200368, 25.071875]]}}, {"type": "Feature", "properties": {"county": "台北市", "district": "大同區", "highway": "tertiary", "name": "庫倫街"}, "geometry": {"type": "LineString", "coordinates": [[121.5204013, 25.0718362], [121.5203334, 25.0718309], [121.5202962, 25.0718363]]}}, {"type": "Feature", "properties": {"county": "台北市", "district": "大同區", "highway": "primary", "name": "重慶北路三段"}, "geometry": {"type": "LineString", "coordinates": [[121.5137385, 25.0649559], [121.5137641, 25.0650453], [121.5137865, 25.0653478], [121.5137939, 25.0658379], [121.5137776, 25.0659374]]}}, {"type": "Feature", "properties": {"county": "台北市", "district": "大同區", "highway": "primary", "name": "重慶北路三段"}, "geometry": {"type": "LineString", "coordinates": [[121.513647, 25.0672524], [121.513646, 25.0671915], [121.5136375, 25.0668518]]}}, {"type": "Feature", "properties": {"county": "台北市", "district": "大同區", "highway": "secondary", "name": "重慶北路二段"}, "geometry": {"type": "LineString", "coordinates": [[121.5136489, 25.0598301], [121.5136518, 25.0599336], [121.5136448, 25.0600097], [121.5136383, 25.0601608], [121.5136328, 25.0607117], [121.5136271, 25.0608009]]}}, {"type": "Feature", "properties": {"county": "台北市", "district": "大同區", "highway": "unclassified", "name": "涼州街"}, "geometry": {"type": "LineString", "coordinates": [[121.5136271, 25.0608009], [121.5135508, 25.0607893]]}}, {"type": "Feature", "properties": {"county": "台北市", "district": "大同區", "highway": "motorway", "name": "中山高速公路"}, "geometry": {"type": "LineString", "coordinates": [[121.5194183, 25.076944], [121.5196241, 25.0769048], [121.520074, 25.0768039]]}}, {"type": "Feature", "properties": {"county": "台北市", "district": "大同區", "highway": "motorway_link", "name": "台北交流道"}, "geometry": {"type": "LineString", "coordinates": [[121.5173956, 25.0772599], [121.519023, 25.0769713], [121.5194183, 25.076944]]}}, {"type": "Feature", "properties": {"county": "台北市", "district": "大同區", "highway": "primary", "name": "重慶北路四段"}, "geometry": {"type": "LineString", "coordinates": [[121.5138034, 25.0781539], [121.5138006, 25.0779353]]}}, {"type": "Feature", "properties": {"county": "台北市", "district": "大同區", "highway": "secondary", "name": "承德路三段"}, "geometry": {"type": "LineString", "coordinates": [[121.5202163, 25.0751456], [121.520226, 25.0752271]]}}, {"type": "Feature", "properties": {"county": "台北市", "district": "大同區", "highway": "tertiary", "name": "敦煌路"}, "geometry": {"type": "LineString", "coordinates": [[121.5202163, 25.0751456], [121.5203257, 25.0751155], [121.5211565, 25.0748896], [121.5212915, 25.0748971]]}}, {"type": "Feature", "properties": {"county": "台北市", "district": "大同區", "highway": "residential", "name": "通河街2巷26弄"}, "geometry": {"type": "LineString", "coordinates": [[121.5224893, 25.0791009], [121.5231179, 25.0788174]]}}, {"type": "Feature", "properties": {"county": "台北市", "district": "大同區", "highway": "tertiary", "name": "延平北路四段"}, "geometry": {"type": "LineString", "coordinates": [[121.5109959, 25.0721048], [121.5110488, 25.0722327], [121.5111233, 25.0725094], [121.5111468, 25.0726612], [121.5112316, 25.0730317], [121.511241, 25.0730752], [121.5113641, 25.0736451], [121.5114213, 25.0739388]]}}, {"type": "Feature", "properties": {"county": "台北市", "district": "大同區", "highway": "tertiary", "name": "延平北路四段"}, "geometry": {"type": "LineString", "coordinates": [[121.5114213, 25.0739388], [121.5114444, 25.0740479], [121.5114667, 25.0741532], [121.511484, 25.0742349]]}}, {"type": "Feature", "properties": {"county": "台北市", "district": "大同區", "highway": "tertiary", "name": "環河北路一段"}, "geometry": {"type": "LineString", "coordinates": [[121.5070691, 25.0513052], [121.5071442, 25.0516227], [121.5072234, 25.0520222], [121.5072941, 25.0523944]]}}, {"type": "Feature", "properties": {"county": "台北市", "district": "大同區", "highway": "tertiary", "name": "環河北路一段"}, "geometry": {"type": "LineString", "coordinates": [[121.5065366, 25.0498342], [121.5065888, 25.0498796], [121.5066314, 25.0499959]]}}, {"type": "Feature", "properties": {"county": "台北市", "district": "大同區", "highway": "trunk_link", "name": null}, "geometry": {"type": "LineString", "coordinates": [[121.506529, 25.0499338], [121.5064497, 25.0498657], [121.5063974, 25.0497569]]}}, {"type": "Feature", "properties": {"county": "台北市", "district": "大同區", "highway": "tertiary", "name": null}, "geometry": {"type": "LineString", "coordinates": [[121.5068505, 25.0506974], [121.5067088, 25.0505669]]}}, {"type": "Feature", "properties": {"county": "台北市", "district": "大同區", "highway": "tertiary", "name": "環河北路一段"}, "geometry": {"type": "LineString", "coordinates": [[121.5062552, 25.0491281], [121.5063717, 25.0494031], [121.5065366, 25.0498342]]}}, {"type": "Feature", "properties": {"county": "台北市", "district": "大同區", "highway": "secondary", "name": "環河北路二段"}, "geometry": {"type": "LineString", "coordinates": [[121.5090797, 25.0721713], [121.5091968, 25.0710484], [121.5092163, 25.0695702], [121.509176, 25.0692924], [121.5091175, 25.0688911], [121.5091135, 25.0688635], [121.5091018, 25.0687847], [121.5090866, 25.0686821]]}}, {"type": "Feature", "properties": {"county": "台北市", "district": "大同區", "highway": "secondary", "name": "環河北路二段"}, "geometry": {"type": "LineString", "coordinates": [[121.5088441, 25.0633889], [121.5088569, 25.0634891], [121.5088136, 25.0639797], [121.5088103, 25.0645871], [121.5088039, 25.0650074], [121.5088488, 25.0653251], [121.5088962, 25.0658376], [121.5089353, 25.0662732], [121.5089684, 25.0666653], [121.5090065, 25.0671971], [121.5090519, 25.0676267], [121.5090781, 25.0678866], [121.509139, 25.0682907], [121.5091643, 25.0684564], [121.5091769, 25.0685384], [121.5091981, 25.0686771]]}}, {"type": "Feature", "properties": {"county": "台北市", "district": "大同區", "highway": "primary_link", "name": null}, "geometry": {"type": "LineString", "coordinates": [[121.5062281, 25.0636258], [121.5064337, 25.06364]]}}, {"type": "Feature", "properties": {"county": "台北市", "district": "大同區", "highway": "primary_link", "name": null}, "geometry": {"type": "LineString", "coordinates": [[121.5046194, 25.0660924], [121.5046762, 25.0669635], [121.5046683, 25.067126], [121.5046129, 25.0673145]]}}, {"type": "Feature", "properties": {"county": "台北市", "district": "大同區", "highway": "unclassified", "name": "環河北路"}, "geometry": {"type": "LineString", "coordinates": [[121.5043298, 25.0638516], [121.5043954, 25.0640722], [121.504456, 25.0642759], [121.5045136, 25.0645771], [121.5045767, 25.0650035], [121.5046383, 25.0657081], [121.5047257, 25.0669627], [121.5047209, 25.0671488], [121.5046825, 25.0672667], [121.504611, 25.0674601]]}}, {"type": "Feature", "properties": {"county": "台北市", "district": "大同區", "highway": "primary_link", "name": null}, "geometry": {"type": "LineString", "coordinates": [[121.5065051, 25.0637251], [121.5063985, 25.0637747], [121.5061156, 25.0638246], [121.5058111, 25.0638713], [121.5056983, 25.063894]]}}, {"type": "Feature", "properties": {"county": "台北市", "district": "大同區", "highway": "secondary", "name": "承德路一段"}, "geometry": {"type": "LineString", "coordinates": [[121.5169549, 25.0509118], [121.5169246, 25.0508098], [121.5168336, 25.0504617], [121.5167054, 25.0500072], [121.5166839, 25.0499169], [121.5166174, 25.0496875], [121.5165924, 25.0495968], [121.5164727, 25.0491626], [121.5163898, 25.048876]]}}, {"type": "Feature", "properties": {"county": "台北市", "district": "大同區", "highway": "tertiary", "name": "長安西路"}, "geometry": {"type": "LineString", "coordinates": [[121.5154408, 25.0512603], [121.5155372, 25.0512381], [121.5158685, 25.0511619], [121.5161146, 25.0511052], [121.5165297, 25.0510044], [121.5168095, 25.0509453], [121.5169549, 25.0509118]]}}, {"type": "Feature", "properties": {"county": "台北市", "district": "大同區", "highway": "secondary", "name": "承德路二段"}, "geometry": {"type": "LineString", "coordinates": [[121.5176462, 25.0533148], [121.5176005, 25.0532381]]}}, {"type": "Feature", "properties": {"county": "台北市", "district": "大同區", "highway": "secondary", "name": "南京西路"}, "geometry": {"type": "LineString", "coordinates": [[121.5177952, 25.0532818], [121.5176462, 25.0533148]]}}, {"type": "Feature", "properties": {"county": "台北市", "district": "大同區", "highway": "tertiary", "name": "長安西路"}, "geometry": {"type": "LineString", "coordinates": [[121.5169549, 25.0509118], [121.5171257, 25.0508746]]}}, {"type": "Feature", "properties": {"county": "台北市", "district": "大同區", "highway": "secondary", "name": "承德路一段"}, "geometry": {"type": "LineString", "coordinates": [[121.5167625, 25.0496525], [121.5168272, 25.0498871], [121.5168503, 25.0499715], [121.5169809, 25.0504493], [121.5170727, 25.0507809], [121.5171257, 25.0508746]]}}, {"type": "Feature", "properties": {"county": "台北市", "district": "大同區", "highway": "secondary", "name": "承德路一段"}, "geometry": {"type": "LineString", "coordinates": [[121.5165498, 25.0488523], [121.5166635, 25.0492885], [121.5167391, 25.0495649], [121.5167625, 25.0496525]]}}, {"type": "Feature", "properties": {"county": "台北市", "district": "大同區", "highway": "tertiary", "name": "市民大道一段"}, "geometry": {"type": "LineString", "coordinates": [[121.5165498, 25.0488523], [121.5163898, 25.048876]]}}, {"type": "Feature", "properties": {"county": "台北市", "district": "大同區", "highway": "trunk", "name": "市民大道高架道路"}, "geometry": {"type": "LineString", "coordinates": [[121.504709, 25.0498559], [121.5040979, 25.0502044], [121.5039225, 25.0502523]]}}, {"type": "Feature", "properties": {"county": "台北市", "district": "大同區", "highway": "primary", "name": "忠孝橋"}, "geometry": {"type": "LineString", "coordinates": [[121.5063718, 25.0488659], [121.5074455, 25.0486045]]}}, {"type": "Feature", "properties": {"county": "台北市", "district": "大同區", "highway": "residential", "name": "昆明街"}, "geometry": {"type": "LineString", "coordinates": [[121.5062069, 25.0478595], [121.5062173, 25.0479016], [121.5063407, 25.0483252], [121.5064629, 25.0487446], [121.50655, 25.0490436]]}}, {"type": "Feature", "properties": {"county": "台北市", "district": "大同區", "highway": "tertiary", "name": "延平北路三段"}, "geometry": {"type": "LineString", "coordinates": [[121.5112047, 25.0630561], [121.5111895, 25.0631929], [121.5111856, 25.0632644], [121.5111792, 25.0633739], [121.5111584, 25.0637859], [121.5111545, 25.0638471], [121.5111522, 25.0638828], [121.5111477, 25.0639549], [121.5111285, 25.0642263], [121.5111081, 25.0645783], [121.5111073, 25.0645917], [121.5111042, 25.0646412], [121.5110817, 25.0649946], [121.5110752, 25.0650975], [121.5110524, 25.0654582], [121.5110427, 25.06561], [121.5110277, 25.0658471], [121.5110223, 25.0659316], [121.5110172, 25.0660117], [121.5109876, 25.066479], [121.5109451, 25.0671487], [121.5109411, 25.0672124]]}}, {"type": "Feature", "properties": {"county": "台北市", "district": "大同區", "highway": "residential", "name": "民權西路"}, "geometry": {"type": "LineString", "coordinates": [[121.5112047, 25.0630561], [121.511039, 25.063073]]}}, {"type": "Feature", "properties": {"county": "台北市", "district": "大同區", "highway": "tertiary", "name": "民族西路"}, "geometry": {"type": "LineString", "coordinates": [[121.5092076, 25.0687745], [121.5091018, 25.0687847]]}}, {"type": "Feature", "properties": {"county": "台北市", "district": "大同區", "highway": "secondary", "name": "環河北路二段"}, "geometry": {"type": "LineString", "coordinates": [[121.5091981, 25.0686771], [121.5092076, 25.0687745]]}}, {"type": "Feature", "properties": {"county": "台北市", "district": "大同區", "highway": "residential", "name": "玉門街"}, "geometry": {"type": "LineString", "coordinates": [[121.5204901, 25.0722486], [121.5204609, 25.0719897], [121.5204653, 25.0719196]]}}, {"type": "Feature", "properties": {"county": "台北市", "district": "大同區", "highway": "secondary", "name": "承德路四段"}, "geometry": {"type": "LineString", "coordinates": [[121.5222206, 25.0802276], [121.5222692, 25.0802971], [121.5224752, 25.0806825], [121.5225095, 25.080744]]}}, {"type": "Feature", "properties": {"county": "台北市", "district": "大同區", "highway": "secondary", "name": "環河北路一段"}, "geometry": {"type": "LineString", "coordinates": [[121.5078965, 25.0553994], [121.5080547, 25.0559817], [121.508139, 25.0563049], [121.5082879, 25.0568704]]}}, {"type": "Feature", "properties": {"county": "台北市", "district": "大同區", "highway": "tertiary", "name": null}, "geometry": {"type": "LineString", "coordinates": [[121.5114039, 25.0765419], [121.5103875, 25.0765571]]}}, {"type": "Feature", "properties": {"county": "台北市", "district": "大同區", "highway": "tertiary", "name": null}, "geometry": {"type": "LineString", "coordinates": [[121.5103875, 25.076498], [121.5114025, 25.0764871]]}}, {"type": "Feature", "properties": {"county": "台北市", "district": "大同區", "highway": "secondary_link", "name": null}, "geometry": {"type": "LineString", "coordinates": [[121.5098796, 25.0764659], [121.5097153, 25.0764501], [121.5096838, 25.0764524], [121.5096496, 25.0764618], [121.5096058, 25.0764874], [121.509521, 25.0765514]]}}, {"type": "Feature", "properties": {"county": "台北市", "district": "大同區", "highway": "tertiary", "name": null}, "geometry": {"type": "LineString", "coordinates": [[121.5103875, 25.0765571], [121.5102495, 25.0765556], [121.5101597, 25.0765426], [121.5100674, 25.0765192], [121.5098796, 25.0764659]]}}, {"type": "Feature", "properties": {"county": "台北市", "district": "大同區", "highway": "secondary", "name": "環河北路三段"}, "geometry": {"type": "LineString", "coordinates": [[121.5081365, 25.0801524], [121.508058, 25.0804365], [121.5078996, 25.0809674]]}}, {"type": "Feature", "properties": {"county": "台北市", "district": "大同區", "highway": "secondary", "name": "環河北路三段"}, "geometry": {"type": "LineString", "coordinates": [[121.5077713, 25.0809403], [121.5079185, 25.0804073], [121.5079889, 25.0801353], [121.508208, 25.0791431], [121.5083101, 25.0786348]]}}, {"type": "Feature", "properties": {"county": "台北市", "district": "大同區", "highway": "trunk", "name": "環河快速道路"}, "geometry": {"type": "LineString", "coordinates": [[121.5081884, 25.0568818], [121.5081279, 25.0566663]]}}, {"type": "Feature", "properties": {"county": "台北市", "district": "大同區", "highway": "trunk", "name": "環河快速道路"}, "geometry": {"type": "LineString", "coordinates": [[121.5076152, 25.0546312], [121.5077545, 25.0550905]]}}, {"type": "Feature", "properties": {"county": "台北市", "district": "大同區", "highway": "residential", "name": "民族西路32巷"}, "geometry": {"type": "LineString", "coordinates": [[121.5195377, 25.0685095], [121.5195258, 25.0684063], [121.5194691, 25.068043], [121.519422, 25.0676877], [121.5193668, 25.067286], [121.5193068, 25.0668508], [121.5192535, 25.0664542], [121.5191926, 25.06605]]}}, {"type": "Feature", "properties": {"county": "台北市", "district": "大同區", "highway": "residential", "name": "民族西路31巷"}, "geometry": {"type": "LineString", "coordinates": [[121.5198596, 25.0706499], [121.5198039, 25.0701695], [121.5197199, 25.0698175], [121.5196709, 25.0694603], [121.5196185, 25.0691013], [121.5195581, 25.0686183], [121.5195377, 25.0685095]]}}, {"type": "Feature", "properties": {"county": "台北市", "district": "大同區", "highway": "residential", "name": "中山北路二段36巷"}, "geometry": {"type": "LineString", "coordinates": [[121.5210351, 25.0542936], [121.5206328, 25.0543017]]}}, {"type": "Feature", "properties": {"county": "台北市", "district": "大同區", "highway": "residential", "name": null}, "geometry": {"type": "LineString", "coordinates": [[121.5209712, 25.0539206], [121.5209946, 25.0542483], [121.5210351, 25.0542936]]}}, {"type": "Feature", "properties": {"county": "台北市", "district": "大同區", "highway": "residential", "name": "赤峰街71巷"}, "geometry": {"type": "LineString", "coordinates": [[121.5197123, 25.0566361], [121.5204803, 25.0566135]]}}, {"type": "Feature", "properties": {"county": "台北市", "district": "大同區", "highway": "residential", "name": "南京西路23巷"}, "geometry": {"type": "LineString", "coordinates": [[121.5206698, 25.0548351], [121.5206861, 25.0550994], [121.5207009, 25.0553192], [121.520713, 25.0554998]]}}, {"type": "Feature", "properties": {"county": "台北市", "district": "大同區", "highway": "residential", "name": "民生西路66巷"}, "geometry": {"type": "LineString", "coordinates": [[121.5208167, 25.0575635], [121.520818, 25.0576671], [121.5208208, 25.0577249]]}}, {"type": "Feature", "properties": {"county": "台北市", "district": "大同區", "highway": "secondary", "name": "南京西路"}, "geometry": {"type": "LineString", "coordinates": [[121.5176005, 25.0532381], [121.5177714, 25.0531982], [121.5179088, 25.0531661], [121.5188804, 25.0529392]]}}, {"type": "Feature", "properties": {"county": "台北市", "district": "大同區", "highway": "secondary", "name": "南京西路"}, "geometry": {"type": "LineString", "coordinates": [[121.5189567, 25.0530132], [121.5179328, 25.05325], [121.5177952, 25.0532818]]}}, {"type": "Feature", "properties": {"county": "台北市", "district": "大同區", "highway": "tertiary", "name": "長安西路"}, "geometry": {"type": "LineString", "coordinates": [[121.5171257, 25.0508746], [121.5172546, 25.0508447], [121.5175541, 25.0507754], [121.517753, 25.0507293], [121.5181692, 25.050633], [121.5182579, 25.0506124]]}}, {"type": "Feature", "properties": {"county": "台北市", "district": "大同區", "highway": "residential", "name": "承德路二段201巷"}, "geometry": {"type": "LineString", "coordinates": [[121.5186867, 25.0595403], [121.5186684, 25.0595403], [121.5183805, 25.0595137], [121.5182884, 25.0595085]]}}, {"type": "Feature", "properties": {"county": "台北市", "district": "大同區", "highway": "residential", "name": null}, "geometry": {"type": "LineString", "coordinates": [[121.5210744, 25.0550809], [121.5210968, 25.0554843]]}}, {"type": "Feature", "properties": {"county": "台北市", "district": "大同區", "highway": "primary", "name": "民權西路"}, "geometry": {"type": "LineString", "coordinates": [[121.5213466, 25.0627434], [121.5216952, 25.0627076], [121.5220281, 25.0626985], [121.522421, 25.0626878], [121.5225195, 25.0627012]]}}, {"type": "Feature", "properties": {"county": "台北市", "district": "大同區", "highway": "primary", "name": "民權西路"}, "geometry": {"type": "LineString", "coordinates": [[121.5159625, 25.0628816], [121.5160491, 25.0628793], [121.5161195, 25.0628774], [121.5163402, 25.0628594], [121.5168842, 25.0628435]]}}, {"type": "Feature", "properties": {"county": "台北市", "district": "大同區", "highway": "primary", "name": "民權西路"}, "geometry": {"type": "LineString", "coordinates": [[121.518222, 25.0629624], [121.5180408, 25.0629671], [121.5174781, 25.0629817]]}}, {"type": "Feature", "properties": {"county": "台北市", "district": "大同區", "highway": "primary", "name": "台北大橋"}, "geometry": {"type": "LineString", "coordinates": [[121.51588, 25.0629543], [121.5158233, 25.0629589]]}}, {"type": "Feature", "properties": {"county": "台北市", "district": "大同區", "highway": "unclassified", "name": "堤外機車道"}, "geometry": {"type": "LineString", "coordinates": [[121.5054685, 25.0491935], [121.5054081, 25.0489889]]}}, {"type": "Feature", "properties": {"county": "台北市", "district": "大同區", "highway": "unclassified", "name": "堤外機車道"}, "geometry": {"type": "LineString", "coordinates": [[121.5065607, 25.0508588], [121.5065078, 25.050818], [121.5064837, 25.0507609], [121.5059191, 25.05014], [121.5058078, 25.0499718], [121.5057033, 25.0496209], [121.5054685, 25.0491935]]}}, {"type": "Feature", "properties": {"county": "台北市", "district": "大同區", "highway": "unclassified", "name": "堤外機車道"}, "geometry": {"type": "LineString", "coordinates": [[121.5054081, 25.0489889], [121.5053991, 25.0489528], [121.5053002, 25.0485175], [121.5048978, 25.0480467], [121.5044211, 25.0475619], [121.5041589, 25.0474416], [121.5039273, 25.0472209], [121.5035849, 25.0468948], [121.5034092, 25.0466798], [121.5032, 25.0465061], [121.5023902, 25.0458673], [121.5022552, 25.0457582], [121.5017818, 25.0453925], [121.5011924, 25.044915], [121.5009885, 25.0447309], [121.5008397, 25.0445541], [121.5007498, 25.0444284], [121.5006566, 25.044265], [121.5005936, 25.0441331], [121.5005024, 25.0438671], [121.5004018, 25.0435584], [121.5001644, 25.0427468], [121.5000732, 25.0424667], [121.4999854, 25.0422881], [121.4998479, 25.0421089], [121.4996052, 25.0418884], [121.4990566, 25.0414625], [121.4982891, 25.0408715], [121.4981419, 25.0407365]]}}, {"type": "Feature", "properties": {"county": "台北市", "district": "大同區", "highway": "residential", "name": "承德路三段285巷"}, "geometry": {"type": "LineString", "coordinates": [[121.5204804, 25.0737419], [121.5202991, 25.0731878], [121.5202209, 25.0729134], [121.5201757, 25.0726139], [121.5201624, 25.0725576]]}}, {"type": "Feature", "properties": {"county": "台北市", "district": "大同區", "highway": "secondary", "name": "承德路三段"}, "geometry": {"type": "LineString", "coordinates": [[121.5197495, 25.0739397], [121.5197777, 25.0739884], [121.5199014, 25.074314], [121.52019, 25.0750739], [121.5202163, 25.0751456]]}}, {"type": "Feature", "properties": {"county": "台北市", "district": "大同區", "highway": "secondary", "name": "承德路三段"}, "geometry": {"type": "LineString", "coordinates": [[121.5200594, 25.0751857], [121.5200328, 25.0751162], [121.519619, 25.0740394], [121.5195952, 25.0739882]]}}, {"type": "Feature", "properties": {"county": "台北市", "district": "大同區", "highway": "secondary", "name": "承德路三段"}, "geometry": {"type": "LineString", "coordinates": [[121.5201513, 25.0754249], [121.5200875, 25.0752644], [121.5200594, 25.0751857]]}}, {"type": "Feature", "properties": {"county": "台北市", "district": "大同區", "highway": "tertiary", "name": "敦煌路"}, "geometry": {"type": "LineString", "coordinates": [[121.5200594, 25.0751857], [121.5202163, 25.0751456]]}}, {"type": "Feature", "properties": {"county": "台北市", "district": "大同區", "highway": "residential", "name": "通河街"}, "geometry": {"type": "LineString", "coordinates": [[121.5222206, 25.0802276], [121.5220911, 25.0802776]]}}, {"type": "Feature", "properties": {"county": "台北市", "district": "大同區", "highway": "secondary", "name": "承德路四段"}, "geometry": {"type": "LineString", "coordinates": [[121.5220911, 25.0802776], [121.5220567, 25.0802012]]}}, {"type": "Feature", "properties": {"county": "台北市", "district": "大同區", "highway": "primary", "name": "重慶北路三段"}, "geometry": {"type": "LineString", "coordinates": [[121.5138566, 25.0710655], [121.5138741, 25.0711504], [121.5138834, 25.0712722], [121.5138906, 25.0714682], [121.5138935, 25.071622], [121.5138984, 25.0719469], [121.5138635, 25.0720423]]}}, {"type": "Feature", "properties": {"county": "台北市", "district": "大同區", "highway": "primary", "name": "重慶北路三段"}, "geometry": {"type": "LineString", "coordinates": [[121.5138465, 25.0705208], [121.5138459, 25.0705803], [121.5138566, 25.0710655]]}}, {"type": "Feature", "properties": {"county": "台北市", "district": "大同區", "highway": "residential", "name": "重慶北路三段236巷"}, "geometry": {"type": "LineString", "coordinates": [[121.5138465, 25.0705208], [121.5137085, 25.0705148]]}}, {"type": "Feature", "properties": {"county": "台北市", "district": "大同區", "highway": "primary", "name": "重慶北路三段"}, "geometry": {"type": "LineString", "coordinates": [[121.5137085, 25.0705148], [121.5137063, 25.0704409], [121.513693, 25.0696573]]}}, {"type": "Feature", "properties": {"county": "台北市", "district": "大同區", "highway": "residential", "name": "哈密街"}, "geometry": {"type": "LineString", "coordinates": [[121.5137476, 25.0729173], [121.5138805, 25.0729246]]}}, {"type": "Feature", "properties": {"county": "台北市", "district": "大同區", "highway": "primary", "name": "重慶北路三段"}, "geometry": {"type": "LineString", "coordinates": [[121.5138635, 25.0720423], [121.5138647, 25.0721566], [121.5138797, 25.0728621], [121.5138805, 25.0729246]]}}, {"type": "Feature", "properties": {"county": "台北市", "district": "大同區", "highway": "secondary", "name": "重慶北路二段"}, "geometry": {"type": "LineString", "coordinates": [[121.5138008, 25.0562229], [121.5138088, 25.05614], [121.5138432, 25.0560044], [121.5138491, 25.0559812], [121.5138624, 25.0559372]]}}, {"type": "Feature", "properties": {"county": "台北市", "district": "大同區", "highway": "secondary", "name": "重慶北路二段"}, "geometry": {"type": "LineString", "coordinates": [[121.5136941, 25.0569905], [121.5137133, 25.0568892], [121.5137442, 25.0565096], [121.5137666, 25.0563945], [121.5138008, 25.0562229]]}}, {"type": "Feature", "properties": {"county": "台北市", "district": "大同區", "highway": "secondary", "name": "重慶北路二段"}, "geometry": {"type": "LineString", "coordinates": [[121.5141766, 25.0548057], [121.5142379, 25.0545914], [121.5142954, 25.0543704], [121.5143234, 25.0542244], [121.5142974, 25.0540658]]}}, {"type": "Feature", "properties": {"county": "台北市", "district": "大同區", "highway": "residential", "name": "昌吉街"}, "geometry": {"type": "LineString", "coordinates": [[121.5137776, 25.0659374], [121.5136946, 25.0659357], [121.5136117, 25.0659375]]}}, {"type": "Feature", "properties": {"county": "台北市", "district": "大同區", "highway": "primary", "name": "重慶北路三段"}, "geometry": {"type": "LineString", "coordinates": [[121.5135978, 25.0640889], [121.5135784, 25.063995], [121.5135619, 25.0637152], [121.5135496, 25.0632046], [121.5135507, 25.0631217]]}}, {"type": "Feature", "properties": {"county": "台北市", "district": "大同區", "highway": "primary", "name": "重慶北路三段"}, "geometry": {"type": "LineString", "coordinates": [[121.5137906, 25.0672594], [121.5137899, 25.0673142], [121.5137989, 25.0676052]]}}, {"type": "Feature", "properties": {"county": "台北市", "district": "大同區", "highway": "secondary", "name": "南京西路"}, "geometry": {"type": "LineString", "coordinates": [[121.5142974, 25.0540658], [121.5144167, 25.0540344]]}}, {"type": "Feature", "properties": {"county": "台北市", "district": "大同區", "highway": "trunk", "name": "市民大道高架道路"}, "geometry": {"type": "LineString", "coordinates": [[121.5055968, 25.0505346], [121.5054591, 25.0503606], [121.505371, 25.0502678], [121.5051656, 25.0499963]]}}, {"type": "Feature", "properties": {"county": "台北市", "district": "大同區", "highway": "trunk", "name": "市民大道高架道路"}, "geometry": {"type": "LineString", "coordinates": [[121.5051656, 25.0499963], [121.5051049, 25.0499232], [121.5050562, 25.0498797], [121.5050009, 25.0498522], [121.504935, 25.0498316], [121.5048583, 25.049826], [121.5047839, 25.0498357], [121.504709, 25.0498559]]}}, {"type": "Feature", "properties": {"county": "台北市", "district": "大同區", "highway": "tertiary", "name": "民族西路"}, "geometry": {"type": "LineString", "coordinates": [[121.5108694, 25.0686909], [121.5107756, 25.0687242], [121.5100974, 25.0687376], [121.5092873, 25.0687685], [121.5092076, 25.0687745]]}}, {"type": "Feature", "properties": {"county": "台北市", "district": "大同區", "highway": "primary_link", "name": null}, "geometry": {"type": "LineString", "coordinates": [[121.5048645, 25.0640437], [121.5047938, 25.0640725], [121.5047105, 25.0641183], [121.5046499, 25.0641636], [121.504597, 25.0642181], [121.5045394, 25.0642904]]}}, {"type": "Feature", "properties": {"county": "台北市", "district": "大同區", "highway": "primary_link", "name": null}, "geometry": {"type": "LineString", "coordinates": [[121.5043554, 25.0636589], [121.5044722, 25.0637363], [121.5045593, 25.0637796], [121.5046815, 25.0638101], [121.5047885, 25.0638216], [121.504916, 25.0638195], [121.5050655, 25.0638006]]}}, {"type": "Feature", "properties": {"county": "台北市", "district": "大同區", "highway": "unclassified", "name": null}, "geometry": {"type": "LineString", "coordinates": [[121.509238, 25.0540695], [121.5092265, 25.0538076]]}}, {"type": "Feature", "properties": {"county": "台北市", "district": "大同區", "highway": "residential", "name": "玉門街"}, "geometry": {"type": "LineString", "coordinates": [[121.5204653, 25.0719196], [121.5204645, 25.0718933], [121.520454, 25.071867]]}}, {"type": "Feature", "properties": {"county": "台北市", "district": "大同區", "highway": "residential", "name": "玉門街"}, "geometry": {"type": "LineString", "coordinates": [[121.520454, 25.071867], [121.5204013, 25.0718362]]}}, {"type": "Feature", "properties": {"county": "台北市", "district": "大同區", "highway": "residential", "name": "歸綏街83巷"}, "geometry": {"type": "LineString", "coordinates": [[121.516597, 25.0588726], [121.516436, 25.0590038], [121.5163287, 25.059101], [121.5162214, 25.0593343], [121.516082, 25.0594995], [121.5159425, 25.0595967], [121.515793, 25.0597772]]}}, {"type": "Feature", "properties": {"county": "台北市", "district": "大同區", "highway": "residential", "name": "萬全街106巷"}, "geometry": {"type": "LineString", "coordinates": [[121.5172272, 25.0577598], [121.5171249, 25.0580089], [121.5170476, 25.0581971]]}}, {"type": "Feature", "properties": {"county": "台北市", "district": "大同區", "highway": "residential", "name": "萬全街103巷"}, "geometry": {"type": "LineString", "coordinates": [[121.5162242, 25.0587171], [121.5164575, 25.0583332], [121.5165541, 25.058202], [121.5167098, 25.0579867], [121.5168276, 25.0578181], [121.5169856, 25.0576124], [121.5172455, 25.0573078], [121.5172582, 25.0572238]]}}, {"type": "Feature", "properties": {"county": "台北市", "district": "大同區", "highway": "residential", "name": "歸綏街97巷"}, "geometry": {"type": "LineString", "coordinates": [[121.5157073, 25.0597524], [121.5157326, 25.0597226], [121.5160257, 25.059084], [121.5162242, 25.0587171]]}}, {"type": "Feature", "properties": {"county": "台北市", "district": "大同區", "highway": "trunk", "name": "市民大道高架道路"}, "geometry": {"type": "LineString", "coordinates": [[121.5076237, 25.0505231], [121.5099299, 25.0501804], [121.5103681, 25.0501216]]}}, {"type": "Feature", "properties": {"county": "台北市", "district": "大同區", "highway": "tertiary", "name": "天水路"}, "geometry": {"type": "LineString", "coordinates": [[121.5121394, 25.0522708], [121.5118561, 25.052043]]}}, {"type": "Feature", "properties": {"county": "台北市", "district": "大同區", "highway": "residential", "name": "迪化街一段"}, "geometry": {"type": "LineString", "coordinates": [[121.5102574, 25.0537659], [121.5101936, 25.0538464], [121.5101725, 25.0539472], [121.510149, 25.0541634], [121.5101329, 25.0543894], [121.5101047, 25.0545818], [121.5100768, 25.0550338], [121.5100283, 25.0554707], [121.5099975, 25.0556468], [121.5098474, 25.0568335], [121.5098384, 25.0569048]]}}, {"type": "Feature", "properties": {"county": "台北市", "district": "大同區", "highway": "residential", "name": "迪化街一段"}, "geometry": {"type": "LineString", "coordinates": [[121.5098384, 25.0569048], [121.50983, 25.0569721], [121.5098119, 25.0571178], [121.5096919, 25.0582077]]}}, {"type": "Feature", "properties": {"county": "台北市", "district": "大同區", "highway": "residential", "name": "迪化街一段"}, "geometry": {"type": "LineString", "coordinates": [[121.5096919, 25.0582077], [121.5096499, 25.0582649], [121.5096495, 25.0582675], [121.5095321, 25.0589781], [121.5094323, 25.0595415], [121.5093232, 25.0604831], [121.5093182, 25.060526]]}}, {"type": "Feature", "properties": {"county": "台北市", "district": "大同區", "highway": "tertiary", "name": "涼州街"}, "geometry": {"type": "LineString", "coordinates": [[121.5084926, 25.0605032], [121.509295, 25.0605257], [121.5093182, 25.060526]]}}, {"type": "Feature", "properties": {"county": "台北市", "district": "大同區", "highway": "residential", "name": "安西街"}, "geometry": {"type": "LineString", "coordinates": [[121.5099266, 25.0605537], [121.5099902, 25.0601343], [121.5100365, 25.0598075], [121.5100705, 25.0595507], [121.510081, 25.0594934], [121.5101404, 25.059143], [121.5101899, 25.0582434]]}}, {"type": "Feature", "properties": {"county": "台北市", "district": "大同區", "highway": "tertiary", "name": "延平北路二段"}, "geometry": {"type": "LineString", "coordinates": [[121.5113529, 25.0606523], [121.51126, 25.0621341]]}}, {"type": "Feature", "properties": {"county": "台北市", "district": "大同區", "highway": "tertiary", "name": "延平北路二段"}, "geometry": {"type": "LineString", "coordinates": [[121.51126, 25.0621341], [121.5112586, 25.0621644], [121.511253, 25.0622571]]}}, {"type": "Feature", "properties": {"county": "台北市", "district": "大同區", "highway": "tertiary", "name": "延平北路二段"}, "geometry": {"type": "LineString", "coordinates": [[121.5113811, 25.0601958], [121.5113529, 25.0606523]]}}, {"type": "Feature", "properties": {"county": "台北市", "district": "大同區", "highway": "residential", "name": null}, "geometry": {"type": "LineString", "coordinates": [[121.5177043, 25.0615765], [121.5173718, 25.0615768], [121.5167282, 25.0615993], [121.5159311, 25.0616179]]}}, {"type": "Feature", "properties": {"county": "台北市", "district": "大同區", "highway": "tertiary", "name": "民權西路"}, "geometry": {"type": "LineString", "coordinates": [[121.5148011, 25.063082], [121.5138442, 25.0631141], [121.5137149, 25.0631189]]}}, {"type": "Feature", "properties": {"county": "台北市", "district": "大同區", "highway": "tertiary", "name": "延平北路一段"}, "geometry": {"type": "LineString", "coordinates": [[121.511354, 25.0481324], [121.5114054, 25.048281], [121.5114585, 25.0484623], [121.5119, 25.049675], [121.511938, 25.0497824]]}}, {"type": "Feature", "properties": {"county": "台北市", "district": "大同區", "highway": "tertiary", "name": "市民大道一段"}, "geometry": {"type": "LineString", "coordinates": [[121.5178241, 25.0484449], [121.518054, 25.0484091]]}}, {"type": "Feature", "properties": {"county": "台北市", "district": "大同區", "highway": "secondary", "name": "南京西路"}, "geometry": {"type": "LineString", "coordinates": [[121.5161104, 25.0535895], [121.516224, 25.0535647], [121.517504, 25.0532524], [121.5176005, 25.0532381]]}}, {"type": "Feature", "properties": {"county": "台北市", "district": "大同區", "highway": "residential", "name": "太原路"}, "geometry": {"type": "LineString", "coordinates": [[121.5161104, 25.0535895], [121.5160851, 25.0535001], [121.5160033, 25.0531978], [121.5159374, 25.052963], [121.5158631, 25.0527143], [121.5157283, 25.0522495], [121.5156196, 25.0518873], [121.5154666, 25.051349], [121.5154408, 25.0512603]]}}, {"type": "Feature", "properties": {"county": "台北市", "district": "大同區", "highway": "tertiary", "name": null}, "geometry": {"type": "LineString", "coordinates": [[121.5067088, 25.0505669], [121.5067022, 25.0504874], [121.506529, 25.0499338], [121.5065366, 25.0498342]]}}, {"type": "Feature", "properties": {"county": "台北市", "district": "大同區", "highway": "residential", "name": "通河街"}, "geometry": {"type": "LineString", "coordinates": [[121.5222206, 25.0802276], [121.5222992, 25.0801957]]}}, {"type": "Feature", "properties": {"county": "台北市", "district": "大同區", "highway": "unclassified", "name": "承德路四段"}, "geometry": {"type": "LineString", "coordinates": [[121.5218668, 25.0793816], [121.5220023, 25.0796381], [121.5222992, 25.0801957]]}}, {"type": "Feature", "properties": {"county": "台北市", "district": "大同區", "highway": "residential", "name": "通河街179巷"}, "geometry": {"type": "LineString", "coordinates": [[121.5184792, 25.0809077], [121.5182248, 25.080725]]}}, {"type": "Feature", "properties": {"county": "台北市", "district": "大同區", "highway": "unclassified", "name": "承德路四段"}, "geometry": {"type": "LineString", "coordinates": [[121.5216007, 25.0794901], [121.5213681, 25.0790715], [121.5213024, 25.0789287], [121.521217, 25.0787392]]}}, {"type": "Feature", "properties": {"county": "台北市", "district": "大同區", "highway": "residential", "name": "通河街"}, "geometry": {"type": "LineString", "coordinates": [[121.5220911, 25.0802776], [121.5220159, 25.0803025]]}}, {"type": "Feature", "properties": {"county": "台北市", "district": "大同區", "highway": "tertiary", "name": "塔城街"}, "geometry": {"type": "LineString", "coordinates": [[121.5105169, 25.0513801], [121.5105111, 25.0514729], [121.5104935, 25.0519055], [121.5104744, 25.0520359]]}}, {"type": "Feature", "properties": {"county": "台北市", "district": "大同區", "highway": "tertiary", "name": "寧夏路"}, "geometry": {"type": "LineString", "coordinates": [[121.5145652, 25.0601151], [121.5143738, 25.0607389], [121.5143405, 25.0608077]]}}, {"type": "Feature", "properties": {"county": "台北市", "district": "大同區", "highway": "tertiary", "name": "民生西路"}, "geometry": {"type": "LineString", "coordinates": [[121.5182477, 25.057347], [121.5183777, 25.0573632], [121.5191221, 25.0574559], [121.5191897, 25.0574643]]}}, {"type": "Feature", "properties": {"county": "台北市", "district": "大同區", "highway": "primary", "name": "重慶北路四段"}, "geometry": {"type": "LineString", "coordinates": [[121.5134813, 25.0805045], [121.5134456, 25.0805803], [121.5133052, 25.0808925], [121.5132132, 25.0811153], [121.5131912, 25.0811638], [121.5128186, 25.0819875], [121.5128122, 25.0820032], [121.5124432, 25.0829029], [121.5121739, 25.0835832]]}}, {"type": "Feature", "properties": {"county": "台北市", "district": "大同區", "highway": "tertiary", "name": "延平北路二段"}, "geometry": {"type": "LineString", "coordinates": [[121.5114554, 25.0589975], [121.5114406, 25.0592352], [121.5114377, 25.0592816], [121.5113917, 25.0600246], [121.5113811, 25.0601958]]}}, {"type": "Feature", "properties": {"county": "台北市", "district": "大同區", "highway": "tertiary", "name": null}, "geometry": {"type": "LineString", "coordinates": [[121.5117247, 25.0783742], [121.5117018, 25.0784237], [121.5116747, 25.0784825], [121.5115058, 25.0787685], [121.5113846, 25.0790054], [121.5113731, 25.0790303], [121.5113162, 25.0791532], [121.5112745, 25.0792473], [121.5110534, 25.0799207], [121.5110289, 25.0799883], [121.5109887, 25.0800992], [121.5107541, 25.0807134], [121.5106827, 25.0809363], [121.510666, 25.0809815], [121.5106447, 25.0810268], [121.5106041, 25.0811557], [121.5105669, 25.0812915], [121.5105194, 25.0814947], [121.5104669, 25.0817465], [121.5104147, 25.0820281], [121.5103978, 25.0820952], [121.5103835, 25.0821402], [121.5103724, 25.0821965], [121.5103383, 25.0823517], [121.5102883, 25.0826006], [121.5102776, 25.0826585], [121.5102731, 25.0826825], [121.5102493, 25.0829094], [121.5102017, 25.0831435], [121.5101658, 25.0833426], [121.5101565, 25.0834039], [121.5101494, 25.0834584], [121.5101384, 25.0835033], [121.5101127, 25.0836079], [121.5100444, 25.0838984], [121.5100094, 25.0840679], [121.5099965, 25.0841311]]}}, {"type": "Feature", "properties": {"county": "台北市", "district": "大同區", "highway": "tertiary", "name": "延平北路四段"}, "geometry": {"type": "LineString", "coordinates": [[121.5121165, 25.0771281], [121.5121515, 25.0771909], [121.5121618, 25.077256], [121.5121204, 25.077494], [121.5117247, 25.0783742]]}}, {"type": "Feature", "properties": {"county": "台北市", "district": "大同區", "highway": "tertiary", "name": "延平北路四段"}, "geometry": {"type": "LineString", "coordinates": [[121.5116072, 25.0783474], [121.5119304, 25.0777011], [121.512026, 25.0774563], [121.5120887, 25.0771853], [121.5121165, 25.0771281]]}}, {"type": "Feature", "properties": {"county": "台北市", "district": "大同區", "highway": "tertiary", "name": "鄭州路"}, "geometry": {"type": "LineString", "coordinates": [[121.5141489, 25.0493606], [121.5139165, 25.0494124]]}}, {"type": "Feature", "properties": {"county": "台北市", "district": "大同區", "highway": "tertiary", "name": "鄭州路"}, "geometry": {"type": "LineString", "coordinates": [[121.5144936, 25.049284], [121.5141489, 25.0493606]]}}, {"type": "Feature", "properties": {"county": "台北市", "district": "大同區", "highway": "tertiary", "name": "民生西路"}, "geometry": {"type": "LineString", "coordinates": [[121.5138554, 25.0569922], [121.5141126, 25.0569925], [121.5155402, 25.0570098]]}}, {"type": "Feature", "properties": {"county": "台北市", "district": "大同區", "highway": "tertiary", "name": "民生西路"}, "geometry": {"type": "LineString", "coordinates": [[121.5155402, 25.0570098], [121.5156998, 25.0570297]]}}, {"type": "Feature", "properties": {"county": "台北市", "district": "大同區", "highway": "tertiary", "name": "民生西路"}, "geometry": {"type": "LineString", "coordinates": [[121.5218276, 25.0577929], [121.5220771, 25.0578239]]}}, {"type": "Feature", "properties": {"county": "台北市", "district": "大同區", "highway": "tertiary", "name": "民生西路"}, "geometry": {"type": "LineString", "coordinates": [[121.5222412, 25.0578444], [121.5226408, 25.0578941], [121.5227432, 25.0579069]]}}, {"type": "Feature", "properties": {"county": "台北市", "district": "大同區", "highway": "tertiary", "name": "民生西路"}, "geometry": {"type": "LineString", "coordinates": [[121.5220771, 25.0578239], [121.5222412, 25.0578444]]}}, {"type": "Feature", "properties": {"county": "台北市", "district": "大同區", "highway": "tertiary", "name": "民生西路"}, "geometry": {"type": "LineString", "coordinates": [[121.5191897, 25.0574643], [121.5196585, 25.0575227], [121.5196987, 25.0575277], [121.5202461, 25.0575959]]}}, {"type": "Feature", "properties": {"county": "台北市", "district": "大同區", "highway": "secondary", "name": "承德路三段"}, "geometry": {"type": "LineString", "coordinates": [[121.5183756, 25.0629584], [121.5183827, 25.0630865], [121.5183852, 25.0632318], [121.5184052, 25.0646534], [121.5184149, 25.0650972], [121.518428, 25.0657616], [121.5184306, 25.0658601]]}}, {"type": "Feature", "properties": {"county": "台北市", "district": "大同區", "highway": "residential", "name": "重慶北路三段236巷45弄"}, "geometry": {"type": "LineString", "coordinates": [[121.5123026, 25.0705547], [121.5123124, 25.0713205], [121.5123205, 25.0718141], [121.5123228, 25.0720019], [121.512325, 25.0720794]]}}, {"type": "Feature", "properties": {"county": "台北市", "district": "大同區", "highway": "residential", "name": "民族西路303巷"}, "geometry": {"type": "LineString", "coordinates": [[121.5100974, 25.0687376], [121.510102, 25.0688068], [121.5101141, 25.0689326], [121.5101715, 25.0692283], [121.5102459, 25.0696826], [121.5103747, 25.0700179]]}}, {"type": "Feature", "properties": {"county": "台北市", "district": "大同區", "highway": "residential", "name": "迪化街二段"}, "geometry": {"type": "LineString", "coordinates": [[121.5110367, 25.0686847], [121.511038, 25.0687848], [121.5112831, 25.069238]]}}, {"type": "Feature", "properties": {"county": "台北市", "district": "大同區", "highway": "residential", "name": null}, "geometry": {"type": "LineString", "coordinates": [[121.5132148, 25.0705327], [121.5132281, 25.0713028], [121.5132333, 25.0718799], [121.5132353, 25.0720587]]}}, {"type": "Feature", "properties": {"county": "台北市", "district": "大同區", "highway": "tertiary", "name": "民族西路"}, "geometry": {"type": "LineString", "coordinates": [[121.5196534, 25.068509], [121.5198232, 25.0684795], [121.5199205, 25.0684765]]}}, {"type": "Feature", "properties": {"county": "台北市", "district": "大同區", "highway": "tertiary", "name": "民族西路"}, "geometry": {"type": "LineString", "coordinates": [[121.5199566, 25.0685536], [121.5198261, 25.0685441], [121.5196534, 25.068509]]}}, {"type": "Feature", "properties": {"county": "台北市", "district": "大同區", "highway": "tertiary", "name": "民族西路"}, "geometry": {"type": "LineString", "coordinates": [[121.5138231, 25.0686531], [121.5139458, 25.0686449], [121.5140114, 25.0686392], [121.5140749, 25.0686337], [121.5144128, 25.0686285]]}}, {"type": "Feature", "properties": {"county": "台北市", "district": "大同區", "highway": "tertiary", "name": "民族西路"}, "geometry": {"type": "LineString", "coordinates": [[121.5179099, 25.0685498], [121.5181966, 25.0685404], [121.5183361, 25.0685364]]}}, {"type": "Feature", "properties": {"county": "台北市", "district": "大同區", "highway": "tertiary", "name": "民族西路"}, "geometry": {"type": "LineString", "coordinates": [[121.5144128, 25.0686285], [121.5148089, 25.0686224], [121.5148493, 25.0686186], [121.5149134, 25.0686177]]}}, {"type": "Feature", "properties": {"county": "台北市", "district": "大同區", "highway": "tertiary", "name": "民族西路"}, "geometry": {"type": "LineString", "coordinates": [[121.5090866, 25.0686821], [121.5091981, 25.0686771], [121.5092794, 25.0686731]]}}, {"type": "Feature", "properties": {"county": "台北市", "district": "大同區", "highway": "motorway_link", "name": "台北交流道"}, "geometry": {"type": "LineString", "coordinates": [[121.5156965, 25.0770256], [121.515785, 25.0770583]]}}, {"type": "Feature", "properties": {"county": "台北市", "district": "大同區", "highway": "motorway_link", "name": "台北交流道"}, "geometry": {"type": "LineString", "coordinates": [[121.5143771, 25.0764942], [121.5145729, 25.0765687], [121.5156965, 25.0770256]]}}]}