{"type": "FeatureCollection", "features": [{"type": "Feature", "properties": {"county": "台北市", "district": "文山區", "highway": "motorway_link", "name": "木柵交流道"}, "geometry": {"type": "LineString", "coordinates": [[121.5917272, 25.0023739], [121.5919736, 25.0022801], [121.5926496, 25.0021481], [121.5929871, 25.002078], [121.5932262, 25.0020023], [121.5934403, 25.0018912], [121.5936498, 25.0017384], [121.5937904, 25.0015886], [121.5939045, 25.0014387], [121.5940005, 25.0012738], [121.5940596, 25.0011222], [121.5941237, 25.000972], [121.59418, 25.000795]]}}, {"type": "Feature", "properties": {"county": "台北市", "district": "文山區", "highway": "motorway_link", "name": "新店交流道"}, "geometry": {"type": "LineString", "coordinates": [[121.5537196, 24.973052], [121.5539949, 24.9732206], [121.5541646, 24.9732967], [121.5543184, 24.9733384], [121.5544608, 24.9733474], [121.5545832, 24.9733402], [121.5546983, 24.973315], [121.5547821, 24.9732776]]}}, {"type": "Feature", "properties": {"county": "台北市", "district": "文山區", "highway": "motorway_link", "name": "新店交流道"}, "geometry": {"type": "LineString", "coordinates": [[121.5527212, 24.9731343], [121.5525519, 24.973225], [121.5523878, 24.9732972], [121.5521463, 24.9733892], [121.5518898, 24.9734648], [121.5516366, 24.9735168], [121.5512684, 24.9735579]]}}, {"type": "Feature", "properties": {"county": "台北市", "district": "文山區", "highway": "tertiary", "name": "建國路"}, "geometry": {"type": "LineString", "coordinates": [[121.5396025, 24.9730822], [121.5401097, 24.9738539], [121.5401214, 24.9739104], [121.5401977, 24.9740362], [121.5402806, 24.9741888], [121.5403129, 24.9742729], [121.5403893, 24.9745036], [121.540506, 24.9748564], [121.5405644, 24.9752114], [121.54057, 24.9754861], [121.5405697, 24.9757521], [121.540541, 24.9760508], [121.5405468, 24.9764377], [121.5405412, 24.9765263], [121.5405119, 24.9768006], [121.5404915, 24.9768765], [121.5404527, 24.9770065], [121.5403946, 24.9771561], [121.5403583, 24.9772112], [121.5403008, 24.9773148], [121.5401693, 24.9774908], [121.5401092, 24.9775553], [121.5399248, 24.9777528], [121.5397847, 24.977902], [121.539546, 24.9781561], [121.5394826, 24.978244]]}}, {"type": "Feature", "properties": {"county": "台北市", "district": "文山區", "highway": "motorway", "name": "福德隧道"}, "geometry": {"type": "LineString", "coordinates": [[121.6019365, 25.0238513], [121.6010617, 25.0229261], [121.6003448, 25.0220345], [121.6000673, 25.0215141], [121.5996838, 25.0208652], [121.5994531, 25.0203888], [121.5990454, 25.0193413], [121.5988174, 25.0187993], [121.5984902, 25.0176812], [121.5982917, 25.0168913], [121.5974455, 25.0136829], [121.5970223, 25.0118641], [121.596392, 25.0091898]]}}, {"type": "Feature", "properties": {"county": "台北市", "district": "文山區", "highway": "motorway", "name": "福德隧道"}, "geometry": {"type": "LineString", "coordinates": [[121.5968192, 25.0093886], [121.5973579, 25.0118509], [121.5976425, 25.0130724], [121.5978834, 25.0141947], [121.5982058, 25.0155766], [121.5985775, 25.0171268], [121.5989057, 25.0181632], [121.5991084, 25.0187482], [121.5992948, 25.0192854], [121.5997454, 25.0203159], [121.5999842, 25.0208263], [121.6006435, 25.0218489], [121.6012028, 25.0225741], [121.6023272, 25.0237051]]}}, {"type": "Feature", "properties": {"county": "台北市", "district": "文山區", "highway": "secondary", "name": "基隆路四段"}, "geometry": {"type": "LineString", "coordinates": [[121.5385093, 25.0121344], [121.5391981, 25.0127246], [121.5395614, 25.0130359], [121.5395842, 25.0130543], [121.539629, 25.0130943], [121.5400946, 25.0134833], [121.540432, 25.0137651], [121.5404899, 25.0138135], [121.5405637, 25.0138741], [121.5407534, 25.01403], [121.5414831, 25.0146651], [121.5424627, 25.0154881], [121.542604, 25.0156042], [121.5426601, 25.0156504]]}}, {"type": "Feature", "properties": {"county": "台北市", "district": "文山區", "highway": "trunk", "name": "水源快速道路"}, "geometry": {"type": "LineString", "coordinates": [[121.5356518, 24.9962505], [121.5356371, 24.9966322], [121.5355875, 24.9970455], [121.5355392, 24.9973919], [121.5355003, 24.9977042], [121.5354788, 24.997889], [121.5354306, 24.9981795], [121.5353997, 24.998408], [121.535343, 24.9991212]]}}, {"type": "Feature", "properties": {"county": "台北市", "district": "文山區", "highway": "trunk_link", "name": null}, "geometry": {"type": "LineString", "coordinates": [[121.5331871, 24.9918083], [121.5330973, 24.9916525], [121.532629, 24.991047]]}}, {"type": "Feature", "properties": {"county": "台北市", "district": "文山區", "highway": "trunk_link", "name": null}, "geometry": {"type": "LineString", "coordinates": [[121.5322908, 24.9906182], [121.531598, 24.9897264], [121.5315328, 24.9896529], [121.5314676, 24.9895919], [121.5313288, 24.9894854], [121.5311732, 24.989397], [121.5310054, 24.9893292], [121.5308402, 24.9892818], [121.5306875, 24.9892572], [121.5305195, 24.9892452], [121.5303119, 24.9892628], [121.5300985, 24.9893048], [121.5297759, 24.9893935]]}}, {"type": "Feature", "properties": {"county": "台北市", "district": "文山區", "highway": "trunk", "name": "水源快速道路"}, "geometry": {"type": "LineString", "coordinates": [[121.5355359, 24.9960908], [121.5355382, 24.9959802], [121.5355274, 24.9956941], [121.5354484, 24.9953951], [121.5353566, 24.9951063], [121.5351971, 24.9947676], [121.5335507, 24.9923283]]}}, {"type": "Feature", "properties": {"county": "台北市", "district": "文山區", "highway": "primary", "name": "北新路三段"}, "geometry": {"type": "LineString", "coordinates": [[121.5405011, 24.9853667], [121.5406467, 24.9850498], [121.5406868, 24.9849541], [121.5407016, 24.9849222], [121.5408532, 24.9846113], [121.5409253, 24.9844256]]}}, {"type": "Feature", "properties": {"county": "台北市", "district": "文山區", "highway": "primary", "name": "鳴遠橋"}, "geometry": {"type": "LineString", "coordinates": [[121.5406059, 24.9854062], [121.5402742, 24.9861689], [121.5401937, 24.986385], [121.5400365, 24.9869077]]}}, {"type": "Feature", "properties": {"county": "台北市", "district": "文山區", "highway": "motorway_link", "name": "木柵交流道"}, "geometry": {"type": "LineString", "coordinates": [[121.5935823, 24.9944981], [121.5939493, 24.9953508]]}}, {"type": "Feature", "properties": {"county": "台北市", "district": "文山區", "highway": "motorway", "name": "台北聯絡線"}, "geometry": {"type": "LineString", "coordinates": [[121.6000751, 25.0020364], [121.5999744, 25.0020555], [121.5998805, 25.0020646], [121.5997423, 25.0020669], [121.5996645, 25.0020618], [121.5995804, 25.0020497]]}}, {"type": "Feature", "properties": {"county": "台北市", "district": "文山區", "highway": "unclassified", "name": "崇德街"}, "geometry": {"type": "LineString", "coordinates": [[121.558182, 25.0233185], [121.5583186, 25.0233158], [121.5584435, 25.0233089], [121.5585492, 25.0232874], [121.5586197, 25.0232621], [121.5586741, 25.0232349], [121.5587137, 25.0231882], [121.558776, 25.0231005], [121.5588731, 25.0229768], [121.5589861, 25.0228051], [121.5590573, 25.0227539], [121.5592675, 25.0226583], [121.5593609, 25.0225808], [121.5594592, 25.0224993], [121.5596471, 25.0224335], [121.559763, 25.0223454], [121.5599043, 25.0221467], [121.5599468, 25.0220225], [121.5599518, 25.0219934], [121.5599789, 25.0219194], [121.5600352, 25.0218497], [121.5601459, 25.0218251], [121.5602618, 25.0218144], [121.560391, 25.0218186], [121.5605049, 25.0217914], [121.5605751, 25.0217393], [121.5606969, 25.0216742], [121.5607901, 25.0216449], [121.5608834, 25.0216554], [121.5609433, 25.0216605], [121.5609739, 25.0216547], [121.5610066, 25.0216389], [121.5610717, 25.0215883], [121.5611741, 25.0213453], [121.561211, 25.0212077], [121.5611882, 25.0210048], [121.5612151, 25.0209392], [121.5613032, 25.0208666], [121.5613843, 25.0207999], [121.5614252, 25.0207505], [121.5614612, 25.0206747], [121.561485, 25.0204972], [121.5615029, 25.0203332], [121.5614636, 25.0202198], [121.5614095, 25.0201519], [121.5613804, 25.020093], [121.5613662, 25.0200174], [121.5613748, 25.0199601], [121.5614203, 25.0198529], [121.5615427, 25.0195649], [121.5615515, 25.0195172], [121.5615475, 25.0194812], [121.5614877, 25.0191822], [121.5614593, 25.0190865], [121.5614328, 25.0189098], [121.5614527, 25.018677], [121.561444, 25.0185639], [121.5613525, 25.0181877], [121.5613648, 25.0180824], [121.5613906, 25.0179865], [121.5614246, 25.0179392], [121.561495, 25.0179299], [121.5615718, 25.0179325], [121.5616535, 25.017953], [121.5617514, 25.0179898], [121.5618858, 25.0180684], [121.5619497, 25.0180898], [121.5620244, 25.0180971], [121.5620982, 25.0180722], [121.5622602, 25.0179955], [121.5623166, 25.0179911], [121.5623463, 25.0179884], [121.5625229, 25.0180182], [121.5626204, 25.0180535], [121.5626968, 25.0181023], [121.5627754, 25.0181628], [121.5628614, 25.0181986], [121.5629056, 25.01821], [121.5630633, 25.018201], [121.563123, 25.0182087], [121.5631877, 25.0182478], [121.5633337, 25.0183671], [121.5633629, 25.0183774], [121.5634236, 25.0183903], [121.5634901, 25.0183727], [121.5635582, 25.0183371], [121.5636568, 25.0182486], [121.563722, 25.0181617], [121.5637533, 25.0180495], [121.5637517, 25.0178956], [121.5637384, 25.0175826], [121.5637415, 25.0175253], [121.563783, 25.017469], [121.5638529, 25.017437], [121.5639744, 25.0173879], [121.5640648, 25.0173422], [121.5641365, 25.0172306], [121.5642617, 25.0171209], [121.5643194, 25.0171194], [121.5644304, 25.0171601], [121.5644804, 25.0172332], [121.5645318, 25.0175899], [121.5645686, 25.0176494], [121.5646195, 25.0176786], [121.5646989, 25.0176859], [121.5647962, 25.0176777], [121.5648887, 25.0176464], [121.5649251, 25.017607], [121.5649509, 25.0174911], [121.564993, 25.0174284], [121.5651139, 25.0173444], [121.5651488, 25.0172939], [121.5651206, 25.0171093], [121.5651316, 25.017038], [121.5651732, 25.016913], [121.5651853, 25.0168255], [121.5652269, 25.0167592], [121.565296, 25.016738], [121.565369, 25.0167538], [121.5654893, 25.0168214], [121.5658769, 25.0171249], [121.5659428, 25.0171629], [121.5659947, 25.0171773], [121.5660529, 25.0171811], [121.5661114, 25.017176], [121.5661576, 25.0171572], [121.56621, 25.0171135], [121.5662541, 25.017066], [121.5662903, 25.0170059], [121.5663115, 25.0168987], [121.5663222, 25.0168061], [121.5663269, 25.016693], [121.5663269, 25.016583], [121.5663611, 25.0165149], [121.5664222, 25.0164682], [121.5665268, 25.0164469], [121.566604, 25.0164253], [121.5666845, 25.0163755], [121.5667261, 25.016311], [121.5667324, 25.0162051], [121.5667212, 25.0160501], [121.566716, 25.0158985], [121.5667258, 25.0158369], [121.5667441, 25.0157691], [121.566816, 25.0156468], [121.5668932, 25.0155312], [121.5669218, 25.0154759], [121.5669518, 25.0153821], [121.5669557, 25.0153197], [121.5669502, 25.0151565], [121.5669627, 25.0151001], [121.5670108, 25.0150467], [121.5670778, 25.0150173], [121.5673223, 25.0149744], [121.5674285, 25.0149418], [121.5674637, 25.0149238], [121.5676078, 25.0148402], [121.5676798, 25.0147959], [121.567722, 25.0147652], [121.5678175, 25.0146622], [121.5678493, 25.0146552], [121.5678922, 25.0146551], [121.5680348, 25.0146955], [121.5681227, 25.014692], [121.568185, 25.0146769], [121.5682222, 25.0146437], [121.5682839, 25.0145909], [121.568337, 25.0145109], [121.5684396, 25.0144018], [121.5684903, 25.0143458], [121.5685615, 25.0142553], [121.5686215, 25.0142346], [121.5687648, 25.01421], [121.5688072, 25.0141885], [121.5688636, 25.0141325], [121.5689403, 25.0140139], [121.5690843, 25.01392], [121.569221, 25.0138174], [121.5693004, 25.0137687], [121.5693717, 25.0137679], [121.569472, 25.0138094], [121.5695446, 25.013813], [121.5696023, 25.0138053], [121.5696598, 25.0137801], [121.5697001, 25.0137419], [121.5697906, 25.0136053], [121.5698717, 25.013537], [121.5700162, 25.0134425], [121.5701221, 25.0134041], [121.5703183, 25.0133433], [121.5703974, 25.0132873], [121.5704667, 25.0132531], [121.5706006, 25.0132233], [121.5706787, 25.0132204], [121.5707528, 25.0131741], [121.5708108, 25.0131152], [121.5708568, 25.0130855], [121.5708946, 25.0130508], [121.571125, 25.0127585], [121.5712375, 25.012619], [121.5713312, 25.0125146], [121.5713654, 25.0124769], [121.5713958, 25.0124166], [121.5713952, 25.0123972], [121.5714339, 25.0122474], [121.571411, 25.0120274], [121.5713846, 25.0119193], [121.5713496, 25.0117749], [121.571316, 25.011676], [121.5712911, 25.0116371], [121.571104, 25.0114892], [121.571047, 25.0113572], [121.5710728, 25.0113307]]}}, {"type": "Feature", "properties": {"county": "台北市", "district": "文山區", "highway": "unclassified", "name": "阿柔洋產業道路"}, "geometry": {"type": "LineString", "coordinates": [[121.6129699, 24.9981436], [121.612972, 24.9980523]]}}, {"type": "Feature", "properties": {"county": "台北市", "district": "文山區", "highway": "secondary", "name": "北深路三段"}, "geometry": {"type": "LineString", "coordinates": [[121.6116868, 25.001209], [121.6115467, 25.0011981], [121.6111142, 25.0010658], [121.6108729, 25.0010146], [121.6104878, 25.0009595], [121.6101861, 25.0009644], [121.6098971, 25.0009975], [121.6091327, 25.0011507]]}}, {"type": "Feature", "properties": {"county": "台北市", "district": "文山區", "highway": "secondary", "name": "和平東路四段"}, "geometry": {"type": "LineString", "coordinates": [[121.5746198, 24.9981585], [121.5745595, 24.9982102]]}}, {"type": "Feature", "properties": {"county": "台北市", "district": "文山區", "highway": "secondary", "name": "莊敬隧道"}, "geometry": {"type": "LineString", "coordinates": [[121.5656468, 25.0089514], [121.5662937, 25.00715]]}}, {"type": "Feature", "properties": {"county": "台北市", "district": "文山區", "highway": "unclassified", "name": "指南路三段"}, "geometry": {"type": "LineString", "coordinates": [[121.6054306, 24.970539], [121.6055759, 24.9705466], [121.6057896, 24.9705369], [121.6059533, 24.9705053], [121.6061397, 24.9704135], [121.6064195, 24.9703616], [121.6064611, 24.9703575], [121.6065058, 24.9703627], [121.6066834, 24.9703502], [121.6069315, 24.9703055], [121.6071826, 24.9702829], [121.6073183, 24.9702847], [121.6074995, 24.9702694], [121.6076319, 24.9702611], [121.6077599, 24.9702981], [121.6078322, 24.9703206], [121.6079218, 24.9703188], [121.6079908, 24.9703011], [121.6083043, 24.9701265], [121.6084666, 24.9700578], [121.6086878, 24.9700061], [121.6087557, 24.9700102], [121.6089132, 24.9700887], [121.6090772, 24.9701572]]}}, {"type": "Feature", "properties": {"county": "台北市", "district": "文山區", "highway": "unclassified", "name": "老泉街"}, "geometry": {"type": "LineString", "coordinates": [[121.5564891, 24.9760166], [121.5566201, 24.9760335], [121.5573463, 24.9761738], [121.557451, 24.9762065], [121.557522, 24.9762382]]}}, {"type": "Feature", "properties": {"county": "台北市", "district": "文山區", "highway": "unclassified", "name": null}, "geometry": {"type": "LineString", "coordinates": [[121.5805568, 25.0118351], [121.5806361, 25.0118425], [121.5808745, 25.0118996], [121.5812628, 25.0121022], [121.5813936, 25.0121589], [121.5815155, 25.0121625], [121.5816057, 25.0121513], [121.5817541, 25.012137], [121.5818407, 25.0120971], [121.5819839, 25.012004], [121.5820809, 25.0119692], [121.5821789, 25.0119303], [121.5823033, 25.011857], [121.5824082, 25.011783], [121.5825108, 25.01174], [121.5826247, 25.0117182], [121.5827347, 25.0117267], [121.5828554, 25.0117619], [121.5829227, 25.0118016], [121.5829668, 25.011857], [121.5829883, 25.0119627], [121.5829536, 25.0120418], [121.5829626, 25.0121424], [121.5829669, 25.01222], [121.5829933, 25.0123095], [121.5830511, 25.012351], [121.5830775, 25.0123699], [121.5832824, 25.0124825], [121.583362, 25.0124832], [121.583642, 25.0124548], [121.5838888, 25.0124611], [121.5840037, 25.0124414], [121.5841675, 25.0123607], [121.5842295, 25.0123488], [121.5842762, 25.0123535], [121.5843509, 25.0123723], [121.5844295, 25.0124463], [121.5845113, 25.0125044], [121.5846002, 25.0125239], [121.5846674, 25.0125273], [121.5848664, 25.0124159], [121.5849636, 25.0123558], [121.5850892, 25.0123454], [121.5852711, 25.0123783], [121.5854266, 25.0123905], [121.5855636, 25.0123504], [121.5856392, 25.0122919], [121.5857085, 25.0122716], [121.5857604, 25.0122761], [121.5858044, 25.0123007], [121.5858728, 25.0123724], [121.5859568, 25.0125142], [121.585987, 25.0125485], [121.5860278, 25.0125767], [121.586073, 25.0125967], [121.5861292, 25.0126059], [121.5861842, 25.0126022], [121.5862355, 25.0125885], [121.5862904, 25.0125654], [121.5864284, 25.0124833], [121.5865547, 25.0123965], [121.5866017, 25.0123773], [121.5866419, 25.0123682], [121.5866938, 25.0123647], [121.586866, 25.0123801], [121.586901, 25.0123816], [121.5869436, 25.0123746], [121.5869893, 25.0123576], [121.5870294, 25.012327], [121.5871125, 25.0122309], [121.5871347, 25.0121938], [121.5871461, 25.0121625], [121.5871509, 25.0121239], [121.5871523, 25.0120823], [121.5871484, 25.0119474], [121.5871478, 25.011877], [121.5871553, 25.0116813], [121.5871448, 25.0115384], [121.5871458, 25.0114916], [121.5871713, 25.0113397], [121.587178, 25.0112783], [121.5871773, 25.0112249], [121.5871704, 25.0111761], [121.5871572, 25.0111021], [121.5871582, 25.0110393], [121.5871745, 25.0109893], [121.5872082, 25.010946], [121.5872582, 25.0109133], [121.5873228, 25.0109049], [121.5873909, 25.0109107], [121.5874513, 25.0109261], [121.5875306, 25.0109534], [121.5875967, 25.0109639], [121.5876611, 25.010959], [121.5877133, 25.010944], [121.5878591, 25.0108851], [121.5879946, 25.0108119], [121.5881221, 25.0107982], [121.5882388, 25.0107995], [121.5883266, 25.0108133], [121.588397, 25.0108451], [121.5884496, 25.010893], [121.5884847, 25.0109521], [121.5884954, 25.011019], [121.5884896, 25.0110881], [121.5884663, 25.0111475], [121.5883658, 25.0113221], [121.588342, 25.0113804], [121.5883297, 25.0114313], [121.5883273, 25.0114673], [121.5883343, 25.0115038], [121.5883555, 25.0115472], [121.5884236, 25.0116498], [121.5887384, 25.0120699], [121.588796, 25.0121455], [121.5888652, 25.0122207], [121.5889355, 25.0122673], [121.5890149, 25.0123002], [121.589087, 25.0123211], [121.5892171, 25.0123444], [121.5894459, 25.0123855]]}}, {"type": "Feature", "properties": {"county": "台北市", "district": "文山區", "highway": "unclassified", "name": null}, "geometry": {"type": "LineString", "coordinates": [[121.5897327, 25.0069972], [121.5899366, 25.0067833], [121.5900506, 25.006691], [121.590175, 25.0066583], [121.5902947, 25.0066849], [121.5904154, 25.0067118], [121.5905683, 25.006714], [121.5907037, 25.0066698], [121.5907916, 25.0066047], [121.5908734, 25.0064897], [121.5910049, 25.0062642], [121.5914049, 25.0060284], [121.5917102, 25.005836], [121.5922621, 25.0057521], [121.5927897, 25.0057022], [121.5930604, 25.0056285], [121.593262, 25.0056471], [121.5933383, 25.0056849], [121.593365, 25.0057741], [121.5934283, 25.0060371], [121.593452, 25.0062631], [121.5935526, 25.0063258], [121.5937542, 25.0063354], [121.5941408, 25.0061895], [121.5946196, 25.006057], [121.5947381, 25.0060545], [121.5948277, 25.0061554], [121.5949847, 25.0063594], [121.5951752, 25.0064005], [121.5953129, 25.0062934], [121.5953876, 25.0061573], [121.5956136, 25.0059453], [121.5956423, 25.0058192], [121.5956356, 25.0055944], [121.5954783, 25.0047507], [121.5955271, 25.0046139], [121.595622, 25.00448], [121.595825, 25.0044103], [121.5960837, 25.0043501]]}}, {"type": "Feature", "properties": {"county": "台北市", "district": "文山區", "highway": "tertiary", "name": "道南橋"}, "geometry": {"type": "LineString", "coordinates": [[121.5713306, 24.9876446], [121.5714445, 24.9876126], [121.5715072, 24.9876081], [121.5715541, 24.9876092], [121.5716244, 24.9876127], [121.5717012, 24.9876237], [121.5717579, 24.9876385]]}}, {"type": "Feature", "properties": {"county": "台北市", "district": "文山區", "highway": "secondary", "name": "木新路三段"}, "geometry": {"type": "LineString", "coordinates": [[121.5541083, 24.9800085], [121.5541839, 24.980012], [121.5542842, 24.980038], [121.5548443, 24.9801829], [121.5549022, 24.9802142]]}}, {"type": "Feature", "properties": {"county": "台北市", "district": "文山區", "highway": "residential", "name": "樟新街"}, "geometry": {"type": "LineString", "coordinates": [[121.5549022, 24.9802142], [121.5550325, 24.9798156], [121.5550664, 24.979712], [121.5550694, 24.9797029], [121.5552146, 24.9792421], [121.5553889, 24.9787206], [121.5554277, 24.9786193]]}}, {"type": "Feature", "properties": {"county": "台北市", "district": "文山區", "highway": "unclassified", "name": "寶橋路237巷"}, "geometry": {"type": "LineString", "coordinates": [[121.55261, 24.9795699], [121.5525776, 24.9796571], [121.5526187, 24.9799261], [121.5526699, 24.98037], [121.5527359, 24.9809606], [121.552847, 24.9816016], [121.5530964, 24.9830265], [121.5531913, 24.9835611], [121.5532574, 24.9838487], [121.5532962, 24.9841546], [121.5532668, 24.9844575], [121.5532205, 24.9846394], [121.5531682, 24.9847905], [121.5530697, 24.9849543], [121.5528621, 24.9852367], [121.5527183, 24.985432]]}}, {"type": "Feature", "properties": {"county": "台北市", "district": "文山區", "highway": "trunk", "name": "水源快速道路"}, "geometry": {"type": "LineString", "coordinates": [[121.5335688, 25.0075226], [121.5332441, 25.0080753], [121.5328171, 25.0086325], [121.5326951, 25.0087478], [121.5325703, 25.0088682], [121.5324536, 25.0089788], [121.5322015, 25.0091915], [121.5319829, 25.0093592], [121.5318434, 25.0094589], [121.5317107, 25.0095524], [121.5315337, 25.0096545], [121.5313593, 25.0097542], [121.5311447, 25.0098684], [121.5309435, 25.009962], [121.5306062, 25.0100958], [121.530051, 25.0103011], [121.5297157, 25.0104348], [121.5294151, 25.0105783], [121.5292169, 25.0107107], [121.5290432, 25.0108519], [121.5288212, 25.0110741], [121.5286335, 25.0113037], [121.5281021, 25.0120983], [121.5279107, 25.0123721], [121.5276853, 25.0127118], [121.5272012, 25.013478], [121.5267063, 25.0141914], [121.5263396, 25.0147237], [121.5258481, 25.0154322]]}}, {"type": "Feature", "properties": {"county": "台北市", "district": "文山區", "highway": "trunk_link", "name": null}, "geometry": {"type": "LineString", "coordinates": [[121.5339773, 25.008585], [121.533911, 25.0072997], [121.5339374, 25.0069367]]}}, {"type": "Feature", "properties": {"county": "台北市", "district": "文山區", "highway": "motorway", "name": "福爾摩沙高速公路"}, "geometry": {"type": "LineString", "coordinates": [[121.5957893, 25.0063114], [121.5954374, 25.0047355]]}}, {"type": "Feature", "properties": {"county": "台北市", "district": "文山區", "highway": "motorway_link", "name": "木柵交流道"}, "geometry": {"type": "LineString", "coordinates": [[121.5953875, 25.0033006], [121.5952306, 25.0033285], [121.5950447, 25.0033493], [121.594871, 25.003354], [121.59468, 25.0033478], [121.5945301, 25.0033327]]}}, {"type": "Feature", "properties": {"county": "台北市", "district": "文山區", "highway": "trunk", "name": "水源快速道路"}, "geometry": {"type": "LineString", "coordinates": [[121.5336896, 24.9923184], [121.5352459, 24.9946396], [121.5354386, 24.995013], [121.5355123, 24.995221], [121.5355676, 24.9954449], [121.5356236, 24.9957154], [121.5356472, 24.9960416], [121.5356491, 24.996098], [121.5356518, 24.9962505]]}}, {"type": "Feature", "properties": {"county": "台北市", "district": "文山區", "highway": "trunk", "name": "環河路"}, "geometry": {"type": "LineString", "coordinates": [[121.5335507, 24.9923283], [121.5332375, 24.9918844], [121.5331871, 24.9918083]]}}, {"type": "Feature", "properties": {"county": "台北市", "district": "文山區", "highway": "residential", "name": "寶中路97巷"}, "geometry": {"type": "LineString", "coordinates": [[121.5510508, 24.9809784], [121.5507745, 24.9808678], [121.5502547, 24.9808382], [121.5490899, 24.9806064], [121.5488633, 24.9803044]]}}, {"type": "Feature", "properties": {"county": "台北市", "district": "文山區", "highway": "residential", "name": "寶橋路235巷"}, "geometry": {"type": "LineString", "coordinates": [[121.5514779, 24.9855768], [121.5518659, 24.9851004], [121.5523717, 24.9845], [121.5524957, 24.9843447], [121.5524985, 24.9842281], [121.5523983, 24.9841301], [121.5523792, 24.9841114], [121.5508397, 24.9831587], [121.5506565, 24.9830397], [121.5504419, 24.9829206], [121.5499841, 24.982614], [121.5499201, 24.9825213], [121.5499198, 24.9824259], [121.5510508, 24.9809784], [121.5513304, 24.9806465], [121.5516737, 24.980234], [121.5518529, 24.9800128], [121.5522529, 24.9794989], [121.5523205, 24.9794121]]}}, {"type": "Feature", "properties": {"county": "台北市", "district": "文山區", "highway": "secondary", "name": "深南路"}, "geometry": {"type": "LineString", "coordinates": [[121.6220819, 25.0071748], [121.6218106, 25.0074895], [121.6214662, 25.0078831], [121.621267, 25.0080946], [121.6211395, 25.0081669], [121.6195601, 25.0092553], [121.6195113, 25.0093277], [121.6194785, 25.0094146], [121.6194858, 25.0095045], [121.6195076, 25.0095998], [121.6196209, 25.0097083], [121.6197486, 25.009759], [121.619779, 25.0097578], [121.619895, 25.009753], [121.6200053, 25.0097296], [121.6209189, 25.0093837], [121.6211356, 25.0093524], [121.6213136, 25.0094094], [121.6214032, 25.0094785], [121.6214519, 25.009516], [121.6214624, 25.0095489], [121.6215112, 25.0097025], [121.6213413, 25.0106421], [121.6212837, 25.0110936], [121.6212832, 25.0111911], [121.6213029, 25.0113514], [121.6214382, 25.0116558], [121.6215652, 25.011793], [121.6217182, 25.0118984], [121.6221392, 25.0121618], [121.622324, 25.0123425], [121.6223513, 25.012472], [121.6223499, 25.0130078], [121.6223499, 25.0131976], [121.6223892, 25.0133399], [121.6224624, 25.0134574], [121.6227396, 25.0138732], [121.6229858, 25.0142425], [121.6231827, 25.0145378], [121.6232644, 25.0146466], [121.6233646, 25.0147439], [121.623536, 25.0148426], [121.6236654, 25.0148715], [121.6237795, 25.0148817], [121.6238698, 25.014875], [121.6241539, 25.0147989], [121.6244187, 25.0147237], [121.6249366, 25.0145636], [121.6256195, 25.0143659], [121.625829, 25.0144002], [121.6260008, 25.0145157], [121.6260573, 25.0146642], [121.6260452, 25.0148454], [121.6260123, 25.0149237], [121.6259406, 25.0150031], [121.62579, 25.0150913], [121.6256187, 25.015096], [121.6254294, 25.0150704], [121.6251599, 25.0150416], [121.6250005, 25.0150432], [121.6248395, 25.015107], [121.6247201, 25.015255], [121.6246806, 25.0154861], [121.6247198, 25.0156186], [121.6248161, 25.0157307], [121.6249247, 25.0157924], [121.6250239, 25.0157972], [121.6251618, 25.0157982], [121.6254839, 25.0157208], [121.6259142, 25.0156569], [121.6261985, 25.0156061], [121.626367, 25.0155954], [121.6265323, 25.0156832], [121.626597, 25.0158892], [121.6265496, 25.0160482], [121.6263972, 25.0161554], [121.6258591, 25.0164389], [121.62546, 25.0166464]]}}, {"type": "Feature", "properties": {"county": "台北市", "district": "文山區", "highway": "secondary", "name": "北深路二段"}, "geometry": {"type": "LineString", "coordinates": [[121.6124079, 25.0012048], [121.6124908, 25.0012256], [121.612625, 25.0012946], [121.6127011, 25.0013416], [121.612978, 25.0015381], [121.6135959, 25.0019699], [121.6138279, 25.002106], [121.6141795, 25.002252], [121.6144016, 25.0023283], [121.6146446, 25.0024099], [121.61539, 25.0026707], [121.6157589, 25.0028134], [121.6159364, 25.0028883], [121.6159859, 25.0029068], [121.6166428, 25.0031634], [121.6174961, 25.0035028], [121.6181368, 25.003759], [121.6182963, 25.0038221], [121.618444, 25.0038805], [121.6186672, 25.0039679], [121.6188033, 25.0040143], [121.6190639, 25.0041121], [121.6192968, 25.0042], [121.619496, 25.004273], [121.6200542, 25.0044776], [121.6201768, 25.0044888], [121.6203051, 25.004494], [121.6205024, 25.0044495], [121.6207972, 25.0044275], [121.6210806, 25.0044761], [121.6214166, 25.0045682], [121.6214951, 25.0045959], [121.6219994, 25.004784]]}}, {"type": "Feature", "properties": {"county": "台北市", "district": "文山區", "highway": "tertiary", "name": null}, "geometry": {"type": "LineString", "coordinates": [[121.5963586, 25.0012726], [121.596278, 25.001306], [121.5962113, 25.0013337], [121.59598, 25.0014297], [121.5958386, 25.0014769], [121.5957433, 25.0015015]]}}, {"type": "Feature", "properties": {"county": "台北市", "district": "文山區", "highway": "secondary", "name": "木柵路四段"}, "geometry": {"type": "LineString", "coordinates": [[121.5769287, 25.0002407], [121.5768268, 25.0002119]]}}, {"type": "Feature", "properties": {"county": "台北市", "district": "文山區", "highway": "tertiary", "name": "新光路二段"}, "geometry": {"type": "LineString", "coordinates": [[121.5940894, 24.9963233], [121.594157, 24.9964954], [121.5941972, 24.9965888], [121.594279, 24.9967304], [121.5943398, 24.9968176], [121.5944504, 24.9969523], [121.5945845, 24.9970974], [121.5950663, 24.9976032], [121.5951863, 24.9977396], [121.5952887, 24.9978721], [121.5953815, 24.9980018], [121.5954992, 24.9981849], [121.5958274, 24.9987928], [121.5959534, 24.9990262], [121.5960086, 24.9991492], [121.596072, 24.9993121], [121.5961375, 24.9995073], [121.5961929, 24.9997084], [121.5962183, 24.9998396], [121.5962357, 24.9999531], [121.5962531, 25.0001355], [121.5962599, 25.0002943], [121.5962594, 25.0005594], [121.5962686, 25.0007194], [121.596284, 25.0008683], [121.5962967, 25.0009633], [121.5963264, 25.0011284], [121.596338, 25.0011802], [121.5963586, 25.0012726]]}}, {"type": "Feature", "properties": {"county": "台北市", "district": "文山區", "highway": "secondary", "name": "景美溪橋"}, "geometry": {"type": "LineString", "coordinates": [[121.5452411, 24.986771], [121.5445784, 24.9867752], [121.5425932, 24.9867316]]}}, {"type": "Feature", "properties": {"county": "台北市", "district": "文山區", "highway": "unclassified", "name": null}, "geometry": {"type": "LineString", "coordinates": [[121.5854151, 25.006396], [121.5855471, 25.0062343], [121.5855965, 25.0061835], [121.5856384, 25.0061516], [121.5856729, 25.0061328], [121.5857004, 25.0061261], [121.5857368, 25.0061238], [121.5857772, 25.0061247], [121.5858275, 25.0061316], [121.5858778, 25.006148], [121.5859282, 25.0061739], [121.5859783, 25.0062157], [121.5860356, 25.006276], [121.5860824, 25.006344], [121.586098, 25.0063777], [121.5861078, 25.0064233], [121.5861116, 25.0064686], [121.5861114, 25.0066681], [121.5861141, 25.0067013], [121.5861192, 25.0067365], [121.5861272, 25.0067711], [121.5861509, 25.0068316], [121.5861822, 25.0068757], [121.5862234, 25.0069185], [121.5862826, 25.0069679], [121.5863337, 25.0069972], [121.5863683, 25.0070109], [121.5863965, 25.0070173], [121.5864465, 25.0070249], [121.5865497, 25.0070404], [121.5866603, 25.0070616], [121.5867096, 25.0070735], [121.5867621, 25.0070904], [121.5868212, 25.007117], [121.5870752, 25.0072683], [121.5871729, 25.0073213], [121.5872449, 25.0073559], [121.5873218, 25.0073849], [121.5873959, 25.007402], [121.5874985, 25.0074196], [121.5875428, 25.0074225], [121.587579, 25.0074202], [121.5876121, 25.007415], [121.5876646, 25.0074004], [121.5877077, 25.0073813], [121.5877514, 25.0073554], [121.5877892, 25.0073272], [121.587827, 25.0072927], [121.5878592, 25.0072543], [121.5879405, 25.0071276], [121.5879763, 25.0070807], [121.5880021, 25.0070531], [121.5880383, 25.0070221], [121.5880711, 25.0070006], [121.5881034, 25.0069833], [121.5881389, 25.0069687], [121.5881795, 25.0069583], [121.58822, 25.0069547], [121.5882519, 25.006959], [121.5883008, 25.0069751], [121.5884279, 25.007035], [121.5884825, 25.0070562], [121.5885241, 25.007068], [121.5885564, 25.0070747], [121.5885859, 25.0070769], [121.5886273, 25.0070758], [121.589047, 25.0070368], [121.5890942, 25.0070324], [121.5894695, 25.0069815], [121.5895232, 25.0069772], [121.5895788, 25.0069768], [121.58964, 25.0069832], [121.5897327, 25.0069972], [121.5898516, 25.0070317], [121.5898823, 25.0070446], [121.5899101, 25.007061], [121.5899266, 25.0070821], [121.5899318, 25.0070992], [121.5899677, 25.0072174], [121.5900289, 25.0074183], [121.5900439, 25.0074931], [121.5900497, 25.0075739], [121.590045, 25.0077172], [121.590031, 25.0078467], [121.5900164, 25.0079124], [121.5899951, 25.0079818], [121.5899752, 25.0080251], [121.5899348, 25.0080919], [121.5898688, 25.0082013], [121.5898028, 25.0083367], [121.5897871, 25.0083627], [121.5897664, 25.0083869], [121.5897341, 25.0084131], [121.5896862, 25.0084408], [121.5896379, 25.0084619], [121.5895829, 25.0084766], [121.5895122, 25.0084839], [121.589425, 25.0084909], [121.5893552, 25.0084918], [121.5893113, 25.0084961], [121.5892635, 25.0085067], [121.5891516, 25.0085431], [121.5890676, 25.0085772], [121.5890019, 25.0086112], [121.5889418, 25.0086474], [121.5888805, 25.0086933], [121.5888254, 25.008745], [121.5887611, 25.0088203], [121.5887209, 25.0088792], [121.588684, 25.008938], [121.5886247, 25.0090424], [121.5885885, 25.0091138], [121.5885531, 25.0092033], [121.5885231, 25.0093089], [121.588511, 25.0094025], [121.5885107, 25.0094672], [121.5885171, 25.0095276], [121.5885405, 25.0096382], [121.5885696, 25.0097441], [121.5887913, 25.0103641], [121.5888374, 25.010499], [121.5888489, 25.0105716], [121.5888537, 25.0106847], [121.5888489, 25.0108207], [121.588822, 25.0110984], [121.5888242, 25.0111987], [121.5888322, 25.0112492], [121.5888508, 25.0112995], [121.5888838, 25.0113555], [121.5889358, 25.0114005], [121.5890005, 25.0114351], [121.5890773, 25.0114547], [121.5891467, 25.0114582], [121.5892172, 25.0114522], [121.5892754, 25.0114394], [121.5893242, 25.0114176], [121.5893593, 25.0113926], [121.5893881, 25.0113549], [121.5894014, 25.0113068], [121.5894062, 25.0112334], [121.5893977, 25.0111559], [121.5893775, 25.0110166], [121.5893676, 25.0108885], [121.5893653, 25.0107606], [121.5893687, 25.0106816], [121.5893755, 25.0106488], [121.5893935, 25.0106105], [121.5894189, 25.0105795], [121.5894511, 25.0105516], [121.5894837, 25.0105336], [121.5895225, 25.0105176], [121.5895641, 25.0105084], [121.5896318, 25.0105014], [121.5897215, 25.0105032], [121.5897684, 25.0105149], [121.5898059, 25.0105388], [121.5898342, 25.0105751], [121.5898484, 25.0106129], [121.5898474, 25.010657], [121.5898313, 25.0106886], [121.5897997, 25.0107241], [121.5896979, 25.0108033], [121.5895622, 25.0109368], [121.5895443, 25.0109684], [121.589537, 25.011], [121.589539, 25.011045], [121.5895466, 25.0110827], [121.5896449, 25.0113846], [121.589659, 25.0114758], [121.5896597, 25.0115992], [121.5896335, 25.0117505], [121.5895988, 25.011885], [121.5894835, 25.0122625], [121.5894459, 25.0123855]]}}, {"type": "Feature", "properties": {"county": "台北市", "district": "文山區", "highway": "tertiary", "name": "萬芳路"}, "geometry": {"type": "LineString", "coordinates": [[121.5717955, 24.9949164], [121.5717369, 24.994923]]}}, {"type": "Feature", "properties": {"county": "台北市", "district": "文山區", "highway": "residential", "name": "萬樂街"}, "geometry": {"type": "LineString", "coordinates": [[121.5656098, 25.0015004], [121.5656735, 25.0013576], [121.5656837, 25.0013348], [121.5658084, 25.0010747], [121.5658859, 25.000953], [121.5659764, 25.0008412], [121.5660847, 25.0007294], [121.5662627, 25.0005569], [121.5664405, 25.0003951], [121.5665966, 25.0002692], [121.5666456, 25.0002316], [121.5668252, 25.0001083], [121.5668599, 25.0000845], [121.5670234, 24.9999855], [121.5672103, 24.9998858], [121.5673869, 24.9998009], [121.5675801, 24.9997229], [121.5677621, 24.9996567], [121.568084, 24.9995576], [121.5682088, 24.999523], [121.568343, 24.9994916], [121.5685077, 24.9994646], [121.5689738, 24.9994154], [121.5690601, 24.9994133]]}}, {"type": "Feature", "properties": {"county": "台北市", "district": "文山區", "highway": "tertiary", "name": "萬美街二段"}, "geometry": {"type": "LineString", "coordinates": [[121.5628254, 25.0034636], [121.5629248, 25.0035868], [121.5632427, 25.0039406], [121.5633088, 25.0039987], [121.5633701, 25.0040355], [121.5634377, 25.0040663], [121.563565, 25.0041181], [121.5643547, 25.0044441], [121.5645533, 25.004526], [121.5646319, 25.0045683], [121.5647008, 25.0046322], [121.564752, 25.0046995], [121.5647916, 25.0047755], [121.5648148, 25.0048559], [121.5648264, 25.0049438], [121.5648229, 25.0050273], [121.5648016, 25.0051164], [121.5647659, 25.0051876], [121.5647151, 25.0052556], [121.5646595, 25.0053133], [121.5645916, 25.0053713], [121.5645226, 25.0054087], [121.5644872, 25.0054223], [121.5644058, 25.0054441], [121.5643181, 25.0054537], [121.5642557, 25.0054532], [121.5642076, 25.0054494], [121.564121, 25.0054357], [121.564039, 25.005413], [121.5639687, 25.0053774], [121.5639013, 25.0053277], [121.5638506, 25.0052752], [121.5637808, 25.0051891], [121.5637344, 25.0051278], [121.5633152, 25.0045327], [121.5632215, 25.0044408], [121.5631224, 25.0043702], [121.5630179, 25.0043114], [121.5628797, 25.0042583], [121.5627462, 25.0042269], [121.5625872, 25.0042132], [121.5624322, 25.0042199], [121.5623062, 25.0042457], [121.56216, 25.004294], [121.5620344, 25.0043544], [121.5619241, 25.0044324], [121.5618379, 25.0045232], [121.5617086, 25.0046936], [121.5616086, 25.0048011], [121.5614776, 25.004915], [121.56134, 25.0050029], [121.5612803, 25.0050347], [121.5602519, 25.0055655], [121.5601668, 25.0056014], [121.5600551, 25.005639], [121.5599622, 25.005666]]}}, {"type": "Feature", "properties": {"county": "台北市", "district": "文山區", "highway": "tertiary", "name": "萬美街二段"}, "geometry": {"type": "LineString", "coordinates": [[121.5618192, 25.0020246], [121.5617453, 25.0020924], [121.56168, 25.0021719], [121.5616319, 25.0022468], [121.5615915, 25.0023162], [121.5615555, 25.0023927], [121.5615163, 25.0024929], [121.5614953, 25.0025983], [121.5615027, 25.0026992], [121.5615222, 25.0027799], [121.5615575, 25.0028729], [121.5616107, 25.002981], [121.5617334, 25.0031789], [121.5617929, 25.0032576], [121.5618608, 25.0033227], [121.561941, 25.003375], [121.5620128, 25.0034122], [121.5621024, 25.0034472], [121.5622241, 25.003488], [121.5623569, 25.0035225], [121.562427, 25.0035381], [121.5625053, 25.0035413], [121.5625804, 25.0035296], [121.562706, 25.0034996], [121.5628254, 25.0034636]]}}, {"type": "Feature", "properties": {"county": "台北市", "district": "文山區", "highway": "secondary", "name": "辛亥隧道"}, "geometry": {"type": "LineString", "coordinates": [[121.5573834, 25.0100705], [121.5568179, 25.0106362], [121.5562524, 25.0112018], [121.5552628, 25.0121917], [121.5546973, 25.0127574], [121.5541318, 25.013323]]}}, {"type": "Feature", "properties": {"county": "台北市", "district": "文山區", "highway": "secondary", "name": "辛亥隧道"}, "geometry": {"type": "LineString", "coordinates": [[121.5538973, 25.0131398], [121.5544615, 25.0125749], [121.5550256, 25.01201], [121.5560129, 25.0110214], [121.556577, 25.0104564], [121.5571412, 25.0098915]]}}, {"type": "Feature", "properties": {"county": "台北市", "district": "文山區", "highway": "secondary", "name": "辛亥路四段"}, "geometry": {"type": "LineString", "coordinates": [[121.5546, 25.0007985], [121.5546332, 25.0008683]]}}, {"type": "Feature", "properties": {"county": "台北市", "district": "文山區", "highway": "tertiary", "name": "指南路三段"}, "geometry": {"type": "LineString", "coordinates": [[121.5937255, 24.9739695], [121.5945494, 24.973692], [121.5946841, 24.9736404], [121.5952407, 24.9733818], [121.5954857, 24.9732632], [121.5955843, 24.973197], [121.5956705, 24.973138], [121.5957613, 24.9730025], [121.5958338, 24.9727837], [121.595866, 24.9727205], [121.5959116, 24.972684], [121.5960282, 24.9726524], [121.59622, 24.9726451], [121.5967781, 24.9726303], [121.5969611, 24.9726133], [121.5970939, 24.972572], [121.5972609, 24.9725009], [121.5973977, 24.9724346], [121.597538, 24.9723959], [121.5976759, 24.9723744], [121.5978389, 24.9724085], [121.5979254, 24.9724066], [121.5981547, 24.9723726], [121.5985383, 24.972397]]}}, {"type": "Feature", "properties": {"county": "台北市", "district": "文山區", "highway": "unclassified", "name": "指南路三段34巷"}, "geometry": {"type": "LineString", "coordinates": [[121.5831077, 24.9686476], [121.5830927, 24.9685204], [121.5830405, 24.9684548], [121.5828945, 24.9684106], [121.5825318, 24.9684222], [121.5823398, 24.968324], [121.5822492, 24.9682948], [121.5821503, 24.9683114], [121.5820454, 24.9683814], [121.5820175, 24.9684401], [121.5819886, 24.968554], [121.5819657, 24.9686778], [121.5819475, 24.9688376], [121.5818855, 24.9689603], [121.5817748, 24.9691506], [121.581669, 24.9693228], [121.5815923, 24.969511], [121.5814764, 24.9697709], [121.5814665, 24.969893], [121.5814697, 24.9699385], [121.5814948, 24.9700412], [121.5814757, 24.9701544], [121.5813767, 24.9702878], [121.5812941, 24.9703325], [121.5811701, 24.9703328], [121.581, 24.9702523], [121.580907, 24.9702215], [121.5807885, 24.970228], [121.5806994, 24.9702821], [121.5806692, 24.9703454], [121.5806033, 24.9705856], [121.5804927, 24.9707532]]}}, {"type": "Feature", "properties": {"county": "台北市", "district": "文山區", "highway": "secondary", "name": "懷恩隧道"}, "geometry": {"type": "LineString", "coordinates": [[121.5517087, 24.9961726], [121.5516617, 24.9955295], [121.5513899, 24.9926758], [121.5513318, 24.9920874], [121.5513403, 24.9919359], [121.5513743, 24.9917639]]}}, {"type": "Feature", "properties": {"county": "台北市", "district": "文山區", "highway": "secondary", "name": "辛亥路五段"}, "geometry": {"type": "LineString", "coordinates": [[121.552005, 24.9961515], [121.5520017, 24.9962577], [121.5520091, 24.9964049], [121.5520288, 24.9967979], [121.5520313, 24.9968478], [121.5520651, 24.9970009], [121.5521651, 24.9972197], [121.5523361, 24.9974466], [121.5530463, 24.9981063], [121.553081, 24.99814], [121.5531167, 24.9981735]]}}, {"type": "Feature", "properties": {"county": "台北市", "district": "文山區", "highway": "secondary", "name": "辛亥路六段"}, "geometry": {"type": "LineString", "coordinates": [[121.5513743, 24.9917639], [121.5514212, 24.9916258], [121.5514634, 24.9915017], [121.5515586, 24.9913046], [121.5516628, 24.9911541], [121.5518066, 24.9910038], [121.5519204, 24.990894], [121.5520516, 24.9907484], [121.5521929, 24.9905449], [121.5522743, 24.9903423], [121.5523439, 24.9899543], [121.5524103, 24.9894246], [121.5523812, 24.9890623], [121.5523463, 24.9889259], [121.5523385, 24.9888954], [121.5522911, 24.988701], [121.5522613, 24.9884875], [121.552254, 24.9883894], [121.5522902, 24.9879067], [121.5523026, 24.9878361]]}}, {"type": "Feature", "properties": {"county": "台北市", "district": "文山區", "highway": "secondary", "name": "辛亥路六段"}, "geometry": {"type": "LineString", "coordinates": [[121.5523554, 24.9877892], [121.552369, 24.987851], [121.5523623, 24.987916], [121.5523314, 24.9882515], [121.552328, 24.9884041], [121.5523374, 24.9885269], [121.5523595, 24.9886642], [121.5524212, 24.988911], [121.5524715, 24.9891176], [121.5524836, 24.9892994], [121.5524822, 24.9894677], [121.5524226, 24.9899217], [121.5523957, 24.9901034], [121.5523803, 24.9901861], [121.5523656, 24.9902736], [121.5523468, 24.9903469], [121.5523267, 24.9904006], [121.5522717, 24.9905319], [121.5522308, 24.9906164], [121.5521805, 24.990693], [121.5521228, 24.990769], [121.5520625, 24.9908401], [121.5519693, 24.9909446], [121.5518612, 24.9910544], [121.5517613, 24.9911735], [121.5516951, 24.9912985], [121.55163, 24.9914643], [121.5515979, 24.991626], [121.551601, 24.9917915]]}}, {"type": "Feature", "properties": {"county": "台北市", "district": "文山區", "highway": "secondary", "name": "懷恩隧道"}, "geometry": {"type": "LineString", "coordinates": [[121.551601, 24.9917915], [121.552005, 24.9961515]]}}, {"type": "Feature", "properties": {"county": "台北市", "district": "文山區", "highway": "secondary", "name": "辛亥路五段"}, "geometry": {"type": "LineString", "coordinates": [[121.554039, 24.9998886], [121.5539861, 24.9997924], [121.5537591, 24.9993263], [121.5532576, 24.9984676], [121.5530978, 24.9982842], [121.5530746, 24.9982575], [121.5530383, 24.998222], [121.5530127, 24.9981973], [121.5524978, 24.9976958], [121.5523606, 24.9975567], [121.5522051, 24.9974172], [121.5520381, 24.997245], [121.5519161, 24.9970606], [121.5518325, 24.996904], [121.5517775, 24.9967613], [121.5517517, 24.9966197], [121.5517364, 24.9964016], [121.551719, 24.9962714], [121.5517087, 24.9961726]]}}, {"type": "Feature", "properties": {"county": "台北市", "district": "文山區", "highway": "secondary", "name": "辛亥路七段"}, "geometry": {"type": "LineString", "coordinates": [[121.5523026, 24.9878361], [121.5523554, 24.9877892]]}}, {"type": "Feature", "properties": {"county": "台北市", "district": "文山區", "highway": "secondary_link", "name": "辛亥路七段"}, "geometry": {"type": "LineString", "coordinates": [[121.5546344, 24.9801872], [121.5545246, 24.9802229], [121.5544475, 24.9802589], [121.5543366, 24.9803393], [121.5541605, 24.9804852], [121.5539426, 24.9806749], [121.5537993, 24.980786]]}}, {"type": "Feature", "properties": {"county": "台北市", "district": "文山區", "highway": "unclassified", "name": "辛亥路七段"}, "geometry": {"type": "LineString", "coordinates": [[121.5536148, 24.9810599], [121.5536023, 24.9809984], [121.5536489, 24.9806296]]}}, {"type": "Feature", "properties": {"county": "台北市", "district": "文山區", "highway": "unclassified", "name": "木新路三段"}, "geometry": {"type": "LineString", "coordinates": [[121.5539761, 24.9799025], [121.5546943, 24.9800983], [121.5548449, 24.9801386], [121.5549022, 24.9802142]]}}, {"type": "Feature", "properties": {"county": "台北市", "district": "文山區", "highway": "unclassified", "name": "辛亥路七段"}, "geometry": {"type": "LineString", "coordinates": [[121.5537959, 24.9800335], [121.5538411, 24.9799576], [121.553871, 24.9799293], [121.553896, 24.9799122], [121.5539761, 24.9799025]]}}, {"type": "Feature", "properties": {"county": "台北市", "district": "文山區", "highway": "residential", "name": "一壽街64巷"}, "geometry": {"type": "LineString", "coordinates": [[121.5554277, 24.9786193], [121.5563282, 24.9787545]]}}, {"type": "Feature", "properties": {"county": "台北市", "district": "文山區", "highway": "residential", "name": "樟新街48巷"}, "geometry": {"type": "LineString", "coordinates": [[121.5545265, 24.9780006], [121.5555802, 24.9782701]]}}, {"type": "Feature", "properties": {"county": "台北市", "district": "文山區", "highway": "residential", "name": "一壽街"}, "geometry": {"type": "LineString", "coordinates": [[121.5563282, 24.9787545], [121.5563773, 24.9783934], [121.5564049, 24.9781887], [121.556426, 24.9780386]]}}, {"type": "Feature", "properties": {"county": "台北市", "district": "文山區", "highway": "tertiary", "name": "寶橋"}, "geometry": {"type": "LineString", "coordinates": [[121.55261, 24.9795699], [121.552771, 24.9796327]]}}, {"type": "Feature", "properties": {"county": "台北市", "district": "文山區", "highway": "tertiary", "name": "寶橋路"}, "geometry": {"type": "LineString", "coordinates": [[121.5428906, 24.9733968], [121.5429744, 24.9734417]]}}, {"type": "Feature", "properties": {"county": "台北市", "district": "文山區", "highway": "residential", "name": "羅斯福路四段24巷"}, "geometry": {"type": "LineString", "coordinates": [[121.5333006, 25.0156349], [121.5332272, 25.0155657], [121.5327766, 25.0151389], [121.5325611, 25.0149345], [121.5325215, 25.0149062]]}}, {"type": "Feature", "properties": {"county": "台北市", "district": "文山區", "highway": "residential", "name": "羅斯福路四段196巷"}, "geometry": {"type": "LineString", "coordinates": [[121.5366486, 25.0118902], [121.5365506, 25.011848], [121.5362101, 25.0116823], [121.5359943, 25.0115773], [121.5359398, 25.0115528]]}}, {"type": "Feature", "properties": {"county": "台北市", "district": "文山區", "highway": "tertiary", "name": "萬壽路"}, "geometry": {"type": "LineString", "coordinates": [[121.5756713, 24.9876748], [121.5757192, 24.9877225], [121.5757891, 24.9877889], [121.5759258, 24.9879189], [121.5760134, 24.9880001]]}}, {"type": "Feature", "properties": {"county": "台北市", "district": "文山區", "highway": "tertiary", "name": "指南路二段"}, "geometry": {"type": "LineString", "coordinates": [[121.5781939, 24.987144], [121.5782976, 24.9871036], [121.57835, 24.9870765], [121.5783776, 24.9870609], [121.5784735, 24.9869995], [121.5785629, 24.9869363], [121.5791346, 24.9864595], [121.5792215, 24.9863927], [121.579297, 24.9863446], [121.5793743, 24.9863031], [121.5794797, 24.9862464], [121.579519, 24.9862199], [121.5795874, 24.9861546], [121.5796382, 24.9860891], [121.5797422, 24.9859286], [121.5797596, 24.9858982], [121.579776, 24.9858676]]}}, {"type": "Feature", "properties": {"county": "台北市", "district": "文山區", "highway": "trunk_link", "name": null}, "geometry": {"type": "LineString", "coordinates": [[121.5326696, 24.9910216], [121.5332126, 24.991602], [121.5332992, 24.9917021]]}}, {"type": "Feature", "properties": {"county": "台北市", "district": "文山區", "highway": "trunk_link", "name": null}, "geometry": {"type": "LineString", "coordinates": [[121.528879, 24.9893539], [121.5295026, 24.9891873], [121.5296247, 24.9891495], [121.5297775, 24.9890916], [121.5299325, 24.9890138], [121.5300719, 24.9889307], [121.5302079, 24.988835], [121.5303696, 24.9887193], [121.5304732, 24.98866], [121.53059, 24.9886104], [121.5307156, 24.9885778], [121.530849, 24.9885772], [121.5309651, 24.9885952], [121.5310724, 24.9886321], [121.5311759, 24.9886893], [121.5312466, 24.9887434], [121.5313168, 24.9888206], [121.5313603, 24.9888881], [121.5313901, 24.9889525], [121.5314277, 24.9890611], [121.5315416, 24.9894937], [121.5315643, 24.9895529], [121.5315957, 24.9896167], [121.5316484, 24.9896939], [121.5323364, 24.9905887]]}}, {"type": "Feature", "properties": {"county": "台北市", "district": "文山區", "highway": "secondary", "name": "文山路三段"}, "geometry": {"type": "LineString", "coordinates": [[121.6074603, 24.9986408], [121.6078403, 24.9986261], [121.6080949, 24.9986122]]}}, {"type": "Feature", "properties": {"county": "台北市", "district": "文山區", "highway": "residential", "name": "基隆路三段155巷"}, "geometry": {"type": "LineString", "coordinates": [[121.5426601, 25.0156504], [121.5426818, 25.0156225], [121.5428798, 25.0153678], [121.5430834, 25.0151059], [121.5432538, 25.0148867], [121.5434217, 25.0146706], [121.5439497, 25.0139913], [121.5439957, 25.0139321], [121.5444301, 25.0133733]]}}, {"type": "Feature", "properties": {"county": "台北市", "district": "文山區", "highway": "secondary", "name": "基隆路四段"}, "geometry": {"type": "LineString", "coordinates": [[121.5394305, 25.0132], [121.5392748, 25.0130637], [121.5385211, 25.0124471], [121.5383852, 25.0123359], [121.5378875, 25.0119287], [121.5376027, 25.0116945], [121.5373419, 25.0114799], [121.5371612, 25.011331]]}}, {"type": "Feature", "properties": {"county": "台北市", "district": "文山區", "highway": "residential", "name": "羅斯福路三段316巷"}, "geometry": {"type": "LineString", "coordinates": [[121.531958, 25.0152877], [121.5319949, 25.0153299], [121.5320901, 25.0154179], [121.532471, 25.0157747], [121.5327482, 25.0160234], [121.5328346, 25.0161068], [121.5328638, 25.0161342], [121.532888, 25.0161569], [121.5329112, 25.016178], [121.5329316, 25.0161992]]}}, {"type": "Feature", "properties": {"county": "台北市", "district": "文山區", "highway": "tertiary", "name": "寶中路"}, "geometry": {"type": "LineString", "coordinates": [[121.5486795, 24.98053], [121.5485094, 24.9806289], [121.5483302, 24.9806728], [121.5481555, 24.9806754], [121.5479272, 24.9806619], [121.5477423, 24.9806192], [121.5476445, 24.9805966], [121.54733, 24.9804412], [121.5460302, 24.9796383], [121.5457155, 24.9794603], [121.5451523, 24.9791418], [121.5450797, 24.9791007]]}}, {"type": "Feature", "properties": {"county": "台北市", "district": "文山區", "highway": "trunk_link", "name": null}, "geometry": {"type": "LineString", "coordinates": [[121.5370912, 24.9613702], [121.5371453, 24.9614755]]}}, {"type": "Feature", "properties": {"county": "台北市", "district": "文山區", "highway": "residential", "name": "紫雲街"}, "geometry": {"type": "LineString", "coordinates": [[121.5747758, 25.0166876], [121.5748725, 25.0165226], [121.5749076, 25.0163802], [121.5749674, 25.0162201], [121.5750597, 25.0160531], [121.5751833, 25.0159757], [121.5753551, 25.015955], [121.5755895, 25.0159196], [121.5758019, 25.015877], [121.5761285, 25.0157928], [121.5762925, 25.0157321], [121.5765064, 25.0156685], [121.5768358, 25.0154715]]}}, {"type": "Feature", "properties": {"county": "台北市", "district": "文山區", "highway": "trunk_link", "name": "環河路"}, "geometry": {"type": "LineString", "coordinates": [[121.5369018, 24.9620041], [121.5369468, 24.9618606], [121.5369829, 24.9614594]]}}, {"type": "Feature", "properties": {"county": "台北市", "district": "文山區", "highway": "secondary_link", "name": null}, "geometry": {"type": "LineString", "coordinates": [[121.5768933, 25.0001358], [121.5769287, 25.0002407]]}}, {"type": "Feature", "properties": {"county": "台北市", "district": "文山區", "highway": "trunk", "name": "信義快速道路"}, "geometry": {"type": "LineString", "coordinates": [[121.5810408, 25.0060835], [121.5809635, 25.005753]]}}, {"type": "Feature", "properties": {"county": "台北市", "district": "文山區", "highway": "motorway", "name": "台北聯絡線"}, "geometry": {"type": "LineString", "coordinates": [[121.584972, 25.0041132], [121.5842992, 25.0041769]]}}, {"type": "Feature", "properties": {"county": "台北市", "district": "文山區", "highway": "motorway", "name": "台北聯絡線"}, "geometry": {"type": "LineString", "coordinates": [[121.5856317, 25.0040028], [121.5852968, 25.0040661], [121.584972, 25.0041132]]}}, {"type": "Feature", "properties": {"county": "台北市", "district": "文山區", "highway": "motorway", "name": "台北聯絡線"}, "geometry": {"type": "LineString", "coordinates": [[121.5856191, 25.0039104], [121.5860288, 25.0038337], [121.5863704, 25.0037697]]}}, {"type": "Feature", "properties": {"county": "台北市", "district": "文山區", "highway": "motorway", "name": "台北聯絡線"}, "geometry": {"type": "LineString", "coordinates": [[121.5844552, 25.0040879], [121.5849336, 25.0040161], [121.5853202, 25.0039616], [121.5856191, 25.0039104]]}}, {"type": "Feature", "properties": {"county": "台北市", "district": "文山區", "highway": "motorway", "name": "台北聯絡線"}, "geometry": {"type": "LineString", "coordinates": [[121.5815076, 25.0042522], [121.5837709, 25.0041709], [121.5842893, 25.0041102], [121.5844552, 25.0040879]]}}, {"type": "Feature", "properties": {"county": "台北市", "district": "文山區", "highway": "motorway", "name": "台北聯絡線"}, "geometry": {"type": "LineString", "coordinates": [[121.5802243, 25.0043901], [121.5805135, 25.0043425], [121.5807941, 25.0043035], [121.5811009, 25.0042724], [121.5815076, 25.0042522]]}}, {"type": "Feature", "properties": {"county": "台北市", "district": "文山區", "highway": "trunk", "name": "信義快速道路"}, "geometry": {"type": "LineString", "coordinates": [[121.5811784, 25.0058857], [121.5812772, 25.0062424], [121.5813497, 25.0065839]]}}, {"type": "Feature", "properties": {"county": "台北市", "district": "文山區", "highway": "trunk", "name": "信義快速道路"}, "geometry": {"type": "LineString", "coordinates": [[121.5810875, 25.0055389], [121.5811784, 25.0058857]]}}, {"type": "Feature", "properties": {"county": "台北市", "district": "文山區", "highway": "trunk", "name": "信義快速道路"}, "geometry": {"type": "LineString", "coordinates": [[121.5809635, 25.005753], [121.5809013, 25.0055211], [121.5808255, 25.0052654], [121.580731, 25.0049823], [121.5805876, 25.0046317]]}}, {"type": "Feature", "properties": {"county": "台北市", "district": "文山區", "highway": "motorway_link", "name": "萬芳交流道"}, "geometry": {"type": "LineString", "coordinates": [[121.5815903, 25.0044613], [121.5811769, 25.004472], [121.5807778, 25.0044998], [121.5803077, 25.0045586]]}}, {"type": "Feature", "properties": {"county": "台北市", "district": "文山區", "highway": "motorway_link", "name": "萬芳交流道"}, "geometry": {"type": "LineString", "coordinates": [[121.5803077, 25.0045586], [121.5797517, 25.0046782], [121.5794717, 25.0047667], [121.5791947, 25.0048834], [121.5788973, 25.005031], [121.5786417, 25.005191], [121.5784776, 25.0053249], [121.578347, 25.0054557], [121.5782473, 25.0056221], [121.5781884, 25.0057938], [121.5781942, 25.0059943], [121.5782363, 25.0061658], [121.5783376, 25.0063302], [121.5784731, 25.0064672], [121.5786564, 25.0065715], [121.5788612, 25.0066351], [121.579064, 25.0066696], [121.5792475, 25.006671], [121.5794872, 25.0066394], [121.5796934, 25.0065846], [121.5799009, 25.0065065], [121.5800566, 25.0064125], [121.5802064, 25.0062947], [121.5803435, 25.0061593], [121.5804729, 25.0059868], [121.5805616, 25.0058354], [121.5806285, 25.0056827], [121.5806709, 25.0055172], [121.5806973, 25.0053434], [121.580697, 25.0051907], [121.5806705, 25.0050458], [121.5805876, 25.0046317]]}}, {"type": "Feature", "properties": {"county": "台北市", "district": "文山區", "highway": "motorway", "name": "台北聯絡線"}, "geometry": {"type": "LineString", "coordinates": [[121.578192, 25.0053081], [121.577383, 25.0058934], [121.5770391, 25.0061378], [121.5767255, 25.0063375], [121.5764599, 25.006496], [121.5761346, 25.0066655], [121.5758097, 25.0068221], [121.5754817, 25.006965], [121.5751281, 25.0071002], [121.5748062, 25.0072074], [121.5744742, 25.0073019], [121.5742708, 25.0073568]]}}, {"type": "Feature", "properties": {"county": "台北市", "district": "文山區", "highway": "motorway", "name": "台北聯絡線"}, "geometry": {"type": "LineString", "coordinates": [[121.5815507, 25.0043325], [121.5811729, 25.0043551], [121.5807866, 25.0043886], [121.5804819, 25.0044308], [121.5802605, 25.0044667]]}}, {"type": "Feature", "properties": {"county": "台北市", "district": "文山區", "highway": "motorway_link", "name": "萬芳交流道"}, "geometry": {"type": "LineString", "coordinates": [[121.584972, 25.0041132], [121.584317, 25.0042258]]}}, {"type": "Feature", "properties": {"county": "台北市", "district": "文山區", "highway": "motorway_link", "name": "萬芳交流道"}, "geometry": {"type": "LineString", "coordinates": [[121.5829996, 25.0044397], [121.5815903, 25.0044613]]}}, {"type": "Feature", "properties": {"county": "台北市", "district": "文山區", "highway": "motorway_link", "name": "萬芳交流道"}, "geometry": {"type": "LineString", "coordinates": [[121.5789497, 25.0023592], [121.5797088, 25.0028891], [121.5805791, 25.0035479]]}}, {"type": "Feature", "properties": {"county": "台北市", "district": "文山區", "highway": "motorway_link", "name": "萬芳交流道"}, "geometry": {"type": "LineString", "coordinates": [[121.5805791, 25.0035479], [121.5808165, 25.0037606], [121.581015, 25.0039612], [121.5811513, 25.0041711], [121.5812694, 25.0044385], [121.5813404, 25.0046937], [121.5813632, 25.0048809]]}}, {"type": "Feature", "properties": {"county": "台北市", "district": "文山區", "highway": "secondary", "name": "木柵路五段"}, "geometry": {"type": "LineString", "coordinates": [[121.5768933, 25.0001358], [121.5774285, 25.000273], [121.577713, 25.0003577], [121.5778395, 25.0003991], [121.5780381, 25.0004724], [121.5781805, 25.0005316], [121.5783484, 25.0006095], [121.5797314, 25.0012692], [121.5799146, 25.0013638], [121.5806378, 25.001751], [121.580963, 25.0019116], [121.5810146, 25.0019343], [121.5812507, 25.0020382], [121.58141, 25.0021083], [121.5816141, 25.0021997], [121.582097, 25.0024158]]}}, {"type": "Feature", "properties": {"county": "台北市", "district": "文山區", "highway": "trunk_link", "name": null}, "geometry": {"type": "LineString", "coordinates": [[121.5768978, 25.0007197], [121.5768314, 25.000545], [121.5767884, 25.0004553], [121.5767143, 25.0003361], [121.5766229, 25.0002358], [121.5765555, 25.0001825], [121.576462, 25.0001244], [121.5763426, 25.0000663]]}}, {"type": "Feature", "properties": {"county": "台北市", "district": "文山區", "highway": "trunk_link", "name": null}, "geometry": {"type": "LineString", "coordinates": [[121.5773708, 25.0003444], [121.5772261, 25.0003453], [121.5771371, 25.0003618], [121.5770818, 25.0003925], [121.5770324, 25.0004445], [121.5770204, 25.0004654], [121.5769979, 25.0005046], [121.5769778, 25.0005931], [121.5769797, 25.0006925]]}}, {"type": "Feature", "properties": {"county": "台北市", "district": "文山區", "highway": "motorway_link", "name": "萬芳交流道"}, "geometry": {"type": "LineString", "coordinates": [[121.5802916, 25.0040226], [121.579977, 25.0036281], [121.5797731, 25.0034628], [121.5796015, 25.0033656], [121.5794405, 25.0032878], [121.5792635, 25.0032659], [121.5791599, 25.0032701], [121.5790204, 25.003309], [121.5788809, 25.0033868], [121.5787629, 25.0035035], [121.5786878, 25.0036299], [121.5786449, 25.0037697], [121.5786494, 25.0039224], [121.5787029, 25.0040829], [121.5787852, 25.0041971], [121.5788719, 25.0042649], [121.5790212, 25.0043308], [121.5792045, 25.0043768], [121.5793762, 25.004406], [121.5796015, 25.0044254], [121.579871, 25.0044181], [121.5802243, 25.0043901]]}}, {"type": "Feature", "properties": {"county": "台北市", "district": "文山區", "highway": "motorway_link", "name": "萬芳交流道"}, "geometry": {"type": "LineString", "coordinates": [[121.5778194, 25.0050563], [121.5781336, 25.0045651], [121.5783267, 25.004147], [121.5784428, 25.0036767], [121.5784785, 25.0034231]]}}, {"type": "Feature", "properties": {"county": "台北市", "district": "文山區", "highway": "trunk", "name": "文山隧道"}, "geometry": {"type": "LineString", "coordinates": [[121.5773655, 25.0214889], [121.5782751, 25.0201542], [121.5790516, 25.0189925], [121.5797705, 25.0176338], [121.5800808, 25.0169384], [121.5805778, 25.0155872], [121.5808225, 25.0147086], [121.5810713, 25.013582], [121.5812436, 25.0123752], [121.581312, 25.0107304], [121.5812852, 25.0097286]]}}, {"type": "Feature", "properties": {"county": "台北市", "district": "文山區", "highway": "secondary", "name": "木柵路四段"}, "geometry": {"type": "LineString", "coordinates": [[121.5717955, 24.9949164], [121.571821, 24.9951374], [121.5718246, 24.9951567], [121.5718478, 24.9952774], [121.5718592, 24.9953232], [121.5718891, 24.9954431], [121.571957, 24.9955991], [121.5720036, 24.9957127], [121.5720509, 24.9957972], [121.5720961, 24.9958778], [121.5721548, 24.9959747], [121.5722955, 24.996114], [121.572712, 24.9964631], [121.5730959, 24.9968053], [121.5735305, 24.9972111], [121.5735763, 24.9972467], [121.5736303, 24.9972923], [121.5740982, 24.997701], [121.574161, 24.9977557]]}}, {"type": "Feature", "properties": {"county": "台北市", "district": "文山區", "highway": "trunk", "name": "文山隧道"}, "geometry": {"type": "LineString", "coordinates": [[121.5816298, 25.0091865], [121.5816566, 25.010753], [121.5816325, 25.0116241], [121.5815576, 25.0124121], [121.5813906, 25.0136525], [121.5810338, 25.0151619], [121.5806046, 25.0164842], [121.5799314, 25.0180518], [121.5793923, 25.01908], [121.5786949, 25.0202308], [121.5780099, 25.0211937]]}}, {"type": "Feature", "properties": {"county": "台北市", "district": "文山區", "highway": "trunk", "name": "信義快速道路"}, "geometry": {"type": "LineString", "coordinates": [[121.5812852, 25.0097286], [121.5812832, 25.0093617]]}}, {"type": "Feature", "properties": {"county": "台北市", "district": "文山區", "highway": "motorway", "name": "台北聯絡線"}, "geometry": {"type": "LineString", "coordinates": [[121.5737352, 25.0071699], [121.574067, 25.007087], [121.5743525, 25.0070156]]}}, {"type": "Feature", "properties": {"county": "台北市", "district": "文山區", "highway": "motorway", "name": "台北1號隧道"}, "geometry": {"type": "LineString", "coordinates": [[121.5660729, 25.0091045], [121.5662838, 25.0090407], [121.5665118, 25.0089762], [121.5737352, 25.0071699]]}}, {"type": "Feature", "properties": {"county": "台北市", "district": "文山區", "highway": "motorway", "name": "台北1號隧道"}, "geometry": {"type": "LineString", "coordinates": [[121.5735901, 25.0075249], [121.5664226, 25.0092956], [121.5662112, 25.009351], [121.5660022, 25.0094103]]}}, {"type": "Feature", "properties": {"county": "台北市", "district": "文山區", "highway": "motorway", "name": "台北聯絡線"}, "geometry": {"type": "LineString", "coordinates": [[121.5620491, 25.012138], [121.5623219, 25.0118044], [121.5627095, 25.0113304], [121.5630403, 25.0109442], [121.5632073, 25.0107729], [121.5634373, 25.010559], [121.5638132, 25.0102453]]}}, {"type": "Feature", "properties": {"county": "台北市", "district": "文山區", "highway": "motorway", "name": "台北聯絡線"}, "geometry": {"type": "LineString", "coordinates": [[121.5660022, 25.0094103], [121.5659429, 25.0094283], [121.5655867, 25.0095388]]}}, {"type": "Feature", "properties": {"county": "台北市", "district": "文山區", "highway": "motorway", "name": "台北聯絡線"}, "geometry": {"type": "LineString", "coordinates": [[121.5606618, 25.0135382], [121.5604772, 25.0136505], [121.5601689, 25.0138086], [121.5598785, 25.0139283], [121.5595785, 25.014026], [121.5593072, 25.014099], [121.5589461, 25.0141801], [121.558582, 25.0142371], [121.558239, 25.0142565], [121.557896, 25.0142659], [121.5575846, 25.0142595], [121.5568005, 25.0142098]]}}, {"type": "Feature", "properties": {"county": "台北市", "district": "文山區", "highway": "motorway", "name": "台北聯絡線"}, "geometry": {"type": "LineString", "coordinates": [[121.5605529, 25.0134275], [121.5609233, 25.0132033], [121.5611469, 25.0130446], [121.5613801, 25.0128636], [121.5615691, 25.0126886], [121.5617451, 25.0125057], [121.5619039, 25.0123176], [121.5620491, 25.012138]]}}, {"type": "Feature", "properties": {"county": "台北市", "district": "文山區", "highway": "motorway", "name": "台北聯絡線"}, "geometry": {"type": "LineString", "coordinates": [[121.5621276, 25.012205], [121.5619814, 25.0123874], [121.5618204, 25.012574], [121.5616444, 25.01275], [121.561453, 25.0129368], [121.5612146, 25.0131482], [121.5610058, 25.0133117], [121.5606618, 25.0135382]]}}, {"type": "Feature", "properties": {"county": "台北市", "district": "文山區", "highway": "motorway", "name": "台北2號隧道"}, "geometry": {"type": "LineString", "coordinates": [[121.5551102, 25.0138816], [121.5567882, 25.0139111]]}}, {"type": "Feature", "properties": {"county": "台北市", "district": "文山區", "highway": "motorway", "name": "台北聯絡線"}, "geometry": {"type": "LineString", "coordinates": [[121.5567882, 25.0139111], [121.5576267, 25.0139668], [121.5579232, 25.0139768], [121.5582437, 25.0139751], [121.5585559, 25.0139592], [121.5589011, 25.013931], [121.5592568, 25.0138779], [121.5595178, 25.0138195], [121.5598149, 25.0137321], [121.5600929, 25.0136373], [121.5603881, 25.0135077], [121.5605529, 25.0134275]]}}, {"type": "Feature", "properties": {"county": "台北市", "district": "文山區", "highway": "motorway", "name": "台北聯絡線"}, "geometry": {"type": "LineString", "coordinates": [[121.5534442, 25.0143289], [121.5533138, 25.0143725], [121.5527974, 25.0145773], [121.5523288, 25.0148094], [121.5518245, 25.0151108], [121.5516508, 25.015225]]}}, {"type": "Feature", "properties": {"county": "台北市", "district": "文山區", "highway": "motorway", "name": "台北2號隧道"}, "geometry": {"type": "LineString", "coordinates": [[121.5568005, 25.0142098], [121.554934, 25.0141181]]}}, {"type": "Feature", "properties": {"county": "台北市", "district": "文山區", "highway": "motorway", "name": "台北聯絡線"}, "geometry": {"type": "LineString", "coordinates": [[121.554934, 25.0141181], [121.5544954, 25.0141322], [121.5542299, 25.0141734], [121.5538529, 25.0142437], [121.5534442, 25.0143289]]}}, {"type": "Feature", "properties": {"county": "台北市", "district": "文山區", "highway": "motorway", "name": "台北聯絡線"}, "geometry": {"type": "LineString", "coordinates": [[121.5489712, 25.0169125], [121.5490581, 25.0168514], [121.5493032, 25.0166859], [121.5497968, 25.016365], [121.5504425, 25.0159324], [121.551188, 25.0154427]]}}, {"type": "Feature", "properties": {"county": "台北市", "district": "文山區", "highway": "motorway", "name": "台北聯絡線"}, "geometry": {"type": "LineString", "coordinates": [[121.5535968, 25.0141513], [121.5538699, 25.0140736], [121.5544765, 25.013943], [121.5548027, 25.0138969], [121.5551102, 25.0138816]]}}, {"type": "Feature", "properties": {"county": "台北市", "district": "文山區", "highway": "secondary", "name": "辛亥路三段"}, "geometry": {"type": "LineString", "coordinates": [[121.5541318, 25.013323], [121.5539508, 25.0135096], [121.5533376, 25.0141002]]}}, {"type": "Feature", "properties": {"county": "台北市", "district": "文山區", "highway": "secondary", "name": "辛亥路三段"}, "geometry": {"type": "LineString", "coordinates": [[121.5489239, 25.0168489], [121.5490072, 25.016789], [121.5494371, 25.0164958], [121.5506656, 25.0156584], [121.5510956, 25.0153827], [121.5511509, 25.0153473], [121.5512282, 25.0152977], [121.5517454, 25.0149663], [121.5521121, 25.0147223], [121.5523102, 25.0145905], [121.5523562, 25.0145625], [121.5523861, 25.0145438], [121.552429, 25.0145127], [121.5525057, 25.014457], [121.5530833, 25.0139624], [121.5532497, 25.0138154], [121.5534277, 25.013633]]}}, {"type": "Feature", "properties": {"county": "台北市", "district": "文山區", "highway": "residential", "name": "和平東路三段531巷"}, "geometry": {"type": "LineString", "coordinates": [[121.5604866, 25.016391], [121.560549, 25.0164106], [121.5607683, 25.0166123], [121.5609721, 25.0168001], [121.5610405, 25.0167266], [121.5610754, 25.0167005], [121.5613363, 25.0166011], [121.5615187, 25.0165064], [121.5616728, 25.0164264], [121.5617498, 25.0163746], [121.5618532, 25.0162836], [121.5618807, 25.0162551], [121.5620355, 25.0160169], [121.562061, 25.0159628], [121.5622071, 25.0154776]]}}, {"type": "Feature", "properties": {"county": "台北市", "district": "文山區", "highway": "trunk_link", "name": null}, "geometry": {"type": "LineString", "coordinates": [[121.541547, 25.0147946], [121.5418659, 25.0151354], [121.5422336, 25.0154619], [121.5437598, 25.0167294]]}}, {"type": "Feature", "properties": {"county": "台北市", "district": "文山區", "highway": "unclassified", "name": "萬福路63巷"}, "geometry": {"type": "LineString", "coordinates": [[121.6005958, 25.0079576], [121.600492, 25.0079105], [121.6004058, 25.0078741], [121.6003264, 25.0079143], [121.6002636, 25.0079186], [121.6002013, 25.0078746], [121.600052, 25.0077635], [121.5999535, 25.0077397], [121.5997147, 25.0077567], [121.5993471, 25.0077745], [121.5991917, 25.0077032], [121.5989656, 25.0076633], [121.5987312, 25.0075551], [121.5986317, 25.0075404], [121.5984768, 25.0075411], [121.5983641, 25.007611], [121.5982575, 25.0077295], [121.5982199, 25.0077927], [121.5981106, 25.0078948], [121.5980697, 25.0079167], [121.5980583, 25.0079039], [121.5980939, 25.0078249]]}}, {"type": "Feature", "properties": {"county": "台北市", "district": "文山區", "highway": "tertiary", "name": "文和橋"}, "geometry": {"type": "LineString", "coordinates": [[121.5957433, 25.0015015], [121.5951394, 25.0016574], [121.5950897, 25.0016656], [121.5950328, 25.0016718]]}}, {"type": "Feature", "properties": {"county": "台北市", "district": "文山區", "highway": "unclassified", "name": "新光路二段74巷"}, "geometry": {"type": "LineString", "coordinates": [[121.5958652, 24.9947324], [121.5959224, 24.9946705], [121.59608, 24.9943774], [121.5961419, 24.9942948], [121.5962096, 24.9941693], [121.5964173, 24.9939177], [121.5966656, 24.9935888], [121.5968126, 24.9932681], [121.5968695, 24.9930022], [121.597013, 24.9927655], [121.5971981, 24.9923656], [121.5974128, 24.9920235], [121.5974972, 24.9918776], [121.5975334, 24.9917986], [121.5975355, 24.9917013], [121.5975315, 24.9915543], [121.5975488, 24.9914412], [121.5976092, 24.9913598], [121.5977426, 24.9912674], [121.5978888, 24.9911689], [121.5979653, 24.9910948], [121.5980337, 24.9909915], [121.5981275, 24.9908444], [121.5981638, 24.9907474], [121.598249, 24.9906191], [121.5983555, 24.9905527], [121.598495, 24.9904822], [121.598617, 24.9903983], [121.5986605, 24.9903417], [121.598666, 24.9902858], [121.5986211, 24.9901466], [121.5985392, 24.9900111], [121.5984373, 24.9899449], [121.5982093, 24.9897771], [121.5980402, 24.9896431], [121.5979717, 24.9895857], [121.5978718, 24.9895059], [121.5978334, 24.9894418], [121.5978047, 24.9893585], [121.5977547, 24.9891949], [121.5976016, 24.9889581]]}}, {"type": "Feature", "properties": {"county": "台北市", "district": "文山區", "highway": "secondary", "name": "木柵路五段"}, "geometry": {"type": "LineString", "coordinates": [[121.5949509, 25.0016788], [121.5949693, 25.0017595], [121.5949751, 25.0017849], [121.595156, 25.0025801], [121.5951827, 25.0026901], [121.5952276, 25.0027949], [121.5953001, 25.0028884], [121.5953907, 25.0029766], [121.5955531, 25.0031395], [121.5956423, 25.0032569], [121.5957446, 25.0034214], [121.5958393, 25.0035969], [121.5958889, 25.0037114], [121.5959104, 25.0037766], [121.5959514, 25.003979], [121.5959774, 25.0040686]]}}, {"type": "Feature", "properties": {"county": "台北市", "district": "文山區", "highway": "motorway_link", "name": null}, "geometry": {"type": "LineString", "coordinates": [[121.599521, 25.0022937], [121.5995808, 25.0022818], [121.5996195, 25.0022574], [121.5996513, 25.0022149], [121.5996609, 25.0021748], [121.5996568, 25.0021318], [121.5996381, 25.0020973], [121.5995804, 25.0020497]]}}, {"type": "Feature", "properties": {"county": "台北市", "district": "文山區", "highway": "motorway", "name": "台北聯絡線"}, "geometry": {"type": "LineString", "coordinates": [[121.5947092, 25.0019116], [121.5951144, 25.0018741], [121.5957935, 25.0018248], [121.5966439, 25.0017866], [121.5971795, 25.001772]]}}, {"type": "Feature", "properties": {"county": "台北市", "district": "文山區", "highway": "motorway_link", "name": "木柵交流道"}, "geometry": {"type": "LineString", "coordinates": [[121.5942612, 25.000234], [121.5942773, 24.9999891], [121.5942716, 24.9997198], [121.5940992, 24.9988224]]}}, {"type": "Feature", "properties": {"county": "台北市", "district": "文山區", "highway": "motorway_link", "name": "木柵交流道"}, "geometry": {"type": "LineString", "coordinates": [[121.5951475, 25.0039486], [121.595006, 25.0036699], [121.5948645, 25.0034305]]}}, {"type": "Feature", "properties": {"county": "台北市", "district": "文山區", "highway": "motorway_link", "name": "木柵交流道"}, "geometry": {"type": "LineString", "coordinates": [[121.5971683, 25.0025318], [121.5969226, 25.0027827]]}}, {"type": "Feature", "properties": {"county": "台北市", "district": "文山區", "highway": "tertiary", "name": "文和橋"}, "geometry": {"type": "LineString", "coordinates": [[121.5950328, 25.0016718], [121.5949509, 25.0016788]]}}, {"type": "Feature", "properties": {"county": "台北市", "district": "文山區", "highway": "motorway_link", "name": "木柵交流道"}, "geometry": {"type": "LineString", "coordinates": [[121.5959387, 25.0048897], [121.596023, 25.0055313]]}}, {"type": "Feature", "properties": {"county": "台北市", "district": "文山區", "highway": "motorway_link", "name": "木柵交流道"}, "geometry": {"type": "LineString", "coordinates": [[121.5972143, 25.0025641], [121.5969226, 25.0027827]]}}, {"type": "Feature", "properties": {"county": "台北市", "district": "文山區", "highway": "motorway_link", "name": null}, "geometry": {"type": "LineString", "coordinates": [[121.5973754, 25.0017728], [121.5973947, 25.0018786]]}}, {"type": "Feature", "properties": {"county": "台北市", "district": "文山區", "highway": "motorway", "name": "台北聯絡線"}, "geometry": {"type": "LineString", "coordinates": [[121.5971795, 25.001772], [121.5973754, 25.0017728]]}}, {"type": "Feature", "properties": {"county": "台北市", "district": "文山區", "highway": "motorway", "name": "台北聯絡線"}, "geometry": {"type": "LineString", "coordinates": [[121.5945158, 25.0020228], [121.5941008, 25.0020763], [121.5939177, 25.0020974]]}}, {"type": "Feature", "properties": {"county": "台北市", "district": "文山區", "highway": "motorway_link", "name": "木柵交流道"}, "geometry": {"type": "LineString", "coordinates": [[121.5954374, 25.0047355], [121.5951475, 25.0039486]]}}, {"type": "Feature", "properties": {"county": "台北市", "district": "文山區", "highway": "motorway_link", "name": "木柵交流道"}, "geometry": {"type": "LineString", "coordinates": [[121.5948645, 25.0034305], [121.5947416, 25.003231], [121.5946366, 25.0030833]]}}, {"type": "Feature", "properties": {"county": "台北市", "district": "文山區", "highway": "motorway_link", "name": "木柵交流道"}, "geometry": {"type": "LineString", "coordinates": [[121.5991119, 25.00197], [121.5983134, 25.0019546], [121.5981825, 25.0019626], [121.59805, 25.0019832], [121.597921, 25.0020219], [121.597819, 25.0020667], [121.5977289, 25.0021176], [121.5975834, 25.0022298], [121.5972143, 25.0025641]]}}, {"type": "Feature", "properties": {"county": "台北市", "district": "文山區", "highway": "motorway_link", "name": "木柵交流道"}, "geometry": {"type": "LineString", "coordinates": [[121.5939493, 24.9953508], [121.5940046, 24.9954932], [121.5940749, 24.9956493], [121.5941903, 24.9958591], [121.5943508, 24.9961189], [121.5944971, 24.9963448]]}}, {"type": "Feature", "properties": {"county": "台北市", "district": "文山區", "highway": "motorway_link", "name": "木柵交流道"}, "geometry": {"type": "LineString", "coordinates": [[121.5944971, 24.9963448], [121.5946435, 24.9965336], [121.5948115, 24.9967224], [121.5949864, 24.9969034], [121.5951907, 24.9970947], [121.5955155, 24.9973796], [121.5956584, 24.9975145], [121.5958069, 24.9976594], [121.596005, 24.9978756], [121.5962594, 24.9981832], [121.5964461, 24.9984469], [121.5965957, 24.9986793], [121.5967326, 24.9989263], [121.5968757, 24.9991969], [121.5969919, 24.9994948]]}}, {"type": "Feature", "properties": {"county": "台北市", "district": "文山區", "highway": "motorway_link", "name": "木柵交流道"}, "geometry": {"type": "LineString", "coordinates": [[121.5969527, 25.0023187], [121.5968813, 25.0024125], [121.5967477, 25.0025618], [121.5966302, 25.0026791], [121.5964641, 25.0028156], [121.5962889, 25.0029354], [121.5961156, 25.0030384], [121.5959501, 25.0031212], [121.5957835, 25.0031882], [121.5956104, 25.0032483], [121.5953875, 25.0033006]]}}, {"type": "Feature", "properties": {"county": "台北市", "district": "文山區", "highway": "motorway_link", "name": "木柵交流道"}, "geometry": {"type": "LineString", "coordinates": [[121.5971288, 24.9998283], [121.5971862, 25.0000184], [121.5972267, 25.0001991], [121.5972685, 25.0004403], [121.5973045, 25.0006812], [121.5973268, 25.000887], [121.5973393, 25.0011262], [121.5973262, 25.0012826], [121.5973021, 25.0014406], [121.5972726, 25.0015913], [121.5972364, 25.0017171]]}}, {"type": "Feature", "properties": {"county": "台北市", "district": "文山區", "highway": "motorway", "name": "台北聯絡線"}, "geometry": {"type": "LineString", "coordinates": [[121.5971345, 25.0018809], [121.5961891, 25.0019008], [121.5956085, 25.0019293], [121.5949561, 25.0019809], [121.5945158, 25.0020228]]}}, {"type": "Feature", "properties": {"county": "台北市", "district": "文山區", "highway": "secondary", "name": "文山路三段"}, "geometry": {"type": "LineString", "coordinates": [[121.6060569, 24.9988024], [121.6057538, 24.9988591], [121.6053893, 24.9989315], [121.6048081, 24.9990909], [121.6046442, 24.9991425], [121.6040338, 24.9993784], [121.6039176, 24.9994366], [121.6038173, 24.9994869], [121.6034889, 24.9996789], [121.6032715, 24.9998354], [121.6030366, 25.0000257], [121.6027845, 25.0002859], [121.6026033, 25.0004864], [121.6023357, 25.0007269], [121.6019522, 25.0010103], [121.6014342, 25.0013049], [121.6003106, 25.0019508], [121.6001981, 25.0019973], [121.6000751, 25.0020364]]}}, {"type": "Feature", "properties": {"county": "台北市", "district": "文山區", "highway": "motorway", "name": "福爾摩沙高速公路"}, "geometry": {"type": "LineString", "coordinates": [[121.596392, 25.0091898], [121.5962269, 25.0084894], [121.5960162, 25.0074443], [121.5957893, 25.0063114]]}}, {"type": "Feature", "properties": {"county": "台北市", "district": "文山區", "highway": "motorway", "name": "福爾摩沙高速公路"}, "geometry": {"type": "LineString", "coordinates": [[121.5958798, 25.0049059], [121.596023, 25.0055313]]}}, {"type": "Feature", "properties": {"county": "台北市", "district": "文山區", "highway": "motorway", "name": "福爾摩沙高速公路"}, "geometry": {"type": "LineString", "coordinates": [[121.5618909, 24.9771914], [121.5624581, 24.9772604], [121.5628515, 24.9772803], [121.5633948, 24.977292], [121.5640008, 24.9772746], [121.5645699, 24.9772201], [121.5653798, 24.9771096], [121.5664911, 24.9768849], [121.5688424, 24.9763532], [121.5700264, 24.9761855], [121.5713134, 24.9760472], [121.572025, 24.9759935], [121.5728119, 24.9759537], [121.5739027, 24.9759919], [121.5750321, 24.9760799], [121.5759834, 24.9761955]]}}, {"type": "Feature", "properties": {"county": "台北市", "district": "文山區", "highway": "tertiary", "name": null}, "geometry": {"type": "LineString", "coordinates": [[121.5829487, 25.0004319], [121.5829417, 25.0003713], [121.5829495, 25.0003108], [121.5829716, 25.0002533], [121.5830071, 25.0002015], [121.5830542, 25.0001581], [121.5831106, 25.0001249], [121.5831736, 25.0001038], [121.5832402, 25.0000955], [121.5833136, 25.0001019], [121.5833832, 25.000124], [121.583445, 25.0001606], [121.5834953, 25.0002095], [121.5835313, 25.0002678], [121.5835508, 25.0003323], [121.5835527, 25.0003991], [121.583537, 25.0004644], [121.5835044, 25.0005244], [121.583457, 25.0005756], [121.5833975, 25.0006151], [121.5833292, 25.0006405], [121.5832563, 25.0006504], [121.5831829, 25.0006441], [121.5831132, 25.0006222], [121.5830506, 25.0005867], [121.5830049, 25.0005417], [121.5829701, 25.0004896], [121.5829487, 25.0004319]]}}, {"type": "Feature", "properties": {"county": "台北市", "district": "文山區", "highway": "tertiary", "name": "新光路二段"}, "geometry": {"type": "LineString", "coordinates": [[121.5835044, 25.0005244], [121.5834918, 25.000597], [121.5834938, 25.0006621], [121.5835098, 25.0007274], [121.5835403, 25.0007875], [121.5835809, 25.0008379], [121.583711, 25.0009603]]}}, {"type": "Feature", "properties": {"county": "台北市", "district": "文山區", "highway": "unclassified", "name": "老泉街26巷"}, "geometry": {"type": "LineString", "coordinates": [[121.5680565, 24.9726351], [121.5680913, 24.9725099], [121.568269, 24.9723341], [121.5683012, 24.9722205], [121.5682449, 24.9720715], [121.5682598, 24.9718812], [121.5685064, 24.9715707], [121.5686151, 24.9714853], [121.5686398, 24.9714126], [121.5686137, 24.9713482], [121.5685567, 24.9712849], [121.568379, 24.9711427], [121.568316, 24.9710588], [121.568257, 24.9709069], [121.5682449, 24.970812], [121.5682409, 24.9707038], [121.568662, 24.970034], [121.5687827, 24.9698516], [121.5688913, 24.9697714], [121.5690013, 24.9696963], [121.5690476, 24.9695945], [121.5689812, 24.9695075], [121.5689188, 24.9694127], [121.5687639, 24.9692316], [121.5687331, 24.9690814], [121.5688062, 24.9688382], [121.5687733, 24.9687562], [121.5687076, 24.9686942], [121.5685151, 24.9686583], [121.5684327, 24.9686079], [121.568383, 24.9685641], [121.5683562, 24.9685164], [121.5683579, 24.9684553], [121.5684568, 24.9682319], [121.5686412, 24.9679854], [121.5688696, 24.9673591]]}}, {"type": "Feature", "properties": {"county": "台北市", "district": "文山區", "highway": "unclassified", "name": "玉山路"}, "geometry": {"type": "LineString", "coordinates": [[121.565963, 24.9538129], [121.5658195, 24.954058], [121.5657592, 24.9541237], [121.5656653, 24.9541026], [121.5655238, 24.9539665], [121.5653773, 24.9538869], [121.5652428, 24.9538258], [121.5651639, 24.9539048], [121.5651483, 24.9539663], [121.5652332, 24.9540325], [121.5653689, 24.9541185], [121.565406, 24.9541782], [121.5654639, 24.9543518], [121.565467, 24.9544676], [121.5653834, 24.9544904], [121.565134, 24.9543566], [121.5649333, 24.9542629], [121.5648975, 24.9543687], [121.5648975, 24.9545122], [121.5649507, 24.954621], [121.5652556, 24.9547858], [121.5654956, 24.9549171], [121.5655224, 24.9550046], [121.5655043, 24.9551882], [121.5654435, 24.9552504], [121.5653662, 24.9552231], [121.564811, 24.9549238], [121.5647205, 24.9549213], [121.5646682, 24.9550071], [121.564701, 24.9550831], [121.5649632, 24.9552527], [121.5650277, 24.9553687], [121.5651083, 24.9554617], [121.5652277, 24.9555227], [121.5654286, 24.9556104], [121.5656696, 24.9556468], [121.5656639, 24.9557524], [121.5656705, 24.9558756], [121.5656861, 24.9559068], [121.565961, 24.9560078], [121.5660468, 24.95606], [121.5660803, 24.9560892], [121.5660884, 24.9561257], [121.5660388, 24.9561964], [121.5660528, 24.9562649], [121.5661365, 24.9563475], [121.5661919, 24.9564132], [121.5663325, 24.9566655], [121.5664185, 24.9567313], [121.5666405, 24.9567932], [121.5669629, 24.956885], [121.5672395, 24.9570381], [121.5673499, 24.9570772], [121.5676423, 24.9570733], [121.5678628, 24.9570923], [121.568073, 24.9571185], [121.5681906, 24.9571149], [121.5684166, 24.9570285], [121.5685044, 24.9570408], [121.5685735, 24.9571495], [121.5687049, 24.9573215], [121.5689423, 24.957575], [121.5690234, 24.9576425], [121.5690334, 24.9577422], [121.5690002, 24.9579269], [121.5689463, 24.9581282], [121.5689101, 24.9583884], [121.569195, 24.9592851], [121.5690687, 24.9595176], [121.5690891, 24.9596061], [121.569213, 24.9596668], [121.5693372, 24.9597042], [121.5694834, 24.959798], [121.569642, 24.9599827], [121.5697239, 24.9602647], [121.570116, 24.9608409], [121.5703183, 24.9611416], [121.5703352, 24.9612655], [121.5701886, 24.9614415], [121.5702451, 24.9616458], [121.5703597, 24.9616708], [121.570498, 24.9617596], [121.5705173, 24.9618157], [121.5704774, 24.9618927], [121.5702084, 24.9619958], [121.5701647, 24.9621116], [121.5702497, 24.9621954], [121.5703977, 24.9622446], [121.5704572, 24.9623882], [121.5703941, 24.9626836], [121.5704222, 24.9627587], [121.5706231, 24.9628811], [121.5706873, 24.9629352], [121.5707505, 24.9629884], [121.5709548, 24.9634837], [121.5709195, 24.9637151], [121.5707267, 24.9638566], [121.5705137, 24.9641848], [121.5704166, 24.9642975], [121.5704053, 24.9643434]]}}, {"type": "Feature", "properties": {"county": "台北市", "district": "文山區", "highway": "residential", "name": "辛亥路四段21巷"}, "geometry": {"type": "LineString", "coordinates": [[121.5585389, 25.0084417], [121.5585913, 25.0084605], [121.5586761, 25.0084909], [121.5587163, 25.0085143], [121.5587404, 25.0085474], [121.5588092, 25.0087763], [121.5589239, 25.0092038], [121.5589664, 25.0093664], [121.558975, 25.0094856], [121.558972, 25.0095616], [121.5589115, 25.009854], [121.5588096, 25.010218], [121.5587344, 25.0104436], [121.5587339, 25.0105055], [121.5587586, 25.0105562], [121.5587976, 25.010595], [121.5588457, 25.0106149], [121.558907, 25.0106183], [121.5589677, 25.0106082], [121.559018, 25.0105824], [121.5590586, 25.0105455], [121.5592424, 25.0102699], [121.5592844, 25.0102005], [121.5594703, 25.0098332], [121.5595179, 25.0097392], [121.559566, 25.0096933], [121.559645, 25.0096616], [121.5598362, 25.0096632], [121.5599183, 25.0096437], [121.5599791, 25.0096095], [121.5600335, 25.0095556], [121.5600609, 25.0094948], [121.5600601, 25.0093139], [121.560027, 25.0091671], [121.5599681, 25.0090144]]}}, {"type": "Feature", "properties": {"county": "台北市", "district": "文山區", "highway": "residential", "name": "興隆路二段154巷"}, "geometry": {"type": "LineString", "coordinates": [[121.5522315, 25.0005308], [121.5521472, 25.0005589], [121.5517692, 25.0007023], [121.5515511, 25.0008692], [121.5515023, 25.0009242], [121.5514463, 25.0009945], [121.5512821, 25.0011954], [121.5510561, 25.0014619], [121.5510389, 25.0014822], [121.5509877, 25.0015336], [121.5509382, 25.0015897]]}}, {"type": "Feature", "properties": {"county": "台北市", "district": "文山區", "highway": "residential", "name": "辛亥路四段77巷92弄"}, "geometry": {"type": "LineString", "coordinates": [[121.5599681, 25.0090144], [121.5600075, 25.0089077], [121.5601514, 25.0088295], [121.5612981, 25.0084541], [121.5613882, 25.0084165], [121.5614542, 25.0083785], [121.5615311, 25.0083223], [121.5615496, 25.0083069]]}}, {"type": "Feature", "properties": {"county": "台北市", "district": "文山區", "highway": "residential", "name": "興隆路二段244巷"}, "geometry": {"type": "LineString", "coordinates": [[121.5534105, 25.0001067], [121.5534299, 25.0001531], [121.5534409, 25.0001771], [121.5537962, 25.0010087], [121.5538233, 25.0010683], [121.553851, 25.0011292]]}}, {"type": "Feature", "properties": {"county": "台北市", "district": "文山區", "highway": "residential", "name": "興隆路二段96巷"}, "geometry": {"type": "LineString", "coordinates": [[121.5503218, 25.0001289], [121.5502865, 25.0001715], [121.5501477, 25.0003629], [121.5500928, 25.0004359], [121.5499694, 25.0005976], [121.5499088, 25.0006916], [121.5498922, 25.0007174], [121.5498595, 25.0007749]]}}, {"type": "Feature", "properties": {"county": "台北市", "district": "文山區", "highway": "residential", "name": "辛亥路四段101巷"}, "geometry": {"type": "LineString", "coordinates": [[121.5585658, 25.0067249], [121.5586585, 25.0066888], [121.558719, 25.0066623], [121.55887, 25.0065961], [121.5589444, 25.0065706], [121.5590572, 25.0065511], [121.5596434, 25.0064857], [121.5601459, 25.0064299], [121.560246, 25.0064334], [121.5604441, 25.006447], [121.5605798, 25.0064339], [121.5606797, 25.0064187], [121.5608046, 25.0063916], [121.561532, 25.0061981], [121.561676, 25.0061658]]}}, {"type": "Feature", "properties": {"county": "台北市", "district": "文山區", "highway": "residential", "name": "辛亥路四段222巷"}, "geometry": {"type": "LineString", "coordinates": [[121.5549476, 25.0023888], [121.5549226, 25.0024002], [121.5545385, 25.0025361], [121.5544511, 25.0025281], [121.5543138, 25.0025155], [121.553743, 25.002469], [121.5536808, 25.0024632]]}}, {"type": "Feature", "properties": {"county": "台北市", "district": "文山區", "highway": "residential", "name": "福興路"}, "geometry": {"type": "LineString", "coordinates": [[121.5517577, 25.0018022], [121.551773, 25.0018682]]}}, {"type": "Feature", "properties": {"county": "台北市", "district": "文山區", "highway": "residential", "name": "興隆路二段22巷"}, "geometry": {"type": "LineString", "coordinates": [[121.545611, 24.9987074], [121.5457541, 24.9982949], [121.5457751, 24.9982256], [121.5458072, 24.9980877], [121.545829, 24.9979367], [121.5458402, 24.9977783], [121.5458458, 24.9975666]]}}, {"type": "Feature", "properties": {"county": "台北市", "district": "文山區", "highway": "residential", "name": "興隆路三段112巷"}, "geometry": {"type": "LineString", "coordinates": [[121.5574226, 24.9992884], [121.5574018, 24.9992459], [121.5572818, 24.9989997], [121.557229, 24.9988913], [121.5571711, 24.9987725], [121.5570733, 24.9985719], [121.5570563, 24.9985372], [121.5569734, 24.9983671], [121.5568687, 24.9981523], [121.5568473, 24.9981084]]}}, {"type": "Feature", "properties": {"county": "台北市", "district": "文山區", "highway": "residential", "name": null}, "geometry": {"type": "LineString", "coordinates": [[121.5560424, 25.0002402], [121.5559874, 25.0001662], [121.5559599, 25.0001276], [121.5559265, 25.0000776], [121.5557174, 24.999765], [121.5556469, 24.9996429], [121.5554866, 24.9993632], [121.5554531, 24.9993028]]}}, {"type": "Feature", "properties": {"county": "台北市", "district": "文山區", "highway": "residential", "name": "興隆路三段36巷"}, "geometry": {"type": "LineString", "coordinates": [[121.5554439, 25.0004469], [121.5554237, 25.0004157], [121.5552697, 25.0001236], [121.555224, 25.0000299], [121.5551524, 24.9998561], [121.5551225, 24.9998086], [121.5550827, 24.99972], [121.5550124, 24.9995829], [121.55498, 24.9995389]]}}, {"type": "Feature", "properties": {"county": "台北市", "district": "文山區", "highway": "residential", "name": "辛亥路四段166巷"}, "geometry": {"type": "LineString", "coordinates": [[121.5557669, 25.0048881], [121.5558217, 25.0047058], [121.5558509, 25.0045952], [121.5558735, 25.0044864], [121.5559194, 25.0042391], [121.5560536, 25.0040185], [121.556175, 25.0038317], [121.5562773, 25.0036992], [121.5563086, 25.0036727]]}}, {"type": "Feature", "properties": {"county": "台北市", "district": "文山區", "highway": "residential", "name": "辛亥路五段25巷"}, "geometry": {"type": "LineString", "coordinates": [[121.554039, 24.9998886], [121.5541239, 24.9998714], [121.5541745, 24.9998623], [121.5545111, 24.9997656]]}}, {"type": "Feature", "properties": {"county": "台北市", "district": "文山區", "highway": "residential", "name": "福興路78巷10弄"}, "geometry": {"type": "LineString", "coordinates": [[121.5505903, 25.0039027], [121.55057, 25.0039917], [121.5505433, 25.0041086], [121.550514, 25.0042367], [121.5504789, 25.0043901]]}}, {"type": "Feature", "properties": {"county": "台北市", "district": "文山區", "highway": "residential", "name": "興隆路二段301巷"}, "geometry": {"type": "LineString", "coordinates": [[121.5532387, 25.0013493], [121.5532643, 25.0014117], [121.5533236, 25.0015414], [121.553402, 25.0017456], [121.5534536, 25.0018753], [121.5535067, 25.0020013], [121.5535344, 25.0020773], [121.5536808, 25.0024632]]}}, {"type": "Feature", "properties": {"county": "台北市", "district": "文山區", "highway": "residential", "name": "羅斯福路五段170巷"}, "geometry": {"type": "LineString", "coordinates": [[121.5357154, 25.0047807], [121.535793, 25.0047782], [121.5358975, 25.0047748], [121.5360011, 25.0047714], [121.5360228, 25.0047703], [121.5364255, 25.0047498], [121.5364721, 25.0047474], [121.5365476, 25.0047407], [121.5369046, 25.0047088], [121.5371806, 25.0046856], [121.5372229, 25.0046821], [121.5372689, 25.0046783], [121.5375549, 25.0046548], [121.5381033, 25.0046098], [121.538314, 25.0045903], [121.5385415, 25.0045736], [121.5386371, 25.0045639], [121.5387068, 25.0044299]]}}, {"type": "Feature", "properties": {"county": "台北市", "district": "文山區", "highway": "residential", "name": "基隆路三段155巷"}, "geometry": {"type": "LineString", "coordinates": [[121.5444301, 25.0133733], [121.5444782, 25.0133125], [121.5448184, 25.0128681], [121.5449769, 25.012675], [121.544982, 25.0126719], [121.5450567, 25.0125763], [121.5451155, 25.0125194]]}}, {"type": "Feature", "properties": {"county": "台北市", "district": "文山區", "highway": "residential", "name": "基隆路三段155巷"}, "geometry": {"type": "LineString", "coordinates": [[121.5451155, 25.0125194], [121.5451578, 25.0124799], [121.5455958, 25.0119277], [121.5456928, 25.0118101], [121.5457425, 25.0117498], [121.5460765, 25.0113558]]}}, {"type": "Feature", "properties": {"county": "台北市", "district": "文山區", "highway": "unclassified", "name": "基隆路三段155巷176弄"}, "geometry": {"type": "LineString", "coordinates": [[121.5469965, 25.0143143], [121.5470434, 25.0142862], [121.5472593, 25.0141246], [121.5475303, 25.0138921]]}}, {"type": "Feature", "properties": {"county": "台北市", "district": "文山區", "highway": "residential", "name": "汀州路四段"}, "geometry": {"type": "LineString", "coordinates": [[121.5354223, 25.0037591], [121.5354731, 25.0039362], [121.5355064, 25.0040523], [121.5356222, 25.0044461], [121.5357046, 25.0047429], [121.5357154, 25.0047807]]}}, {"type": "Feature", "properties": {"county": "台北市", "district": "文山區", "highway": "residential", "name": "羅斯福路五段192巷"}, "geometry": {"type": "LineString", "coordinates": [[121.5354907, 25.0033501], [121.5355502, 25.0033551], [121.5361629, 25.0034028]]}}, {"type": "Feature", "properties": {"county": "台北市", "district": "文山區", "highway": "residential", "name": "溪洲街"}, "geometry": {"type": "LineString", "coordinates": [[121.5361281, 25.0059788], [121.5360343, 25.0059787], [121.5358454, 25.0060002], [121.535152, 25.0060955], [121.5351023, 25.0061012], [121.5348923, 25.006127], [121.5347381, 25.0061282], [121.534634, 25.0061152], [121.5343057, 25.0060337]]}}, {"type": "Feature", "properties": {"county": "台北市", "district": "文山區", "highway": "residential", "name": "興德路66巷"}, "geometry": {"type": "LineString", "coordinates": [[121.5576065, 25.0039722], [121.5573463, 25.0040896], [121.5568818, 25.0042991]]}}, {"type": "Feature", "properties": {"county": "台北市", "district": "文山區", "highway": "unclassified", "name": "和平東路三段636巷"}, "geometry": {"type": "LineString", "coordinates": [[121.5633956, 25.012857], [121.5633308, 25.0128331], [121.5632942, 25.0128196], [121.563254, 25.0128047], [121.5619927, 25.01234], [121.5619374, 25.0123069], [121.5618756, 25.0122533], [121.5618436, 25.0121912], [121.5618224, 25.0121186], [121.5618247, 25.0120558], [121.5618479, 25.0119835], [121.5618973, 25.0119132], [121.5625614, 25.0111642], [121.5634544, 25.0101693], [121.5635362, 25.0100694], [121.5635712, 25.0100065], [121.5635891, 25.0099468], [121.5635946, 25.0098837], [121.5635867, 25.0098214], [121.5635361, 25.0096457], [121.5635319, 25.0096033], [121.5635373, 25.0095562], [121.5635558, 25.0095124], [121.5636561, 25.0093974], [121.5638814, 25.0092151], [121.5640115, 25.0090767], [121.5640919, 25.0088493], [121.564147, 25.0087011], [121.5642402, 25.0082792], [121.5642273, 25.0079918], [121.5642518, 25.0078858], [121.5642776, 25.0078112], [121.5643198, 25.0077492], [121.5643796, 25.0077065]]}}, {"type": "Feature", "properties": {"county": "台北市", "district": "文山區", "highway": "residential", "name": "萬寧街"}, "geometry": {"type": "LineString", "coordinates": [[121.5678032, 25.0051036], [121.5677687, 25.0050526], [121.5677477, 25.0050216], [121.5677259, 25.0049885], [121.5677142, 25.0049648], [121.5677117, 25.0049383], [121.5677172, 25.0049116], [121.5677368, 25.0048817], [121.5677787, 25.0048449], [121.5678658, 25.0047827], [121.5679644, 25.0047198], [121.5680912, 25.0046621], [121.5682428, 25.0046194], [121.5683931, 25.0046041], [121.5689286, 25.0045836], [121.5690375, 25.0045756], [121.569171, 25.0045519], [121.5692519, 25.0045319], [121.5693493, 25.0045014], [121.5697845, 25.0043337], [121.5698656, 25.00431], [121.5699567, 25.0042937], [121.570215, 25.0042562], [121.5703285, 25.0042397], [121.5703967, 25.0042298], [121.5705007, 25.004214], [121.5705715, 25.0042008], [121.570679, 25.0041787], [121.5708366, 25.004138], [121.5709088, 25.0041139], [121.570956, 25.0040888], [121.5710358, 25.0040317], [121.5710858, 25.0039814], [121.5711209, 25.0039375], [121.5711524, 25.0038858], [121.5711791, 25.003818], [121.5712, 25.0037485], [121.5712088, 25.0036895], [121.5712119, 25.0036326], [121.5712079, 25.0035761], [121.5711907, 25.0035048], [121.5711618, 25.0034404], [121.5711321, 25.0033919], [121.5710726, 25.0033231], [121.5709967, 25.0032577], [121.5709385, 25.0032198], [121.5708746, 25.0031865], [121.5707937, 25.0031596], [121.570711, 25.0031464], [121.5706314, 25.0031474], [121.5705556, 25.0031572], [121.5704468, 25.003187], [121.5703826, 25.0032076], [121.570328, 25.003225], [121.5701217, 25.0032911], [121.5698517, 25.0033742], [121.569702, 25.0034112], [121.5695767, 25.0034353], [121.5694975, 25.0034507], [121.5693963, 25.0034653], [121.5693044, 25.003475], [121.5691853, 25.0034831], [121.5681987, 25.00352], [121.5680853, 25.0035181], [121.5672112, 25.0034785], [121.5667945, 25.0034507], [121.5665035, 25.0034367], [121.5663593, 25.0034361], [121.5659543, 25.0034449], [121.5656855, 25.0034428], [121.5654655, 25.0034355], [121.5652343, 25.0034191], [121.5650699, 25.0034037], [121.5648774, 25.003382], [121.5646895, 25.0033539], [121.5645514, 25.0033333], [121.5644515, 25.0033183], [121.5642932, 25.0032947], [121.5641425, 25.0032799], [121.5639829, 25.0032732], [121.5637946, 25.0032741], [121.5636362, 25.0032854], [121.5634894, 25.0033018], [121.5632503, 25.0033447], [121.5631296, 25.0033758], [121.5630368, 25.0033998], [121.5628254, 25.0034636]]}}, {"type": "Feature", "properties": {"county": "台北市", "district": "文山區", "highway": "residential", "name": "興德路"}, "geometry": {"type": "LineString", "coordinates": [[121.5549301, 25.0007696], [121.555053, 25.0007902], [121.555297, 25.0008598], [121.5554545, 25.0009089], [121.5557921, 25.00101], [121.5562143, 25.0011321], [121.5563079, 25.0011647], [121.5563835, 25.0012386], [121.5564253, 25.0013212], [121.5564593, 25.0014176], [121.5565801, 25.0017478], [121.5566071, 25.001809], [121.556641, 25.0018567], [121.5567068, 25.0019272], [121.5567919, 25.00199], [121.5568654, 25.0020748], [121.5569848, 25.0023347], [121.5571278, 25.002654], [121.557217, 25.0028472], [121.5572197, 25.0029317], [121.557207, 25.003045], [121.5571882, 25.0031019], [121.5571697, 25.0032091], [121.5571761, 25.0032844], [121.5572035, 25.0033473], [121.5573276, 25.0034961], [121.5574297, 25.0036235], [121.5574669, 25.0037309], [121.5574842, 25.0037651], [121.5575241, 25.0038439], [121.5576065, 25.0039722], [121.5577613, 25.0041831], [121.5579567, 25.0043084], [121.558076, 25.0045069], [121.5580977, 25.0045269], [121.5581283, 25.0045764], [121.5582116, 25.0047609], [121.558263, 25.0048034], [121.558328, 25.004821], [121.5584607, 25.0048174], [121.5585153, 25.0048207], [121.5585578, 25.0048492], [121.5586305, 25.0051439], [121.5587279, 25.0051901], [121.5587856, 25.0052479], [121.5587982, 25.0053844], [121.558793, 25.0057016], [121.5587898, 25.0057662]]}}, {"type": "Feature", "properties": {"county": "台北市", "district": "文山區", "highway": "residential", "name": "興隆路三段304巷"}, "geometry": {"type": "LineString", "coordinates": [[121.558767, 24.9927895], [121.5587076, 24.9928042], [121.5585501, 24.9928429], [121.5585316, 24.992856], [121.5585259, 24.9928724], [121.5585476, 24.9930912], [121.5585904, 24.993337], [121.5586196, 24.9934319]]}}, {"type": "Feature", "properties": {"county": "台北市", "district": "文山區", "highway": "residential", "name": "仙岩路22巷"}, "geometry": {"type": "LineString", "coordinates": [[121.5488061, 24.9989573], [121.548844, 24.9989228], [121.5488702, 24.998899], [121.5490854, 24.998703], [121.5494121, 24.9984068], [121.5495861, 24.998249], [121.5496674, 24.9982082], [121.5498331, 24.9981689]]}}, {"type": "Feature", "properties": {"county": "台北市", "district": "文山區", "highway": "residential", "name": "仙岩路16巷"}, "geometry": {"type": "LineString", "coordinates": [[121.5510066, 24.9968477], [121.551031, 24.9967916], [121.5513057, 24.9961821], [121.5513355, 24.9960021], [121.5512398, 24.9958346], [121.5511264, 24.9957423], [121.5509672, 24.9956801], [121.5507695, 24.9956879], [121.5506617, 24.9957186], [121.5505635, 24.9957686], [121.5504083, 24.9959288], [121.5503566, 24.9960607], [121.5503367, 24.9961916], [121.5503119, 24.9963229], [121.5503365, 24.9964778], [121.5503548, 24.9965444], [121.5502746, 24.9969262], [121.5502026, 24.9970386], [121.550109, 24.9972238], [121.5499672, 24.9974707], [121.5498207, 24.9976063]]}}, {"type": "Feature", "properties": {"county": "台北市", "district": "文山區", "highway": "residential", "name": "仙岩路"}, "geometry": {"type": "LineString", "coordinates": [[121.54772, 24.9982886], [121.5477786, 24.9983017], [121.54785, 24.9983217], [121.5480228, 24.9983726], [121.5480821, 24.9984], [121.5482845, 24.9984973], [121.5483106, 24.9985098], [121.5483766, 24.9985482]]}}, {"type": "Feature", "properties": {"county": "台北市", "district": "文山區", "highway": "tertiary", "name": "景興路"}, "geometry": {"type": "LineString", "coordinates": [[121.5421684, 24.9883014], [121.5421664, 24.9883677], [121.5421301, 24.9885993], [121.5421467, 24.9888896], [121.542186, 24.9890712], [121.5422522, 24.9892575], [121.5423665, 24.9894496], [121.5424088, 24.989502], [121.5425445, 24.989677], [121.5426022, 24.9897514], [121.5427274, 24.9899127], [121.542793, 24.9899943], [121.5428302, 24.9900476], [121.543038, 24.9903557], [121.5431832, 24.9905871], [121.5432189, 24.9906411], [121.5434422, 24.9910419], [121.5436844, 24.9915209], [121.5437464, 24.9916336], [121.543913, 24.9919494], [121.5441109, 24.9924634], [121.5441234, 24.9924975]]}}, {"type": "Feature", "properties": {"county": "台北市", "district": "文山區", "highway": "residential", "name": "基隆路四段73巷"}, "geometry": {"type": "LineString", "coordinates": [[121.5395842, 25.0130543], [121.5396351, 25.013002], [121.5400759, 25.0124587], [121.5401565, 25.0123606], [121.5401918, 25.0123165], [121.5402805, 25.0122084], [121.5408762, 25.0114826], [121.5410064, 25.0113254]]}}, {"type": "Feature", "properties": {"county": "台北市", "district": "文山區", "highway": "residential", "name": "羅斯福路四段113巷19弄"}, "geometry": {"type": "LineString", "coordinates": [[121.5399251, 25.0102462], [121.5398896, 25.0102931], [121.5396267, 25.0106091], [121.5395972, 25.0106929], [121.5395818, 25.0111183], [121.539578, 25.011256], [121.5395744, 25.0113303]]}}, {"type": "Feature", "properties": {"county": "台北市", "district": "文山區", "highway": "tertiary", "name": "羅斯福路四段113巷"}, "geometry": {"type": "LineString", "coordinates": [[121.5378896, 25.0112795], [121.5388744, 25.0113084], [121.5393047, 25.0113219], [121.5395744, 25.0113303], [121.5399922, 25.0113412], [121.5402008, 25.0113466], [121.540583, 25.0113561], [121.5408414, 25.0113626], [121.5410064, 25.0113254]]}}, {"type": "Feature", "properties": {"county": "台北市", "district": "文山區", "highway": "residential", "name": null}, "geometry": {"type": "LineString", "coordinates": [[121.5398093, 25.0011504], [121.5397987, 25.0008077], [121.5398221, 25.0006774], [121.5398946, 25.0004626], [121.5399296, 25.0003765], [121.5401663, 24.9998353], [121.5402102, 24.9997771]]}}, {"type": "Feature", "properties": {"county": "台北市", "district": "文山區", "highway": "residential", "name": "萬盛街106巷"}, "geometry": {"type": "LineString", "coordinates": [[121.5407694, 25.0039345], [121.5407856, 25.0039752], [121.5408838, 25.0041617], [121.5409029, 25.0043356], [121.5408981, 25.0046245], [121.5409036, 25.0048194], [121.5409047, 25.0048566], [121.5409158, 25.0053148], [121.5409185, 25.0054251]]}}, {"type": "Feature", "properties": {"county": "台北市", "district": "文山區", "highway": "residential", "name": "景文街"}, "geometry": {"type": "LineString", "coordinates": [[121.5410752, 24.9941967], [121.5411878, 24.9941437]]}}, {"type": "Feature", "properties": {"county": "台北市", "district": "文山區", "highway": "residential", "name": "景文街103巷"}, "geometry": {"type": "LineString", "coordinates": [[121.5412139, 24.9908038], [121.5417292, 24.9906553], [121.542255, 24.9905037]]}}, {"type": "Feature", "properties": {"county": "台北市", "district": "文山區", "highway": "residential", "name": "羅斯福路五段211巷26弄"}, "geometry": {"type": "LineString", "coordinates": [[121.539592, 25.0024511], [121.5397307, 25.0020812], [121.5399158, 25.0016704], [121.5399917, 25.0014782], [121.5400856, 25.0012509]]}}, {"type": "Feature", "properties": {"county": "台北市", "district": "文山區", "highway": "residential", "name": "景明街11巷"}, "geometry": {"type": "LineString", "coordinates": [[121.541414, 25.0017337], [121.5415645, 25.0015414]]}}, {"type": "Feature", "properties": {"county": "台北市", "district": "文山區", "highway": "residential", "name": "羅斯福路五段211巷"}, "geometry": {"type": "LineString", "coordinates": [[121.5389399, 25.0022338], [121.5389934, 25.0022494], [121.5390276, 25.0022618], [121.5392124, 25.0023247], [121.539592, 25.0024511], [121.5402628, 25.0026776]]}}, {"type": "Feature", "properties": {"county": "台北市", "district": "文山區", "highway": "residential", "name": "興隆路二段220巷53弄"}, "geometry": {"type": "LineString", "coordinates": [[121.5518536, 24.9998081], [121.5519054, 24.9996281], [121.5519435, 24.9994854], [121.5520608, 24.9989787], [121.5522046, 24.9987927], [121.5522348, 24.9986848]]}}, {"type": "Feature", "properties": {"county": "台北市", "district": "文山區", "highway": "residential", "name": "興隆路二段244巷"}, "geometry": {"type": "LineString", "coordinates": [[121.5536342, 24.9994287], [121.5534259, 24.9995572], [121.553337, 24.9996108], [121.5532791, 24.9996432], [121.5531228, 24.9996874], [121.5529948, 24.9997265]]}}, {"type": "Feature", "properties": {"county": "台北市", "district": "文山區", "highway": "residential", "name": "興隆路一段184巷"}, "geometry": {"type": "LineString", "coordinates": [[121.5427647, 25.0010106], [121.5427373, 25.0009658], [121.5426301, 25.0008011], [121.542465, 25.0005483], [121.5422694, 25.0002216]]}}, {"type": "Feature", "properties": {"county": "台北市", "district": "文山區", "highway": "residential", "name": "景明街29巷"}, "geometry": {"type": "LineString", "coordinates": [[121.5422694, 25.0002216], [121.5414666, 25.0006433], [121.5414283, 25.0007108], [121.5414089, 25.0007471], [121.5412248, 25.0010531], [121.5411402, 25.0011959]]}}, {"type": "Feature", "properties": {"county": "台北市", "district": "文山區", "highway": "residential", "name": "福興路95巷"}, "geometry": {"type": "LineString", "coordinates": [[121.5471966, 25.0057799], [121.5474276, 25.0056958]]}}, {"type": "Feature", "properties": {"county": "台北市", "district": "文山區", "highway": "residential", "name": "福興路95巷"}, "geometry": {"type": "LineString", "coordinates": [[121.5469396, 25.0051058], [121.5472075, 25.0051128], [121.5472657, 25.0051696]]}}, {"type": "Feature", "properties": {"county": "台北市", "district": "文山區", "highway": "residential", "name": "興隆路二段203巷"}, "geometry": {"type": "LineString", "coordinates": [[121.5467912, 25.0031565], [121.5467348, 25.0031725], [121.5458658, 25.0034188], [121.5459417, 25.0036271]]}}, {"type": "Feature", "properties": {"county": "台北市", "district": "文山區", "highway": "residential", "name": "興隆路二段153巷"}, "geometry": {"type": "LineString", "coordinates": [[121.5476806, 25.0014723], [121.5477634, 25.0013558], [121.5478809, 25.0012295], [121.5479627, 25.0011644], [121.5479742, 25.0011092], [121.548008, 25.0010487], [121.5480891, 25.0009534], [121.5481263, 25.0009024], [121.548277, 25.0006864], [121.5482808, 25.000681], [121.5483009, 25.0006516], [121.5483018, 25.0006543], [121.5483947, 25.0005356], [121.5484603, 25.0004559], [121.548486, 25.0004246], [121.5485296, 25.0003745], [121.5485782, 25.0003237]]}}, {"type": "Feature", "properties": {"county": "台北市", "district": "文山區", "highway": "residential", "name": "羅斯福路五段150巷"}, "geometry": {"type": "LineString", "coordinates": [[121.5377861, 25.0075541], [121.5379621, 25.0071833], [121.538001, 25.0070977], [121.5380321, 25.0070294], [121.5380683, 25.0068665], [121.5381501, 25.0065252], [121.5382163, 25.0063695], [121.5383436, 25.0059856], [121.5384033, 25.0057702], [121.5384654, 25.005563], [121.5385006, 25.005463], [121.5385944, 25.0053038], [121.5386876, 25.0052556], [121.5387862, 25.005228], [121.5388558, 25.0052087]]}}, {"type": "Feature", "properties": {"county": "台北市", "district": "文山區", "highway": "residential", "name": "溪洲街137巷"}, "geometry": {"type": "LineString", "coordinates": [[121.5353705, 25.0000514], [121.5354351, 25.0000507], [121.5357186, 25.0000494], [121.5357752, 25.0000474], [121.5359992, 25.0000519], [121.5360333, 25.0000526]]}}, {"type": "Feature", "properties": {"county": "台北市", "district": "文山區", "highway": "residential", "name": "溪洲街137巷58弄"}, "geometry": {"type": "LineString", "coordinates": [[121.5354092, 25.0010041], [121.5357851, 25.0009918], [121.5359434, 25.000977], [121.5363296, 25.0009355]]}}, {"type": "Feature", "properties": {"county": "台北市", "district": "文山區", "highway": "residential", "name": "萬隆街"}, "geometry": {"type": "LineString", "coordinates": [[121.5365943, 25.0009084], [121.5366656, 25.0008826], [121.5370339, 25.0007492], [121.5370791, 25.0007313], [121.5374484, 25.0005975], [121.5375512, 25.0005562], [121.5378202, 25.0004482], [121.5379504, 25.0003935], [121.5383217, 25.0002373], [121.5384971, 25.0002308], [121.5385354, 25.0002294], [121.5387834, 25.0002805], [121.5388711, 25.0003107], [121.5388979, 25.0003241], [121.5393552, 25.0005046], [121.539382, 25.0005022], [121.5394898, 25.0004905]]}}, {"type": "Feature", "properties": {"county": "台北市", "district": "文山區", "highway": "residential", "name": "羅斯福路五段53巷"}, "geometry": {"type": "LineString", "coordinates": [[121.5389687, 25.006706], [121.539038, 25.0067288], [121.5392354, 25.0068024], [121.5394474, 25.0065657], [121.5395317, 25.0064538], [121.5396554, 25.0063852], [121.5397169, 25.0063388], [121.5397944, 25.006312], [121.5398912, 25.0063007]]}}, {"type": "Feature", "properties": {"county": "台北市", "district": "文山區", "highway": "residential", "name": "羅斯福路五段97巷"}, "geometry": {"type": "LineString", "coordinates": [[121.5398912, 25.0063007], [121.539905, 25.0062622], [121.539754, 25.0057733], [121.5396554, 25.0053638]]}}, {"type": "Feature", "properties": {"county": "台北市", "district": "文山區", "highway": "residential", "name": "羅斯福路五段97巷"}, "geometry": {"type": "LineString", "coordinates": [[121.5390299, 25.0053572], [121.53909, 25.0053565], [121.5394465, 25.0053656], [121.5396554, 25.0053638], [121.5397848, 25.005375], [121.539925, 25.0053779], [121.5402902, 25.0053892], [121.5409185, 25.0054251]]}}, {"type": "Feature", "properties": {"county": "台北市", "district": "文山區", "highway": "residential", "name": null}, "geometry": {"type": "LineString", "coordinates": [[121.5409232, 25.0055883], [121.5410268, 25.0056346], [121.5411117, 25.0056695], [121.5411911, 25.0056892], [121.5412837, 25.0056701], [121.5413903, 25.0056002], [121.5415437, 25.0055372]]}}, {"type": "Feature", "properties": {"county": "台北市", "district": "文山區", "highway": "residential", "name": "興順街"}, "geometry": {"type": "LineString", "coordinates": [[121.5431658, 25.0005687], [121.5432489, 25.0006134]]}}, {"type": "Feature", "properties": {"county": "台北市", "district": "文山區", "highway": "residential", "name": "萬安街16巷"}, "geometry": {"type": "LineString", "coordinates": [[121.5687457, 25.0004329], [121.5688101, 25.0004695], [121.5688549, 25.0004949], [121.5690858, 25.000626], [121.5692098, 25.0006892], [121.5693735, 25.000764], [121.5695726, 25.0008424], [121.5697101, 25.0008893], [121.5698683, 25.0009347], [121.5700351, 25.0009766], [121.5701547, 25.001001], [121.5703482, 25.001035], [121.5705017, 25.0010619]]}}, {"type": "Feature", "properties": {"county": "台北市", "district": "文山區", "highway": "residential", "name": "景豐街48巷11弄"}, "geometry": {"type": "LineString", "coordinates": [[121.5463793, 25.0007071], [121.5465135, 25.0004585], [121.5465872, 25.0003219]]}}, {"type": "Feature", "properties": {"county": "台北市", "district": "文山區", "highway": "residential", "name": "景豐街"}, "geometry": {"type": "LineString", "coordinates": [[121.5450632, 25.0012438], [121.5451144, 25.0012009], [121.5452, 25.001102], [121.5454093, 25.0009038], [121.5455266, 25.0008044], [121.5457096, 25.000732], [121.5457553, 25.0006637], [121.5458611, 25.0004159], [121.5459792, 25.0001526], [121.5460528, 25.0001127], [121.5460919, 25.0000244]]}}, {"type": "Feature", "properties": {"county": "台北市", "district": "文山區", "highway": "residential", "name": "景隆街"}, "geometry": {"type": "LineString", "coordinates": [[121.5398365, 24.9996464], [121.5399524, 24.9996862]]}}, {"type": "Feature", "properties": {"county": "台北市", "district": "文山區", "highway": "secondary_link", "name": null}, "geometry": {"type": "LineString", "coordinates": [[121.5517517, 24.9966197], [121.5517665, 24.9965264], [121.5517872, 24.9964959], [121.5518158, 24.9964727], [121.5518722, 24.9964627], [121.5519119, 24.9964758], [121.5519395, 24.9964992], [121.5519589, 24.996545], [121.5519691, 24.9967082], [121.5519984, 24.996763], [121.5520288, 24.9967979]]}}, {"type": "Feature", "properties": {"county": "台北市", "district": "文山區", "highway": "residential", "name": "仙岩路16巷72弄"}, "geometry": {"type": "LineString", "coordinates": [[121.5505635, 24.9957686], [121.5504422, 24.9954955], [121.550416, 24.9953654], [121.5503883, 24.9952569]]}}, {"type": "Feature", "properties": {"county": "台北市", "district": "文山區", "highway": "residential", "name": "仙岩路16巷"}, "geometry": {"type": "LineString", "coordinates": [[121.5510066, 24.9968477], [121.5507445, 24.9967376], [121.5506297, 24.9966518], [121.550488, 24.9965396], [121.5503548, 24.9965444]]}}, {"type": "Feature", "properties": {"county": "台北市", "district": "文山區", "highway": "residential", "name": "興隆路二段220巷31弄"}, "geometry": {"type": "LineString", "coordinates": [[121.5527087, 25.0003628], [121.5525865, 25.0000555], [121.5525385, 24.9999573], [121.5524323, 24.9998202], [121.5522843, 24.9997029], [121.5522004, 24.999641], [121.5519435, 24.9994854]]}}, {"type": "Feature", "properties": {"county": "台北市", "district": "文山區", "highway": "residential", "name": "興隆路二段153巷6弄"}, "geometry": {"type": "LineString", "coordinates": [[121.5487087, 25.0019217], [121.5486782, 25.0018641], [121.548535, 25.0015934], [121.5484607, 25.0014621], [121.5484022, 25.0013839], [121.5483859, 25.001362], [121.5479742, 25.0011092]]}}, {"type": "Feature", "properties": {"county": "台北市", "district": "文山區", "highway": "residential", "name": "興德路"}, "geometry": {"type": "LineString", "coordinates": [[121.555297, 25.0008598], [121.5552296, 25.0007151], [121.5552057, 25.0006615], [121.5551695, 25.0005924]]}}, {"type": "Feature", "properties": {"county": "台北市", "district": "文山區", "highway": "secondary_link", "name": null}, "geometry": {"type": "LineString", "coordinates": [[121.5576363, 25.009798], [121.5575664, 25.0098126], [121.5575138, 25.0098134], [121.5574665, 25.0097902], [121.5574361, 25.0097478], [121.5574383, 25.0097123], [121.5574883, 25.0096581], [121.5576743, 25.0095203], [121.5577361, 25.0094184]]}}, {"type": "Feature", "properties": {"county": "台北市", "district": "文山區", "highway": "secondary_link", "name": null}, "geometry": {"type": "LineString", "coordinates": [[121.5572327, 25.0098003], [121.5573333, 25.0097889], [121.557386, 25.009806], [121.5574339, 25.0098395], [121.5574672, 25.0099099], [121.5574595, 25.0099845]]}}, {"type": "Feature", "properties": {"county": "台北市", "district": "文山區", "highway": "secondary_link", "name": null}, "geometry": {"type": "LineString", "coordinates": [[121.553609, 25.0137423], [121.5534837, 25.0138762]]}}, {"type": "Feature", "properties": {"county": "台北市", "district": "文山區", "highway": "residential", "name": "和平東路四段65巷"}, "geometry": {"type": "LineString", "coordinates": [[121.567018, 25.0075529], [121.5671521, 25.0075796], [121.567254, 25.0076167], [121.5672527, 25.0075321], [121.5672372, 25.0074781], [121.5672533, 25.0072351], [121.5673364, 25.0070458], [121.5675093, 25.0068927], [121.5678493, 25.006621]]}}, {"type": "Feature", "properties": {"county": "台北市", "district": "文山區", "highway": "unclassified", "name": "寶高便道"}, "geometry": {"type": "LineString", "coordinates": [[121.5538778, 24.9738084], [121.5541969, 24.9736751], [121.5549901, 24.9742796], [121.5557201, 24.974763], [121.5556314, 24.9750898], [121.5553595, 24.975889], [121.5553438, 24.9759352], [121.5553025, 24.9760564]]}}, {"type": "Feature", "properties": {"county": "台北市", "district": "文山區", "highway": "residential", "name": "寶高便道"}, "geometry": {"type": "LineString", "coordinates": [[121.549193, 24.9735871], [121.5492192, 24.9735863], [121.5496984, 24.9735708], [121.5498578, 24.9735003], [121.5498911, 24.9734892], [121.5499297, 24.9734828], [121.5500712, 24.973477], [121.5506311, 24.9734547]]}}, {"type": "Feature", "properties": {"county": "台北市", "district": "文山區", "highway": "motorway_link", "name": "新店交流道"}, "geometry": {"type": "LineString", "coordinates": [[121.5515641, 24.9730928], [121.5517221, 24.9729049], [121.5518492, 24.9726728], [121.5519177, 24.972396], [121.5519105, 24.9721654], [121.5518628, 24.9719531], [121.5517068, 24.971644], [121.5515113, 24.9712624]]}}, {"type": "Feature", "properties": {"county": "台北市", "district": "文山區", "highway": "unclassified", "name": "指南路三段34巷"}, "geometry": {"type": "LineString", "coordinates": [[121.5831077, 24.9686476], [121.5830602, 24.9686708], [121.5829482, 24.9687378], [121.5828942, 24.9688021], [121.5828775, 24.9688777], [121.5829145, 24.968942], [121.5830524, 24.9690863], [121.5831316, 24.9692378], [121.5831346, 24.9693505], [121.5830947, 24.9696814], [121.583076, 24.9697647], [121.5831117, 24.9702998], [121.5830909, 24.9704178], [121.5830194, 24.9705573], [121.5829789, 24.9706365], [121.5828531, 24.9708281], [121.5826116, 24.9709197], [121.5825581, 24.9709989], [121.5823396, 24.9712392], [121.5822765, 24.9714347], [121.5822387, 24.9715864], [121.5822291, 24.9716797], [121.5823351, 24.971967], [121.5823277, 24.9721086], [121.5819003, 24.9725145], [121.5816924, 24.9728454], [121.5807835, 24.9737103], [121.5805175, 24.9740879], [121.5803061, 24.9744838], [121.5802002, 24.9746577], [121.5800647, 24.9748352], [121.5800144, 24.9749206], [121.5799003, 24.9751944], [121.579548, 24.9755363], [121.5795026, 24.9756527], [121.5795095, 24.9757579], [121.5794807, 24.9759378], [121.5794599, 24.9761275], [121.5794834, 24.9763573], [121.5796024, 24.9767535], [121.5796557, 24.9771559], [121.5796765, 24.977255], [121.5797256, 24.9773399], [121.5797992, 24.9774234], [121.5798528, 24.9775048], [121.5798835, 24.9775632], [121.579885, 24.9776075], [121.5798542, 24.977707], [121.5798246, 24.9777401], [121.5796083, 24.977869], [121.5795875, 24.9778893], [121.5794423, 24.9781115], [121.5793536, 24.9782144], [121.5791695, 24.9782196], [121.5790656, 24.9782585], [121.5790068, 24.978346], [121.5788979, 24.9787822], [121.5789305, 24.9789553], [121.5791917, 24.9791132], [121.5792664, 24.9791858], [121.579326, 24.9795057], [121.5793687, 24.9795496], [121.5794371, 24.9795482], [121.5794869, 24.9794831], [121.5795134, 24.9792778], [121.5794736, 24.9789582], [121.5794841, 24.9788615], [121.5796266, 24.9788003], [121.5799785, 24.9787387], [121.5801455, 24.9786928], [121.5803936, 24.9786973], [121.5805321, 24.9785959], [121.5805896, 24.9784738], [121.5806904, 24.9780927], [121.5807461, 24.9779376], [121.5807882, 24.9778723], [121.5809552, 24.9777078], [121.5810196, 24.9776373], [121.5811544, 24.9774319], [121.5812328, 24.9773638], [121.5813495, 24.9772994], [121.5815119, 24.9772386], [121.5815611, 24.9772283], [121.5816493, 24.9772072], [121.5819365, 24.9771363], [121.5820898, 24.9770656], [121.5822501, 24.9768961], [121.5823895, 24.9767219], [121.5824948, 24.9766496], [121.582594, 24.9765995]]}}, {"type": "Feature", "properties": {"county": "台北市", "district": "文山區", "highway": "secondary", "name": "木新路三段"}, "geometry": {"type": "LineString", "coordinates": [[121.5549022, 24.9802142], [121.5550027, 24.9802411], [121.5552421, 24.9803052], [121.5553861, 24.9803437], [121.5559896, 24.9805052], [121.5562836, 24.9805839], [121.5563799, 24.9806097], [121.5571224, 24.9808084], [121.5571928, 24.9808272]]}}, {"type": "Feature", "properties": {"county": "台北市", "district": "文山區", "highway": "tertiary", "name": "保儀路"}, "geometry": {"type": "LineString", "coordinates": [[121.5685143, 24.988906], [121.5685316, 24.9888164], [121.5685424, 24.9887604], [121.568601, 24.9884575], [121.5686081, 24.988421], [121.5686305, 24.9883406], [121.5686374, 24.9882801], [121.5686361, 24.9882164], [121.568614, 24.9878187], [121.5686132, 24.9877387], [121.568602, 24.9876459]]}}, {"type": "Feature", "properties": {"county": "台北市", "district": "文山區", "highway": "tertiary", "name": "指南路三段"}, "geometry": {"type": "LineString", "coordinates": [[121.5800896, 24.9849705], [121.5800419, 24.9847209], [121.5800113, 24.9846493], [121.5798984, 24.9844605], [121.57956, 24.9838942], [121.5795391, 24.9838592], [121.5795909, 24.9838143], [121.5796178, 24.983791], [121.5797966, 24.9836361], [121.5798873, 24.9835479], [121.5799324, 24.9834117], [121.5799831, 24.9832645], [121.5800381, 24.9831215], [121.5800875, 24.9830252], [121.5802167, 24.9828506], [121.5804018, 24.9826093], [121.5806581, 24.9822168], [121.5808976, 24.981873], [121.5809703, 24.9817547], [121.581084, 24.9816818], [121.5813583, 24.9814427], [121.5814937, 24.9813421], [121.5815698, 24.9812995], [121.5821528, 24.9810219], [121.5822997, 24.9809143], [121.5824392, 24.9807596], [121.5824975, 24.9806093], [121.5825492, 24.9802665], [121.5825853, 24.9801322], [121.5824962, 24.9798632], [121.5825176, 24.9793911]]}}, {"type": "Feature", "properties": {"county": "台北市", "district": "文山區", "highway": "residential", "name": "指南路二段197巷"}, "geometry": {"type": "LineString", "coordinates": [[121.5782976, 24.9871036], [121.5783018, 24.9871654], [121.5783005, 24.9872319], [121.5782918, 24.9872645], [121.5782576, 24.987317], [121.5781242, 24.9874541], [121.5780866, 24.9874809], [121.5780481, 24.9874988], [121.5779064, 24.987554], [121.5778653, 24.9875836], [121.5778264, 24.9876267], [121.5778038, 24.9876666], [121.5777906, 24.9877164], [121.5777364, 24.9880801], [121.5777243, 24.9881615], [121.5776464, 24.9886843], [121.5776397, 24.9887293], [121.5776291, 24.9888005]]}}, {"type": "Feature", "properties": {"county": "台北市", "district": "文山區", "highway": "motorway", "name": "台北聯絡線"}, "geometry": {"type": "LineString", "coordinates": [[121.5652563, 25.0096469], [121.5651737, 25.0096762], [121.5649105, 25.0097862], [121.564655, 25.0099068], [121.5644084, 25.0100387], [121.5641586, 25.0101869], [121.5639195, 25.0103485], [121.5637196, 25.010497], [121.563519, 25.0106622], [121.563316, 25.0108494], [121.5631374, 25.0110301], [121.5629623, 25.0112195], [121.5628085, 25.0113988], [121.5624089, 25.011872], [121.5621276, 25.012205]]}}, {"type": "Feature", "properties": {"county": "台北市", "district": "文山區", "highway": "motorway", "name": "台北聯絡線"}, "geometry": {"type": "LineString", "coordinates": [[121.5656768, 25.009232], [121.5658573, 25.0091715], [121.5660729, 25.0091045]]}}, {"type": "Feature", "properties": {"county": "台北市", "district": "文山區", "highway": "unclassified", "name": "銀河路"}, "geometry": {"type": "LineString", "coordinates": [[121.5706375, 24.956514], [121.5708904, 24.9566888], [121.5712876, 24.9567699], [121.5713401, 24.9567852], [121.5716706, 24.9568817], [121.5719862, 24.9568937], [121.5723155, 24.9569775], [121.5725437, 24.9570883], [121.5726641, 24.957101], [121.5733002, 24.9571627], [121.5734951, 24.9571969], [121.5738017, 24.9572852], [121.57409, 24.9574067], [121.5742141, 24.9574531], [121.5743906, 24.9574804], [121.5745824, 24.9574619], [121.5747603, 24.9574095], [121.574955, 24.9572608], [121.5751185, 24.957074], [121.5752159, 24.9569916], [121.5753638, 24.9569124], [121.57546, 24.956918], [121.5755453, 24.9569491], [121.5758832, 24.9570598], [121.5760962, 24.9570996], [121.5762389, 24.9571178], [121.5764373, 24.9571566], [121.5766073, 24.9572539], [121.5767931, 24.9574593], [121.5769192, 24.9576336], [121.5770132, 24.9576935], [121.5771088, 24.9577262], [121.5772778, 24.9578114], [121.5774791, 24.9578746], [121.577604, 24.9578975], [121.5777073, 24.9578961], [121.577939, 24.9578755], [121.5780763, 24.9578976], [121.5782384, 24.9580468], [121.5783805, 24.9581286], [121.5785389, 24.9581758], [121.5787169, 24.9581931], [121.5787666, 24.9582171], [121.5788261, 24.9582838], [121.5789178, 24.9584357], [121.5790174, 24.9585938], [121.5790796, 24.9586845], [121.5792067, 24.9587542], [121.5792835, 24.9587641], [121.5794162, 24.9587417], [121.5796485, 24.9586534], [121.5798344, 24.958605], [121.5800676, 24.9585151], [121.5801871, 24.9584944], [121.5803052, 24.958483], [121.5804406, 24.958534], [121.5806335, 24.9586186], [121.5808355, 24.9586488], [121.5810671, 24.9586605], [121.5811422, 24.9586831], [121.5811623, 24.9587041], [121.5811949, 24.9587342], [121.5811698, 24.9587771], [121.5811418, 24.9587988], [121.5809878, 24.958897], [121.5808934, 24.9589331], [121.5808022, 24.9589729], [121.5806881, 24.9590059], [121.5806175, 24.9590359], [121.5805949, 24.9590928], [121.5806245, 24.9591852], [121.5806543, 24.9592572], [121.5806681, 24.9593466], [121.5806226, 24.9594178], [121.5805644, 24.9594991], [121.5804508, 24.9595741], [121.5803803, 24.9596546], [121.5803658, 24.9598782], [121.5803221, 24.9602695], [121.5802916, 24.9606369], [121.5803141, 24.9607699], [121.5803899, 24.960831]]}}, {"type": "Feature", "properties": {"county": "台北市", "district": "文山區", "highway": "unclassified", "name": "指南路三段34巷"}, "geometry": {"type": "LineString", "coordinates": [[121.5799866, 24.9711086], [121.5799383, 24.971193], [121.5799226, 24.9712127], [121.5799024, 24.9712891], [121.5798961, 24.9713481], [121.5799133, 24.971405], [121.5799367, 24.971435], [121.5800993, 24.9715876], [121.5801244, 24.9716127], [121.5801251, 24.9716767], [121.5801018, 24.9717724], [121.5801262, 24.9719586], [121.5801457, 24.97199], [121.5801575, 24.9720091], [121.5801569, 24.9721071], [121.5801358, 24.9721622], [121.5800841, 24.9722558], [121.5799366, 24.9724316], [121.5797093, 24.9726882], [121.5796461, 24.9728705], [121.5795843, 24.9730221]]}}, {"type": "Feature", "properties": {"county": "台北市", "district": "文山區", "highway": "residential", "name": "景美街"}, "geometry": {"type": "LineString", "coordinates": [[121.5413409, 24.9915985], [121.5414746, 24.9915676], [121.5417118, 24.9915127], [121.5419229, 24.9914639], [121.5424758, 24.991336]]}}, {"type": "Feature", "properties": {"county": "台北市", "district": "文山區", "highway": "residential", "name": "景興路238巷"}, "geometry": {"type": "LineString", "coordinates": [[121.5423742, 24.9908751], [121.5424549, 24.9908445], [121.5431269, 24.9906084], [121.5431832, 24.9905871]]}}, {"type": "Feature", "properties": {"county": "台北市", "district": "文山區", "highway": "unclassified", "name": "老泉街26巷"}, "geometry": {"type": "LineString", "coordinates": [[121.5688696, 24.9673591], [121.5688477, 24.9672617], [121.5689263, 24.9670412], [121.5688954, 24.9667044], [121.5689404, 24.9665046], [121.5689458, 24.9664434], [121.5689164, 24.9663484], [121.5688568, 24.9662982], [121.5687609, 24.9662737], [121.5686613, 24.9662897], [121.568601, 24.9663274], [121.5683971, 24.9665499], [121.5683569, 24.9665778], [121.5683086, 24.9665888], [121.5681329, 24.9665912], [121.5679845, 24.9666118], [121.5678825, 24.9666031], [121.5675688, 24.9664874], [121.5674744, 24.9664762], [121.567036, 24.9664973], [121.5669353, 24.9665306], [121.5668187, 24.966633], [121.5667455, 24.966807], [121.5667323, 24.9669586], [121.5667395, 24.9670675], [121.5666724, 24.9673119], [121.5666919, 24.9673751], [121.5666953, 24.9676307], [121.5665596, 24.967908], [121.566547, 24.9679757], [121.5665612, 24.9680283], [121.5666081, 24.9680623], [121.566661, 24.9680767], [121.5667227, 24.9680705], [121.5667697, 24.9680377], [121.5669461, 24.9677924], [121.5669675, 24.9677535], [121.5670105, 24.9675548], [121.5670821, 24.9674735], [121.5671935, 24.967431], [121.567333, 24.9674565], [121.5673812, 24.9674845], [121.5674235, 24.9676088], [121.5674026, 24.9677872], [121.5674128, 24.9679748], [121.5674235, 24.9680477], [121.567457, 24.9682131], [121.5674585, 24.9683132], [121.5674148, 24.9684585], [121.5673886, 24.968489], [121.5673061, 24.9685544], [121.5672076, 24.9687054], [121.5671512, 24.9687602], [121.5670629, 24.9688121], [121.5668236, 24.9688988], [121.5667858, 24.9689182], [121.5667533, 24.9689428], [121.5665911, 24.9691746], [121.5665658, 24.9692337], [121.5665395, 24.9693443], [121.5665132, 24.9693815], [121.5662889, 24.9695475], [121.5661838, 24.9696012], [121.5661461, 24.9696367], [121.5661386, 24.96968], [121.5661478, 24.9697254], [121.5662239, 24.9698452], [121.5662538, 24.9698984], [121.5662609, 24.9699417], [121.5662554, 24.9699905], [121.5662353, 24.9700525], [121.5661618, 24.9701941], [121.5659402, 24.9705339], [121.5658852, 24.9705838], [121.5658172, 24.9706219], [121.5656898, 24.9706734], [121.565612, 24.9707123], [121.5654899, 24.9708116], [121.5654512, 24.97086], [121.5653934, 24.9709726], [121.5653535, 24.9710184], [121.565214, 24.9711402], [121.5651003, 24.9712803], [121.5649221, 24.9713281], [121.5648469, 24.9713348], [121.5646896, 24.9713105], [121.5646359, 24.9713222], [121.5646031, 24.9713485], [121.564586, 24.9713828], [121.5645866, 24.9715408], [121.5646109, 24.9718079], [121.5647546, 24.9720467], [121.5647364, 24.9721423], [121.5646167, 24.9723336], [121.5646008, 24.9725416], [121.5645494, 24.9726847], [121.5644563, 24.972795], [121.5642981, 24.9728261], [121.5641173, 24.9728081], [121.5639938, 24.9727896], [121.5639106, 24.9728162], [121.56372, 24.9729724], [121.5634388, 24.9731031], [121.5632446, 24.9732364], [121.5631172, 24.9732842], [121.5629714, 24.9733363], [121.5628665, 24.9733933], [121.5627863, 24.9734722], [121.5626733, 24.9735784], [121.5626108, 24.973639], [121.5625216, 24.9736682], [121.5624277, 24.9736907], [121.5623573, 24.9737239], [121.5622914, 24.9737772], [121.5622487, 24.9738666], [121.562213, 24.9739742], [121.5621959, 24.9741291], [121.5621536, 24.9743553], [121.5620022, 24.9746116], [121.5619473, 24.9746811], [121.561868, 24.9747001], [121.5617532, 24.9746838], [121.5616393, 24.9746474]]}}, {"type": "Feature", "properties": {"county": "台北市", "district": "文山區", "highway": "motorway", "name": "福爾摩沙高速公路"}, "geometry": {"type": "LineString", "coordinates": [[121.5618527, 24.9773882], [121.5613103, 24.9772917], [121.560469, 24.9770886], [121.5597149, 24.976855], [121.5589871, 24.9765967], [121.5582899, 24.9763033], [121.5576141, 24.9759937], [121.5569384, 24.9756494]]}}, {"type": "Feature", "properties": {"county": "台北市", "district": "文山區", "highway": "motorway", "name": "福爾摩沙高速公路"}, "geometry": {"type": "LineString", "coordinates": [[121.55246, 24.9722531], [121.5519814, 24.9717609], [121.5515113, 24.9712624]]}}, {"type": "Feature", "properties": {"county": "台北市", "district": "文山區", "highway": "motorway", "name": "福爾摩沙高速公路"}, "geometry": {"type": "LineString", "coordinates": [[121.5537196, 24.973052], [121.5542138, 24.9734954], [121.5550893, 24.9741789], [121.5558948, 24.9747691]]}}, {"type": "Feature", "properties": {"county": "台北市", "district": "文山區", "highway": "motorway_link", "name": "新店交流道"}, "geometry": {"type": "LineString", "coordinates": [[121.5547821, 24.9732776], [121.5548795, 24.9732101], [121.554968, 24.9731183], [121.5550402, 24.9730035], [121.5550698, 24.9728987], [121.5550734, 24.9727565], [121.5550437, 24.9725841], [121.5549945, 24.9724934]]}}, {"type": "Feature", "properties": {"county": "台北市", "district": "文山區", "highway": "residential", "name": "羅斯福路三段316巷9弄"}, "geometry": {"type": "LineString", "coordinates": [[121.5320901, 25.0154179], [121.5319927, 25.0154923], [121.5318158, 25.0156874], [121.5315873, 25.015911]]}}, {"type": "Feature", "properties": {"county": "台北市", "district": "文山區", "highway": "residential", "name": "汀州路三段160巷"}, "geometry": {"type": "LineString", "coordinates": [[121.5344569, 25.0135214], [121.5344181, 25.0134862], [121.5343735, 25.0134448], [121.5341717, 25.0132521], [121.5340664, 25.0131607], [121.5338448, 25.0129669]]}}, {"type": "Feature", "properties": {"county": "台北市", "district": "文山區", "highway": "tertiary", "name": "思源街"}, "geometry": {"type": "LineString", "coordinates": [[121.5321041, 25.0148798], [121.5322702, 25.0148492], [121.5323684, 25.0148386], [121.5324278, 25.0148443], [121.5324551, 25.0148537], [121.5325215, 25.0149062]]}}, {"type": "Feature", "properties": {"county": "台北市", "district": "文山區", "highway": "unclassified", "name": "新光路74巷"}, "geometry": {"type": "LineString", "coordinates": [[121.5968695, 24.9930022], [121.5965635, 24.9926989], [121.5963981, 24.9925284], [121.5962599, 24.9923741], [121.5962244, 24.9923218], [121.5961225, 24.9921504], [121.5960804, 24.9921121]]}}, {"type": "Feature", "properties": {"county": "台北市", "district": "文山區", "highway": "unclassified", "name": "指南路3段40巷"}, "geometry": {"type": "LineString", "coordinates": [[121.5942525, 24.973582], [121.5943736, 24.9735392], [121.5944088, 24.9735089], [121.5944773, 24.9734512], [121.5945178, 24.9733222], [121.5945523, 24.9732511], [121.5946741, 24.9731751], [121.5947156, 24.9731472], [121.594726, 24.9731028], [121.5947005, 24.9730153]]}}, {"type": "Feature", "properties": {"county": "台北市", "district": "文山區", "highway": "unclassified", "name": "新光路74巷"}, "geometry": {"type": "LineString", "coordinates": [[121.5960207, 24.9920761], [121.5959267, 24.9920489], [121.5955385, 24.9919879], [121.5954942, 24.9919705], [121.5954519, 24.9919359], [121.5953889, 24.991866], [121.5953232, 24.9917444], [121.595244, 24.9916666], [121.5951418, 24.9916109], [121.5950683, 24.9915846], [121.5949864, 24.9915742], [121.5949282, 24.991587], [121.5948817, 24.9916157], [121.5947619, 24.9917505], [121.5947163, 24.9917851], [121.5946664, 24.9918111], [121.5945304, 24.9918566], [121.59444, 24.9918714], [121.5941758, 24.9918684], [121.5940595, 24.9918871], [121.5937507, 24.991993], [121.5936078, 24.9920673], [121.5935381, 24.9921194], [121.5934852, 24.9921686], [121.5934335, 24.9922355], [121.593394, 24.9922543], [121.5933651, 24.9922507], [121.5933403, 24.9922385], [121.5933172, 24.9922078], [121.593285, 24.992099], [121.5932341, 24.9918267], [121.5930986, 24.9911005], [121.5930523, 24.9909455], [121.5930262, 24.9909054], [121.5929796, 24.9908717], [121.5925317, 24.9906264], [121.5924706, 24.990586], [121.5924402, 24.9905538], [121.5923672, 24.9903091], [121.5923278, 24.9902481], [121.5922487, 24.9901667], [121.5922161, 24.9901211], [121.5921736, 24.9900171], [121.5921641, 24.9899319], [121.5921729, 24.9898969], [121.5922673, 24.9898259], [121.5925777, 24.9897072], [121.5925682, 24.9895973]]}}, {"type": "Feature", "properties": {"county": "台北市", "district": "文山區", "highway": "unclassified", "name": "萬壽路"}, "geometry": {"type": "LineString", "coordinates": [[121.5892338, 24.982438], [121.5893266, 24.9823927], [121.5894325, 24.9823975], [121.5895586, 24.9824279], [121.5896686, 24.9824887], [121.5897155, 24.9825653], [121.589737, 24.9826795], [121.5897155, 24.9827561], [121.5896605, 24.9828437], [121.5894865, 24.9829255], [121.5892716, 24.9831986], [121.5890785, 24.9834904], [121.5890034, 24.9837165], [121.5889819, 24.9838222], [121.5889578, 24.9839973], [121.5889605, 24.9841723], [121.5889993, 24.9842368], [121.5890651, 24.9843316], [121.589222, 24.9845844], [121.5892716, 24.9846002], [121.5893239, 24.9845868], [121.5893614, 24.9845528], [121.5893762, 24.9844835], [121.5893775, 24.9843948], [121.5893507, 24.9843109], [121.5893024, 24.9841298], [121.5892971, 24.9840374], [121.5893695, 24.9839778], [121.5894433, 24.9839559], [121.5896028, 24.9839085], [121.589737, 24.9838636], [121.5898965, 24.9837845], [121.5900266, 24.9836593], [121.5900923, 24.9835682], [121.5901346, 24.9834375], [121.5901963, 24.9832892], [121.590266, 24.9831591], [121.590384, 24.9830631], [121.5905517, 24.9829257], [121.5907247, 24.982764], [121.5908588, 24.9826716], [121.5910291, 24.9826388], [121.5912249, 24.9825878], [121.5912906, 24.9825513], [121.5913872, 24.9824759], [121.5914462, 24.9824139], [121.5915132, 24.9823568], [121.5916326, 24.9823799], [121.5917131, 24.9824516], [121.591747, 24.9825028], [121.5916936, 24.982606], [121.5915617, 24.982709], [121.5911967, 24.982978], [121.5907716, 24.9833062], [121.5906925, 24.9834314], [121.5906804, 24.9835481], [121.5907126, 24.9836016], [121.5907716, 24.9836223], [121.5908544, 24.9835944], [121.5909126, 24.9835595], [121.5909781, 24.9834861], [121.5910251, 24.9834217], [121.5911015, 24.9833573], [121.5912021, 24.9833098], [121.5912941, 24.9833275], [121.591465, 24.9834253], [121.5916206, 24.983412], [121.5917359, 24.983395], [121.5918606, 24.9834509], [121.5919732, 24.9835104], [121.5920323, 24.9835834], [121.5921154, 24.9838362], [121.5921892, 24.9839329], [121.5923173, 24.9840265], [121.5924956, 24.9840835], [121.5925888, 24.9841328], [121.592778, 24.9843309], [121.5928964, 24.9844048], [121.5931024, 24.9843868], [121.5931916, 24.984309], [121.5932151, 24.9841814], [121.5932594, 24.9840489], [121.5933988, 24.9838897], [121.5934847, 24.983852], [121.5935665, 24.9838617], [121.5937408, 24.983914], [121.5939366, 24.9839651], [121.5940253, 24.9839872]]}}, {"type": "Feature", "properties": {"county": "台北市", "district": "文山區", "highway": "unclassified", "name": "新光路二段74巷"}, "geometry": {"type": "LineString", "coordinates": [[121.5949742, 24.9863808], [121.5950173, 24.9863266], [121.595144, 24.9861961], [121.5952139, 24.9861412], [121.5953419, 24.9860703], [121.5953895, 24.9860364], [121.5954458, 24.9859751], [121.5956568, 24.9857106], [121.5958008, 24.9854371], [121.5957939, 24.9850702], [121.5957488, 24.9849379], [121.5957418, 24.9848663], [121.5957674, 24.9847929], [121.5958127, 24.9847207], [121.5959609, 24.9846671], [121.5964912, 24.9849606], [121.5965441, 24.9849664], [121.5966091, 24.9849344], [121.5966582, 24.9848587], [121.5966563, 24.9847953], [121.5966352, 24.984744], [121.5965864, 24.9847067], [121.5962787, 24.9846116], [121.5961029, 24.9845016], [121.5959193, 24.9842999], [121.5955487, 24.9837815], [121.5954597, 24.9836241], [121.5953797, 24.9835809], [121.5952928, 24.9835646], [121.5952512, 24.9835576], [121.5951972, 24.9835737], [121.5950216, 24.9838313], [121.5949599, 24.9839274], [121.5948754, 24.9839857], [121.5947292, 24.984038], [121.5946273, 24.9840963], [121.5945628, 24.9842328], [121.5945654, 24.9845203], [121.594697, 24.9848427], [121.5947413, 24.985005], [121.5947527, 24.985101], [121.5947413, 24.9851624], [121.5947279, 24.9851898], [121.5947078, 24.9852013], [121.5946648, 24.9852147], [121.5945877, 24.9851977], [121.5945361, 24.9851491], [121.5944878, 24.985081], [121.5942873, 24.9847656], [121.5941526, 24.9844938], [121.5940954, 24.98431], [121.59408, 24.9840869], [121.5940253, 24.9839872]]}}, {"type": "Feature", "properties": {"county": "台北市", "district": "文山區", "highway": "motorway_link", "name": null}, "geometry": {"type": "LineString", "coordinates": [[121.5928684, 24.9931442], [121.5930767, 24.9931075], [121.5932402, 24.9930787]]}}, {"type": "Feature", "properties": {"county": "台北市", "district": "文山區", "highway": "tertiary", "name": "新光路二段"}, "geometry": {"type": "LineString", "coordinates": [[121.5739035, 24.9945114], [121.573963, 24.9946493], [121.5740157, 24.9947954], [121.5740693, 24.9948957], [121.5741464, 24.9949858], [121.5742498, 24.9950758], [121.5744993, 24.9952406]]}}, {"type": "Feature", "properties": {"county": "台北市", "district": "文山區", "highway": "residential", "name": "政大二街206巷"}, "geometry": {"type": "LineString", "coordinates": [[121.5857786, 24.9889845], [121.5857364, 24.9888868], [121.5855003, 24.9883405]]}}, {"type": "Feature", "properties": {"county": "台北市", "district": "文山區", "highway": "tertiary", "name": "萬福橋"}, "geometry": {"type": "LineString", "coordinates": [[121.584013, 25.0011592], [121.5840864, 25.0012184], [121.5841525, 25.0012935], [121.5842091, 25.0013848], [121.5842483, 25.0014625], [121.5842778, 25.0015347], [121.5843047, 25.0016301], [121.5843189, 25.0017203], [121.5843253, 25.0018115], [121.5843174, 25.001893], [121.5842989, 25.0019858], [121.5842663, 25.002104], [121.5840431, 25.0027176]]}}, {"type": "Feature", "properties": {"county": "台北市", "district": "文山區", "highway": "residential", "name": "政大二街"}, "geometry": {"type": "LineString", "coordinates": [[121.5843834, 24.9892982], [121.584441, 24.9892987], [121.584719, 24.9893009], [121.5848136, 24.9892969], [121.584889, 24.9892887], [121.5849866, 24.9892661], [121.5850382, 24.9892492], [121.5857451, 24.9889964], [121.5857786, 24.9889845], [121.5858369, 24.9889636], [121.5868724, 24.9885933], [121.5869345, 24.9885711]]}}, {"type": "Feature", "properties": {"county": "台北市", "district": "文山區", "highway": "tertiary", "name": "新光路二段"}, "geometry": {"type": "LineString", "coordinates": [[121.584301, 25.0000134], [121.5838228, 25.0001012], [121.5837247, 25.0001365], [121.5836365, 25.0001946], [121.583602, 25.0002316], [121.5835782, 25.0002628], [121.5835508, 25.0003323]]}}, {"type": "Feature", "properties": {"county": "台北市", "district": "文山區", "highway": "residential", "name": "政大二街"}, "geometry": {"type": "LineString", "coordinates": [[121.5843703, 24.9899549], [121.584375, 24.9898021], [121.5843794, 24.9893499], [121.5843834, 24.9892982], [121.5843873, 24.989248], [121.5843925, 24.9890265], [121.5843572, 24.988752], [121.5843165, 24.9886552], [121.5842418, 24.9884808], [121.5841365, 24.9882368], [121.5838704, 24.9876203], [121.5837926, 24.9873871], [121.5837799, 24.9872905], [121.5837778, 24.9871826], [121.5838318, 24.9869978], [121.584023, 24.9866033], [121.584055, 24.9865372]]}}, {"type": "Feature", "properties": {"county": "台北市", "district": "文山區", "highway": "residential", "name": "政大三街"}, "geometry": {"type": "LineString", "coordinates": [[121.5851033, 24.9871939], [121.5841219, 24.9865791], [121.584055, 24.9865372]]}}, {"type": "Feature", "properties": {"county": "台北市", "district": "文山區", "highway": "residential", "name": "政大一街210巷"}, "geometry": {"type": "LineString", "coordinates": [[121.5840197, 24.9856567], [121.5848594, 24.9850718]]}}, {"type": "Feature", "properties": {"county": "台北市", "district": "文山區", "highway": "residential", "name": "秀明路二段7巷"}, "geometry": {"type": "LineString", "coordinates": [[121.5749116, 24.9918643], [121.5748717, 24.9919414], [121.5748541, 24.9919754], [121.5748469, 24.9919894], [121.5747178, 24.992239], [121.5744999, 24.9926605]]}}, {"type": "Feature", "properties": {"county": "台北市", "district": "文山區", "highway": "residential", "name": "政大一街"}, "geometry": {"type": "LineString", "coordinates": [[121.579776, 24.9858676], [121.5799343, 24.9857356], [121.580445, 24.9853095], [121.5805456, 24.9852454], [121.5806179, 24.9852138], [121.5807407, 24.9851683], [121.5810183, 24.9850851], [121.5813375, 24.9849916], [121.5814877, 24.9849916], [121.5816164, 24.9850559], [121.5818739, 24.9852276], [121.5821474, 24.9853592]]}}, {"type": "Feature", "properties": {"county": "台北市", "district": "文山區", "highway": "residential", "name": "新光路一段159巷"}, "geometry": {"type": "LineString", "coordinates": [[121.5737246, 24.9925846], [121.573822, 24.9925941], [121.5744999, 24.9926605]]}}, {"type": "Feature", "properties": {"county": "台北市", "district": "文山區", "highway": "residential", "name": "政大二街171巷"}, "geometry": {"type": "LineString", "coordinates": [[121.5860693, 24.9896572], [121.5857816, 24.9889915], [121.5857786, 24.9889845]]}}, {"type": "Feature", "properties": {"county": "台北市", "district": "文山區", "highway": "residential", "name": "秀明路二段112巷"}, "geometry": {"type": "LineString", "coordinates": [[121.5768332, 24.9906213], [121.5767338, 24.9906056], [121.5766356, 24.9905901], [121.5764413, 24.9905596], [121.5763546, 24.9905459], [121.57626, 24.9905228], [121.5761534, 24.9904815], [121.5760776, 24.99044], [121.5758655, 24.9903022], [121.57549, 24.9900581], [121.5753441, 24.9899886], [121.575165, 24.9899205], [121.5749998, 24.9898705], [121.5749159, 24.989863]]}}, {"type": "Feature", "properties": {"county": "台北市", "district": "文山區", "highway": "residential", "name": "新光一段31巷"}, "geometry": {"type": "LineString", "coordinates": [[121.5749159, 24.989863], [121.5748242, 24.9898549], [121.5742816, 24.9895945], [121.5738597, 24.989392], [121.5738025, 24.9893645], [121.5737416, 24.9893353]]}}, {"type": "Feature", "properties": {"county": "台北市", "district": "文山區", "highway": "residential", "name": "政大三街"}, "geometry": {"type": "LineString", "coordinates": [[121.5821474, 24.9853592], [121.582071, 24.9858329], [121.582061, 24.9858946]]}}, {"type": "Feature", "properties": {"county": "台北市", "district": "文山區", "highway": "residential", "name": "政大二街260巷"}, "geometry": {"type": "LineString", "coordinates": [[121.5869345, 24.9885711], [121.5863844, 24.9879374]]}}, {"type": "Feature", "properties": {"county": "台北市", "district": "文山區", "highway": "residential", "name": "政大二街215巷"}, "geometry": {"type": "LineString", "coordinates": [[121.5874688, 24.9891867], [121.5874007, 24.9891078], [121.5869345, 24.9885711]]}}, {"type": "Feature", "properties": {"county": "台北市", "district": "文山區", "highway": "unclassified", "name": "萬壽路"}, "geometry": {"type": "LineString", "coordinates": [[121.5854195, 24.9815227], [121.5851737, 24.9810738]]}}, {"type": "Feature", "properties": {"county": "台北市", "district": "文山區", "highway": "residential", "name": "政大一街210巷"}, "geometry": {"type": "LineString", "coordinates": [[121.5848594, 24.9850718], [121.5849085, 24.9850172], [121.5850145, 24.9846742], [121.5850276, 24.9846436]]}}, {"type": "Feature", "properties": {"county": "台北市", "district": "文山區", "highway": "residential", "name": "政大一街210巷"}, "geometry": {"type": "LineString", "coordinates": [[121.5850307, 24.9845333], [121.585021, 24.9845025], [121.5849448, 24.9844072], [121.5848471, 24.9843404], [121.5847386, 24.98429], [121.5840475, 24.9841945], [121.5838297, 24.9841644], [121.5836383, 24.98413]]}}, {"type": "Feature", "properties": {"county": "台北市", "district": "文山區", "highway": "motorway_link", "name": "新店交流道"}, "geometry": {"type": "LineString", "coordinates": [[121.5512684, 24.9735579], [121.5477994, 24.9736824], [121.5475304, 24.9736798], [121.5473177, 24.9736443], [121.5471124, 24.9735762], [121.5469714, 24.9735082], [121.5468099, 24.9733824], [121.5466964, 24.9732531], [121.5466188, 24.9731068], [121.5465844, 24.9729673], [121.5465733, 24.9728085], [121.5465854, 24.9726793]]}}, {"type": "Feature", "properties": {"county": "台北市", "district": "文山區", "highway": "residential", "name": "木柵路一段58巷"}, "geometry": {"type": "LineString", "coordinates": [[121.5462191, 24.9861536], [121.546624, 24.9862311], [121.5473148, 24.9863543], [121.5474405, 24.9863777]]}}, {"type": "Feature", "properties": {"county": "台北市", "district": "文山區", "highway": "motorway_link", "name": "新店交流道"}, "geometry": {"type": "LineString", "coordinates": [[121.5504021, 24.9735211], [121.5508018, 24.9734548], [121.5511037, 24.9733708], [121.5513573, 24.9732492], [121.5515641, 24.9730928]]}}, {"type": "Feature", "properties": {"county": "台北市", "district": "文山區", "highway": "residential", "name": "木柵路一段70巷"}, "geometry": {"type": "LineString", "coordinates": [[121.5489114, 24.9866421], [121.5488741, 24.9868146], [121.5488019, 24.9871489], [121.548789, 24.9872], [121.5487735, 24.9872639]]}}, {"type": "Feature", "properties": {"county": "台北市", "district": "文山區", "highway": "secondary", "name": null}, "geometry": {"type": "LineString", "coordinates": [[121.5453607, 24.9867711], [121.5452723, 24.9867715], [121.5452411, 24.986771]]}}, {"type": "Feature", "properties": {"county": "台北市", "district": "文山區", "highway": "motorway_link", "name": "新店交流道"}, "geometry": {"type": "LineString", "coordinates": [[121.5526619, 24.9730576], [121.5534449, 24.9724993], [121.55362, 24.9723777], [121.5537666, 24.9723088], [121.5539358, 24.972238], [121.5541102, 24.9721743], [121.5542255, 24.9721469], [121.5543336, 24.9721307], [121.55443, 24.9721251], [121.5545328, 24.9721336], [121.5546378, 24.9721521]]}}, {"type": "Feature", "properties": {"county": "台北市", "district": "文山區", "highway": "motorway_link", "name": "新店交流道"}, "geometry": {"type": "LineString", "coordinates": [[121.5504021, 24.9735211], [121.5512718, 24.9734883], [121.5515235, 24.9734579], [121.5517821, 24.9734092], [121.5520235, 24.9733412], [121.5522349, 24.9732661], [121.5524705, 24.9731581], [121.5526619, 24.9730576]]}}, {"type": "Feature", "properties": {"county": "台北市", "district": "文山區", "highway": "motorway_link", "name": "新店交流道"}, "geometry": {"type": "LineString", "coordinates": [[121.5569384, 24.9756494], [121.5562063, 24.9752837], [121.5551726, 24.9746496], [121.5545188, 24.9742289], [121.5541368, 24.9740489], [121.5538681, 24.9739188], [121.5535422, 24.9738146], [121.5532921, 24.9737363]]}}, {"type": "Feature", "properties": {"county": "台北市", "district": "文山區", "highway": "residential", "name": "木柵路一段58巷"}, "geometry": {"type": "LineString", "coordinates": [[121.5473117, 24.987008], [121.5473239, 24.9869479], [121.5473321, 24.9868976], [121.5473772, 24.9866777], [121.5474106, 24.9865154], [121.5474405, 24.9863777]]}}, {"type": "Feature", "properties": {"county": "台北市", "district": "文山區", "highway": "motorway", "name": "福爾摩沙高速公路"}, "geometry": {"type": "LineString", "coordinates": [[121.582838, 24.9788827], [121.5815469, 24.9782551]]}}, {"type": "Feature", "properties": {"county": "台北市", "district": "文山區", "highway": "motorway", "name": "福爾摩沙高速公路"}, "geometry": {"type": "LineString", "coordinates": [[121.5517831, 24.9710558], [121.5527151, 24.9720817]]}}, {"type": "Feature", "properties": {"county": "台北市", "district": "文山區", "highway": "motorway", "name": "木柵隧道"}, "geometry": {"type": "LineString", "coordinates": [[121.5926407, 24.9921978], [121.5923529, 24.9908953], [121.591752, 24.9887545], [121.5905538, 24.9862832], [121.588735, 24.9836195], [121.5878981, 24.9826689], [121.5871015, 24.9818471], [121.5860627, 24.9809347], [121.5849531, 24.9800942], [121.5845227, 24.9797939], [121.5829251, 24.9789276]]}}, {"type": "Feature", "properties": {"county": "台北市", "district": "文山區", "highway": "motorway", "name": "木柵隧道"}, "geometry": {"type": "LineString", "coordinates": [[121.5829488, 24.9784365], [121.5840009, 24.9789661], [121.5849661, 24.9795935], [121.5872531, 24.9814555], [121.5886545, 24.9828342], [121.5898776, 24.9843927], [121.5906689, 24.985669], [121.5916856, 24.9876038], [121.5925764, 24.990022], [121.5929809, 24.9919495]]}}, {"type": "Feature", "properties": {"county": "台北市", "district": "文山區", "highway": "motorway", "name": "福爾摩沙高速公路"}, "geometry": {"type": "LineString", "coordinates": [[121.575869, 24.9766193], [121.5751609, 24.9765236], [121.5749793, 24.9764991], [121.5740216, 24.9764304], [121.5732525, 24.97641], [121.5717196, 24.9764448], [121.5702646, 24.9765808], [121.5689889, 24.9767716], [121.566513, 24.9772485], [121.5656692, 24.9773938], [121.5647051, 24.9775139], [121.5638094, 24.977543], [121.5629316, 24.9775048], [121.562402, 24.9774645], [121.5618527, 24.9773882]]}}, {"type": "Feature", "properties": {"county": "台北市", "district": "文山區", "highway": "motorway", "name": "福爾摩沙高速公路"}, "geometry": {"type": "LineString", "coordinates": [[121.5929809, 24.9919495], [121.5932402, 24.9930787], [121.5933629, 24.9935877], [121.5935823, 24.9944981]]}}, {"type": "Feature", "properties": {"county": "台北市", "district": "文山區", "highway": "motorway", "name": "新店隧道"}, "geometry": {"type": "LineString", "coordinates": [[121.5512701, 24.9709636], [121.5508497, 24.970457], [121.5444895, 24.9623655]]}}, {"type": "Feature", "properties": {"county": "台北市", "district": "文山區", "highway": "motorway", "name": "景美隧道"}, "geometry": {"type": "LineString", "coordinates": [[121.5759834, 24.9761955], [121.577305, 24.9763871], [121.5782442, 24.9765882], [121.579323, 24.9768692], [121.5805703, 24.97732], [121.5812166, 24.9776183]]}}, {"type": "Feature", "properties": {"county": "台北市", "district": "文山區", "highway": "secondary", "name": "木柵路五段"}, "geometry": {"type": "LineString", "coordinates": [[121.5942763, 24.9989489], [121.5942464, 24.9988283], [121.5942227, 24.9987334], [121.5941593, 24.9985452], [121.5940806, 24.9983928], [121.5939499, 24.998223], [121.593835, 24.9981443], [121.5937451, 24.9980888], [121.5936438, 24.9980414], [121.5935244, 24.9980019], [121.5934138, 24.9979825], [121.5932474, 24.9979708], [121.5930908, 24.9979759], [121.5929068, 24.9980267], [121.5927767, 24.9980844], [121.5926519, 24.9981651], [121.5917829, 24.9988958], [121.5917498, 24.9989236], [121.5916572, 24.9989581]]}}, {"type": "Feature", "properties": {"county": "台北市", "district": "文山區", "highway": "residential", "name": "木柵路五段"}, "geometry": {"type": "LineString", "coordinates": [[121.5943731, 24.9989314], [121.5942763, 24.9989489], [121.5941906, 24.998953], [121.59408, 24.9989471], [121.593956, 24.9989123], [121.5937078, 24.9987838], [121.5935019, 24.9986976], [121.5933886, 24.9986667], [121.5932528, 24.9986537], [121.593013, 24.9986658], [121.5927829, 24.9987139], [121.5925545, 24.9987997], [121.5923798, 24.9989161], [121.5919687, 24.9992678], [121.5918399, 24.9993874], [121.5916031, 24.9996071], [121.5912269, 24.9999561], [121.5911073, 25.0001933], [121.5909641, 25.0004073], [121.5905846, 25.0007172], [121.5904809, 25.0008238], [121.5903389, 25.0011073], [121.5902079, 25.0014159], [121.5899608, 25.0017298], [121.5895854, 25.0020205], [121.5893114, 25.0022327], [121.588483, 25.0024913], [121.5881828, 25.0025745], [121.5880288, 25.0026494]]}}, {"type": "Feature", "properties": {"county": "台北市", "district": "文山區", "highway": "tertiary", "name": "保儀路"}, "geometry": {"type": "LineString", "coordinates": [[121.5657383, 24.983398], [121.5658512, 24.9835366], [121.5658975, 24.9835934], [121.5660328, 24.9837732], [121.5660877, 24.9838461], [121.5661327, 24.9839059], [121.5661717, 24.9839577], [121.566274, 24.9840935], [121.5664192, 24.9842864], [121.5667046, 24.9846654], [121.5667303, 24.9846995], [121.566779, 24.9847642], [121.5668169, 24.9848145], [121.5668361, 24.9848401], [121.5670582, 24.9851354], [121.5672546, 24.9853962], [121.5673366, 24.9855051], [121.5673526, 24.9855264], [121.5673928, 24.9855798], [121.5674411, 24.985644], [121.5674722, 24.9856852], [121.5674887, 24.9857072], [121.5679072, 24.9862631], [121.5679845, 24.9863657], [121.5680291, 24.986425], [121.5682488, 24.9867169], [121.5682768, 24.9867541], [121.5683437, 24.9868429]]}}, {"type": "Feature", "properties": {"county": "台北市", "district": "文山區", "highway": "residential", "name": "下崙路11巷"}, "geometry": {"type": "LineString", "coordinates": [[121.5600833, 24.9865655], [121.5601392, 24.9863962], [121.5601549, 24.9862824], [121.5601487, 24.986165], [121.5601379, 24.9860649]]}}, {"type": "Feature", "properties": {"county": "台北市", "district": "文山區", "highway": "residential", "name": "公館街"}, "geometry": {"type": "LineString", "coordinates": [[121.5373157, 25.0055822], [121.5377834, 25.0053496], [121.5387221, 25.0048825], [121.5387918, 25.0048478]]}}, {"type": "Feature", "properties": {"county": "台北市", "district": "文山區", "highway": "residential", "name": "三福街4巷"}, "geometry": {"type": "LineString", "coordinates": [[121.5428255, 24.9960253], [121.5428154, 24.9963818], [121.5428025, 24.9966193], [121.5427921, 24.996898], [121.54279, 24.9969448], [121.5427884, 24.99698]]}}, {"type": "Feature", "properties": {"county": "台北市", "district": "文山區", "highway": "residential", "name": null}, "geometry": {"type": "LineString", "coordinates": [[121.5634185, 24.9847812], [121.5635725, 24.9843005], [121.5637469, 24.9838403], [121.5638913, 24.9834523], [121.5640473, 24.9830363]]}}, {"type": "Feature", "properties": {"county": "台北市", "district": "文山區", "highway": "residential", "name": "景華街49巷"}, "geometry": {"type": "LineString", "coordinates": [[121.5428716, 24.9950134], [121.5428696, 24.9950751], [121.5428425, 24.9955357], [121.5428329, 24.995742], [121.5428234, 24.9959715], [121.5428255, 24.9960253]]}}, {"type": "Feature", "properties": {"county": "台北市", "district": "文山區", "highway": "residential", "name": "木新路三段232巷7弄"}, "geometry": {"type": "LineString", "coordinates": [[121.5579495, 24.9816036], [121.5585076, 24.9817414], [121.5589547, 24.9818519]]}}, {"type": "Feature", "properties": {"county": "台北市", "district": "文山區", "highway": "residential", "name": "興隆路一段202巷"}, "geometry": {"type": "LineString", "coordinates": [[121.5427874, 24.9992008], [121.5428225, 24.9992636], [121.5429835, 24.9995557], [121.5431469, 24.9998431], [121.5432125, 24.9999701], [121.5432945, 25.0001186], [121.5434074, 25.0002101], [121.5434484, 25.0002481], [121.5435354, 25.0003041]]}}, {"type": "Feature", "properties": {"county": "台北市", "district": "文山區", "highway": "residential", "name": "景中街30巷"}, "geometry": {"type": "LineString", "coordinates": [[121.5423683, 24.9928432], [121.5423729, 24.9928157], [121.5423999, 24.9926565], [121.5424127, 24.9925769], [121.5424383, 24.9924763]]}}, {"type": "Feature", "properties": {"county": "台北市", "district": "文山區", "highway": "residential", "name": "木柵路三段102巷"}, "geometry": {"type": "LineString", "coordinates": [[121.5674487, 24.9887101], [121.5674628, 24.9886516], [121.5674814, 24.9885744], [121.5675836, 24.9881501], [121.5676125, 24.98803], [121.5677558, 24.9874353], [121.5678701, 24.9869612], [121.5678706, 24.9869284], [121.5678716, 24.9868613]]}}, {"type": "Feature", "properties": {"county": "台北市", "district": "文山區", "highway": "residential", "name": "興隆路四段105巷"}, "geometry": {"type": "LineString", "coordinates": [[121.5622265, 24.9877647], [121.5623105, 24.9877744], [121.5623635, 24.987786], [121.5634789, 24.9880843], [121.5635119, 24.9880919], [121.563589, 24.988102]]}}, {"type": "Feature", "properties": {"county": "台北市", "district": "文山區", "highway": "residential", "name": "興隆路一段229巷"}, "geometry": {"type": "LineString", "coordinates": [[121.5444671, 25.000703], [121.54463, 25.0003276]]}}, {"type": "Feature", "properties": {"county": "台北市", "district": "文山區", "highway": "residential", "name": "興隆路四段145巷"}, "geometry": {"type": "LineString", "coordinates": [[121.5615132, 24.9849079], [121.5615563, 24.9849905], [121.5616181, 24.9850002], [121.5616741, 24.985009], [121.5621619, 24.9850856], [121.5627493, 24.9851778], [121.563436, 24.9852857], [121.5636536, 24.9853199], [121.5642835, 24.9854188]]}}, {"type": "Feature", "properties": {"county": "台北市", "district": "文山區", "highway": "residential", "name": "溪口街"}, "geometry": {"type": "LineString", "coordinates": [[121.5362742, 24.9968951], [121.5363567, 24.9968449], [121.5366277, 24.9966798], [121.5367907, 24.9965891], [121.5373349, 24.9962756], [121.537693, 24.9960818], [121.5381732, 24.9958214], [121.5386237, 24.995578], [121.5388501, 24.9954555], [121.5389828, 24.9953837], [121.5397329, 24.9949947]]}}, {"type": "Feature", "properties": {"county": "台北市", "district": "文山區", "highway": "residential", "name": "辛亥路七段65巷"}, "geometry": {"type": "LineString", "coordinates": [[121.5541969, 24.9838006], [121.5544884, 24.9837463], [121.5545579, 24.9837483], [121.5546303, 24.9837641], [121.5547047, 24.9837903], [121.5551683, 24.9839458], [121.5555359, 24.9840701], [121.5555908, 24.9841009], [121.5556304, 24.9841386]]}}, {"type": "Feature", "properties": {"county": "台北市", "district": "文山區", "highway": "residential", "name": "木柵路二段204巷"}, "geometry": {"type": "LineString", "coordinates": [[121.5639037, 24.9887668], [121.5638697, 24.9887008], [121.563835, 24.9886333], [121.5636429, 24.9882592], [121.5636144, 24.9882038], [121.5636031, 24.9881817], [121.5635933, 24.9881434], [121.563589, 24.988102]]}}, {"type": "Feature", "properties": {"county": "台北市", "district": "文山區", "highway": "residential", "name": "興隆路四段165巷"}, "geometry": {"type": "LineString", "coordinates": [[121.5619006, 24.984035], [121.5619495, 24.9840446], [121.5620247, 24.9840622], [121.5627901, 24.9841826], [121.5628749, 24.9841959], [121.5628979, 24.9841994], [121.5635725, 24.9843005], [121.5638223, 24.9843401], [121.5646596, 24.9844754], [121.5650801, 24.9845381], [121.5652647, 24.984551], [121.5654225, 24.9845568], [121.565612, 24.9845638], [121.5656682, 24.9845657]]}}, {"type": "Feature", "properties": {"county": "台北市", "district": "文山區", "highway": "residential", "name": "興隆路三段304巷"}, "geometry": {"type": "LineString", "coordinates": [[121.5584649, 24.9938774], [121.5584461, 24.9939376], [121.5584341, 24.9939902], [121.5583549, 24.9942791], [121.5583249, 24.9943404], [121.5582919, 24.9943688], [121.5581578, 24.9944334], [121.5581069, 24.9944651], [121.5576333, 24.9948494], [121.5575949, 24.9948701], [121.5574677, 24.9949206], [121.5574258, 24.9949486], [121.5573954, 24.9949778], [121.557176, 24.9952323], [121.5570462, 24.9953828], [121.5570062, 24.9953967], [121.5569591, 24.9953943], [121.5566769, 24.9953189]]}}, {"type": "Feature", "properties": {"county": "台北市", "district": "文山區", "highway": "residential", "name": "興隆路一段184巷4弄"}, "geometry": {"type": "LineString", "coordinates": [[121.5418046, 25.0012715], [121.5418487, 25.0012221], [121.542465, 25.0005483]]}}, {"type": "Feature", "properties": {"county": "台北市", "district": "文山區", "highway": "residential", "name": null}, "geometry": {"type": "LineString", "coordinates": [[121.5658719, 24.985039], [121.5658462, 24.9849794], [121.5656682, 24.9845657]]}}, {"type": "Feature", "properties": {"county": "台北市", "district": "文山區", "highway": "residential", "name": "木新路三段74巷1弄"}, "geometry": {"type": "LineString", "coordinates": [[121.5623934, 24.982667], [121.5624576, 24.9826815], [121.5624984, 24.9826907], [121.5633606, 24.9828857]]}}, {"type": "Feature", "properties": {"county": "台北市", "district": "文山區", "highway": "residential", "name": "忠順街121巷"}, "geometry": {"type": "LineString", "coordinates": [[121.5598207, 24.9852541], [121.5599181, 24.9848926], [121.5599721, 24.9846921], [121.5600035, 24.9845756], [121.5600768, 24.9843036], [121.56005, 24.9842476]]}}, {"type": "Feature", "properties": {"county": "台北市", "district": "文山區", "highway": "residential", "name": "光輝路"}, "geometry": {"type": "LineString", "coordinates": [[121.5551109, 24.9882105], [121.5551223, 24.9881566], [121.5551205, 24.9881037], [121.5551136, 24.9875296], [121.5550238, 24.9873011], [121.5549809, 24.9870458], [121.5549358, 24.9866963], [121.5548999, 24.986236], [121.5549409, 24.9859764], [121.5549704, 24.9858199]]}}, {"type": "Feature", "properties": {"county": "台北市", "district": "文山區", "highway": "residential", "name": "光輝路50巷"}, "geometry": {"type": "LineString", "coordinates": [[121.5542006, 24.9848851], [121.554277, 24.9849068], [121.5548457, 24.9850531], [121.5550739, 24.9851156]]}}, {"type": "Feature", "properties": {"county": "台北市", "district": "文山區", "highway": "residential", "name": "木柵路二段138巷"}, "geometry": {"type": "LineString", "coordinates": [[121.5617638, 24.9888861], [121.5617811, 24.9888301], [121.5618017, 24.9887629], [121.5618239, 24.9887108], [121.5619411, 24.9884354], [121.5619655, 24.9883779], [121.5619883, 24.9883233], [121.5620246, 24.9882391], [121.5620348, 24.988215], [121.5621806, 24.9878725], [121.5622044, 24.9878165], [121.5622265, 24.9877647], [121.5622582, 24.9876901], [121.5622728, 24.9876557], [121.5624409, 24.9872607], [121.5626016, 24.986883], [121.5626256, 24.9868284], [121.5626618, 24.986765]]}}, {"type": "Feature", "properties": {"county": "台北市", "district": "文山區", "highway": "tertiary", "name": "景中街"}, "geometry": {"type": "LineString", "coordinates": [[121.5441766, 24.9925603], [121.5441088, 24.9925809]]}}, {"type": "Feature", "properties": {"county": "台北市", "district": "文山區", "highway": "residential", "name": "下崙路"}, "geometry": {"type": "LineString", "coordinates": [[121.5576763, 24.9862212], [121.5578618, 24.9858634], [121.5578941, 24.9858254], [121.5579416, 24.9857936], [121.5580223, 24.9857687], [121.5580867, 24.9857383], [121.5581328, 24.9857121], [121.5581752, 24.985705], [121.5582831, 24.9856684], [121.5583576, 24.9856313], [121.5585284, 24.9855146], [121.5587693, 24.9853499], [121.558761, 24.9852858]]}}, {"type": "Feature", "properties": {"county": "台北市", "district": "文山區", "highway": "residential", "name": "富山路"}, "geometry": {"type": "LineString", "coordinates": [[121.5537969, 24.9880365], [121.553789, 24.9881024], [121.5537822, 24.98815], [121.5537525, 24.9884089], [121.5537344, 24.9885608], [121.5537289, 24.9886761], [121.5537518, 24.9887831], [121.5539207, 24.9892596], [121.5539227, 24.9893128], [121.5539063, 24.9893744], [121.5538609, 24.989439], [121.5537921, 24.9894909], [121.5537095, 24.9895165], [121.5536384, 24.9895256], [121.55313, 24.9895922], [121.5530074, 24.9896286], [121.5529115, 24.9896759]]}}, {"type": "Feature", "properties": {"county": "台北市", "district": "文山區", "highway": "residential", "name": "木柵路三段48巷1弄"}, "geometry": {"type": "LineString", "coordinates": [[121.5645016, 24.9879816], [121.5645123, 24.9879244], [121.5645418, 24.9877668], [121.5645714, 24.9876088], [121.5646116, 24.9873944], [121.5646718, 24.9870724], [121.5646804, 24.9870268], [121.5646931, 24.9869586]]}}, {"type": "Feature", "properties": {"county": "台北市", "district": "文山區", "highway": "residential", "name": "景隆街"}, "geometry": {"type": "LineString", "coordinates": [[121.5399296, 25.0003765], [121.5400045, 25.0003426], [121.5404795, 25.0001243], [121.5407107, 25.0000147], [121.540799, 24.999974]]}}, {"type": "Feature", "properties": {"county": "台北市", "district": "文山區", "highway": "residential", "name": "三福街4巷"}, "geometry": {"type": "LineString", "coordinates": [[121.5412048, 24.9959397], [121.5412837, 24.9959447], [121.5413085, 24.9959455], [121.541424, 24.9959513], [121.5414794, 24.9959542], [121.5418862, 24.9959758], [121.5421082, 24.9959871], [121.5423271, 24.9959986], [121.5428255, 24.9960253]]}}, {"type": "Feature", "properties": {"county": "台北市", "district": "文山區", "highway": "residential", "name": "久康街"}, "geometry": {"type": "LineString", "coordinates": [[121.5644251, 24.9885637], [121.5644664, 24.9886147], [121.5645001, 24.9886537], [121.5646488, 24.9888398], [121.5647099, 24.9888961], [121.5647645, 24.9889329], [121.5649101, 24.9890309], [121.5649265, 24.9890419], [121.5649434, 24.9890533], [121.5651473, 24.9891905], [121.5658445, 24.9896598], [121.5661053, 24.9898355], [121.5665355, 24.990125], [121.566738, 24.9902613], [121.5670676, 24.9904832], [121.567195, 24.9905661], [121.5672378, 24.9905834], [121.5672831, 24.9905899], [121.5676125, 24.9906234], [121.5677221, 24.9906345], [121.5678939, 24.990652], [121.5684355, 24.9906552], [121.5684915, 24.9906556], [121.5686798, 24.9906567]]}}, {"type": "Feature", "properties": {"county": "台北市", "district": "文山區", "highway": "residential", "name": "木柵路一段59巷"}, "geometry": {"type": "LineString", "coordinates": [[121.5486464, 24.9883768], [121.5483959, 24.9883289], [121.5482518, 24.988303], [121.5477792, 24.9882133], [121.5475759, 24.9881776], [121.5474404, 24.9881494], [121.5470778, 24.9880857], [121.5468895, 24.9880452], [121.5467469, 24.9879777], [121.5464468, 24.9878168], [121.546334, 24.9877477], [121.5462164, 24.9876535], [121.5460936, 24.9875134], [121.5460255, 24.9874357], [121.5459726, 24.987389], [121.5459471, 24.9872865], [121.5459524, 24.9871518], [121.5459812, 24.98684], [121.5459918, 24.9867826], [121.5460057, 24.9867206]]}}, {"type": "Feature", "properties": {"county": "台北市", "district": "文山區", "highway": "residential", "name": "久康街169巷"}, "geometry": {"type": "LineString", "coordinates": [[121.5683633, 24.9914441], [121.5683812, 24.9913997], [121.5683976, 24.9913588], [121.5684956, 24.991115], [121.5685351, 24.9910169], [121.5686798, 24.9906567], [121.5689204, 24.9900582], [121.5689463, 24.9899939], [121.5689768, 24.9899178], [121.5689937, 24.9898759], [121.5691723, 24.9894316], [121.5691935, 24.9893798]]}}, {"type": "Feature", "properties": {"county": "台北市", "district": "文山區", "highway": "residential", "name": "試院路"}, "geometry": {"type": "LineString", "coordinates": [[121.5487915, 24.9878658], [121.548927, 24.9873501], [121.5489377, 24.9872927], [121.5489532, 24.9872302]]}}, {"type": "Feature", "properties": {"county": "台北市", "district": "文山區", "highway": "residential", "name": "忠順街二段87巷"}, "geometry": {"type": "LineString", "coordinates": [[121.5657457, 24.9870417], [121.565739, 24.9869809], [121.5657357, 24.9869507], [121.5656778, 24.9864278], [121.5656352, 24.9860426], [121.5656296, 24.9859912], [121.5655812, 24.9855539]]}}, {"type": "Feature", "properties": {"county": "台北市", "district": "文山區", "highway": "residential", "name": "三福街"}, "geometry": {"type": "LineString", "coordinates": [[121.5427884, 24.99698], [121.542374, 24.9971308]]}}, {"type": "Feature", "properties": {"county": "台北市", "district": "文山區", "highway": "residential", "name": "光輝路"}, "geometry": {"type": "LineString", "coordinates": [[121.5538097, 24.9855282], [121.5538958, 24.9855744], [121.5548847, 24.9857965]]}}, {"type": "Feature", "properties": {"county": "台北市", "district": "文山區", "highway": "residential", "name": "木柵路三段48巷"}, "geometry": {"type": "LineString", "coordinates": [[121.5652841, 24.988387], [121.5653125, 24.9883225], [121.5653454, 24.9882671], [121.5654283, 24.9881275], [121.5654697, 24.9880577], [121.565599, 24.98784], [121.5656576, 24.9877414], [121.565694, 24.98768], [121.5658308, 24.9874497], [121.5660035, 24.9871588], [121.5660477, 24.9870844], [121.5660882, 24.9870162]]}}, {"type": "Feature", "properties": {"county": "台北市", "district": "文山區", "highway": "residential", "name": null}, "geometry": {"type": "LineString", "coordinates": [[121.5689463, 24.9899939], [121.5688906, 24.9899711], [121.5679989, 24.9896067], [121.567853, 24.9895572], [121.5676506, 24.9895259]]}}, {"type": "Feature", "properties": {"county": "台北市", "district": "文山區", "highway": "residential", "name": "景福街"}, "geometry": {"type": "LineString", "coordinates": [[121.5398365, 24.9996464], [121.5397563, 24.9996176], [121.5397345, 24.9996098], [121.5395361, 24.9995454], [121.5392713, 24.9994617], [121.5388687, 24.9993274], [121.5386127, 24.9992394], [121.5385142, 24.9992034], [121.5380858, 24.9990648]]}}, {"type": "Feature", "properties": {"county": "台北市", "district": "文山區", "highway": "unclassified", "name": null}, "geometry": {"type": "LineString", "coordinates": [[121.5695138, 24.9867658], [121.5694924, 24.9863866], [121.5694825, 24.9863008], [121.5694665, 24.9862286], [121.5694021, 24.9859846], [121.5693994, 24.9859742], [121.569312, 24.9856432], [121.5692363, 24.9853682], [121.5692289, 24.9853411], [121.5692023, 24.985254], [121.5691711, 24.9851155], [121.5691351, 24.9849552], [121.5690373, 24.9847003], [121.5690513, 24.9846468], [121.5692397, 24.9842199], [121.5692793, 24.98413]]}}, {"type": "Feature", "properties": {"county": "台北市", "district": "文山區", "highway": "residential", "name": "華中街"}, "geometry": {"type": "LineString", "coordinates": [[121.5390677, 24.9691316], [121.5392402, 24.9692452], [121.539416, 24.9694529], [121.5397286, 24.9698297], [121.5400289, 24.9701559], [121.5402801, 24.9704122], [121.5409746, 24.9710518], [121.5413049, 24.9713452], [121.5413765, 24.9714088], [121.5414988, 24.9715376], [121.5416062, 24.9716399]]}}, {"type": "Feature", "properties": {"county": "台北市", "district": "文山區", "highway": "residential", "name": "百忍街"}, "geometry": {"type": "LineString", "coordinates": [[121.5353964, 24.9754582], [121.5353278, 24.9754673], [121.5352027, 24.9755304], [121.5349478, 24.9755748], [121.5347879, 24.9756049], [121.5343949, 24.9757004], [121.5343822, 24.9757035], [121.5341067, 24.9757484], [121.5338158, 24.9757931], [121.5337715, 24.9757999], [121.5335281, 24.9758713], [121.5333828, 24.9759532], [121.5333, 24.9760483], [121.5332318, 24.9761532], [121.5331916, 24.9762129], [121.5331446, 24.97629], [121.5331025, 24.9764263], [121.5329487, 24.9767169], [121.5328257, 24.9769522], [121.5327456, 24.9770999], [121.5326847, 24.9771283], [121.5325831, 24.9771758]]}}, {"type": "Feature", "properties": {"county": "台北市", "district": "文山區", "highway": "tertiary", "name": "中正路"}, "geometry": {"type": "LineString", "coordinates": [[121.5458786, 24.9692853], [121.5460142, 24.9692194]]}}, {"type": "Feature", "properties": {"county": "台北市", "district": "文山區", "highway": "residential", "name": "二十張路"}, "geometry": {"type": "LineString", "coordinates": [[121.5376573, 24.981041], [121.5382987, 24.9816819], [121.5384717, 24.9819348], [121.5385445, 24.9820679], [121.5386235, 24.9821557], [121.5387211, 24.9822386], [121.5388231, 24.9822914], [121.5389023, 24.9823325], [121.5396481, 24.9826331], [121.5403804, 24.9828584], [121.5404645, 24.9828914], [121.5405209, 24.9829136]]}}, {"type": "Feature", "properties": {"county": "台北市", "district": "文山區", "highway": "residential", "name": "自立街"}, "geometry": {"type": "LineString", "coordinates": [[121.5359729, 24.9810166], [121.5361051, 24.9809161], [121.5363545, 24.980697], [121.5366174, 24.9804866], [121.536853, 24.9802665]]}}, {"type": "Feature", "properties": {"county": "台北市", "district": "文山區", "highway": "motorway", "name": "碧潭橋"}, "geometry": {"type": "LineString", "coordinates": [[121.5394198, 24.9588167], [121.5392102, 24.9587772], [121.5391419, 24.9587683], [121.538772, 24.9587111], [121.5383154, 24.9586615], [121.5379402, 24.9586388], [121.5373943, 24.9586411], [121.5368032, 24.958687], [121.5362356, 24.9587737], [121.5357506, 24.9588737], [121.5351251, 24.9590565], [121.5345302, 24.9592779], [121.5339797, 24.9595346], [121.5336287, 24.9597323], [121.5331954, 24.9600113], [121.5328608, 24.9602521], [121.5324221, 24.9606222], [121.5320802, 24.9609457], [121.5317628, 24.961262], [121.5315303, 24.9615057], [121.5313152, 24.9617383], [121.53094, 24.9621678]]}}, {"type": "Feature", "properties": {"county": "台北市", "district": "文山區", "highway": "trunk", "name": "環河路"}, "geometry": {"type": "LineString", "coordinates": [[121.5364443, 24.9682297], [121.5366955, 24.9675778], [121.5369081, 24.9670343], [121.5369348, 24.9669207], [121.5369406, 24.9668028], [121.5368491, 24.9645709], [121.5368449, 24.9644242], [121.5368346, 24.964221], [121.5368336, 24.9641218], [121.5368234, 24.9637687]]}}, {"type": "Feature", "properties": {"county": "台北市", "district": "文山區", "highway": "secondary_link", "name": null}, "geometry": {"type": "LineString", "coordinates": [[121.5381094, 24.9616039], [121.5382553, 24.9615945], [121.5384849, 24.961634], [121.5385629, 24.9616287], [121.5386257, 24.9616018], [121.538704, 24.9615541], [121.5387524, 24.9614953], [121.5387702, 24.9614585], [121.5388211, 24.9613684], [121.5388465, 24.9612751]]}}, {"type": "Feature", "properties": {"county": "台北市", "district": "文山區", "highway": "motorway", "name": "碧潭橋"}, "geometry": {"type": "LineString", "coordinates": [[121.5308118, 24.9620747], [121.5313109, 24.961511], [121.5317222, 24.9610681], [121.5320909, 24.9606966], [121.5324841, 24.9603314], [121.5329427, 24.959954], [121.5333344, 24.9596776], [121.533762, 24.9594156], [121.5342123, 24.9591854], [121.5346521, 24.9589891], [121.5351086, 24.9588199], [121.5357017, 24.9586446], [121.5362247, 24.958525], [121.5366985, 24.9584479], [121.5370829, 24.9583998], [121.5374244, 24.95838], [121.5378301, 24.9583671], [121.5381297, 24.9583736], [121.5386931, 24.9584163], [121.5392688, 24.9584977], [121.5397758, 24.9585995]]}}, {"type": "Feature", "properties": {"county": "台北市", "district": "文山區", "highway": "tertiary", "name": "中興路一段"}, "geometry": {"type": "LineString", "coordinates": [[121.5436405, 24.9655745], [121.543607, 24.9655268], [121.5433957, 24.9652518], [121.5430586, 24.9648252], [121.5427463, 24.9644275], [121.5421699, 24.9637286], [121.542023, 24.9635309], [121.5417538, 24.9631681], [121.5415995, 24.9629506], [121.5412095, 24.9623709], [121.5408843, 24.9618345], [121.5408061, 24.9616992], [121.5406149, 24.9614272], [121.5403928, 24.961084], [121.5398768, 24.9604663], [121.539505, 24.9600675], [121.5394707, 24.9600308], [121.5394054, 24.9599457], [121.5393545, 24.9599011], [121.5390637, 24.9595175], [121.5388911, 24.9592842], [121.5387642, 24.9591127], [121.5385927, 24.9588565], [121.538532, 24.9587114], [121.5384609, 24.9584315], [121.5384516, 24.9583853], [121.538435, 24.9583131], [121.5383799, 24.9580987]]}}, {"type": "Feature", "properties": {"county": "台北市", "district": "文山區", "highway": "tertiary", "name": "中興路一段"}, "geometry": {"type": "LineString", "coordinates": [[121.5382262, 24.957416], [121.5383165, 24.9575647], [121.5383912, 24.9578258], [121.5384186, 24.9579215], [121.5384605, 24.9580822], [121.5385163, 24.958305], [121.5385302, 24.9583664], [121.538541, 24.9584124], [121.5386384, 24.9587273], [121.5387031, 24.9588525], [121.5388016, 24.9589958], [121.5389803, 24.9592344], [121.5391105, 24.9594081], [121.5392113, 24.9595391], [121.5394244, 24.9598022], [121.5394871, 24.9598952], [121.539588, 24.9599993], [121.539925, 24.9603962], [121.540486, 24.961053], [121.5407045, 24.9613772], [121.5409078, 24.9616681], [121.5410111, 24.9618467], [121.5413846, 24.9624923], [121.5414329, 24.9625681], [121.5419667, 24.9632619], [121.5420367, 24.963379], [121.5421788, 24.9635334], [121.5423472, 24.963753], [121.5429282, 24.9644646], [121.5432148, 24.9648348], [121.5437041, 24.9654607], [121.5437391, 24.9655114]]}}, {"type": "Feature", "properties": {"county": "台北市", "district": "文山區", "highway": "secondary", "name": "碧潭大橋"}, "geometry": {"type": "LineString", "coordinates": [[121.5368434, 24.9614375], [121.5332796, 24.9605356]]}}, {"type": "Feature", "properties": {"county": "台北市", "district": "文山區", "highway": "motorway", "name": "新店隧道"}, "geometry": {"type": "LineString", "coordinates": [[121.5447836, 24.9621719], [121.5510808, 24.9702574], [121.5517831, 24.9710558]]}}, {"type": "Feature", "properties": {"county": "台北市", "district": "文山區", "highway": "motorway", "name": "福爾摩沙高速公路"}, "geometry": {"type": "LineString", "coordinates": [[121.5439649, 24.9612061], [121.5444385, 24.961745], [121.5446958, 24.9620598]]}}, {"type": "Feature", "properties": {"county": "台北市", "district": "文山區", "highway": "secondary", "name": "碧潭大橋"}, "geometry": {"type": "LineString", "coordinates": [[121.5332222, 24.9604149], [121.5336569, 24.9605271], [121.5368955, 24.9613319]]}}, {"type": "Feature", "properties": {"county": "台北市", "district": "文山區", "highway": "secondary", "name": "安康路一段"}, "geometry": {"type": "LineString", "coordinates": [[121.5332796, 24.9605356], [121.5330556, 24.9605252], [121.5328826, 24.9605157], [121.5327004, 24.960538], [121.5325793, 24.9605778], [121.5323246, 24.9606544], [121.5320452, 24.9608339]]}}, {"type": "Feature", "properties": {"county": "台北市", "district": "文山區", "highway": "motorway", "name": "碧潭隧道"}, "geometry": {"type": "LineString", "coordinates": [[121.5397758, 24.9585995], [121.5401991, 24.9587419], [121.5406704, 24.9589417], [121.5411791, 24.9591746], [121.5416113, 24.9593943], [121.5421255, 24.9597171], [121.5425366, 24.9599876], [121.5429694, 24.9603032], [121.5432912, 24.9605813], [121.5435892, 24.9608417], [121.5438552, 24.9610889]]}}, {"type": "Feature", "properties": {"county": "台北市", "district": "文山區", "highway": "motorway", "name": "碧潭隧道"}, "geometry": {"type": "LineString", "coordinates": [[121.5435355, 24.9612443], [121.5430901, 24.9608434], [121.5426462, 24.9604939], [121.5422043, 24.9601904], [121.5417125, 24.9598778], [121.5412748, 24.9596156], [121.5407491, 24.9593181], [121.5403763, 24.9591394], [121.5399641, 24.9589744], [121.5396228, 24.9588633], [121.5394198, 24.9588167]]}}, {"type": "Feature", "properties": {"county": "台北市", "district": "文山區", "highway": "motorway", "name": null}, "geometry": {"type": "LineString", "coordinates": [[121.5444016, 24.9622618], [121.5436955, 24.9614119]]}}, {"type": "Feature", "properties": {"county": "台北市", "district": "文山區", "highway": "secondary", "name": null}, "geometry": {"type": "LineString", "coordinates": [[121.539219, 24.9618691], [121.5390814, 24.9618917]]}}, {"type": "Feature", "properties": {"county": "台北市", "district": "文山區", "highway": "secondary", "name": null}, "geometry": {"type": "LineString", "coordinates": [[121.5368955, 24.9613319], [121.5369693, 24.9613502], [121.5370912, 24.9613702]]}}, {"type": "Feature", "properties": {"county": "台北市", "district": "文山區", "highway": "residential", "name": "檳榔路"}, "geometry": {"type": "LineString", "coordinates": [[121.5465926, 24.9584083], [121.5465383, 24.9585453], [121.5464406, 24.9586829], [121.5462378, 24.9588818], [121.54603, 24.9591058], [121.5459735, 24.9591684], [121.546002, 24.9593951], [121.5459458, 24.9595158], [121.5459101, 24.9596001], [121.545847, 24.9597661], [121.5458585, 24.9599154], [121.5458606, 24.960047], [121.5458315, 24.9601737], [121.5456292, 24.9603502], [121.5455675, 24.9603917], [121.5452889, 24.9606647], [121.5451664, 24.960694], [121.5450027, 24.9608416], [121.544879, 24.9609967], [121.5448061, 24.9610311], [121.5446417, 24.9612485], [121.5445813, 24.9616059], [121.5444755, 24.9616292], [121.5442956, 24.9617989], [121.5438091, 24.9621129], [121.5435611, 24.9622806], [121.5434699, 24.9624441], [121.5433727, 24.9626538], [121.5432852, 24.9627787], [121.5431831, 24.9627992], [121.5429885, 24.9630351], [121.5429562, 24.9630718], [121.5427714, 24.9632909], [121.5427662, 24.963306], [121.5426223, 24.9634633], [121.5424957, 24.9635209], [121.5423819, 24.9635317], [121.5421925, 24.9635391], [121.5421788, 24.9635334], [121.542023, 24.9635309], [121.5419551, 24.9635677], [121.5417487, 24.9636466], [121.5416261, 24.9637552], [121.5415042, 24.9638582], [121.5414989, 24.9639312], [121.5413271, 24.964223], [121.5409557, 24.9649541], [121.5408451, 24.9650828], [121.540751, 24.9651297], [121.5406221, 24.9651796], [121.5404936, 24.9652268]]}}, {"type": "Feature", "properties": {"county": "台北市", "district": "文山區", "highway": "unclassified", "name": "新坡一街"}, "geometry": {"type": "LineString", "coordinates": [[121.5483233, 24.9634321], [121.5482807, 24.9635079], [121.548278, 24.963585], [121.5483665, 24.9641802], [121.5483357, 24.9643018], [121.5482968, 24.9644003], [121.5482177, 24.964472], [121.5479749, 24.9645608], [121.5477322, 24.9645668], [121.5476812, 24.9645267], [121.5476571, 24.9644404], [121.5477013, 24.964196], [121.5477013, 24.9639589], [121.5476517, 24.9638021], [121.5476303, 24.963734], [121.5475672, 24.9636404], [121.547472, 24.9636367], [121.5474143, 24.9636659], [121.5473594, 24.9637401], [121.5473111, 24.9638872], [121.5472252, 24.9642155], [121.5471582, 24.9642677], [121.5470536, 24.9642811], [121.5468015, 24.964269], [121.5466955, 24.9642994], [121.5465748, 24.9643723], [121.5464729, 24.9644051], [121.54632, 24.9644647], [121.5462275, 24.9645729], [121.5461473, 24.9647931]]}}, {"type": "Feature", "properties": {"county": "台北市", "district": "文山區", "highway": "residential", "name": "檳榔路35巷"}, "geometry": {"type": "LineString", "coordinates": [[121.5430437, 24.964058], [121.5431154, 24.9639577], [121.5432154, 24.9638203], [121.5433296, 24.9636596], [121.5433773, 24.9635187], [121.5433513, 24.9633369], [121.5433451, 24.9628567], [121.5432852, 24.9627787]]}}, {"type": "Feature", "properties": {"county": "台北市", "district": "文山區", "highway": "trunk_link", "name": null}, "geometry": {"type": "LineString", "coordinates": [[121.5335995, 24.9915095], [121.5335207, 24.9917075], [121.5335146, 24.9917947], [121.5335174, 24.9918814], [121.5335869, 24.9920678], [121.5336205, 24.9921731]]}}, {"type": "Feature", "properties": {"county": "台北市", "district": "文山區", "highway": "motorway_link", "name": "新店交流道"}, "geometry": {"type": "LineString", "coordinates": [[121.5466957, 24.9723954], [121.5470397, 24.9719224], [121.5470968, 24.9718394], [121.547144, 24.9717468], [121.5471631, 24.9716682], [121.5471637, 24.9715508], [121.5471489, 24.9714744]]}}, {"type": "Feature", "properties": {"county": "台北市", "district": "文山區", "highway": "tertiary", "name": "中興路二段"}, "geometry": {"type": "LineString", "coordinates": [[121.5480481, 24.9747386], [121.5480732, 24.9746618], [121.5481133, 24.974527], [121.5481408, 24.9742789]]}}, {"type": "Feature", "properties": {"county": "台北市", "district": "文山區", "highway": "tertiary", "name": "中正路"}, "geometry": {"type": "LineString", "coordinates": [[121.5339675, 24.9910929], [121.5339942, 24.9910351], [121.5340488, 24.9909166], [121.5340501, 24.9907015], [121.5340438, 24.990603], [121.5339938, 24.989816]]}}, {"type": "Feature", "properties": {"county": "台北市", "district": "文山區", "highway": "motorway_link", "name": "新店交流道"}, "geometry": {"type": "LineString", "coordinates": [[121.5477771, 24.9724822], [121.5476267, 24.9723084], [121.5475545, 24.9722428], [121.5474454, 24.9721944], [121.5473565, 24.9721694], [121.547225, 24.9721752], [121.5470796, 24.9722062], [121.5469508, 24.9722729], [121.5468463, 24.9723396]]}}, {"type": "Feature", "properties": {"county": "台北市", "district": "文山區", "highway": "motorway_link", "name": "新店交流道"}, "geometry": {"type": "LineString", "coordinates": [[121.5465854, 24.9726793], [121.546626, 24.9725419], [121.5466957, 24.9723954]]}}, {"type": "Feature", "properties": {"county": "台北市", "district": "文山區", "highway": "motorway_link", "name": "新店交流道"}, "geometry": {"type": "LineString", "coordinates": [[121.5466842, 24.9726939], [121.5466695, 24.9728132], [121.546682, 24.9729579], [121.5467125, 24.9730791], [121.5467801, 24.9732086], [121.5468772, 24.9733228], [121.5470196, 24.9734362], [121.5471513, 24.973504], [121.5473459, 24.9735724], [121.5475418, 24.9736057], [121.5476931, 24.9736063], [121.5504021, 24.9735211]]}}, {"type": "Feature", "properties": {"county": "台北市", "district": "文山區", "highway": "residential", "name": "大新街"}, "geometry": {"type": "LineString", "coordinates": [[121.5437625, 24.9692544], [121.5437387, 24.9692106], [121.5435504, 24.9688179], [121.543468, 24.9686988], [121.5433473, 24.9685138], [121.5433197, 24.9684689], [121.5432434, 24.9682599], [121.543218, 24.9681333], [121.5432373, 24.9680642], [121.5432707, 24.967954], [121.5433487, 24.9676533], [121.543427, 24.9675037], [121.5431751, 24.9672506], [121.5431059, 24.9671522]]}}, {"type": "Feature", "properties": {"county": "台北市", "district": "文山區", "highway": "residential", "name": "德正街"}, "geometry": {"type": "LineString", "coordinates": [[121.5435147, 24.9730699], [121.5435761, 24.9730622], [121.5436006, 24.972858], [121.5436117, 24.9727215], [121.5436853, 24.972604], [121.5437309, 24.9725458], [121.5437442, 24.9724021]]}}, {"type": "Feature", "properties": {"county": "台北市", "district": "文山區", "highway": "tertiary", "name": "中興路二段"}, "geometry": {"type": "LineString", "coordinates": [[121.5482806, 24.9743076], [121.5482719, 24.9745865], [121.5482002, 24.9747845], [121.5481254, 24.9749551], [121.5480331, 24.9751116], [121.547856, 24.9753756], [121.5476662, 24.9756391], [121.5474348, 24.9759732], [121.5472932, 24.976166], [121.5472604, 24.976208]]}}, {"type": "Feature", "properties": {"county": "台北市", "district": "文山區", "highway": "residential", "name": "力行路"}, "geometry": {"type": "LineString", "coordinates": [[121.5404762, 24.9645066], [121.5403415, 24.9645565], [121.5402297, 24.9645981], [121.5401555, 24.9646159], [121.5399646, 24.9646089], [121.5397441, 24.964595]]}}, {"type": "Feature", "properties": {"county": "台北市", "district": "文山區", "highway": "tertiary", "name": "中興陸橋"}, "geometry": {"type": "LineString", "coordinates": [[121.5456142, 24.9781098], [121.5456821, 24.9780247], [121.5464298, 24.9770075], [121.5471453, 24.9760424], [121.5474667, 24.9756268], [121.547658, 24.9753503], [121.5478085, 24.9751524], [121.547949, 24.9749384], [121.5480481, 24.9747386]]}}, {"type": "Feature", "properties": {"county": "台北市", "district": "文山區", "highway": "tertiary", "name": "中興路一段"}, "geometry": {"type": "LineString", "coordinates": [[121.5458786, 24.9692853], [121.5458088, 24.9691515], [121.5457392, 24.9690373], [121.5455467, 24.9687196], [121.545409, 24.9684852], [121.5454009, 24.9684721], [121.5453249, 24.9683521], [121.5449266, 24.9676726], [121.5447869, 24.9674203], [121.5447705, 24.9673922], [121.5447278, 24.9673129], [121.5445377, 24.9669607], [121.5443328, 24.9666254], [121.5440656, 24.9661975], [121.5438023, 24.9658087], [121.5437411, 24.9657173], [121.5436405, 24.9655745]]}}, {"type": "Feature", "properties": {"county": "台北市", "district": "文山區", "highway": "tertiary", "name": "中興路三段"}, "geometry": {"type": "LineString", "coordinates": [[121.5419045, 24.9867283], [121.5419017, 24.9866358]]}}, {"type": "Feature", "properties": {"county": "台北市", "district": "文山區", "highway": "tertiary", "name": "中興陸橋"}, "geometry": {"type": "LineString", "coordinates": [[121.5481275, 24.9747565], [121.548029, 24.974959], [121.5478926, 24.9751533], [121.5475065, 24.9757546], [121.5472419, 24.9760981], [121.5468266, 24.9766623], [121.5458018, 24.978085], [121.5457419, 24.9781848]]}}, {"type": "Feature", "properties": {"county": "台北市", "district": "文山區", "highway": "residential", "name": "北新路一段96巷"}, "geometry": {"type": "LineString", "coordinates": [[121.542001, 24.9689868], [121.542086, 24.9689579], [121.542471, 24.9688293], [121.5429322, 24.9686691], [121.5433082, 24.9685275], [121.5433473, 24.9685138]]}}, {"type": "Feature", "properties": {"county": "台北市", "district": "文山區", "highway": "tertiary", "name": "中正路"}, "geometry": {"type": "LineString", "coordinates": [[121.5338764, 24.9879697], [121.5338731, 24.9879179], [121.5336236, 24.9872177], [121.5335539, 24.9869284], [121.533546, 24.9866982], [121.5335494, 24.9866366], [121.5336156, 24.9854405], [121.5336364, 24.9850724], [121.5336758, 24.9843531], [121.533679, 24.9842967], [121.5336925, 24.9840516], [121.5337141, 24.9836615], [121.5337178, 24.9835953], [121.5337278, 24.9834146], [121.5337654, 24.9827344]]}}, {"type": "Feature", "properties": {"county": "台北市", "district": "文山區", "highway": "motorway_link", "name": "新店交流道"}, "geometry": {"type": "LineString", "coordinates": [[121.5474377, 24.9719538], [121.5473707, 24.971983], [121.5471177, 24.9721094], [121.5469869, 24.9722027], [121.5468463, 24.9723396]]}}, {"type": "Feature", "properties": {"county": "台北市", "district": "文山區", "highway": "residential", "name": "新生街"}, "geometry": {"type": "LineString", "coordinates": [[121.5392822, 24.9670696], [121.5394661, 24.966844], [121.5395796, 24.9667182], [121.5397726, 24.9664852], [121.539973, 24.9662428], [121.5400053, 24.9662053], [121.5401243, 24.9660906], [121.5402784, 24.9659406], [121.5403612, 24.9658518], [121.5404512, 24.9657026], [121.540546, 24.9655398], [121.5406093, 24.9655071], [121.5407391, 24.9654646]]}}, {"type": "Feature", "properties": {"county": "台北市", "district": "文山區", "highway": "primary", "name": "北新路三段"}, "geometry": {"type": "LineString", "coordinates": [[121.5424839, 24.9788963], [121.5424103, 24.9790949], [121.5423872, 24.9791677], [121.5422185, 24.9797355], [121.5419571, 24.9805408], [121.541941, 24.9805943], [121.5419061, 24.9807024], [121.5418394, 24.980929], [121.5417937, 24.981095], [121.541626, 24.9817045], [121.5415354, 24.9821692], [121.5414142, 24.9827708], [121.5413902, 24.9829079]]}}, {"type": "Feature", "properties": {"county": "台北市", "district": "文山區", "highway": "residential", "name": "寶橋路78巷"}, "geometry": {"type": "LineString", "coordinates": [[121.5474183, 24.9738759], [121.547315, 24.9740668], [121.5472895, 24.9744522], [121.5469408, 24.9750418], [121.5468349, 24.9751378], [121.5463628, 24.9753238], [121.5461617, 24.9755014]]}}, {"type": "Feature", "properties": {"county": "台北市", "district": "文山區", "highway": "tertiary", "name": "寶橋路"}, "geometry": {"type": "LineString", "coordinates": [[121.5477416, 24.9764996], [121.5484293, 24.9769301], [121.5488273, 24.9771797], [121.5489641, 24.9772648], [121.5495248, 24.9776234], [121.5505261, 24.9782637]]}}, {"type": "Feature", "properties": {"county": "台北市", "district": "文山區", "highway": "residential", "name": "建安街"}, "geometry": {"type": "LineString", "coordinates": [[121.5405644, 24.9752114], [121.5397542, 24.9754954], [121.5397286, 24.9755026], [121.5390051, 24.9756886], [121.5386085, 24.9757905]]}}, {"type": "Feature", "properties": {"county": "台北市", "district": "文山區", "highway": "residential", "name": "寶高路"}, "geometry": {"type": "LineString", "coordinates": [[121.5510522, 24.9777284], [121.5512446, 24.9777143], [121.5515423, 24.9776519], [121.5519871, 24.9776443], [121.5522342, 24.9777516], [121.552654, 24.9777838], [121.5527196, 24.9777418], [121.5527645, 24.9776642], [121.5528731, 24.9775866], [121.5530749, 24.9773872], [121.5531684, 24.977204], [121.5533031, 24.9769347], [121.5534641, 24.9767061], [121.5536089, 24.9765603], [121.5538475, 24.9764829], [121.5539809, 24.9764476], [121.5543201, 24.9762635], [121.5545452, 24.9761807], [121.5547256, 24.9761387], [121.5551624, 24.9760764], [121.5551991, 24.9760712], [121.5553025, 24.9760564]]}}, {"type": "Feature", "properties": {"county": "台北市", "district": "文山區", "highway": "residential", "name": "永華街"}, "geometry": {"type": "LineString", "coordinates": [[121.545268, 24.9749244], [121.545128, 24.9750713], [121.5447132, 24.9754472], [121.544232, 24.9758835], [121.5437612, 24.9762984], [121.5429872, 24.9769561], [121.5429279, 24.9770065]]}}, {"type": "Feature", "properties": {"county": "台北市", "district": "文山區", "highway": "residential", "name": "寶元路二段"}, "geometry": {"type": "LineString", "coordinates": [[121.5455045, 24.9829062], [121.5456353, 24.9827722], [121.5458311, 24.9825717], [121.546023, 24.9823751], [121.5461056, 24.9822939], [121.5462346, 24.9821585], [121.5464767, 24.9819009], [121.5466528, 24.9817069], [121.5469815, 24.9813367], [121.5472028, 24.9811318], [121.5476359, 24.9807297], [121.5477423, 24.9806192]]}}, {"type": "Feature", "properties": {"county": "台北市", "district": "文山區", "highway": "residential", "name": "文化路"}, "geometry": {"type": "LineString", "coordinates": [[121.5442863, 24.9804397], [121.5442071, 24.9803755], [121.5439379, 24.9801619], [121.5437959, 24.9800492], [121.5432315, 24.9795672], [121.5432, 24.9795318], [121.5429436, 24.9793581], [121.5429131, 24.979332], [121.5427792, 24.9791785], [121.5426535, 24.9790582], [121.5425918, 24.9789929], [121.5425593, 24.9789652], [121.5424839, 24.9788963]]}}, {"type": "Feature", "properties": {"county": "台北市", "district": "文山區", "highway": "tertiary", "name": "寶強路"}, "geometry": {"type": "LineString", "coordinates": [[121.5446704, 24.9794634], [121.5445288, 24.9794168], [121.5443434, 24.9793523], [121.544001, 24.9792331], [121.5436129, 24.979098], [121.5434312, 24.979055], [121.5433852, 24.9790441], [121.5433404, 24.9790335], [121.5431428, 24.9789867], [121.5428082, 24.9789296], [121.5425845, 24.9789066], [121.5424839, 24.9788963]]}}, {"type": "Feature", "properties": {"county": "台北市", "district": "文山區", "highway": "residential", "name": "寶安街"}, "geometry": {"type": "LineString", "coordinates": [[121.5422185, 24.9797355], [121.5422505, 24.9800992], [121.5422561, 24.9802148], [121.5423138, 24.9804009], [121.5423545, 24.9806356], [121.5423274, 24.9808219], [121.5423077, 24.9809845], [121.5422745, 24.9811175], [121.5422195, 24.9812284], [121.5422109, 24.9812721], [121.542186, 24.98134], [121.5421087, 24.9817006], [121.5420856, 24.9818357], [121.542027, 24.9821503], [121.5420211, 24.9821998], [121.5419636, 24.9829042]]}}, {"type": "Feature", "properties": {"county": "台北市", "district": "文山區", "highway": "residential", "name": "文化路"}, "geometry": {"type": "LineString", "coordinates": [[121.5448877, 24.9826428], [121.5448364, 24.9824886], [121.5447788, 24.9823229], [121.5447554, 24.9822554], [121.5447601, 24.9820869], [121.5447577, 24.9819837], [121.544725, 24.9818696], [121.5446927, 24.9818144], [121.5446542, 24.9817743], [121.5443488, 24.9814511], [121.5443942, 24.9813551], [121.54418, 24.9812757], [121.5441132, 24.9812485]]}}, {"type": "Feature", "properties": {"county": "台北市", "district": "文山區", "highway": "primary", "name": "北新路二段"}, "geometry": {"type": "LineString", "coordinates": [[121.5423775, 24.9788824], [121.5424091, 24.9787649], [121.5424541, 24.9786183], [121.5425723, 24.9782527], [121.5426519, 24.977985], [121.5427245, 24.977731], [121.5427293, 24.9776928], [121.5428373, 24.976825], [121.5428415, 24.9766425], [121.5428456, 24.9764675]]}}, {"type": "Feature", "properties": {"county": "台北市", "district": "文山區", "highway": "tertiary", "name": "民族路"}, "geometry": {"type": "LineString", "coordinates": [[121.5424839, 24.9788963], [121.5423775, 24.9788824]]}}, {"type": "Feature", "properties": {"county": "台北市", "district": "文山區", "highway": "tertiary", "name": "景美橋"}, "geometry": {"type": "LineString", "coordinates": [[121.5408596, 24.988241], [121.5408125, 24.9873894]]}}, {"type": "Feature", "properties": {"county": "台北市", "district": "文山區", "highway": "residential", "name": "寶元路一段"}, "geometry": {"type": "LineString", "coordinates": [[121.544863, 24.9834706], [121.5447427, 24.9835613], [121.5444673, 24.9837994], [121.5443343, 24.9839258], [121.544157, 24.9841412], [121.5440673, 24.9842854], [121.5440278, 24.9843592], [121.5438309, 24.9847294], [121.5437771, 24.9848078], [121.5436926, 24.9848825], [121.5436153, 24.9849392], [121.5435039, 24.9850091], [121.5433242, 24.9851228], [121.5431535, 24.9852412], [121.5431506, 24.9852432], [121.5429681, 24.9853699], [121.5429296, 24.9853967], [121.5428735, 24.9854354], [121.5421557, 24.9859683], [121.5421157, 24.9859665]]}}, {"type": "Feature", "properties": {"county": "台北市", "district": "文山區", "highway": "residential", "name": null}, "geometry": {"type": "LineString", "coordinates": [[121.5411709, 24.9874216], [121.5414423, 24.9874453], [121.5418368, 24.9874738], [121.5420551, 24.9874841], [121.542323, 24.9875121], [121.5423776, 24.9875189], [121.5427431, 24.9875343], [121.5432774, 24.9875694], [121.5433312, 24.9875757], [121.5434371, 24.987568], [121.5435532, 24.9875514], [121.5436517, 24.9875234], [121.5437731, 24.9874736], [121.5438864, 24.9874078], [121.5439957, 24.9873216], [121.5440952, 24.9872203], [121.54415, 24.9871435], [121.5441966, 24.987068], [121.5442264, 24.987008], [121.5442526, 24.9869351], [121.5442761, 24.9868512], [121.5442787, 24.9868319], [121.5443059, 24.986637], [121.5441685, 24.9862602], [121.5440024, 24.9858789], [121.5439593, 24.9857177], [121.5439126, 24.985336], [121.543923, 24.9849995], [121.5439797, 24.9847052], [121.5440278, 24.9843592]]}}, {"type": "Feature", "properties": {"county": "台北市", "district": "文山區", "highway": "residential", "name": "寶慶街"}, "geometry": {"type": "LineString", "coordinates": [[121.5421954, 24.986642], [121.5423152, 24.9865938], [121.5431381, 24.9866111], [121.5441999, 24.9866345], [121.5443059, 24.986637]]}}, {"type": "Feature", "properties": {"county": "台北市", "district": "文山區", "highway": "residential", "name": "寶慶街"}, "geometry": {"type": "LineString", "coordinates": [[121.5442787, 24.9868319], [121.5431309, 24.9868006], [121.5422785, 24.9867774], [121.5421775, 24.986724]]}}, {"type": "Feature", "properties": {"county": "台北市", "district": "文山區", "highway": "tertiary", "name": "順安街"}, "geometry": {"type": "LineString", "coordinates": [[121.5408125, 24.9873894], [121.5408201, 24.9872896]]}}, {"type": "Feature", "properties": {"county": "台北市", "district": "文山區", "highway": "secondary", "name": "寶慶街"}, "geometry": {"type": "LineString", "coordinates": [[121.5425932, 24.9867316], [121.5421775, 24.986724], [121.542113, 24.986725], [121.5420617, 24.9867275], [121.5420079, 24.9867267], [121.5419045, 24.9867283], [121.5417969, 24.98673], [121.5415431, 24.986734], [121.5412892, 24.9867379], [121.5408256, 24.9867591]]}}, {"type": "Feature", "properties": {"county": "台北市", "district": "文山區", "highway": "unclassified", "name": null}, "geometry": {"type": "LineString", "coordinates": [[121.5420551, 24.9874841], [121.5420122, 24.9867655], [121.5420079, 24.9867267]]}}, {"type": "Feature", "properties": {"county": "台北市", "district": "文山區", "highway": "unclassified", "name": "景文街"}, "geometry": {"type": "LineString", "coordinates": [[121.5411023, 24.9903955], [121.5410148, 24.9901135], [121.5409791, 24.9899973], [121.5409643, 24.9899492], [121.5409372, 24.989861], [121.5409147, 24.9897354], [121.5409122, 24.9897092], [121.5408597, 24.9891528], [121.5408358, 24.9887925], [121.5408561, 24.9884884], [121.5408652, 24.9884078]]}}, {"type": "Feature", "properties": {"county": "台北市", "district": "文山區", "highway": "primary", "name": "羅斯福路六段"}, "geometry": {"type": "LineString", "coordinates": [[121.5397057, 24.9899038], [121.5397059, 24.9899677]]}}, {"type": "Feature", "properties": {"county": "台北市", "district": "文山區", "highway": "primary", "name": "羅斯福路六段"}, "geometry": {"type": "LineString", "coordinates": [[121.5395955, 24.9899908], [121.5396021, 24.9899269]]}}, {"type": "Feature", "properties": {"county": "台北市", "district": "文山區", "highway": "unclassified", "name": "溪口街28巷"}, "geometry": {"type": "LineString", "coordinates": [[121.5397329, 24.9949947], [121.5397882, 24.9949779], [121.5398244, 24.994967], [121.5398999, 24.9949453], [121.5399996, 24.9949263], [121.5400918, 24.9949133], [121.540221, 24.9949071], [121.540584, 24.9949155]]}}, {"type": "Feature", "properties": {"county": "台北市", "district": "文山區", "highway": "residential", "name": "景華街52巷"}, "geometry": {"type": "LineString", "coordinates": [[121.5437794, 24.9950709], [121.5437817, 24.9950235], [121.5437821, 24.9950081], [121.5437829, 24.9947029], [121.5437838, 24.9945467], [121.5437888, 24.994415], [121.5437928, 24.9940957], [121.5437624, 24.993772], [121.5437294, 24.9936071], [121.5436667, 24.9934366], [121.5436195, 24.9933081], [121.5433862, 24.9928584], [121.5433568, 24.9928197], [121.5433106, 24.9927429]]}}, {"type": "Feature", "properties": {"county": "台北市", "district": "文山區", "highway": "residential", "name": "景華街"}, "geometry": {"type": "LineString", "coordinates": [[121.5472638, 24.9993854], [121.5473037, 24.9993141]]}}, {"type": "Feature", "properties": {"county": "台北市", "district": "文山區", "highway": "primary", "name": "羅斯福路六段"}, "geometry": {"type": "LineString", "coordinates": [[121.5394898, 25.0004905], [121.5395533, 25.0003443], [121.5396737, 25.0000575], [121.5397987, 24.9997428], [121.5398365, 24.9996464]]}}, {"type": "Feature", "properties": {"county": "台北市", "district": "文山區", "highway": "primary", "name": "羅斯福路六段"}, "geometry": {"type": "LineString", "coordinates": [[121.5412048, 24.9959397], [121.54119, 24.9960395], [121.541093, 24.9965523], [121.5409581, 24.9971014], [121.5409358, 24.9971618], [121.5409012, 24.9972642], [121.5402728, 24.9988693], [121.5400952, 24.9993189], [121.5399775, 24.9996116], [121.5399524, 24.9996862]]}}, {"type": "Feature", "properties": {"county": "台北市", "district": "文山區", "highway": "residential", "name": "木新路二段299巷"}, "geometry": {"type": "LineString", "coordinates": [[121.5652966, 24.9827845], [121.5653276, 24.9827052], [121.5653474, 24.9826544], [121.5654764, 24.9823246], [121.5655828, 24.9820574], [121.5656443, 24.9818564]]}}, {"type": "Feature", "properties": {"county": "台北市", "district": "文山區", "highway": "unclassified", "name": "忠順街一段26巷3弄"}, "geometry": {"type": "LineString", "coordinates": [[121.5601532, 24.9836951], [121.5594061, 24.9835156], [121.559346, 24.9835012]]}}, {"type": "Feature", "properties": {"county": "台北市", "district": "文山區", "highway": "residential", "name": "木新路三段310巷"}, "geometry": {"type": "LineString", "coordinates": [[121.5563091, 24.9833333], [121.5563406, 24.9832441], [121.5566227, 24.982444], [121.5566428, 24.9823869], [121.5566961, 24.9822357], [121.5567952, 24.9819548], [121.5568948, 24.9816722], [121.5569421, 24.9815382], [121.5570794, 24.9811486], [121.5571652, 24.9809053], [121.5571928, 24.9808272]]}}, {"type": "Feature", "properties": {"county": "台北市", "district": "文山區", "highway": "unclassified", "name": "恆光橋"}, "geometry": {"type": "LineString", "coordinates": [[121.5672395, 24.9816891], [121.5676448, 24.9799782]]}}, {"type": "Feature", "properties": {"county": "台北市", "district": "文山區", "highway": "secondary", "name": "木新路一段"}, "geometry": {"type": "LineString", "coordinates": [[121.57093, 24.9907309], [121.5708823, 24.9904826], [121.5708722, 24.9904302], [121.570758, 24.9898357], [121.5706836, 24.989339], [121.5706706, 24.989221], [121.5706486, 24.9888984], [121.5706462, 24.9888552], [121.5706459, 24.9888304], [121.5706448, 24.9886022], [121.5706463, 24.9885179], [121.570647, 24.9884781], [121.5706512, 24.9882507], [121.5706552, 24.9880289], [121.5706561, 24.9879772], [121.5706586, 24.9878389], [121.5706602, 24.9877526]]}}, {"type": "Feature", "properties": {"county": "台北市", "district": "文山區", "highway": "secondary", "name": "興隆路四段"}, "geometry": {"type": "LineString", "coordinates": [[121.5608944, 24.9866255], [121.5609298, 24.9865273], [121.5609919, 24.9863551], [121.5610851, 24.9860962], [121.5611692, 24.9858629], [121.5612548, 24.9856252], [121.561279, 24.9855582], [121.5612928, 24.9855197], [121.5613976, 24.9852291], [121.5615132, 24.9849079], [121.5616257, 24.9845957], [121.5616384, 24.9845606], [121.5616605, 24.9844992]]}}, {"type": "Feature", "properties": {"county": "台北市", "district": "文山區", "highway": "residential", "name": "光輝路134巷"}, "geometry": {"type": "LineString", "coordinates": [[121.5581328, 24.9857121], [121.5581763, 24.9856495], [121.5582434, 24.9854449], [121.5582794, 24.9853351], [121.5584174, 24.9849143]]}}, {"type": "Feature", "properties": {"county": "台北市", "district": "文山區", "highway": "residential", "name": "一壽街20巷"}, "geometry": {"type": "LineString", "coordinates": [[121.5555388, 24.9797904], [121.5559825, 24.9797787], [121.5561781, 24.9798273], [121.5565457, 24.9799148]]}}, {"type": "Feature", "properties": {"county": "台北市", "district": "文山區", "highway": "tertiary", "name": "下崙路"}, "geometry": {"type": "LineString", "coordinates": [[121.5576763, 24.9862212], [121.5577863, 24.9862294], [121.5580458, 24.9862896], [121.5582885, 24.9863202], [121.5584949, 24.986339], [121.5586788, 24.9863558], [121.5587765, 24.9863596], [121.5588476, 24.9863565], [121.5589548, 24.9863491], [121.5589977, 24.9863489], [121.5590546, 24.9863557], [121.5591938, 24.9863953], [121.5592495, 24.9864014], [121.5593547, 24.9863999], [121.559451, 24.9864169], [121.5596635, 24.9864912], [121.5597983, 24.9865283], [121.5598962, 24.9865467], [121.559953, 24.9865524], [121.5600833, 24.9865655], [121.5607602, 24.9866336], [121.5608129, 24.9866304], [121.5608944, 24.9866255]]}}, {"type": "Feature", "properties": {"county": "台北市", "district": "文山區", "highway": "tertiary", "name": "忠順街一段"}, "geometry": {"type": "LineString", "coordinates": [[121.5540391, 24.9832223], [121.5541472, 24.9832106], [121.5544008, 24.9831868], [121.5547423, 24.9831685], [121.5550089, 24.9831673], [121.5552681, 24.9831756], [121.5556287, 24.9832053], [121.5558404, 24.9832317], [121.5560832, 24.9832749], [121.5562281, 24.9833119], [121.5563091, 24.9833333]]}}, {"type": "Feature", "properties": {"county": "台北市", "district": "文山區", "highway": "residential", "name": "木新路三段45巷"}, "geometry": {"type": "LineString", "coordinates": [[121.564224, 24.9825091], [121.5643494, 24.9820394], [121.5644157, 24.9817914]]}}, {"type": "Feature", "properties": {"county": "台北市", "district": "文山區", "highway": "residential", "name": "木柵路二段2巷"}, "geometry": {"type": "LineString", "coordinates": [[121.5576889, 24.988768], [121.5577536, 24.9887166], [121.5578253, 24.9886462], [121.5580172, 24.9884031], [121.5581247, 24.988267], [121.5584337, 24.9878756], [121.5585023, 24.9877886]]}}, {"type": "Feature", "properties": {"county": "台北市", "district": "文山區", "highway": "unclassified", "name": "恆光橋"}, "geometry": {"type": "LineString", "coordinates": [[121.5676448, 24.9799782], [121.5676745, 24.9798941]]}}, {"type": "Feature", "properties": {"county": "台北市", "district": "文山區", "highway": "tertiary", "name": "興隆路四段109巷"}, "geometry": {"type": "LineString", "coordinates": [[121.5608944, 24.9866255], [121.5609689, 24.986621], [121.561046, 24.9866164], [121.5610771, 24.9866145], [121.5620799, 24.9867097], [121.5621455, 24.9867159], [121.5622081, 24.9867219], [121.5625124, 24.9867508], [121.5625588, 24.9867552], [121.5626618, 24.986765]]}}, {"type": "Feature", "properties": {"county": "台北市", "district": "文山區", "highway": "secondary", "name": "興隆路四段"}, "geometry": {"type": "LineString", "coordinates": [[121.5588721, 24.9910754], [121.5589826, 24.9908864], [121.5591323, 24.9906305], [121.559229, 24.9904895], [121.5592712, 24.990428], [121.5594496, 24.9901719], [121.5595882, 24.9898963], [121.5597528, 24.9895411], [121.5597693, 24.9895055], [121.5599316, 24.9891554], [121.5600586, 24.9888805], [121.560103, 24.9887867]]}}, {"type": "Feature", "properties": {"county": "台北市", "district": "文山區", "highway": "tertiary", "name": "指南路一段"}, "geometry": {"type": "LineString", "coordinates": [[121.568602, 24.9876459], [121.5686605, 24.9876433], [121.5687277, 24.9876397], [121.5690173, 24.9876231], [121.5691382, 24.9876187], [121.569178, 24.9876197], [121.5694405, 24.98764], [121.5694765, 24.9876428], [121.5695211, 24.9876462], [121.5695573, 24.9876508], [121.5701162, 24.9877445], [121.5703565, 24.9877848], [121.5704753, 24.9877874], [121.5705123, 24.9877853], [121.5706602, 24.9877526]]}}, {"type": "Feature", "properties": {"county": "台北市", "district": "文山區", "highway": "residential", "name": "忠順街一段26巷"}, "geometry": {"type": "LineString", "coordinates": [[121.559155, 24.9841044], [121.5591844, 24.9840116], [121.559255, 24.9837887], [121.5593249, 24.9835677], [121.559346, 24.9835012], [121.5594249, 24.9832517], [121.5594989, 24.9830182], [121.5596481, 24.9825466], [121.5598019, 24.982061], [121.5599701, 24.9815293]]}}, {"type": "Feature", "properties": {"county": "台北市", "district": "文山區", "highway": "tertiary", "name": "萬芳路"}, "geometry": {"type": "LineString", "coordinates": [[121.5690716, 24.9987866], [121.5689529, 24.9987929], [121.568899, 24.9987958], [121.5685527, 24.9988144], [121.5684535, 24.9988233], [121.5683307, 24.9988405], [121.5682284, 24.9988668], [121.5679526, 24.9989627], [121.5678533, 24.9989918], [121.5677713, 24.99901], [121.5676442, 24.9990335], [121.5675266, 24.9990492], [121.567388, 24.9990678], [121.5671955, 24.9990835], [121.567086, 24.9990868], [121.5670314, 24.9990848], [121.5669694, 24.9990789], [121.5668979, 24.9990674], [121.5668146, 24.9990484], [121.5666865, 24.9990095], [121.5665752, 24.9989663], [121.5659312, 24.998664], [121.5658825, 24.9986411], [121.565492, 24.9984578], [121.5652931, 24.9983732], [121.5651382, 24.9983197], [121.5649962, 24.9982807], [121.5645889, 24.9981933], [121.5643829, 24.9981491], [121.5641487, 24.9980988], [121.5639938, 24.9980619], [121.5638728, 24.9980207], [121.5637515, 24.9979754], [121.5622626, 24.9973673], [121.5622231, 24.9973511], [121.562169, 24.9973291], [121.5620861, 24.9972952], [121.5620037, 24.9972616], [121.5619593, 24.9972434], [121.5619055, 24.9972276], [121.5618306, 24.9972108], [121.5617211, 24.997199], [121.5615112, 24.9971966], [121.5613813, 24.9971865], [121.5611845, 24.9971548], [121.5609655, 24.9971032], [121.5604197, 24.9969646], [121.5603713, 24.9969474], [121.5603083, 24.9969213], [121.5601822, 24.9968611], [121.560099, 24.9968301], [121.5600623, 24.9968182], [121.5599389, 24.9967823]]}}, {"type": "Feature", "properties": {"county": "台北市", "district": "文山區", "highway": "residential", "name": "辛亥路四段77巷"}, "geometry": {"type": "LineString", "coordinates": [[121.5599681, 25.0090144], [121.5597933, 25.0089487], [121.5596296, 25.0088654], [121.5595599, 25.0088185], [121.5595055, 25.0087705], [121.559475, 25.0086579], [121.5595141, 25.0085509], [121.5595775, 25.0084902], [121.5596782, 25.0084632], [121.5598112, 25.008496], [121.5599823, 25.0085654], [121.5601466, 25.0085442], [121.5602654, 25.0084946], [121.5607406, 25.0083215], [121.5608445, 25.0082405], [121.5608824, 25.0081643], [121.5608729, 25.0080898], [121.5608534, 25.0080163], [121.560804, 25.0079399], [121.560496, 25.0077689], [121.5603722, 25.0077016], [121.5601409, 25.0075793], [121.5596925, 25.0073394], [121.5588198, 25.0074037], [121.55873, 25.0074103], [121.5586797, 25.007414]]}}, {"type": "Feature", "properties": {"county": "台北市", "district": "文山區", "highway": "secondary", "name": "復興路"}, "geometry": {"type": "LineString", "coordinates": [[121.5338097, 24.9881002], [121.5337204, 24.9881282]]}}, {"type": "Feature", "properties": {"county": "台北市", "district": "文山區", "highway": "secondary", "name": "寶慶街"}, "geometry": {"type": "LineString", "coordinates": [[121.5408284, 24.9866649], [121.5413078, 24.9866546], [121.5417996, 24.986639], [121.5419017, 24.9866358]]}}, {"type": "Feature", "properties": {"county": "台北市", "district": "文山區", "highway": "secondary", "name": "秀明路一段"}, "geometry": {"type": "LineString", "coordinates": [[121.5649399, 24.9897645], [121.5647526, 24.9896867], [121.5647158, 24.9896722], [121.5642835, 24.9895012], [121.5641556, 24.9894525], [121.5640634, 24.9894175], [121.563425, 24.989178], [121.5633818, 24.9891618], [121.563282, 24.9891243], [121.5631004, 24.9890562]]}}, {"type": "Feature", "properties": {"county": "台北市", "district": "文山區", "highway": "secondary", "name": null}, "geometry": {"type": "LineString", "coordinates": [[121.5452416, 24.9867042], [121.5452746, 24.9867047], [121.5453632, 24.9867035]]}}, {"type": "Feature", "properties": {"county": "台北市", "district": "文山區", "highway": "tertiary", "name": "萬壽橋"}, "geometry": {"type": "LineString", "coordinates": [[121.5729338, 24.9916014], [121.5732798, 24.9915957], [121.5735034, 24.9916008], [121.5735534, 24.9916175], [121.5736685, 24.9916559]]}}, {"type": "Feature", "properties": {"county": "台北市", "district": "文山區", "highway": "secondary", "name": "景美溪橋"}, "geometry": {"type": "LineString", "coordinates": [[121.5425923, 24.9866532], [121.5445717, 24.9867071], [121.5452416, 24.9867042]]}}, {"type": "Feature", "properties": {"county": "台北市", "district": "文山區", "highway": "secondary", "name": "復興路"}, "geometry": {"type": "LineString", "coordinates": [[121.5408256, 24.9867591], [121.5406098, 24.9867632]]}}, {"type": "Feature", "properties": {"county": "台北市", "district": "文山區", "highway": "secondary", "name": "木柵路二段"}, "geometry": {"type": "LineString", "coordinates": [[121.5631004, 24.9890562], [121.5630507, 24.9890555], [121.5629611, 24.9890316], [121.5618793, 24.9888982], [121.5617638, 24.9888861], [121.5611324, 24.9888259]]}}, {"type": "Feature", "properties": {"county": "台北市", "district": "文山區", "highway": "tertiary", "name": "木柵路三段"}, "geometry": {"type": "LineString", "coordinates": [[121.57093, 24.9907309], [121.5707331, 24.9905777], [121.5706848, 24.9905401], [121.5706602, 24.990521], [121.5703021, 24.9902424], [121.570217, 24.9901762], [121.5701542, 24.9901273], [121.5700323, 24.9900324], [121.5699032, 24.989932], [121.5694252, 24.9895601], [121.5693461, 24.9894985], [121.5693102, 24.9894706], [121.5691935, 24.9893798], [121.5691507, 24.9893466], [121.5687858, 24.9890626], [121.5686463, 24.9889541], [121.5686092, 24.9889319], [121.5685143, 24.988906]]}}, {"type": "Feature", "properties": {"county": "台北市", "district": "文山區", "highway": "tertiary", "name": "萬壽橋"}, "geometry": {"type": "LineString", "coordinates": [[121.5712716, 24.9916286], [121.5729338, 24.9916014]]}}, {"type": "Feature", "properties": {"county": "台北市", "district": "文山區", "highway": "secondary", "name": "木柵路一段"}, "geometry": {"type": "LineString", "coordinates": [[121.5565475, 24.9885292], [121.5562879, 24.9884711], [121.5562206, 24.9884566], [121.5556728, 24.988345], [121.5555005, 24.9883087], [121.5551701, 24.9882254], [121.5551109, 24.9882105], [121.5550532, 24.9882002], [121.5547717, 24.9881574], [121.5545503, 24.9881382], [121.554336, 24.9881229], [121.5541828, 24.9881188], [121.553789, 24.9881024], [121.5530691, 24.9879769], [121.5524598, 24.9878663], [121.552369, 24.987851], [121.5523026, 24.9878361]]}}, {"type": "Feature", "properties": {"county": "台北市", "district": "文山區", "highway": "secondary", "name": "復興路"}, "geometry": {"type": "LineString", "coordinates": [[121.5374313, 24.9869648], [121.5371981, 24.987038], [121.5353323, 24.9876229], [121.5338832, 24.9880771]]}}, {"type": "Feature", "properties": {"county": "台北市", "district": "文山區", "highway": "secondary", "name": "木柵路一段"}, "geometry": {"type": "LineString", "coordinates": [[121.5453632, 24.9867035], [121.5454853, 24.9867033], [121.5456357, 24.9867033], [121.545837, 24.986704], [121.5459104, 24.9867063], [121.5460057, 24.9867206], [121.5460886, 24.9867368], [121.5464596, 24.9868033], [121.546873, 24.9868701], [121.5472585, 24.9869371], [121.5473239, 24.9869479], [121.5473881, 24.9869595], [121.5475012, 24.9869774], [121.5479424, 24.9870485], [121.5482733, 24.9871055], [121.5485137, 24.987147], [121.5487322, 24.9871889], [121.548789, 24.9872], [121.5489532, 24.9872302], [121.5494093, 24.9873094], [121.5498241, 24.9874287], [121.5498965, 24.9874433], [121.5501824, 24.9874967], [121.5512383, 24.9876751], [121.5513163, 24.9876881], [121.5513745, 24.987697], [121.5515548, 24.9877254], [121.5518865, 24.9877203], [121.5522263, 24.9877694], [121.5523554, 24.9877892]]}}, {"type": "Feature", "properties": {"county": "台北市", "district": "文山區", "highway": "secondary", "name": "復興路"}, "geometry": {"type": "LineString", "coordinates": [[121.5373831, 24.9868545], [121.537677, 24.9867764], [121.5377264, 24.9867633], [121.5380738, 24.986722], [121.5383862, 24.9867086], [121.5389873, 24.9867162], [121.5390278, 24.9867126], [121.539584, 24.9866934]]}}, {"type": "Feature", "properties": {"county": "台北市", "district": "文山區", "highway": "secondary", "name": "木柵路一段"}, "geometry": {"type": "LineString", "coordinates": [[121.5566358, 24.9884863], [121.556906, 24.9885446], [121.5574678, 24.9886654], [121.5575444, 24.9886783], [121.5577536, 24.9887166]]}}, {"type": "Feature", "properties": {"county": "台北市", "district": "文山區", "highway": "tertiary", "name": "景美街"}, "geometry": {"type": "LineString", "coordinates": [[121.5408652, 24.9884078], [121.5409547, 24.9883604], [121.5410674, 24.9883512], [121.5418814, 24.9883073]]}}, {"type": "Feature", "properties": {"county": "台北市", "district": "文山區", "highway": "tertiary", "name": "木柵路一段"}, "geometry": {"type": "LineString", "coordinates": [[121.5453632, 24.9867035], [121.5453607, 24.9867711]]}}, {"type": "Feature", "properties": {"county": "台北市", "district": "文山區", "highway": "unclassified", "name": "研究院路四段"}, "geometry": {"type": "LineString", "coordinates": [[121.5821866, 25.0132977], [121.5819091, 25.013251], [121.5815184, 25.0131586], [121.5809632, 25.0129339], [121.5805451, 25.0127188], [121.5802298, 25.0126317], [121.5801549, 25.012612], [121.5799714, 25.0125466], [121.5798022, 25.0125046], [121.5794089, 25.0124608], [121.5792912, 25.0124353], [121.5791897, 25.01238], [121.5790941, 25.0123016], [121.5789993, 25.0121794], [121.5789583, 25.0120829], [121.5789309, 25.0119891]]}}, {"type": "Feature", "properties": {"county": "台北市", "district": "文山區", "highway": "residential", "name": "興隆路三段207巷"}, "geometry": {"type": "LineString", "coordinates": [[121.5596849, 24.9952982], [121.5597629, 24.9952799], [121.5598171, 24.9952679], [121.5598351, 24.9952627], [121.5602666, 24.9951692], [121.5602271, 24.9950104], [121.5604347, 24.9949778], [121.5606241, 24.9949516], [121.560811, 24.9949252], [121.5610006, 24.9948995], [121.5612108, 24.9948806], [121.5614257, 24.994854], [121.5616222, 24.9948366], [121.5618101, 24.9948073], [121.5620129, 24.994788], [121.5622155, 24.9947639], [121.5624106, 24.9947459], [121.5626024, 24.994705]]}}, {"type": "Feature", "properties": {"county": "台北市", "district": "文山區", "highway": "residential", "name": "興隆路三段185巷"}, "geometry": {"type": "LineString", "coordinates": [[121.5599289, 24.9959502], [121.5599939, 24.9959278], [121.5599951, 24.9959228], [121.5600354, 24.9959026], [121.5600725, 24.9958839], [121.5603899, 24.9957243], [121.5603839, 24.9956658], [121.5606116, 24.9956361], [121.5608101, 24.9956091], [121.5610187, 24.9955831], [121.5612019, 24.9955592], [121.5613922, 24.9955345], [121.561586, 24.9955092], [121.5617962, 24.9954789], [121.5620001, 24.9954553], [121.562198, 24.9954322], [121.5623967, 24.9954073], [121.5625926, 24.9953782], [121.5627979, 24.9953513], [121.5629816, 24.9953293], [121.563092, 24.9953131], [121.5631788, 24.9953003], [121.5634769, 24.9952555], [121.5635602, 24.9952297], [121.5636366, 24.9952244], [121.5637075, 24.995237], [121.5637683, 24.9952749], [121.5638353, 24.9953515]]}}, {"type": "Feature", "properties": {"county": "台北市", "district": "文山區", "highway": "unclassified", "name": "順安街"}, "geometry": {"type": "LineString", "coordinates": [[121.5408284, 24.9866649], [121.5408293, 24.986557], [121.5408469, 24.9863439], [121.5408494, 24.986302], [121.5408668, 24.9861587], [121.5408701, 24.9861319], [121.5408829, 24.9860111], [121.5409404, 24.9857339], [121.5409929, 24.9854661], [121.5410248, 24.9853127], [121.5410708, 24.9849654], [121.5411246, 24.9846993], [121.5411354, 24.9846352]]}}, {"type": "Feature", "properties": {"county": "台北市", "district": "文山區", "highway": "tertiary", "name": "景文街"}, "geometry": {"type": "LineString", "coordinates": [[121.5408652, 24.9884078], [121.5408627, 24.9883042], [121.5408596, 24.988241]]}}, {"type": "Feature", "properties": {"county": "台北市", "district": "文山區", "highway": "primary", "name": "北新橋"}, "geometry": {"type": "LineString", "coordinates": [[121.5400365, 24.9869077], [121.539932, 24.9873291], [121.5396757, 24.9885416]]}}, {"type": "Feature", "properties": {"county": "台北市", "district": "文山區", "highway": "primary", "name": "北新橋"}, "geometry": {"type": "LineString", "coordinates": [[121.5395689, 24.9885547], [121.5398223, 24.9873277]]}}, {"type": "Feature", "properties": {"county": "台北市", "district": "文山區", "highway": "primary", "name": "羅斯福路六段"}, "geometry": {"type": "LineString", "coordinates": [[121.5396757, 24.9885416], [121.5396331, 24.9887876], [121.539611, 24.9890028], [121.5396016, 24.9891833], [121.5396019, 24.9893138], [121.5396217, 24.9895115], [121.5396512, 24.9896811], [121.5397057, 24.9899038]]}}, {"type": "Feature", "properties": {"county": "台北市", "district": "文山區", "highway": "primary", "name": "鳴遠橋"}, "geometry": {"type": "LineString", "coordinates": [[121.539927, 24.9868842], [121.5400924, 24.9863478], [121.5401957, 24.9860663], [121.5405011, 24.9853667]]}}, {"type": "Feature", "properties": {"county": "台北市", "district": "文山區", "highway": "residential", "name": "興隆路三段221巷"}, "geometry": {"type": "LineString", "coordinates": [[121.5599144, 24.9940305], [121.5599794, 24.9942211], [121.5600581, 24.994246], [121.5601846, 24.9942333], [121.5604043, 24.9942022], [121.5606022, 24.9941784], [121.5607934, 24.9941498], [121.5609863, 24.9941205], [121.5611877, 24.9940888], [121.5614011, 24.9940808], [121.5616012, 24.99407], [121.5618053, 24.9940514], [121.5620007, 24.9940269], [121.5620333, 24.9939756], [121.5620876, 24.9938403], [121.5621831, 24.9937865], [121.5622669, 24.9937953], [121.5623569, 24.9938207]]}}, {"type": "Feature", "properties": {"county": "台北市", "district": "文山區", "highway": "residential", "name": "興隆路三段221巷"}, "geometry": {"type": "LineString", "coordinates": [[121.5599144, 24.9940305], [121.5595708, 24.9940857], [121.5595191, 24.9941064], [121.5594635, 24.9941286]]}}, {"type": "Feature", "properties": {"county": "台北市", "district": "文山區", "highway": "residential", "name": "興隆路三段221巷4弄"}, "geometry": {"type": "LineString", "coordinates": [[121.5604043, 24.9942022], [121.560374, 24.9941487], [121.5601476, 24.9934722], [121.5600785, 24.9932697]]}}, {"type": "Feature", "properties": {"county": "台北市", "district": "文山區", "highway": "residential", "name": null}, "geometry": {"type": "LineString", "coordinates": [[121.5622954, 24.9961565], [121.562198, 24.9954322], [121.5620129, 24.994788], [121.5618053, 24.9940514]]}}, {"type": "Feature", "properties": {"county": "台北市", "district": "文山區", "highway": "residential", "name": "興隆路三段181巷"}, "geometry": {"type": "LineString", "coordinates": [[121.5600556, 24.9960797], [121.5601331, 24.9961285], [121.5603049, 24.9962116], [121.5605013, 24.9963129], [121.5607607, 24.9963793], [121.5610304, 24.9964337], [121.5611243, 24.9964652], [121.561179, 24.9964794]]}}, {"type": "Feature", "properties": {"county": "台北市", "district": "文山區", "highway": "residential", "name": "長春路"}, "geometry": {"type": "LineString", "coordinates": [[121.5493943, 24.9562973], [121.5494569, 24.9564737], [121.5495634, 24.9566769], [121.5495403, 24.956806], [121.5495003, 24.9570529], [121.5495313, 24.9572238], [121.5496572, 24.9573199], [121.5499854, 24.9575176], [121.5501522, 24.9575401], [121.5504961, 24.9576138], [121.5509136, 24.9579601], [121.5512207, 24.9581418], [121.5512213, 24.9583793], [121.5513546, 24.9585988], [121.5514289, 24.9587903], [121.5515899, 24.9591163], [121.5518623, 24.9594905], [121.5520697, 24.9596813], [121.5522024, 24.9598019], [121.5524441, 24.9599366], [121.552841, 24.9601452], [121.5529962, 24.9602938], [121.5531187, 24.9603937], [121.5532879, 24.9605078], [121.5533573, 24.9605695], [121.5535174, 24.9605864], [121.5536576, 24.9605849], [121.5538387, 24.9606913], [121.5539751, 24.9608754], [121.5540368, 24.9610627], [121.5541186, 24.9612437], [121.5542549, 24.9614231], [121.5543413, 24.9614811], [121.5544517, 24.9615333], [121.5545736, 24.9615385], [121.5548069, 24.9615264], [121.5548695, 24.9615544], [121.5549982, 24.9616571], [121.5552251, 24.9617856], [121.555362, 24.9618785], [121.5556069, 24.9619447], [121.5558437, 24.961884], [121.5558808, 24.9618635], [121.5559179, 24.9618429], [121.5559796, 24.9618011], [121.5560413, 24.9617592], [121.5563687, 24.961612], [121.5568549, 24.9614645], [121.5572398, 24.9613442], [121.5573122, 24.9613466], [121.5575883, 24.9614505], [121.5578215, 24.9616244], [121.5579517, 24.9616901], [121.5582895, 24.9618196], [121.558624, 24.9619424], [121.5588621, 24.9620255], [121.5589721, 24.9620267], [121.5591171, 24.9619904], [121.5593478, 24.9619515], [121.5595192, 24.9620079]]}}, {"type": "Feature", "properties": {"county": "台北市", "district": "文山區", "highway": "unclassified", "name": "老泉街45巷"}, "geometry": {"type": "LineString", "coordinates": [[121.5715204, 24.9769694], [121.5716192, 24.9765216], [121.5716092, 24.9762298], [121.5714486, 24.9757073]]}}, {"type": "Feature", "properties": {"county": "台北市", "district": "文山區", "highway": "unclassified", "name": "老泉街45巷"}, "geometry": {"type": "LineString", "coordinates": [[121.5714558, 24.9770832], [121.5714976, 24.9770198], [121.5715204, 24.9769694]]}}, {"type": "Feature", "properties": {"county": "台北市", "district": "文山區", "highway": "residential", "name": null}, "geometry": {"type": "LineString", "coordinates": [[121.5363803, 24.9713627], [121.5366182, 24.9716875], [121.5366164, 24.9717271]]}}, {"type": "Feature", "properties": {"county": "台北市", "district": "文山區", "highway": "residential", "name": null}, "geometry": {"type": "LineString", "coordinates": [[121.5427048, 24.9917549], [121.5419176, 24.9919568], [121.5419961, 24.9924309], [121.5423969, 24.9924721], [121.5424383, 24.9924763]]}}, {"type": "Feature", "properties": {"county": "台北市", "district": "文山區", "highway": "residential", "name": "景興路202巷"}, "geometry": {"type": "LineString", "coordinates": [[121.5437464, 24.9916336], [121.5437151, 24.9916502], [121.5433264, 24.9918551], [121.5429804, 24.9920375], [121.5428972, 24.9920814]]}}, {"type": "Feature", "properties": {"county": "台北市", "district": "文山區", "highway": "residential", "name": null}, "geometry": {"type": "LineString", "coordinates": [[121.5411485, 24.9906069], [121.5409179, 24.9906443], [121.5408527, 24.9906534], [121.5407044, 24.990671]]}}, {"type": "Feature", "properties": {"county": "台北市", "district": "文山區", "highway": "primary", "name": "羅斯福路六段"}, "geometry": {"type": "LineString", "coordinates": [[121.539797, 24.9902082], [121.5398862, 24.9904069], [121.5399711, 24.9906242], [121.5400608, 24.9908713], [121.5401046, 24.9909921], [121.5401993, 24.9912295], [121.5402139, 24.9912656], [121.5402523, 24.9913623], [121.5403116, 24.9915041], [121.5403366, 24.9915735], [121.5403763, 24.9916707], [121.5405533, 24.9920723], [121.5405706, 24.9921105], [121.540599, 24.9921759], [121.5406223, 24.9922288], [121.5408296, 24.992698], [121.5409563, 24.9929771], [121.5409817, 24.993033], [121.5410242, 24.9931268]]}}, {"type": "Feature", "properties": {"county": "台北市", "district": "文山區", "highway": "trunk_link", "name": "環河路"}, "geometry": {"type": "LineString", "coordinates": [[121.5368039, 24.963483], [121.5368695, 24.9630895], [121.5369527, 24.9621243]]}}, {"type": "Feature", "properties": {"county": "台北市", "district": "文山區", "highway": "trunk_link", "name": "環河路"}, "geometry": {"type": "LineString", "coordinates": [[121.5379873, 24.9615005], [121.5384581, 24.9615778], [121.5385259, 24.9615807], [121.5386054, 24.9615574], [121.5386707, 24.9615171], [121.5387272, 24.9614381], [121.5387804, 24.9613441], [121.5388465, 24.9612751]]}}, {"type": "Feature", "properties": {"county": "台北市", "district": "文山區", "highway": "trunk_link", "name": "環河路"}, "geometry": {"type": "LineString", "coordinates": [[121.5369527, 24.9621243], [121.5369989, 24.9616918], [121.5370308, 24.961541], [121.537051, 24.9614836], [121.5371057, 24.961421], [121.5372311, 24.9613929], [121.5373597, 24.9613978], [121.5379873, 24.9615005]]}}, {"type": "Feature", "properties": {"county": "台北市", "district": "文山區", "highway": "trunk_link", "name": null}, "geometry": {"type": "LineString", "coordinates": [[121.5324707, 25.0087581], [121.5329511, 25.0089738], [121.5331484, 25.0090465], [121.5332871, 25.0090828], [121.5334125, 25.0091135]]}}, {"type": "Feature", "properties": {"county": "台北市", "district": "文山區", "highway": "tertiary", "name": "基隆路四段41巷68弄"}, "geometry": {"type": "LineString", "coordinates": [[121.5441761, 25.0117452], [121.5441457, 25.0117806], [121.5437859, 25.0122188], [121.5434253, 25.012624], [121.5432795, 25.0128005], [121.5432493, 25.0128371]]}}, {"type": "Feature", "properties": {"county": "台北市", "district": "文山區", "highway": "residential", "name": "力行路"}, "geometry": {"type": "LineString", "coordinates": [[121.5393031, 24.964609], [121.539203, 24.9646122], [121.5390577, 24.9647626], [121.5389033, 24.9650206], [121.538841, 24.9651213], [121.538788, 24.9652361], [121.5386883, 24.9654624], [121.5386683, 24.965661], [121.5386697, 24.9657422], [121.5386981, 24.9659976], [121.5386864, 24.9661468], [121.5386331, 24.9662616], [121.538583, 24.9663939], [121.5385132, 24.9664398], [121.5383815, 24.9665275], [121.5382368, 24.966578], [121.5381461, 24.9666232], [121.5381279, 24.9666485], [121.5381106, 24.9666926], [121.538089, 24.9667133], [121.5380105, 24.9667665], [121.5371826, 24.9669464], [121.5370638, 24.9670181]]}}, {"type": "Feature", "properties": {"county": "台北市", "district": "文山區", "highway": "residential", "name": "力行路"}, "geometry": {"type": "LineString", "coordinates": [[121.5393938, 24.9646105], [121.5393031, 24.964609]]}}, {"type": "Feature", "properties": {"county": "台北市", "district": "文山區", "highway": "secondary", "name": "福和橋"}, "geometry": {"type": "LineString", "coordinates": [[121.5320233, 25.0085575], [121.5322616, 25.0087298], [121.5324349, 25.0088239], [121.5327765, 25.0090155], [121.5341283, 25.0097788], [121.5353483, 25.0105126]]}}, {"type": "Feature", "properties": {"county": "台北市", "district": "文山區", "highway": "trunk_link", "name": null}, "geometry": {"type": "LineString", "coordinates": [[121.5334125, 25.0091135], [121.5335217, 25.0091133], [121.5336853, 25.0090817], [121.5337809, 25.0090477], [121.5338416, 25.0089896], [121.5338969, 25.0089262], [121.5339459, 25.0088676], [121.5339743, 25.0088005], [121.5339768, 25.0087276], [121.5339454, 25.0085615], [121.5339031, 25.0084636], [121.5338673, 25.0083957], [121.5337683, 25.008305], [121.5336617, 25.0082562], [121.5335123, 25.0082067], [121.5333307, 25.0082191], [121.5331863, 25.0082795], [121.533075, 25.0083622], [121.5328171, 25.0086325]]}}, {"type": "Feature", "properties": {"county": "台北市", "district": "文山區", "highway": "residential", "name": "汀州路三段230巷"}, "geometry": {"type": "LineString", "coordinates": [[121.5359398, 25.0115528], [121.5358714, 25.0115186], [121.5357961, 25.0114783], [121.5357291, 25.0114127], [121.5357157, 25.0113495], [121.535718, 25.0112249], [121.5357129, 25.0111775], [121.5356882, 25.0111097], [121.5356165, 25.011042]]}}, {"type": "Feature", "properties": {"county": "台北市", "district": "文山區", "highway": "secondary", "name": "基隆路四段"}, "geometry": {"type": "LineString", "coordinates": [[121.536986, 25.0112377], [121.5367716, 25.0111748], [121.5366881, 25.0111492], [121.5365416, 25.011114], [121.53637, 25.0110741], [121.5362419, 25.0110477]]}}, {"type": "Feature", "properties": {"county": "台北市", "district": "文山區", "highway": "trunk_link", "name": null}, "geometry": {"type": "LineString", "coordinates": [[121.538582, 25.0123238], [121.538149, 25.0119734], [121.5373485, 25.0113466], [121.5372227, 25.0112642], [121.5371762, 25.0112424], [121.537118, 25.011218]]}}, {"type": "Feature", "properties": {"county": "台北市", "district": "文山區", "highway": "secondary", "name": "基隆路四段"}, "geometry": {"type": "LineString", "coordinates": [[121.5362231, 25.0109121], [121.5362748, 25.0109262], [121.5363241, 25.0109372], [121.5364187, 25.0109561]]}}, {"type": "Feature", "properties": {"county": "台北市", "district": "文山區", "highway": "tertiary", "name": "羅斯福路四段113巷"}, "geometry": {"type": "LineString", "coordinates": [[121.5378896, 25.0112795], [121.5376469, 25.0112777], [121.5375982, 25.011295], [121.5375349, 25.0113495]]}}, {"type": "Feature", "properties": {"county": "台北市", "district": "文山區", "highway": "trunk_link", "name": null}, "geometry": {"type": "LineString", "coordinates": [[121.5339768, 25.0087276], [121.5339773, 25.008585]]}}, {"type": "Feature", "properties": {"county": "台北市", "district": "文山區", "highway": "secondary", "name": "福和橋"}, "geometry": {"type": "LineString", "coordinates": [[121.5352534, 25.01064], [121.5349818, 25.0104814], [121.534542, 25.0101726], [121.5340908, 25.0098553]]}}, {"type": "Feature", "properties": {"county": "台北市", "district": "文山區", "highway": "residential", "name": "基隆路三段155巷"}, "geometry": {"type": "LineString", "coordinates": [[121.5460765, 25.0113558], [121.5461867, 25.0113724], [121.5467132, 25.0115008], [121.5468813, 25.0115208], [121.5470319, 25.0116113], [121.5471398, 25.0117277], [121.5472138, 25.0118075], [121.5473017, 25.011875], [121.5473481, 25.0118992], [121.547638, 25.0120503], [121.5477439, 25.0121239], [121.5478096, 25.0122085], [121.5478222, 25.0123123], [121.5478262, 25.0124569]]}}, {"type": "Feature", "properties": {"county": "台北市", "district": "文山區", "highway": "residential", "name": "長興街"}, "geometry": {"type": "LineString", "coordinates": [[121.5474825, 25.0149851], [121.5474136, 25.0150386], [121.5471784, 25.0152063], [121.5471253, 25.0152517], [121.5469777, 25.0153501], [121.5460906, 25.0159788], [121.5457618, 25.016212], [121.5453977, 25.0164735], [121.5453474, 25.0165096], [121.5445199, 25.0171048], [121.5444616, 25.017143], [121.54435, 25.017217], [121.544217, 25.0173035]]}}, {"type": "Feature", "properties": {"county": "台北市", "district": "文山區", "highway": "motorway", "name": "福爾摩沙高速公路"}, "geometry": {"type": "LineString", "coordinates": [[121.5954374, 25.0047355], [121.5952656, 25.0039249]]}}, {"type": "Feature", "properties": {"county": "台北市", "district": "文山區", "highway": "motorway", "name": "台北聯絡線"}, "geometry": {"type": "LineString", "coordinates": [[121.5919102, 25.0024614], [121.5913199, 25.0025706], [121.5900826, 25.0028939]]}}, {"type": "Feature", "properties": {"county": "台北市", "district": "文山區", "highway": "unclassified", "name": "北新路一段88巷"}, "geometry": {"type": "LineString", "coordinates": [[121.5416101, 24.9678556], [121.5416889, 24.9678084], [121.5431059, 24.9671522]]}}, {"type": "Feature", "properties": {"county": "台北市", "district": "文山區", "highway": "residential", "name": "育英街"}, "geometry": {"type": "LineString", "coordinates": [[121.5387412, 24.9927539], [121.5385699, 24.992315], [121.5384072, 24.9918983], [121.5383972, 24.9918726], [121.5383668, 24.9917888], [121.5382898, 24.9916073], [121.5382672, 24.9915397], [121.5383137, 24.9914795], [121.5384142, 24.991446], [121.5386678, 24.9911388], [121.5388789, 24.9909887], [121.539074, 24.9908549], [121.5392808, 24.990696], [121.5394307, 24.9905744], [121.5395358, 24.9904693], [121.5396523, 24.990425], [121.5397277, 24.9903994]]}}, {"type": "Feature", "properties": {"county": "台北市", "district": "文山區", "highway": "residential", "name": "汀州路四段"}, "geometry": {"type": "LineString", "coordinates": [[121.5373199, 25.0075774], [121.5373547, 25.0076083], [121.5373635, 25.0076213], [121.5373878, 25.0077249], [121.5373453, 25.0078969]]}}, {"type": "Feature", "properties": {"county": "台北市", "district": "文山區", "highway": "residential", "name": null}, "geometry": {"type": "LineString", "coordinates": [[121.5373878, 25.0077249], [121.5374713, 25.0077198], [121.5375283, 25.0077192], [121.5376659, 25.0077353]]}}, {"type": "Feature", "properties": {"county": "台北市", "district": "文山區", "highway": "residential", "name": null}, "geometry": {"type": "LineString", "coordinates": [[121.5381377, 25.0079829], [121.5380638, 25.0079472], [121.5378865, 25.0079347]]}}, {"type": "Feature", "properties": {"county": "台北市", "district": "文山區", "highway": "secondary_link", "name": null}, "geometry": {"type": "LineString", "coordinates": [[121.5391184, 24.9620616], [121.5389993, 24.9619803], [121.5388761, 24.9619082], [121.5388086, 24.9618488]]}}, {"type": "Feature", "properties": {"county": "台北市", "district": "文山區", "highway": "primary", "name": "北新橋"}, "geometry": {"type": "LineString", "coordinates": [[121.5398223, 24.9873277], [121.539927, 24.9868842]]}}, {"type": "Feature", "properties": {"county": "台北市", "district": "文山區", "highway": "residential", "name": null}, "geometry": {"type": "LineString", "coordinates": [[121.5393923, 24.9616622], [121.5392333, 24.9617104], [121.5392135, 24.9617274], [121.5391806, 24.9617713]]}}, {"type": "Feature", "properties": {"county": "台北市", "district": "文山區", "highway": "residential", "name": "光明街138巷"}, "geometry": {"type": "LineString", "coordinates": [[121.5392583, 24.9613298], [121.5397148, 24.9612192], [121.5398522, 24.9611917], [121.5400827, 24.9611529], [121.540316, 24.9611004], [121.5403623, 24.9610905], [121.5403928, 24.961084], [121.540486, 24.961053]]}}, {"type": "Feature", "properties": {"county": "台北市", "district": "文山區", "highway": "motorway_link", "name": "新店交流道"}, "geometry": {"type": "LineString", "coordinates": [[121.5466957, 24.9723954], [121.5467833, 24.9722878], [121.546931, 24.9721415], [121.5470732, 24.9720374], [121.5473274, 24.9719118], [121.5473925, 24.9718824]]}}, {"type": "Feature", "properties": {"county": "台北市", "district": "文山區", "highway": "tertiary", "name": "中興路二段"}, "geometry": {"type": "LineString", "coordinates": [[121.5476453, 24.9718583], [121.5477757, 24.9720943], [121.548004, 24.9724963], [121.5482121, 24.9728654], [121.5482907, 24.9730951], [121.5483675, 24.9735324], [121.5483731, 24.9736263], [121.5483765, 24.9737078]]}}, {"type": "Feature", "properties": {"county": "台北市", "district": "文山區", "highway": "tertiary", "name": "中正路"}, "geometry": {"type": "LineString", "coordinates": [[121.5426358, 24.9708192], [121.5427381, 24.9707515], [121.542781, 24.9707231], [121.5432091, 24.970531], [121.5434988, 24.9704037], [121.5436985, 24.9703159], [121.5438918, 24.9702301], [121.5441321, 24.9701234], [121.5443686, 24.9700185], [121.5444617, 24.9699732], [121.5447219, 24.9698469], [121.5449441, 24.969739], [121.5457747, 24.9693357], [121.5458786, 24.9692853]]}}, {"type": "Feature", "properties": {"county": "台北市", "district": "文山區", "highway": "motorway", "name": "福爾摩沙高速公路"}, "geometry": {"type": "LineString", "coordinates": [[121.5935823, 24.9944981], [121.5937811, 24.9953905]]}}, {"type": "Feature", "properties": {"county": "台北市", "district": "文山區", "highway": "motorway_link", "name": null}, "geometry": {"type": "LineString", "coordinates": [[121.5939177, 25.0020974], [121.5939052, 25.0020033]]}}, {"type": "Feature", "properties": {"county": "台北市", "district": "文山區", "highway": "tertiary", "name": "中興路二段"}, "geometry": {"type": "LineString", "coordinates": [[121.5471489, 24.9714744], [121.5471197, 24.9714184], [121.5470976, 24.9713761], [121.5469294, 24.971076], [121.5468973, 24.9710205], [121.5467384, 24.970773], [121.5465065, 24.9704116], [121.5464225, 24.9702807], [121.5462945, 24.9700604], [121.5461086, 24.9696967], [121.5458786, 24.9692853]]}}, {"type": "Feature", "properties": {"county": "台北市", "district": "文山區", "highway": "motorway", "name": "福爾摩沙高速公路"}, "geometry": {"type": "LineString", "coordinates": [[121.5569384, 24.9756494], [121.5556448, 24.9748635], [121.5544049, 24.9740228], [121.5538784, 24.9736255], [121.5533046, 24.973106], [121.55246, 24.9722531]]}}, {"type": "Feature", "properties": {"county": "台北市", "district": "文山區", "highway": "motorway_link", "name": "木柵交流道"}, "geometry": {"type": "LineString", "coordinates": [[121.59418, 25.000795], [121.5942228, 25.0005529], [121.5942612, 25.000234]]}}, {"type": "Feature", "properties": {"county": "台北市", "district": "文山區", "highway": "primary", "name": "北新路一段"}, "geometry": {"type": "LineString", "coordinates": [[121.5380591, 24.9589435], [121.538044, 24.9590674], [121.5382, 24.9594387], [121.5387135, 24.9606576], [121.5391315, 24.9616466], [121.5391806, 24.9617713]]}}, {"type": "Feature", "properties": {"county": "台北市", "district": "文山區", "highway": "motorway", "name": "福爾摩沙高速公路"}, "geometry": {"type": "LineString", "coordinates": [[121.5558948, 24.9747691], [121.5566291, 24.9752243], [121.5573332, 24.975622], [121.5584377, 24.9761639], [121.5592728, 24.9765143], [121.5600986, 24.976785], [121.5607623, 24.9769688], [121.5614302, 24.9771131], [121.5618909, 24.9771914]]}}, {"type": "Feature", "properties": {"county": "台北市", "district": "文山區", "highway": "motorway", "name": "景美溪橋"}, "geometry": {"type": "LineString", "coordinates": [[121.5940992, 24.9988224], [121.5933847, 24.9954479]]}}, {"type": "Feature", "properties": {"county": "台北市", "district": "文山區", "highway": "tertiary", "name": "中正路"}, "geometry": {"type": "LineString", "coordinates": [[121.5399933, 24.972813], [121.5402717, 24.9726213], [121.5404353, 24.9725086], [121.540499, 24.9724647], [121.540659, 24.9723546], [121.5407999, 24.9722575], [121.5409261, 24.9721706], [121.5409965, 24.9721156], [121.5413489, 24.9718406], [121.5414554, 24.9717575], [121.5415253, 24.971703], [121.5416062, 24.9716399], [121.5416382, 24.9716135], [121.5417811, 24.9714961], [121.5419861, 24.9713275], [121.542067, 24.971261], [121.5421997, 24.9711519], [121.5423961, 24.9709903], [121.5424736, 24.9709266], [121.542527, 24.9708912]]}}, {"type": "Feature", "properties": {"county": "台北市", "district": "文山區", "highway": "motorway", "name": "台北聯絡線"}, "geometry": {"type": "LineString", "coordinates": [[121.5939177, 25.0020974], [121.5932746, 25.0021837], [121.5926309, 25.0022964], [121.5919102, 25.0024614]]}}, {"type": "Feature", "properties": {"county": "台北市", "district": "文山區", "highway": "tertiary", "name": "中興路三段"}, "geometry": {"type": "LineString", "coordinates": [[121.5449446, 24.9790291], [121.5456142, 24.9781098]]}}, {"type": "Feature", "properties": {"county": "台北市", "district": "文山區", "highway": "tertiary", "name": "中興路二段"}, "geometry": {"type": "LineString", "coordinates": [[121.5481408, 24.9742789], [121.5481759, 24.974107], [121.548223, 24.9738235], [121.5482261, 24.9737123], [121.5482222, 24.9736294], [121.5482178, 24.9735366], [121.548181, 24.9734968], [121.5481342, 24.9733357], [121.5480961, 24.9731612], [121.5479719, 24.9728734], [121.5477771, 24.9724822]]}}, {"type": "Feature", "properties": {"county": "台北市", "district": "文山區", "highway": "primary", "name": "北新路一段"}, "geometry": {"type": "LineString", "coordinates": [[121.5404936, 24.9652268], [121.5404609, 24.9651487], [121.5404496, 24.9651192], [121.5403226, 24.9648209], [121.5402573, 24.9646641], [121.5402297, 24.9645981], [121.5397743, 24.9635062], [121.5396644, 24.9632423], [121.5393789, 24.9625604]]}}, {"type": "Feature", "properties": {"county": "台北市", "district": "文山區", "highway": "primary", "name": "北新路三段"}, "geometry": {"type": "LineString", "coordinates": [[121.5410688, 24.9839837], [121.5411499, 24.983673], [121.5412061, 24.9834391], [121.5412781, 24.9830441], [121.5413004, 24.9829085]]}}, {"type": "Feature", "properties": {"county": "台北市", "district": "文山區", "highway": "tertiary", "name": "民族路"}, "geometry": {"type": "LineString", "coordinates": [[121.5423775, 24.9788824], [121.5422664, 24.9788713], [121.5420384, 24.9788484], [121.5416965, 24.9788141], [121.5405089, 24.978695], [121.5403372, 24.9786627], [121.54002, 24.978571], [121.539776, 24.9784421], [121.5394826, 24.978244]]}}, {"type": "Feature", "properties": {"county": "台北市", "district": "文山區", "highway": "primary", "name": "羅斯福路五段"}, "geometry": {"type": "LineString", "coordinates": [[121.5388085, 25.0021844], [121.5388434, 25.0021005], [121.538958, 25.0018144], [121.5390718, 25.0015131], [121.5394428, 25.0006251], [121.5394898, 25.0004905]]}}, {"type": "Feature", "properties": {"county": "台北市", "district": "文山區", "highway": "primary", "name": "羅斯福路五段"}, "geometry": {"type": "LineString", "coordinates": [[121.5386924, 25.0043458], [121.5386755, 25.0042527], [121.5386537, 25.0041326], [121.5386206, 25.0038834], [121.5385919, 25.0036493], [121.5385897, 25.0036026], [121.5385681, 25.0033163], [121.5385685, 25.0032345], [121.5386269, 25.0027945], [121.5387053, 25.0024962], [121.5387844, 25.0022477], [121.5388085, 25.0021844]]}}, {"type": "Feature", "properties": {"county": "台北市", "district": "文山區", "highway": "primary", "name": "羅斯福路六段"}, "geometry": {"type": "LineString", "coordinates": [[121.5410903, 24.995979], [121.5411089, 24.9958126], [121.5411135, 24.9957405], [121.5411295, 24.9953038], [121.5411336, 24.9951121], [121.5411311, 24.9950145], [121.5411296, 24.9949253], [121.5411252, 24.9948361], [121.5410852, 24.9942837], [121.5410752, 24.9941967], [121.5410632, 24.9941047], [121.5409699, 24.9936868], [121.5409081, 24.9934157], [121.5408667, 24.9932832], [121.5408566, 24.9932592], [121.5408432, 24.9932224]]}}, {"type": "Feature", "properties": {"county": "台北市", "district": "文山區", "highway": "primary", "name": "羅斯福路五段"}, "geometry": {"type": "LineString", "coordinates": [[121.5373271, 25.0097982], [121.5374002, 25.0095726], [121.5375128, 25.0092781], [121.5375874, 25.0090654], [121.5376845, 25.0088264], [121.5378352, 25.0085014], [121.5379352, 25.0083204], [121.5380451, 25.0081299], [121.5380726, 25.0080829], [121.5381377, 25.0079829]]}}, {"type": "Feature", "properties": {"county": "台北市", "district": "文山區", "highway": "tertiary", "name": "中興路三段"}, "geometry": {"type": "LineString", "coordinates": [[121.5434648, 24.9829748], [121.5433673, 24.9831927], [121.5433431, 24.9832381], [121.5431269, 24.9836438], [121.543061, 24.9837605], [121.542961, 24.9839432], [121.5428629, 24.9841226], [121.5427484, 24.9843624], [121.5427124, 24.9844427], [121.5423498, 24.9852692]]}}, {"type": "Feature", "properties": {"county": "台北市", "district": "文山區", "highway": "tertiary", "name": "中興路二段"}, "geometry": {"type": "LineString", "coordinates": [[121.5482806, 24.9743076], [121.5481275, 24.9747565]]}}, {"type": "Feature", "properties": {"county": "台北市", "district": "文山區", "highway": "primary", "name": "北新路三段"}, "geometry": {"type": "LineString", "coordinates": [[121.5413902, 24.9829079], [121.5413601, 24.9830475], [121.5412707, 24.9835758], [121.5412274, 24.9838319], [121.5411984, 24.9840019], [121.541183, 24.9840541]]}}, {"type": "Feature", "properties": {"county": "台北市", "district": "文山區", "highway": "primary", "name": "羅斯福路大客車專用道"}, "geometry": {"type": "LineString", "coordinates": [[121.5371642, 25.0110517], [121.5371541, 25.0110818]]}}, {"type": "Feature", "properties": {"county": "台北市", "district": "文山區", "highway": "trunk_link", "name": "水源快速道路"}, "geometry": {"type": "LineString", "coordinates": [[121.5366979, 24.9982166], [121.5360423, 24.9984917]]}}, {"type": "Feature", "properties": {"county": "台北市", "district": "文山區", "highway": "primary", "name": "羅斯福路大客車專用道"}, "geometry": {"type": "LineString", "coordinates": [[121.5370764, 25.0111952], [121.5371111, 25.0110721]]}}, {"type": "Feature", "properties": {"county": "台北市", "district": "文山區", "highway": "primary", "name": "羅斯福路大客車專用道"}, "geometry": {"type": "LineString", "coordinates": [[121.5370827, 25.0112831], [121.5369965, 25.0114795], [121.5367504, 25.0119377], [121.5365722, 25.0122582], [121.5363962, 25.0125497], [121.5362757, 25.0127451], [121.5360644, 25.0130467], [121.5358254, 25.0133494]]}}, {"type": "Feature", "properties": {"county": "台北市", "district": "文山區", "highway": "trunk_link", "name": "水源快速道路"}, "geometry": {"type": "LineString", "coordinates": [[121.5356566, 24.9972073], [121.535715, 24.9964317]]}}, {"type": "Feature", "properties": {"county": "台北市", "district": "文山區", "highway": "trunk_link", "name": "水源快速道路"}, "geometry": {"type": "LineString", "coordinates": [[121.5352996, 25.0003305], [121.5353822, 24.9996681], [121.5354051, 24.9991701], [121.5354808, 24.9986778], [121.5355667, 24.9981394], [121.5356566, 24.9972073]]}}, {"type": "Feature", "properties": {"county": "台北市", "district": "文山區", "highway": "residential", "name": "羅斯福路五段218巷"}, "geometry": {"type": "LineString", "coordinates": [[121.53552, 25.0020167], [121.5363632, 25.0020957], [121.5364243, 25.0020868]]}}, {"type": "Feature", "properties": {"county": "台北市", "district": "文山區", "highway": "primary", "name": "羅斯福路大客車專用道"}, "geometry": {"type": "LineString", "coordinates": [[121.5373792, 25.0098436], [121.5374078, 25.0097465], [121.5375651, 25.0093048], [121.5376758, 25.0090239], [121.5377261, 25.0089151], [121.5378709, 25.0086204], [121.5381633, 25.0081253], [121.5381988, 25.0080246], [121.5382536, 25.0078749], [121.5383156, 25.0077287]]}}, {"type": "Feature", "properties": {"county": "台北市", "district": "文山區", "highway": "primary", "name": "羅斯福路四段"}, "geometry": {"type": "LineString", "coordinates": [[121.5371612, 25.011331], [121.5370834, 25.0115166], [121.536927, 25.0117941], [121.536696, 25.0121992], [121.5365433, 25.0124668], [121.5364522, 25.0126151], [121.5363502, 25.0127701], [121.5362261, 25.0129475], [121.5361605, 25.013036], [121.5360836, 25.0131385]]}}, {"type": "Feature", "properties": {"county": "台北市", "district": "文山區", "highway": "primary", "name": "羅斯福路四段"}, "geometry": {"type": "LineString", "coordinates": [[121.5370544, 25.0110077], [121.5370968, 25.0107928], [121.5371395, 25.0105868], [121.5371519, 25.010525], [121.5372258, 25.0101607], [121.5373271, 25.0097982]]}}, {"type": "Feature", "properties": {"county": "台北市", "district": "文山區", "highway": "primary", "name": "羅斯福路四段"}, "geometry": {"type": "LineString", "coordinates": [[121.5376503, 25.0093469], [121.5375752, 25.0095702], [121.53752, 25.0097664], [121.5374677, 25.0099349], [121.5374429, 25.0100311], [121.5373519, 25.0104408], [121.5372885, 25.0108226], [121.5372316, 25.0110993]]}}, {"type": "Feature", "properties": {"county": "台北市", "district": "文山區", "highway": "residential", "name": "寶高便道"}, "geometry": {"type": "LineString", "coordinates": [[121.5483765, 24.9737078], [121.5482261, 24.9737123], [121.548116, 24.9737156], [121.5475274, 24.9737334], [121.5473201, 24.9736937], [121.5470829, 24.9736272], [121.5469332, 24.9735545], [121.5467641, 24.9734255], [121.5466386, 24.9732886], [121.5465507, 24.973126], [121.5465091, 24.9729762], [121.546495, 24.9728071], [121.5465032, 24.9726743], [121.5465457, 24.9725295], [121.5466305, 24.9723635], [121.5470526, 24.9718014], [121.5470736, 24.9717671], [121.5471177, 24.9716607], [121.5471334, 24.9715504], [121.5471197, 24.9714184]]}}, {"type": "Feature", "properties": {"county": "台北市", "district": "文山區", "highway": "tertiary", "name": "中正路"}, "geometry": {"type": "LineString", "coordinates": [[121.5355899, 24.9756843], [121.5357928, 24.9755403], [121.5361422, 24.9752923]]}}, {"type": "Feature", "properties": {"county": "台北市", "district": "文山區", "highway": "tertiary", "name": "中正路"}, "geometry": {"type": "LineString", "coordinates": [[121.5372339, 24.974622], [121.5375053, 24.974458], [121.5376629, 24.9743627], [121.5376958, 24.9743429], [121.5379186, 24.9742082], [121.5380732, 24.9741148], [121.5382253, 24.9740229], [121.538671, 24.9737237], [121.5391177, 24.973416], [121.5396025, 24.9730822], [121.5399933, 24.972813]]}}, {"type": "Feature", "properties": {"county": "台北市", "district": "文山區", "highway": "tertiary", "name": "中正路"}, "geometry": {"type": "LineString", "coordinates": [[121.5337654, 24.9827344], [121.5337731, 24.9825954], [121.5337946, 24.9822082], [121.5337997, 24.9821152], [121.5338116, 24.9819003], [121.5338889, 24.9805055], [121.5339237, 24.9798754], [121.5339455, 24.9794815], [121.5339608, 24.9792945], [121.5340018, 24.9787953]]}}, {"type": "Feature", "properties": {"county": "台北市", "district": "文山區", "highway": "secondary", "name": "木柵路三段"}, "geometry": {"type": "LineString", "coordinates": [[121.571024, 24.9912202], [121.5709371, 24.990768], [121.5709316, 24.9907393], [121.57093, 24.9907309]]}}, {"type": "Feature", "properties": {"county": "台北市", "district": "文山區", "highway": "residential", "name": "樟新街8巷"}, "geometry": {"type": "LineString", "coordinates": [[121.5550694, 24.9797029], [121.5545811, 24.9795773], [121.554125, 24.9794599], [121.5540607, 24.9794434]]}}, {"type": "Feature", "properties": {"county": "台北市", "district": "文山區", "highway": "residential", "name": "木新路三段45巷10弄"}, "geometry": {"type": "LineString", "coordinates": [[121.5589609, 24.9805361], [121.559148, 24.9805373], [121.5593532, 24.9805186], [121.5597824, 24.980425], [121.5603621, 24.9802637], [121.5608071, 24.980162], [121.5610543, 24.9801336], [121.5612371, 24.980136], [121.5614464, 24.9801642], [121.5618321, 24.9802894], [121.5619967, 24.9803643], [121.5626653, 24.98068], [121.5631959, 24.9809305], [121.5633144, 24.9809866], [121.5640683, 24.9813795], [121.5644628, 24.9815706]]}}, {"type": "Feature", "properties": {"county": "台北市", "district": "文山區", "highway": "residential", "name": "一壽街64巷"}, "geometry": {"type": "LineString", "coordinates": [[121.5563282, 24.9787545], [121.5567968, 24.9788114]]}}, {"type": "Feature", "properties": {"county": "台北市", "district": "文山區", "highway": "residential", "name": "木新路三段155巷"}, "geometry": {"type": "LineString", "coordinates": [[121.5611045, 24.9817906], [121.5612198, 24.9813494], [121.5612864, 24.9810798]]}}, {"type": "Feature", "properties": {"county": "台北市", "district": "文山區", "highway": "residential", "name": "一壽街"}, "geometry": {"type": "LineString", "coordinates": [[121.5563799, 24.9806097], [121.5564754, 24.9801837], [121.5565457, 24.9799148]]}}, {"type": "Feature", "properties": {"county": "台北市", "district": "文山區", "highway": "unclassified", "name": "老泉街"}, "geometry": {"type": "LineString", "coordinates": [[121.557522, 24.9762382], [121.557675, 24.9762101], [121.557731, 24.9762185], [121.557903, 24.9762891], [121.5580586, 24.9763088]]}}, {"type": "Feature", "properties": {"county": "台北市", "district": "文山區", "highway": "unclassified", "name": "環河路"}, "geometry": {"type": "LineString", "coordinates": [[121.5369954, 24.9630449], [121.5370346, 24.9632439], [121.53703, 24.9633872], [121.5370253, 24.9634788], [121.5370445, 24.964113], [121.5371367, 24.9663701], [121.5371449, 24.9665414], [121.5370803, 24.9666599]]}}, {"type": "Feature", "properties": {"county": "台北市", "district": "文山區", "highway": "residential", "name": "明德路"}, "geometry": {"type": "LineString", "coordinates": [[121.5409287, 24.9748428], [121.5411888, 24.9748534], [121.5412585, 24.9749483], [121.5412778, 24.9750216], [121.5413135, 24.975716], [121.5413446, 24.9759507], [121.5413557, 24.9760875], [121.5413932, 24.9764172], [121.541429, 24.9767372], [121.5414531, 24.9768238], [121.5415041, 24.9770071], [121.5415178, 24.9772307], [121.5415219, 24.9772974], [121.5414961, 24.9774933], [121.5414746, 24.977579], [121.5414415, 24.9777107], [121.5413985, 24.9779228], [121.5413533, 24.9781596], [121.5415182, 24.9783054], [121.5416302, 24.9783941], [121.5417015, 24.9785151], [121.5416965, 24.9788141], [121.5416489, 24.9790907], [121.5415268, 24.9794555], [121.5413459, 24.9797934], [121.5411903, 24.9799441], [121.5409009, 24.9801943]]}}, {"type": "Feature", "properties": {"county": "台北市", "district": "文山區", "highway": "residential", "name": "文化街"}, "geometry": {"type": "LineString", "coordinates": [[121.6156091, 25.0018276], [121.6161404, 25.0018543], [121.6162705, 25.0018607], [121.6168979, 25.0018983], [121.6170133, 25.0019058], [121.6177721, 25.0019687], [121.6180805, 25.0019667]]}}, {"type": "Feature", "properties": {"county": "台北市", "district": "文山區", "highway": "residential", "name": "文化街"}, "geometry": {"type": "LineString", "coordinates": [[121.6180805, 25.0019667], [121.6183355, 25.0018559], [121.6189744, 25.001661], [121.619011, 25.0016498], [121.6194644, 25.001499], [121.6195176, 25.0014899], [121.620166, 25.0013426], [121.6204479, 25.0012949], [121.6205345, 25.0012829], [121.6205765, 25.0012824], [121.620612, 25.0012869], [121.620725, 25.0013182], [121.6208009, 25.0013251], [121.6209753, 25.0013312], [121.6211097, 25.0012964]]}}, {"type": "Feature", "properties": {"county": "台北市", "district": "文山區", "highway": "residential", "name": "平埔街"}, "geometry": {"type": "LineString", "coordinates": [[121.61539, 25.0026707], [121.6156202, 25.0021812], [121.6156146, 25.0020444]]}}, {"type": "Feature", "properties": {"county": "台北市", "district": "文山區", "highway": "tertiary", "name": "中正路"}, "geometry": {"type": "LineString", "coordinates": [[121.542527, 24.9708912], [121.5426358, 24.9708192]]}}, {"type": "Feature", "properties": {"county": "台北市", "district": "文山區", "highway": "primary", "name": "北新路一段"}, "geometry": {"type": "LineString", "coordinates": [[121.5409454, 24.96596], [121.5410997, 24.9663974], [121.5411789, 24.9666212], [121.5412679, 24.9668898], [121.5413511, 24.9671076], [121.5413755, 24.9671757]]}}, {"type": "Feature", "properties": {"county": "台北市", "district": "文山區", "highway": "primary", "name": "北新路一段"}, "geometry": {"type": "LineString", "coordinates": [[121.5426358, 24.9708192], [121.5426704, 24.970944], [121.5427187, 24.9711064], [121.5428673, 24.9715945], [121.5429073, 24.9717906], [121.5429448, 24.9719744], [121.5429892, 24.9722617], [121.5429851, 24.9724339], [121.5429806, 24.9728719], [121.5429803, 24.9730315], [121.5429769, 24.9732672], [121.5429744, 24.9734417]]}}, {"type": "Feature", "properties": {"county": "台北市", "district": "文山區", "highway": "secondary", "name": "安康路一段"}, "geometry": {"type": "LineString", "coordinates": [[121.5306379, 24.9610101], [121.5308003, 24.9609941], [121.5309806, 24.9609784], [121.5312226, 24.9609262], [121.5314525, 24.9608355], [121.5316835, 24.9607405]]}}, {"type": "Feature", "properties": {"county": "台北市", "district": "文山區", "highway": "secondary", "name": "復興路"}, "geometry": {"type": "LineString", "coordinates": [[121.5338832, 24.9880771], [121.5338097, 24.9881002]]}}, {"type": "Feature", "properties": {"county": "台北市", "district": "文山區", "highway": "secondary", "name": "復興路"}, "geometry": {"type": "LineString", "coordinates": [[121.5336911, 24.9880259], [121.5338764, 24.9879697]]}}, {"type": "Feature", "properties": {"county": "台北市", "district": "文山區", "highway": "unclassified", "name": "華城路"}, "geometry": {"type": "LineString", "coordinates": [[121.5306379, 24.9610101], [121.5306445, 24.9610776]]}}, {"type": "Feature", "properties": {"county": "台北市", "district": "文山區", "highway": "unclassified", "name": "華城路"}, "geometry": {"type": "LineString", "coordinates": [[121.5283945, 24.9544015], [121.5284385, 24.9546091], [121.5284186, 24.9552662], [121.5284273, 24.9554325], [121.5284218, 24.9555824], [121.5284164, 24.955748], [121.5284468, 24.9557914], [121.5285199, 24.9559018], [121.5287086, 24.9562152], [121.52884, 24.9564937], [121.5289031, 24.9566955], [121.5289714, 24.9568924], [121.5291404, 24.9575952], [121.5292517, 24.9582214], [121.5293416, 24.959036], [121.5294288, 24.9593643], [121.5295647, 24.9597409], [121.5296058, 24.9599175], [121.5296821, 24.960158], [121.5297186, 24.9602723], [121.5298042, 24.9603303], [121.5300974, 24.9604024], [121.5303615, 24.9605107], [121.5304907, 24.9605717], [121.5305723, 24.9606365], [121.5305968, 24.9607683], [121.5306263, 24.9608808], [121.5306379, 24.9610101]]}}, {"type": "Feature", "properties": {"county": "台北市", "district": "文山區", "highway": "secondary", "name": null}, "geometry": {"type": "LineString", "coordinates": [[121.5381094, 24.9616039], [121.5389409, 24.9617986], [121.5390591, 24.9617974], [121.5391806, 24.9617713]]}}, {"type": "Feature", "properties": {"county": "台北市", "district": "文山區", "highway": "primary", "name": "北新路一段"}, "geometry": {"type": "LineString", "coordinates": [[121.542527, 24.9708912], [121.5424733, 24.9707098], [121.5423201, 24.9702678], [121.5419982, 24.9693352], [121.541888, 24.9690226], [121.5416638, 24.9683745], [121.5415007, 24.9679013], [121.5414835, 24.9678545], [121.5414193, 24.9676678], [121.5413767, 24.9675422], [121.5413594, 24.9674929], [121.5412602, 24.9672097]]}}, {"type": "Feature", "properties": {"county": "台北市", "district": "文山區", "highway": "primary", "name": "北新路一段"}, "geometry": {"type": "LineString", "coordinates": [[121.5390814, 24.9618917], [121.5390591, 24.9617974], [121.5390185, 24.9616868], [121.5389098, 24.9614329], [121.5388465, 24.9612751]]}}, {"type": "Feature", "properties": {"county": "台北市", "district": "文山區", "highway": "secondary", "name": null}, "geometry": {"type": "LineString", "coordinates": [[121.5390814, 24.9618917], [121.5389725, 24.9618708], [121.5388874, 24.9618511], [121.5388086, 24.9618488]]}}, {"type": "Feature", "properties": {"county": "台北市", "district": "文山區", "highway": "unclassified", "name": "指南路三段38巷"}, "geometry": {"type": "LineString", "coordinates": [[121.5874682, 24.967216], [121.5873219, 24.9671586], [121.5871597, 24.9671051], [121.5869974, 24.9670759], [121.5869022, 24.9670625], [121.5868261, 24.9670003], [121.5867733, 24.966885], [121.5867037, 24.9667221], [121.5865575, 24.9665908], [121.5863724, 24.9664923], [121.586186, 24.966406], [121.5860506, 24.9664072], [121.5857006, 24.9663987], [121.5854238, 24.9663347], [121.5852498, 24.9662745], [121.5851388, 24.966173], [121.5850491, 24.9661084], [121.5848091, 24.966088], [121.5845139, 24.9660614], [121.5843447, 24.9659825], [121.5841656, 24.9659581], [121.5840297, 24.9659398], [121.583684, 24.9660221], [121.5835317, 24.9660373], [121.5833986, 24.9660452]]}}, {"type": "Feature", "properties": {"county": "台北市", "district": "文山區", "highway": "residential", "name": "景福街230巷"}, "geometry": {"type": "LineString", "coordinates": [[121.5391558, 24.9938134], [121.5390465, 24.9935341], [121.5389815, 24.9933681], [121.5389771, 24.9933568], [121.5389336, 24.9932486], [121.5388873, 24.9931272], [121.5388717, 24.9930873], [121.5388529, 24.9930393], [121.5387412, 24.9927539]]}}, {"type": "Feature", "properties": {"county": "台北市", "district": "文山區", "highway": "unclassified", "name": "景文街142巷"}, "geometry": {"type": "LineString", "coordinates": [[121.5408652, 24.9884078], [121.5407614, 24.9884123], [121.5402834, 24.9884347], [121.5398292, 24.9884673], [121.5397614, 24.9884906]]}}, {"type": "Feature", "properties": {"county": "台北市", "district": "文山區", "highway": "unclassified", "name": "景福街168巷"}, "geometry": {"type": "LineString", "coordinates": [[121.5370195, 24.9945576], [121.5372279, 24.9948122], [121.5372827, 24.9948805]]}}, {"type": "Feature", "properties": {"county": "台北市", "district": "文山區", "highway": "residential", "name": null}, "geometry": {"type": "LineString", "coordinates": [[121.5410841, 24.9975969], [121.5411392, 24.9976128], [121.5411474, 24.9976148], [121.5415194, 24.9974763], [121.5416436, 24.9973935]]}}, {"type": "Feature", "properties": {"county": "台北市", "district": "文山區", "highway": "residential", "name": "景興路96巷"}, "geometry": {"type": "LineString", "coordinates": [[121.5445576, 24.9947248], [121.5437829, 24.9947029], [121.54234, 24.9946223], [121.5422916, 24.9946235], [121.5419628, 24.9946217]]}}, {"type": "Feature", "properties": {"county": "台北市", "district": "文山區", "highway": "residential", "name": "景華街3巷"}, "geometry": {"type": "LineString", "coordinates": [[121.541424, 24.9959513], [121.5414297, 24.9959273], [121.5415863, 24.9950075], [121.5415924, 24.9949448]]}}, {"type": "Feature", "properties": {"county": "台北市", "district": "文山區", "highway": "residential", "name": "興隆路一段181巷"}, "geometry": {"type": "LineString", "coordinates": [[121.542929, 25.0009617], [121.5429754, 25.0009955], [121.5431418, 25.0011192], [121.5432609, 25.0012086], [121.5434155, 25.0013168]]}}, {"type": "Feature", "properties": {"county": "台北市", "district": "文山區", "highway": "unclassified", "name": null}, "geometry": {"type": "LineString", "coordinates": [[121.5760134, 24.9880001], [121.5760358, 24.9879436], [121.576128, 24.9877113], [121.5761141, 24.987646], [121.5760853, 24.9875935]]}}, {"type": "Feature", "properties": {"county": "台北市", "district": "文山區", "highway": "tertiary_link", "name": null}, "geometry": {"type": "LineString", "coordinates": [[121.5665266, 25.0019665], [121.5666135, 25.0019829], [121.566678, 25.001985], [121.5667237, 25.0019772], [121.5668025, 25.0019451], [121.5669736, 25.0018427]]}}, {"type": "Feature", "properties": {"county": "台北市", "district": "文山區", "highway": "tertiary_link", "name": null}, "geometry": {"type": "LineString", "coordinates": [[121.56705, 25.0017723], [121.5670017, 25.0018664], [121.5669848, 25.0019381], [121.5669829, 25.0019923], [121.5669916, 25.0020434], [121.5670108, 25.0020988], [121.5670562, 25.0022058]]}}, {"type": "Feature", "properties": {"county": "台北市", "district": "文山區", "highway": "residential", "name": "萬安街"}, "geometry": {"type": "LineString", "coordinates": [[121.5705177, 25.0016585], [121.5709319, 25.0016408], [121.5710293, 25.001632], [121.5711112, 25.0016182], [121.5712229, 25.0015884], [121.5713137, 25.0015519], [121.5713968, 25.0015102], [121.5715149, 25.0014296], [121.5716172, 25.0013332], [121.5716908, 25.0012438], [121.5717637, 25.0011475], [121.571833, 25.0010514], [121.571892, 25.0009617], [121.5719453, 25.0008551], [121.5720016, 25.0006954], [121.5720288, 25.0005572], [121.5720383, 25.0004379], [121.5720385, 25.0003437], [121.5720285, 25.0002277], [121.5720183, 25.0001512], [121.5719992, 25.0000766], [121.5719607, 24.9999792], [121.5719079, 24.9998952], [121.5718423, 24.9998106], [121.5717607, 24.9997311], [121.5716574, 24.9996595], [121.5715428, 24.9996008], [121.5714252, 24.9995641], [121.5710943, 24.999489], [121.571017, 24.9997308], [121.5709741, 24.9998591], [121.5709265, 24.99999], [121.5708386, 25.0001951], [121.5707675, 25.0003489], [121.5706748, 25.0005612], [121.5706368, 25.0006602], [121.5705982, 25.0007654], [121.5705017, 25.0010619], [121.5705136, 25.0012883], [121.5705168, 25.0015714], [121.5705177, 25.0016585], [121.5705196, 25.0018286]]}}, {"type": "Feature", "properties": {"county": "台北市", "district": "文山區", "highway": "residential", "name": "興隆路一段137巷"}, "geometry": {"type": "LineString", "coordinates": [[121.5420416, 25.0020028], [121.5420687, 25.0020199], [121.5420881, 25.0020323], [121.5421763, 25.0020937], [121.542235, 25.0021359], [121.5425968, 25.0023866], [121.5429901, 25.0026478], [121.5432695, 25.0027603], [121.5433555, 25.0027866]]}}, {"type": "Feature", "properties": {"county": "台北市", "district": "文山區", "highway": "residential", "name": "興隆路二段123巷"}, "geometry": {"type": "LineString", "coordinates": [[121.5472818, 25.0006874], [121.5474333, 25.0004823], [121.5475688, 25.0002905], [121.5476085, 25.0002319], [121.5477027, 25.000104], [121.5478518, 24.9998991], [121.5478932, 24.9998457]]}}, {"type": "Feature", "properties": {"county": "台北市", "district": "文山區", "highway": "residential", "name": "興隆路一段229巷"}, "geometry": {"type": "LineString", "coordinates": [[121.5437733, 24.9999981], [121.5438177, 25.0000128], [121.5440182, 25.0000865], [121.5440872, 25.000113], [121.5442696, 25.0001856], [121.5444414, 25.0002532], [121.54463, 25.0003276]]}}, {"type": "Feature", "properties": {"county": "台北市", "district": "文山區", "highway": "residential", "name": "景豐街62巷"}, "geometry": {"type": "LineString", "coordinates": [[121.5460565, 25.0008646], [121.5457096, 25.000732]]}}, {"type": "Feature", "properties": {"county": "台北市", "district": "文山區", "highway": "residential", "name": "興隆路一段181巷"}, "geometry": {"type": "LineString", "coordinates": [[121.5431418, 25.0011192], [121.5429758, 25.0012982]]}}, {"type": "Feature", "properties": {"county": "台北市", "district": "文山區", "highway": "residential", "name": "景明街"}, "geometry": {"type": "LineString", "coordinates": [[121.5417147, 25.0018396], [121.5416981, 25.0017235], [121.5415645, 25.0015414]]}}, {"type": "Feature", "properties": {"county": "台北市", "district": "文山區", "highway": "residential", "name": "景明街"}, "geometry": {"type": "LineString", "coordinates": [[121.541414, 25.0017337], [121.5417147, 25.0018396], [121.5417286, 25.001849], [121.5419102, 25.0019195]]}}, {"type": "Feature", "properties": {"county": "台北市", "district": "文山區", "highway": "residential", "name": "景隆街"}, "geometry": {"type": "LineString", "coordinates": [[121.5399524, 24.9996862], [121.5400277, 24.9997172], [121.5400596, 24.9997286], [121.5402102, 24.9997771], [121.5402957, 24.9998124], [121.540799, 24.999974], [121.5408633, 24.9999759], [121.5409976, 24.9999378], [121.5413422, 24.9997987], [121.54189, 24.9995727], [121.5427874, 24.9992008], [121.5428392, 24.9991797], [121.5429033, 24.9991516], [121.5432557, 24.9989975], [121.5432977, 24.9989791], [121.5433551, 24.9989421]]}}, {"type": "Feature", "properties": {"county": "台北市", "district": "文山區", "highway": "residential", "name": "興隆路一段184巷2弄"}, "geometry": {"type": "LineString", "coordinates": [[121.5420764, 25.0014499], [121.5426301, 25.0008011]]}}, {"type": "Feature", "properties": {"county": "台北市", "district": "文山區", "highway": "residential", "name": "景明街11巷6弄"}, "geometry": {"type": "LineString", "coordinates": [[121.5414089, 25.0007471], [121.5417097, 25.0011455], [121.5418046, 25.0012715]]}}, {"type": "Feature", "properties": {"county": "台北市", "district": "文山區", "highway": "residential", "name": "景隆街19巷"}, "geometry": {"type": "LineString", "coordinates": [[121.5408633, 24.9999759], [121.5408859, 25.0000293], [121.5413402, 25.0007046]]}}, {"type": "Feature", "properties": {"county": "台北市", "district": "文山區", "highway": "residential", "name": "興隆路一段184巷"}, "geometry": {"type": "LineString", "coordinates": [[121.54189, 24.9995727], [121.5419341, 24.9996524], [121.5420205, 24.9997953], [121.5421133, 24.9999509], [121.542213, 25.0001185], [121.5422694, 25.0002216]]}}, {"type": "Feature", "properties": {"county": "台北市", "district": "文山區", "highway": "residential", "name": "景隆街"}, "geometry": {"type": "LineString", "coordinates": [[121.5396566, 25.0004733], [121.5397257, 25.0004603], [121.5397549, 25.0004541], [121.5398946, 25.0004626]]}}, {"type": "Feature", "properties": {"county": "台北市", "district": "文山區", "highway": "residential", "name": "興隆路一段70巷"}, "geometry": {"type": "LineString", "coordinates": [[121.5402617, 25.0028805], [121.540261, 25.0027517], [121.5402628, 25.0026776], [121.540272, 25.0025084], [121.5401634, 25.0022209], [121.540075, 25.0020142], [121.5400339, 25.0019239], [121.5399158, 25.0016704]]}}, {"type": "Feature", "properties": {"county": "台北市", "district": "文山區", "highway": "residential", "name": "景明街14巷"}, "geometry": {"type": "LineString", "coordinates": [[121.5407818, 25.0018126], [121.541209, 25.0020348]]}}, {"type": "Feature", "properties": {"county": "台北市", "district": "文山區", "highway": "residential", "name": "景明街14巷"}, "geometry": {"type": "LineString", "coordinates": [[121.541414, 25.0017337], [121.5413068, 25.0018844], [121.541209, 25.0020348]]}}, {"type": "Feature", "properties": {"county": "台北市", "district": "文山區", "highway": "residential", "name": "興隆路一段102巷"}, "geometry": {"type": "LineString", "coordinates": [[121.5413433, 25.0029224], [121.541293, 25.0028915], [121.5408408, 25.0026417], [121.5409003, 25.002542], [121.5410344, 25.0023288], [121.5412985, 25.0024571]]}}, {"type": "Feature", "properties": {"county": "台北市", "district": "文山區", "highway": "residential", "name": "興隆路一段70巷11弄"}, "geometry": {"type": "LineString", "coordinates": [[121.540075, 25.0020142], [121.5402165, 25.0019642], [121.5405994, 25.0021342]]}}, {"type": "Feature", "properties": {"county": "台北市", "district": "文山區", "highway": "residential", "name": "興隆路一段70巷11弄"}, "geometry": {"type": "LineString", "coordinates": [[121.5410344, 25.0023288], [121.5411686, 25.0021028], [121.541209, 25.0020348]]}}, {"type": "Feature", "properties": {"county": "台北市", "district": "文山區", "highway": "residential", "name": "興隆路一段70巷9弄"}, "geometry": {"type": "LineString", "coordinates": [[121.5404082, 25.0033027], [121.5405084, 25.003155], [121.5406032, 25.0030144], [121.5406717, 25.0029111], [121.5407581, 25.002782], [121.5408408, 25.0026417]]}}, {"type": "Feature", "properties": {"county": "台北市", "district": "文山區", "highway": "residential", "name": "羅斯福路五段211巷"}, "geometry": {"type": "LineString", "coordinates": [[121.5402093, 25.0029088], [121.539483, 25.0031906], [121.5392177, 25.0033104]]}}, {"type": "Feature", "properties": {"county": "台北市", "district": "文山區", "highway": "residential", "name": "羅斯福路五段211巷17弄"}, "geometry": {"type": "LineString", "coordinates": [[121.539483, 25.0031906], [121.5394701, 25.0030288], [121.5394923, 25.0027445], [121.539592, 25.0024511]]}}, {"type": "Feature", "properties": {"county": "台北市", "district": "文山區", "highway": "residential", "name": null}, "geometry": {"type": "LineString", "coordinates": [[121.5394701, 25.0030288], [121.5391014, 25.0029058]]}}, {"type": "Feature", "properties": {"county": "台北市", "district": "文山區", "highway": "residential", "name": null}, "geometry": {"type": "LineString", "coordinates": [[121.5397631, 25.0028324], [121.5394923, 25.0027445], [121.5391541, 25.0026155]]}}, {"type": "Feature", "properties": {"county": "台北市", "district": "文山區", "highway": "residential", "name": "景隆街1巷10弄"}, "geometry": {"type": "LineString", "coordinates": [[121.5401559, 25.0009805], [121.5402497, 25.0007519], [121.5403033, 25.0006229], [121.540311, 25.0006044], [121.5403317, 25.0005546]]}}, {"type": "Feature", "properties": {"county": "台北市", "district": "文山區", "highway": "residential", "name": "羅斯福路五段269巷"}, "geometry": {"type": "LineString", "coordinates": [[121.5398093, 25.0011504], [121.5400856, 25.0012509], [121.5404676, 25.0013897], [121.5405636, 25.0014246], [121.5408906, 25.0015154], [121.5409502, 25.001534], [121.5409818, 25.0015465], [121.541414, 25.0017337]]}}, {"type": "Feature", "properties": {"county": "台北市", "district": "文山區", "highway": "residential", "name": "景隆街1巷"}, "geometry": {"type": "LineString", "coordinates": [[121.5398946, 25.0004626], [121.5399534, 25.0005229], [121.5400994, 25.0008739], [121.5401559, 25.0009805], [121.5402494, 25.0010986], [121.5403337, 25.001205], [121.5404211, 25.0013154], [121.5404676, 25.0013897]]}}, {"type": "Feature", "properties": {"county": "台北市", "district": "文山區", "highway": "residential", "name": "景隆街1巷12弄"}, "geometry": {"type": "LineString", "coordinates": [[121.5403337, 25.001205], [121.5406041, 25.0010484]]}}, {"type": "Feature", "properties": {"county": "台北市", "district": "文山區", "highway": "residential", "name": "興隆路一段70巷11弄"}, "geometry": {"type": "LineString", "coordinates": [[121.5411402, 25.0011959], [121.5409697, 25.0015021], [121.5409502, 25.001534], [121.5409366, 25.0015573], [121.5408538, 25.0016842], [121.5407818, 25.0018126], [121.5407549, 25.0018548], [121.5405994, 25.0021342], [121.5402628, 25.0026776]]}}, {"type": "Feature", "properties": {"county": "台北市", "district": "文山區", "highway": "residential", "name": "景明街"}, "geometry": {"type": "LineString", "coordinates": [[121.5411402, 25.0011959], [121.5410309, 25.0010052], [121.5410095, 25.0009476], [121.5408721, 25.0007378], [121.5405024, 25.0001785], [121.5404795, 25.0001243]]}}, {"type": "Feature", "properties": {"county": "台北市", "district": "文山區", "highway": "residential", "name": "景明街11巷"}, "geometry": {"type": "LineString", "coordinates": [[121.5415645, 25.0015414], [121.5416989, 25.0013944], [121.5418046, 25.0012715]]}}, {"type": "Feature", "properties": {"county": "台北市", "district": "文山區", "highway": "residential", "name": "景明街"}, "geometry": {"type": "LineString", "coordinates": [[121.5415645, 25.0015414], [121.5413035, 25.0013723], [121.5411402, 25.0011959]]}}, {"type": "Feature", "properties": {"county": "台北市", "district": "文山區", "highway": "residential", "name": null}, "geometry": {"type": "LineString", "coordinates": [[121.5388085, 25.0021844], [121.5389399, 25.0022338]]}}, {"type": "Feature", "properties": {"county": "台北市", "district": "文山區", "highway": "residential", "name": "萬盛街"}, "geometry": {"type": "LineString", "coordinates": [[121.5409185, 25.0054251], [121.5409647, 25.0054296], [121.541187, 25.0054489], [121.5413945, 25.00547], [121.5414798, 25.0055114], [121.5415437, 25.0055372]]}}, {"type": "Feature", "properties": {"county": "台北市", "district": "文山區", "highway": "residential", "name": "萬盛街"}, "geometry": {"type": "LineString", "coordinates": [[121.5409185, 25.0054251], [121.5409232, 25.0055883], [121.5409251, 25.0056737], [121.540884, 25.0058243], [121.5407791, 25.005935], [121.5405463, 25.0061591], [121.5403565, 25.0064374], [121.5401906, 25.0065935], [121.5400248, 25.0067409], [121.53983, 25.0069103], [121.5396848, 25.0070282], [121.5394605, 25.0072036], [121.5392148, 25.007474], [121.5391067, 25.0075699], [121.5390224, 25.0076711], [121.5389962, 25.0077233], [121.5388743, 25.0079725], [121.5388325, 25.008037], [121.5387815, 25.008088], [121.538753, 25.008109], [121.5387178, 25.0081233], [121.5386588, 25.0081379], [121.538612, 25.0081397], [121.5384284, 25.0081279], [121.5383663, 25.0081228], [121.5382769, 25.0080799]]}}, {"type": "Feature", "properties": {"county": "台北市", "district": "文山區", "highway": "residential", "name": "景隆街"}, "geometry": {"type": "LineString", "coordinates": [[121.5394898, 25.0004905], [121.5396566, 25.0004733]]}}, {"type": "Feature", "properties": {"county": "台北市", "district": "文山區", "highway": "unclassified", "name": "新光路二段74巷"}, "geometry": {"type": "LineString", "coordinates": [[121.5940253, 24.9839872], [121.5940912, 24.9838542], [121.5941336, 24.9836876], [121.5942811, 24.9834803], [121.594348, 24.9831495], [121.5943667, 24.9830819], [121.5944249, 24.9829413], [121.5945924, 24.9827977], [121.5946876, 24.9826763], [121.594705, 24.9825498], [121.5946997, 24.9824429], [121.594692, 24.982376], [121.5946675, 24.9823006], [121.5945992, 24.9822605], [121.5944637, 24.9822544], [121.5943108, 24.982269], [121.5941888, 24.9822702], [121.5940547, 24.9822629], [121.5939849, 24.9821894]]}}, {"type": "Feature", "properties": {"county": "台北市", "district": "文山區", "highway": "primary", "name": "羅斯福路五段"}, "geometry": {"type": "LineString", "coordinates": [[121.5396566, 25.0004733], [121.5395916, 25.0006335], [121.5394392, 25.0010159], [121.5393695, 25.0011876], [121.5389813, 25.0021505], [121.5389399, 25.0022338]]}}, {"type": "Feature", "properties": {"county": "台北市", "district": "文山區", "highway": "primary", "name": "羅斯福路大客車專用道"}, "geometry": {"type": "LineString", "coordinates": [[121.538838, 25.0044111], [121.5388328, 25.0045943], [121.5389123, 25.0050496], [121.538982, 25.0054336], [121.5390135, 25.0056311], [121.5390269, 25.0059933], [121.5390149, 25.0061635], [121.5389746, 25.0065007], [121.5389311, 25.0066642], [121.5388224, 25.006976], [121.5384288, 25.0076876], [121.5383823, 25.0077653], [121.5383086, 25.0079018], [121.5382332, 25.0080501], [121.538192, 25.0081414], [121.53795, 25.0085687], [121.5378454, 25.0087565], [121.5376795, 25.0091059], [121.537595, 25.0093366], [121.5374476, 25.0097571], [121.5374113, 25.0098769]]}}, {"type": "Feature", "properties": {"county": "台北市", "district": "文山區", "highway": "primary", "name": "羅斯福路四段"}, "geometry": {"type": "LineString", "coordinates": [[121.5358941, 25.0133809], [121.5355465, 25.0137356], [121.5354218, 25.0138553], [121.5352779, 25.0140007], [121.5352244, 25.014051], [121.5351611, 25.0141091], [121.5350553, 25.0142098], [121.5349998, 25.0142579], [121.5349466, 25.014305], [121.5348806, 25.014366], [121.5340853, 25.0150952], [121.5338382, 25.0153235]]}}, {"type": "Feature", "properties": {"county": "台北市", "district": "文山區", "highway": "primary", "name": "羅斯福路大客車專用道"}, "geometry": {"type": "LineString", "coordinates": [[121.532699, 25.0162954], [121.5328638, 25.0161342], [121.5329182, 25.0160812], [121.5330905, 25.0159196], [121.5334104, 25.0156164], [121.5338677, 25.0151923], [121.5341447, 25.0149264], [121.5343673, 25.0147287], [121.5349232, 25.014192], [121.5351066, 25.0139746], [121.5353483, 25.0137455]]}}, {"type": "Feature", "properties": {"county": "台北市", "district": "文山區", "highway": "primary", "name": "羅斯福路四段"}, "geometry": {"type": "LineString", "coordinates": [[121.5360074, 25.0129568], [121.5362576, 25.01258], [121.5364656, 25.0122256], [121.5365581, 25.0120579], [121.5366486, 25.0118902], [121.5367129, 25.0117701], [121.5368001, 25.0116143], [121.5368374, 25.011543], [121.5368908, 25.0114307], [121.536986, 25.0112377]]}}, {"type": "Feature", "properties": {"county": "台北市", "district": "文山區", "highway": "primary", "name": "羅斯福路四段"}, "geometry": {"type": "LineString", "coordinates": [[121.5360836, 25.0131385], [121.5358941, 25.0133809]]}}, {"type": "Feature", "properties": {"county": "台北市", "district": "文山區", "highway": "secondary", "name": "興隆路三段"}, "geometry": {"type": "LineString", "coordinates": [[121.5579326, 24.99893], [121.5579779, 24.9988931], [121.5580386, 24.9988437], [121.5582849, 24.9986052], [121.55852, 24.9983467], [121.5587999, 24.9980489], [121.5588152, 24.9980326], [121.5589988, 24.9978835], [121.5591537, 24.9977632], [121.5591925, 24.9977331], [121.559373, 24.997593], [121.5595286, 24.9974338], [121.5596913, 24.9972035], [121.5597512, 24.9970837], [121.5598068, 24.9969081], [121.5598606, 24.9967668]]}}, {"type": "Feature", "properties": {"county": "台北市", "district": "文山區", "highway": "secondary", "name": "興隆路四段"}, "geometry": {"type": "LineString", "coordinates": [[121.5601871, 24.9887894], [121.5601483, 24.9888821], [121.5598338, 24.9895338], [121.5598183, 24.9895678], [121.5596467, 24.9899454], [121.5593951, 24.9904196], [121.5593543, 24.9904704], [121.5593084, 24.9905277], [121.5592664, 24.99058], [121.5589391, 24.9911051]]}}, {"type": "Feature", "properties": {"county": "台北市", "district": "文山區", "highway": "secondary", "name": "興隆路四段"}, "geometry": {"type": "LineString", "coordinates": [[121.5625862, 24.9821319], [121.5625583, 24.9822094], [121.5624239, 24.9825824], [121.5624119, 24.9826158], [121.5623934, 24.982667], [121.5622359, 24.9831044], [121.5622242, 24.9831367], [121.5621041, 24.98347], [121.562055, 24.9836065], [121.5619006, 24.984035], [121.5618864, 24.9840744], [121.5617704, 24.9843965], [121.5617513, 24.9844495], [121.5617294, 24.9845102]]}}, {"type": "Feature", "properties": {"county": "台北市", "district": "文山區", "highway": "secondary", "name": "興隆路一段"}, "geometry": {"type": "LineString", "coordinates": [[121.5386924, 25.0043458], [121.5388293, 25.0043267]]}}, {"type": "Feature", "properties": {"county": "台北市", "district": "文山區", "highway": "residential", "name": "興隆路一段83巷"}, "geometry": {"type": "LineString", "coordinates": [[121.5411644, 25.0031777], [121.5412573, 25.0032234], [121.541306, 25.0032498], [121.5414653, 25.0033318]]}}, {"type": "Feature", "properties": {"county": "台北市", "district": "文山區", "highway": "residential", "name": null}, "geometry": {"type": "LineString", "coordinates": [[121.5397614, 24.9884906], [121.5397572, 24.9885259], [121.5396885, 24.989007], [121.5396748, 24.9892248], [121.5396899, 24.9894434], [121.5397685, 24.9898338], [121.5397059, 24.9899677]]}}, {"type": "Feature", "properties": {"county": "台北市", "district": "文山區", "highway": "residential", "name": null}, "geometry": {"type": "LineString", "coordinates": [[121.5395955, 24.9899908], [121.5395119, 24.9899459], [121.5394962, 24.9899363], [121.5393742, 24.9893933], [121.5393657, 24.9891729], [121.5393997, 24.9888521], [121.5394385, 24.9885512], [121.5394656, 24.9885065]]}}, {"type": "Feature", "properties": {"county": "台北市", "district": "文山區", "highway": "secondary", "name": "興隆路三段"}, "geometry": {"type": "LineString", "coordinates": [[121.5589391, 24.9911051], [121.5589133, 24.9911879], [121.5587031, 24.9918636], [121.558679, 24.9920362], [121.5586816, 24.9922088], [121.5587219, 24.9924082], [121.5587944, 24.9926196], [121.5588096, 24.9926724]]}}, {"type": "Feature", "properties": {"county": "台北市", "district": "文山區", "highway": "secondary", "name": "興隆路二段"}, "geometry": {"type": "LineString", "coordinates": [[121.5545632, 25.0008881], [121.5544722, 25.0009143], [121.5539491, 25.0010963], [121.553851, 25.0011292], [121.5537483, 25.0011637], [121.5532387, 25.0013493], [121.553081, 25.0014063], [121.5527989, 25.0015081], [121.5527577, 25.001523], [121.5526805, 25.0015508], [121.5525284, 25.0016058], [121.5524722, 25.0016261], [121.5518667, 25.0018408], [121.5518265, 25.0018551], [121.551773, 25.0018682]]}}, {"type": "Feature", "properties": {"county": "台北市", "district": "文山區", "highway": "tertiary", "name": "新光路一段"}, "geometry": {"type": "LineString", "coordinates": [[121.5737246, 24.9925846], [121.5737189, 24.9924905], [121.5736597, 24.9918342], [121.5736577, 24.9917865], [121.5736685, 24.9916559]]}}, {"type": "Feature", "properties": {"county": "台北市", "district": "文山區", "highway": "tertiary", "name": "秀明路二段"}, "geometry": {"type": "LineString", "coordinates": [[121.5744696, 24.9917517], [121.5747294, 24.9918179], [121.5747966, 24.991835], [121.5748363, 24.9918451], [121.5749116, 24.9918643], [121.5749611, 24.9918749], [121.5750967, 24.9919038], [121.5752168, 24.9919193], [121.5753133, 24.9919255], [121.5754185, 24.9919243], [121.5755419, 24.9919158], [121.5756467, 24.9918998], [121.5757209, 24.9918842], [121.5757929, 24.9918652], [121.5759167, 24.9918204], [121.5760336, 24.991769], [121.5761917, 24.9916853], [121.5763304, 24.991598], [121.5764497, 24.9915131], [121.5765289, 24.9914424], [121.5765809, 24.9913866], [121.5766349, 24.9913153], [121.5766892, 24.9912293], [121.576728, 24.9911641], [121.5767711, 24.991058], [121.5768008, 24.9909613], [121.5768159, 24.9908963], [121.576828, 24.9908203], [121.5768321, 24.9907328], [121.5768326, 24.9906867], [121.5768327, 24.9906724], [121.5768332, 24.9906213]]}}, {"type": "Feature", "properties": {"county": "台北市", "district": "文山區", "highway": "residential", "name": "新光路一段"}, "geometry": {"type": "LineString", "coordinates": [[121.5736685, 24.9916559], [121.5736728, 24.9915378], [121.5736742, 24.9915016], [121.5736956, 24.9909168], [121.5736975, 24.9908656], [121.5736997, 24.9908063], [121.5737126, 24.990455], [121.5737203, 24.9902455], [121.5737223, 24.9901893], [121.5737236, 24.990155], [121.5737359, 24.9898178], [121.5737396, 24.9896864], [121.5737408, 24.9894859], [121.5737409, 24.9894519], [121.5737416, 24.9893353], [121.5737418, 24.9892518], [121.5737399, 24.989184], [121.5737384, 24.9891331], [121.5737357, 24.9890395], [121.5737343, 24.988991], [121.5737327, 24.9889414], [121.5737214, 24.988775], [121.5737163, 24.9887003], [121.5737007, 24.9884711], [121.5736859, 24.9882545], [121.5736821, 24.988199], [121.5736791, 24.9881549], [121.5736725, 24.9880528]]}}, {"type": "Feature", "properties": {"county": "台北市", "district": "文山區", "highway": "tertiary", "name": "新光路二段"}, "geometry": {"type": "LineString", "coordinates": [[121.58694, 24.9996212], [121.5877088, 24.9997916], [121.5880658, 24.9998658], [121.5881627, 24.9998655], [121.5882388, 24.9998451], [121.5883313, 24.9998064], [121.5884447, 24.9997335], [121.5902537, 24.9983589], [121.5912653, 24.9975901], [121.5913813, 24.99749], [121.5914695, 24.9974044], [121.5915999, 24.9972711], [121.5917536, 24.9970955], [121.5918364, 24.9970184], [121.5919913, 24.9968993], [121.5921792, 24.9967787], [121.5922855, 24.996717], [121.5924158, 24.9966443], [121.5925598, 24.9965882], [121.5926678, 24.9965517], [121.5928351, 24.9965074], [121.5929787, 24.9964765], [121.5930407, 24.9964632]]}}, {"type": "Feature", "properties": {"county": "台北市", "district": "文山區", "highway": "tertiary", "name": "新光路二段"}, "geometry": {"type": "LineString", "coordinates": [[121.5739035, 24.9945114], [121.5738269, 24.993753]]}}, {"type": "Feature", "properties": {"county": "台北市", "district": "文山區", "highway": "secondary", "name": "木新路二段"}, "geometry": {"type": "LineString", "coordinates": [[121.5706814, 24.9865791], [121.5706828, 24.9865041], [121.5706833, 24.986475], [121.5706914, 24.9860239], [121.5706229, 24.9857575], [121.5706023, 24.9856802], [121.5705867, 24.9856407], [121.570471, 24.9852075], [121.5704558, 24.985154], [121.570414, 24.9850981], [121.5702411, 24.9848469], [121.5702301, 24.9848328], [121.5700889, 24.9846506], [121.5698755, 24.9844576], [121.5698252, 24.9844121], [121.5697136, 24.9843404], [121.5695314, 24.9842279], [121.5694013, 24.9841713], [121.5692793, 24.98413]]}}, {"type": "Feature", "properties": {"county": "台北市", "district": "文山區", "highway": "tertiary", "name": "木柵路三段"}, "geometry": {"type": "LineString", "coordinates": [[121.5685143, 24.988906], [121.5684192, 24.9888884], [121.568381, 24.9888813], [121.5680278, 24.9888158], [121.5676673, 24.988749], [121.5675343, 24.9887244], [121.567502, 24.9887184], [121.5674487, 24.9887101], [121.5673726, 24.9887003], [121.5673008, 24.9886914], [121.5670096, 24.9886554], [121.5661443, 24.9885163], [121.5660708, 24.9885045], [121.5659332, 24.9884824], [121.565512, 24.9884147], [121.5654345, 24.9884023], [121.5653759, 24.9883929], [121.5652841, 24.988387]]}}, {"type": "Feature", "properties": {"county": "台北市", "district": "文山區", "highway": "tertiary", "name": "萬壽路"}, "geometry": {"type": "LineString", "coordinates": [[121.577585, 24.9887904], [121.5776291, 24.9888005], [121.5776672, 24.9888092], [121.5777852, 24.9888363], [121.5782244, 24.9889371], [121.5791604, 24.9891519], [121.5793026, 24.9891805], [121.5795232, 24.9892066], [121.5797254, 24.9892137], [121.5800046, 24.9892067], [121.5807704, 24.9891672], [121.5808676, 24.9891714], [121.5809629, 24.9891902], [121.5810788, 24.989237], [121.5811781, 24.9892966], [121.581351, 24.9894631], [121.5814246, 24.989503], [121.5820751, 24.989633], [121.5821555, 24.9896379], [121.5822255, 24.9896223], [121.5823904, 24.9895774], [121.5824776, 24.9895677], [121.5825525, 24.9895808], [121.5826104, 24.9896138], [121.5828263, 24.9898278], [121.5829806, 24.9898971], [121.5831549, 24.989936], [121.5833305, 24.9899469], [121.5836229, 24.9899688], [121.5837423, 24.9900089], [121.5839159, 24.9901214], [121.5840002, 24.9901673], [121.5840859, 24.9902025], [121.5842222, 24.9902286], [121.5844001, 24.990238], [121.5845058, 24.9902396], [121.584661, 24.9902375], [121.58477, 24.9902271], [121.5848679, 24.9902062], [121.5849571, 24.9901661], [121.5852213, 24.9899912], [121.5852857, 24.9899483], [121.58535, 24.9899268], [121.5854573, 24.9899268], [121.585812, 24.9899682], [121.5859019, 24.9899719], [121.5859934, 24.9899663], [121.5860776, 24.9899488], [121.5861709, 24.9899153], [121.5865872, 24.9897457], [121.5866392, 24.9897246], [121.5867181, 24.989699], [121.5868199, 24.9896659], [121.5869976, 24.9896178], [121.5871985, 24.9895675], [121.5873457, 24.9895307], [121.5875502, 24.9894796], [121.587646, 24.9894547], [121.5877011, 24.9894358], [121.5877489, 24.9894161], [121.5877955, 24.9893893], [121.5878431, 24.989355], [121.5878978, 24.9893074], [121.5879404, 24.9892595], [121.5879756, 24.9892127], [121.5880225, 24.9891331], [121.5880453, 24.989062], [121.5880581, 24.9890058], [121.5880628, 24.9889441], [121.5880584, 24.9889033], [121.5880363, 24.988852], [121.5880048, 24.988808], [121.5879632, 24.9887682], [121.5879144, 24.9887304], [121.5877171, 24.9885979], [121.5876564, 24.9885521], [121.5876022, 24.9885013], [121.5875679, 24.9884533], [121.5875464, 24.9884111], [121.5875374, 24.988365], [121.5875395, 24.988328], [121.5875501, 24.9882898], [121.5876227, 24.9880878], [121.5876532, 24.9880031]]}}, {"type": "Feature", "properties": {"county": "台北市", "district": "文山區", "highway": "tertiary", "name": "指南路二段"}, "geometry": {"type": "LineString", "coordinates": [[121.5756713, 24.9876748], [121.5756816, 24.9876728], [121.5757811, 24.9876535], [121.5758145, 24.987647], [121.5758892, 24.9876325], [121.5759606, 24.9876186], [121.5760853, 24.9875935]]}}, {"type": "Feature", "properties": {"county": "台北市", "district": "文山區", "highway": "primary", "name": "羅斯福路五段"}, "geometry": {"type": "LineString", "coordinates": [[121.5388293, 25.0043267], [121.538838, 25.0044111]]}}, {"type": "Feature", "properties": {"county": "台北市", "district": "文山區", "highway": "secondary", "name": "木柵路二段"}, "geometry": {"type": "LineString", "coordinates": [[121.5614615, 24.9887979], [121.5617811, 24.9888301], [121.5618945, 24.988842], [121.562912, 24.988973], [121.5630242, 24.988999], [121.5630653, 24.9890139], [121.5631004, 24.9890562]]}}, {"type": "Feature", "properties": {"county": "台北市", "district": "文山區", "highway": "secondary", "name": "木新路二段"}, "geometry": {"type": "LineString", "coordinates": [[121.5706602, 24.9877526], [121.5706618, 24.9876618], [121.5706626, 24.9876168], [121.5706731, 24.9870355], [121.570679, 24.9867126], [121.5706802, 24.9866438], [121.5706814, 24.9865791]]}}, {"type": "Feature", "properties": {"county": "台北市", "district": "文山區", "highway": "secondary", "name": "木柵路二段"}, "geometry": {"type": "LineString", "coordinates": [[121.5601368, 24.9887285], [121.5602089, 24.9887307]]}}, {"type": "Feature", "properties": {"county": "台北市", "district": "文山區", "highway": "secondary", "name": "木柵路二段"}, "geometry": {"type": "LineString", "coordinates": [[121.5601871, 24.9887894], [121.560103, 24.9887867]]}}, {"type": "Feature", "properties": {"county": "台北市", "district": "文山區", "highway": "tertiary", "name": "保儀路"}, "geometry": {"type": "LineString", "coordinates": [[121.5683437, 24.9868429], [121.5683951, 24.9869122], [121.5684838, 24.9870314], [121.5685751, 24.9871543], [121.5685857, 24.9874118], [121.5685915, 24.9875529], [121.568598, 24.9875939], [121.568602, 24.9876459]]}}, {"type": "Feature", "properties": {"county": "台北市", "district": "文山區", "highway": "tertiary", "name": "永安街22巷"}, "geometry": {"type": "LineString", "coordinates": [[121.5683437, 24.9868429], [121.568456, 24.9868369], [121.5685396, 24.9868323], [121.5691705, 24.9867982], [121.5692305, 24.9867925], [121.5695138, 24.9867658], [121.5695923, 24.986756], [121.5697968, 24.986729], [121.5700128, 24.9866972], [121.5701953, 24.986665], [121.5702717, 24.9866515], [121.5705527, 24.9866018], [121.5705884, 24.9865955], [121.5706814, 24.9865791]]}}, {"type": "Feature", "properties": {"county": "台北市", "district": "文山區", "highway": "secondary", "name": "木柵路二段"}, "geometry": {"type": "LineString", "coordinates": [[121.5611324, 24.9888259], [121.560658, 24.988791]]}}, {"type": "Feature", "properties": {"county": "台北市", "district": "文山區", "highway": "tertiary", "name": "景興路"}, "geometry": {"type": "LineString", "coordinates": [[121.5441234, 24.9924975], [121.5441766, 24.9925603], [121.5442086, 24.9926324], [121.5443262, 24.9928944], [121.5444892, 24.993301], [121.5446366, 24.9937162], [121.5446492, 24.9937723], [121.5446964, 24.9940228], [121.5447177, 24.9942287], [121.5447185, 24.994504], [121.5447185, 24.994818], [121.5447288, 24.9949752], [121.5447307, 24.9950522], [121.5447277, 24.9951313]]}}, {"type": "Feature", "properties": {"county": "台北市", "district": "文山區", "highway": "tertiary", "name": "景興路"}, "geometry": {"type": "LineString", "coordinates": [[121.5443795, 24.9986303], [121.5445095, 24.9984114], [121.5445995, 24.9980488], [121.544656, 24.9978167], [121.5446708, 24.9976961], [121.5446664, 24.9973406], [121.5446647, 24.997084], [121.5446646, 24.9970601], [121.5446635, 24.9969913]]}}, {"type": "Feature", "properties": {"county": "台北市", "district": "文山區", "highway": "residential", "name": "景興路153巷"}, "geometry": {"type": "LineString", "coordinates": [[121.5445487, 24.9937944], [121.5446492, 24.9937723], [121.5447052, 24.9937645], [121.544918, 24.99376], [121.5452098, 24.9937518], [121.5453527, 24.9937689], [121.5455025, 24.9937713], [121.5456302, 24.9937536], [121.5458552, 24.9937586], [121.5459301, 24.9937668], [121.5460557, 24.9938181], [121.5461817, 24.9939276], [121.5462166, 24.9940217], [121.5462369, 24.9941792], [121.5462471, 24.9942585], [121.5462634, 24.9944267], [121.5462729, 24.9948066]]}}, {"type": "Feature", "properties": {"county": "台北市", "district": "文山區", "highway": "residential", "name": "景興路177巷"}, "geometry": {"type": "LineString", "coordinates": [[121.5443262, 24.9928944], [121.544395, 24.9928767], [121.5445821, 24.992835], [121.5447032, 24.9928018], [121.544903, 24.9927575], [121.5449866, 24.9928982]]}}, {"type": "Feature", "properties": {"county": "台北市", "district": "文山區", "highway": "tertiary", "name": "景中街"}, "geometry": {"type": "LineString", "coordinates": [[121.5408432, 24.9932224], [121.5409817, 24.993033], [121.5410107, 24.9930206], [121.5410206, 24.9930163], [121.5411841, 24.992936], [121.5412404, 24.9929087], [121.5413057, 24.9928799]]}}, {"type": "Feature", "properties": {"county": "台北市", "district": "文山區", "highway": "tertiary_link", "name": null}, "geometry": {"type": "LineString", "coordinates": [[121.5446702, 24.9981115], [121.5447066, 24.9982948], [121.5447696, 24.9984198], [121.5447895, 24.9984455], [121.5449184, 24.9985942]]}}, {"type": "Feature", "properties": {"county": "台北市", "district": "文山區", "highway": "secondary_link", "name": null}, "geometry": {"type": "LineString", "coordinates": [[121.5441963, 24.998972], [121.544182, 24.99887], [121.5441439, 24.9988296], [121.5441119, 24.9988142], [121.5440823, 24.9987981], [121.5439386, 24.9987519]]}}, {"type": "Feature", "properties": {"county": "台北市", "district": "文山區", "highway": "residential", "name": "景隆街"}, "geometry": {"type": "LineString", "coordinates": [[121.543623, 24.9988403], [121.5437112, 24.9988156], [121.5439386, 24.9987519], [121.5441113, 24.9987036], [121.5441692, 24.9986874]]}}, {"type": "Feature", "properties": {"county": "台北市", "district": "文山區", "highway": "residential", "name": "景隆街36巷"}, "geometry": {"type": "LineString", "coordinates": [[121.543623, 24.9988403], [121.5436143, 24.9988127], [121.543598, 24.9987607], [121.543637, 24.9986708], [121.5438623, 24.9981512]]}}, {"type": "Feature", "properties": {"county": "台北市", "district": "文山區", "highway": "secondary", "name": "基隆路四段"}, "geometry": {"type": "LineString", "coordinates": [[121.5424786, 25.0158747], [121.5424171, 25.0158222], [121.5422416, 25.0156704], [121.5414886, 25.015019], [121.5414529, 25.0149881], [121.5405459, 25.0141773], [121.540391, 25.0140388], [121.5403242, 25.0139791], [121.5402683, 25.0139312], [121.5400972, 25.0137846]]}}, {"type": "Feature", "properties": {"county": "台北市", "district": "文山區", "highway": "secondary", "name": "木新路三段"}, "geometry": {"type": "LineString", "coordinates": [[121.5652966, 24.9827845], [121.5652359, 24.9827635], [121.5651809, 24.9827446], [121.5650427, 24.9827029], [121.5648879, 24.982662], [121.5647576, 24.982632], [121.5643508, 24.9825383], [121.564224, 24.9825091], [121.5635622, 24.9823567], [121.5634307, 24.9823264], [121.5628508, 24.9821928], [121.5627003, 24.9821581], [121.5626609, 24.9821491], [121.5625862, 24.9821319]]}}, {"type": "Feature", "properties": {"county": "台北市", "district": "文山區", "highway": "residential", "name": "福興路82巷1弄"}, "geometry": {"type": "LineString", "coordinates": [[121.5500506, 25.0059054], [121.5503392, 25.0060222], [121.5507828, 25.0062017]]}}, {"type": "Feature", "properties": {"county": "台北市", "district": "文山區", "highway": "residential", "name": "福興路82巷5弄"}, "geometry": {"type": "LineString", "coordinates": [[121.5513394, 25.0064812], [121.5512578, 25.0065475], [121.5509923, 25.0069219]]}}, {"type": "Feature", "properties": {"county": "台北市", "district": "文山區", "highway": "residential", "name": "福興路4巷7弄"}, "geometry": {"type": "LineString", "coordinates": [[121.5517023, 25.0031498], [121.5514375, 25.0033296], [121.5512259, 25.0034748], [121.5511121, 25.0035505], [121.5509264, 25.0036799], [121.5506805, 25.003848], [121.5505903, 25.0039027]]}}, {"type": "Feature", "properties": {"county": "台北市", "district": "文山區", "highway": "residential", "name": "福興路82巷3弄"}, "geometry": {"type": "LineString", "coordinates": [[121.5511747, 25.0062668], [121.5510089, 25.0063795], [121.5506981, 25.0068414]]}}, {"type": "Feature", "properties": {"county": "台北市", "district": "文山區", "highway": "residential", "name": "福興路78巷1弄"}, "geometry": {"type": "LineString", "coordinates": [[121.5507777, 25.0057233], [121.550935, 25.0051204], [121.551064, 25.0045056]]}}, {"type": "Feature", "properties": {"county": "台北市", "district": "文山區", "highway": "residential", "name": "福興路78巷1弄"}, "geometry": {"type": "LineString", "coordinates": [[121.550935, 25.0051204], [121.5513858, 25.005202], [121.5517478, 25.0052675]]}}, {"type": "Feature", "properties": {"county": "台北市", "district": "文山區", "highway": "residential", "name": "福興路78巷"}, "geometry": {"type": "LineString", "coordinates": [[121.549809, 25.0042579], [121.5498508, 25.0042661], [121.5504789, 25.0043901], [121.550667, 25.0044272], [121.551064, 25.0045056]]}}, {"type": "Feature", "properties": {"county": "台北市", "district": "文山區", "highway": "residential", "name": "福興路106巷"}, "geometry": {"type": "LineString", "coordinates": [[121.5497451, 25.0065401], [121.5495756, 25.0064645], [121.5491827, 25.0062905]]}}, {"type": "Feature", "properties": {"county": "台北市", "district": "文山區", "highway": "residential", "name": "福興路4巷5弄"}, "geometry": {"type": "LineString", "coordinates": [[121.5518545, 25.0033526], [121.5520526, 25.0036712], [121.5521798, 25.0036488], [121.5523776, 25.0036002], [121.5524702, 25.0035604], [121.5526465, 25.0034233], [121.5528486, 25.0032187], [121.5529161, 25.0032261]]}}, {"type": "Feature", "properties": {"county": "台北市", "district": "文山區", "highway": "residential", "name": "福興路82巷"}, "geometry": {"type": "LineString", "coordinates": [[121.549532, 25.005481], [121.5496008, 25.0054964], [121.5498365, 25.0055402], [121.5501181, 25.005595]]}}, {"type": "Feature", "properties": {"county": "台北市", "district": "文山區", "highway": "residential", "name": "福興路82巷6弄"}, "geometry": {"type": "LineString", "coordinates": [[121.551923, 25.0056691], [121.551871, 25.0057311], [121.5518392, 25.0057612], [121.5517202, 25.0058401], [121.5516595, 25.0058554], [121.5515964, 25.0058671], [121.5513617, 25.0059013], [121.5512196, 25.0059417], [121.5510174, 25.0060314]]}}, {"type": "Feature", "properties": {"county": "台北市", "district": "文山區", "highway": "residential", "name": "福興路4巷6弄"}, "geometry": {"type": "LineString", "coordinates": [[121.5520526, 25.0036712], [121.551848, 25.0039491], [121.5518204, 25.0040162], [121.5518046, 25.0040599], [121.5518151, 25.0041173], [121.5518593, 25.004183], [121.5518886, 25.0041974], [121.5519309, 25.0042141], [121.552026, 25.004201], [121.5522667, 25.0040619], [121.5523482, 25.0040396], [121.5527351, 25.0038962], [121.5531461, 25.0035446], [121.5532427, 25.0034848]]}}, {"type": "Feature", "properties": {"county": "台北市", "district": "文山區", "highway": "tertiary", "name": "忠順街二段"}, "geometry": {"type": "LineString", "coordinates": [[121.5617294, 24.9845102], [121.5618091, 24.9845229], [121.561881, 24.9845343], [121.5627148, 24.9846682], [121.5627667, 24.9846766], [121.562918, 24.9847008], [121.5629696, 24.9847091], [121.5634185, 24.9847812], [121.564378, 24.9849353], [121.5645124, 24.9849569], [121.5650129, 24.9850372], [121.5652683, 24.9850618], [121.5655262, 24.9850682], [121.5657596, 24.9850551], [121.5657963, 24.9850503], [121.5658719, 24.985039], [121.5659201, 24.9850309], [121.5660864, 24.9849932], [121.5662339, 24.9849518], [121.5663942, 24.9848977], [121.5666356, 24.9847962], [121.5667059, 24.9847805], [121.566779, 24.9847642]]}}, {"type": "Feature", "properties": {"county": "台北市", "district": "文山區", "highway": "tertiary", "name": "指南路一段"}, "geometry": {"type": "LineString", "coordinates": [[121.5706602, 24.9877526], [121.5707486, 24.987733], [121.5708837, 24.9877125], [121.5711901, 24.9876659], [121.5713306, 24.9876446]]}}, {"type": "Feature", "properties": {"county": "台北市", "district": "文山區", "highway": "residential", "name": "羅斯福路四段123巷21弄"}, "geometry": {"type": "LineString", "coordinates": [[121.5381409, 25.0104949], [121.5375242, 25.0099731], [121.5374677, 25.0099349]]}}, {"type": "Feature", "properties": {"county": "台北市", "district": "文山區", "highway": "residential", "name": "興隆路一段125巷"}, "geometry": {"type": "LineString", "coordinates": [[121.5419608, 25.0021346], [121.5419831, 25.0021906], [121.5421341, 25.0024653], [121.5419801, 25.0024945], [121.5419449, 25.0025631], [121.5419338, 25.0026339], [121.5419041, 25.0026943]]}}, {"type": "Feature", "properties": {"county": "台北市", "district": "文山區", "highway": "residential", "name": "五峰路"}, "geometry": {"type": "LineString", "coordinates": [[121.5448059, 24.9655905], [121.54498, 24.9657459], [121.5449003, 24.9658572], [121.5447132, 24.9661861], [121.5448059, 24.966277], [121.5449168, 24.9663862], [121.5450154, 24.9664983], [121.5453073, 24.9669336], [121.5454419, 24.9670743], [121.546151, 24.9674226], [121.5461519, 24.9675232], [121.5461605, 24.9676908], [121.5462774, 24.9678421], [121.5463526, 24.9680484]]}}, {"type": "Feature", "properties": {"county": "台北市", "district": "文山區", "highway": "tertiary", "name": "中興地下道"}, "geometry": {"type": "LineString", "coordinates": [[121.5481133, 24.9730278], [121.547959, 24.9727034], [121.5478185, 24.9724336], [121.5475927, 24.9720466]]}}, {"type": "Feature", "properties": {"county": "台北市", "district": "文山區", "highway": "tertiary", "name": "中興地下道"}, "geometry": {"type": "LineString", "coordinates": [[121.5475927, 24.9720466], [121.5473993, 24.9717285]]}}, {"type": "Feature", "properties": {"county": "台北市", "district": "文山區", "highway": "tertiary", "name": "中興路二段"}, "geometry": {"type": "LineString", "coordinates": [[121.5473925, 24.9718824], [121.5473067, 24.9717326], [121.5471489, 24.9714744]]}}, {"type": "Feature", "properties": {"county": "台北市", "district": "文山區", "highway": "tertiary_link", "name": null}, "geometry": {"type": "LineString", "coordinates": [[121.5473925, 24.9718824], [121.5476049, 24.9717857]]}}, {"type": "Feature", "properties": {"county": "台北市", "district": "文山區", "highway": "residential", "name": "羅斯福路六段401巷"}, "geometry": {"type": "LineString", "coordinates": [[121.5413331, 24.9918523], [121.5412614, 24.9918718], [121.5410203, 24.9919372], [121.540933, 24.9919685], [121.5406629, 24.9920717], [121.5406469, 24.9920784], [121.5405706, 24.9921105], [121.5404588, 24.9921576]]}}, {"type": "Feature", "properties": {"county": "台北市", "district": "文山區", "highway": "residential", "name": "興隆路三段36巷16弄"}, "geometry": {"type": "LineString", "coordinates": [[121.5545111, 24.9997656], [121.5546232, 24.9997271], [121.5546913, 24.9996977], [121.5547763, 24.999656], [121.5549058, 24.9995818], [121.55498, 24.9995389]]}}, {"type": "Feature", "properties": {"county": "台北市", "district": "文山區", "highway": "residential", "name": "辛亥路五段25巷3弄"}, "geometry": {"type": "LineString", "coordinates": [[121.5547799, 25.0003076], [121.5546285, 25.0000024], [121.5545111, 24.9997656]]}}, {"type": "Feature", "properties": {"county": "台北市", "district": "文山區", "highway": "residential", "name": "興隆路三段36巷17弄"}, "geometry": {"type": "LineString", "coordinates": [[121.55498, 24.9995389], [121.55502, 24.9995158], [121.5553784, 24.9993353], [121.5554531, 24.9993028]]}}, {"type": "Feature", "properties": {"county": "台北市", "district": "文山區", "highway": "residential", "name": "興隆路三段36巷14弄"}, "geometry": {"type": "LineString", "coordinates": [[121.5551225, 24.9998086], [121.5546285, 25.0000024]]}}, {"type": "Feature", "properties": {"county": "台北市", "district": "文山區", "highway": "residential", "name": "興隆路三段36巷15弄"}, "geometry": {"type": "LineString", "coordinates": [[121.5556469, 24.9996429], [121.5551524, 24.9998561]]}}, {"type": "Feature", "properties": {"county": "台北市", "district": "文山區", "highway": "residential", "name": "興隆路三段36巷9弄"}, "geometry": {"type": "LineString", "coordinates": [[121.555224, 25.0000299], [121.5555572, 24.9998844]]}}, {"type": "Feature", "properties": {"county": "台北市", "district": "文山區", "highway": "residential", "name": "興隆路三段36巷8弄"}, "geometry": {"type": "LineString", "coordinates": [[121.5552697, 25.0001236], [121.5547799, 25.0003076]]}}, {"type": "Feature", "properties": {"county": "台北市", "district": "文山區", "highway": "residential", "name": "興隆路三段112巷4弄"}, "geometry": {"type": "LineString", "coordinates": [[121.5554531, 24.9993028], [121.555514, 24.9992762], [121.5558876, 24.9991187], [121.5559805, 24.9990696], [121.5560714, 24.9990074], [121.5561507, 24.998938], [121.556212, 24.9988709], [121.5562751, 24.9987831], [121.5564796, 24.9983881], [121.5565229, 24.9983225], [121.5565959, 24.9982443], [121.5566702, 24.9981894], [121.5567656, 24.9981416], [121.5568473, 24.9981084]]}}, {"type": "Feature", "properties": {"county": "台北市", "district": "文山區", "highway": "residential", "name": "景隆街36巷"}, "geometry": {"type": "LineString", "coordinates": [[121.5428467, 24.9980052], [121.5429181, 24.9981548], [121.5430748, 24.9984374], [121.5430935, 24.9984712], [121.5432821, 24.9988108], [121.5433053, 24.9988525], [121.5433551, 24.9989421]]}}, {"type": "Feature", "properties": {"county": "台北市", "district": "文山區", "highway": "residential", "name": "景興路10巷"}, "geometry": {"type": "LineString", "coordinates": [[121.5445995, 24.9980488], [121.5445353, 24.9980469], [121.5443971, 24.9980429], [121.5441737, 24.9980363]]}}, {"type": "Feature", "properties": {"county": "台北市", "district": "文山區", "highway": "residential", "name": null}, "geometry": {"type": "LineString", "coordinates": [[121.5402102, 24.9997771], [121.5402367, 24.9997183], [121.5405572, 24.9989595]]}}, {"type": "Feature", "properties": {"county": "台北市", "district": "文山區", "highway": "residential", "name": "羅斯福路六段39巷"}, "geometry": {"type": "LineString", "coordinates": [[121.5415778, 24.9985083], [121.5414819, 24.9984678], [121.54135, 24.9985175], [121.5413309, 24.9985669], [121.5412011, 24.9984969], [121.5407127, 24.9986897], [121.5406632, 24.9986743], [121.5405572, 24.9989595], [121.5403633, 24.9988971], [121.540338, 24.998889], [121.5402728, 24.9988693]]}}, {"type": "Feature", "properties": {"county": "台北市", "district": "文山區", "highway": "residential", "name": "羅斯福路六段39巷"}, "geometry": {"type": "LineString", "coordinates": [[121.5405572, 24.9989595], [121.5406053, 24.9989209], [121.5413038, 24.9986443], [121.5413309, 24.9985669]]}}, {"type": "Feature", "properties": {"county": "台北市", "district": "文山區", "highway": "residential", "name": "羅斯福路六段39巷"}, "geometry": {"type": "LineString", "coordinates": [[121.5428467, 24.9980052], [121.5427837, 24.9980056], [121.5427398, 24.9980497], [121.5418899, 24.9983848], [121.5418785, 24.9983893]]}}, {"type": "Feature", "properties": {"county": "台北市", "district": "文山區", "highway": "residential", "name": "景興路42巷8弄"}, "geometry": {"type": "LineString", "coordinates": [[121.5427837, 24.9980056], [121.5427432, 24.9979426], [121.5427474, 24.9975485], [121.5427483, 24.997468]]}}, {"type": "Feature", "properties": {"county": "台北市", "district": "文山區", "highway": "residential", "name": "景興路42巷"}, "geometry": {"type": "LineString", "coordinates": [[121.54279, 24.9969448], [121.5431409, 24.9969546], [121.544079, 24.9969808], [121.5443938, 24.9969874], [121.5445438, 24.9969895], [121.5445817, 24.9969901], [121.5446635, 24.9969913]]}}, {"type": "Feature", "properties": {"county": "台北市", "district": "文山區", "highway": "residential", "name": "三福街9巷"}, "geometry": {"type": "LineString", "coordinates": [[121.5427474, 24.9975485], [121.5417226, 24.9979303], [121.541695, 24.9979289], [121.54167, 24.9979379]]}}, {"type": "Feature", "properties": {"county": "台北市", "district": "文山區", "highway": "residential", "name": "三福街"}, "geometry": {"type": "LineString", "coordinates": [[121.5414794, 24.9959542], [121.5415312, 24.9960478], [121.5416827, 24.9962456], [121.5418392, 24.9964477], [121.5421685, 24.9968647], [121.542374, 24.9971308], [121.5425636, 24.9973881], [121.5426407, 24.9974402], [121.5427483, 24.997468]]}}, {"type": "Feature", "properties": {"county": "台北市", "district": "文山區", "highway": "residential", "name": "羅斯福路六段159巷1弄"}, "geometry": {"type": "LineString", "coordinates": [[121.5411946, 24.9972567], [121.5410841, 24.9975969], [121.5410034, 24.9978181], [121.5409068, 24.9980651], [121.5406632, 24.9986743]]}}, {"type": "Feature", "properties": {"county": "台北市", "district": "文山區", "highway": "residential", "name": "羅斯福路六段159巷"}, "geometry": {"type": "LineString", "coordinates": [[121.542374, 24.9971308], [121.542128, 24.9972208], [121.5420003, 24.9972662], [121.5419442, 24.9972862], [121.5416436, 24.9973935], [121.5415596, 24.9973679], [121.541481, 24.9973439], [121.5413096, 24.9972917], [121.5411946, 24.9972567], [121.5410281, 24.9972081], [121.5409989, 24.9971934], [121.5409358, 24.9971618], [121.5408308, 24.997109]]}}, {"type": "Feature", "properties": {"county": "台北市", "district": "文山區", "highway": "residential", "name": "景美街"}, "geometry": {"type": "LineString", "coordinates": [[121.5415924, 24.9949448], [121.5416013, 24.9949003], [121.5416015, 24.9948893], [121.5416175, 24.9946349], [121.5416195, 24.9946221], [121.541642, 24.9938682], [121.5416687, 24.993668], [121.5416813, 24.9934062], [121.5416926, 24.9931712], [121.5417003, 24.9930096], [121.5417037, 24.9929387], [121.5417198, 24.9928663]]}}, {"type": "Feature", "properties": {"county": "台北市", "district": "文山區", "highway": "residential", "name": "景興路42巷8弄"}, "geometry": {"type": "LineString", "coordinates": [[121.5440776, 24.9974909], [121.5430913, 24.9974738], [121.5427483, 24.997468]]}}, {"type": "Feature", "properties": {"county": "台北市", "district": "文山區", "highway": "residential", "name": "景興路42巷4弄"}, "geometry": {"type": "LineString", "coordinates": [[121.544079, 24.9969808], [121.544079, 24.9971764], [121.5440776, 24.9974909], [121.5440253, 24.9977124], [121.5439869, 24.9978252]]}}, {"type": "Feature", "properties": {"county": "台北市", "district": "文山區", "highway": "secondary", "name": "和平東路四段"}, "geometry": {"type": "LineString", "coordinates": [[121.5662937, 25.00715], [121.5667241, 25.0059145], [121.5667656, 25.0058438], [121.5668129, 25.0057727], [121.5668985, 25.0056828], [121.56693, 25.0056591], [121.5670654, 25.005573], [121.5671348, 25.0055288], [121.5671678, 25.0055078], [121.5675697, 25.0052521], [121.5676392, 25.0052079], [121.5678032, 25.0051036]]}}, {"type": "Feature", "properties": {"county": "台北市", "district": "文山區", "highway": "tertiary", "name": "忠順街一段"}, "geometry": {"type": "LineString", "coordinates": [[121.5616605, 24.9844992], [121.5617294, 24.9845102]]}}, {"type": "Feature", "properties": {"county": "台北市", "district": "文山區", "highway": "secondary", "name": "木新路三段"}, "geometry": {"type": "LineString", "coordinates": [[121.5625189, 24.9821164], [121.5625862, 24.9821319]]}}, {"type": "Feature", "properties": {"county": "台北市", "district": "文山區", "highway": "secondary", "name": "木柵路一段"}, "geometry": {"type": "LineString", "coordinates": [[121.5523026, 24.9878361], [121.5522184, 24.987825], [121.5521102, 24.9878081], [121.5513713, 24.9877201], [121.5513108, 24.987711], [121.5512357, 24.9876979], [121.5509447, 24.9876515], [121.5503975, 24.987561], [121.5501756, 24.9875227], [121.5498903, 24.9874714], [121.5498182, 24.9874572], [121.5496819, 24.9874188], [121.5493939, 24.9873703], [121.5489377, 24.9872927], [121.5487735, 24.9872639], [121.5487187, 24.9872549], [121.5484788, 24.9872104], [121.5482551, 24.9871718], [121.5477017, 24.9870764], [121.5473754, 24.9870192], [121.5473117, 24.987008], [121.5472454, 24.9869968], [121.5466494, 24.9868912], [121.5465149, 24.9868702], [121.5463979, 24.9868508], [121.5460794, 24.9867984], [121.5459918, 24.9867826], [121.5459052, 24.9867669], [121.5455839, 24.9867678], [121.5453607, 24.9867711]]}}, {"type": "Feature", "properties": {"county": "台北市", "district": "文山區", "highway": "tertiary", "name": "木柵路一段"}, "geometry": {"type": "LineString", "coordinates": [[121.5453607, 24.9867711], [121.5453469, 24.9868358], [121.5453035, 24.9869074], [121.5451138, 24.9871971], [121.5449646, 24.9874516], [121.5448552, 24.9876139], [121.5447865, 24.9878446], [121.5447073, 24.9880776], [121.5446468, 24.9881904], [121.5445791, 24.9882851], [121.544514, 24.9883399], [121.5443962, 24.9884018], [121.5442829, 24.9884436], [121.5441475, 24.9884735], [121.5439352, 24.9885106], [121.5438538, 24.9885271], [121.5437644, 24.9885428], [121.5435626, 24.9885834], [121.5433978, 24.9885891], [121.5432892, 24.9885637], [121.543047, 24.988436], [121.5428814, 24.9883865], [121.542398, 24.9883244], [121.5422749, 24.9883081], [121.5421684, 24.9883014]]}}, {"type": "Feature", "properties": {"county": "台北市", "district": "文山區", "highway": "secondary", "name": "木柵路一段"}, "geometry": {"type": "LineString", "coordinates": [[121.5523554, 24.9877892], [121.5524694, 24.9878059], [121.5537969, 24.9880365], [121.554022, 24.9880492], [121.5543452, 24.988062], [121.5547811, 24.9881033], [121.5550672, 24.9881416], [121.5551223, 24.9881566], [121.5551799, 24.9881701], [121.5556861, 24.9882887], [121.5561141, 24.9883762], [121.556303, 24.9884156], [121.5566358, 24.9884863]]}}, {"type": "Feature", "properties": {"county": "台北市", "district": "文山區", "highway": "primary", "name": "羅斯福路六段"}, "geometry": {"type": "LineString", "coordinates": [[121.5411878, 24.9941437], [121.541204, 24.9942765], [121.5412446, 24.9948358], [121.5412472, 24.9949298]]}}, {"type": "Feature", "properties": {"county": "台北市", "district": "文山區", "highway": "secondary", "name": "興隆路四段"}, "geometry": {"type": "LineString", "coordinates": [[121.5616605, 24.9844992], [121.5616818, 24.98444], [121.561801, 24.9841092], [121.5618206, 24.9840549], [121.5618341, 24.9840174], [121.562043, 24.9834373], [121.5621584, 24.9831172], [121.5623067, 24.9827056], [121.5623371, 24.9826212], [121.5623454, 24.9825981], [121.5624749, 24.9822386], [121.5624911, 24.9821936], [121.5625189, 24.9821164]]}}, {"type": "Feature", "properties": {"county": "台北市", "district": "文山區", "highway": "secondary", "name": "興隆路四段"}, "geometry": {"type": "LineString", "coordinates": [[121.5617294, 24.9845102], [121.5617061, 24.9845748], [121.5615563, 24.9849905], [121.5613748, 24.9854944], [121.5613585, 24.9855397], [121.5613463, 24.9855737], [121.5611562, 24.9861013], [121.5610134, 24.9864974], [121.5609956, 24.9865469], [121.5609689, 24.986621], [121.5609434, 24.9866917], [121.5608742, 24.986884], [121.5607945, 24.9871052], [121.5606998, 24.9873679], [121.5606282, 24.9875668], [121.5606111, 24.9876142], [121.560591, 24.98767]]}}, {"type": "Feature", "properties": {"county": "台北市", "district": "文山區", "highway": "secondary", "name": "辛亥路七段"}, "geometry": {"type": "LineString", "coordinates": [[121.5523554, 24.9877892], [121.5523671, 24.9876936], [121.55241, 24.9873412], [121.5524273, 24.9872861], [121.5524656, 24.9872002], [121.5525395, 24.9871271], [121.5530811, 24.9866541], [121.5531038, 24.9866332], [121.5531236, 24.986614], [121.5532107, 24.9865061], [121.5533375, 24.9862147], [121.5533511, 24.9861794], [121.5533676, 24.9861361], [121.5534024, 24.9860353], [121.5534703, 24.9859006], [121.5535419, 24.985815], [121.5537711, 24.985568], [121.5538097, 24.9855282], [121.5538827, 24.9854604], [121.5539369, 24.9853882], [121.5540732, 24.985153], [121.5541677, 24.9849593], [121.5542006, 24.9848851], [121.5542254, 24.9848158], [121.5542715, 24.9846823], [121.5543102, 24.9845294], [121.5543125, 24.9843677], [121.5542929, 24.9841857], [121.5541969, 24.9838006], [121.5540647, 24.9833257], [121.5540391, 24.9832223]]}}, {"type": "Feature", "properties": {"county": "台北市", "district": "文山區", "highway": "secondary", "name": "辛亥路七段"}, "geometry": {"type": "LineString", "coordinates": [[121.5540391, 24.9832223], [121.5538435, 24.9824924], [121.5538074, 24.9823389], [121.5537222, 24.9819766], [121.553656, 24.9816647], [121.5536436, 24.9814904], [121.5536363, 24.981316]]}}, {"type": "Feature", "properties": {"county": "台北市", "district": "文山區", "highway": "secondary", "name": "興隆路三段"}, "geometry": {"type": "LineString", "coordinates": [[121.5599389, 24.9967823], [121.5599001, 24.9969318], [121.5598612, 24.9970692], [121.5597981, 24.9972326], [121.5597304, 24.9973432], [121.5596324, 24.9974818], [121.5594392, 24.9976534], [121.5593844, 24.997714], [121.5592628, 24.9977955], [121.5592082, 24.9978396], [121.5590749, 24.9979383], [121.5588931, 24.9980997], [121.5588848, 24.9981079], [121.5588739, 24.9981221], [121.5584758, 24.9985496], [121.5584019, 24.998629], [121.5582552, 24.9987787], [121.5580829, 24.9989385], [121.5580454, 24.9989672], [121.5580011, 24.9989981], [121.5579554, 24.9990367], [121.5578039, 24.9991457], [121.5575722, 24.9992974], [121.5575044, 24.9993333]]}}, {"type": "Feature", "properties": {"county": "台北市", "district": "文山區", "highway": "secondary", "name": "興隆路三段"}, "geometry": {"type": "LineString", "coordinates": [[121.5598606, 24.9967668], [121.5598882, 24.9966651], [121.5598957, 24.9966314], [121.559974, 24.9962781], [121.5599635, 24.9961479], [121.5599487, 24.996054], [121.5599289, 24.9959502], [121.5599139, 24.9959112], [121.5596992, 24.9953401], [121.5596849, 24.9952982], [121.5596678, 24.995228], [121.5596389, 24.9951182], [121.5595721, 24.9947833], [121.5595366, 24.9945755], [121.5595134, 24.994453], [121.5594697, 24.9943185], [121.5593902, 24.9941324], [121.5591042, 24.9935627], [121.5590817, 24.9935179], [121.5590667, 24.9934878], [121.5589772, 24.993306]]}}, {"type": "Feature", "properties": {"county": "台北市", "district": "文山區", "highway": "secondary", "name": "木柵路四段"}, "geometry": {"type": "LineString", "coordinates": [[121.5717369, 24.994923], [121.5717064, 24.9948115], [121.5716086, 24.9943], [121.5715826, 24.9941556], [121.5715606, 24.9940575], [121.5715585, 24.9940296], [121.5714357, 24.9933571], [121.5713409, 24.9929448], [121.5712482, 24.9924268], [121.5711276, 24.9918726], [121.5711206, 24.9918405], [121.5711137, 24.9916875]]}}, {"type": "Feature", "properties": {"county": "台北市", "district": "文山區", "highway": "secondary", "name": "木柵路四段"}, "geometry": {"type": "LineString", "coordinates": [[121.5746198, 24.9981585], [121.5747118, 24.9982476], [121.574805, 24.9983416], [121.5750073, 24.9985852], [121.5750819, 24.9986834], [121.5751182, 24.9987395], [121.575272, 24.9990156], [121.5753771, 24.9992042], [121.5755506, 24.9994981], [121.5756506, 24.9996588], [121.5756964, 24.9997219], [121.5757619, 24.9997776], [121.575841, 24.9998274], [121.5759437, 24.9998643], [121.5767705, 25.0000965], [121.5768933, 25.0001358]]}}, {"type": "Feature", "properties": {"county": "台北市", "district": "文山區", "highway": "secondary", "name": "木柵路四段"}, "geometry": {"type": "LineString", "coordinates": [[121.5745595, 24.9982102], [121.5744795, 24.9981356], [121.5744085, 24.9980739], [121.5741035, 24.9978092], [121.5740348, 24.9977481], [121.5737441, 24.9974926], [121.5735836, 24.9973394], [121.5735302, 24.9972862], [121.573492, 24.9972503], [121.5730569, 24.9968605], [121.5726637, 24.9965082], [121.5722462, 24.9961584], [121.572098, 24.9960116], [121.5720348, 24.9959071], [121.571988, 24.9958236], [121.57194, 24.9957379], [121.5718923, 24.9956216], [121.5718226, 24.9954617], [121.5717797, 24.9952899], [121.5717643, 24.9951631], [121.5717369, 24.994923]]}}, {"type": "Feature", "properties": {"county": "台北市", "district": "文山區", "highway": "unclassified", "name": "三民路"}, "geometry": {"type": "LineString", "coordinates": [[121.5381895, 24.9704873], [121.5382888, 24.9705222], [121.5383719, 24.9705612], [121.5384611, 24.9706195], [121.5385247, 24.9706867], [121.53866, 24.970859], [121.5388491, 24.9711295], [121.538978, 24.9713137], [121.5390111, 24.971357], [121.5391046, 24.9714873], [121.5392548, 24.9716968], [121.5395922, 24.9721601], [121.5399862, 24.9727043], [121.5399933, 24.972813]]}}, {"type": "Feature", "properties": {"county": "台北市", "district": "文山區", "highway": "tertiary", "name": "中正路"}, "geometry": {"type": "LineString", "coordinates": [[121.5353075, 24.9759929], [121.5354, 24.9758896]]}}, {"type": "Feature", "properties": {"county": "台北市", "district": "文山區", "highway": "unclassified", "name": "中華路"}, "geometry": {"type": "LineString", "coordinates": [[121.5381895, 24.9704873], [121.5382219, 24.9704069], [121.5383435, 24.9701428], [121.5384618, 24.9699321], [121.5386487, 24.9696544], [121.5387785, 24.9694678], [121.5387952, 24.9694469], [121.5389462, 24.9692851], [121.5390677, 24.9691316], [121.5391237, 24.9690599], [121.5392942, 24.9688638], [121.539405, 24.9687347], [121.5394474, 24.9686811], [121.539503, 24.9686136], [121.5395353, 24.968578], [121.5396895, 24.9683813], [121.539846, 24.9681885], [121.5400221, 24.9679789], [121.5401184, 24.9678442], [121.5402016, 24.9677555], [121.5402871, 24.9676902], [121.5403974, 24.9676088], [121.5406426, 24.9674525], [121.5408554, 24.9673661], [121.541148, 24.9672425], [121.5412602, 24.9672097]]}}, {"type": "Feature", "properties": {"county": "台北市", "district": "文山區", "highway": "residential", "name": "中華路"}, "geometry": {"type": "LineString", "coordinates": [[121.5412602, 24.9672097], [121.5413755, 24.9671757]]}}, {"type": "Feature", "properties": {"county": "台北市", "district": "文山區", "highway": "trunk_link", "name": null}, "geometry": {"type": "LineString", "coordinates": [[121.539506, 25.0131289], [121.538582, 25.0123238]]}}, {"type": "Feature", "properties": {"county": "台北市", "district": "文山區", "highway": "trunk_link", "name": null}, "geometry": {"type": "LineString", "coordinates": [[121.5339374, 25.0069367], [121.533961, 25.00659], [121.5339761, 25.0064148], [121.5340225, 25.0062396]]}}, {"type": "Feature", "properties": {"county": "台北市", "district": "文山區", "highway": "trunk_link", "name": null}, "geometry": {"type": "LineString", "coordinates": [[121.5400972, 25.0137846], [121.5400095, 25.0135808], [121.5399434, 25.0135057], [121.5395513, 25.0131676], [121.539506, 25.0131289]]}}, {"type": "Feature", "properties": {"county": "台北市", "district": "文山區", "highway": "trunk", "name": "基隆路高架道路"}, "geometry": {"type": "LineString", "coordinates": [[121.5375225, 25.011565], [121.5373121, 25.0114104], [121.5371713, 25.0113241], [121.536997, 25.0112208], [121.5367958, 25.0111564], [121.5361638, 25.0110126], [121.5359066, 25.0109437], [121.5357269, 25.0108623], [121.5355969, 25.0107918], [121.5352778, 25.0106073]]}}, {"type": "Feature", "properties": {"county": "台北市", "district": "文山區", "highway": "primary", "name": "北新路一段"}, "geometry": {"type": "LineString", "coordinates": [[121.5391184, 24.9620616], [121.5390814, 24.9618917]]}}, {"type": "Feature", "properties": {"county": "台北市", "district": "文山區", "highway": "primary", "name": "北新路一段"}, "geometry": {"type": "LineString", "coordinates": [[121.5412602, 24.9672097], [121.5412359, 24.9671428], [121.5410556, 24.9666235], [121.5409286, 24.9662696], [121.5406316, 24.9655577], [121.5406093, 24.9655071], [121.5404936, 24.9652268]]}}, {"type": "Feature", "properties": {"county": "台北市", "district": "文山區", "highway": "tertiary", "name": "建國路"}, "geometry": {"type": "LineString", "coordinates": [[121.5394826, 24.978244], [121.5394217, 24.9783117], [121.5390274, 24.9787138], [121.5388114, 24.9789436], [121.5387001, 24.9790651], [121.5386088, 24.9791772], [121.5381542, 24.9796617], [121.5378437, 24.9800477], [121.5377502, 24.9802313], [121.5377115, 24.9803504], [121.5376995, 24.9804647], [121.5376768, 24.9806851], [121.5376573, 24.981041], [121.5376514, 24.981621], [121.5376483, 24.9820793], [121.5376239, 24.9827779], [121.5375938, 24.9829326]]}}, {"type": "Feature", "properties": {"county": "台北市", "district": "文山區", "highway": "secondary_link", "name": "基隆路四段73巷"}, "geometry": {"type": "LineString", "coordinates": [[121.5394305, 25.0132], [121.539506, 25.0131289]]}}, {"type": "Feature", "properties": {"county": "台北市", "district": "文山區", "highway": "secondary_link", "name": "基隆路四段73巷"}, "geometry": {"type": "LineString", "coordinates": [[121.539506, 25.0131289], [121.5395842, 25.0130543]]}}, {"type": "Feature", "properties": {"county": "台北市", "district": "文山區", "highway": "tertiary", "name": "民族路"}, "geometry": {"type": "LineString", "coordinates": [[121.5394826, 24.978244], [121.5390283, 24.977937], [121.5384197, 24.9774754], [121.5383645, 24.9774335], [121.538318, 24.9773983], [121.5382625, 24.9773474], [121.537893, 24.9770082], [121.5375784, 24.9766995], [121.5368593, 24.975994], [121.5367291, 24.9758629]]}}, {"type": "Feature", "properties": {"county": "台北市", "district": "文山區", "highway": "trunk", "name": "水源快速道路"}, "geometry": {"type": "LineString", "coordinates": [[121.5340225, 25.0062396], [121.5342142, 25.0059187], [121.5343228, 25.0057383], [121.5344677, 25.0054982], [121.5346353, 25.0052175], [121.5348418, 25.0049051], [121.5351359, 25.0043156], [121.5352415, 25.0040306], [121.5353253, 25.0037809], [121.5353856, 25.0035214], [121.5354219, 25.0033007], [121.5354672, 25.0027781], [121.5354674, 25.0024773], [121.5354191, 25.001742], [121.5353749, 25.001226], [121.5353488, 25.0009659], [121.5353304, 25.0006911], [121.5352996, 25.0003305]]}}, {"type": "Feature", "properties": {"county": "台北市", "district": "文山區", "highway": "secondary", "name": null}, "geometry": {"type": "LineString", "coordinates": [[121.5388086, 24.9618488], [121.538447, 24.9617605], [121.5377263, 24.9615829], [121.5375913, 24.961562]]}}, {"type": "Feature", "properties": {"county": "台北市", "district": "文山區", "highway": "residential", "name": "和興路"}, "geometry": {"type": "LineString", "coordinates": [[121.5503059, 24.9869055], [121.5503385, 24.9867716], [121.5504023, 24.9865898], [121.5504816, 24.986498], [121.55059, 24.986431], [121.5506061, 24.9863716], [121.550604, 24.9862989], [121.5505519, 24.9861525], [121.5505163, 24.9860915], [121.5504645, 24.985976], [121.5503616, 24.9856677], [121.5502337, 24.9854554], [121.5501903, 24.9853858], [121.5500284, 24.9851784], [121.549946, 24.9850805], [121.5497893, 24.9849129], [121.5496814, 24.9848003], [121.5495897, 24.9847181], [121.5492281, 24.9844648], [121.5488626, 24.98428]]}}, {"type": "Feature", "properties": {"county": "台北市", "district": "文山區", "highway": "trunk_link", "name": null}, "geometry": {"type": "LineString", "coordinates": [[121.5375225, 25.011565], [121.5374751, 25.0114885], [121.5373187, 25.0113633], [121.5371874, 25.0112743], [121.537118, 25.011218]]}}, {"type": "Feature", "properties": {"county": "台北市", "district": "文山區", "highway": "residential", "name": "興隆路二段86巷"}, "geometry": {"type": "LineString", "coordinates": [[121.5490848, 24.9992479], [121.54906, 24.9992679], [121.5489305, 24.9993722], [121.5486788, 24.999607], [121.5486052, 24.9997052], [121.5483655, 25.0000587], [121.5483226, 25.0001103]]}}, {"type": "Feature", "properties": {"county": "台北市", "district": "文山區", "highway": "residential", "name": "興隆路二段78巷4弄"}, "geometry": {"type": "LineString", "coordinates": [[121.5486788, 24.999607], [121.5485116, 24.9994703], [121.5483275, 24.999327], [121.5480971, 24.9991431]]}}, {"type": "Feature", "properties": {"county": "台北市", "district": "文山區", "highway": "residential", "name": "興隆路二段78巷"}, "geometry": {"type": "LineString", "coordinates": [[121.5480917, 24.9999158], [121.5481335, 24.999869], [121.5485116, 24.9994703]]}}, {"type": "Feature", "properties": {"county": "台北市", "district": "文山區", "highway": "residential", "name": "興隆路二段153巷1弄"}, "geometry": {"type": "LineString", "coordinates": [[121.5476085, 25.0002319], [121.5483009, 25.0006516]]}}, {"type": "Feature", "properties": {"county": "台北市", "district": "文山區", "highway": "residential", "name": "興隆路二段153巷3弄"}, "geometry": {"type": "LineString", "coordinates": [[121.5474333, 25.0004823], [121.5481263, 25.0009024]]}}, {"type": "Feature", "properties": {"county": "台北市", "district": "文山區", "highway": "residential", "name": "景豐街48巷25弄"}, "geometry": {"type": "LineString", "coordinates": [[121.5471993, 25.0006434], [121.5471037, 25.000671], [121.5470019, 25.0006529], [121.5469285, 25.0006643], [121.5468418, 25.0006826], [121.5467787, 25.0007306], [121.5467459, 25.0007741]]}}, {"type": "Feature", "properties": {"county": "台北市", "district": "文山區", "highway": "primary", "name": "北新路三段"}, "geometry": {"type": "LineString", "coordinates": [[121.541183, 24.9840541], [121.5410627, 24.9843542], [121.5409725, 24.9845859], [121.5409388, 24.9846431], [121.5408053, 24.9849603], [121.5407908, 24.9849965], [121.5406541, 24.9852939], [121.5406059, 24.9854062]]}}, {"type": "Feature", "properties": {"county": "台北市", "district": "文山區", "highway": "tertiary", "name": "萬壽橋"}, "geometry": {"type": "LineString", "coordinates": [[121.5711137, 24.9916875], [121.5712141, 24.9916295], [121.5712716, 24.9916286]]}}, {"type": "Feature", "properties": {"county": "台北市", "district": "文山區", "highway": "residential", "name": "順安街"}, "geometry": {"type": "LineString", "coordinates": [[121.5411354, 24.9846352], [121.5409725, 24.9845859], [121.5409809, 24.9844472], [121.5409253, 24.9844256]]}}, {"type": "Feature", "properties": {"county": "台北市", "district": "文山區", "highway": "trunk", "name": "信義快速道路"}, "geometry": {"type": "LineString", "coordinates": [[121.5769797, 25.0006925], [121.5770645, 25.0008867], [121.5771783, 25.0010433], [121.5773459, 25.0011859], [121.5776455, 25.0013959], [121.5782496, 25.0018293], [121.57859, 25.0021042], [121.5789497, 25.0023592]]}}, {"type": "Feature", "properties": {"county": "台北市", "district": "文山區", "highway": "trunk_link", "name": null}, "geometry": {"type": "LineString", "coordinates": [[121.5768978, 25.0007197], [121.5768559, 25.0005601], [121.5768318, 25.0004279], [121.5768217, 25.0003165], [121.5768203, 25.000272], [121.5768268, 25.0002119]]}}, {"type": "Feature", "properties": {"county": "台北市", "district": "文山區", "highway": "tertiary", "name": "中興路二段"}, "geometry": {"type": "LineString", "coordinates": [[121.5470282, 24.9760565], [121.5471935, 24.9758321], [121.5474862, 24.975463], [121.5477072, 24.9751752], [121.5478119, 24.9749945], [121.5479614, 24.9747302], [121.5479985, 24.9746102], [121.5481408, 24.9742789]]}}, {"type": "Feature", "properties": {"county": "台北市", "district": "文山區", "highway": "tertiary", "name": "寶橋路"}, "geometry": {"type": "LineString", "coordinates": [[121.5470282, 24.9760565], [121.5472604, 24.976208]]}}, {"type": "Feature", "properties": {"county": "台北市", "district": "文山區", "highway": "tertiary", "name": "指南路二段"}, "geometry": {"type": "LineString", "coordinates": [[121.5736725, 24.9880528], [121.5737166, 24.9880374], [121.5737488, 24.9880288], [121.573993, 24.9879617], [121.5741111, 24.98793], [121.574274, 24.9879065], [121.5748528, 24.987812], [121.5750161, 24.987778], [121.575607, 24.9876867], [121.5756713, 24.9876748]]}}, {"type": "Feature", "properties": {"county": "台北市", "district": "文山區", "highway": "tertiary", "name": "新光路二段"}, "geometry": {"type": "LineString", "coordinates": [[121.5832402, 25.0000955], [121.5833744, 25.0000788], [121.5838031, 25.0000253], [121.584301, 25.0000134]]}}, {"type": "Feature", "properties": {"county": "台北市", "district": "文山區", "highway": "secondary", "name": "木柵路五段"}, "geometry": {"type": "LineString", "coordinates": [[121.582097, 25.0024158], [121.5815794, 25.0022716], [121.581411, 25.0022246], [121.5813051, 25.0021909], [121.5812214, 25.002155], [121.5811303, 25.0021081], [121.5810593, 25.0020611], [121.5809707, 25.0020047], [121.5808149, 25.0019158], [121.5798849, 25.0014151], [121.5796975, 25.0013204], [121.5792243, 25.0010949], [121.5781537, 25.0005848], [121.5780112, 25.0005254], [121.5778171, 25.000456], [121.5776904, 25.0004171], [121.5776071, 25.0003956], [121.5773708, 25.0003444]]}}, {"type": "Feature", "properties": {"county": "台北市", "district": "文山區", "highway": "secondary", "name": "木柵路五段"}, "geometry": {"type": "LineString", "coordinates": [[121.5773708, 25.0003444], [121.5771968, 25.0003066], [121.5769911, 25.0002568], [121.5769287, 25.0002407]]}}, {"type": "Feature", "properties": {"county": "台北市", "district": "文山區", "highway": "secondary", "name": "木柵路四段"}, "geometry": {"type": "LineString", "coordinates": [[121.5763426, 25.0000663], [121.5759751, 24.9999465], [121.5757912, 24.9998738], [121.5757119, 24.9998232], [121.5756327, 24.9997565], [121.5755902, 24.9996866], [121.5754611, 24.9994709], [121.57532, 24.9992414], [121.575196, 24.9990233], [121.5750498, 24.9987663], [121.575015, 24.9987153], [121.5749524, 24.9986326], [121.5747011, 24.9983501], [121.5746483, 24.9982947], [121.5745595, 24.9982102]]}}, {"type": "Feature", "properties": {"county": "台北市", "district": "文山區", "highway": "tertiary", "name": "萬壽路"}, "geometry": {"type": "LineString", "coordinates": [[121.5760134, 24.9880001], [121.5760584, 24.9880423], [121.5760785, 24.9880609], [121.5763068, 24.9882676], [121.5764462, 24.9883774], [121.5765324, 24.9884431], [121.5766322, 24.9885123], [121.5767175, 24.9885587], [121.5768206, 24.9886013], [121.5768575, 24.9886147], [121.5770087, 24.9886581]]}}, {"type": "Feature", "properties": {"county": "台北市", "district": "文山區", "highway": "tertiary", "name": "順安街"}, "geometry": {"type": "LineString", "coordinates": [[121.5408256, 24.9867591], [121.5408284, 24.9866649]]}}, {"type": "Feature", "properties": {"county": "台北市", "district": "文山區", "highway": "residential", "name": "檳榔路72巷"}, "geometry": {"type": "LineString", "coordinates": [[121.5426223, 24.9634633], [121.542602, 24.9633449], [121.5425617, 24.9629172], [121.5425858, 24.9628552], [121.5426689, 24.9628066], [121.5427656, 24.9627498], [121.5429979, 24.9626325], [121.5431546, 24.9622442], [121.5432289, 24.9621983]]}}, {"type": "Feature", "properties": {"county": "台北市", "district": "文山區", "highway": "residential", "name": "檳榔路86巷"}, "geometry": {"type": "LineString", "coordinates": [[121.5429885, 24.9630351], [121.5426689, 24.9628066]]}}, {"type": "Feature", "properties": {"county": "台北市", "district": "文山區", "highway": "residential", "name": "檳榔路96巷"}, "geometry": {"type": "LineString", "coordinates": [[121.5431831, 24.9627992], [121.5431733, 24.9627306], [121.5431605, 24.9626561], [121.5430738, 24.9626187], [121.5429979, 24.9626325]]}}, {"type": "Feature", "properties": {"county": "台北市", "district": "文山區", "highway": "residential", "name": "檳榔路43巷"}, "geometry": {"type": "LineString", "coordinates": [[121.5429562, 24.9630718], [121.5433513, 24.9633369]]}}, {"type": "Feature", "properties": {"county": "台北市", "district": "文山區", "highway": "residential", "name": "檳榔路41巷"}, "geometry": {"type": "LineString", "coordinates": [[121.5427662, 24.963306], [121.5433296, 24.9636596]]}}, {"type": "Feature", "properties": {"county": "台北市", "district": "文山區", "highway": "residential", "name": "汀州路四段"}, "geometry": {"type": "LineString", "coordinates": [[121.5374257, 25.0082968], [121.5373847, 25.0083853], [121.5373123, 25.0085128], [121.5371726, 25.0087562], [121.5370686, 25.0089419], [121.5369174, 25.0092173], [121.5368814, 25.0093033], [121.5367976, 25.0095329], [121.5367642, 25.0096148], [121.536691, 25.0097869], [121.5366258, 25.0099148], [121.5366005, 25.0099798], [121.5365936, 25.0100666], [121.5366036, 25.0101432], [121.5366351, 25.0102295], [121.5366426, 25.0102461], [121.5366592, 25.010283], [121.5366747, 25.0103655], [121.5366653, 25.0104751], [121.5364762, 25.010739], [121.5364575, 25.0107651], [121.5364539, 25.0107713], [121.5363949, 25.010842]]}}, {"type": "Feature", "properties": {"county": "台北市", "district": "文山區", "highway": "residential", "name": "汀州路四段23巷"}, "geometry": {"type": "LineString", "coordinates": [[121.5373271, 25.0097982], [121.5372599, 25.0097695], [121.5370407, 25.0096567], [121.5367976, 25.0095329]]}}, {"type": "Feature", "properties": {"county": "台北市", "district": "文山區", "highway": "residential", "name": "汀州路四段"}, "geometry": {"type": "LineString", "coordinates": [[121.5373453, 25.0078969], [121.5373484, 25.0079856], [121.5373506, 25.0080025], [121.5373985, 25.0080832], [121.5374193, 25.0081388], [121.53743, 25.0081929], [121.5374344, 25.0082412], [121.5374257, 25.0082968]]}}, {"type": "Feature", "properties": {"county": "台北市", "district": "文山區", "highway": "primary", "name": "羅斯福路五段"}, "geometry": {"type": "LineString", "coordinates": [[121.5383648, 25.0079293], [121.5382769, 25.0080799]]}}, {"type": "Feature", "properties": {"county": "台北市", "district": "文山區", "highway": "tertiary", "name": "中正路"}, "geometry": {"type": "LineString", "coordinates": [[121.5335995, 24.9915095], [121.5337671, 24.991336]]}}, {"type": "Feature", "properties": {"county": "台北市", "district": "文山區", "highway": "secondary", "name": "福和橋"}, "geometry": {"type": "LineString", "coordinates": [[121.5340908, 25.0098553], [121.5319758, 25.0086711], [121.5307679, 25.0079919], [121.5295805, 25.0072858], [121.5273929, 25.006032], [121.5264488, 25.0054924], [121.5250743, 25.004679]]}}, {"type": "Feature", "properties": {"county": "台北市", "district": "文山區", "highway": "residential", "name": null}, "geometry": {"type": "LineString", "coordinates": [[121.5378865, 25.0079347], [121.5374879, 25.0079131], [121.5373453, 25.0078969]]}}, {"type": "Feature", "properties": {"county": "台北市", "district": "文山區", "highway": "residential", "name": null}, "geometry": {"type": "LineString", "coordinates": [[121.5376659, 25.0077353], [121.5377531, 25.0077507], [121.5381309, 25.0078332], [121.5382229, 25.0078599], [121.5382536, 25.0078749], [121.5383086, 25.0079018], [121.5383648, 25.0079293]]}}, {"type": "Feature", "properties": {"county": "台北市", "district": "文山區", "highway": "secondary", "name": "興隆路三段"}, "geometry": {"type": "LineString", "coordinates": [[121.5545324, 25.0008208], [121.5546, 25.0007985]]}}, {"type": "Feature", "properties": {"county": "台北市", "district": "文山區", "highway": "residential", "name": "福興路95巷"}, "geometry": {"type": "LineString", "coordinates": [[121.5486953, 25.0048943], [121.5491428, 25.00466], [121.5493413, 25.0046934], [121.5494343, 25.0047089], [121.5494649, 25.0047148], [121.5496571, 25.0047515], [121.5496935, 25.0047584]]}}, {"type": "Feature", "properties": {"county": "台北市", "district": "文山區", "highway": "secondary", "name": "秀明路一段"}, "geometry": {"type": "LineString", "coordinates": [[121.569798, 24.9916924], [121.5697015, 24.9917295], [121.5694407, 24.991728], [121.5693409, 24.9917201], [121.5691065, 24.9916846], [121.5685393, 24.9915636], [121.5683454, 24.9915161], [121.5682861, 24.9914995], [121.5681153, 24.9914464], [121.5679535, 24.9913961], [121.5676226, 24.991281], [121.567305, 24.9911417], [121.567074, 24.9910308], [121.5669575, 24.990972], [121.566759, 24.9908632], [121.5665379, 24.9907237], [121.5665084, 24.9907052], [121.5664437, 24.9906644], [121.5659142, 24.9903305], [121.5655712, 24.9901291], [121.5654422, 24.9900587], [121.5652319, 24.98995], [121.5649947, 24.9898328], [121.5649399, 24.9897645]]}}, {"type": "Feature", "properties": {"county": "台北市", "district": "文山區", "highway": "secondary", "name": "秀明路一段"}, "geometry": {"type": "LineString", "coordinates": [[121.5649399, 24.9897645], [121.5650307, 24.9897726], [121.5652696, 24.9898879], [121.5656103, 24.99007], [121.5659396, 24.9902615], [121.5662018, 24.9904252], [121.5663448, 24.9905145], [121.5663887, 24.9905419], [121.5664758, 24.9905963], [121.5668055, 24.9908022], [121.5669976, 24.9909129], [121.5671911, 24.9910116], [121.5674455, 24.9911287], [121.5676575, 24.991217], [121.5680657, 24.9913563], [121.5682759, 24.9914183], [121.5683119, 24.9914289], [121.5683633, 24.9914441], [121.5685611, 24.991495], [121.5691273, 24.9916153], [121.5693428, 24.991646], [121.5694817, 24.9916547], [121.5697017, 24.9916551], [121.569798, 24.9916924]]}}, {"type": "Feature", "properties": {"county": "台北市", "district": "文山區", "highway": "tertiary", "name": "萬壽橋"}, "geometry": {"type": "LineString", "coordinates": [[121.5736685, 24.9916559], [121.5735416, 24.991684], [121.5734953, 24.9916942], [121.5732734, 24.9916867], [121.5729588, 24.991692]]}}, {"type": "Feature", "properties": {"county": "台北市", "district": "文山區", "highway": "tertiary", "name": "萬壽橋"}, "geometry": {"type": "LineString", "coordinates": [[121.5729588, 24.991692], [121.5712964, 24.9917198]]}}, {"type": "Feature", "properties": {"county": "台北市", "district": "文山區", "highway": "tertiary", "name": "萬壽橋"}, "geometry": {"type": "LineString", "coordinates": [[121.5712964, 24.9917198], [121.5712338, 24.9917208], [121.5711137, 24.9916875]]}}, {"type": "Feature", "properties": {"county": "台北市", "district": "文山區", "highway": "tertiary", "name": "忠順街一段"}, "geometry": {"type": "LineString", "coordinates": [[121.5563091, 24.9833333], [121.556389, 24.983359], [121.5564741, 24.9833864], [121.556869, 24.9835251], [121.5570504, 24.9835888], [121.5576311, 24.9837927], [121.5578473, 24.9838581], [121.5579912, 24.983897], [121.5581192, 24.9839277], [121.5582568, 24.9839571], [121.5584716, 24.9839951], [121.5587066, 24.9840328], [121.5590284, 24.9840842], [121.559155, 24.9841044], [121.5592707, 24.9841229], [121.56005, 24.9842476]]}}, {"type": "Feature", "properties": {"county": "台北市", "district": "文山區", "highway": "secondary", "name": "木新路三段"}, "geometry": {"type": "LineString", "coordinates": [[121.5571928, 24.9808272], [121.5578716, 24.9810089], [121.5580942, 24.9810662], [121.5586559, 24.9812083], [121.5591284, 24.9813279], [121.5591572, 24.9813351], [121.5595014, 24.9814214], [121.5599701, 24.9815293], [121.5600148, 24.9815396], [121.5601408, 24.9815686], [121.5602341, 24.9815901], [121.5607699, 24.9817135], [121.5611045, 24.9817906], [121.5618409, 24.9819602], [121.5619766, 24.9819915], [121.5623773, 24.9820838], [121.5624195, 24.9820935], [121.5625189, 24.9821164]]}}, {"type": "Feature", "properties": {"county": "台北市", "district": "文山區", "highway": "unclassified", "name": "建國路"}, "geometry": {"type": "LineString", "coordinates": [[121.5373831, 24.9868545], [121.5374313, 24.9869648]]}}, {"type": "Feature", "properties": {"county": "台北市", "district": "文山區", "highway": "residential", "name": "中興路三段205巷"}, "geometry": {"type": "LineString", "coordinates": [[121.5427967, 24.9814519], [121.5428505, 24.9814682], [121.5431664, 24.9815642], [121.5436722, 24.9817017], [121.5437832, 24.9817211], [121.5439282, 24.9817581]]}}, {"type": "Feature", "properties": {"county": "台北市", "district": "文山區", "highway": "residential", "name": null}, "geometry": {"type": "LineString", "coordinates": [[121.5442863, 24.9804397], [121.5443889, 24.9805314]]}}, {"type": "Feature", "properties": {"county": "台北市", "district": "文山區", "highway": "primary", "name": "羅斯福路五段"}, "geometry": {"type": "LineString", "coordinates": [[121.538838, 25.0044111], [121.5388864, 25.004589], [121.5389902, 25.0051133], [121.5390299, 25.0053572], [121.5390747, 25.005696], [121.5390787, 25.0060181], [121.5390774, 25.0061056], [121.5390613, 25.006373], [121.5390318, 25.0065237], [121.5389687, 25.006706], [121.5388963, 25.0069187], [121.5387756, 25.0072007], [121.5387079, 25.0073235], [121.5385442, 25.0076304], [121.5384438, 25.0077972], [121.5383648, 25.0079293]]}}, {"type": "Feature", "properties": {"county": "台北市", "district": "文山區", "highway": "secondary", "name": "興隆路一段"}, "geometry": {"type": "LineString", "coordinates": [[121.5443732, 24.9987887], [121.5442714, 24.9989932], [121.5440452, 24.9994705], [121.5440147, 24.9995388], [121.5438956, 24.9997561], [121.5437733, 24.9999981], [121.5435354, 25.0003041], [121.5434365, 25.0004065], [121.5433017, 25.0005553], [121.5432489, 25.0006134]]}}, {"type": "Feature", "properties": {"county": "台北市", "district": "文山區", "highway": "secondary", "name": "興隆路一段"}, "geometry": {"type": "LineString", "coordinates": [[121.538838, 25.0044111], [121.5387068, 25.0044299]]}}, {"type": "Feature", "properties": {"county": "台北市", "district": "文山區", "highway": "secondary", "name": "木柵路五段"}, "geometry": {"type": "LineString", "coordinates": [[121.583965, 25.0029325], [121.5842344, 25.002987], [121.5842811, 25.0029944], [121.5848001, 25.0030651]]}}, {"type": "Feature", "properties": {"county": "台北市", "district": "文山區", "highway": "secondary", "name": "興隆路四段"}, "geometry": {"type": "LineString", "coordinates": [[121.560518, 24.9876703], [121.5605397, 24.9876102], [121.5606896, 24.9871939], [121.5608008, 24.9868853], [121.5608506, 24.9867471], [121.5608666, 24.9867029], [121.5608944, 24.9866255]]}}, {"type": "Feature", "properties": {"county": "台北市", "district": "文山區", "highway": "tertiary", "name": "寶橋"}, "geometry": {"type": "LineString", "coordinates": [[121.552771, 24.9796327], [121.5535528, 24.9798835]]}}, {"type": "Feature", "properties": {"county": "台北市", "district": "文山區", "highway": "residential", "name": "大新街9巷"}, "geometry": {"type": "LineString", "coordinates": [[121.5445377, 24.9669607], [121.5444808, 24.9670097], [121.5442257, 24.9672351], [121.5438589, 24.9675759], [121.5433525, 24.9680226], [121.5432373, 24.9680642]]}}, {"type": "Feature", "properties": {"county": "台北市", "district": "文山區", "highway": "residential", "name": "大新街7巷"}, "geometry": {"type": "LineString", "coordinates": [[121.5449057, 24.9673225], [121.5447705, 24.9673922], [121.5447054, 24.9674269], [121.5444206, 24.9676461], [121.5442605, 24.9677593], [121.5439006, 24.968023], [121.5436852, 24.9681903], [121.5436021, 24.9682553], [121.5435194, 24.9683371], [121.5433197, 24.9684689]]}}, {"type": "Feature", "properties": {"county": "台北市", "district": "文山區", "highway": "residential", "name": "品牌路"}, "geometry": {"type": "LineString", "coordinates": [[121.5460302, 24.9796383], [121.5464901, 24.9791491], [121.546533, 24.9791157], [121.5466895, 24.978994], [121.5470904, 24.9788522], [121.5474346, 24.9787109], [121.5476884, 24.9784787], [121.5477394, 24.978366], [121.547765, 24.9782107], [121.5477428, 24.9780134], [121.5476057, 24.9777507], [121.5466923, 24.977101], [121.5466331, 24.9770561]]}}, {"type": "Feature", "properties": {"county": "台北市", "district": "文山區", "highway": "unclassified", "name": "三民路"}, "geometry": {"type": "LineString", "coordinates": [[121.5381895, 24.9704873], [121.53806, 24.970478], [121.5379405, 24.9704699], [121.5378663, 24.9704774], [121.537741, 24.9705086], [121.5376449, 24.9705607], [121.5375152, 24.9706496], [121.5372536, 24.9708176], [121.5369718, 24.9709986], [121.5365574, 24.9712518], [121.5364236, 24.9713354], [121.5363803, 24.9713627], [121.5363251, 24.9713947], [121.5360748, 24.9715491], [121.5356749, 24.9717963], [121.5354889, 24.9719199], [121.5351348, 24.9721356], [121.5349512, 24.9722501], [121.5346565, 24.9724278], [121.5344688, 24.9725655], [121.5343322, 24.9726844], [121.5342307, 24.9727914], [121.5342051, 24.9728184], [121.5340335, 24.9730527], [121.5339781, 24.9731515], [121.5339242, 24.9733433], [121.5339096, 24.9735332], [121.5339237, 24.9736366], [121.5339297, 24.9736804], [121.533937, 24.9737024], [121.5340316, 24.9738552], [121.5344616, 24.9744101], [121.5346082, 24.9745807], [121.5351919, 24.975241], [121.5352078, 24.9752579], [121.5353964, 24.9754582], [121.5355899, 24.9756843]]}}, {"type": "Feature", "properties": {"county": "台北市", "district": "文山區", "highway": "primary", "name": "北新路一段"}, "geometry": {"type": "LineString", "coordinates": [[121.5413755, 24.9671757], [121.5414666, 24.9674371], [121.5414837, 24.9674889], [121.5415566, 24.9677], [121.5415915, 24.9678026], [121.5416101, 24.9678556], [121.5417819, 24.9683509], [121.541897, 24.9686817], [121.5419683, 24.9688864], [121.542001, 24.9689868], [121.5420922, 24.9692442], [121.5422964, 24.9698327], [121.5425867, 24.9706731], [121.5426358, 24.9708192]]}}, {"type": "Feature", "properties": {"county": "台北市", "district": "文山區", "highway": "tertiary", "name": "民權路"}, "geometry": {"type": "LineString", "coordinates": [[121.5413902, 24.9829079], [121.5415156, 24.9829071], [121.5419636, 24.9829042], [121.5422017, 24.9829027]]}}, {"type": "Feature", "properties": {"county": "台北市", "district": "文山區", "highway": "residential", "name": "和興路"}, "geometry": {"type": "LineString", "coordinates": [[121.5460057, 24.9867206], [121.5460155, 24.9866667], [121.5460658, 24.986513], [121.5460788, 24.9864733], [121.5461188, 24.9863755], [121.5461564, 24.9862933], [121.5462191, 24.9861536], [121.5463538, 24.9856377], [121.5464053, 24.9854518], [121.5464611, 24.9853897], [121.5465257, 24.9853085], [121.5466132, 24.9851954], [121.5467639, 24.9850959], [121.5469073, 24.9850564], [121.547017, 24.9850526], [121.54711, 24.985048], [121.5472419, 24.9850451], [121.5476879, 24.9850356], [121.5477452, 24.9850328], [121.5479462, 24.985023], [121.5482492, 24.9850021]]}}, {"type": "Feature", "properties": {"county": "台北市", "district": "文山區", "highway": "unclassified", "name": "建國路"}, "geometry": {"type": "LineString", "coordinates": [[121.5375938, 24.9829326], [121.5375387, 24.9830631], [121.5373248, 24.9835512], [121.5370377, 24.9842065], [121.5370313, 24.9842794], [121.5370243, 24.9842974], [121.5369862, 24.9847908], [121.5369804, 24.9854714]]}}, {"type": "Feature", "properties": {"county": "台北市", "district": "文山區", "highway": "tertiary", "name": "民權路"}, "geometry": {"type": "LineString", "coordinates": [[121.5375938, 24.9829326], [121.5379983, 24.98293], [121.538117, 24.9829292], [121.5398316, 24.9829181], [121.5405209, 24.9829136]]}}, {"type": "Feature", "properties": {"county": "台北市", "district": "文山區", "highway": "tertiary", "name": "民權路"}, "geometry": {"type": "LineString", "coordinates": [[121.5337654, 24.9827344], [121.5347394, 24.9827848], [121.5349225, 24.9827943], [121.535245, 24.982811], [121.5355172, 24.9828251], [121.5364709, 24.9828745], [121.5369184, 24.9828976], [121.5370174, 24.9829028], [121.5372383, 24.9829142], [121.5374729, 24.9829263], [121.5375938, 24.9829326]]}}, {"type": "Feature", "properties": {"county": "台北市", "district": "文山區", "highway": "primary", "name": "北新路一段"}, "geometry": {"type": "LineString", "coordinates": [[121.5391806, 24.9617713], [121.539219, 24.9618691]]}}, {"type": "Feature", "properties": {"county": "台北市", "district": "文山區", "highway": "tertiary", "name": "中正路"}, "geometry": {"type": "LineString", "coordinates": [[121.5332375, 24.9918844], [121.5333417, 24.9917765]]}}, {"type": "Feature", "properties": {"county": "台北市", "district": "文山區", "highway": "trunk_link", "name": null}, "geometry": {"type": "LineString", "coordinates": [[121.5341731, 25.0060321], [121.534083, 25.0063502], [121.5340271, 25.0065643], [121.533975, 25.0068732], [121.5341012, 25.0090851], [121.5341347, 25.009355], [121.5342018, 25.0095142], [121.5342556, 25.0095954], [121.5343184, 25.0096734], [121.5344324, 25.0097645], [121.5345612, 25.0098435], [121.5346819, 25.0099321]]}}, {"type": "Feature", "properties": {"county": "台北市", "district": "文山區", "highway": "trunk", "name": "水源快速道路"}, "geometry": {"type": "LineString", "coordinates": [[121.5341731, 25.0060321], [121.5340165, 25.0063871], [121.5335688, 25.0075226]]}}, {"type": "Feature", "properties": {"county": "台北市", "district": "文山區", "highway": "trunk", "name": "環河路"}, "geometry": {"type": "LineString", "coordinates": [[121.5336205, 24.9921731], [121.5336896, 24.9923184]]}}, {"type": "Feature", "properties": {"county": "台北市", "district": "文山區", "highway": "trunk", "name": "基隆路高架道路"}, "geometry": {"type": "LineString", "coordinates": [[121.5346819, 25.0099321], [121.534981, 25.0101243], [121.5352814, 25.0103564], [121.53552, 25.0105556], [121.5357131, 25.0106917], [121.535917, 25.0107987], [121.5361852, 25.0108862], [121.5364548, 25.0109604], [121.536715, 25.01102], [121.5369966, 25.0110856], [121.5371468, 25.0111464]]}}, {"type": "Feature", "properties": {"county": "台北市", "district": "文山區", "highway": "trunk", "name": "基隆路高架道路"}, "geometry": {"type": "LineString", "coordinates": [[121.541547, 25.0147946], [121.5418715, 25.0150475], [121.5429873, 25.0159808], [121.5444188, 25.0172028], [121.545133, 25.0177931], [121.5459511, 25.0185086]]}}, {"type": "Feature", "properties": {"county": "台北市", "district": "文山區", "highway": "secondary", "name": null}, "geometry": {"type": "LineString", "coordinates": [[121.5370912, 24.9613702], [121.5372863, 24.961389], [121.5381094, 24.9616039]]}}, {"type": "Feature", "properties": {"county": "台北市", "district": "文山區", "highway": "tertiary", "name": "中興路三段"}, "geometry": {"type": "LineString", "coordinates": [[121.5450797, 24.9791007], [121.544861, 24.9794117], [121.5448013, 24.9795117]]}}, {"type": "Feature", "properties": {"county": "台北市", "district": "文山區", "highway": "tertiary", "name": "中興路三段"}, "geometry": {"type": "LineString", "coordinates": [[121.5448013, 24.9795117], [121.5447632, 24.9795869], [121.5447025, 24.979728], [121.5444266, 24.9804393], [121.5444192, 24.9804573], [121.5443889, 24.9805314], [121.5443825, 24.9805512], [121.5442694, 24.9808216], [121.5441132, 24.9812485], [121.5439282, 24.9817581], [121.5438823, 24.9819007], [121.5437292, 24.982297], [121.5435835, 24.9826743], [121.5435379, 24.9827923]]}}, {"type": "Feature", "properties": {"county": "台北市", "district": "文山區", "highway": "tertiary", "name": null}, "geometry": {"type": "LineString", "coordinates": [[121.5840431, 25.0027176], [121.5840398, 25.0027266], [121.5840192, 25.0027833], [121.583965, 25.0029325]]}}, {"type": "Feature", "properties": {"county": "台北市", "district": "文山區", "highway": "tertiary", "name": "寶中路"}, "geometry": {"type": "LineString", "coordinates": [[121.5450797, 24.9791007], [121.5449446, 24.9790291]]}}, {"type": "Feature", "properties": {"county": "台北市", "district": "文山區", "highway": "tertiary", "name": "寶橋路"}, "geometry": {"type": "LineString", "coordinates": [[121.5505261, 24.9782637], [121.5514967, 24.9788748], [121.5517396, 24.9790332], [121.5522536, 24.9793684], [121.5523205, 24.9794121]]}}, {"type": "Feature", "properties": {"county": "台北市", "district": "文山區", "highway": "trunk_link", "name": "環河路"}, "geometry": {"type": "LineString", "coordinates": [[121.5368039, 24.963483], [121.5367877, 24.9633301], [121.5368008, 24.9629851], [121.5369018, 24.9620041]]}}, {"type": "Feature", "properties": {"county": "台北市", "district": "文山區", "highway": "trunk", "name": "環河路"}, "geometry": {"type": "LineString", "coordinates": [[121.5371453, 24.9614755], [121.5371312, 24.9616798], [121.5370516, 24.962512], [121.5370257, 24.9628158], [121.5369954, 24.9630449]]}}, {"type": "Feature", "properties": {"county": "台北市", "district": "文山區", "highway": "secondary", "name": null}, "geometry": {"type": "LineString", "coordinates": [[121.5371453, 24.9614755], [121.5370749, 24.9614695], [121.5369829, 24.9614594]]}}, {"type": "Feature", "properties": {"county": "台北市", "district": "文山區", "highway": "tertiary", "name": "景中街"}, "geometry": {"type": "LineString", "coordinates": [[121.5427532, 24.9929357], [121.5424406, 24.9929305], [121.5423645, 24.9929325], [121.5423045, 24.9929326], [121.541776, 24.9929349], [121.5417037, 24.9929387], [121.5416691, 24.9929414], [121.5413796, 24.9929586], [121.541306, 24.9929646]]}}, {"type": "Feature", "properties": {"county": "台北市", "district": "文山區", "highway": "tertiary", "name": "景興路"}, "geometry": {"type": "LineString", "coordinates": [[121.5441088, 24.9925809], [121.5441234, 24.9924975]]}}, {"type": "Feature", "properties": {"county": "台北市", "district": "文山區", "highway": "primary", "name": "羅斯福路六段"}, "geometry": {"type": "LineString", "coordinates": [[121.5410242, 24.9931268], [121.5410469, 24.9931807], [121.5410519, 24.9932146], [121.5410684, 24.993326], [121.5411161, 24.9936478], [121.5411878, 24.9941437]]}}, {"type": "Feature", "properties": {"county": "台北市", "district": "文山區", "highway": "trunk", "name": "基隆路高架道路"}, "geometry": {"type": "LineString", "coordinates": [[121.5320233, 25.0085575], [121.5324707, 25.0087581]]}}, {"type": "Feature", "properties": {"county": "台北市", "district": "文山區", "highway": "primary", "name": "北新路三段"}, "geometry": {"type": "LineString", "coordinates": [[121.5413004, 24.9829085], [121.5413234, 24.9827642], [121.5414192, 24.982144], [121.5414775, 24.9818706], [121.5417145, 24.9810558], [121.5417479, 24.9809535], [121.5418271, 24.9806816], [121.5418613, 24.9805713], [121.5418807, 24.9805209], [121.5421502, 24.9796328], [121.5422975, 24.9791541], [121.5423775, 24.9788824]]}}, {"type": "Feature", "properties": {"county": "台北市", "district": "文山區", "highway": "tertiary", "name": "民權路"}, "geometry": {"type": "LineString", "coordinates": [[121.5413004, 24.9829085], [121.5413902, 24.9829079]]}}, {"type": "Feature", "properties": {"county": "台北市", "district": "文山區", "highway": "residential", "name": null}, "geometry": {"type": "LineString", "coordinates": [[121.5314889, 24.9889619], [121.5313213, 24.9886532]]}}, {"type": "Feature", "properties": {"county": "台北市", "district": "文山區", "highway": "residential", "name": null}, "geometry": {"type": "LineString", "coordinates": [[121.5314889, 24.9889619], [121.5315604, 24.9890964], [121.5318155, 24.9895093], [121.5321587, 24.990071], [121.5322966, 24.9902565], [121.5327968, 24.9909222], [121.532913, 24.991057], [121.5330074, 24.9911436], [121.5331189, 24.9912024], [121.5332856, 24.991257], [121.5333829, 24.9912644], [121.5335814, 24.9912422], [121.5337423, 24.991212], [121.5339675, 24.9910929]]}}, {"type": "Feature", "properties": {"county": "台北市", "district": "文山區", "highway": "residential", "name": "明德路"}, "geometry": {"type": "LineString", "coordinates": [[121.5423657, 24.9768049], [121.5422366, 24.9769058], [121.5420902, 24.9770204], [121.5418469, 24.9772416], [121.5418167, 24.9772691]]}}, {"type": "Feature", "properties": {"county": "台北市", "district": "文山區", "highway": "unclassified", "name": "萬壽路"}, "geometry": {"type": "LineString", "coordinates": [[121.5853378, 24.9810304], [121.5853765, 24.9811362], [121.5854089, 24.9813005], [121.5854195, 24.9815227]]}}, {"type": "Feature", "properties": {"county": "台北市", "district": "文山區", "highway": "motorway", "name": "福爾摩沙高速公路"}, "geometry": {"type": "LineString", "coordinates": [[121.5815724, 24.9777686], [121.5825472, 24.9782304]]}}, {"type": "Feature", "properties": {"county": "台北市", "district": "文山區", "highway": "motorway", "name": "景美隧道"}, "geometry": {"type": "LineString", "coordinates": [[121.5810071, 24.9780061], [121.5804014, 24.9777164], [121.5791302, 24.9772675], [121.5784931, 24.9770983], [121.5773763, 24.97689], [121.575869, 24.9766193]]}}, {"type": "Feature", "properties": {"county": "台北市", "district": "文山區", "highway": "unclassified", "name": "指南路三段157巷"}, "geometry": {"type": "LineString", "coordinates": [[121.5922822, 24.9767518], [121.5922679, 24.9773328], [121.5922354, 24.9774477], [121.5920123, 24.9777805], [121.5917306, 24.9780468], [121.5916974, 24.9781023], [121.5916838, 24.9781917], [121.5916972, 24.9782696], [121.5917953, 24.9783806], [121.5918021, 24.9784644], [121.5917838, 24.9785428], [121.5917454, 24.9786005], [121.5915064, 24.9788075], [121.5914381, 24.9788498], [121.5912537, 24.9789263], [121.5911935, 24.9789409], [121.5909911, 24.9789674], [121.5909255, 24.9789646], [121.5908543, 24.9789563], [121.5907852, 24.9789371], [121.5907074, 24.9788932], [121.5906027, 24.9788107], [121.5905125, 24.9787844], [121.5903591, 24.9787833], [121.5900566, 24.9787584]]}}, {"type": "Feature", "properties": {"county": "台北市", "district": "文山區", "highway": "residential", "name": null}, "geometry": {"type": "LineString", "coordinates": [[121.6128375, 25.0003436], [121.612863, 25.0001853], [121.6128839, 25.0000717], [121.6128531, 24.999956], [121.6127718, 24.9996933], [121.6127915, 24.9994649], [121.6128609, 24.9992559], [121.6129484, 24.9991747], [121.6129146, 24.9988855], [121.6129343, 24.9987804], [121.6129606, 24.9983374], [121.6129699, 24.9981436]]}}, {"type": "Feature", "properties": {"county": "台北市", "district": "文山區", "highway": "residential", "name": "中正橋"}, "geometry": {"type": "LineString", "coordinates": [[121.6127428, 25.0008424], [121.6128375, 25.0003436]]}}, {"type": "Feature", "properties": {"county": "台北市", "district": "文山區", "highway": "secondary_link", "name": null}, "geometry": {"type": "LineString", "coordinates": [[121.60863, 24.9986515], [121.6085778, 24.9987004], [121.6085246, 24.9987703], [121.6084701, 24.9988586], [121.6084444, 24.9989487]]}}, {"type": "Feature", "properties": {"county": "台北市", "district": "文山區", "highway": "residential", "name": "平埔橋"}, "geometry": {"type": "LineString", "coordinates": [[121.6155922, 25.0004754], [121.6156031, 24.9996425], [121.6156039, 24.9994739]]}}, {"type": "Feature", "properties": {"county": "台北市", "district": "文山區", "highway": "residential", "name": "平埔街"}, "geometry": {"type": "LineString", "coordinates": [[121.6156039, 24.9994739], [121.6156159, 24.9990675], [121.6156326, 24.9987078], [121.6156576, 24.9986199]]}}, {"type": "Feature", "properties": {"county": "台北市", "district": "文山區", "highway": "unclassified", "name": "老泉街45巷"}, "geometry": {"type": "LineString", "coordinates": [[121.5798962, 24.9706112], [121.5797803, 24.9704458], [121.5797047, 24.9703716], [121.5795109, 24.9703027], [121.5794965, 24.9700982], [121.5794282, 24.9699966], [121.5791498, 24.969945], [121.5790207, 24.9700057], [121.5789003, 24.970104], [121.5787487, 24.9700813], [121.5786448, 24.9700433], [121.5785824, 24.9700221], [121.5785614, 24.9698689], [121.5785282, 24.9697966], [121.5783783, 24.9695332], [121.5782756, 24.9694458], [121.5780869, 24.969423], [121.5778076, 24.9691984], [121.5777582, 24.9691], [121.5777487, 24.9690374], [121.5777782, 24.968915], [121.5778121, 24.9688185], [121.5779306, 24.9686343], [121.5779701, 24.9684658], [121.5779442, 24.9683388], [121.5776229, 24.968141], [121.577466, 24.9679976], [121.5773356, 24.9679906], [121.5772205, 24.9680474], [121.5769681, 24.9682787], [121.5766761, 24.9684857], [121.5767392, 24.9687826], [121.5767585, 24.9690318], [121.5767839, 24.969304]]}}, {"type": "Feature", "properties": {"county": "台北市", "district": "文山區", "highway": "unclassified", "name": "草湳橋"}, "geometry": {"type": "LineString", "coordinates": [[121.6054306, 24.970539], [121.6054797, 24.970439], [121.605548, 24.9700457]]}}, {"type": "Feature", "properties": {"county": "台北市", "district": "文山區", "highway": "unclassified", "name": "指南路三段38巷"}, "geometry": {"type": "LineString", "coordinates": [[121.5879784, 24.9683628], [121.5879686, 24.9684068], [121.5879407, 24.9685343], [121.5878915, 24.9686215], [121.5878617, 24.9686743], [121.5877102, 24.9688442], [121.5874602, 24.9689781], [121.5873838, 24.9690431], [121.5872602, 24.9692964], [121.5872405, 24.9695565], [121.587264, 24.9698091], [121.5873177, 24.9699399], [121.5875491, 24.970135], [121.587616, 24.9701785], [121.5876471, 24.9701749], [121.5877258, 24.9701546], [121.5882193, 24.9699099], [121.5882706, 24.9698794], [121.5885112, 24.9696974], [121.5885653, 24.9696787], [121.5886029, 24.9696756], [121.5886387, 24.9696864], [121.5886572, 24.9697097], [121.5886639, 24.9697456], [121.5886516, 24.9698002], [121.5885819, 24.9699303], [121.5885344, 24.9699799], [121.588305, 24.9701232], [121.5882594, 24.9701816], [121.5882359, 24.9702508], [121.5882064, 24.9704563], [121.5881313, 24.9706685], [121.5880267, 24.9708442], [121.5879597, 24.9709268], [121.5878711, 24.9710084], [121.5877954, 24.9710423], [121.5876561, 24.9710628], [121.5875619, 24.97106], [121.5874826, 24.9710525], [121.5874503, 24.9710453], [121.5872832, 24.9710038], [121.5871839, 24.9709671], [121.5871509, 24.9709006]]}}, {"type": "Feature", "properties": {"county": "台北市", "district": "文山區", "highway": "tertiary", "name": "新光路二段"}, "geometry": {"type": "LineString", "coordinates": [[121.5830506, 25.0005867], [121.5811766, 24.9994641]]}}, {"type": "Feature", "properties": {"county": "台北市", "district": "文山區", "highway": "primary", "name": "北新路二段"}, "geometry": {"type": "LineString", "coordinates": [[121.5429882, 24.9749847], [121.5429822, 24.9753063], [121.5429817, 24.97544], [121.5429659, 24.9758184]]}}, {"type": "Feature", "properties": {"county": "台北市", "district": "文山區", "highway": "tertiary", "name": "寶橋路"}, "geometry": {"type": "LineString", "coordinates": [[121.5429744, 24.9734417], [121.5430828, 24.9735036], [121.5432546, 24.9735997], [121.5433629, 24.973684], [121.5437249, 24.9739012], [121.5438455, 24.9739868], [121.5440722, 24.9741348], [121.5444295, 24.9743681], [121.5445666, 24.9744671], [121.5446158, 24.9745021], [121.5446624, 24.974534], [121.5448132, 24.9746452], [121.544982, 24.974758], [121.5450329, 24.974792], [121.5451499, 24.9748742], [121.545268, 24.9749244], [121.5455501, 24.9751178], [121.5461617, 24.9755014], [121.5469758, 24.9760375], [121.5470282, 24.9760565]]}}, {"type": "Feature", "properties": {"county": "台北市", "district": "文山區", "highway": "residential", "name": null}, "geometry": {"type": "LineString", "coordinates": [[121.5514779, 24.9855768], [121.551386, 24.9853707], [121.5511832, 24.9850363], [121.5508999, 24.9846692], [121.550406, 24.9842029], [121.5502779, 24.9841033], [121.5500497, 24.9839409], [121.5495651, 24.9836759], [121.549491, 24.9836443], [121.549266, 24.9835482], [121.5479383, 24.9831677], [121.5471295, 24.9830528], [121.5463534, 24.9830664], [121.5460877, 24.9831076], [121.5459145, 24.9831179], [121.5453912, 24.98324], [121.5451066, 24.9833448], [121.5449694, 24.9834281], [121.544863, 24.9834706]]}}, {"type": "Feature", "properties": {"county": "台北市", "district": "文山區", "highway": "unclassified", "name": "寶橋路237巷"}, "geometry": {"type": "LineString", "coordinates": [[121.5527183, 24.985432], [121.5524392, 24.9857898], [121.5522221, 24.9860477], [121.5520783, 24.9861218], [121.5518307, 24.9861101], [121.5517135, 24.9860254], [121.5516293, 24.9858933], [121.5514779, 24.9855768]]}}, {"type": "Feature", "properties": {"county": "台北市", "district": "文山區", "highway": "tertiary", "name": "寶橋路"}, "geometry": {"type": "LineString", "coordinates": [[121.5523205, 24.9794121], [121.5525192, 24.9795212], [121.55261, 24.9795699]]}}, {"type": "Feature", "properties": {"county": "台北市", "district": "文山區", "highway": "tertiary", "name": "景中街"}, "geometry": {"type": "LineString", "coordinates": [[121.5413057, 24.9928799], [121.5413732, 24.9928816], [121.5416812, 24.9928673], [121.5417198, 24.9928663], [121.5417774, 24.9928666], [121.5419696, 24.9928654], [121.5423127, 24.9928448], [121.5423683, 24.9928432], [121.5424435, 24.9928414], [121.5426192, 24.9928324], [121.5427462, 24.9928273], [121.5428349, 24.9928228], [121.5432333, 24.9927658], [121.5433106, 24.9927429], [121.5433999, 24.9927292], [121.5440145, 24.9925307], [121.5441234, 24.9924975]]}}, {"type": "Feature", "properties": {"county": "台北市", "district": "文山區", "highway": "tertiary", "name": "景中街"}, "geometry": {"type": "LineString", "coordinates": [[121.541306, 24.9929646], [121.5412384, 24.9929897], [121.5410613, 24.9931039], [121.5410536, 24.9931087], [121.5410242, 24.9931268]]}}, {"type": "Feature", "properties": {"county": "台北市", "district": "文山區", "highway": "residential", "name": "景文街"}, "geometry": {"type": "LineString", "coordinates": [[121.541306, 24.9929646], [121.5413057, 24.9928799]]}}, {"type": "Feature", "properties": {"county": "台北市", "district": "文山區", "highway": "unclassified", "name": "景文街"}, "geometry": {"type": "LineString", "coordinates": [[121.5413057, 24.9928799], [121.5413068, 24.9928474], [121.5413142, 24.9924668], [121.541325, 24.9922456], [121.5413295, 24.992028], [121.5413331, 24.9918523], [121.5413349, 24.9917979], [121.5413353, 24.9917897], [121.5413409, 24.9915985], [121.5413426, 24.9915348], [121.5413265, 24.9913342], [121.5413155, 24.9912455], [121.5413073, 24.9911896], [121.5412962, 24.9911144], [121.5412183, 24.9908203], [121.5412139, 24.9908038], [121.541184, 24.9907137], [121.5411485, 24.9906069], [121.5411023, 24.9903955]]}}, {"type": "Feature", "properties": {"county": "台北市", "district": "文山區", "highway": "tertiary", "name": "景興路"}, "geometry": {"type": "LineString", "coordinates": [[121.5446702, 24.9981115], [121.5446033, 24.9983931], [121.5445944, 24.9984307], [121.5445127, 24.9985689]]}}, {"type": "Feature", "properties": {"county": "台北市", "district": "文山區", "highway": "secondary", "name": "興隆路二段"}, "geometry": {"type": "LineString", "coordinates": [[121.5450213, 24.9986162], [121.5453538, 24.9987006], [121.5454398, 24.9987227], [121.5455937, 24.9987644], [121.545642, 24.9987775], [121.5458526, 24.9988346], [121.5465552, 24.9990275], [121.5466218, 24.9990458], [121.5468662, 24.999115], [121.5470862, 24.999208], [121.5471431, 24.9992321], [121.5472107, 24.9992659]]}}, {"type": "Feature", "properties": {"county": "台北市", "district": "文山區", "highway": "tertiary", "name": "萬和街"}, "geometry": {"type": "LineString", "coordinates": [[121.566787, 25.002094], [121.5668309, 25.0020243], [121.5668549, 25.0019861], [121.5669119, 25.0019083], [121.5669736, 25.0018427], [121.56705, 25.0017723]]}}, {"type": "Feature", "properties": {"county": "台北市", "district": "文山區", "highway": "tertiary", "name": "萬芳路"}, "geometry": {"type": "LineString", "coordinates": [[121.5599389, 24.9967823], [121.5598606, 24.9967668]]}}, {"type": "Feature", "properties": {"county": "台北市", "district": "文山區", "highway": "unclassified", "name": "辛亥路七段"}, "geometry": {"type": "LineString", "coordinates": [[121.5536489, 24.9806296], [121.5537255, 24.9803112], [121.5537959, 24.9800335]]}}, {"type": "Feature", "properties": {"county": "台北市", "district": "文山區", "highway": "primary", "name": "北新路一段"}, "geometry": {"type": "LineString", "coordinates": [[121.5428906, 24.9733968], [121.5428875, 24.973221], [121.5428798, 24.9727868], [121.542883, 24.9726525], [121.5428884, 24.9725613], [121.5428936, 24.9723701], [121.5428592, 24.9719487], [121.5427661, 24.9715729], [121.5426667, 24.9712012], [121.542578, 24.9709994], [121.542527, 24.9708912]]}}, {"type": "Feature", "properties": {"county": "台北市", "district": "文山區", "highway": "primary", "name": "羅斯福路五段"}, "geometry": {"type": "LineString", "coordinates": [[121.5383156, 25.0077287], [121.5385628, 25.0072855], [121.5386247, 25.007174], [121.5388315, 25.0066608], [121.5388661, 25.0065146], [121.5388997, 25.0063202], [121.5389225, 25.0061196], [121.5389278, 25.005981], [121.5388969, 25.0054945], [121.5388558, 25.0052087], [121.5387918, 25.0048478], [121.5387487, 25.0046093], [121.5387318, 25.0045326], [121.5387068, 25.0044299]]}}, {"type": "Feature", "properties": {"county": "台北市", "district": "文山區", "highway": "residential", "name": "景華街104巷"}, "geometry": {"type": "LineString", "coordinates": [[121.5461344, 24.9953673], [121.5461552, 24.9953271], [121.5463894, 24.9948588]]}}, {"type": "Feature", "properties": {"county": "台北市", "district": "文山區", "highway": "residential", "name": "木柵路一段89巷"}, "geometry": {"type": "LineString", "coordinates": [[121.5470778, 24.9880857], [121.5471187, 24.9879013], [121.5471946, 24.9875631], [121.5472955, 24.9870682], [121.5473117, 24.987008]]}}, {"type": "Feature", "properties": {"county": "台北市", "district": "文山區", "highway": "residential", "name": "試院路144巷"}, "geometry": {"type": "LineString", "coordinates": [[121.5471812, 24.9905363], [121.5472621, 24.9902398], [121.5473206, 24.9900261]]}}, {"type": "Feature", "properties": {"county": "台北市", "district": "文山區", "highway": "residential", "name": null}, "geometry": {"type": "LineString", "coordinates": [[121.5477814, 24.9941517], [121.5475959, 24.9941749], [121.5471102, 24.9943964]]}}, {"type": "Feature", "properties": {"county": "台北市", "district": "文山區", "highway": "residential", "name": "試院路154巷3弄"}, "geometry": {"type": "LineString", "coordinates": [[121.5466223, 24.9907148], [121.5462731, 24.9906389], [121.5462144, 24.9906136]]}}, {"type": "Feature", "properties": {"county": "台北市", "district": "文山區", "highway": "residential", "name": "景華路97巷"}, "geometry": {"type": "LineString", "coordinates": [[121.5461313, 24.9959106], [121.546049, 24.9961027], [121.5459915, 24.9962284], [121.5459313, 24.9963554], [121.5457724, 24.996512], [121.5455403, 24.9967407], [121.5453619, 24.9967439]]}}, {"type": "Feature", "properties": {"county": "台北市", "district": "文山區", "highway": "residential", "name": null}, "geometry": {"type": "LineString", "coordinates": [[121.5502592, 24.9888123], [121.5505318, 24.9889408], [121.5509209, 24.9890425], [121.5510577, 24.9890474], [121.5511136, 24.9890334], [121.5511586, 24.9889861]]}}, {"type": "Feature", "properties": {"county": "台北市", "district": "文山區", "highway": "residential", "name": "和興路44巷1弄"}, "geometry": {"type": "LineString", "coordinates": [[121.5470695, 24.9846343], [121.5476367, 24.9846407]]}}, {"type": "Feature", "properties": {"county": "台北市", "district": "文山區", "highway": "residential", "name": "試院路154巷1弄"}, "geometry": {"type": "LineString", "coordinates": [[121.5467033, 24.9904133], [121.5463241, 24.9903334], [121.5461975, 24.9903487], [121.5461093, 24.9903909], [121.5460263, 24.9904506]]}}, {"type": "Feature", "properties": {"county": "台北市", "district": "文山區", "highway": "residential", "name": "和興路52巷"}, "geometry": {"type": "LineString", "coordinates": [[121.5476879, 24.9850356], [121.5476626, 24.9848408], [121.5476367, 24.9846407], [121.547614, 24.9845271], [121.5476016, 24.9844653], [121.5475615, 24.9842651], [121.5475047, 24.983981]]}}, {"type": "Feature", "properties": {"county": "台北市", "district": "文山區", "highway": "residential", "name": "景華街128巷"}, "geometry": {"type": "LineString", "coordinates": [[121.5469645, 24.9958007], [121.5469876, 24.9957669], [121.5473364, 24.9954271], [121.5477161, 24.9950403], [121.5478311, 24.9949231], [121.5479442, 24.9948079], [121.5483331, 24.9951481]]}}, {"type": "Feature", "properties": {"county": "台北市", "district": "文山區", "highway": "residential", "name": "和興路44巷"}, "geometry": {"type": "LineString", "coordinates": [[121.5467305, 24.9838857], [121.5468279, 24.9841007], [121.5468872, 24.9842317], [121.5469063, 24.9842738], [121.5469767, 24.9844292], [121.5470695, 24.9846343], [121.5471679, 24.9848515], [121.5472177, 24.9849616], [121.5472419, 24.9850451]]}}, {"type": "Feature", "properties": {"county": "台北市", "district": "文山區", "highway": "residential", "name": "景華街128巷"}, "geometry": {"type": "LineString", "coordinates": [[121.5474161, 24.9948018], [121.547806, 24.9943301], [121.5477814, 24.9941517], [121.5477634, 24.9940213], [121.5477688, 24.9939789], [121.5477971, 24.9939567], [121.5478474, 24.9939567], [121.5479728, 24.9939889], [121.5480965, 24.9940088]]}}, {"type": "Feature", "properties": {"county": "台北市", "district": "文山區", "highway": "residential", "name": "試院路84巷"}, "geometry": {"type": "LineString", "coordinates": [[121.5484043, 24.989867], [121.5484369, 24.9900005], [121.548501, 24.9902635], [121.5485324, 24.9903302], [121.548583, 24.9903897], [121.5486433, 24.9904225], [121.548816, 24.990477], [121.5490537, 24.9905722], [121.5491208, 24.9906103], [121.5492405, 24.9907048], [121.5493352, 24.9907382], [121.5494661, 24.9907374], [121.5495711, 24.9906949], [121.5497921, 24.9905465]]}}, {"type": "Feature", "properties": {"county": "台北市", "district": "文山區", "highway": "residential", "name": "景華街128巷3弄"}, "geometry": {"type": "LineString", "coordinates": [[121.5476667, 24.9957169], [121.548055, 24.9953768], [121.5482082, 24.9952606], [121.5483331, 24.9951481], [121.5484209, 24.9950292], [121.5484313, 24.9950151]]}}, {"type": "Feature", "properties": {"county": "台北市", "district": "文山區", "highway": "residential", "name": "景興路153巷14弄"}, "geometry": {"type": "LineString", "coordinates": [[121.5451173, 24.9932841], [121.5452148, 24.9932026], [121.5452965, 24.9929873], [121.5454307, 24.9927774], [121.545504, 24.9927553], [121.5456446, 24.9928633], [121.5457311, 24.9929592], [121.5457957, 24.9930329], [121.5458766, 24.993025], [121.5460161, 24.9929679], [121.5458693, 24.9927557], [121.5457647, 24.9925327]]}}, {"type": "Feature", "properties": {"county": "台北市", "district": "文山區", "highway": "residential", "name": "和興路"}, "geometry": {"type": "LineString", "coordinates": [[121.5482492, 24.9850021], [121.5483784, 24.9849631], [121.5484636, 24.9849111], [121.5487702, 24.9849288], [121.5488988, 24.9849518], [121.5491397, 24.9851006], [121.5492939, 24.9852277], [121.5493497, 24.9852558], [121.5499459, 24.9855557], [121.5503425, 24.9860203], [121.550534, 24.9862141], [121.550604, 24.9862989]]}}, {"type": "Feature", "properties": {"county": "台北市", "district": "文山區", "highway": "residential", "name": "試院路154巷"}, "geometry": {"type": "LineString", "coordinates": [[121.5469815, 24.9899871], [121.5468636, 24.9900237], [121.5467925, 24.9901252], [121.5467033, 24.9904133], [121.5466223, 24.9907148]]}}, {"type": "Feature", "properties": {"county": "台北市", "district": "文山區", "highway": "residential", "name": "興隆路二段96巷"}, "geometry": {"type": "LineString", "coordinates": [[121.5504532, 24.9998345], [121.5503083, 24.9995721], [121.55025, 24.9994665], [121.5502204, 24.9993649], [121.5503072, 24.9990987], [121.5503401, 24.9987406], [121.5503448, 24.9983946], [121.5504062, 24.9980316], [121.5504907, 24.9978242], [121.5505755, 24.9976807], [121.5506603, 24.997535], [121.5507345, 24.9974618]]}}, {"type": "Feature", "properties": {"county": "台北市", "district": "文山區", "highway": "residential", "name": "景華街82巷7弄"}, "geometry": {"type": "LineString", "coordinates": [[121.5453259, 24.9946577], [121.5462729, 24.9948066]]}}, {"type": "Feature", "properties": {"county": "台北市", "district": "文山區", "highway": "residential", "name": "景華街150巷"}, "geometry": {"type": "LineString", "coordinates": [[121.5475283, 24.9964088], [121.5475697, 24.9963836], [121.547993, 24.9961256], [121.5481783, 24.9960634], [121.5482336, 24.9960364]]}}, {"type": "Feature", "properties": {"county": "台北市", "district": "文山區", "highway": "residential", "name": "興隆路一段260巷"}, "geometry": {"type": "LineString", "coordinates": [[121.5450213, 24.9986162], [121.5450522, 24.9985668], [121.5451976, 24.9982117], [121.5452714, 24.998092], [121.5453016, 24.9979235], [121.5453051, 24.9978161]]}}, {"type": "Feature", "properties": {"county": "台北市", "district": "文山區", "highway": "residential", "name": "興隆路二段203巷"}, "geometry": {"type": "LineString", "coordinates": [[121.5472106, 25.0024522], [121.5472878, 25.0025336], [121.547782, 25.0030543], [121.5478104, 25.0030847], [121.5478722, 25.0031499]]}}, {"type": "Feature", "properties": {"county": "台北市", "district": "文山區", "highway": "residential", "name": "興隆路二段203巷"}, "geometry": {"type": "LineString", "coordinates": [[121.5481029, 25.0021395], [121.5481405, 25.0022279], [121.5482205, 25.0024163], [121.548352, 25.002723]]}}, {"type": "Feature", "properties": {"county": "台北市", "district": "文山區", "highway": "residential", "name": null}, "geometry": {"type": "LineString", "coordinates": [[121.5487087, 25.0019217], [121.5487433, 25.0019762], [121.548884, 25.0021978], [121.5489832, 25.002344], [121.549072, 25.0024952], [121.5491801, 25.0026659], [121.5492082, 25.0027102]]}}, {"type": "Feature", "properties": {"county": "台北市", "district": "文山區", "highway": "residential", "name": "福興路4巷15弄"}, "geometry": {"type": "LineString", "coordinates": [[121.5517478, 25.0052675], [121.5518054, 25.0051698], [121.5518185, 25.0050499], [121.5518153, 25.0049913], [121.5517323, 25.004809], [121.5517143, 25.0047703], [121.5516794, 25.0046761], [121.5516056, 25.0044774], [121.551576, 25.0044312], [121.5514786, 25.0041763]]}}, {"type": "Feature", "properties": {"county": "台北市", "district": "文山區", "highway": "residential", "name": "福興路4巷15弄"}, "geometry": {"type": "LineString", "coordinates": [[121.5518545, 25.0033526], [121.5517094, 25.0035097], [121.551581, 25.0036828], [121.5515166, 25.0038397], [121.5514959, 25.003935], [121.5514786, 25.0041763]]}}, {"type": "Feature", "properties": {"county": "台北市", "district": "文山區", "highway": "residential", "name": "福興路4巷"}, "geometry": {"type": "LineString", "coordinates": [[121.5513995, 25.0027361], [121.5514268, 25.0027714], [121.5517023, 25.0031498], [121.5518173, 25.0032985], [121.5518545, 25.0033526]]}}, {"type": "Feature", "properties": {"county": "台北市", "district": "文山區", "highway": "residential", "name": "興隆路二段275巷1弄"}, "geometry": {"type": "LineString", "coordinates": [[121.552937, 25.0025505], [121.5528941, 25.0025842], [121.5528622, 25.0026117], [121.5523437, 25.0029883], [121.5518911, 25.0033206], [121.5518545, 25.0033526]]}}, {"type": "Feature", "properties": {"county": "台北市", "district": "文山區", "highway": "residential", "name": "和興路78巷"}, "geometry": {"type": "LineString", "coordinates": [[121.5482492, 24.9850021], [121.5482781, 24.9846176], [121.5482988, 24.9843091], [121.548313, 24.9840989]]}}, {"type": "Feature", "properties": {"county": "台北市", "district": "文山區", "highway": "residential", "name": "木柵路一段76巷"}, "geometry": {"type": "LineString", "coordinates": [[121.5503059, 24.9869055], [121.5502885, 24.986989], [121.5502433, 24.9872039], [121.5502035, 24.9873893], [121.5501824, 24.9874967]]}}, {"type": "Feature", "properties": {"county": "台北市", "district": "文山區", "highway": "residential", "name": "試院路18巷"}, "geometry": {"type": "LineString", "coordinates": [[121.5493612, 24.9889193], [121.5495731, 24.9889645], [121.5497269, 24.9893462]]}}, {"type": "Feature", "properties": {"county": "台北市", "district": "文山區", "highway": "residential", "name": "試院路"}, "geometry": {"type": "LineString", "coordinates": [[121.5498965, 24.9874433], [121.5498903, 24.9874714], [121.5498787, 24.9875133], [121.549794, 24.9878638], [121.5497053, 24.9881334], [121.5495899, 24.9882385], [121.5495472, 24.9883073], [121.5494789, 24.9884002], [121.5494413, 24.9885303], [121.5493612, 24.9889193], [121.5492366, 24.9894027], [121.5491935, 24.9894918], [121.5490447, 24.9896375], [121.548939, 24.9897267], [121.5488356, 24.9897902], [121.5487518, 24.989816], [121.5484043, 24.989867], [121.5478786, 24.9899442]]}}, {"type": "Feature", "properties": {"county": "台北市", "district": "文山區", "highway": "residential", "name": "木柵路一段191巷"}, "geometry": {"type": "LineString", "coordinates": [[121.5512299, 24.9883799], [121.5512351, 24.9883157], [121.5512627, 24.988114], [121.5513019, 24.9877562], [121.5513108, 24.987711], [121.5513163, 24.9876881]]}}, {"type": "Feature", "properties": {"county": "台北市", "district": "文山區", "highway": "residential", "name": "試院路14巷"}, "geometry": {"type": "LineString", "coordinates": [[121.5495472, 24.9883073], [121.5497145, 24.9883614]]}}, {"type": "Feature", "properties": {"county": "台北市", "district": "文山區", "highway": "residential", "name": "試院路144巷4弄"}, "geometry": {"type": "LineString", "coordinates": [[121.5471812, 24.9905363], [121.5472026, 24.9905409], [121.5476126, 24.9906452], [121.5476372, 24.9907104], [121.5476533, 24.9907522], [121.5478342, 24.9908154], [121.5479264, 24.9906976], [121.5481101, 24.9906382], [121.5481785, 24.9908407]]}}, {"type": "Feature", "properties": {"county": "台北市", "district": "文山區", "highway": "residential", "name": "試院路154巷2弄"}, "geometry": {"type": "LineString", "coordinates": [[121.5481785, 24.9908407], [121.5480894, 24.9909087], [121.5479107, 24.9909664], [121.5477775, 24.9909978], [121.5471217, 24.9908361], [121.5470026, 24.9908074], [121.5466223, 24.9907148]]}}, {"type": "Feature", "properties": {"county": "台北市", "district": "文山區", "highway": "residential", "name": "試院路144巷1弄"}, "geometry": {"type": "LineString", "coordinates": [[121.5467033, 24.9904133], [121.5471812, 24.9905363]]}}, {"type": "Feature", "properties": {"county": "台北市", "district": "文山區", "highway": "residential", "name": "試院路144巷2弄"}, "geometry": {"type": "LineString", "coordinates": [[121.5472621, 24.9902398], [121.5476937, 24.9903474]]}}, {"type": "Feature", "properties": {"county": "台北市", "district": "文山區", "highway": "residential", "name": "試院路60巷"}, "geometry": {"type": "LineString", "coordinates": [[121.5490447, 24.9896375], [121.5491991, 24.9897566], [121.549279, 24.9898347], [121.5493787, 24.9899245], [121.549735, 24.990245], [121.5498208, 24.9903347], [121.5498436, 24.9903908], [121.5498409, 24.9904487], [121.5498255, 24.9905009], [121.5497921, 24.9905465]]}}, {"type": "Feature", "properties": {"county": "台北市", "district": "文山區", "highway": "residential", "name": "木柵路一段70巷"}, "geometry": {"type": "LineString", "coordinates": [[121.5489114, 24.9866421], [121.5503059, 24.9869055]]}}, {"type": "Feature", "properties": {"county": "台北市", "district": "文山區", "highway": "residential", "name": "木柵路一段58巷"}, "geometry": {"type": "LineString", "coordinates": [[121.5474405, 24.9863777], [121.5481298, 24.9865126], [121.5483625, 24.9864686], [121.5486831, 24.9865997], [121.5489114, 24.9866421]]}}, {"type": "Feature", "properties": {"county": "台北市", "district": "文山區", "highway": "residential", "name": "景後街"}, "geometry": {"type": "LineString", "coordinates": [[121.5433106, 24.9927429], [121.5432723, 24.9926885], [121.5430842, 24.9924089], [121.5429556, 24.9921822], [121.5429094, 24.9921006], [121.5428972, 24.9920814], [121.5428411, 24.991985], [121.5427159, 24.9917736], [121.5427048, 24.9917549], [121.5426894, 24.9917287], [121.5426577, 24.9916704], [121.5425942, 24.9915536], [121.5424758, 24.991336], [121.5424627, 24.9912832], [121.5423768, 24.9908873], [121.5423742, 24.9908751], [121.5423377, 24.9907613], [121.542255, 24.9905037], [121.5421312, 24.9903861], [121.5419605, 24.990268], [121.5418148, 24.9900992], [121.5417628, 24.9900284], [121.5417404, 24.9899282], [121.5417312, 24.9898394], [121.5417359, 24.9897878]]}}, {"type": "Feature", "properties": {"county": "台北市", "district": "文山區", "highway": "tertiary", "name": "中興路三段"}, "geometry": {"type": "LineString", "coordinates": [[121.5419017, 24.9866358], [121.5419234, 24.9864212], [121.541932, 24.9862792], [121.5419551, 24.9861003], [121.5419846, 24.9859277], [121.5419934, 24.9858821], [121.5420105, 24.9858022], [121.5420286, 24.9857436], [121.5420847, 24.9855627], [121.5421734, 24.9853146], [121.5422798, 24.9850759], [121.5423812, 24.9848612], [121.5424765, 24.9846645], [121.5425968, 24.9844111], [121.5426882, 24.9841806], [121.5427468, 24.9840691], [121.5428014, 24.9839495], [121.5429844, 24.9835507], [121.543269, 24.9829844]]}}, {"type": "Feature", "properties": {"county": "台北市", "district": "文山區", "highway": "tertiary", "name": "中興路二段"}, "geometry": {"type": "LineString", "coordinates": [[121.5477771, 24.9724822], [121.5475488, 24.9721293], [121.5474377, 24.9719538], [121.5473925, 24.9718824]]}}, {"type": "Feature", "properties": {"county": "台北市", "district": "文山區", "highway": "motorway_link", "name": "新店交流道"}, "geometry": {"type": "LineString", "coordinates": [[121.5468463, 24.9723396], [121.5467784, 24.9724349], [121.5467203, 24.9725559], [121.5466842, 24.9726939]]}}, {"type": "Feature", "properties": {"county": "台北市", "district": "文山區", "highway": "secondary", "name": "寶慶街"}, "geometry": {"type": "LineString", "coordinates": [[121.5419017, 24.9866358], [121.5420591, 24.9866394], [121.5421144, 24.9866403], [121.5421954, 24.986642], [121.5425923, 24.9866532]]}}, {"type": "Feature", "properties": {"county": "台北市", "district": "文山區", "highway": "residential", "name": "中央路133巷"}, "geometry": {"type": "LineString", "coordinates": [[121.5306079, 24.9737108], [121.5308883, 24.9735663], [121.5311705, 24.9734148], [121.5316782, 24.9731322]]}}, {"type": "Feature", "properties": {"county": "台北市", "district": "文山區", "highway": "residential", "name": "景華街176巷"}, "geometry": {"type": "LineString", "coordinates": [[121.547868, 24.997248], [121.5479269, 24.9972543], [121.5482496, 24.9972243], [121.5483772, 24.9972254], [121.5486373, 24.997216], [121.5488451, 24.9971764], [121.5489934, 24.9971296], [121.5490313, 24.9971163], [121.5490954, 24.9970976], [121.5494685, 24.9968858], [121.5496477, 24.9967156], [121.5496816, 24.9966552], [121.5497244, 24.9965788], [121.5498017, 24.996392], [121.5498115, 24.9962513], [121.5497754, 24.9954919]]}}, {"type": "Feature", "properties": {"county": "台北市", "district": "文山區", "highway": "residential", "name": "景華街121巷"}, "geometry": {"type": "LineString", "coordinates": [[121.5461148, 24.9969209], [121.5462236, 24.9968132], [121.5463483, 24.9966776], [121.5465856, 24.9964761], [121.5467382, 24.9963543], [121.5467842, 24.996343], [121.5469768, 24.996175], [121.547075, 24.996094], [121.5471574, 24.9960233], [121.5471931, 24.9959898]]}}, {"type": "Feature", "properties": {"county": "台北市", "district": "文山區", "highway": "residential", "name": null}, "geometry": {"type": "LineString", "coordinates": [[121.5516056, 25.0044774], [121.5517874, 25.0044913], [121.5521581, 25.0045198], [121.5525738, 25.0045513]]}}, {"type": "Feature", "properties": {"county": "台北市", "district": "文山區", "highway": "residential", "name": null}, "geometry": {"type": "LineString", "coordinates": [[121.5517143, 25.0047703], [121.5513905, 25.004867]]}}, {"type": "Feature", "properties": {"county": "台北市", "district": "文山區", "highway": "unclassified", "name": "恆光街"}, "geometry": {"type": "LineString", "coordinates": [[121.5661327, 24.9839059], [121.5661842, 24.9838745], [121.5665801, 24.9836137], [121.5666252, 24.9834953], [121.5666965, 24.9833158], [121.5667134, 24.9832726], [121.5667568, 24.9831617], [121.5668899, 24.9828035], [121.5669857, 24.9825648], [121.5669981, 24.9825338], [121.5670273, 24.9824837]]}}, {"type": "Feature", "properties": {"county": "台北市", "district": "文山區", "highway": "residential", "name": "興隆路二段244巷"}, "geometry": {"type": "LineString", "coordinates": [[121.5534105, 25.0001067], [121.5534847, 25.0000809], [121.5534977, 25.0000789], [121.5538208, 24.999964], [121.5539926, 24.9999007], [121.554039, 24.9998886]]}}, {"type": "Feature", "properties": {"county": "台北市", "district": "文山區", "highway": "residential", "name": "興隆路二段220巷"}, "geometry": {"type": "LineString", "coordinates": [[121.5511499, 24.9995295], [121.5511925, 24.9995391], [121.5514671, 24.9996011], [121.5515373, 24.999622], [121.5516528, 24.9996658], [121.5517514, 24.9997148], [121.5518536, 24.9998081], [121.5519322, 24.9998919], [121.5522012, 25.0004643], [121.5522315, 25.0005308], [121.5522609, 25.0005972], [121.55256, 25.0012664]]}}, {"type": "Feature", "properties": {"county": "台北市", "district": "文山區", "highway": "residential", "name": null}, "geometry": {"type": "LineString", "coordinates": [[121.5442694, 24.9808216], [121.5443287, 24.9808391], [121.544721, 24.9809528], [121.5445247, 24.9806524], [121.5444824, 24.9806147], [121.5444268, 24.9805652], [121.5443889, 24.9805314]]}}, {"type": "Feature", "properties": {"county": "台北市", "district": "文山區", "highway": "residential", "name": "文化路"}, "geometry": {"type": "LineString", "coordinates": [[121.5443942, 24.9813551], [121.544477, 24.9812532], [121.544721, 24.9809528]]}}, {"type": "Feature", "properties": {"county": "台北市", "district": "文山區", "highway": "residential", "name": "景興路282巷"}, "geometry": {"type": "LineString", "coordinates": [[121.5424088, 24.989502], [121.54235, 24.9895388], [121.542297, 24.9895707], [121.5422055, 24.9896172], [121.5421122, 24.9896647], [121.5419918, 24.989726], [121.541757, 24.9897828], [121.5417359, 24.9897878], [121.5416588, 24.989787], [121.5413318, 24.9897838], [121.541033, 24.9897423], [121.5409147, 24.9897354]]}}, {"type": "Feature", "properties": {"county": "台北市", "district": "文山區", "highway": "residential", "name": "景後街"}, "geometry": {"type": "LineString", "coordinates": [[121.5417359, 24.9897878], [121.5417576, 24.9897354], [121.5418145, 24.989484], [121.541956, 24.9893467], [121.5420869, 24.9890997], [121.5421302, 24.9890873], [121.542186, 24.9890712]]}}, {"type": "Feature", "properties": {"county": "台北市", "district": "文山區", "highway": "residential", "name": "景華街22巷"}, "geometry": {"type": "LineString", "coordinates": [[121.5423645, 24.9929325], [121.5423525, 24.9929741], [121.5423488, 24.9930418], [121.5423339, 24.9933102], [121.542301, 24.9944495], [121.5422916, 24.9946235], [121.5422831, 24.9949197], [121.5422836, 24.9949286], [121.5422803, 24.9949789]]}}, {"type": "Feature", "properties": {"county": "台北市", "district": "文山區", "highway": "residential", "name": "萬慶街"}, "geometry": {"type": "LineString", "coordinates": [[121.5387412, 24.9927539], [121.5390761, 24.9926416], [121.5393314, 24.9925519], [121.5396839, 24.9924313], [121.539918, 24.9923512]]}}, {"type": "Feature", "properties": {"county": "台北市", "district": "文山區", "highway": "residential", "name": "萬慶街"}, "geometry": {"type": "LineString", "coordinates": [[121.539918, 24.9923512], [121.5402335, 24.9922383], [121.5403691, 24.9921921], [121.5403895, 24.9921842], [121.5404588, 24.9921576]]}}, {"type": "Feature", "properties": {"county": "台北市", "district": "文山區", "highway": "residential", "name": "木柵路二段2巷"}, "geometry": {"type": "LineString", "coordinates": [[121.5585023, 24.9877886], [121.5591912, 24.9877457], [121.5603901, 24.9876709], [121.560427, 24.9876707], [121.560518, 24.9876703]]}}, {"type": "Feature", "properties": {"county": "台北市", "district": "文山區", "highway": "secondary", "name": "興隆路四段"}, "geometry": {"type": "LineString", "coordinates": [[121.560591, 24.98767], [121.5605727, 24.9877209], [121.5604226, 24.9881375], [121.5602549, 24.988603], [121.5602396, 24.9886453], [121.5602089, 24.9887307]]}}, {"type": "Feature", "properties": {"county": "台北市", "district": "文山區", "highway": "residential", "name": "興隆路四段105巷"}, "geometry": {"type": "LineString", "coordinates": [[121.560591, 24.98767], [121.560667, 24.9876696], [121.5607177, 24.9876694], [121.5621027, 24.9877559], [121.562143, 24.9877585], [121.5622265, 24.9877647]]}}, {"type": "Feature", "properties": {"county": "台北市", "district": "文山區", "highway": "residential", "name": "木柵路三段48巷1弄"}, "geometry": {"type": "LineString", "coordinates": [[121.5645016, 24.9879816], [121.5646763, 24.9879586], [121.5652721, 24.987882], [121.5654175, 24.9878633], [121.5654618, 24.9878576], [121.565599, 24.98784]]}}, {"type": "Feature", "properties": {"county": "台北市", "district": "文山區", "highway": "residential", "name": "興隆路四段105巷"}, "geometry": {"type": "LineString", "coordinates": [[121.563589, 24.988102], [121.5637024, 24.9880871], [121.564406, 24.9879942], [121.5645016, 24.9879816]]}}, {"type": "Feature", "properties": {"county": "台北市", "district": "文山區", "highway": "tertiary", "name": "木柵路三段66巷"}, "geometry": {"type": "LineString", "coordinates": [[121.5657457, 24.9870417], [121.5659168, 24.9870329], [121.5660882, 24.9870162], [121.5661421, 24.9870098], [121.5661666, 24.9870066], [121.5666554, 24.9869479], [121.5667036, 24.9869421], [121.566844, 24.9869252], [121.5669215, 24.9869159], [121.5672263, 24.9868852], [121.567551, 24.9868622], [121.5677883, 24.98686], [121.5678248, 24.98686], [121.5678716, 24.9868613]]}}, {"type": "Feature", "properties": {"county": "台北市", "district": "文山區", "highway": "residential", "name": null}, "geometry": {"type": "LineString", "coordinates": [[121.5649399, 24.9897645], [121.5649019, 24.9896535], [121.5648814, 24.9895822], [121.5648675, 24.9895034], [121.5648482, 24.9893153], [121.5648122, 24.9891882], [121.5647708, 24.9891221], [121.5647617, 24.9891077], [121.5647529, 24.9890936], [121.5647347, 24.9890516], [121.5647306, 24.989025], [121.5647372, 24.9890006], [121.5647645, 24.9889329]]}}, {"type": "Feature", "properties": {"county": "台北市", "district": "文山區", "highway": "residential", "name": "保儀路26巷"}, "geometry": {"type": "LineString", "coordinates": [[121.5675836, 24.9881501], [121.5677981, 24.988194], [121.5680224, 24.9882337], [121.5681992, 24.9882674], [121.5685027, 24.9883252], [121.568559, 24.9883319], [121.5686305, 24.9883406]]}}, {"type": "Feature", "properties": {"county": "台北市", "district": "文山區", "highway": "residential", "name": "保儀路13巷"}, "geometry": {"type": "LineString", "coordinates": [[121.5686305, 24.9883406], [121.5686831, 24.9883433], [121.5687317, 24.9883462], [121.5694031, 24.9884361]]}}, {"type": "Feature", "properties": {"county": "台北市", "district": "文山區", "highway": "residential", "name": "集英街21巷"}, "geometry": {"type": "LineString", "coordinates": [[121.5694031, 24.9884361], [121.5699316, 24.9885068], [121.5703058, 24.9885568], [121.5704869, 24.9885811], [121.5705585, 24.9885906], [121.5706448, 24.9886022]]}}, {"type": "Feature", "properties": {"county": "台北市", "district": "文山區", "highway": "tertiary", "name": "木柵路三段"}, "geometry": {"type": "LineString", "coordinates": [[121.5652841, 24.988387], [121.5652134, 24.9883874], [121.5651664, 24.9883896], [121.5650239, 24.9884036], [121.5648933, 24.9884218], [121.5647533, 24.9884507], [121.5646221, 24.9884886], [121.5645806, 24.9885032], [121.5644251, 24.9885637], [121.5642935, 24.988615], [121.5642548, 24.9886301], [121.5642326, 24.9886387], [121.5640505, 24.9887096], [121.56395, 24.9887488], [121.5639037, 24.9887668], [121.56383, 24.9887955], [121.5635571, 24.9889018], [121.5633863, 24.9889683], [121.5631004, 24.9890562]]}}, {"type": "Feature", "properties": {"county": "台北市", "district": "文山區", "highway": "residential", "name": "木柵路三段25巷"}, "geometry": {"type": "LineString", "coordinates": [[121.5651473, 24.9891905], [121.5652149, 24.9887934], [121.5652684, 24.9884796], [121.5652738, 24.9884478], [121.5652841, 24.988387]]}}, {"type": "Feature", "properties": {"county": "台北市", "district": "文山區", "highway": "tertiary", "name": "興隆路四段109巷"}, "geometry": {"type": "LineString", "coordinates": [[121.5626618, 24.986765], [121.562767, 24.986775], [121.5628041, 24.9867785], [121.5635135, 24.9868462], [121.5645966, 24.9869494], [121.5646352, 24.9869531], [121.5646931, 24.9869586]]}}, {"type": "Feature", "properties": {"county": "台北市", "district": "文山區", "highway": "residential", "name": "興隆路四段109巷32弄"}, "geometry": {"type": "LineString", "coordinates": [[121.5626618, 24.986765], [121.5627092, 24.9866874], [121.5627166, 24.9866649], [121.5627828, 24.9862326], [121.5628506, 24.9857897]]}}, {"type": "Feature", "properties": {"county": "台北市", "district": "文山區", "highway": "unclassified", "name": "忠順街二段57巷"}, "geometry": {"type": "LineString", "coordinates": [[121.5642835, 24.9854188], [121.564378, 24.9849353]]}}, {"type": "Feature", "properties": {"county": "台北市", "district": "文山區", "highway": "residential", "name": "忠順街二段85巷1弄"}, "geometry": {"type": "LineString", "coordinates": [[121.5642835, 24.9854188], [121.5643557, 24.9854089], [121.5648217, 24.9854788], [121.5650041, 24.9855244], [121.5652154, 24.9855384], [121.5655812, 24.9855539]]}}, {"type": "Feature", "properties": {"county": "台北市", "district": "文山區", "highway": "residential", "name": "木新路三段74巷"}, "geometry": {"type": "LineString", "coordinates": [[121.5633606, 24.9828857], [121.5631987, 24.9833108], [121.5630305, 24.983751], [121.5629599, 24.9839529], [121.56291, 24.9840955], [121.5628749, 24.9841959], [121.5628721, 24.9842054], [121.5627789, 24.984616], [121.5627667, 24.9846766]]}}, {"type": "Feature", "properties": {"county": "台北市", "district": "文山區", "highway": "residential", "name": "興隆路四段145巷22弄"}, "geometry": {"type": "LineString", "coordinates": [[121.5627493, 24.9851778], [121.5628988, 24.9847556], [121.562918, 24.9847008]]}}, {"type": "Feature", "properties": {"county": "台北市", "district": "文山區", "highway": "secondary", "name": "福和橋"}, "geometry": {"type": "LineString", "coordinates": [[121.5278952, 25.006224], [121.5296705, 25.0072103], [121.5301993, 25.007504], [121.5314685, 25.0082463], [121.5320233, 25.0085575]]}}, {"type": "Feature", "properties": {"county": "台北市", "district": "文山區", "highway": "residential", "name": "久康街135巷"}, "geometry": {"type": "LineString", "coordinates": [[121.566738, 24.9902613], [121.5665341, 24.9905219], [121.5665092, 24.9905537], [121.5664758, 24.9905963]]}}, {"type": "Feature", "properties": {"county": "台北市", "district": "文山區", "highway": "residential", "name": "秀明路一段103巷"}, "geometry": {"type": "LineString", "coordinates": [[121.5664437, 24.9906644], [121.5664027, 24.9907221], [121.5663872, 24.9907439], [121.566263, 24.9909196], [121.5661173, 24.9911257], [121.5659693, 24.991335]]}}, {"type": "Feature", "properties": {"county": "台北市", "district": "文山區", "highway": "residential", "name": "秀明路一段103巷9弄"}, "geometry": {"type": "LineString", "coordinates": [[121.5659693, 24.991335], [121.5658537, 24.9913548], [121.5657503, 24.9913427], [121.5656772, 24.9913086], [121.5653586, 24.9910564]]}}, {"type": "Feature", "properties": {"county": "台北市", "district": "文山區", "highway": "residential", "name": "秀明路一段79巷5弄"}, "geometry": {"type": "LineString", "coordinates": [[121.5653586, 24.9910564], [121.5651897, 24.9909227], [121.5648431, 24.9906482], [121.5644152, 24.9903094], [121.5643038, 24.9902212], [121.5641277, 24.9901065], [121.5639717, 24.9900447], [121.5638143, 24.9900082]]}}, {"type": "Feature", "properties": {"county": "台北市", "district": "文山區", "highway": "secondary_link", "name": null}, "geometry": {"type": "LineString", "coordinates": [[121.5539508, 25.0135096], [121.553861, 25.0135219], [121.5537908, 25.0134998], [121.5537418, 25.0134612], [121.5537208, 25.0134083], [121.5537345, 25.0133122]]}}, {"type": "Feature", "properties": {"county": "台北市", "district": "文山區", "highway": "residential", "name": null}, "geometry": {"type": "LineString", "coordinates": [[121.6126847, 25.0011194], [121.6127428, 25.0008424]]}}, {"type": "Feature", "properties": {"county": "台北市", "district": "文山區", "highway": "residential", "name": null}, "geometry": {"type": "LineString", "coordinates": [[121.6129484, 24.9991747], [121.6130171, 24.9991512], [121.6131021, 24.9991128], [121.6132277, 24.9989157], [121.6132611, 24.9989058]]}}, {"type": "Feature", "properties": {"county": "台北市", "district": "文山區", "highway": "residential", "name": "竹芳橋"}, "geometry": {"type": "LineString", "coordinates": [[121.6132611, 24.9989058], [121.6134486, 24.9989143]]}}, {"type": "Feature", "properties": {"county": "台北市", "district": "文山區", "highway": "secondary", "name": "文山路二段"}, "geometry": {"type": "LineString", "coordinates": [[121.6133798, 24.9981781], [121.6129699, 24.9981436]]}}, {"type": "Feature", "properties": {"county": "台北市", "district": "文山區", "highway": "secondary", "name": "平安橋"}, "geometry": {"type": "LineString", "coordinates": [[121.6134381, 24.9980994], [121.6137887, 24.9981554], [121.6139902, 24.9982005]]}}, {"type": "Feature", "properties": {"county": "台北市", "district": "文山區", "highway": "secondary", "name": "文山路二段"}, "geometry": {"type": "LineString", "coordinates": [[121.6139902, 24.9982005], [121.6141166, 24.9982281], [121.6154118, 24.9985501], [121.6156576, 24.9986199], [121.6163294, 24.9987911], [121.6164344, 24.998816]]}}, {"type": "Feature", "properties": {"county": "台北市", "district": "文山區", "highway": "secondary", "name": "平安橋"}, "geometry": {"type": "LineString", "coordinates": [[121.6139569, 24.9982799], [121.6137663, 24.9982423], [121.6133798, 24.9981781]]}}, {"type": "Feature", "properties": {"county": "台北市", "district": "文山區", "highway": "residential", "name": "平埔街"}, "geometry": {"type": "LineString", "coordinates": [[121.6155899, 25.0012386], [121.6155874, 25.0011799], [121.6155815, 25.0010508], [121.6155831, 25.0009691], [121.6155943, 25.0006515], [121.6155922, 25.0004754]]}}, {"type": "Feature", "properties": {"county": "台北市", "district": "文山區", "highway": "residential", "name": "埔新街"}, "geometry": {"type": "LineString", "coordinates": [[121.6180805, 25.0019667], [121.6182213, 25.0020265], [121.618609, 25.0021206], [121.6193007, 25.0022779], [121.6193813, 25.0022953], [121.6203224, 25.0024744], [121.6205824, 25.002581], [121.6207752, 25.0027171], [121.6208938, 25.0028979], [121.6209535, 25.0030665], [121.6209835, 25.0033091], [121.6209845, 25.0033826], [121.6209663, 25.0034768], [121.6205024, 25.0044495]]}}, {"type": "Feature", "properties": {"county": "台北市", "district": "文山區", "highway": "secondary", "name": "喜樂橋"}, "geometry": {"type": "LineString", "coordinates": [[121.6180235, 24.9992424], [121.6197639, 24.999686], [121.6202682, 24.9998014], [121.6211916, 25.00001]]}}, {"type": "Feature", "properties": {"county": "台北市", "district": "文山區", "highway": "secondary", "name": "文山路二段"}, "geometry": {"type": "LineString", "coordinates": [[121.6163917, 24.9988988], [121.6163276, 24.9988848], [121.6156326, 24.9987078], [121.6153781, 24.9986329], [121.6142763, 24.998355], [121.6139569, 24.9982799]]}}, {"type": "Feature", "properties": {"county": "台北市", "district": "文山區", "highway": "secondary", "name": "喜樂橋"}, "geometry": {"type": "LineString", "coordinates": [[121.6212173, 25.0001091], [121.6200479, 24.9998367], [121.619144, 24.9996192], [121.6179848, 24.9993184]]}}, {"type": "Feature", "properties": {"county": "台北市", "district": "文山區", "highway": "secondary", "name": "文山路二段"}, "geometry": {"type": "LineString", "coordinates": [[121.612972, 24.9980523], [121.613398, 24.998093], [121.6134381, 24.9980994]]}}, {"type": "Feature", "properties": {"county": "台北市", "district": "文山區", "highway": "secondary", "name": "文山路三段"}, "geometry": {"type": "LineString", "coordinates": [[121.6129699, 24.9981436], [121.6124059, 24.9981226], [121.6122482, 24.9981191], [121.6120348, 24.9981245], [121.6117636, 24.9981393], [121.6111858, 24.99821], [121.6104039, 24.9983427], [121.6098048, 24.9984457], [121.6094543, 24.998509], [121.6087418, 24.9986302], [121.608687, 24.9986416], [121.60863, 24.9986515]]}}, {"type": "Feature", "properties": {"county": "台北市", "district": "文山區", "highway": "secondary", "name": null}, "geometry": {"type": "LineString", "coordinates": [[121.6082261, 24.9985992], [121.6082871, 24.9986927], [121.6083602, 24.998776], [121.6083977, 24.9988182], [121.6084444, 24.9989487]]}}, {"type": "Feature", "properties": {"county": "台北市", "district": "文山區", "highway": "secondary", "name": "北深路三段25巷"}, "geometry": {"type": "LineString", "coordinates": [[121.6090361, 25.0011677], [121.6086772, 24.9999379]]}}, {"type": "Feature", "properties": {"county": "台北市", "district": "文山區", "highway": "secondary", "name": "北深路三段25巷"}, "geometry": {"type": "LineString", "coordinates": [[121.6087611, 24.9999468], [121.6091327, 25.0011507]]}}, {"type": "Feature", "properties": {"county": "台北市", "district": "文山區", "highway": "secondary", "name": "白鷺橋"}, "geometry": {"type": "LineString", "coordinates": [[121.6086772, 24.9999379], [121.6084221, 24.9991656]]}}, {"type": "Feature", "properties": {"county": "台北市", "district": "文山區", "highway": "secondary", "name": "白鷺橋"}, "geometry": {"type": "LineString", "coordinates": [[121.608503, 24.9991554], [121.6087611, 24.9999468]]}}, {"type": "Feature", "properties": {"county": "台北市", "district": "文山區", "highway": "secondary", "name": null}, "geometry": {"type": "LineString", "coordinates": [[121.6084221, 24.9991656], [121.6083485, 24.9989392], [121.6083099, 24.9988526], [121.6082462, 24.9987796], [121.6081203, 24.9987], [121.6080949, 24.9986122]]}}, {"type": "Feature", "properties": {"county": "台北市", "district": "文山區", "highway": "residential", "name": "木柵路四段159巷"}, "geometry": {"type": "LineString", "coordinates": [[121.5756964, 24.9997219], [121.5756327, 24.9997565], [121.5755966, 24.999847], [121.5755614, 24.9999966], [121.5755428, 25.0000758], [121.5754871, 25.0003122], [121.575484, 25.000364], [121.5754853, 25.0004108], [121.5754973, 25.0004644], [121.5755174, 25.0005075], [121.5755503, 25.000562], [121.5756167, 25.0006654], [121.5756388, 25.0007171], [121.5756482, 25.0007486], [121.5756584, 25.0007976], [121.5756636, 25.0008447], [121.5756719, 25.0009602], [121.5756764, 25.0010021], [121.5756832, 25.0010331], [121.575699, 25.001064]]}}, {"type": "Feature", "properties": {"county": "台北市", "district": "文山區", "highway": "tertiary", "name": "萬美街一段"}, "geometry": {"type": "LineString", "coordinates": [[121.566787, 25.002094], [121.5666812, 25.0020448], [121.5665266, 25.0019665], [121.566395, 25.0018991], [121.5657733, 25.0015788], [121.5657132, 25.0015493], [121.5656098, 25.0015004], [121.5655187, 25.001466], [121.5654442, 25.0014498], [121.5653247, 25.001448], [121.5652127, 25.0014574], [121.5651101, 25.0014738], [121.5650154, 25.0014941], [121.5648855, 25.0015315], [121.5647641, 25.0015808], [121.5646669, 25.0016391], [121.5645741, 25.0017126], [121.5643215, 25.001949], [121.5642496, 25.0020092], [121.5641685, 25.0020619], [121.5640913, 25.0020986], [121.5640022, 25.0021315], [121.5639035, 25.0021574], [121.5638061, 25.0021733], [121.5637081, 25.0021748], [121.5636255, 25.0021684], [121.5635206, 25.0021562], [121.5634265, 25.0021345], [121.5633324, 25.0021027], [121.5632155, 25.0020534], [121.5630546, 25.0019752], [121.5629488, 25.0019292], [121.5628349, 25.0018888], [121.5626808, 25.0018514], [121.5625881, 25.0018459], [121.5624585, 25.0018418], [121.5622777, 25.0018464], [121.5621876, 25.0018569], [121.5620965, 25.001878], [121.5620114, 25.0019102], [121.5619649, 25.0019317], [121.5618921, 25.0019739], [121.5618192, 25.0020246]]}}, {"type": "Feature", "properties": {"county": "台北市", "district": "文山區", "highway": "residential", "name": "興隆路三段192巷8弄"}, "geometry": {"type": "LineString", "coordinates": [[121.5568473, 24.9981084], [121.5572885, 24.9979295], [121.5574747, 24.997854], [121.5576324, 24.9977901], [121.557789, 24.9977266], [121.557953, 24.9976601], [121.5581157, 24.9975941], [121.5582465, 24.997541], [121.5583158, 24.9975129], [121.5583867, 24.9974842], [121.5584141, 24.9974731], [121.5584917, 24.9974269], [121.5585532, 24.9973848], [121.5586837, 24.9972816], [121.5587073, 24.997263], [121.5587755, 24.9972092], [121.5588232, 24.9971715], [121.5588431, 24.9971477], [121.5588572, 24.9971148], [121.5588863, 24.9970431], [121.5589034, 24.9969857], [121.558943, 24.9968532], [121.5589686, 24.9967992], [121.5590058, 24.9967555], [121.55905, 24.9967218], [121.5591, 24.9966974], [121.5591512, 24.9966834], [121.559236, 24.996683], [121.5597772, 24.9967556], [121.5598606, 24.9967668]]}}, {"type": "Feature", "properties": {"county": "台北市", "district": "文山區", "highway": "secondary", "name": "文山路三段"}, "geometry": {"type": "LineString", "coordinates": [[121.6000494, 25.0019498], [121.6001641, 25.001917], [121.6002767, 25.0018635], [121.6009599, 25.0014813], [121.6013905, 25.0012455], [121.6018746, 25.0009538], [121.6020838, 25.0008189], [121.602297, 25.0006547], [121.6025103, 25.0004591], [121.6027222, 25.0002415], [121.602863, 25.0000896], [121.603032, 24.9999291], [121.6032573, 24.9997481], [121.6035032, 24.9995774], [121.6036904, 24.9994599], [121.6038762, 24.9993682], [121.6040812, 24.999272], [121.6042792, 24.9991942], [121.6045917, 24.9990783], [121.6047779, 24.9990168], [121.6048974, 24.9989799], [121.6052837, 24.9988753], [121.6053977, 24.998851], [121.6056538, 24.9987951], [121.6058872, 24.998755], [121.6061305, 24.9987248]]}}, {"type": "Feature", "properties": {"county": "台北市", "district": "文山區", "highway": "residential", "name": null}, "geometry": {"type": "LineString", "coordinates": [[121.5710189, 24.9952855], [121.5709629, 24.9952236], [121.5709292, 24.9951836]]}}, {"type": "Feature", "properties": {"county": "台北市", "district": "文山區", "highway": "residential", "name": "萬芳路"}, "geometry": {"type": "LineString", "coordinates": [[121.5709292, 24.9951836], [121.5709676, 24.995126], [121.5715606, 24.9943155], [121.5716086, 24.9943]]}}, {"type": "Feature", "properties": {"county": "台北市", "district": "文山區", "highway": "residential", "name": "木柵路四段33巷"}, "geometry": {"type": "LineString", "coordinates": [[121.5716376, 24.9940367], [121.5715606, 24.9940575], [121.571505, 24.9940764], [121.5714101, 24.9941149], [121.5712914, 24.9941862], [121.571179, 24.994269], [121.5710789, 24.994378], [121.5709579, 24.9945943], [121.5708965, 24.9947144], [121.5708588, 24.9948201], [121.5708471, 24.9949217], [121.5708541, 24.9949767], [121.5708681, 24.9950529], [121.5708938, 24.9951249], [121.5709218, 24.9951651], [121.5709292, 24.9951836]]}}, {"type": "Feature", "properties": {"county": "台北市", "district": "文山區", "highway": "residential", "name": "忠順街二段85巷"}, "geometry": {"type": "LineString", "coordinates": [[121.5655812, 24.9855539], [121.5655262, 24.9850682]]}}, {"type": "Feature", "properties": {"county": "台北市", "district": "文山區", "highway": "tertiary", "name": "木柵路三段102巷"}, "geometry": {"type": "LineString", "coordinates": [[121.5678716, 24.9868613], [121.5679116, 24.9868624], [121.5679569, 24.9868627], [121.5680786, 24.9868573], [121.5682034, 24.9868505], [121.5682697, 24.9868469], [121.5683437, 24.9868429]]}}, {"type": "Feature", "properties": {"county": "台北市", "district": "文山區", "highway": "residential", "name": null}, "geometry": {"type": "LineString", "coordinates": [[121.5706459, 24.9888304], [121.5707384, 24.9887838], [121.5707682, 24.988753], [121.5710726, 24.9883347], [121.5711212, 24.988284], [121.5712658, 24.9881331]]}}, {"type": "Feature", "properties": {"county": "台北市", "district": "文山區", "highway": "residential", "name": "景興路137巷"}, "geometry": {"type": "LineString", "coordinates": [[121.5462471, 24.9942585], [121.5453486, 24.9942527]]}}, {"type": "Feature", "properties": {"county": "台北市", "district": "文山區", "highway": "tertiary", "name": "萬和街"}, "geometry": {"type": "LineString", "coordinates": [[121.56705, 25.0017723], [121.5671498, 25.0016923], [121.5672438, 25.0016255], [121.5673424, 25.0015637], [121.5675683, 25.0014422], [121.5676858, 25.0013799], [121.5678013, 25.0013174], [121.5679776, 25.0012081], [121.5681517, 25.001077], [121.5683045, 25.0009488], [121.5684461, 25.0008108], [121.5685668, 25.0006777], [121.5686802, 25.0005402], [121.5687049, 25.0005033], [121.5687457, 25.0004329], [121.5687767, 25.0003726], [121.5687981, 25.0003319], [121.5689168, 25.0000803], [121.5689724, 24.9999323], [121.5690254, 24.999746], [121.5690515, 24.9995671], [121.5690562, 24.9994839], [121.5690601, 24.9994133], [121.5690613, 24.9993463], [121.5690682, 24.9989754], [121.5690688, 24.9989378], [121.5690716, 24.9987866]]}}, {"type": "Feature", "properties": {"county": "台北市", "district": "文山區", "highway": "residential", "name": "萬安街"}, "geometry": {"type": "LineString", "coordinates": [[121.5705245, 25.0022694], [121.5705237, 25.0021983], [121.5705232, 25.0021502], [121.5705196, 25.0018286]]}}, {"type": "Feature", "properties": {"county": "台北市", "district": "文山區", "highway": "tertiary", "name": "萬美街一段"}, "geometry": {"type": "LineString", "coordinates": [[121.5698985, 25.002318], [121.5696187, 25.0023502], [121.5695757, 25.0023552], [121.5687465, 25.0024504], [121.568677, 25.0024567], [121.5686198, 25.0024595], [121.5685319, 25.0024632], [121.5684831, 25.0024632], [121.5683341, 25.0024595], [121.5681539, 25.0024511], [121.5679769, 25.0024359], [121.5678332, 25.002417], [121.567708, 25.0023915], [121.5675135, 25.0023459], [121.5673474, 25.0023], [121.5671622, 25.0022421], [121.5670562, 25.0022058]]}}, {"type": "Feature", "properties": {"county": "台北市", "district": "文山區", "highway": "tertiary", "name": "萬美街一段"}, "geometry": {"type": "LineString", "coordinates": [[121.5670562, 25.0022058], [121.5669072, 25.0021453], [121.5668596, 25.0021253], [121.566787, 25.002094]]}}, {"type": "Feature", "properties": {"county": "台北市", "district": "文山區", "highway": "tertiary", "name": "萬美街一段"}, "geometry": {"type": "LineString", "coordinates": [[121.5705245, 25.0022694], [121.57045, 25.0022722], [121.5704005, 25.0022748], [121.5701251, 25.002296], [121.5698985, 25.002318]]}}, {"type": "Feature", "properties": {"county": "台北市", "district": "文山區", "highway": "tertiary", "name": "萬美街一段"}, "geometry": {"type": "LineString", "coordinates": [[121.5719054, 25.0023754], [121.5717958, 25.0023647], [121.5717331, 25.0023586], [121.5714661, 25.0023327], [121.5709637, 25.0022839], [121.5708438, 25.0022774], [121.5706291, 25.00227], [121.5705915, 25.0022696], [121.5705245, 25.0022694]]}}, {"type": "Feature", "properties": {"county": "台北市", "district": "文山區", "highway": "tertiary", "name": "中央路"}, "geometry": {"type": "LineString", "coordinates": [[121.5335174, 24.9788187], [121.5334493, 24.978699], [121.5326703, 24.9773292], [121.5325831, 24.9771758], [121.5325252, 24.9770741], [121.532173, 24.9764549], [121.5321096, 24.9763433], [121.5320621, 24.976277], [121.5319943, 24.9761825], [121.5319365, 24.9761019], [121.5317029, 24.9757761], [121.5316486, 24.9757003], [121.5316098, 24.9756462], [121.5313078, 24.9752249], [121.5312172, 24.9750986]]}}, {"type": "Feature", "properties": {"county": "台北市", "district": "文山區", "highway": "trunk_link", "name": null}, "geometry": {"type": "LineString", "coordinates": [[121.5369829, 24.9614594], [121.5370912, 24.9613702]]}}, {"type": "Feature", "properties": {"county": "台北市", "district": "文山區", "highway": "secondary", "name": null}, "geometry": {"type": "LineString", "coordinates": [[121.5369829, 24.9614594], [121.5368434, 24.9614375]]}}, {"type": "Feature", "properties": {"county": "台北市", "district": "文山區", "highway": "tertiary_link", "name": "中興陸橋下北面迴轉道"}, "geometry": {"type": "LineString", "coordinates": [[121.5470033, 24.9765642], [121.5467613, 24.9764244]]}}, {"type": "Feature", "properties": {"county": "台北市", "district": "文山區", "highway": "tertiary_link", "name": "中興陸橋下南面迴轉道"}, "geometry": {"type": "LineString", "coordinates": [[121.5474348, 24.9759732], [121.5471935, 24.9758321]]}}, {"type": "Feature", "properties": {"county": "台北市", "district": "文山區", "highway": "residential", "name": "辛亥路七段26巷"}, "geometry": {"type": "LineString", "coordinates": [[121.5533511, 24.9861794], [121.5536852, 24.9862645], [121.554506, 24.9865129]]}}, {"type": "Feature", "properties": {"county": "台北市", "district": "文山區", "highway": "residential", "name": "辛亥路七段20巷"}, "geometry": {"type": "LineString", "coordinates": [[121.5531236, 24.986614], [121.5533918, 24.9867217], [121.5539584, 24.9866565], [121.5544465, 24.9867598]]}}, {"type": "Feature", "properties": {"county": "台北市", "district": "文山區", "highway": "residential", "name": "下崙路"}, "geometry": {"type": "LineString", "coordinates": [[121.5549358, 24.9866963], [121.5552191, 24.9865643], [121.5555793, 24.9863267], [121.5558038, 24.9862515], [121.555984, 24.9862279], [121.556114, 24.9862088], [121.556158, 24.9862052], [121.5561968, 24.9862021]]}}, {"type": "Feature", "properties": {"county": "台北市", "district": "文山區", "highway": "residential", "name": "光輝路21巷"}, "geometry": {"type": "LineString", "coordinates": [[121.5548847, 24.9857965], [121.5549704, 24.9858199], [121.555367, 24.9859055], [121.5561268, 24.9860834], [121.5561641, 24.9860932], [121.5562259, 24.9861129], [121.5564344, 24.9862058]]}}, {"type": "Feature", "properties": {"county": "台北市", "district": "文山區", "highway": "residential", "name": "下崙路"}, "geometry": {"type": "LineString", "coordinates": [[121.5561968, 24.9862021], [121.5564344, 24.9862058]]}}, {"type": "Feature", "properties": {"county": "台北市", "district": "文山區", "highway": "residential", "name": "光輝路71巷"}, "geometry": {"type": "LineString", "coordinates": [[121.5561968, 24.9862021], [121.5562259, 24.9861129], [121.5562475, 24.9860469], [121.5562592, 24.9860109], [121.5563281, 24.9857999], [121.5563443, 24.9857504], [121.5564113, 24.9855453], [121.5564283, 24.9854933], [121.5564961, 24.9852858], [121.556543, 24.985142], [121.5566043, 24.9849544]]}}, {"type": "Feature", "properties": {"county": "台北市", "district": "文山區", "highway": "residential", "name": "光輝路"}, "geometry": {"type": "LineString", "coordinates": [[121.5556304, 24.9841386], [121.5556405, 24.9841852], [121.5556353, 24.9842318], [121.5556133, 24.9843111], [121.5555028, 24.984657]]}}, {"type": "Feature", "properties": {"county": "台北市", "district": "文山區", "highway": "residential", "name": "興隆路四段58巷"}, "geometry": {"type": "LineString", "coordinates": [[121.5613463, 24.9855737], [121.561279, 24.9855582], [121.5612091, 24.9855422], [121.5611773, 24.9855349], [121.5609966, 24.9854934], [121.5605535, 24.9853915], [121.560363, 24.98535], [121.5601782, 24.985313], [121.5598207, 24.9852541]]}}, {"type": "Feature", "properties": {"county": "台北市", "district": "文山區", "highway": "residential", "name": "光輝路47巷"}, "geometry": {"type": "LineString", "coordinates": [[121.5553428, 24.9851943], [121.5559208, 24.98536], [121.5564283, 24.9854933]]}}, {"type": "Feature", "properties": {"county": "台北市", "district": "文山區", "highway": "residential", "name": "忠順街一段9巷"}, "geometry": {"type": "LineString", "coordinates": [[121.5566043, 24.9849544], [121.5566596, 24.9847853], [121.556709, 24.984634], [121.5567525, 24.9845009], [121.556935, 24.9839419], [121.5570107, 24.9837101], [121.5570168, 24.9836916], [121.5570504, 24.9835888]]}}, {"type": "Feature", "properties": {"county": "台北市", "district": "文山區", "highway": "residential", "name": "忠順街一段41巷"}, "geometry": {"type": "LineString", "coordinates": [[121.5584174, 24.9849143], [121.5584739, 24.9847421], [121.5585223, 24.9845946], [121.5585973, 24.984366], [121.5586851, 24.9840984], [121.5587066, 24.9840328]]}}, {"type": "Feature", "properties": {"county": "台北市", "district": "文山區", "highway": "residential", "name": "興隆路二段275巷"}, "geometry": {"type": "LineString", "coordinates": [[121.552937, 25.0025505], [121.5529151, 25.0025114], [121.5527935, 25.002227], [121.5526757, 25.0019569], [121.5525672, 25.0016958], [121.5525538, 25.0016635], [121.5525284, 25.0016058], [121.5525009, 25.0015416]]}}, {"type": "Feature", "properties": {"county": "台北市", "district": "文山區", "highway": "residential", "name": "木新路二段79巷"}, "geometry": {"type": "LineString", "coordinates": [[121.5712303, 24.9849665], [121.5709667, 24.9850256], [121.5705432, 24.9851372], [121.5704558, 24.985154]]}}, {"type": "Feature", "properties": {"county": "台北市", "district": "文山區", "highway": "residential", "name": "木新路二段161巷"}, "geometry": {"type": "LineString", "coordinates": [[121.5694047, 24.982597], [121.5692195, 24.9831203], [121.5692085, 24.983144], [121.5691933, 24.9831767], [121.5691765, 24.9832132], [121.5691639, 24.9832403], [121.5691092, 24.9833583], [121.5690287, 24.9835321], [121.568858, 24.9839005], [121.5688079, 24.9839699], [121.5687655, 24.9840176], [121.5686836, 24.9842131], [121.5685728, 24.9844814]]}}, {"type": "Feature", "properties": {"county": "台北市", "district": "文山區", "highway": "residential", "name": "恆光街22巷"}, "geometry": {"type": "LineString", "coordinates": [[121.5655828, 24.9820574], [121.56581, 24.9820866], [121.5659027, 24.9821049], [121.5660381, 24.9821413], [121.5669183, 24.9824424], [121.5669588, 24.9824577], [121.5670273, 24.9824837]]}}, {"type": "Feature", "properties": {"county": "台北市", "district": "文山區", "highway": "residential", "name": "車前路"}, "geometry": {"type": "LineString", "coordinates": [[121.5402213, 24.9916121], [121.5403366, 24.9915735], [121.5403706, 24.9915621], [121.5404197, 24.9915456], [121.5404353, 24.9915404], [121.540643, 24.991471], [121.5412364, 24.991272], [121.5413155, 24.9912455]]}}, {"type": "Feature", "properties": {"county": "台北市", "district": "文山區", "highway": "residential", "name": "羅斯福路六段276巷"}, "geometry": {"type": "LineString", "coordinates": [[121.5400899, 24.9912956], [121.540023, 24.991317], [121.5399992, 24.9913246], [121.5397958, 24.9913904], [121.5395654, 24.9914585], [121.5385934, 24.9917783], [121.5384442, 24.9918289], [121.5383972, 24.9918726]]}}, {"type": "Feature", "properties": {"county": "台北市", "district": "文山區", "highway": "residential", "name": "景華街150巷"}, "geometry": {"type": "LineString", "coordinates": [[121.5482336, 24.9960364], [121.5491749, 24.9954358]]}}, {"type": "Feature", "properties": {"county": "台北市", "district": "文山區", "highway": "residential", "name": "景美街5巷"}, "geometry": {"type": "LineString", "coordinates": [[121.5423488, 24.9930418], [121.5416813, 24.9934062]]}}, {"type": "Feature", "properties": {"county": "台北市", "district": "文山區", "highway": "residential", "name": "景興路102巷"}, "geometry": {"type": "LineString", "coordinates": [[121.5445457, 24.9944029], [121.5437888, 24.994415]]}}, {"type": "Feature", "properties": {"county": "台北市", "district": "文山區", "highway": "residential", "name": "景興路108巷"}, "geometry": {"type": "LineString", "coordinates": [[121.5445127, 24.994071], [121.5437928, 24.9940957]]}}, {"type": "Feature", "properties": {"county": "台北市", "district": "文山區", "highway": "residential", "name": "景美街3巷"}, "geometry": {"type": "LineString", "coordinates": [[121.5423339, 24.9933102], [121.5416687, 24.993668]]}}, {"type": "Feature", "properties": {"county": "台北市", "district": "文山區", "highway": "residential", "name": null}, "geometry": {"type": "LineString", "coordinates": [[121.5498115, 24.9962513], [121.5494901, 24.9962706]]}}, {"type": "Feature", "properties": {"county": "台北市", "district": "文山區", "highway": "residential", "name": "景興路114巷"}, "geometry": {"type": "LineString", "coordinates": [[121.5444376, 24.9937435], [121.5437624, 24.993772]]}}, {"type": "Feature", "properties": {"county": "台北市", "district": "文山區", "highway": "residential", "name": "景華街150巷"}, "geometry": {"type": "LineString", "coordinates": [[121.5491749, 24.9954358], [121.5492104, 24.9954101], [121.549263, 24.9954434], [121.5493192, 24.9955775], [121.5494518, 24.995894], [121.5494901, 24.9962706]]}}, {"type": "Feature", "properties": {"county": "台北市", "district": "文山區", "highway": "residential", "name": "景興路67巷"}, "geometry": {"type": "LineString", "coordinates": [[121.5453547, 24.9963729], [121.5451524, 24.9963781], [121.5449478, 24.9963802], [121.5448338, 24.9963813], [121.5448038, 24.9963816], [121.5447393, 24.9963813]]}}, {"type": "Feature", "properties": {"county": "台北市", "district": "文山區", "highway": "residential", "name": "景華街 176巷6弄"}, "geometry": {"type": "LineString", "coordinates": [[121.5494901, 24.9962706], [121.5495104, 24.9964695], [121.5492582, 24.9966583], [121.5489283, 24.9969127], [121.5483639, 24.9969845], [121.5483772, 24.9972254]]}}, {"type": "Feature", "properties": {"county": "台北市", "district": "文山區", "highway": "trunk", "name": "環河路"}, "geometry": {"type": "LineString", "coordinates": [[121.531017, 24.9888432], [121.5311808, 24.9890324], [121.5322276, 24.9903165], [121.5328285, 24.9910885], [121.5331842, 24.9915094], [121.5332992, 24.9917021]]}}, {"type": "Feature", "properties": {"county": "台北市", "district": "文山區", "highway": "trunk", "name": "環河路"}, "geometry": {"type": "LineString", "coordinates": [[121.5310787, 24.9890912], [121.530781, 24.9887289], [121.5305201, 24.9885228], [121.5299111, 24.9881478], [121.5295357, 24.9878421], [121.5292988, 24.9875963], [121.529085, 24.9873286], [121.528511, 24.9864605], [121.5279605, 24.9858897], [121.5276683, 24.9855866], [121.5262614, 24.9844056], [121.5255768, 24.9838671], [121.5252985, 24.9836281]]}}, {"type": "Feature", "properties": {"county": "台北市", "district": "文山區", "highway": "tertiary", "name": "景福街"}, "geometry": {"type": "LineString", "coordinates": [[121.5361882, 24.9957106], [121.5360844, 24.9958009], [121.5360232, 24.9958569], [121.5359363, 24.9959414]]}}, {"type": "Feature", "properties": {"county": "台北市", "district": "文山區", "highway": "residential", "name": "新生街"}, "geometry": {"type": "LineString", "coordinates": [[121.5398629, 24.9670969], [121.5394661, 24.966844], [121.5393198, 24.9668376], [121.5391896, 24.9668067], [121.5388731, 24.9669246], [121.5388355, 24.9670438], [121.538924, 24.9674936]]}}, {"type": "Feature", "properties": {"county": "台北市", "district": "文山區", "highway": "unclassified", "name": null}, "geometry": {"type": "LineString", "coordinates": [[121.5353662, 24.9984446], [121.5353758, 24.9982708], [121.5353921, 24.9981146], [121.535499, 24.9970904], [121.535579, 24.9963243]]}}, {"type": "Feature", "properties": {"county": "台北市", "district": "文山區", "highway": "unclassified", "name": null}, "geometry": {"type": "LineString", "coordinates": [[121.535579, 24.9963243], [121.5355952, 24.9962638], [121.5356159, 24.9962095]]}}, {"type": "Feature", "properties": {"county": "台北市", "district": "文山區", "highway": "tertiary", "name": "景福街"}, "geometry": {"type": "LineString", "coordinates": [[121.5361882, 24.9957106], [121.5363672, 24.9955398], [121.5364957, 24.9954202], [121.5365686, 24.9953671], [121.5372535, 24.9948983], [121.5372827, 24.9948805], [121.5373329, 24.9948458], [121.53782, 24.9945094], [121.5379527, 24.9944202], [121.5382302, 24.9942499], [121.5382539, 24.9942318], [121.538403, 24.9941463], [121.5386311, 24.9940418], [121.5388068, 24.9939542], [121.5390716, 24.9938474], [121.539102, 24.9938351], [121.5391558, 24.9938134], [121.5393053, 24.9937531], [121.539471, 24.9936862], [121.5395129, 24.9936713], [121.5397274, 24.9935919], [121.5399752, 24.9935222], [121.5402195, 24.9934344], [121.54035, 24.9933926], [121.5404974, 24.9933417], [121.5407404, 24.9932577], [121.540763, 24.99325], [121.5408432, 24.9932224]]}}, {"type": "Feature", "properties": {"county": "台北市", "district": "文山區", "highway": "tertiary", "name": "景福街"}, "geometry": {"type": "LineString", "coordinates": [[121.5408432, 24.9932224], [121.5410242, 24.9931268]]}}, {"type": "Feature", "properties": {"county": "台北市", "district": "文山區", "highway": "tertiary", "name": "羅斯福路六段142巷"}, "geometry": {"type": "LineString", "coordinates": [[121.5368908, 24.998137], [121.5368228, 24.9981642]]}}, {"type": "Feature", "properties": {"county": "台北市", "district": "文山區", "highway": "residential", "name": "萬慶街"}, "geometry": {"type": "LineString", "coordinates": [[121.5389336, 24.9932486], [121.5388858, 24.993268], [121.5383991, 24.9935313], [121.5380965, 24.9937629], [121.5377211, 24.9940191], [121.537147, 24.9944249]]}}, {"type": "Feature", "properties": {"county": "台北市", "district": "文山區", "highway": "primary", "name": "羅斯福路六段"}, "geometry": {"type": "LineString", "coordinates": [[121.5408432, 24.9932224], [121.5407918, 24.9930405], [121.5407548, 24.9929094], [121.5406959, 24.9927404], [121.5406209, 24.9925244], [121.540603, 24.9924736], [121.540486, 24.9922167], [121.5404588, 24.9921576], [121.5404421, 24.9921296], [121.5403241, 24.9918542], [121.5402615, 24.9917166], [121.5402213, 24.9916121]]}}, {"type": "Feature", "properties": {"county": "台北市", "district": "文山區", "highway": "residential", "name": "育英街17巷"}, "geometry": {"type": "LineString", "coordinates": [[121.539074, 24.9908549], [121.5389473, 24.9906909], [121.5387081, 24.9905114], [121.5386658, 24.9904854], [121.5382748, 24.9902212], [121.5380276, 24.9900558], [121.5379583, 24.9899128]]}}, {"type": "Feature", "properties": {"county": "台北市", "district": "文山區", "highway": "primary", "name": "羅斯福路六段"}, "geometry": {"type": "LineString", "coordinates": [[121.5402213, 24.9916121], [121.5401965, 24.9915524], [121.5400899, 24.9912956], [121.5399625, 24.9909889], [121.5398613, 24.9907298], [121.5397531, 24.9904528], [121.5397277, 24.9903994]]}}, {"type": "Feature", "properties": {"county": "台北市", "district": "文山區", "highway": "residential", "name": "萬慶街51巷"}, "geometry": {"type": "LineString", "coordinates": [[121.5383991, 24.9935313], [121.5383117, 24.9933329], [121.5380899, 24.9927652]]}}, {"type": "Feature", "properties": {"county": "台北市", "district": "文山區", "highway": "residential", "name": "興隆路二段61巷"}, "geometry": {"type": "LineString", "coordinates": [[121.5459817, 24.9989557], [121.5459633, 24.9989982], [121.545727, 24.9995002], [121.5456511, 24.9996615], [121.5454902, 25.0000045]]}}, {"type": "Feature", "properties": {"county": "台北市", "district": "文山區", "highway": "residential", "name": null}, "geometry": {"type": "LineString", "coordinates": [[121.5444975, 25.0021763], [121.5444575, 25.0021618], [121.5438335, 25.0019376], [121.5437916, 25.0019226], [121.5437507, 25.0019123], [121.5437057, 25.0019107], [121.5436601, 25.0019171], [121.5436172, 25.0019234]]}}, {"type": "Feature", "properties": {"county": "台北市", "district": "文山區", "highway": "residential", "name": "興順街"}, "geometry": {"type": "LineString", "coordinates": [[121.5439173, 25.0008556], [121.544294, 25.000979], [121.5443538, 25.0009981], [121.5448895, 25.0011813], [121.5449484, 25.0012033]]}}, {"type": "Feature", "properties": {"county": "台北市", "district": "文山區", "highway": "secondary", "name": "興隆路一段"}, "geometry": {"type": "LineString", "coordinates": [[121.5430648, 25.0008082], [121.542929, 25.0009617], [121.5425227, 25.0014272], [121.542094, 25.0019109], [121.5420416, 25.0020028], [121.542012, 25.0020448], [121.5419608, 25.0021346], [121.5416905, 25.0025612], [121.5416625, 25.0026037], [121.5415499, 25.0027726], [121.5414139, 25.0029641], [121.5413542, 25.0030595], [121.54129, 25.0031651], [121.5412573, 25.0032234], [121.5409278, 25.0037206], [121.5408434, 25.0038484], [121.5407694, 25.0039345]]}}, {"type": "Feature", "properties": {"county": "台北市", "district": "文山區", "highway": "secondary", "name": "興隆路一段"}, "geometry": {"type": "LineString", "coordinates": [[121.5431658, 25.0005687], [121.5432246, 25.000504], [121.5434484, 25.0002481], [121.5436123, 25.0000422], [121.5436854, 24.9999309], [121.5438625, 24.9996322], [121.543926, 24.9995008], [121.5439638, 24.9994417], [121.5441963, 24.998972], [121.5442648, 24.9988088], [121.5442831, 24.9987786]]}}, {"type": "Feature", "properties": {"county": "台北市", "district": "文山區", "highway": "primary", "name": "北新路一段"}, "geometry": {"type": "LineString", "coordinates": [[121.5388465, 24.9612751], [121.5388165, 24.9612019], [121.5386054, 24.9606981], [121.5380815, 24.9594571], [121.5379274, 24.959079], [121.5379305, 24.9589456]]}}, {"type": "Feature", "properties": {"county": "台北市", "district": "文山區", "highway": "tertiary", "name": "汀州路三段"}, "geometry": {"type": "LineString", "coordinates": [[121.5278112, 25.0182057], [121.5278914, 25.0181325], [121.5282668, 25.0178557], [121.5286115, 25.0176116], [121.5286719, 25.0175723], [121.5287666, 25.0175055], [121.5288828, 25.017418], [121.5290101, 25.0173209], [121.5294173, 25.0170319], [121.5294707, 25.0169935], [121.5296828, 25.0168414], [121.5298686, 25.0167033], [121.5298961, 25.0166835], [121.5299367, 25.0166552], [121.5303381, 25.0163754], [121.5305244, 25.0162443], [121.5305611, 25.0162185], [121.5306962, 25.0161233], [121.5307281, 25.0161028], [121.5309046, 25.0159808], [121.5312923, 25.0157191], [121.5313352, 25.0156944], [121.5313909, 25.0156527], [121.531851, 25.0153555], [121.531958, 25.0152877], [121.5320449, 25.0152283], [121.5321429, 25.0151682], [121.532225, 25.0151151]]}}, {"type": "Feature", "properties": {"county": "台北市", "district": "文山區", "highway": "primary", "name": "羅斯福路四段"}, "geometry": {"type": "LineString", "coordinates": [[121.5333006, 25.0156349], [121.5339179, 25.0150488], [121.5341549, 25.0148231], [121.5344779, 25.0145154], [121.534576, 25.0144226], [121.5346176, 25.0143832], [121.5347727, 25.0142363], [121.5348674, 25.0141439], [121.5350029, 25.014012], [121.5350741, 25.0139448], [121.5351527, 25.0138691], [121.5352724, 25.0137477], [121.5354734, 25.0135463], [121.5356542, 25.0133656], [121.5358312, 25.0131663], [121.5359906, 25.0129759], [121.5360074, 25.0129568]]}}, {"type": "Feature", "properties": {"county": "台北市", "district": "文山區", "highway": "residential", "name": "央北一路"}, "geometry": {"type": "LineString", "coordinates": [[121.5312172, 24.9750986], [121.5310973, 24.975226], [121.530974, 24.9752944], [121.5295845, 24.9761413], [121.5290386, 24.9764568], [121.5284917, 24.9767845], [121.5278765, 24.9771555], [121.5278341, 24.9771811], [121.5274285, 24.9774257], [121.5273086, 24.9775007], [121.5271671, 24.9775795], [121.5260223, 24.9782914], [121.5252411, 24.9787866], [121.5250055, 24.9790517], [121.5249197, 24.9791607], [121.5248447, 24.9792252]]}}, {"type": "Feature", "properties": {"county": "台北市", "district": "文山區", "highway": "residential", "name": "中央路133巷20弄"}, "geometry": {"type": "LineString", "coordinates": [[121.5309011, 24.9731713], [121.5309815, 24.973129], [121.5312297, 24.972999]]}}, {"type": "Feature", "properties": {"county": "台北市", "district": "文山區", "highway": "residential", "name": "中崙路"}, "geometry": {"type": "LineString", "coordinates": [[121.5646596, 24.9844754], [121.564758, 24.9842006], [121.5648146, 24.9840424], [121.5649308, 24.9837179], [121.565084, 24.9832903]]}}, {"type": "Feature", "properties": {"county": "台北市", "district": "文山區", "highway": "unclassified", "name": null}, "geometry": {"type": "LineString", "coordinates": [[121.6143653, 24.9836287], [121.61327, 24.9837671], [121.6131833, 24.9837435], [121.6131127, 24.9836886], [121.6130913, 24.9836145], [121.613151, 24.9835357], [121.6133057, 24.9834286], [121.6134725, 24.9833445], [121.6136115, 24.9832765], [121.6136029, 24.9831772], [121.613528, 24.9830146], [121.613462, 24.9829376], [121.6134162, 24.9829282], [121.6133007, 24.9829103], [121.613103, 24.982912], [121.612964, 24.9829149], [121.6128745, 24.9829024], [121.6128212, 24.9828798], [121.6126489, 24.9827445], [121.6125129, 24.9826305], [121.6124111, 24.9825359], [121.6123462, 24.9825138], [121.6122787, 24.9825431], [121.6122242, 24.9825632], [121.6119535, 24.9826626], [121.6118792, 24.9826826], [121.6114628, 24.9826474], [121.6114125, 24.9826468], [121.611379, 24.9826845], [121.6113824, 24.9827325], [121.6114045, 24.982772], [121.6114769, 24.9828054], [121.6117982, 24.9828504], [121.6120051, 24.9828506], [121.6120952, 24.9828838], [121.6121399, 24.9829452], [121.6121621, 24.9831363], [121.6121871, 24.9831964], [121.61225, 24.9832384], [121.6123276, 24.9832652], [121.6125039, 24.9832904], [121.6125599, 24.9833161], [121.6125951, 24.9834301], [121.6125732, 24.9836361], [121.612518, 24.9839154], [121.6125104, 24.9841494], [121.6124829, 24.9844144], [121.6123995, 24.9845372], [121.6122173, 24.9847232], [121.612082, 24.9847253], [121.6120263, 24.9846276], [121.6121961, 24.9844302], [121.6122437, 24.9842441], [121.6122543, 24.9839989], [121.6121978, 24.9838642], [121.6120812, 24.9837834], [121.6119678, 24.9837521], [121.6118297, 24.9837253], [121.6117095, 24.9835927], [121.6115554, 24.9833543], [121.6114977, 24.9833093], [121.6114278, 24.9832994], [121.6113191, 24.9833289], [121.6111669, 24.9833831], [121.6110646, 24.9833901], [121.6110185, 24.9833699], [121.6109817, 24.9833022], [121.6109199, 24.9830904], [121.6109087, 24.9830167], [121.610839, 24.9829389], [121.6107685, 24.9829229], [121.6107027, 24.9829292], [121.6106343, 24.9829447], [121.610531, 24.9830136], [121.6104114, 24.983058], [121.6102478, 24.983065], [121.6100748, 24.9830115], [121.6099923, 24.9829866], [121.6098508, 24.9830109], [121.6096451, 24.9830678], [121.6092429, 24.9832107], [121.6092118, 24.9832558], [121.6092165, 24.9832813], [121.609244, 24.9833081], [121.6093244, 24.9833289], [121.6096777, 24.9833142], [121.6098093, 24.9833117], [121.6100447, 24.9833249], [121.6102352, 24.983394], [121.6104106, 24.9835215], [121.6104761, 24.9836337], [121.610464, 24.9836905], [121.6103909, 24.9836994], [121.6103432, 24.9836513], [121.6103079, 24.9835696], [121.6102345, 24.9835015], [121.6100954, 24.9834456], [121.6099395, 24.9834242], [121.6098439, 24.9834312], [121.6098101, 24.9834676], [121.6098253, 24.9835044], [121.609866, 24.9835138], [121.6100392, 24.9836058], [121.6102685, 24.983731], [121.6102963, 24.9837992], [121.610258, 24.9838296], [121.6102131, 24.9838315], [121.610161, 24.9837935], [121.6100653, 24.9837379], [121.6097494, 24.98362], [121.609548, 24.9835642], [121.6094725, 24.9835746], [121.6094125, 24.9836045], [121.6093533, 24.9836378], [121.6091494, 24.983825], [121.6090824, 24.9838797], [121.6089782, 24.9840491]]}}, {"type": "Feature", "properties": {"county": "台北市", "district": "文山區", "highway": "unclassified", "name": "萬壽路"}, "geometry": {"type": "LineString", "coordinates": [[121.5892338, 24.982438], [121.5885172, 24.982031], [121.5883067, 24.9819654], [121.587899, 24.9818888], [121.5875173, 24.9817729], [121.5874314, 24.9817729], [121.5867233, 24.9820089], [121.5864229, 24.9821377], [121.5863359, 24.9821969], [121.5861233, 24.9823288], [121.5856719, 24.9824166], [121.5855217, 24.9824166], [121.5854573, 24.9823952], [121.5854359, 24.9823523], [121.585393, 24.982245], [121.5854195, 24.9815227]]}}, {"type": "Feature", "properties": {"county": "台北市", "district": "文山區", "highway": "secondary", "name": "興隆路一段"}, "geometry": {"type": "LineString", "coordinates": [[121.5407171, 25.003858], [121.5407803, 25.0037783], [121.5411644, 25.0031777], [121.5412019, 25.0031181], [121.5413433, 25.0029224], [121.5419243, 25.0019892], [121.5419631, 25.0019462], [121.5420227, 25.0018655], [121.5422374, 25.001622], [121.5427647, 25.0010106], [121.5429954, 25.0007546]]}}, {"type": "Feature", "properties": {"county": "台北市", "district": "文山區", "highway": "tertiary", "name": "芳蘭路"}, "geometry": {"type": "LineString", "coordinates": [[121.5441761, 25.0117452], [121.5442212, 25.0117813], [121.5443443, 25.0118868], [121.5450651, 25.0124737], [121.5451155, 25.0125194]]}}, {"type": "Feature", "properties": {"county": "台北市", "district": "文山區", "highway": "motorway_link", "name": "木柵交流道"}, "geometry": {"type": "LineString", "coordinates": [[121.5969226, 25.0027827], [121.5966966, 25.0029732], [121.5964929, 25.0031812], [121.5963726, 25.0033244], [121.5962719, 25.0034761], [121.5961854, 25.0036296], [121.5960871, 25.0038468], [121.5960287, 25.0040033], [121.5959855, 25.004169], [121.5959549, 25.0043223], [121.5959394, 25.0044525], [121.59593, 25.0046204], [121.5959387, 25.0048897]]}}, {"type": "Feature", "properties": {"county": "台北市", "district": "文山區", "highway": "motorway", "name": "台北聯絡線"}, "geometry": {"type": "LineString", "coordinates": [[121.5973754, 25.0017728], [121.5978967, 25.0017883], [121.5983208, 25.0018094], [121.5986839, 25.001836], [121.5989254, 25.0018597], [121.5991352, 25.0018876], [121.599447, 25.0019395]]}}, {"type": "Feature", "properties": {"county": "台北市", "district": "文山區", "highway": "motorway", "name": "福爾摩沙高速公路"}, "geometry": {"type": "LineString", "coordinates": [[121.596023, 25.0055313], [121.5963885, 25.0073546], [121.5964667, 25.0077446]]}}, {"type": "Feature", "properties": {"county": "台北市", "district": "文山區", "highway": "motorway_link", "name": null}, "geometry": {"type": "LineString", "coordinates": [[121.5707763, 24.975955], [121.5708338, 24.9759561], [121.5710347, 24.9759835], [121.5712696, 24.9759759], [121.5718733, 24.9759475], [121.572025, 24.9759935]]}}, {"type": "Feature", "properties": {"county": "台北市", "district": "文山區", "highway": "trunk", "name": "環河路"}, "geometry": {"type": "LineString", "coordinates": [[121.5289653, 24.9720271], [121.5290273, 24.9719823], [121.5295176, 24.9716527], [121.5296985, 24.9715552], [121.5302616, 24.9713313], [121.5309678, 24.9711196], [121.5310265, 24.9711039]]}}, {"type": "Feature", "properties": {"county": "台北市", "district": "文山區", "highway": "residential", "name": "深坑街3巷"}, "geometry": {"type": "LineString", "coordinates": [[121.6168979, 25.0018983], [121.6167363, 25.0024841], [121.6166937, 25.0025591], [121.6166441, 25.0026042], [121.6164951, 25.0026856]]}}, {"type": "Feature", "properties": {"county": "台北市", "district": "文山區", "highway": "residential", "name": "深坑街"}, "geometry": {"type": "LineString", "coordinates": [[121.6164951, 25.0026856], [121.616391, 25.0026042], [121.6162594, 25.0025035], [121.616143, 25.0024474], [121.6159338, 25.0023466], [121.6156202, 25.0021812]]}}, {"type": "Feature", "properties": {"county": "台北市", "district": "文山區", "highway": "secondary_link", "name": null}, "geometry": {"type": "LineString", "coordinates": [[121.5768268, 25.0002119], [121.5768933, 25.0001358]]}}, {"type": "Feature", "properties": {"county": "台北市", "district": "文山區", "highway": "secondary", "name": "和平東路四段"}, "geometry": {"type": "LineString", "coordinates": [[121.5719054, 25.0023754], [121.5718998, 25.0022317], [121.5718974, 25.0021707], [121.5718933, 25.0020657], [121.5719001, 25.0020134], [121.571917, 25.0019379], [121.5719433, 25.0018744], [121.5719885, 25.0018085], [121.5720396, 25.001757], [121.5720972, 25.0017114], [121.5722611, 25.0016117], [121.5723319, 25.0015584], [121.5723968, 25.0014961], [121.5730244, 25.0007313], [121.5731664, 25.0005582], [121.5731816, 25.0005397], [121.5732129, 25.0005016], [121.5733495, 25.0003352], [121.5736574, 24.99996], [121.5737011, 24.9999067], [121.5737731, 24.9998096], [121.5738266, 24.9997274], [121.5739981, 24.999422], [121.5740197, 24.9993753], [121.5741156, 24.9991683], [121.5745595, 24.9982102]]}}, {"type": "Feature", "properties": {"county": "台北市", "district": "文山區", "highway": "secondary", "name": "木柵路四段"}, "geometry": {"type": "LineString", "coordinates": [[121.5768268, 25.0002119], [121.5763426, 25.0000663]]}}, {"type": "Feature", "properties": {"county": "台北市", "district": "文山區", "highway": "primary", "name": "羅斯福路五段"}, "geometry": {"type": "LineString", "coordinates": [[121.5387068, 25.0044299], [121.5386924, 25.0043458]]}}, {"type": "Feature", "properties": {"county": "台北市", "district": "文山區", "highway": "secondary", "name": "新光路二段"}, "geometry": {"type": "LineString", "coordinates": [[121.599521, 25.0022937], [121.599646, 25.0023005], [121.5997325, 25.0022923], [121.5998204, 25.0022689], [121.5998957, 25.0022286], [121.5999357, 25.0021975], [121.6000751, 25.0020364]]}}, {"type": "Feature", "properties": {"county": "台北市", "district": "文山區", "highway": "residential", "name": "育英街17巷"}, "geometry": {"type": "LineString", "coordinates": [[121.5386341, 24.9897065], [121.5379583, 24.9899128]]}}, {"type": "Feature", "properties": {"county": "台北市", "district": "文山區", "highway": "tertiary", "name": "基隆路四段41巷68弄"}, "geometry": {"type": "LineString", "coordinates": [[121.5410064, 25.0113254], [121.5410708, 25.0113707], [121.5413201, 25.0115368], [121.5416656, 25.0117697], [121.541952, 25.0119627], [121.543208, 25.0128093], [121.5432493, 25.0128371]]}}, {"type": "Feature", "properties": {"county": "台北市", "district": "文山區", "highway": "trunk", "name": null}, "geometry": {"type": "LineString", "coordinates": [[121.526585, 25.0142382], [121.5269779, 25.0136415], [121.5273892, 25.0130628], [121.5283073, 25.0116432], [121.5283685, 25.0115576], [121.5284572, 25.0114234], [121.5286784, 25.0111305], [121.5288567, 25.0109179], [121.5290481, 25.0107396], [121.5291942, 25.0106307], [121.529361, 25.0105339], [121.529538, 25.0104318], [121.5299846, 25.0102459], [121.5305775, 25.0100386], [121.5309154, 25.0098939], [121.5313124, 25.0097019], [121.531665, 25.0094929], [121.5318797, 25.0093398], [121.5320634, 25.0092], [121.5322337, 25.0090578], [121.5323222, 25.0089812], [121.5324966, 25.0088268], [121.5326696, 25.0086494], [121.5328439, 25.0084514], [121.5330612, 25.0081693], [121.5331825, 25.0079768], [121.5333194, 25.0077495], [121.5335999, 25.007175], [121.5340225, 25.0062396]]}}, {"type": "Feature", "properties": {"county": "台北市", "district": "文山區", "highway": "unclassified", "name": "羅斯福路六段142巷"}, "geometry": {"type": "LineString", "coordinates": [[121.5368228, 24.9981642], [121.5367196, 24.9982617], [121.5357278, 24.9986605], [121.5356407, 24.998711], [121.5356131, 24.9987381], [121.5355789, 24.9987747], [121.5355336, 24.9988384]]}}, {"type": "Feature", "properties": {"county": "台北市", "district": "文山區", "highway": "residential", "name": "羅斯福路六段142巷20弄"}, "geometry": {"type": "LineString", "coordinates": [[121.5408308, 24.997109], [121.5407512, 24.9970613], [121.5407351, 24.9970548], [121.5402986, 24.9969205], [121.5397672, 24.9967632], [121.5397072, 24.9967434], [121.5396874, 24.9967463], [121.5396296, 24.9967178]]}}, {"type": "Feature", "properties": {"county": "台北市", "district": "文山區", "highway": "unclassified", "name": "羅斯福路六段142巷"}, "geometry": {"type": "LineString", "coordinates": [[121.5368228, 24.9981642], [121.5366764, 24.9981718], [121.5357915, 24.9985337]]}}, {"type": "Feature", "properties": {"county": "台北市", "district": "文山區", "highway": "secondary", "name": "秀朗大橋"}, "geometry": {"type": "LineString", "coordinates": [[121.5319818, 24.9886887], [121.5279961, 24.9898041]]}}, {"type": "Feature", "properties": {"county": "台北市", "district": "文山區", "highway": "motorway", "name": "台北聯絡線"}, "geometry": {"type": "LineString", "coordinates": [[121.599447, 25.0019395], [121.5995991, 25.0019669], [121.5996781, 25.0019779], [121.5997444, 25.0019826], [121.5998301, 25.0019814], [121.5999402, 25.0019715], [121.6000494, 25.0019498]]}}, {"type": "Feature", "properties": {"county": "台北市", "district": "文山區", "highway": "residential", "name": "和平東路三段627巷"}, "geometry": {"type": "LineString", "coordinates": [[121.56316, 25.0133029], [121.5632506, 25.0133292], [121.5634169, 25.0133596], [121.5636201, 25.0133857], [121.5638029, 25.0133843], [121.5640742, 25.013654], [121.5641727, 25.0136172], [121.564267, 25.0135514], [121.5643744, 25.0133883], [121.5644447, 25.0132681], [121.56475, 25.0129938], [121.5648915, 25.0128841], [121.5650591, 25.0127036], [121.5651778, 25.0126341], [121.5652518, 25.0126024], [121.56555, 25.012604], [121.5656546, 25.012583], [121.5658656, 25.0125673], [121.5659663, 25.0125683], [121.5661052, 25.0126118], [121.566189, 25.0126784], [121.5661864, 25.0127853], [121.5662701, 25.0128929], [121.5662662, 25.012902], [121.5661449, 25.012899]]}}, {"type": "Feature", "properties": {"county": "台北市", "district": "文山區", "highway": "residential", "name": "樟新街32巷"}, "geometry": {"type": "LineString", "coordinates": [[121.5548839, 24.9786179], [121.5543732, 24.9785023]]}}, {"type": "Feature", "properties": {"county": "台北市", "district": "文山區", "highway": "tertiary", "name": "中興路三段"}, "geometry": {"type": "LineString", "coordinates": [[121.5472604, 24.976208], [121.5470033, 24.9765642], [121.5467963, 24.9768317], [121.5466331, 24.9770561], [121.5458529, 24.9781197], [121.5457419, 24.9781848], [121.5450797, 24.9791007]]}}, {"type": "Feature", "properties": {"county": "台北市", "district": "文山區", "highway": "tertiary", "name": "中興路三段"}, "geometry": {"type": "LineString", "coordinates": [[121.5456142, 24.9781098], [121.5456081, 24.9779945], [121.5461321, 24.9772706], [121.546391, 24.9769119], [121.5467613, 24.9764244], [121.5469578, 24.9761608], [121.5470282, 24.9760565]]}}, {"type": "Feature", "properties": {"county": "台北市", "district": "文山區", "highway": "residential", "name": "寶安街"}, "geometry": {"type": "LineString", "coordinates": [[121.5411709, 24.9874216], [121.541188, 24.9873174], [121.541233, 24.9870606], [121.5412892, 24.9867379], [121.5413078, 24.9866546], [121.5413219, 24.9865537], [121.5414047, 24.9860811], [121.5414661, 24.9857277], [121.5414746, 24.985679], [121.5415016, 24.9854775], [121.5415467, 24.9852264], [121.5415846, 24.984987], [121.5416558, 24.9846567], [121.5417075, 24.984417], [121.5417032, 24.9842361], [121.5417045, 24.9840817], [121.5417389, 24.9839206], [121.5417556, 24.9837362], [121.5418556, 24.9833105], [121.5419547, 24.9830096], [121.5419636, 24.9829042]]}}, {"type": "Feature", "properties": {"county": "台北市", "district": "文山區", "highway": "residential", "name": "光明街"}, "geometry": {"type": "LineString", "coordinates": [[121.5382868, 24.9589731], [121.538375, 24.9592179], [121.5384329, 24.9593639], [121.53866, 24.9598861], [121.5388683, 24.9603811], [121.5389403, 24.9605663], [121.539076, 24.9609181], [121.5392583, 24.9613298], [121.5393923, 24.9616622], [121.5394876, 24.9619269], [121.5397189, 24.9624809], [121.539866, 24.9628153], [121.5399588, 24.9630502], [121.539974, 24.9630918], [121.540138, 24.9635212], [121.5404762, 24.9645066], [121.5404985, 24.964572], [121.5406677, 24.965073], [121.5406221, 24.9651796]]}}, {"type": "Feature", "properties": {"county": "台北市", "district": "文山區", "highway": "residential", "name": "景華街13巷"}, "geometry": {"type": "LineString", "coordinates": [[121.5419038, 24.9949645], [121.5419035, 24.9950175], [121.54188, 24.995476], [121.5418592, 24.9957193], [121.5414297, 24.9959273]]}}, {"type": "Feature", "properties": {"county": "台北市", "district": "文山區", "highway": "residential", "name": "景華街13巷"}, "geometry": {"type": "LineString", "coordinates": [[121.5428425, 24.9955357], [121.5421576, 24.995486], [121.54188, 24.995476]]}}, {"type": "Feature", "properties": {"county": "台北市", "district": "文山區", "highway": "residential", "name": "辛亥路七段5巷4弄"}, "geometry": {"type": "LineString", "coordinates": [[121.5533938, 24.9870556], [121.5530672, 24.9870825], [121.5529572, 24.987104], [121.5527662, 24.9872669]]}}, {"type": "Feature", "properties": {"county": "台北市", "district": "文山區", "highway": "residential", "name": "辛亥路七段5巷"}, "geometry": {"type": "LineString", "coordinates": [[121.5524656, 24.9872002], [121.5527662, 24.9872669], [121.5532873, 24.9873826], [121.5533594, 24.9873896], [121.5536163, 24.9873683], [121.5536937, 24.9874876], [121.5537866, 24.9876308], [121.5539154, 24.987721], [121.5540221, 24.9877462], [121.554033, 24.9879058], [121.5540289, 24.9880151], [121.554022, 24.9880492]]}}, {"type": "Feature", "properties": {"county": "台北市", "district": "文山區", "highway": "tertiary", "name": "羅斯福路六段142巷"}, "geometry": {"type": "LineString", "coordinates": [[121.5412048, 24.9959397], [121.5410903, 24.995979], [121.5409756, 24.9960301], [121.5409527, 24.9960422], [121.540876, 24.9960784], [121.5403992, 24.996323], [121.5397926, 24.9966342], [121.5396296, 24.9967178], [121.5396102, 24.9967278], [121.5392878, 24.9968932], [121.5391753, 24.9969509], [121.5388259, 24.9971218], [121.5381181, 24.9974932], [121.5378082, 24.9976522], [121.5377441, 24.9976851], [121.5376723, 24.997722], [121.5375671, 24.9977759], [121.5369405, 24.9981073], [121.5368908, 24.998137]]}}, {"type": "Feature", "properties": {"county": "台北市", "district": "文山區", "highway": "tertiary", "name": "新光路一段"}, "geometry": {"type": "LineString", "coordinates": [[121.5738269, 24.993753], [121.5737981, 24.9933474], [121.5737877, 24.9932443], [121.5737534, 24.9929294], [121.5737487, 24.9928734], [121.5737278, 24.9926206], [121.5737246, 24.9925846]]}}, {"type": "Feature", "properties": {"county": "台北市", "district": "文山區", "highway": "tertiary", "name": "中正路"}, "geometry": {"type": "LineString", "coordinates": [[121.5338832, 24.9880771], [121.5338764, 24.9879697]]}}, {"type": "Feature", "properties": {"county": "台北市", "district": "文山區", "highway": "tertiary", "name": "中正路"}, "geometry": {"type": "LineString", "coordinates": [[121.5339938, 24.989816], [121.5339774, 24.9895589], [121.5339231, 24.9887037], [121.5339162, 24.9885961], [121.5338832, 24.9880771]]}}, {"type": "Feature", "properties": {"county": "台北市", "district": "文山區", "highway": "tertiary", "name": "中興路三段"}, "geometry": {"type": "LineString", "coordinates": [[121.5433099, 24.9828966], [121.5433603, 24.9827677], [121.5434167, 24.982627], [121.5437129, 24.9818914], [121.5437832, 24.9817211], [121.5441409, 24.9808039], [121.5442783, 24.9804621], [121.5442863, 24.9804397], [121.5443166, 24.9803647], [121.5444301, 24.9800745], [121.5446306, 24.9795431], [121.5446704, 24.9794634]]}}, {"type": "Feature", "properties": {"county": "台北市", "district": "文山區", "highway": "secondary", "name": "復興路"}, "geometry": {"type": "LineString", "coordinates": [[121.5338764, 24.9879697], [121.534675, 24.9877276], [121.5355467, 24.9874494], [121.5364738, 24.9871547], [121.5370652, 24.9869651], [121.5373831, 24.9868545]]}}, {"type": "Feature", "properties": {"county": "台北市", "district": "文山區", "highway": "primary", "name": "羅斯福路四段"}, "geometry": {"type": "LineString", "coordinates": [[121.536986, 25.0112377], [121.5370147, 25.0111518]]}}, {"type": "Feature", "properties": {"county": "台北市", "district": "文山區", "highway": "primary", "name": "羅斯福路六段"}, "geometry": {"type": "LineString", "coordinates": [[121.5397059, 24.9899677], [121.5397204, 24.9900065], [121.539797, 24.9902082]]}}, {"type": "Feature", "properties": {"county": "台北市", "district": "文山區", "highway": "residential", "name": "景興路46巷"}, "geometry": {"type": "LineString", "coordinates": [[121.5428255, 24.9960253], [121.5438832, 24.9960844], [121.5441801, 24.9960966], [121.5445278, 24.9961115], [121.5445744, 24.996113], [121.5446453, 24.9961136]]}}, {"type": "Feature", "properties": {"county": "台北市", "district": "文山區", "highway": "residential", "name": "羅斯福路四段206巷"}, "geometry": {"type": "LineString", "coordinates": [[121.5366653, 25.0104751], [121.5368755, 25.0105246], [121.5370665, 25.0105696], [121.5371395, 25.0105868]]}}, {"type": "Feature", "properties": {"county": "台北市", "district": "文山區", "highway": "residential", "name": "羅斯福路五段45巷"}, "geometry": {"type": "LineString", "coordinates": [[121.5387756, 25.0072007], [121.5388572, 25.0072518], [121.5392148, 25.007474]]}}, {"type": "Feature", "properties": {"county": "台北市", "district": "文山區", "highway": "residential", "name": "羅斯福路五段92巷"}, "geometry": {"type": "LineString", "coordinates": [[121.5385628, 25.0072855], [121.5385128, 25.0072062], [121.5384542, 25.0070968], [121.5383539, 25.007028], [121.5382758, 25.0067121], [121.538264, 25.0066642], [121.5381501, 25.0065252]]}}, {"type": "Feature", "properties": {"county": "台北市", "district": "文山區", "highway": "residential", "name": "羅斯福路五段218巷"}, "geometry": {"type": "LineString", "coordinates": [[121.5368196, 25.0020845], [121.5368704, 25.0020835], [121.5371757, 25.0020834], [121.5374716, 25.0020834], [121.5376728, 25.0020833], [121.5381574, 25.0020832], [121.5385265, 25.002093], [121.5387089, 25.0021489], [121.5387433, 25.002161], [121.5388085, 25.0021844]]}}, {"type": "Feature", "properties": {"county": "台北市", "district": "文山區", "highway": "unclassified", "name": "羅斯福路六段166巷"}, "geometry": {"type": "LineString", "coordinates": [[121.540584, 24.9949155], [121.5410351, 24.994926], [121.5410527, 24.9949264], [121.5411296, 24.9949253], [121.5412472, 24.9949298]]}}, {"type": "Feature", "properties": {"county": "台北市", "district": "文山區", "highway": "residential", "name": "景仁街"}, "geometry": {"type": "LineString", "coordinates": [[121.5382578, 24.9982423], [121.537851, 24.9984001], [121.5374843, 24.9985322], [121.5372045, 24.9986425], [121.5371425, 24.9986669]]}}, {"type": "Feature", "properties": {"county": "台北市", "district": "文山區", "highway": "residential", "name": "育英街45巷"}, "geometry": {"type": "LineString", "coordinates": [[121.5382672, 24.9915397], [121.5382254, 24.9914366], [121.538032, 24.9909332]]}}, {"type": "Feature", "properties": {"county": "台北市", "district": "文山區", "highway": "residential", "name": "育英街57巷"}, "geometry": {"type": "LineString", "coordinates": [[121.5380042, 24.9927032], [121.538366, 24.9919411], [121.5383972, 24.9918726]]}}, {"type": "Feature", "properties": {"county": "台北市", "district": "文山區", "highway": "residential", "name": "景福街265巷"}, "geometry": {"type": "LineString", "coordinates": [[121.5402195, 24.9934344], [121.540229, 24.9934658], [121.5403097, 24.9937327], [121.54033, 24.9938112]]}}, {"type": "Feature", "properties": {"county": "台北市", "district": "文山區", "highway": "residential", "name": "景興路120巷"}, "geometry": {"type": "LineString", "coordinates": [[121.5443558, 24.993434], [121.5440083, 24.9934373], [121.54395, 24.9934604], [121.5438427, 24.9935329], [121.5437294, 24.9936071]]}}, {"type": "Feature", "properties": {"county": "台北市", "district": "文山區", "highway": "residential", "name": null}, "geometry": {"type": "LineString", "coordinates": [[121.542301, 24.9944495], [121.5423402, 24.9944501], [121.543746, 24.994537], [121.5437838, 24.9945467]]}}, {"type": "Feature", "properties": {"county": "台北市", "district": "文山區", "highway": "residential", "name": "景興路137巷"}, "geometry": {"type": "LineString", "coordinates": [[121.5447177, 24.9942287], [121.5447695, 24.9942241], [121.5448809, 24.9942162], [121.5449533, 24.9941919], [121.5453459, 24.9941671]]}}, {"type": "Feature", "properties": {"county": "台北市", "district": "文山區", "highway": "residential", "name": "景興路127巷"}, "geometry": {"type": "LineString", "coordinates": [[121.5447185, 24.994504], [121.544782, 24.9945044], [121.5453272, 24.9944918]]}}, {"type": "Feature", "properties": {"county": "台北市", "district": "文山區", "highway": "residential", "name": "景興路97巷"}, "geometry": {"type": "LineString", "coordinates": [[121.5447272, 24.9954648], [121.5447847, 24.9954662], [121.5452864, 24.9954524], [121.5453319, 24.9954636]]}}, {"type": "Feature", "properties": {"county": "台北市", "district": "文山區", "highway": "residential", "name": "景興路97巷"}, "geometry": {"type": "LineString", "coordinates": [[121.5453319, 24.9954636], [121.5453928, 24.9954857], [121.5458476, 24.9955617]]}}, {"type": "Feature", "properties": {"county": "台北市", "district": "文山區", "highway": "residential", "name": "景興路91巷"}, "geometry": {"type": "LineString", "coordinates": [[121.5447288, 24.9957225], [121.5447861, 24.9957218], [121.5453311, 24.9957215]]}}, {"type": "Feature", "properties": {"county": "台北市", "district": "文山區", "highway": "residential", "name": "景興路85巷"}, "geometry": {"type": "LineString", "coordinates": [[121.544731, 24.9960055], [121.5448016, 24.9960063], [121.5448277, 24.9960064], [121.5450618, 24.9960068], [121.5453357, 24.9960014]]}}, {"type": "Feature", "properties": {"county": "台北市", "district": "文山區", "highway": "residential", "name": "景興路85巷"}, "geometry": {"type": "LineString", "coordinates": [[121.5453547, 24.9963729], [121.5453503, 24.9962479], [121.5453357, 24.9960014], [121.5453318, 24.9957634], [121.5453311, 24.9957215], [121.5453319, 24.9954636], [121.5453398, 24.9952398], [121.5453423, 24.9951943]]}}, {"type": "Feature", "properties": {"county": "台北市", "district": "文山區", "highway": "residential", "name": "景華街"}, "geometry": {"type": "LineString", "coordinates": [[121.54772, 24.9982886], [121.5477348, 24.9982412], [121.5478084, 24.9980126], [121.5478197, 24.9979708], [121.547857, 24.9978035], [121.5478656, 24.9977525], [121.547882, 24.9976489], [121.5478901, 24.9975654], [121.5478923, 24.9974642], [121.54789, 24.997416], [121.5478781, 24.99731], [121.547868, 24.997248], [121.5478561, 24.9971715], [121.5478057, 24.9969875], [121.5477545, 24.9968389], [121.5477055, 24.996716], [121.5476472, 24.9965958], [121.5475564, 24.9964516], [121.5475283, 24.9964088], [121.5474915, 24.9963571], [121.5473349, 24.9961398], [121.5471931, 24.9959898], [121.5470222, 24.995842], [121.5469645, 24.9958007], [121.5468692, 24.9957442], [121.5466803, 24.9956321], [121.5466658, 24.9956242], [121.5466505, 24.9956158], [121.5464389, 24.9955086], [121.5463607, 24.9954667], [121.5462683, 24.9954242], [121.5461344, 24.9953673], [121.5460634, 24.9953411], [121.5459108, 24.9952922], [121.5457462, 24.9952522], [121.5454077, 24.9951975], [121.5453423, 24.9951943], [121.5452803, 24.9951844], [121.5448509, 24.9951379], [121.5448009, 24.9951357], [121.5447277, 24.9951313]]}}, {"type": "Feature", "properties": {"county": "台北市", "district": "文山區", "highway": "residential", "name": "景華街82巷"}, "geometry": {"type": "LineString", "coordinates": [[121.5453423, 24.9951943], [121.5453181, 24.9951439], [121.5453239, 24.9949061], [121.5453245, 24.9948283], [121.5453259, 24.9946577], [121.5453272, 24.9944918], [121.5453486, 24.9942527], [121.5453459, 24.9941671], [121.5453527, 24.9937689]]}}, {"type": "Feature", "properties": {"county": "台北市", "district": "文山區", "highway": "residential", "name": "景興路85巷"}, "geometry": {"type": "LineString", "coordinates": [[121.5459313, 24.9963554], [121.5458035, 24.9962971], [121.5456654, 24.9962631], [121.5453503, 24.9962479]]}}, {"type": "Feature", "properties": {"county": "台北市", "district": "文山區", "highway": "residential", "name": "景華街121巷9弄"}, "geometry": {"type": "LineString", "coordinates": [[121.5464377, 24.9961033], [121.5463278, 24.9962769], [121.5465856, 24.9964761]]}}, {"type": "Feature", "properties": {"county": "台北市", "district": "文山區", "highway": "residential", "name": "景興路91巷"}, "geometry": {"type": "LineString", "coordinates": [[121.5464377, 24.9961033], [121.5462649, 24.9959914], [121.5461313, 24.9959106]]}}, {"type": "Feature", "properties": {"county": "台北市", "district": "文山區", "highway": "residential", "name": "景華路97巷"}, "geometry": {"type": "LineString", "coordinates": [[121.5461313, 24.9959106], [121.5463364, 24.9955101], [121.5463607, 24.9954667]]}}, {"type": "Feature", "properties": {"county": "台北市", "district": "文山區", "highway": "residential", "name": "景興路91巷"}, "geometry": {"type": "LineString", "coordinates": [[121.5461313, 24.9959106], [121.5459043, 24.9958666], [121.5453318, 24.9957634]]}}, {"type": "Feature", "properties": {"county": "台北市", "district": "文山區", "highway": "secondary", "name": "木柵路一段"}, "geometry": {"type": "LineString", "coordinates": [[121.5576889, 24.988768], [121.5575802, 24.9887446], [121.5574559, 24.9887176], [121.5573619, 24.9886933], [121.5568619, 24.9885971], [121.5565475, 24.9885292]]}}, {"type": "Feature", "properties": {"county": "台北市", "district": "文山區", "highway": "secondary", "name": "木柵路二段"}, "geometry": {"type": "LineString", "coordinates": [[121.5577536, 24.9887166], [121.557843, 24.9887212], [121.5582196, 24.9887384], [121.5588482, 24.9887263], [121.5589164, 24.9887263], [121.5589916, 24.988726], [121.5598786, 24.9887239], [121.5600204, 24.9887295], [121.5601368, 24.9887285]]}}, {"type": "Feature", "properties": {"county": "台北市", "district": "文山區", "highway": "trunk_link", "name": "水源快速道路"}, "geometry": {"type": "LineString", "coordinates": [[121.5360423, 24.9984917], [121.5357282, 24.9986235], [121.535646, 24.9986678], [121.5355712, 24.9987199], [121.5355186, 24.9987711], [121.5354722, 24.9988315], [121.5354105, 24.9989374], [121.5353747, 24.9990246], [121.535343, 24.9991212]]}}, {"type": "Feature", "properties": {"county": "台北市", "district": "文山區", "highway": "unclassified", "name": "景文街"}, "geometry": {"type": "LineString", "coordinates": [[121.5411878, 24.9941437], [121.5412432, 24.9939227], [121.5412517, 24.9938978], [121.5412753, 24.9938224], [121.5412798, 24.9937204], [121.5413069, 24.9930961], [121.541306, 24.9929646]]}}, {"type": "Feature", "properties": {"county": "台北市", "district": "文山區", "highway": "secondary", "name": "興隆路三段"}, "geometry": {"type": "LineString", "coordinates": [[121.5546332, 25.0008683], [121.5545632, 25.0008881]]}}, {"type": "Feature", "properties": {"county": "台北市", "district": "文山區", "highway": "secondary", "name": "辛亥路四段"}, "geometry": {"type": "LineString", "coordinates": [[121.5546332, 25.0008683], [121.5546749, 25.000956], [121.5547171, 25.0010195], [121.5550851, 25.0015888], [121.5551903, 25.0017536], [121.5552905, 25.0019169], [121.5553842, 25.0020674], [121.555433, 25.0021422], [121.5554621, 25.0021926]]}}, {"type": "Feature", "properties": {"county": "台北市", "district": "文山區", "highway": "secondary", "name": "秀朗大橋"}, "geometry": {"type": "LineString", "coordinates": [[121.5277504, 24.9897266], [121.531947, 24.9885955]]}}, {"type": "Feature", "properties": {"county": "台北市", "district": "文山區", "highway": "secondary", "name": "木柵路五段"}, "geometry": {"type": "LineString", "coordinates": [[121.588878, 25.0013579], [121.5890771, 25.0011694], [121.5891858, 25.0010693], [121.5893134, 25.0009517], [121.5893481, 25.0009197], [121.5894562, 25.0008202], [121.5899176, 25.0004298], [121.5900727, 25.0002986], [121.5904359, 24.9999914], [121.5910939, 24.9994347], [121.591212, 24.9993347], [121.5915369, 24.9990599], [121.5915936, 24.9990119], [121.5916572, 24.9989581]]}}, {"type": "Feature", "properties": {"county": "台北市", "district": "文山區", "highway": "trunk", "name": "環河路"}, "geometry": {"type": "LineString", "coordinates": [[121.5251682, 24.983349], [121.5256684, 24.9837476], [121.5263397, 24.9842943], [121.5277503, 24.9855043], [121.5284574, 24.9861993], [121.5289279, 24.9868455], [121.5293084, 24.9874112], [121.5296001, 24.9877424], [121.5299719, 24.9880507], [121.5304449, 24.9883575], [121.5308534, 24.9886609], [121.531017, 24.9888432]]}}, {"type": "Feature", "properties": {"county": "台北市", "district": "文山區", "highway": "tertiary", "name": "溪園路"}, "geometry": {"type": "LineString", "coordinates": [[121.5312841, 24.9885837], [121.531366, 24.9885892], [121.5314985, 24.9885932], [121.5315665, 24.9885838], [121.5317131, 24.9885415], [121.5319109, 24.9884845], [121.5320182, 24.9884517], [121.5321332, 24.9884115], [121.5330497, 24.9880853], [121.5332013, 24.9880323], [121.5333415, 24.9879883], [121.5335966, 24.9879251], [121.5338764, 24.9879697]]}}, {"type": "Feature", "properties": {"county": "台北市", "district": "文山區", "highway": "residential", "name": null}, "geometry": {"type": "LineString", "coordinates": [[121.5363296, 25.0009355], [121.536414, 25.000931], [121.5365943, 25.0009084]]}}, {"type": "Feature", "properties": {"county": "台北市", "district": "文山區", "highway": "secondary", "name": null}, "geometry": {"type": "LineString", "coordinates": [[121.6084444, 24.9989487], [121.6084716, 24.9990343], [121.608503, 24.9991554]]}}, {"type": "Feature", "properties": {"county": "台北市", "district": "文山區", "highway": "secondary", "name": "北深路三段"}, "geometry": {"type": "LineString", "coordinates": [[121.6091327, 25.0011507], [121.6090361, 25.0011677]]}}, {"type": "Feature", "properties": {"county": "台北市", "district": "文山區", "highway": "secondary", "name": "北深路三段"}, "geometry": {"type": "LineString", "coordinates": [[121.6090361, 25.0011677], [121.6077639, 25.0014156]]}}, {"type": "Feature", "properties": {"county": "台北市", "district": "文山區", "highway": "secondary", "name": "文山路三段"}, "geometry": {"type": "LineString", "coordinates": [[121.6080949, 24.9986122], [121.6082261, 24.9985992], [121.6084012, 24.9985823], [121.6086748, 24.9985521], [121.6094232, 24.9984288], [121.6097881, 24.9983631], [121.6103885, 24.998255], [121.6111545, 24.9981254], [121.6112246, 24.9981112], [121.6117748, 24.9980538], [121.6122464, 24.9980271], [121.6125699, 24.9980286], [121.6125995, 24.9980287], [121.612972, 24.9980523]]}}, {"type": "Feature", "properties": {"county": "台北市", "district": "文山區", "highway": "secondary", "name": "文山路三段"}, "geometry": {"type": "LineString", "coordinates": [[121.6081203, 24.9987], [121.6080397, 24.9987052], [121.6078237, 24.9987137], [121.607457, 24.9987224]]}}, {"type": "Feature", "properties": {"county": "台北市", "district": "文山區", "highway": "residential", "name": "景福街54巷5弄"}, "geometry": {"type": "LineString", "coordinates": [[121.5360333, 25.0000526], [121.5360769, 25.0000545], [121.5363082, 25.0000663], [121.5363565, 25.0000686], [121.5363808, 25.000055], [121.5364196, 25.0000552], [121.5369307, 25.0000583], [121.537249, 24.9999712], [121.537612, 24.9998346], [121.5380389, 24.9996916], [121.5380581, 24.9996844], [121.5380998, 24.9996687]]}}, {"type": "Feature", "properties": {"county": "台北市", "district": "文山區", "highway": "residential", "name": "景福街"}, "geometry": {"type": "LineString", "coordinates": [[121.5380858, 24.9990648], [121.5379393, 24.9990162], [121.5376396, 24.9989148], [121.5374681, 24.9988597], [121.5372298, 24.998751], [121.5371425, 24.9986669], [121.5370162, 24.9984086], [121.5369316, 24.9982205], [121.5368908, 24.998137]]}}, {"type": "Feature", "properties": {"county": "台北市", "district": "文山區", "highway": "residential", "name": "汀州路四段"}, "geometry": {"type": "LineString", "coordinates": [[121.5357154, 25.0047807], [121.5357263, 25.004819], [121.5357827, 25.0050178], [121.5358231, 25.0051599], [121.5358263, 25.0051713], [121.535951, 25.0055268], [121.5361281, 25.0059788], [121.5361617, 25.0060638], [121.5362659, 25.0063054], [121.5364513, 25.0066646], [121.5365446, 25.006789], [121.5369147, 25.0072063], [121.5370928, 25.0073636], [121.5373199, 25.0075774]]}}, {"type": "Feature", "properties": {"county": "台北市", "district": "文山區", "highway": "residential", "name": "汀州路四段"}, "geometry": {"type": "LineString", "coordinates": [[121.5354223, 25.0037591], [121.5354907, 25.0033501]]}}, {"type": "Feature", "properties": {"county": "台北市", "district": "文山區", "highway": "residential", "name": "汀州路四段"}, "geometry": {"type": "LineString", "coordinates": [[121.53552, 25.0020167], [121.5354092, 25.0010041]]}}, {"type": "Feature", "properties": {"county": "台北市", "district": "文山區", "highway": "tertiary", "name": "中興路一段"}, "geometry": {"type": "LineString", "coordinates": [[121.5437391, 24.9655114], [121.5438416, 24.9656635]]}}, {"type": "Feature", "properties": {"county": "台北市", "district": "文山區", "highway": "tertiary", "name": "中興路一段"}, "geometry": {"type": "LineString", "coordinates": [[121.5438416, 24.9656635], [121.5439167, 24.9657463], [121.5442905, 24.9662862], [121.5444584, 24.9665692], [121.5446152, 24.9668309], [121.5447939, 24.9671429], [121.5448588, 24.9672475], [121.5449057, 24.9673225], [121.5449223, 24.9673524], [121.5450239, 24.9675358], [121.5451124, 24.9676833], [121.5452635, 24.9679531], [121.5454361, 24.968248], [121.5455343, 24.9684143], [121.5455446, 24.9684321], [121.5458295, 24.9688942], [121.5458827, 24.9689806], [121.5459485, 24.9690876], [121.5460142, 24.9692194]]}}, {"type": "Feature", "properties": {"county": "台北市", "district": "文山區", "highway": "tertiary", "name": "中興路二段"}, "geometry": {"type": "LineString", "coordinates": [[121.5460142, 24.9692194], [121.5465699, 24.9701696], [121.5475043, 24.9716314], [121.5476049, 24.9717857]]}}, {"type": "Feature", "properties": {"county": "台北市", "district": "文山區", "highway": "residential", "name": null}, "geometry": {"type": "LineString", "coordinates": [[121.5436405, 24.9655745], [121.5437391, 24.9655114]]}}, {"type": "Feature", "properties": {"county": "台北市", "district": "文山區", "highway": "unclassified", "name": "新坡一街"}, "geometry": {"type": "LineString", "coordinates": [[121.5491963, 24.9589539], [121.549032, 24.9590299], [121.5488967, 24.959107], [121.5487373, 24.9592208], [121.5481677, 24.9599807], [121.5480453, 24.9602105], [121.547989, 24.9605412], [121.5478495, 24.9615382], [121.5478013, 24.9617449], [121.5476403, 24.9621255], [121.5476215, 24.9621875], [121.5476365, 24.9622613], [121.5477436, 24.9624696], [121.5480039, 24.9628823], [121.5483233, 24.9634321]]}}, {"type": "Feature", "properties": {"county": "台北市", "district": "文山區", "highway": "secondary", "name": "辛亥路四段"}, "geometry": {"type": "LineString", "coordinates": [[121.5545632, 25.0008881], [121.5545324, 25.0008208]]}}, {"type": "Feature", "properties": {"county": "台北市", "district": "文山區", "highway": "trunk_link", "name": null}, "geometry": {"type": "LineString", "coordinates": [[121.537118, 25.011218], [121.5369604, 25.0111579], [121.5366821, 25.0110899], [121.5362731, 25.0109914], [121.5360679, 25.0109367], [121.5358922, 25.0108735], [121.5356428, 25.0107435], [121.5353531, 25.0105843], [121.534987, 25.0103777], [121.5346986, 25.0102136], [121.5345431, 25.0101006], [121.5344291, 25.0099888], [121.5343151, 25.0098405], [121.5341944, 25.0096278], [121.5341407, 25.0094771], [121.5341019, 25.0092911], [121.5340737, 25.0089812], [121.5339879, 25.0075276], [121.5339691, 25.0072663], [121.5339374, 25.0069367]]}}, {"type": "Feature", "properties": {"county": "台北市", "district": "文山區", "highway": "trunk", "name": "水源快速道路"}, "geometry": {"type": "LineString", "coordinates": [[121.5352897, 24.9990267], [121.5353109, 24.9986763], [121.5355277, 24.996494], [121.5355359, 24.9960908]]}}, {"type": "Feature", "properties": {"county": "台北市", "district": "文山區", "highway": "trunk", "name": "水源快速道路"}, "geometry": {"type": "LineString", "coordinates": [[121.5353128, 24.9996154], [121.535329, 25.0003132], [121.5353444, 25.0006615], [121.5353734, 25.0010053], [121.5354371, 25.0018199], [121.5354785, 25.0026323], [121.5354607, 25.0029319], [121.5354433, 25.0031342], [121.5354231, 25.0033585], [121.5353749, 25.0035937], [121.5352945, 25.0038975], [121.5352022, 25.004161], [121.5351382, 25.0043193], [121.5350346, 25.0045372], [121.5348911, 25.0048261], [121.5346487, 25.0052181], [121.5343959, 25.0056289], [121.5341731, 25.0060321]]}}, {"type": "Feature", "properties": {"county": "台北市", "district": "文山區", "highway": "primary", "name": "羅斯福路五段"}, "geometry": {"type": "LineString", "coordinates": [[121.5389399, 25.0022338], [121.5389161, 25.0022932], [121.5388032, 25.002646], [121.5387631, 25.0027852], [121.5387117, 25.0030871], [121.5387017, 25.003308], [121.5387257, 25.0036346], [121.538802, 25.0041703], [121.5388124, 25.0042385], [121.5388293, 25.0043267]]}}, {"type": "Feature", "properties": {"county": "台北市", "district": "文山區", "highway": "primary", "name": "羅斯福路六段"}, "geometry": {"type": "LineString", "coordinates": [[121.5399524, 24.9996862], [121.5399113, 24.9997749], [121.5396991, 25.0003723], [121.5396566, 25.0004733]]}}, {"type": "Feature", "properties": {"county": "台北市", "district": "文山區", "highway": "primary", "name": "羅斯福路六段"}, "geometry": {"type": "LineString", "coordinates": [[121.5398365, 24.9996464], [121.5398669, 24.9995785], [121.5401301, 24.9989734], [121.5403909, 24.9982797], [121.5407897, 24.9972369], [121.5408308, 24.997109], [121.5408468, 24.997053], [121.5409791, 24.9965496], [121.5410799, 24.9960714], [121.5410903, 24.995979]]}}, {"type": "Feature", "properties": {"county": "台北市", "district": "文山區", "highway": "residential", "name": "萬利街"}, "geometry": {"type": "LineString", "coordinates": [[121.5669694, 24.9990789], [121.5669523, 24.999166], [121.5669398, 24.9992109], [121.566819, 24.999469], [121.5666913, 24.9996035], [121.5666377, 24.9996476], [121.566561, 24.9997106], [121.5655752, 25.0005213]]}}, {"type": "Feature", "properties": {"county": "台北市", "district": "文山區", "highway": "residential", "name": "興隆路二段244巷"}, "geometry": {"type": "LineString", "coordinates": [[121.5530923, 25.0002257], [121.553037, 25.0000067], [121.5530229, 24.9999138], [121.5529948, 24.9997265]]}}, {"type": "Feature", "properties": {"county": "台北市", "district": "文山區", "highway": "residential", "name": "景興路177巷1弄"}, "geometry": {"type": "LineString", "coordinates": [[121.5450927, 24.9931915], [121.5447516, 24.9932574]]}}, {"type": "Feature", "properties": {"county": "台北市", "district": "文山區", "highway": "residential", "name": "景興路170巷"}, "geometry": {"type": "LineString", "coordinates": [[121.544277, 24.9929755], [121.5442338, 24.9929885], [121.5437727, 24.9931253]]}}, {"type": "Feature", "properties": {"county": "台北市", "district": "文山區", "highway": "tertiary", "name": "寶橋路"}, "geometry": {"type": "LineString", "coordinates": [[121.5472604, 24.976208], [121.5473229, 24.976238], [121.5475833, 24.9763905], [121.5477416, 24.9764996]]}}, {"type": "Feature", "properties": {"county": "台北市", "district": "文山區", "highway": "secondary", "name": "木柵路四段"}, "geometry": {"type": "LineString", "coordinates": [[121.5711137, 24.9916875], [121.5711876, 24.9918262], [121.571306, 24.9924156], [121.5714069, 24.9929333], [121.5714988, 24.9933499], [121.5716346, 24.994019], [121.5716376, 24.9940367], [121.5716779, 24.9942929], [121.5717777, 24.9947958], [121.5717955, 24.9949164]]}}, {"type": "Feature", "properties": {"county": "台北市", "district": "文山區", "highway": "tertiary", "name": "思源街"}, "geometry": {"type": "LineString", "coordinates": [[121.5320328, 25.0149306], [121.5317872, 25.0147068], [121.5315812, 25.0145146], [121.5314975, 25.0144461], [121.531316, 25.0142859], [121.5308841, 25.014022], [121.5302045, 25.0135455]]}}, {"type": "Feature", "properties": {"county": "台北市", "district": "文山區", "highway": "secondary", "name": "木柵路二段"}, "geometry": {"type": "LineString", "coordinates": [[121.5602089, 24.9887307], [121.5603123, 24.9887291], [121.5606657, 24.9887293], [121.5614615, 24.9887979]]}}, {"type": "Feature", "properties": {"county": "台北市", "district": "文山區", "highway": "tertiary", "name": "汀州路三段"}, "geometry": {"type": "LineString", "coordinates": [[121.5325215, 25.0149062], [121.5326147, 25.0148384], [121.5326283, 25.0148285], [121.53299, 25.0145644], [121.5332399, 25.0143926], [121.5332814, 25.0143645], [121.5334048, 25.0142804], [121.5335657, 25.0141683], [121.5339003, 25.0139274], [121.534074, 25.0138016], [121.5342155, 25.0136977], [121.5344189, 25.0135549], [121.5344569, 25.0135214], [121.5345099, 25.0134754], [121.5346795, 25.0133227], [121.5347356, 25.0132647], [121.5348964, 25.0130986], [121.5349323, 25.0130615], [121.534966, 25.0130232], [121.5350032, 25.0129775], [121.5350778, 25.0128858], [121.5351811, 25.0127418], [121.5352526, 25.01263], [121.5352797, 25.0125875], [121.535303, 25.012546], [121.5353635, 25.0124398], [121.5354493, 25.0122964], [121.5355378, 25.0121657], [121.535908, 25.0116013], [121.5359398, 25.0115528]]}}, {"type": "Feature", "properties": {"county": "台北市", "district": "文山區", "highway": "tertiary", "name": "汀州路三段"}, "geometry": {"type": "LineString", "coordinates": [[121.532225, 25.0151151], [121.5322937, 25.0150667]]}}, {"type": "Feature", "properties": {"county": "台北市", "district": "文山區", "highway": "secondary", "name": "興隆路四段"}, "geometry": {"type": "LineString", "coordinates": [[121.5602089, 24.9887307], [121.5601871, 24.9887894]]}}, {"type": "Feature", "properties": {"county": "台北市", "district": "文山區", "highway": "secondary", "name": "木柵路二段"}, "geometry": {"type": "LineString", "coordinates": [[121.560103, 24.9887867], [121.5599844, 24.9887839], [121.5594916, 24.9887778], [121.5590607, 24.9887819], [121.5589916, 24.9887829], [121.5589078, 24.988785], [121.5588509, 24.9887859], [121.5588136, 24.9887848], [121.5584099, 24.9887937], [121.5579196, 24.9887913], [121.5577366, 24.9887757], [121.5576889, 24.988768]]}}, {"type": "Feature", "properties": {"county": "台北市", "district": "文山區", "highway": "secondary", "name": "興隆路四段"}, "geometry": {"type": "LineString", "coordinates": [[121.560103, 24.9887867], [121.5601368, 24.9887285]]}}, {"type": "Feature", "properties": {"county": "台北市", "district": "文山區", "highway": "residential", "name": null}, "geometry": {"type": "LineString", "coordinates": [[121.565084, 24.9832903], [121.5655103, 24.9834272], [121.565554, 24.9834412], [121.5657565, 24.9835062], [121.5658512, 24.9835366]]}}, {"type": "Feature", "properties": {"county": "台北市", "district": "文山區", "highway": "residential", "name": "木新路三段50巷10弄"}, "geometry": {"type": "LineString", "coordinates": [[121.5640473, 24.9830363], [121.5643523, 24.9831101], [121.564562, 24.9831608], [121.5647672, 24.9832105], [121.565084, 24.9832903]]}}, {"type": "Feature", "properties": {"county": "台北市", "district": "文山區", "highway": "residential", "name": "木新路三段50巷"}, "geometry": {"type": "LineString", "coordinates": [[121.5640473, 24.9830363], [121.564224, 24.9825091]]}}, {"type": "Feature", "properties": {"county": "台北市", "district": "文山區", "highway": "secondary", "name": "復興路"}, "geometry": {"type": "LineString", "coordinates": [[121.5406427, 24.9866653], [121.5408284, 24.9866649]]}}, {"type": "Feature", "properties": {"county": "台北市", "district": "文山區", "highway": "secondary", "name": "復興路"}, "geometry": {"type": "LineString", "coordinates": [[121.5406098, 24.9867632], [121.5405304, 24.986749], [121.5396687, 24.9867753], [121.5396152, 24.9867918]]}}, {"type": "Feature", "properties": {"county": "台北市", "district": "文山區", "highway": "secondary", "name": "復興路"}, "geometry": {"type": "LineString", "coordinates": [[121.539584, 24.9866934], [121.539674, 24.9867126], [121.5405658, 24.9866833], [121.5406427, 24.9866653]]}}, {"type": "Feature", "properties": {"county": "台北市", "district": "文山區", "highway": "secondary", "name": "復興路"}, "geometry": {"type": "LineString", "coordinates": [[121.5396152, 24.9867918], [121.5394826, 24.9867965], [121.5390327, 24.9868126], [121.5389894, 24.9868143], [121.5383465, 24.9867987], [121.5379611, 24.9868229], [121.5376231, 24.986891], [121.5374313, 24.9869648]]}}, {"type": "Feature", "properties": {"county": "台北市", "district": "文山區", "highway": "residential", "name": "復興路慢車道"}, "geometry": {"type": "LineString", "coordinates": [[121.539584, 24.9866934], [121.539669, 24.9866486], [121.540204, 24.9866358], [121.5405748, 24.9866269], [121.5406427, 24.9866653]]}}, {"type": "Feature", "properties": {"county": "台北市", "district": "文山區", "highway": "residential", "name": "復興路慢車道"}, "geometry": {"type": "LineString", "coordinates": [[121.5406098, 24.9867632], [121.5405365, 24.9868043], [121.5404436, 24.9868073], [121.5398564, 24.9868264], [121.5396719, 24.9868324], [121.5396152, 24.9867918]]}}, {"type": "Feature", "properties": {"county": "台北市", "district": "文山區", "highway": "residential", "name": "育英街17巷5弄"}, "geometry": {"type": "LineString", "coordinates": [[121.5387081, 24.9905114], [121.5389442, 24.9903222], [121.5390625, 24.9902431]]}}, {"type": "Feature", "properties": {"county": "台北市", "district": "文山區", "highway": "residential", "name": "育英街17巷9弄"}, "geometry": {"type": "LineString", "coordinates": [[121.5382748, 24.9902212], [121.5386647, 24.9897941]]}}, {"type": "Feature", "properties": {"county": "台北市", "district": "文山區", "highway": "unclassified", "name": "老泉街45巷"}, "geometry": {"type": "LineString", "coordinates": [[121.5677579, 24.9796918], [121.567732, 24.9795802], [121.5676481, 24.9795161], [121.5673012, 24.9792931]]}}, {"type": "Feature", "properties": {"county": "台北市", "district": "文山區", "highway": "unclassified", "name": "老泉街26巷"}, "geometry": {"type": "LineString", "coordinates": [[121.5693939, 24.9668514], [121.5694893, 24.9668536], [121.5696109, 24.9668118], [121.5697034, 24.9667237], [121.5697564, 24.9664715], [121.5699375, 24.9662903], [121.5699627, 24.9662168], [121.5699314, 24.9661414], [121.569721, 24.966027], [121.5694896, 24.9659679], [121.5692725, 24.9658676], [121.5691629, 24.9657633], [121.5690351, 24.9655611], [121.5687425, 24.9653649], [121.568426, 24.9650828], [121.5683033, 24.965018], [121.5682302, 24.9650099], [121.5680578, 24.9650192], [121.5679928, 24.9649929], [121.5679553, 24.9649414], [121.5678962, 24.9646658], [121.5679244, 24.9646184], [121.5679833, 24.9646001], [121.5680611, 24.9645985], [121.5682489, 24.9646379], [121.5683696, 24.9646865], [121.5687427, 24.9649379], [121.5687979, 24.9649751], [121.5689981, 24.9650744], [121.5691446, 24.9651257], [121.569757, 24.9652727], [121.5700091, 24.9652964], [121.570176, 24.9652622], [121.5704101, 24.9651833], [121.5706056, 24.9651617], [121.5708527, 24.9652368], [121.57107, 24.9654026], [121.571554, 24.9655989], [121.571696, 24.9656363], [121.5718478, 24.965649], [121.5719593, 24.9655996], [121.5720101, 24.9655274], [121.5720018, 24.9654623], [121.5719379, 24.9654139], [121.5718021, 24.9653732], [121.5715903, 24.9653098], [121.5715292, 24.9652535], [121.5714016, 24.9648043], [121.5713222, 24.964721], [121.5710622, 24.9646131], [121.5707121, 24.9645407]]}}, {"type": "Feature", "properties": {"county": "台北市", "district": "文山區", "highway": "unclassified", "name": "老泉街45巷"}, "geometry": {"type": "LineString", "coordinates": [[121.5680565, 24.9726351], [121.5680352, 24.9727044], [121.5680755, 24.9727472], [121.5681573, 24.9728196], [121.56835, 24.9729325], [121.5684044, 24.9729657], [121.5685857, 24.973035], [121.5687042, 24.9730298], [121.5688899, 24.9729013], [121.5690174, 24.9728758], [121.5690898, 24.972928], [121.569122, 24.9730289], [121.5690999, 24.9731502], [121.5690482, 24.9733049], [121.5689664, 24.9734982], [121.5689825, 24.9736173], [121.5690315, 24.9736528], [121.5691059, 24.9736599], [121.5694184, 24.9736914], [121.569924, 24.9736671], [121.5701868, 24.9736854], [121.57027, 24.9736988], [121.5704276, 24.9738456], [121.5704644, 24.9740915], [121.5705268, 24.9741374], [121.5708936, 24.974117], [121.5709613, 24.9741252], [121.5710371, 24.9741547], [121.5711411, 24.9742368], [121.5712937, 24.9744445], [121.5715333, 24.9745509], [121.5718652, 24.9745616], [121.5719618, 24.9745571], [121.5720737, 24.9745692], [121.5721489, 24.9746382], [121.5721877, 24.9747188], [121.5724702, 24.9749589], [121.5725028, 24.9749811], [121.5725367, 24.9750021], [121.5728416, 24.975161], [121.5728791, 24.9752096], [121.5728807, 24.9752625], [121.5728532, 24.975331], [121.5727985, 24.9753738], [121.5727327, 24.97539], [121.5726668, 24.9753957], [121.5725531, 24.9753679], [121.5724533, 24.9753217], [121.5722676, 24.9752303], [121.5721174, 24.9751184], [121.5719638, 24.9750312], [121.5717834, 24.975037], [121.5714715, 24.9751029], [121.5712959, 24.975109], [121.5711832, 24.9751552], [121.5711309, 24.9753072], [121.5711819, 24.9754239], [121.5712996, 24.9755224], [121.5713858, 24.9755834], [121.571462, 24.9756624]]}}, {"type": "Feature", "properties": {"county": "台北市", "district": "文山區", "highway": "unclassified", "name": "老泉街"}, "geometry": {"type": "LineString", "coordinates": [[121.5580586, 24.9763088], [121.5589511, 24.9766803], [121.5593522, 24.976805], [121.5595587, 24.9768302], [121.5600565, 24.9769894], [121.5604009, 24.9771305], [121.56053, 24.9773846], [121.5609105, 24.9776557], [121.5614759, 24.9781625], [121.561522, 24.9781923], [121.5615642, 24.9782105], [121.561661, 24.9782282], [121.5619537, 24.9782479], [121.562817, 24.9783059], [121.5630101, 24.978329], [121.5632702, 24.9784422], [121.5633331, 24.9784573], [121.5635673, 24.9784725], [121.5636235, 24.9784877], [121.5637153, 24.9785394], [121.5638246, 24.9786336], [121.5638719, 24.978664], [121.5639326, 24.9786929], [121.5640033, 24.9787101], [121.5640754, 24.9787205], [121.5641418, 24.9787387], [121.5643339, 24.9788105], [121.5644503, 24.9788411], [121.5644912, 24.9788563], [121.5646229, 24.9789311], [121.5646642, 24.9789496], [121.5650819, 24.9790955], [121.5655299, 24.9792712], [121.5657478, 24.979341], [121.5662482, 24.9795013]]}}, {"type": "Feature", "properties": {"county": "台北市", "district": "文山區", "highway": "unclassified", "name": "老泉街"}, "geometry": {"type": "LineString", "coordinates": [[121.5662482, 24.9795013], [121.5666453, 24.9796407], [121.5670424, 24.97978], [121.5671546, 24.9797854], [121.5675145, 24.9798754]]}}, {"type": "Feature", "properties": {"county": "台北市", "district": "文山區", "highway": "tertiary", "name": "萬芳路"}, "geometry": {"type": "LineString", "coordinates": [[121.5717369, 24.994923], [121.5716629, 24.994932], [121.5716201, 24.9949421], [121.571307, 24.995085], [121.5712047, 24.9951479], [121.5711028, 24.9952184], [121.5710189, 24.9952855], [121.57094, 24.9953724], [121.5708543, 24.9954863], [121.5707736, 24.9956234], [121.5707114, 24.9957808], [121.5706741, 24.9959234], [121.570659, 24.9960353], [121.5706557, 24.9961044], [121.5706619, 24.9962437], [121.570677, 24.996367], [121.5707058, 24.9964905], [121.5707374, 24.996587], [121.5707748, 24.9966805], [121.5708051, 24.996742], [121.5708235, 24.9967791], [121.570839, 24.9968102], [121.5708547, 24.9968417], [121.5710623, 24.9972593], [121.5710948, 24.9973503], [121.5711067, 24.9974382], [121.5711035, 24.997529], [121.5710865, 24.9976066], [121.5710652, 24.9976714], [121.570921, 24.9979324], [121.5708676, 24.9980199], [121.5708185, 24.9980834], [121.5707602, 24.9981386], [121.5707037, 24.9981814], [121.5706415, 24.9982164], [121.5705251, 24.9982691], [121.5702616, 24.9983784], [121.5695377, 24.9986789], [121.5694474, 24.9987114], [121.569346, 24.9987427], [121.5692293, 24.9987682], [121.5692028, 24.9987719], [121.5690716, 24.9987866]]}}, {"type": "Feature", "properties": {"county": "台北市", "district": "文山區", "highway": "tertiary", "name": "芳蘭路"}, "geometry": {"type": "LineString", "coordinates": [[121.5451155, 25.0125194], [121.5451614, 25.0125581], [121.5458166, 25.0131533], [121.5459437, 25.0132482], [121.5464365, 25.0136143], [121.546704, 25.0138653], [121.5468946, 25.0141446], [121.5469192, 25.0141853], [121.5469455, 25.0142292], [121.5469965, 25.0143143], [121.5470504, 25.0143926], [121.5470679, 25.0144181], [121.5471179, 25.0144788], [121.5471719, 25.0145399], [121.5473548, 25.0148109], [121.5473768, 25.0148416], [121.5474403, 25.0149302], [121.5474825, 25.0149851], [121.5475237, 25.0150419], [121.5475474, 25.0150788], [121.5476792, 25.0153403], [121.5477763, 25.015547], [121.5478933, 25.0158656], [121.54797, 25.016021], [121.5480962, 25.0161522], [121.5482122, 25.0162142], [121.5483402, 25.01627], [121.5484354, 25.0163053], [121.5485167, 25.016343], [121.5486161, 25.0164264], [121.5487804, 25.0166338], [121.548809, 25.0166699], [121.5488409, 25.0167102], [121.5489239, 25.0168489]]}}, {"type": "Feature", "properties": {"county": "台北市", "district": "文山區", "highway": "secondary", "name": "辛亥路四段"}, "geometry": {"type": "LineString", "coordinates": [[121.5586797, 25.007414], [121.5586981, 25.0076751], [121.5586914, 25.0078778], [121.5586515, 25.0081136], [121.5585828, 25.0083394], [121.5585389, 25.0084417], [121.5585325, 25.0084571], [121.5582884, 25.0088369], [121.5580551, 25.009213], [121.5576363, 25.009798]]}}, {"type": "Feature", "properties": {"county": "台北市", "district": "文山區", "highway": "secondary", "name": "辛亥路四段"}, "geometry": {"type": "LineString", "coordinates": [[121.5585658, 25.0067249], [121.5585449, 25.0066421], [121.5585287, 25.0066034], [121.558486, 25.0065124], [121.5584287, 25.0064213], [121.5583865, 25.0063691], [121.5583112, 25.0062891], [121.5582102, 25.0062045], [121.5581016, 25.0061174]]}}, {"type": "Feature", "properties": {"county": "台北市", "district": "文山區", "highway": "unclassified", "name": "老泉街45巷"}, "geometry": {"type": "LineString", "coordinates": [[121.5744774, 24.9733468], [121.5741934, 24.9734614], [121.5740646, 24.9735645], [121.5738049, 24.9737323], [121.5737294, 24.9737313], [121.5735966, 24.9737289], [121.5733351, 24.9736608], [121.5730605, 24.9735435], [121.5727639, 24.973448], [121.5726839, 24.9733704], [121.5725914, 24.9731287], [121.5724982, 24.972982], [121.5724164, 24.9728949], [121.5723266, 24.9728499], [121.5720642, 24.9728466], [121.5719731, 24.9727044], [121.5719458, 24.9724194], [121.57191, 24.9722995], [121.5718438, 24.972219], [121.5717564, 24.9721898], [121.5716662, 24.9721988], [121.5713918, 24.9723685], [121.5711556, 24.9724772], [121.5707715, 24.9724661], [121.570561, 24.9723481], [121.5703598, 24.9723238], [121.5700661, 24.972387], [121.5699669, 24.972381], [121.5697228, 24.9722411], [121.569584, 24.9722129], [121.569352, 24.9722348], [121.5691837, 24.9721269], [121.5690147, 24.9720868], [121.5688725, 24.9721487], [121.5686512, 24.9723603], [121.5683374, 24.9724436], [121.5680565, 24.9726351]]}}, {"type": "Feature", "properties": {"county": "台北市", "district": "文山區", "highway": "trunk", "name": "信義快速道路"}, "geometry": {"type": "LineString", "coordinates": [[121.577556, 25.0014799], [121.5773546, 25.0013434], [121.5771975, 25.0012111], [121.5770809, 25.0010869], [121.5769882, 25.0009468], [121.5768978, 25.0007197]]}}, {"type": "Feature", "properties": {"county": "台北市", "district": "文山區", "highway": "trunk", "name": "信義快速道路"}, "geometry": {"type": "LineString", "coordinates": [[121.5789497, 25.0023592], [121.5794257, 25.002821], [121.579816, 25.0032306], [121.580221, 25.0037667], [121.5805202, 25.0042436], [121.5807161, 25.0046092], [121.5808238, 25.0048581], [121.5809424, 25.0051239], [121.5810176, 25.0053241], [121.5810875, 25.0055389]]}}, {"type": "Feature", "properties": {"county": "台北市", "district": "文山區", "highway": "motorway_link", "name": "萬芳交流道"}, "geometry": {"type": "LineString", "coordinates": [[121.5791408, 25.0068013], [121.578762, 25.0067887]]}}, {"type": "Feature", "properties": {"county": "台北市", "district": "文山區", "highway": "motorway_link", "name": "萬芳交流道"}, "geometry": {"type": "LineString", "coordinates": [[121.5805791, 25.0035479], [121.5808084, 25.003661], [121.5810901, 25.0037885], [121.5813985, 25.0038992], [121.5816018, 25.0039627]]}}, {"type": "Feature", "properties": {"county": "台北市", "district": "文山區", "highway": "motorway", "name": "台北聯絡線"}, "geometry": {"type": "LineString", "coordinates": [[121.5781437, 25.0052467], [121.5783658, 25.0051052], [121.5786149, 25.0049618], [121.5788131, 25.0048567], [121.5790114, 25.0047657], [121.579462, 25.004581], [121.5798804, 25.0044643], [121.5802243, 25.0043901]]}}, {"type": "Feature", "properties": {"county": "台北市", "district": "文山區", "highway": "secondary", "name": "和平東路四段"}, "geometry": {"type": "LineString", "coordinates": [[121.5678032, 25.0051036], [121.5679177, 25.0050307], [121.5680174, 25.0049791], [121.5681155, 25.0049394], [121.56823, 25.0049038], [121.5683274, 25.0048849], [121.5684327, 25.0048709], [121.5685433, 25.0048654], [121.5686473, 25.0048689], [121.5687539, 25.0048812], [121.5688933, 25.0049019], [121.5689624, 25.004908], [121.5690756, 25.0049094], [121.5694271, 25.0049055], [121.569568, 25.004898], [121.5697132, 25.0048792], [121.5698136, 25.0048602], [121.569928, 25.0048357], [121.5713632, 25.0044183], [121.571413, 25.0043989], [121.5714542, 25.0043737], [121.5714859, 25.0043438], [121.5715272, 25.0042899], [121.5716152, 25.0041291], [121.5716675, 25.0040208], [121.5717062, 25.003926], [121.5717546, 25.0037673], [121.5718149, 25.0035188], [121.5719023, 25.0031045], [121.5719147, 25.0030207], [121.5719219, 25.0029289], [121.5719232, 25.0028298], [121.5719108, 25.0025122], [121.5719083, 25.0024497], [121.5719054, 25.0023754]]}}, {"type": "Feature", "properties": {"county": "台北市", "district": "文山區", "highway": "residential", "name": null}, "geometry": {"type": "LineString", "coordinates": [[121.5432994, 25.0051583], [121.5434522, 25.004998], [121.54352, 25.0050468], [121.5439197, 25.0049448]]}}, {"type": "Feature", "properties": {"county": "台北市", "district": "文山區", "highway": "residential", "name": "興隆路一段55巷"}, "geometry": {"type": "LineString", "coordinates": [[121.5414512, 25.0039423], [121.5414631, 25.004061], [121.5414614, 25.004143], [121.5414656, 25.0043439]]}}, {"type": "Feature", "properties": {"county": "台北市", "district": "文山區", "highway": "unclassified", "name": null}, "geometry": {"type": "LineString", "coordinates": [[121.5357915, 24.9985337], [121.5357378, 24.9985327], [121.5357099, 24.9985285], [121.5356869, 24.998519], [121.5356223, 24.9984738], [121.5355857, 24.9984377], [121.535574, 24.9984207]]}}, {"type": "Feature", "properties": {"county": "台北市", "district": "文山區", "highway": "residential", "name": "萬盛街130巷"}, "geometry": {"type": "LineString", "coordinates": [[121.5409047, 25.0048566], [121.5409638, 25.0048541], [121.541229, 25.0048539], [121.5414934, 25.004853], [121.5418308, 25.0049897], [121.5420229, 25.0050965]]}}, {"type": "Feature", "properties": {"county": "台北市", "district": "文山區", "highway": "residential", "name": "景華街147巷1弄"}, "geometry": {"type": "LineString", "coordinates": [[121.5474929, 24.9969563], [121.5472968, 24.996536], [121.5472438, 24.9964366]]}}, {"type": "Feature", "properties": {"county": "台北市", "district": "文山區", "highway": "residential", "name": "興隆路一段55巷"}, "geometry": {"type": "LineString", "coordinates": [[121.5411819, 25.0038657], [121.5411501, 25.0038527], [121.5411182, 25.0038345]]}}, {"type": "Feature", "properties": {"county": "台北市", "district": "文山區", "highway": "residential", "name": "北深路三段189巷"}, "geometry": {"type": "LineString", "coordinates": [[121.6012976, 25.003752], [121.6012575, 25.0036476], [121.6010205, 25.0034572], [121.600992, 25.0034256], [121.6008289, 25.0031936], [121.6006456, 25.0029451], [121.6005989, 25.0029021]]}}, {"type": "Feature", "properties": {"county": "台北市", "district": "文山區", "highway": "residential", "name": "北深路三段215巷"}, "geometry": {"type": "LineString", "coordinates": [[121.600465, 25.0040109], [121.600287, 25.0037271], [121.600374, 25.003681]]}}, {"type": "Feature", "properties": {"county": "台北市", "district": "文山區", "highway": "residential", "name": null}, "geometry": {"type": "LineString", "coordinates": [[121.5445576, 24.9947248], [121.5445478, 24.9945668], [121.5445525, 24.994471], [121.5445457, 24.9944029], [121.5445318, 24.9942492], [121.5445127, 24.994071], [121.5444832, 24.9938898], [121.5444532, 24.9938243], [121.5444376, 24.9937435], [121.5443558, 24.993434]]}}, {"type": "Feature", "properties": {"county": "台北市", "district": "文山區", "highway": "residential", "name": "育英街31巷38弄"}, "geometry": {"type": "LineString", "coordinates": [[121.5370376, 24.9898243], [121.5376637, 24.9896185]]}}, {"type": "Feature", "properties": {"county": "台北市", "district": "文山區", "highway": "residential", "name": "育英街31巷40弄"}, "geometry": {"type": "LineString", "coordinates": [[121.5370792, 24.9894337], [121.537597, 24.9892736]]}}, {"type": "Feature", "properties": {"county": "台北市", "district": "文山區", "highway": "unclassified", "name": "景美堤便"}, "geometry": {"type": "LineString", "coordinates": [[121.537147, 24.9944249], [121.5372459, 24.9942589], [121.5373572, 24.9940492], [121.5374431, 24.9938424], [121.5375175, 24.9935738], [121.5375655, 24.9933613], [121.5375956, 24.9931731], [121.5375838, 24.9928615], [121.5375549, 24.9926309], [121.5374767, 24.9923387], [121.5373197, 24.9919011], [121.5369237, 24.9907888], [121.5368937, 24.9906881], [121.5368602, 24.9905595], [121.5368514, 24.9904753], [121.5368331, 24.9903716], [121.5368254, 24.9901999], [121.5368416, 24.9900776], [121.5368642, 24.9899283], [121.53689, 24.9898467], [121.5369282, 24.9897091], [121.5369757, 24.9895996], [121.5370463, 24.9894837], [121.5370792, 24.9894337], [121.5371667, 24.9892924], [121.537372, 24.9890688], [121.5374728, 24.9889893], [121.5375732, 24.9889185], [121.5377196, 24.9888265], [121.5378517, 24.9887636], [121.5380404, 24.9886932], [121.5383366, 24.9886193], [121.5387087, 24.9885809], [121.5394656, 24.9885065]]}}, {"type": "Feature", "properties": {"county": "台北市", "district": "文山區", "highway": "unclassified", "name": null}, "geometry": {"type": "LineString", "coordinates": [[121.5395351, 24.9884988], [121.5397204, 24.9884919]]}}, {"type": "Feature", "properties": {"county": "台北市", "district": "文山區", "highway": "unclassified", "name": "萬福路"}, "geometry": {"type": "LineString", "coordinates": [[121.601947, 25.0097913], [121.6021884, 25.0097469], [121.6022615, 25.0097147], [121.6023138, 25.0096691], [121.6025014, 25.0094894], [121.6025658, 25.009442], [121.6026652, 25.0094109], [121.6027476, 25.0093926], [121.6028248, 25.0094515], [121.6028804, 25.0095506], [121.6028771, 25.0096126], [121.6028462, 25.0096989], [121.6026953, 25.0098976], [121.6026155, 25.0100125], [121.6026222, 25.0101078], [121.6027745, 25.0105327], [121.6027872, 25.0106463], [121.6027731, 25.0108092], [121.6027845, 25.0108711], [121.6028798, 25.0109386], [121.6030112, 25.0110066], [121.6031044, 25.0110449], [121.603286, 25.0111684], [121.6033733, 25.0112812], [121.60338, 25.0113983], [121.6033505, 25.0115918], [121.6033445, 25.0116914], [121.6033532, 25.0117936], [121.6033711, 25.0118672], [121.603406, 25.0119134], [121.603449, 25.0119503], [121.6035362, 25.0119923], [121.6036496, 25.0120336], [121.6037709, 25.012064], [121.604172, 25.012122], [121.6046031, 25.0121801], [121.6050598, 25.0121946], [121.6052555, 25.012225], [121.6053593, 25.0122664], [121.6054259, 25.0123259], [121.6054788, 25.0125021], [121.605578, 25.0127896], [121.6056103, 25.0130253], [121.6055987, 25.0131779], [121.6055653, 25.0133291], [121.6054781, 25.0134014], [121.6052146, 25.0136451], [121.6051233, 25.0138307], [121.6051045, 25.0140823], [121.6051946, 25.0144881], [121.6052299, 25.0146697], [121.6052406, 25.0148569], [121.6053257, 25.0150883], [121.6053163, 25.0151968], [121.6052358, 25.0155966], [121.6052278, 25.015783], [121.6052567, 25.015899], [121.6053184, 25.0159965], [121.6054736, 25.0161296], [121.6056423, 25.016338], [121.605711, 25.0165014], [121.6057862, 25.0165556], [121.6058528, 25.0165972], [121.606485, 25.0166838], [121.6067558, 25.0166998], [121.6069086, 25.0167323], [121.6070576, 25.0167827], [121.6074519, 25.0170703], [121.6077862, 25.0171888], [121.6081483, 25.0173177], [121.6082006, 25.0173286], [121.6084159, 25.0173474], [121.6085519, 25.0173486], [121.6086331, 25.0173437], [121.6087236, 25.01728], [121.6088457, 25.0171396], [121.608971, 25.0169998], [121.6090288, 25.0168729], [121.6090217, 25.016744], [121.6090076, 25.0166207], [121.6089982, 25.0165581], [121.6090029, 25.0164839], [121.609062, 25.0164372], [121.6091102, 25.0164274], [121.6092899, 25.0164402], [121.6094488, 25.0164426], [121.6096124, 25.0164159], [121.6097999, 25.0164123], [121.6101982, 25.0164481], [121.610292, 25.0164396], [121.6103618, 25.0164214], [121.6104828, 25.0163302], [121.6106048, 25.0162598], [121.6106853, 25.0162464], [121.6108328, 25.0162865], [121.6109333, 25.0163552], [121.611101, 25.016442], [121.6112372, 25.0164202], [121.611439, 25.0163551], [121.6118199, 25.0162834], [121.6122819, 25.016281], [121.6124462, 25.0162603], [121.6125139, 25.0162281], [121.6125789, 25.0161941], [121.6125984, 25.0161704], [121.6126051, 25.0160957], [121.6124646, 25.0158703], [121.6123922, 25.0157239], [121.612409, 25.0156212], [121.6124767, 25.0154857], [121.612533, 25.0153733], [121.6125054, 25.0149478], [121.6126034, 25.0148434], [121.6126785, 25.0147942], [121.6127677, 25.0147644], [121.6129132, 25.0147711], [121.613046, 25.0148203], [121.6132043, 25.0151302], [121.6132861, 25.0151928], [121.6133981, 25.0152092], [121.6135228, 25.0151594], [121.6136475, 25.015112], [121.6137528, 25.015019], [121.6138909, 25.0144873], [121.6139533, 25.0142947], [121.6140411, 25.0142242], [121.6141333, 25.0142175], [121.6142094, 25.0142515], [121.6142976, 25.0144179], [121.6143643, 25.0145213], [121.6145024, 25.0146599], [121.6146312, 25.0147638], [121.6148867, 25.0149333], [121.6149759, 25.0150634], [121.6151026, 25.0153435], [121.6152039, 25.0154334], [121.6153199, 25.0154618], [121.6156133, 25.0153571], [121.6162137, 25.0151515], [121.616481, 25.0150589]]}}, {"type": "Feature", "properties": {"county": "台北市", "district": "文山區", "highway": "unclassified", "name": "萬福路16巷"}, "geometry": {"type": "LineString", "coordinates": [[121.6022763, 25.0084094], [121.6023038, 25.0083589], [121.6024008, 25.0083196], [121.6027242, 25.0081165], [121.6028113, 25.0080661], [121.6029052, 25.0080296], [121.6031084, 25.007973], [121.6031862, 25.0079439], [121.6033807, 25.0078534], [121.6034529, 25.0078322], [121.6036407, 25.0077951], [121.603748, 25.0077629], [121.6038715, 25.007713], [121.6041173, 25.0075731], [121.6041853, 25.0075344], [121.604269, 25.0075077], [121.6047871, 25.007415], [121.6050972, 25.0073556], [121.6052662, 25.0073374], [121.6054118, 25.0073514], [121.6058992, 25.0074608], [121.6060917, 25.0075112], [121.6062969, 25.007671], [121.6064383, 25.0077354], [121.6066932, 25.0077476], [121.6067837, 25.0077883], [121.6068909, 25.007888], [121.6069869, 25.0080782], [121.607062, 25.0081481], [121.6072128, 25.00819], [121.6073476, 25.0082325], [121.6076488, 25.0083815], [121.608089, 25.0084952], [121.6083921, 25.0087444], [121.6086916, 25.0089155], [121.6090702, 25.0089977], [121.6092852, 25.009011], [121.6100587, 25.0087041], [121.6102713, 25.00867], [121.6104805, 25.0086871], [121.6107782, 25.0086276], [121.6110625, 25.0085692], [121.6111926, 25.0085753], [121.6113214, 25.0085838], [121.6114689, 25.0085644], [121.611699, 25.0085268], [121.6119711, 25.0085534], [121.612073, 25.0085437], [121.6122627, 25.0085023], [121.6122781, 25.0084393], [121.6122652, 25.0083953], [121.6120246, 25.0083597], [121.6117875, 25.0082711], [121.6115914, 25.0081599], [121.6112719, 25.008153], [121.6109303, 25.008057], [121.610777, 25.0080272], [121.6106265, 25.0079671]]}}, {"type": "Feature", "properties": {"county": "台北市", "district": "文山區", "highway": "residential", "name": "羅斯福路五段211巷26弄"}, "geometry": {"type": "LineString", "coordinates": [[121.5401634, 25.0022209], [121.5397307, 25.0020812]]}}, {"type": "Feature", "properties": {"county": "台北市", "district": "文山區", "highway": "residential", "name": "景興路201巷"}, "geometry": {"type": "LineString", "coordinates": [[121.543913, 24.9919494], [121.5439678, 24.9919341], [121.5440445, 24.9919266], [121.54416, 24.9919565], [121.5442926, 24.9919644], [121.5443969, 24.9919188], [121.5446182, 24.9920903], [121.5446382, 24.9921333], [121.5446877, 24.9924154], [121.5446809, 24.992451], [121.5445351, 24.9924961], [121.5442388, 24.9925538], [121.5441766, 24.9925603]]}}, {"type": "Feature", "properties": {"county": "台北市", "district": "文山區", "highway": "secondary", "name": "辛亥路三段"}, "geometry": {"type": "LineString", "coordinates": [[121.5533376, 25.0141002], [121.5527712, 25.0146655], [121.5527216, 25.0146955], [121.552684, 25.0147182], [121.5525582, 25.0147943], [121.552539, 25.014805], [121.5519705, 25.01512], [121.5516218, 25.0153549], [121.551571, 25.0153891], [121.5514773, 25.0154522], [121.5506586, 25.0160246]]}}, {"type": "Feature", "properties": {"county": "台北市", "district": "文山區", "highway": "secondary", "name": "辛亥路三段"}, "geometry": {"type": "LineString", "coordinates": [[121.5534277, 25.013633], [121.5537345, 25.0133122], [121.5538973, 25.0131398]]}}, {"type": "Feature", "properties": {"county": "台北市", "district": "文山區", "highway": "residential", "name": "建興街"}, "geometry": {"type": "LineString", "coordinates": [[121.5392742, 24.976504], [121.5391189, 24.9766886], [121.5387487, 24.9770541], [121.5384347, 24.9773641], [121.5383645, 24.9774335], [121.5382922, 24.9774952], [121.5382801, 24.9775053]]}}, {"type": "Feature", "properties": {"county": "台北市", "district": "文山區", "highway": "residential", "name": null}, "geometry": {"type": "LineString", "coordinates": [[121.5456302, 24.9937536], [121.5457645, 24.9936882], [121.5458866, 24.9936441], [121.5459923, 24.9936039], [121.5460751, 24.9935765], [121.5461412, 24.9934987], [121.5462656, 24.993387], [121.5462703, 24.9933659], [121.546295, 24.9933439], [121.5463939, 24.993292]]}}, {"type": "Feature", "properties": {"county": "台北市", "district": "文山區", "highway": "unclassified", "name": "恆光街"}, "geometry": {"type": "LineString", "coordinates": [[121.5670273, 24.9824837], [121.5670419, 24.9824585], [121.5670658, 24.9824289]]}}, {"type": "Feature", "properties": {"county": "台北市", "district": "文山區", "highway": "residential", "name": "木新路二段211巷10弄"}, "geometry": {"type": "LineString", "coordinates": [[121.5670273, 24.9824837], [121.5671436, 24.9825275], [121.5671726, 24.9825367], [121.5673386, 24.9825893], [121.5676667, 24.9826931], [121.5680606, 24.9828178]]}}, {"type": "Feature", "properties": {"county": "台北市", "district": "文山區", "highway": "tertiary", "name": "中興地下道"}, "geometry": {"type": "LineString", "coordinates": [[121.5473993, 24.9717285], [121.5466038, 24.970406]]}}, {"type": "Feature", "properties": {"county": "台北市", "district": "文山區", "highway": "residential", "name": "大豐路"}, "geometry": {"type": "LineString", "coordinates": [[121.5418613, 24.9805713], [121.5417618, 24.9805331], [121.5414272, 24.9804044], [121.5410136, 24.9802436], [121.5409009, 24.9801943], [121.540262, 24.9799005], [121.5399928, 24.9797931], [121.5396235, 24.9796347], [121.5393707, 24.9795278], [121.5393403, 24.9795114], [121.5390791, 24.9793921], [121.5386088, 24.9791772], [121.5384398, 24.9791265], [121.5380903, 24.9789853]]}}, {"type": "Feature", "properties": {"county": "台北市", "district": "文山區", "highway": "residential", "name": "育英街31巷"}, "geometry": {"type": "LineString", "coordinates": [[121.5386678, 24.9911388], [121.5379554, 24.9906908], [121.5378648, 24.9904555], [121.5378115, 24.9903112], [121.5376886, 24.9899978]]}}, {"type": "Feature", "properties": {"county": "台北市", "district": "文山區", "highway": "residential", "name": "育英街45巷"}, "geometry": {"type": "LineString", "coordinates": [[121.538032, 24.9909332], [121.5374713, 24.9911114]]}}, {"type": "Feature", "properties": {"county": "台北市", "district": "文山區", "highway": "residential", "name": "育英街31巷36弄"}, "geometry": {"type": "LineString", "coordinates": [[121.5379583, 24.9899128], [121.5376886, 24.9899978], [121.5371193, 24.9901716]]}}, {"type": "Feature", "properties": {"county": "台北市", "district": "文山區", "highway": "residential", "name": "育英街17巷5弄"}, "geometry": {"type": "LineString", "coordinates": [[121.5392653, 24.9904429], [121.5390625, 24.9902431], [121.5386934, 24.9898604], [121.5386647, 24.9897941], [121.5386341, 24.9897065]]}}, {"type": "Feature", "properties": {"county": "台北市", "district": "文山區", "highway": "residential", "name": "育英街31巷34弄"}, "geometry": {"type": "LineString", "coordinates": [[121.5378115, 24.9903112], [121.5372327, 24.9904939]]}}, {"type": "Feature", "properties": {"county": "台北市", "district": "文山區", "highway": "residential", "name": "木新路二段43巷"}, "geometry": {"type": "LineString", "coordinates": [[121.5706914, 24.9860239], [121.5707836, 24.9860156], [121.5713949, 24.985959]]}}, {"type": "Feature", "properties": {"county": "台北市", "district": "文山區", "highway": "tertiary", "name": "指南路二段"}, "geometry": {"type": "LineString", "coordinates": [[121.579776, 24.9858676], [121.5798398, 24.9856734], [121.5798705, 24.9855801], [121.5798871, 24.9855296]]}}, {"type": "Feature", "properties": {"county": "台北市", "district": "文山區", "highway": "tertiary", "name": "萬壽路"}, "geometry": {"type": "LineString", "coordinates": [[121.5876532, 24.9880031], [121.5876695, 24.9879578], [121.5877385, 24.9877659], [121.587766, 24.9876589], [121.5877888, 24.9875246], [121.5878102, 24.9873278], [121.5878128, 24.9872766], [121.587812, 24.9872061], [121.5878051, 24.9871516], [121.5877943, 24.9871196], [121.5877566, 24.9870334], [121.587673, 24.9868936], [121.5876594, 24.9868709], [121.587595, 24.9867634], [121.5874401, 24.9864863], [121.587359, 24.9863364], [121.5873138, 24.986223], [121.5872882, 24.9861221], [121.5872791, 24.9860387], [121.5872821, 24.9859467], [121.587289, 24.9859219], [121.5873028, 24.9858654], [121.58734, 24.9857679], [121.5873817, 24.9856971]]}}, {"type": "Feature", "properties": {"county": "台北市", "district": "文山區", "highway": "unclassified", "name": "指南路三段40巷"}, "geometry": {"type": "LineString", "coordinates": [[121.605548, 24.9700457], [121.6055296, 24.9699978], [121.6054998, 24.969953], [121.6054173, 24.9699107], [121.6051797, 24.9698585], [121.6048841, 24.9698377], [121.6046907, 24.9698765], [121.6046182, 24.9699479], [121.6045813, 24.9700202], [121.6045176, 24.9701095], [121.604415, 24.9701612], [121.6041065, 24.9701648], [121.6039577, 24.9701733], [121.6036519, 24.9702366], [121.6033957, 24.9702463], [121.6031892, 24.9702256], [121.6027889, 24.9701788], [121.6024443, 24.9701119], [121.6023007, 24.9700772], [121.6021874, 24.9700633], [121.6020399, 24.9701108], [121.6018602, 24.9701746], [121.6016925, 24.970273], [121.6016308, 24.9702864], [121.6015383, 24.9702973], [121.6013881, 24.9702828], [121.6012889, 24.9703034], [121.6011358, 24.9703651], [121.6009335, 24.9703545], [121.6008195, 24.9703387], [121.6006545, 24.9702329], [121.6005405, 24.9701988], [121.6004084, 24.9701782], [121.6003125, 24.9701563], [121.600224, 24.9701308], [121.600102, 24.9701198], [121.5999116, 24.9701113], [121.5998338, 24.9700749], [121.5996715, 24.969867], [121.5996581, 24.9698013], [121.5996192, 24.9696761], [121.5995012, 24.9694548], [121.5994193, 24.9692628], [121.5993894, 24.9692403], [121.5993161, 24.9691849], [121.5991324, 24.9691545], [121.5989661, 24.9691375], [121.5987863, 24.9691361], [121.598665, 24.9691169], [121.5985939, 24.9690591], [121.5985633, 24.9689845], [121.5985461, 24.9688953], [121.5985633, 24.9688258], [121.5986011, 24.9687895], [121.5986668, 24.9687591], [121.5988112, 24.9687521], [121.5989728, 24.9687643], [121.5992571, 24.9686573], [121.5993469, 24.9685783], [121.5993919, 24.9684773], [121.5994033, 24.9683528], [121.5993128, 24.968095], [121.5992624, 24.96803], [121.5991418, 24.9679655], [121.5989962, 24.9679252], [121.5988659, 24.9678475], [121.5988507, 24.9678014], [121.5988489, 24.9677499], [121.5988743, 24.9677005], [121.5991156, 24.9674877], [121.5992055, 24.9673534], [121.5993644, 24.9670524], [121.599469, 24.9667862], [121.5995347, 24.9666209], [121.5995669, 24.9665315], [121.5995798, 24.9664563], [121.5995475, 24.9663844], [121.5994933, 24.9663596], [121.5994006, 24.9663436], [121.5992115, 24.9664069], [121.5991149, 24.966475], [121.5989274, 24.9665857], [121.5987486, 24.9666255], [121.5982376, 24.9666445], [121.5981298, 24.9666067], [121.5977971, 24.966299], [121.5975447, 24.965878], [121.5974796, 24.9658162], [121.5973631, 24.9657991]]}}, {"type": "Feature", "properties": {"county": "台北市", "district": "文山區", "highway": "residential", "name": "興隆路四段96巷4弄"}, "geometry": {"type": "LineString", "coordinates": [[121.5614273, 24.9832715], [121.5614043, 24.9833398], [121.5613604, 24.9834707], [121.5611982, 24.9839536]]}}, {"type": "Feature", "properties": {"county": "台北市", "district": "文山區", "highway": "residential", "name": "興隆路四段74巷"}, "geometry": {"type": "LineString", "coordinates": [[121.5606646, 24.9838179], [121.5611644, 24.9839379], [121.5611982, 24.9839536]]}}, {"type": "Feature", "properties": {"county": "台北市", "district": "文山區", "highway": "primary", "name": "羅斯福路六段"}, "geometry": {"type": "LineString", "coordinates": [[121.5397277, 24.9903994], [121.5395947, 24.9900482], [121.5395955, 24.9899908]]}}, {"type": "Feature", "properties": {"county": "台北市", "district": "文山區", "highway": "primary", "name": "羅斯福路六段"}, "geometry": {"type": "LineString", "coordinates": [[121.5396021, 24.9899269], [121.5395488, 24.9897069], [121.5395157, 24.9895045], [121.5394963, 24.9893133], [121.5394949, 24.9891774], [121.539505, 24.988987], [121.5395337, 24.9887495], [121.5395689, 24.9885547]]}}, {"type": "Feature", "properties": {"county": "台北市", "district": "文山區", "highway": "residential", "name": "育英街"}, "geometry": {"type": "LineString", "coordinates": [[121.5397277, 24.9903994], [121.539797, 24.9902082]]}}, {"type": "Feature", "properties": {"county": "台北市", "district": "文山區", "highway": "residential", "name": "仙岩路"}, "geometry": {"type": "LineString", "coordinates": [[121.5503218, 25.0001289], [121.5503832, 25.0001694], [121.5512064, 25.0007339], [121.551438, 25.0008965], [121.5515023, 25.0009242]]}}, {"type": "Feature", "properties": {"county": "台北市", "district": "文山區", "highway": "residential", "name": "仙岩路"}, "geometry": {"type": "LineString", "coordinates": [[121.5483766, 24.9985482], [121.5484202, 24.9985856], [121.5484322, 24.9985959], [121.548481, 24.9986378], [121.5487388, 24.9988911], [121.5487614, 24.9989133], [121.5488061, 24.9989573], [121.5488309, 24.9989832], [121.5488597, 24.9990132], [121.5490131, 24.9991732], [121.5490429, 24.9992042], [121.5490848, 24.9992479], [121.5491054, 24.9992655], [121.5491403, 24.9992953], [121.5494776, 24.9995497], [121.5496116, 24.9996432], [121.5497362, 24.9997259], [121.5499928, 24.9999051], [121.550285, 25.0001051], [121.5503218, 25.0001289]]}}, {"type": "Feature", "properties": {"county": "台北市", "district": "文山區", "highway": "residential", "name": null}, "geometry": {"type": "LineString", "coordinates": [[121.5471663, 24.9993506], [121.5472107, 24.9992659]]}}, {"type": "Feature", "properties": {"county": "台北市", "district": "文山區", "highway": "residential", "name": "興隆路二段95巷"}, "geometry": {"type": "LineString", "coordinates": [[121.5465872, 25.0003219], [121.5471271, 24.9994166], [121.5471441, 24.9993882], [121.5471663, 24.9993506]]}}, {"type": "Feature", "properties": {"county": "台北市", "district": "文山區", "highway": "residential", "name": "興隆路二段203巷"}, "geometry": {"type": "LineString", "coordinates": [[121.5487087, 25.0019217], [121.5487751, 25.0018922], [121.5489245, 25.0018259], [121.5491739, 25.0015938], [121.5492959, 25.0014515], [121.5494755, 25.0012518], [121.5496364, 25.0010755], [121.5497386, 25.0009597], [121.5497889, 25.0009028], [121.5498199, 25.0008443]]}}, {"type": "Feature", "properties": {"county": "台北市", "district": "文山區", "highway": "residential", "name": "興隆路二段96巷"}, "geometry": {"type": "LineString", "coordinates": [[121.5503218, 25.0001289], [121.5503645, 25.0000754], [121.5503866, 25.0000237], [121.550427, 24.9999381], [121.5504532, 24.9998345], [121.5505133, 24.999818], [121.5506322, 24.9997853], [121.5507728, 24.9997337], [121.5508594, 24.9996914], [121.5509769, 24.9996224], [121.5511198, 24.9995435], [121.5511499, 24.9995295]]}}, {"type": "Feature", "properties": {"county": "台北市", "district": "文山區", "highway": "residential", "name": "興隆路一段251巷"}, "geometry": {"type": "LineString", "coordinates": [[121.5454902, 25.0000045], [121.5451799, 24.999887], [121.5448766, 24.9997728], [121.5446862, 24.9997029], [121.5445125, 24.9996372], [121.544324, 24.9995691], [121.5441036, 24.9994911], [121.5440452, 24.9994705], [121.5439638, 24.9994417]]}}, {"type": "Feature", "properties": {"county": "台北市", "district": "文山區", "highway": "residential", "name": "福興路63巷"}, "geometry": {"type": "LineString", "coordinates": [[121.5493559, 25.0035624], [121.5495137, 25.0035329], [121.549645, 25.0035237], [121.5497477, 25.0035172], [121.5498705, 25.0035217], [121.5501197, 25.0035439], [121.5501829, 25.0035494]]}}, {"type": "Feature", "properties": {"county": "台北市", "district": "文山區", "highway": "residential", "name": "興隆路二段203巷"}, "geometry": {"type": "LineString", "coordinates": [[121.5478722, 25.0031499], [121.5478285, 25.0032126], [121.5478184, 25.0032293], [121.5477514, 25.0033509], [121.5476996, 25.0034279], [121.5476017, 25.0035047], [121.5474839, 25.0035431], [121.547372, 25.0035411], [121.5472831, 25.0035224], [121.5471919, 25.0034899], [121.5471074, 25.0034501], [121.547026, 25.0033981], [121.5469493, 25.003337], [121.5468541, 25.0032374], [121.5468208, 25.0031915], [121.5467912, 25.0031565], [121.5467276, 25.0029986], [121.5467097, 25.0028608], [121.5467242, 25.0027074], [121.5467486, 25.0026317], [121.5467945, 25.0025807], [121.5468853, 25.0024798], [121.5470383, 25.0023977], [121.5471105, 25.0023981], [121.5472106, 25.0024522], [121.5481029, 25.0021395], [121.54862, 25.0019536], [121.5487087, 25.0019217]]}}, {"type": "Feature", "properties": {"county": "台北市", "district": "文山區", "highway": "tertiary", "name": "景興路"}, "geometry": {"type": "LineString", "coordinates": [[121.5446289, 24.9951246], [121.5446281, 24.9950523], [121.5446274, 24.9950043], [121.5446255, 24.9949074], [121.5446268, 24.9946991], [121.5446279, 24.99439], [121.5446063, 24.9940649], [121.5445487, 24.9937944], [121.5445395, 24.9937389], [121.5444206, 24.9933189], [121.544277, 24.9929755], [121.5441383, 24.9926577], [121.5441088, 24.9925809]]}}, {"type": "Feature", "properties": {"county": "台北市", "district": "文山區", "highway": "tertiary", "name": "景興路"}, "geometry": {"type": "LineString", "coordinates": [[121.5447277, 24.9951313], [121.5447326, 24.9952151], [121.5447272, 24.9954648], [121.5447288, 24.9957225], [121.544731, 24.9960055], [121.5447349, 24.9961478], [121.5447354, 24.9961863], [121.5447393, 24.9963813], [121.5447404, 24.9966953], [121.5447425, 24.996728], [121.544743, 24.996794], [121.5447404, 24.9969907]]}}, {"type": "Feature", "properties": {"county": "台北市", "district": "文山區", "highway": "residential", "name": "景華街"}, "geometry": {"type": "LineString", "coordinates": [[121.5447277, 24.9951313], [121.5446289, 24.9951246]]}}, {"type": "Feature", "properties": {"county": "台北市", "district": "文山區", "highway": "residential", "name": "景華街"}, "geometry": {"type": "LineString", "coordinates": [[121.54772, 24.9982886], [121.5476703, 24.9984214], [121.5474435, 24.9989779], [121.5473626, 24.9992216], [121.5473528, 24.9992512], [121.5473037, 24.9993141]]}}, {"type": "Feature", "properties": {"county": "台北市", "district": "文山區", "highway": "residential", "name": "景華街"}, "geometry": {"type": "LineString", "coordinates": [[121.5446289, 24.9951246], [121.5445624, 24.9951204], [121.5445178, 24.9951176], [121.5438393, 24.9950747], [121.5437794, 24.9950709], [121.5437137, 24.9950667], [121.5429351, 24.9950174], [121.5428716, 24.9950134], [121.5428055, 24.9950125], [121.5423316, 24.9949818], [121.5422803, 24.9949789], [121.5422122, 24.994975], [121.5419331, 24.9949662], [121.5419038, 24.9949645], [121.541648, 24.9949475], [121.5415924, 24.9949448], [121.5415337, 24.9949427], [121.5413527, 24.994943], [121.5413292, 24.9949425], [121.5412472, 24.9949298]]}}, {"type": "Feature", "properties": {"county": "台北市", "district": "文山區", "highway": "residential", "name": "福興路82巷"}, "geometry": {"type": "LineString", "coordinates": [[121.5501181, 25.005595], [121.5501706, 25.0056052], [121.5507777, 25.0057233], [121.5510174, 25.0060314], [121.5511747, 25.0062668], [121.5513394, 25.0064812], [121.5514081, 25.0065463], [121.5515114, 25.0066197]]}}, {"type": "Feature", "properties": {"county": "台北市", "district": "文山區", "highway": "residential", "name": "福興路"}, "geometry": {"type": "LineString", "coordinates": [[121.5496935, 25.0047584], [121.5496688, 25.0048691], [121.5495761, 25.0052843], [121.549532, 25.005481]]}}, {"type": "Feature", "properties": {"county": "台北市", "district": "文山區", "highway": "residential", "name": "福興路"}, "geometry": {"type": "LineString", "coordinates": [[121.549532, 25.005481], [121.5495185, 25.005538], [121.5494194, 25.0058741], [121.5493307, 25.0060492], [121.5492489, 25.00618], [121.5492139, 25.0062398], [121.5491827, 25.0062905]]}}, {"type": "Feature", "properties": {"county": "台北市", "district": "文山區", "highway": "residential", "name": "福興路"}, "geometry": {"type": "LineString", "coordinates": [[121.5513995, 25.0027361], [121.551342, 25.0027768], [121.5503216, 25.0034587], [121.5502632, 25.0034978], [121.5501829, 25.0035494], [121.5500682, 25.0036289], [121.5500092, 25.0036878], [121.5499561, 25.0037369], [121.5499136, 25.003812]]}}, {"type": "Feature", "properties": {"county": "台北市", "district": "文山區", "highway": "residential", "name": "福興路"}, "geometry": {"type": "LineString", "coordinates": [[121.5499136, 25.003812], [121.5498752, 25.0039746], [121.549809, 25.0042579], [121.5496935, 25.0047584]]}}, {"type": "Feature", "properties": {"county": "台北市", "district": "文山區", "highway": "residential", "name": "福興路"}, "geometry": {"type": "LineString", "coordinates": [[121.551773, 25.0018682], [121.5517902, 25.0019293], [121.5518043, 25.0019671], [121.5518333, 25.0020447], [121.5518466, 25.0021204], [121.5518521, 25.002196], [121.5518305, 25.0023252], [121.5518147, 25.0023636], [121.5517864, 25.0024323], [121.5516938, 25.0025411], [121.5514466, 25.0027071], [121.5513995, 25.0027361]]}}, {"type": "Feature", "properties": {"county": "台北市", "district": "文山區", "highway": "residential", "name": "福興路"}, "geometry": {"type": "LineString", "coordinates": [[121.5491827, 25.0062905], [121.5491014, 25.00643], [121.549049, 25.0065403], [121.5489983, 25.006731], [121.5489922, 25.0067982], [121.5489691, 25.0069435], [121.5489461, 25.0070875], [121.5489317, 25.0071305]]}}, {"type": "Feature", "properties": {"county": "台北市", "district": "文山區", "highway": "residential", "name": "興隆路三段304巷"}, "geometry": {"type": "LineString", "coordinates": [[121.5547716, 24.9958615], [121.5547403, 24.9958576], [121.5547141, 24.9958452], [121.554696, 24.9958268], [121.5546869, 24.9958077], [121.5546819, 24.9957739], [121.5547002, 24.9954446], [121.5547558, 24.9954533], [121.5549167, 24.9954706], [121.55511, 24.9954768], [121.5553338, 24.9954661], [121.5553157, 24.9958804]]}}, {"type": "Feature", "properties": {"county": "台北市", "district": "文山區", "highway": "secondary", "name": "興隆路三段"}, "geometry": {"type": "LineString", "coordinates": [[121.5588096, 24.9926724], [121.5588372, 24.992751], [121.5588571, 24.9928008], [121.5589311, 24.9930014], [121.5591348, 24.9934611], [121.5591497, 24.9934949], [121.5591701, 24.9935359], [121.5593721, 24.9939412], [121.5594635, 24.9941286], [121.5595472, 24.9943496], [121.5595721, 24.9944284], [121.5596198, 24.9946308], [121.5596472, 24.9947468], [121.5596767, 24.994917], [121.5597116, 24.995092], [121.5597257, 24.9951477], [121.5597412, 24.9952045], [121.5597629, 24.9952799], [121.5597727, 24.9953217], [121.5598727, 24.9956327], [121.5599128, 24.9957534], [121.559974, 24.995885], [121.5599939, 24.9959278], [121.5600355, 24.9960262], [121.5600556, 24.9960797], [121.5600529, 24.9963557], [121.559965, 24.9966825], [121.5599389, 24.9967823]]}}, {"type": "Feature", "properties": {"county": "台北市", "district": "文山區", "highway": "secondary", "name": "興隆路三段"}, "geometry": {"type": "LineString", "coordinates": [[121.558767, 24.9927895], [121.5587164, 24.9926457], [121.558688, 24.9925703], [121.5586307, 24.9924003], [121.5586012, 24.9921304], [121.5586146, 24.9918995], [121.5587224, 24.9915574], [121.5588433, 24.9911676], [121.5588721, 24.9910754]]}}, {"type": "Feature", "properties": {"county": "台北市", "district": "文山區", "highway": "secondary", "name": "興隆路二段"}, "geometry": {"type": "LineString", "coordinates": [[121.5473037, 24.9993141], [121.5474299, 24.9993832], [121.5474769, 24.9994151], [121.5477608, 24.9996413], [121.5478322, 24.9997007], [121.5480917, 24.9999158], [121.5483226, 25.0001103], [121.548501, 25.0002635], [121.5485436, 25.0003], [121.5485782, 25.0003237], [121.5486147, 25.0003453], [121.5487678, 25.00043], [121.5488879, 25.0004897], [121.5490499, 25.0005539], [121.5492376, 25.0006073], [121.5495072, 25.0006743], [121.5496972, 25.0007236], [121.5497672, 25.0007417], [121.5498595, 25.0007749], [121.5499305, 25.0008006], [121.5501585, 25.000921], [121.5503205, 25.0010258], [121.5504739, 25.001137], [121.5508762, 25.0014423], [121.5509178, 25.0014738], [121.5509877, 25.0015336], [121.5510394, 25.0015749], [121.5511838, 25.0016745], [121.5512688, 25.0017301], [121.5513925, 25.0017762], [121.5515173, 25.0018037], [121.5515963, 25.0018078], [121.5516665, 25.0018066], [121.5517127, 25.0018058], [121.5517577, 25.0018022]]}}, {"type": "Feature", "properties": {"county": "台北市", "district": "文山區", "highway": "secondary", "name": "興隆路二段"}, "geometry": {"type": "LineString", "coordinates": [[121.5472638, 24.9993854], [121.5471663, 24.9993506]]}}, {"type": "Feature", "properties": {"county": "台北市", "district": "文山區", "highway": "secondary", "name": "興隆路二段"}, "geometry": {"type": "LineString", "coordinates": [[121.5472107, 24.9992659], [121.5473037, 24.9993141]]}}, {"type": "Feature", "properties": {"county": "台北市", "district": "文山區", "highway": "secondary", "name": "興隆路二段"}, "geometry": {"type": "LineString", "coordinates": [[121.551773, 25.0018682], [121.5517149, 25.0018721], [121.5515941, 25.0018724], [121.5515052, 25.0018693], [121.5513755, 25.0018396], [121.5512239, 25.00178], [121.551117, 25.0017122], [121.5510368, 25.0016568], [121.550991, 25.0016251], [121.5509382, 25.0015897], [121.550863, 25.0015353], [121.5506712, 25.0013884], [121.5502809, 25.0010972], [121.5501131, 25.0009907], [121.5500395, 25.0009515], [121.5499358, 25.0008957], [121.5498911, 25.0008716], [121.5498199, 25.0008443]]}}, {"type": "Feature", "properties": {"county": "台北市", "district": "文山區", "highway": "secondary", "name": "興隆路二段"}, "geometry": {"type": "LineString", "coordinates": [[121.5517577, 25.0018022], [121.551803, 25.0017946], [121.551869, 25.0017717], [121.5519495, 25.0017423], [121.552299, 25.0016147], [121.5523964, 25.0015793], [121.5524446, 25.0015618], [121.5525009, 25.0015416], [121.5526528, 25.001487]]}}, {"type": "Feature", "properties": {"county": "台北市", "district": "文山區", "highway": "secondary", "name": "興隆路二段"}, "geometry": {"type": "LineString", "coordinates": [[121.5471663, 24.9993506], [121.5471018, 24.9993189], [121.5468368, 24.9992029], [121.5466697, 24.9991538], [121.5465873, 24.9991296], [121.5465121, 24.9991075], [121.5459817, 24.9989557], [121.5458642, 24.998922], [121.5457721, 24.9988957], [121.5456125, 24.99885], [121.5453144, 24.9987711], [121.5450366, 24.9986991]]}}, {"type": "Feature", "properties": {"county": "台北市", "district": "文山區", "highway": "secondary", "name": "木柵路五段"}, "geometry": {"type": "LineString", "coordinates": [[121.5916572, 24.9989581], [121.5916996, 24.9988726], [121.5921491, 24.9985004], [121.592592, 24.9981213], [121.5926745, 24.9980621], [121.5927901, 24.9979989], [121.5928984, 24.997956], [121.593043, 24.9979192], [121.5931791, 24.9979038], [121.5933504, 24.9979066], [121.5935074, 24.9979248], [121.5936468, 24.9979672], [121.5937998, 24.9980405], [121.593948, 24.9981431], [121.5941002, 24.9982957], [121.5942308, 24.9985014], [121.5943362, 24.9987675], [121.594346, 24.9988046], [121.5943731, 24.9989314]]}}, {"type": "Feature", "properties": {"county": "台北市", "district": "文山區", "highway": "unclassified", "name": "寶橋路55巷"}, "geometry": {"type": "LineString", "coordinates": [[121.5444272, 24.9753927], [121.5450329, 24.974792]]}}, {"type": "Feature", "properties": {"county": "台北市", "district": "文山區", "highway": "tertiary_link", "name": null}, "geometry": {"type": "LineString", "coordinates": [[121.5743891, 24.9953789], [121.5744993, 24.9952406]]}}, {"type": "Feature", "properties": {"county": "台北市", "district": "文山區", "highway": "tertiary", "name": "新光路二段"}, "geometry": {"type": "LineString", "coordinates": [[121.5801756, 24.9986532], [121.580656, 24.9989495], [121.5822474, 24.9999002], [121.5823877, 24.999958], [121.5825156, 24.9999909], [121.5826464, 25.0000055], [121.5828268, 25.0000039], [121.5829268, 25.0000167], [121.5830237, 25.0000432], [121.5831736, 25.0001038]]}}, {"type": "Feature", "properties": {"county": "台北市", "district": "文山區", "highway": "tertiary", "name": "新光路二段"}, "geometry": {"type": "LineString", "coordinates": [[121.5743891, 24.9953789], [121.574207, 24.9952545], [121.574068, 24.9951053], [121.5739528, 24.9949228], [121.5739069, 24.9947944], [121.5738849, 24.9946671], [121.5739035, 24.9945114]]}}, {"type": "Feature", "properties": {"county": "台北市", "district": "文山區", "highway": "secondary", "name": "木柵路五段"}, "geometry": {"type": "LineString", "coordinates": [[121.5848001, 25.0030651], [121.5849892, 25.0030839], [121.5854656, 25.0031172], [121.5859009, 25.0031295], [121.5864445, 25.0031238], [121.5864722, 25.0031231], [121.5865606, 25.0031217], [121.5867015, 25.0031198], [121.5868179, 25.0031157], [121.5868916, 25.0031089], [121.5869709, 25.0030959], [121.587045, 25.0030791], [121.5871243, 25.0030551], [121.5871941, 25.0030274], [121.5872614, 25.0029958], [121.5873075, 25.0029698], [121.587349, 25.0029442], [121.5874025, 25.0029077], [121.5874517, 25.0028691], [121.5875057, 25.0028238], [121.5875994, 25.0027305], [121.5877216, 25.0025977], [121.5878685, 25.0024357]]}}, {"type": "Feature", "properties": {"county": "台北市", "district": "文山區", "highway": "residential", "name": "政大三街"}, "geometry": {"type": "LineString", "coordinates": [[121.582061, 24.9858946], [121.5820153, 24.985888], [121.5814155, 24.9858016], [121.5812288, 24.9858137], [121.5810598, 24.9858514], [121.5809033, 24.9859082], [121.5803883, 24.9861377]]}}, {"type": "Feature", "properties": {"county": "台北市", "district": "文山區", "highway": "residential", "name": "政大三街"}, "geometry": {"type": "LineString", "coordinates": [[121.584055, 24.9865372], [121.5840189, 24.9865151], [121.5833693, 24.9861168], [121.5832142, 24.9860637], [121.583105, 24.9860358], [121.5824461, 24.985947], [121.582061, 24.9858946]]}}, {"type": "Feature", "properties": {"county": "台北市", "district": "文山區", "highway": "residential", "name": "政大一街"}, "geometry": {"type": "LineString", "coordinates": [[121.5845132, 24.9859571], [121.5849145, 24.9862086], [121.5851502, 24.9863571], [121.5852682, 24.9864324], [121.5853809, 24.9865219], [121.5855955, 24.9867223], [121.5858821, 24.9870227], [121.5859422, 24.9870787], [121.5859837, 24.9871096], [121.586037, 24.9871414], [121.5860836, 24.9871627], [121.5861275, 24.9871794], [121.5861809, 24.987194], [121.5862332, 24.9872028], [121.5862881, 24.9872074], [121.5863313, 24.9872075], [121.5869959, 24.9871476], [121.5870673, 24.98715], [121.5871072, 24.9871602], [121.5871434, 24.987175], [121.5871786, 24.9871985], [121.5872158, 24.9872326], [121.5872424, 24.9872732], [121.5872594, 24.9873131], [121.5872665, 24.9873502], [121.5872661, 24.9873851], [121.5872611, 24.9874187], [121.587251, 24.9874602], [121.587133, 24.9877721], [121.587129, 24.9877995], [121.5871304, 24.9878319], [121.5871367, 24.9878604], [121.5871605, 24.9879078], [121.5871881, 24.9879423], [121.5872279, 24.9879698], [121.5872779, 24.9879859], [121.5873253, 24.9879922], [121.5875667, 24.9880002], [121.5876532, 24.9880031]]}}, {"type": "Feature", "properties": {"county": "台北市", "district": "文山區", "highway": "residential", "name": "政大一街"}, "geometry": {"type": "LineString", "coordinates": [[121.5821474, 24.9853592], [121.5822802, 24.9854065], [121.5823116, 24.9854131], [121.582417, 24.9854353], [121.5825015, 24.9854478], [121.5826169, 24.985441], [121.5832105, 24.9853453], [121.5832513, 24.9853396], [121.583342, 24.9853328], [121.5834504, 24.9853385], [121.5835489, 24.9853706], [121.5836154, 24.9854077], [121.5840197, 24.9856567], [121.5845132, 24.9859571]]}}, {"type": "Feature", "properties": {"county": "台北市", "district": "文山區", "highway": "residential", "name": "政大二街"}, "geometry": {"type": "LineString", "coordinates": [[121.584055, 24.9865372], [121.5840856, 24.9864984], [121.5845132, 24.9859571]]}}, {"type": "Feature", "properties": {"county": "台北市", "district": "文山區", "highway": "tertiary", "name": "萬壽路"}, "geometry": {"type": "LineString", "coordinates": [[121.5873817, 24.9856971], [121.5874301, 24.9856362], [121.5875234, 24.9855821], [121.5879464, 24.9853778], [121.5880322, 24.9853134], [121.5881075, 24.9852437], [121.5881491, 24.9851995], [121.5882, 24.9851351], [121.5882468, 24.9849916], [121.5883342, 24.9844787], [121.5883957, 24.9839864], [121.5884254, 24.983832], [121.5884736, 24.9836472], [121.5885393, 24.9834673], [121.588644, 24.9832521], [121.5887633, 24.9830685], [121.5888907, 24.9829907], [121.5893412, 24.9828029], [121.5893841, 24.9827814], [121.589427, 24.9827385], [121.589445, 24.9826601], [121.589427, 24.9825883], [121.5893841, 24.9825454], [121.5893412, 24.9825025], [121.5892338, 24.982438]]}}, {"type": "Feature", "properties": {"county": "台北市", "district": "文山區", "highway": "residential", "name": "建興街"}, "geometry": {"type": "LineString", "coordinates": [[121.5392742, 24.976504], [121.539382, 24.9764645], [121.5398683, 24.9764788], [121.5399705, 24.9764777], [121.5405412, 24.9765263]]}}, {"type": "Feature", "properties": {"county": "台北市", "district": "文山區", "highway": "residential", "name": "建興街"}, "geometry": {"type": "LineString", "coordinates": [[121.5392742, 24.976504], [121.5386085, 24.9757905]]}}, {"type": "Feature", "properties": {"county": "台北市", "district": "文山區", "highway": "unclassified", "name": null}, "geometry": {"type": "LineString", "coordinates": [[121.6069201, 24.9987394], [121.6069193, 24.9986615], [121.6068243, 24.9985474]]}}, {"type": "Feature", "properties": {"county": "台北市", "district": "文山區", "highway": "residential", "name": "平埔街22巷"}, "geometry": {"type": "LineString", "coordinates": [[121.6155831, 25.0009691], [121.6154234, 25.0009508], [121.6147228, 25.0008756], [121.6146014, 25.0008626], [121.6143951, 25.0008404], [121.6142288, 25.0008979], [121.6141812, 25.0009398]]}}, {"type": "Feature", "properties": {"county": "台北市", "district": "文山區", "highway": "residential", "name": "文化街84巷"}, "geometry": {"type": "LineString", "coordinates": [[121.6177721, 25.0019687], [121.617664, 25.002361], [121.6176091, 25.0025278], [121.6175492, 25.0027687], [121.6177533, 25.0028569], [121.6178137, 25.0028915]]}}, {"type": "Feature", "properties": {"county": "台北市", "district": "文山區", "highway": "residential", "name": null}, "geometry": {"type": "LineString", "coordinates": [[121.6097881, 24.9983631], [121.6098048, 24.9984457], [121.6099719, 24.998498], [121.6104865, 24.9984496], [121.6123594, 24.9988571], [121.6124747, 24.9988814], [121.6126346, 24.9988893], [121.6129146, 24.9988855]]}}, {"type": "Feature", "properties": {"county": "台北市", "district": "文山區", "highway": "residential", "name": "埔新街58巷"}, "geometry": {"type": "LineString", "coordinates": [[121.6199181, 25.0036923], [121.6200643, 25.003252], [121.6203224, 25.0024744]]}}, {"type": "Feature", "properties": {"county": "台北市", "district": "文山區", "highway": "residential", "name": null}, "geometry": {"type": "LineString", "coordinates": [[121.617418, 25.0136649], [121.6172659, 25.0133973], [121.6171423, 25.0132533], [121.6171168, 25.013198], [121.6170806, 25.0131508], [121.6169829, 25.0130852], [121.6167614, 25.0129734], [121.6166883, 25.0128513], [121.6165606, 25.012802], [121.6164882, 25.012765], [121.6163551, 25.0126217], [121.6162781, 25.0126052], [121.6161319, 25.0125882], [121.6160841, 25.0125693], [121.6160359, 25.0125025], [121.6158955, 25.0122116], [121.6158029, 25.0121632], [121.6155705, 25.0121546], [121.6154367, 25.0121247], [121.6154196, 25.0121641], [121.6154377, 25.0121999], [121.6154912, 25.0122481], [121.6155798, 25.0122748], [121.6155986, 25.0123181]]}}, {"type": "Feature", "properties": {"county": "台北市", "district": "文山區", "highway": "residential", "name": "北深路二段81巷"}, "geometry": {"type": "LineString", "coordinates": [[121.6181368, 25.003759], [121.6184023, 25.0031455]]}}, {"type": "Feature", "properties": {"county": "台北市", "district": "文山區", "highway": "residential", "name": "北深路二段81巷8弄"}, "geometry": {"type": "LineString", "coordinates": [[121.6178137, 25.0028915], [121.6184023, 25.0031455]]}}, {"type": "Feature", "properties": {"county": "台北市", "district": "文山區", "highway": "residential", "name": "北深路二段81巷"}, "geometry": {"type": "LineString", "coordinates": [[121.6184023, 25.0031455], [121.618609, 25.0021206]]}}, {"type": "Feature", "properties": {"county": "台北市", "district": "文山區", "highway": "residential", "name": "北深路二段55巷12弄"}, "geometry": {"type": "LineString", "coordinates": [[121.6184023, 25.0031455], [121.6191014, 25.003416]]}}, {"type": "Feature", "properties": {"county": "台北市", "district": "文山區", "highway": "residential", "name": "北深路二段55巷3弄"}, "geometry": {"type": "LineString", "coordinates": [[121.6191014, 25.003416], [121.6195814, 25.0036045]]}}, {"type": "Feature", "properties": {"county": "台北市", "district": "文山區", "highway": "residential", "name": "北深路二段43巷11弄"}, "geometry": {"type": "LineString", "coordinates": [[121.6195814, 25.0036045], [121.619767, 25.0036697], [121.6198887, 25.0037124], [121.6199181, 25.0036923]]}}, {"type": "Feature", "properties": {"county": "台北市", "district": "文山區", "highway": "residential", "name": "北深路三段189巷8弄"}, "geometry": {"type": "LineString", "coordinates": [[121.6004199, 25.0034996], [121.6008289, 25.0031936]]}}, {"type": "Feature", "properties": {"county": "台北市", "district": "文山區", "highway": "residential", "name": "北深路三段189巷6弄"}, "geometry": {"type": "LineString", "coordinates": [[121.600374, 25.003681], [121.6004596, 25.0036535], [121.6008095, 25.0035641], [121.600992, 25.0034256]]}}, {"type": "Feature", "properties": {"county": "台北市", "district": "文山區", "highway": "residential", "name": "北深路三段189巷10弄"}, "geometry": {"type": "LineString", "coordinates": [[121.6005989, 25.0029021], [121.6001321, 25.0032327]]}}, {"type": "Feature", "properties": {"county": "台北市", "district": "文山區", "highway": "residential", "name": "北深路三段158巷"}, "geometry": {"type": "LineString", "coordinates": [[121.602753, 25.0032762], [121.6027834, 25.0033329], [121.602764, 25.0033901], [121.6027057, 25.0034542], [121.6026495, 25.003516], [121.6023539, 25.0037725], [121.6019787, 25.0040979], [121.6018132, 25.0042416], [121.6017208, 25.004321], [121.6016677, 25.0043969], [121.6016079, 25.0044947], [121.6015452, 25.0046051], [121.6014023, 25.0049468], [121.6011541, 25.005502], [121.6009485, 25.0058404], [121.6008069, 25.0060194], [121.6006161, 25.0061973], [121.6005512, 25.0062654], [121.6004584, 25.0063669], [121.600375, 25.0064174], [121.5997947, 25.0066668], [121.5997514, 25.0066938], [121.5997187, 25.0067304], [121.599651, 25.0068604]]}}, {"type": "Feature", "properties": {"county": "台北市", "district": "文山區", "highway": "residential", "name": "萬福路75巷"}, "geometry": {"type": "LineString", "coordinates": [[121.6010941, 25.0093166], [121.6009727, 25.0092972], [121.6007514, 25.0092851], [121.6005845, 25.0092978], [121.6004369, 25.00933], [121.6002793, 25.009406], [121.6001808, 25.0094698], [121.6000333, 25.009561], [121.5999508, 25.0095847], [121.5996014, 25.0096017], [121.5994157, 25.0096357], [121.5992588, 25.0096782], [121.5990784, 25.0096946], [121.5984883, 25.0097275], [121.5981707, 25.0098782]]}}, {"type": "Feature", "properties": {"county": "台北市", "district": "文山區", "highway": "residential", "name": null}, "geometry": {"type": "LineString", "coordinates": [[121.6092687, 24.9946154], [121.6092354, 24.99475], [121.6092005, 24.9948789], [121.6091947, 24.9949382], [121.6092175, 24.9949957], [121.6092467, 24.9950403], [121.6095084, 24.9953488], [121.6096203, 24.9954586], [121.6096747, 24.9955207], [121.6097195, 24.9955827], [121.6097599, 24.9956638], [121.609786, 24.9957405], [121.6097945, 24.9958274], [121.6098053, 24.9959783], [121.6098121, 24.9966712], [121.6097916, 24.9967237], [121.6097536, 24.9967677], [121.609554, 24.9969067]]}}, {"type": "Feature", "properties": {"county": "台北市", "district": "文山區", "highway": "residential", "name": "和平東路四段295巷"}, "geometry": {"type": "LineString", "coordinates": [[121.5734623, 25.0011516], [121.573306, 25.0013394], [121.5732356, 25.0014239], [121.5732026, 25.0014713], [121.5731838, 25.0015088], [121.5731701, 25.0015469], [121.5731528, 25.0016463], [121.5731477, 25.0017704], [121.5731365, 25.0017829], [121.5730494, 25.001834], [121.5727825, 25.0019906], [121.5725997, 25.0020979], [121.5725654, 25.0021141], [121.5725135, 25.0021208], [121.5724621, 25.0021125], [121.5724205, 25.002092], [121.5723891, 25.0020557], [121.572371, 25.0020107], [121.5723711, 25.0019579], [121.5723919, 25.0019083], [121.5724835, 25.0017801], [121.5726453, 25.0015535], [121.5728477, 25.0012701], [121.572922, 25.0011661], [121.5730796, 25.0009456]]}}, {"type": "Feature", "properties": {"county": "台北市", "district": "文山區", "highway": "residential", "name": "和平東路四段295巷"}, "geometry": {"type": "LineString", "coordinates": [[121.5731664, 25.0005582], [121.5731403, 25.0007793], [121.5731288, 25.0008767], [121.5730796, 25.0009456], [121.5734623, 25.0011516]]}}, {"type": "Feature", "properties": {"county": "台北市", "district": "文山區", "highway": "residential", "name": "木柵路四段149巷"}, "geometry": {"type": "LineString", "coordinates": [[121.5749524, 24.9986326], [121.5749281, 24.9986869], [121.5748976, 24.9987546], [121.5747037, 24.9991867], [121.5746608, 24.9992824], [121.5746101, 24.999418], [121.5745587, 24.9995558], [121.5745005, 24.999712], [121.5744051, 24.9999675], [121.5743801, 25.0000087], [121.5743429, 25.0000474], [121.5742892, 25.0000859], [121.5742247, 25.0001117], [121.5741702, 25.0001229], [121.5739705, 25.0001388], [121.5739122, 25.0001495], [121.5738652, 25.0001693], [121.5738144, 25.0002161], [121.5737744, 25.0002752], [121.5737554, 25.0003355], [121.5737556, 25.0003754], [121.5737742, 25.0004749], [121.5737935, 25.0005781], [121.5737993, 25.0006479], [121.5737898, 25.0007064], [121.5737689, 25.000761], [121.5737262, 25.0008345], [121.573573, 25.0010185], [121.5734623, 25.0011516]]}}, {"type": "Feature", "properties": {"county": "台北市", "district": "文山區", "highway": "residential", "name": "和平東路四段381巷"}, "geometry": {"type": "LineString", "coordinates": [[121.5745587, 24.9995558], [121.5743682, 24.9994921], [121.5740265, 24.9993776], [121.5740197, 24.9993753]]}}, {"type": "Feature", "properties": {"county": "台北市", "district": "文山區", "highway": "residential", "name": "二十張路"}, "geometry": {"type": "LineString", "coordinates": [[121.5376573, 24.981041], [121.5371505, 24.9805369], [121.5370032, 24.980403], [121.536853, 24.9802665], [121.5367684, 24.9801826], [121.5366256, 24.9800695], [121.5363375, 24.9798413], [121.536158, 24.9796809], [121.5361169, 24.9796215], [121.5360461, 24.9795595], [121.5357782, 24.9793247], [121.5357227, 24.9792674], [121.5353641, 24.978947], [121.5351283, 24.9788215], [121.5350446, 24.9787921], [121.5349332, 24.9788217], [121.5347139, 24.9788984], [121.534627, 24.9789412], [121.534241, 24.9791316], [121.5339608, 24.9792945]]}}, {"type": "Feature", "properties": {"county": "台北市", "district": "文山區", "highway": "residential", "name": "景興路153巷14弄"}, "geometry": {"type": "LineString", "coordinates": [[121.5450927, 24.9931915], [121.5451173, 24.9932841], [121.545171, 24.9934072], [121.5452098, 24.9937518]]}}, {"type": "Feature", "properties": {"county": "台北市", "district": "文山區", "highway": "residential", "name": "羅斯福路五段176巷"}, "geometry": {"type": "LineString", "coordinates": [[121.5365522, 25.0042982], [121.5370235, 25.0043047], [121.5373782, 25.0042607], [121.5375244, 25.0042623], [121.5380362, 25.0041972]]}}, {"type": "Feature", "properties": {"county": "台北市", "district": "文山區", "highway": "residential", "name": null}, "geometry": {"type": "LineString", "coordinates": [[121.5356222, 25.0044461], [121.5355763, 25.0044571], [121.5352611, 25.0044109], [121.5352045, 25.0043904]]}}, {"type": "Feature", "properties": {"county": "台北市", "district": "文山區", "highway": "residential", "name": "三福街4巷5弄"}, "geometry": {"type": "LineString", "coordinates": [[121.5423271, 24.9959986], [121.5423111, 24.9962833], [121.5423353, 24.9963099], [121.5423357, 24.9963514]]}}, {"type": "Feature", "properties": {"county": "台北市", "district": "文山區", "highway": "residential", "name": "景華街128巷3弄"}, "geometry": {"type": "LineString", "coordinates": [[121.5473364, 24.9954271], [121.5476667, 24.9957169], [121.5477821, 24.9958652], [121.5479037, 24.9960153], [121.547993, 24.9961256]]}}, {"type": "Feature", "properties": {"county": "台北市", "district": "文山區", "highway": "residential", "name": "景華街128巷"}, "geometry": {"type": "LineString", "coordinates": [[121.5472645, 24.9946838], [121.5474161, 24.9948018], [121.5477161, 24.9950403], [121.548055, 24.9953768]]}}, {"type": "Feature", "properties": {"county": "台北市", "district": "文山區", "highway": "residential", "name": "景華街128巷2弄"}, "geometry": {"type": "LineString", "coordinates": [[121.546918, 24.9951433], [121.5470742, 24.9949305]]}}, {"type": "Feature", "properties": {"county": "台北市", "district": "文山區", "highway": "residential", "name": "景華街128巷2弄"}, "geometry": {"type": "LineString", "coordinates": [[121.5462729, 24.9948066], [121.5463894, 24.9948588], [121.5466168, 24.9949761], [121.546918, 24.9951433], [121.5470913, 24.9952608], [121.5473364, 24.9954271]]}}, {"type": "Feature", "properties": {"county": "台北市", "district": "文山區", "highway": "residential", "name": "景興路153巷"}, "geometry": {"type": "LineString", "coordinates": [[121.545171, 24.9934072], [121.544859, 24.9934814]]}}, {"type": "Feature", "properties": {"county": "台北市", "district": "文山區", "highway": "residential", "name": "景興路177巷"}, "geometry": {"type": "LineString", "coordinates": [[121.5449866, 24.9928982], [121.5450927, 24.9931915]]}}, {"type": "Feature", "properties": {"county": "台北市", "district": "文山區", "highway": "residential", "name": "景後街149巷"}, "geometry": {"type": "LineString", "coordinates": [[121.542793, 24.9899943], [121.5427289, 24.9900256], [121.5424315, 24.9901176], [121.5423326, 24.9901484], [121.5420216, 24.9902459], [121.5419605, 24.990268]]}}, {"type": "Feature", "properties": {"county": "台北市", "district": "文山區", "highway": "residential", "name": null}, "geometry": {"type": "LineString", "coordinates": [[121.5445125, 24.9996372], [121.5442696, 25.0001856]]}}, {"type": "Feature", "properties": {"county": "台北市", "district": "文山區", "highway": "residential", "name": "興隆路一段251巷2弄"}, "geometry": {"type": "LineString", "coordinates": [[121.5447293, 24.9991635], [121.5445125, 24.9996372]]}}, {"type": "Feature", "properties": {"county": "台北市", "district": "文山區", "highway": "residential", "name": "興隆路一段251巷3弄"}, "geometry": {"type": "LineString", "coordinates": [[121.54463, 25.0003276], [121.5446533, 25.000269], [121.5447542, 25.0000523], [121.5448766, 24.9997728]]}}, {"type": "Feature", "properties": {"county": "台北市", "district": "文山區", "highway": "residential", "name": "興隆路一段251巷4弄"}, "geometry": {"type": "LineString", "coordinates": [[121.5448766, 24.9997728], [121.5450776, 24.9993203], [121.545088, 24.9992986]]}}, {"type": "Feature", "properties": {"county": "台北市", "district": "文山區", "highway": "residential", "name": "興隆路一段251巷2弄"}, "geometry": {"type": "LineString", "coordinates": [[121.5447914, 24.9990195], [121.5447293, 24.9991635]]}}, {"type": "Feature", "properties": {"county": "台北市", "district": "文山區", "highway": "residential", "name": "興隆路一段271巷"}, "geometry": {"type": "LineString", "coordinates": [[121.5442714, 24.9989932], [121.5443401, 24.999017], [121.5445441, 24.9990938], [121.5447293, 24.9991635], [121.5448968, 24.9992266], [121.545088, 24.9992986]]}}, {"type": "Feature", "properties": {"county": "台北市", "district": "文山區", "highway": "residential", "name": "興隆路二段9巷"}, "geometry": {"type": "LineString", "coordinates": [[121.545088, 24.9992986], [121.5452947, 24.9988171], [121.5453144, 24.9987711]]}}, {"type": "Feature", "properties": {"county": "台北市", "district": "文山區", "highway": "residential", "name": "羅斯福路五段176巷"}, "geometry": {"type": "LineString", "coordinates": [[121.5380362, 25.0041972], [121.5381914, 25.0041825], [121.5383457, 25.0041678], [121.5385669, 25.004145], [121.5385882, 25.0041421], [121.5386537, 25.0041326]]}}, {"type": "Feature", "properties": {"county": "台北市", "district": "文山區", "highway": "residential", "name": "羅斯福路五段192巷"}, "geometry": {"type": "LineString", "coordinates": [[121.536723, 25.0034363], [121.5367658, 25.0034419], [121.5373604, 25.0035196], [121.5377504, 25.0035565], [121.5379478, 25.0035746], [121.5381324, 25.0035856], [121.5383162, 25.0035966], [121.5384908, 25.0036016], [121.538515, 25.0036032], [121.5385897, 25.0036026]]}}, {"type": "Feature", "properties": {"county": "台北市", "district": "文山區", "highway": "residential", "name": "寶興路"}, "geometry": {"type": "LineString", "coordinates": [[121.5500382, 24.9720096], [121.5503588, 24.9717441], [121.5505143, 24.9716702], [121.5506142, 24.9716228], [121.5507318, 24.9715456], [121.5508319, 24.971372], [121.5509913, 24.9710945]]}}, {"type": "Feature", "properties": {"county": "台北市", "district": "文山區", "highway": "residential", "name": "木新路三段310巷12弄"}, "geometry": {"type": "LineString", "coordinates": [[121.5567952, 24.9819548], [121.5568348, 24.981964], [121.5578233, 24.982192]]}}, {"type": "Feature", "properties": {"county": "台北市", "district": "文山區", "highway": "residential", "name": "興隆路四段74巷21弄"}, "geometry": {"type": "LineString", "coordinates": [[121.5611146, 24.9823422], [121.5609917, 24.9827253], [121.5608963, 24.9830556], [121.5607597, 24.983505], [121.5606646, 24.9838179]]}}, {"type": "Feature", "properties": {"county": "台北市", "district": "文山區", "highway": "residential", "name": "辛亥路四段252巷"}, "geometry": {"type": "LineString", "coordinates": [[121.5548508, 25.0013731], [121.5548016, 25.0013915], [121.5546279, 25.001455], [121.5544128, 25.0015337], [121.5539862, 25.00169], [121.5536451, 25.0018087], [121.5534536, 25.0018753]]}}, {"type": "Feature", "properties": {"county": "台北市", "district": "文山區", "highway": "residential", "name": "木新路三段278巷"}, "geometry": {"type": "LineString", "coordinates": [[121.5579495, 24.9816036], [121.5579384, 24.9817929], [121.5578233, 24.982192], [121.5577292, 24.9825183], [121.5576518, 24.9827865]]}}, {"type": "Feature", "properties": {"county": "台北市", "district": "文山區", "highway": "residential", "name": "興德街47巷"}, "geometry": {"type": "LineString", "coordinates": [[121.5564593, 25.0014176], [121.5560878, 25.0015036], [121.5559443, 25.0015255], [121.5558075, 25.0015315], [121.5556105, 25.0015147], [121.5555279, 25.0015132], [121.5554004, 25.0015201], [121.5553638, 25.0015281], [121.5551336, 25.0015737], [121.5550851, 25.0015888]]}}, {"type": "Feature", "properties": {"county": "台北市", "district": "文山區", "highway": "residential", "name": "興隆路二段153巷2弄"}, "geometry": {"type": "LineString", "coordinates": [[121.5494755, 25.0012518], [121.5494353, 25.0012085], [121.548823, 25.0010247], [121.548277, 25.0006864]]}}, {"type": "Feature", "properties": {"county": "台北市", "district": "文山區", "highway": "residential", "name": "久康街72巷"}, "geometry": {"type": "LineString", "coordinates": [[121.5665355, 24.990125], [121.5666568, 24.9899768], [121.5668155, 24.9897829], [121.56684, 24.9897507]]}}, {"type": "Feature", "properties": {"county": "台北市", "district": "文山區", "highway": "residential", "name": "下崙路33巷"}, "geometry": {"type": "LineString", "coordinates": [[121.5590878, 24.9857762], [121.5589672, 24.9858192], [121.5588503, 24.9858727], [121.5587264, 24.9859583], [121.5586339, 24.9860447], [121.5585721, 24.9861525], [121.5584949, 24.986339]]}}, {"type": "Feature", "properties": {"county": "台北市", "district": "文山區", "highway": "residential", "name": "興隆路二段217巷"}, "geometry": {"type": "LineString", "coordinates": [[121.5502809, 25.0010972], [121.550245, 25.001149], [121.5500911, 25.0013146], [121.5499497, 25.0014879], [121.5497207, 25.001711], [121.5496369, 25.0017822], [121.5494867, 25.0019018], [121.5493293, 25.0020353], [121.549275, 25.0019989], [121.548884, 25.0021978]]}}, {"type": "Feature", "properties": {"county": "台北市", "district": "文山區", "highway": "residential", "name": "五峰路63巷"}, "geometry": {"type": "LineString", "coordinates": [[121.5463526, 24.9680484], [121.5463725, 24.9681759], [121.5464122, 24.968451], [121.5463755, 24.9686271], [121.5464071, 24.9687296], [121.5464601, 24.9689016], [121.5464831, 24.9691173], [121.546545, 24.9693494], [121.5465841, 24.9694734], [121.5466025, 24.9696072], [121.54664, 24.9697045], [121.5467071, 24.9697787], [121.5469351, 24.9698686], [121.546974, 24.9699002], [121.5469927, 24.9699707], [121.5470048, 24.970147], [121.5470638, 24.9702589], [121.5471456, 24.9704121], [121.5474004, 24.9709032], [121.5474792, 24.9712373], [121.54751, 24.9713165], [121.5475801, 24.9714041]]}}, {"type": "Feature", "properties": {"county": "台北市", "district": "文山區", "highway": "residential", "name": "久康街24巷"}, "geometry": {"type": "LineString", "coordinates": [[121.5660013, 24.9892709], [121.5652737, 24.9891583], [121.5651473, 24.9891905]]}}, {"type": "Feature", "properties": {"county": "台北市", "district": "文山區", "highway": "residential", "name": null}, "geometry": {"type": "LineString", "coordinates": [[121.5492366, 24.9894027], [121.5494441, 24.9894367], [121.5495596, 24.9894106]]}}, {"type": "Feature", "properties": {"county": "台北市", "district": "文山區", "highway": "residential", "name": "中正路95巷"}, "geometry": {"type": "LineString", "coordinates": [[121.542795, 24.9696289], [121.5431374, 24.9704725], [121.5432091, 24.970531]]}}, {"type": "Feature", "properties": {"county": "台北市", "district": "文山區", "highway": "residential", "name": "中正路75巷"}, "geometry": {"type": "LineString", "coordinates": [[121.5436985, 24.9703159], [121.5435227, 24.9699556], [121.543279, 24.9694257], [121.5429322, 24.9686691]]}}, {"type": "Feature", "properties": {"county": "台北市", "district": "文山區", "highway": "residential", "name": "北新路一段126巷"}, "geometry": {"type": "LineString", "coordinates": [[121.5436655, 24.9692684], [121.5436521, 24.969275], [121.543279, 24.9694257], [121.542795, 24.9696289]]}}, {"type": "Feature", "properties": {"county": "台北市", "district": "文山區", "highway": "residential", "name": "新坡一街"}, "geometry": {"type": "LineString", "coordinates": [[121.5438416, 24.9656635], [121.5437411, 24.9657173]]}}, {"type": "Feature", "properties": {"county": "台北市", "district": "文山區", "highway": "residential", "name": "行政街17巷"}, "geometry": {"type": "LineString", "coordinates": [[121.5431059, 24.9671522], [121.5426702, 24.966808]]}}, {"type": "Feature", "properties": {"county": "台北市", "district": "文山區", "highway": "residential", "name": "行政街"}, "geometry": {"type": "LineString", "coordinates": [[121.5425509, 24.9669061], [121.5426702, 24.966808], [121.5428389, 24.9665895], [121.5428731, 24.9665417], [121.5430762, 24.9662707], [121.543181, 24.9661194], [121.5431921, 24.9661053], [121.5430705, 24.9659139], [121.5431521, 24.9658323], [121.5432527, 24.965791], [121.5435748, 24.9656148], [121.5436405, 24.9655745]]}}, {"type": "Feature", "properties": {"county": "台北市", "district": "文山區", "highway": "residential", "name": "和興路44巷26弄"}, "geometry": {"type": "LineString", "coordinates": [[121.5468872, 24.9842317], [121.5466464, 24.9842486], [121.5464498, 24.9842843], [121.546417, 24.9842955], [121.5463072, 24.9843291], [121.5461684, 24.9843866]]}}, {"type": "Feature", "properties": {"county": "台北市", "district": "文山區", "highway": "motorway", "name": "台北聯絡線"}, "geometry": {"type": "LineString", "coordinates": [[121.5742708, 25.0073568], [121.5741473, 25.0073873], [121.5735901, 25.0075249]]}}, {"type": "Feature", "properties": {"county": "台北市", "district": "文山區", "highway": "motorway", "name": "台北聯絡線"}, "geometry": {"type": "LineString", "coordinates": [[121.5743525, 25.0070156], [121.5748612, 25.0068884], [121.5753229, 25.0067567], [121.5757885, 25.0066059]]}}, {"type": "Feature", "properties": {"county": "台北市", "district": "文山區", "highway": "residential", "name": "中興路三段228巷"}, "geometry": {"type": "LineString", "coordinates": [[121.5436513, 24.9832935], [121.5440339, 24.9833588], [121.5444347, 24.983424], [121.5447427, 24.9835613]]}}, {"type": "Feature", "properties": {"county": "台北市", "district": "文山區", "highway": "residential", "name": "寶元路一段74巷"}, "geometry": {"type": "LineString", "coordinates": [[121.544157, 24.9841412], [121.5434656, 24.9840426], [121.5430249, 24.98396], [121.542961, 24.9839432]]}}, {"type": "Feature", "properties": {"county": "台北市", "district": "文山區", "highway": "residential", "name": "寶元路一段84巷"}, "geometry": {"type": "LineString", "coordinates": [[121.5444673, 24.9837994], [121.5442821, 24.9837368], [121.5438538, 24.9836766], [121.5435775, 24.983654]]}}, {"type": "Feature", "properties": {"county": "台北市", "district": "文山區", "highway": "residential", "name": null}, "geometry": {"type": "LineString", "coordinates": [[121.5439933, 24.9835258], [121.5440339, 24.9833588], [121.5440799, 24.9831445], [121.5441013, 24.9831176]]}}, {"type": "Feature", "properties": {"county": "台北市", "district": "文山區", "highway": "residential", "name": "中興路三段220巷"}, "geometry": {"type": "LineString", "coordinates": [[121.5449615, 24.9830788], [121.5438144, 24.982746], [121.5436297, 24.9826821], [121.5435835, 24.9826743]]}}, {"type": "Feature", "properties": {"county": "台北市", "district": "文山區", "highway": "residential", "name": "寶元路二段38巷"}, "geometry": {"type": "LineString", "coordinates": [[121.5462919, 24.9813399], [121.5466528, 24.9817069]]}}, {"type": "Feature", "properties": {"county": "台北市", "district": "文山區", "highway": "residential", "name": "寶中路65巷"}, "geometry": {"type": "LineString", "coordinates": [[121.5463039, 24.9808892], [121.5465509, 24.9811285]]}}, {"type": "Feature", "properties": {"county": "台北市", "district": "文山區", "highway": "residential", "name": null}, "geometry": {"type": "LineString", "coordinates": [[121.5466529, 24.9810404], [121.5469815, 24.9813367]]}}, {"type": "Feature", "properties": {"county": "台北市", "district": "文山區", "highway": "residential", "name": "寶元路二段64巷"}, "geometry": {"type": "LineString", "coordinates": [[121.5468834, 24.9808267], [121.5472028, 24.9811318]]}}, {"type": "Feature", "properties": {"county": "台北市", "district": "文山區", "highway": "residential", "name": "寶中路93巷"}, "geometry": {"type": "LineString", "coordinates": [[121.5476571, 24.9811821], [121.5481319, 24.9811821], [121.5481026, 24.9807868], [121.5481555, 24.9806754]]}}, {"type": "Feature", "properties": {"county": "台北市", "district": "文山區", "highway": "residential", "name": null}, "geometry": {"type": "LineString", "coordinates": [[121.549266, 24.9835482], [121.5493662, 24.9832077], [121.5500069, 24.9811636], [121.5500029, 24.9811114], [121.5499626, 24.9810688], [121.5492486, 24.9808565], [121.5488616, 24.9807467], [121.548731, 24.9806028], [121.5486795, 24.98053]]}}, {"type": "Feature", "properties": {"county": "台北市", "district": "文山區", "highway": "residential", "name": null}, "geometry": {"type": "LineString", "coordinates": [[121.5483304, 24.9829473], [121.5484788, 24.982988], [121.5493662, 24.9832077]]}}, {"type": "Feature", "properties": {"county": "台北市", "district": "文山區", "highway": "tertiary", "name": null}, "geometry": {"type": "LineString", "coordinates": [[121.5656754, 24.982915], [121.565688, 24.9830126], [121.5656963, 24.9830763], [121.5657383, 24.983398]]}}, {"type": "Feature", "properties": {"county": "台北市", "district": "文山區", "highway": "tertiary_link", "name": null}, "geometry": {"type": "LineString", "coordinates": [[121.5657383, 24.983398], [121.5653942, 24.9829576], [121.5653409, 24.9828893], [121.5652966, 24.9827845]]}}, {"type": "Feature", "properties": {"county": "台北市", "district": "文山區", "highway": "residential", "name": "景文街90巷"}, "geometry": {"type": "LineString", "coordinates": [[121.5403335, 24.9905479], [121.5402433, 24.9905749]]}}, {"type": "Feature", "properties": {"county": "台北市", "district": "文山區", "highway": "unclassified", "name": null}, "geometry": {"type": "LineString", "coordinates": [[121.5354577, 24.9993839], [121.5354452, 24.9993389], [121.5354463, 24.9992482], [121.5354289, 24.9991802], [121.5353615, 24.9990419], [121.5353447, 24.9989933], [121.5353353, 24.998945], [121.5353285, 24.9988948], [121.5353277, 24.9988526], [121.5353639, 24.9984654], [121.5353662, 24.9984446]]}}, {"type": "Feature", "properties": {"county": "台北市", "district": "文山區", "highway": "unclassified", "name": "羅斯福路六段142巷"}, "geometry": {"type": "LineString", "coordinates": [[121.5357915, 24.9985337], [121.5357174, 24.998565], [121.535695, 24.9985772], [121.535673, 24.9985944], [121.535654, 24.9986115], [121.5355918, 24.9986892], [121.5355848, 24.9987005], [121.5355698, 24.9987279], [121.5355407, 24.9987821], [121.5355336, 24.9988384]]}}, {"type": "Feature", "properties": {"county": "台北市", "district": "文山區", "highway": "unclassified", "name": "溪洲街"}, "geometry": {"type": "LineString", "coordinates": [[121.5355336, 24.9988384], [121.5354816, 24.9993345], [121.5354577, 24.9993839]]}}, {"type": "Feature", "properties": {"county": "台北市", "district": "文山區", "highway": "tertiary", "name": "景福街"}, "geometry": {"type": "LineString", "coordinates": [[121.5359363, 24.9959414], [121.5359208, 24.9959876], [121.5358938, 24.9960269], [121.5358863, 24.9960581], [121.535895, 24.9960927], [121.5359635, 24.9962322], [121.5359752, 24.996301], [121.5360319, 24.9963926], [121.5360762, 24.9964825], [121.5362742, 24.9968951], [121.5362916, 24.9969329], [121.5363646, 24.9970917], [121.5368184, 24.9979925], [121.5368434, 24.9980555], [121.5368908, 24.998137]]}}, {"type": "Feature", "properties": {"county": "台北市", "district": "文山區", "highway": "trunk_link", "name": null}, "geometry": {"type": "LineString", "coordinates": [[121.5357188, 24.996298], [121.5357237, 24.9961819], [121.5357375, 24.9961429], [121.535777, 24.9960845]]}}, {"type": "Feature", "properties": {"county": "台北市", "district": "文山區", "highway": "tertiary_link", "name": null}, "geometry": {"type": "LineString", "coordinates": [[121.5356159, 24.9962095], [121.5356769, 24.9961552], [121.535777, 24.9960845]]}}, {"type": "Feature", "properties": {"county": "台北市", "district": "文山區", "highway": "tertiary_link", "name": null}, "geometry": {"type": "LineString", "coordinates": [[121.5358032, 24.9958481], [121.535784, 24.9959454], [121.5357818, 24.9959887], [121.5357968, 24.9960077], [121.535822, 24.9960101], [121.5358503, 24.9959974]]}}, {"type": "Feature", "properties": {"county": "台北市", "district": "文山區", "highway": "trunk_link", "name": null}, "geometry": {"type": "LineString", "coordinates": [[121.5357188, 24.996298], [121.535758, 24.9962602], [121.5358015, 24.9962458], [121.5358491, 24.9962414], [121.5358992, 24.9962508], [121.5359372, 24.9962692], [121.5359752, 24.996301]]}}, {"type": "Feature", "properties": {"county": "台北市", "district": "文山區", "highway": "residential", "name": "羅斯福路五段192巷"}, "geometry": {"type": "LineString", "coordinates": [[121.5361629, 25.0034028], [121.5362024, 25.0034052], [121.5364849, 25.0034221], [121.5366344, 25.003431], [121.536723, 25.0034363]]}}, {"type": "Feature", "properties": {"county": "台北市", "district": "文山區", "highway": "residential", "name": "羅斯福路五段218巷"}, "geometry": {"type": "LineString", "coordinates": [[121.5364243, 25.0020868], [121.5364896, 25.0020878], [121.5365841, 25.0020854], [121.5366477, 25.0020838], [121.536759, 25.002087], [121.5368196, 25.0020845]]}}, {"type": "Feature", "properties": {"county": "台北市", "district": "文山區", "highway": "residential", "name": "汀州路四段"}, "geometry": {"type": "LineString", "coordinates": [[121.5354907, 25.0033501], [121.5355184, 25.0021801], [121.53552, 25.0020167]]}}, {"type": "Feature", "properties": {"county": "台北市", "district": "文山區", "highway": "trunk_link", "name": "水源快速道路"}, "geometry": {"type": "LineString", "coordinates": [[121.535715, 24.9964317], [121.5357188, 24.996298]]}}, {"type": "Feature", "properties": {"county": "台北市", "district": "文山區", "highway": "residential", "name": "景後街105巷"}, "geometry": {"type": "LineString", "coordinates": [[121.5424627, 24.9912832], [121.5430388, 24.9910837]]}}, {"type": "Feature", "properties": {"county": "台北市", "district": "文山區", "highway": "residential", "name": "德正街"}, "geometry": {"type": "LineString", "coordinates": [[121.5437442, 24.9724021], [121.5439017, 24.9721563], [121.5439829, 24.9720584], [121.5441242, 24.9718886], [121.5443171, 24.9716293], [121.5445201, 24.9713365], [121.5450051, 24.9710946], [121.5452804, 24.9709798]]}}, {"type": "Feature", "properties": {"county": "台北市", "district": "文山區", "highway": "tertiary", "name": "木柵路一段"}, "geometry": {"type": "LineString", "coordinates": [[121.5418814, 24.9883073], [121.5420396, 24.9882999], [121.5421684, 24.9883014]]}}, {"type": "Feature", "properties": {"county": "台北市", "district": "文山區", "highway": "residential", "name": "和興路53巷2弄"}, "geometry": {"type": "LineString", "coordinates": [[121.5477645, 24.985259], [121.5479753, 24.9852378], [121.5480676, 24.9852286]]}}, {"type": "Feature", "properties": {"county": "台北市", "district": "文山區", "highway": "residential", "name": "和興路6巷1弄"}, "geometry": {"type": "LineString", "coordinates": [[121.5458896, 24.9861666], [121.5458824, 24.9857929]]}}, {"type": "Feature", "properties": {"county": "台北市", "district": "文山區", "highway": "residential", "name": null}, "geometry": {"type": "LineString", "coordinates": [[121.5493497, 24.9852558], [121.5496814, 24.9848003]]}}, {"type": "Feature", "properties": {"county": "台北市", "district": "文山區", "highway": "residential", "name": "和興路44巷14弄"}, "geometry": {"type": "LineString", "coordinates": [[121.5469063, 24.9842738], [121.5466284, 24.9843451], [121.5464949, 24.9843793], [121.5462806, 24.9844683]]}}, {"type": "Feature", "properties": {"county": "台北市", "district": "文山區", "highway": "residential", "name": "和興路6巷"}, "geometry": {"type": "LineString", "coordinates": [[121.5461564, 24.9862933], [121.5459943, 24.9861923], [121.5458896, 24.9861666], [121.5456937, 24.986123]]}}, {"type": "Feature", "properties": {"county": "台北市", "district": "文山區", "highway": "residential", "name": "和興路53巷"}, "geometry": {"type": "LineString", "coordinates": [[121.5477452, 24.9850328], [121.5477645, 24.985259], [121.5477781, 24.9854034], [121.5477522, 24.9854168], [121.5476157, 24.9854471], [121.5476061, 24.9855535]]}}, {"type": "Feature", "properties": {"county": "台北市", "district": "文山區", "highway": "residential", "name": "福興路"}, "geometry": {"type": "LineString", "coordinates": [[121.5489461, 25.0070875], [121.5490168, 25.007103], [121.5490681, 25.0070885], [121.5491295, 25.0070501], [121.5492006, 25.0069752], [121.5492527, 25.0069174], [121.549305, 25.0068535], [121.5493497, 25.0068434], [121.5493867, 25.00686], [121.549399, 25.0068994], [121.5493953, 25.0069466], [121.5493707, 25.0070622], [121.5493742, 25.0071406], [121.549394, 25.007209], [121.5494447, 25.0072363], [121.5495762, 25.007266], [121.5496248, 25.0072693], [121.5496773, 25.0073274], [121.5497296, 25.0073764], [121.5498739, 25.0074249], [121.5499523, 25.0074289]]}}, {"type": "Feature", "properties": {"county": "台北市", "district": "文山區", "highway": "residential", "name": "木柵路一段89巷15弄"}, "geometry": {"type": "LineString", "coordinates": [[121.5471946, 24.9875631], [121.5469929, 24.9875258], [121.5469004, 24.9875087], [121.5461817, 24.9873863]]}}, {"type": "Feature", "properties": {"county": "台北市", "district": "文山區", "highway": "residential", "name": "木柵路一段59巷11弄"}, "geometry": {"type": "LineString", "coordinates": [[121.5464468, 24.9878168], [121.5463706, 24.9879402], [121.5463048, 24.9880443], [121.5463331, 24.9880857], [121.5467782, 24.9883166], [121.5474938, 24.9884592], [121.5475344, 24.9883948], [121.5475473, 24.9883273], [121.5475759, 24.9881776]]}}, {"type": "Feature", "properties": {"county": "台北市", "district": "文山區", "highway": "residential", "name": null}, "geometry": {"type": "LineString", "coordinates": [[121.5511586, 24.9889861], [121.5511412, 24.9889186], [121.5511047, 24.9888039], [121.551114, 24.9887596], [121.5511875, 24.9887149], [121.5512299, 24.9883799]]}}, {"type": "Feature", "properties": {"county": "台北市", "district": "文山區", "highway": "residential", "name": null}, "geometry": {"type": "LineString", "coordinates": [[121.5511586, 24.9889861], [121.5511703, 24.989021], [121.5511703, 24.9890611], [121.5511432, 24.9891036], [121.5511073, 24.9891409], [121.5510362, 24.989188], [121.5509926, 24.9892278], [121.550983, 24.9892771], [121.5509921, 24.9893122], [121.5510307, 24.9893767], [121.5510463, 24.9894145], [121.5510451, 24.9894409], [121.5510278, 24.989477], [121.5510072, 24.9895031], [121.5509859, 24.9895206], [121.55095, 24.9895348], [121.5508964, 24.989544], [121.5508298, 24.9895457], [121.5507926, 24.9895357]]}}, {"type": "Feature", "properties": {"county": "台北市", "district": "文山區", "highway": "residential", "name": "試院路4巷"}, "geometry": {"type": "LineString", "coordinates": [[121.5504557, 24.9882582], [121.5502592, 24.9888123], [121.5501831, 24.9889943], [121.550124, 24.9893524], [121.5501539, 24.9893908], [121.5503645, 24.9894515], [121.5504857, 24.9894472], [121.5505878, 24.9894319], [121.5507251, 24.989393], [121.5508265, 24.9893469], [121.5508746, 24.9893025], [121.5508904, 24.9892754], [121.5509033, 24.9892453], [121.5509213, 24.9891363], [121.5509209, 24.9890425]]}}, {"type": "Feature", "properties": {"county": "台北市", "district": "文山區", "highway": "unclassified", "name": "十四張路"}, "geometry": {"type": "LineString", "coordinates": [[121.5335174, 24.9788187], [121.5332844, 24.978882], [121.5331905, 24.9789023], [121.5328287, 24.9789816], [121.5326789, 24.9790487], [121.5326589, 24.9790575], [121.5321281, 24.9792912], [121.5319713, 24.979348], [121.5315277, 24.9795432], [121.5312298, 24.9796955], [121.5309347, 24.9798632], [121.5303701, 24.980209], [121.5298834, 24.980503], [121.5288929, 24.981112], [121.5284136, 24.9814748], [121.5275464, 24.9821356], [121.5275149, 24.9821596], [121.5274612, 24.9821982], [121.5268708, 24.9826221], [121.5265613, 24.9828663]]}}, {"type": "Feature", "properties": {"county": "台北市", "district": "文山區", "highway": "residential", "name": "中央路133巷20弄"}, "geometry": {"type": "LineString", "coordinates": [[121.5311705, 24.9734148], [121.5309815, 24.973129], [121.5308109, 24.9728593]]}}, {"type": "Feature", "properties": {"county": "台北市", "district": "文山區", "highway": "residential", "name": "中央路133巷32弄"}, "geometry": {"type": "LineString", "coordinates": [[121.5316782, 24.9731322], [121.5312949, 24.9725587]]}}, {"type": "Feature", "properties": {"county": "台北市", "district": "文山區", "highway": "residential", "name": "三民路159巷19弄"}, "geometry": {"type": "LineString", "coordinates": [[121.5321312, 24.9731258], [121.5315916, 24.9723261]]}}, {"type": "Feature", "properties": {"county": "台北市", "district": "文山區", "highway": "residential", "name": "木新路三段310巷16弄"}, "geometry": {"type": "LineString", "coordinates": [[121.5576518, 24.9827865], [121.5573401, 24.9827039], [121.5566428, 24.9823869]]}}, {"type": "Feature", "properties": {"county": "台北市", "district": "文山區", "highway": "residential", "name": "木新路三段95巷"}, "geometry": {"type": "LineString", "coordinates": [[121.5628508, 24.9821928], [121.5628735, 24.9821097], [121.5629785, 24.9817255], [121.5630478, 24.9814723], [121.5630804, 24.9813528], [121.5631959, 24.9809305]]}}, {"type": "Feature", "properties": {"county": "台北市", "district": "文山區", "highway": "residential", "name": "下崙路11巷"}, "geometry": {"type": "LineString", "coordinates": [[121.5590878, 24.9857762], [121.559222, 24.9857493], [121.5592863, 24.9857391], [121.5594855, 24.9857298], [121.5596189, 24.9857391], [121.5597276, 24.9857602], [121.559912, 24.9858076], [121.5600219, 24.9858623], [121.5600769, 24.9859122], [121.5601178, 24.9859853], [121.5601379, 24.9860649]]}}, {"type": "Feature", "properties": {"county": "台北市", "district": "文山區", "highway": "residential", "name": "興隆路58巷16弄"}, "geometry": {"type": "LineString", "coordinates": [[121.5601379, 24.9860649], [121.5601919, 24.9860382], [121.560329, 24.9859705], [121.5603854, 24.9859261], [121.5604538, 24.9858358], [121.56049, 24.9857669], [121.5605242, 24.9856702], [121.5605348, 24.9855908], [121.5605535, 24.9853915]]}}, {"type": "Feature", "properties": {"county": "台北市", "district": "文山區", "highway": "residential", "name": "忠順街一段26巷27弄"}, "geometry": {"type": "LineString", "coordinates": [[121.5606004, 24.9822581], [121.5598019, 24.982061]]}}, {"type": "Feature", "properties": {"county": "台北市", "district": "文山區", "highway": "residential", "name": "忠順街一段48巷5弄"}, "geometry": {"type": "LineString", "coordinates": [[121.5601532, 24.9836951], [121.5604261, 24.9837606], [121.5606646, 24.9838179]]}}, {"type": "Feature", "properties": {"county": "台北市", "district": "文山區", "highway": "tertiary", "name": "忠順街一段"}, "geometry": {"type": "LineString", "coordinates": [[121.56005, 24.9842476], [121.5601254, 24.9842593], [121.5608237, 24.9843681], [121.561065, 24.9844058], [121.5614786, 24.9844703], [121.5615719, 24.9844851], [121.5616605, 24.9844992]]}}, {"type": "Feature", "properties": {"county": "台北市", "district": "文山區", "highway": "residential", "name": "光輝路"}, "geometry": {"type": "LineString", "coordinates": [[121.5589121, 24.9852627], [121.5591291, 24.9852296], [121.5593118, 24.9852296], [121.5594593, 24.9852338], [121.5597592, 24.9852482], [121.5598207, 24.9852541]]}}, {"type": "Feature", "properties": {"county": "台北市", "district": "文山區", "highway": "residential", "name": "木柵路一段117巷"}, "geometry": {"type": "LineString", "coordinates": [[121.5485137, 24.987147], [121.5484788, 24.9872104], [121.5484452, 24.9872649], [121.5481788, 24.987678], [121.5481368, 24.9877296]]}}, {"type": "Feature", "properties": {"county": "台北市", "district": "文山區", "highway": "unclassified", "name": "忠順街一段26巷12弄"}, "geometry": {"type": "LineString", "coordinates": [[121.559346, 24.9835012], [121.5592731, 24.9834837], [121.5592294, 24.9834732], [121.5584771, 24.9832925]]}}, {"type": "Feature", "properties": {"county": "台北市", "district": "文山區", "highway": "residential", "name": "富山路1巷"}, "geometry": {"type": "LineString", "coordinates": [[121.5533197, 24.9887036], [121.5532641, 24.9887815], [121.5532725, 24.9888798], [121.5533136, 24.9889346]]}}, {"type": "Feature", "properties": {"county": "台北市", "district": "文山區", "highway": "residential", "name": "富山路1巷"}, "geometry": {"type": "LineString", "coordinates": [[121.5533197, 24.9887036], [121.5533365, 24.98868], [121.5533319, 24.9884771], [121.55333, 24.9883956], [121.5534955, 24.9883816], [121.5537525, 24.9884089]]}}, {"type": "Feature", "properties": {"county": "台北市", "district": "文山區", "highway": "residential", "name": "富山路1巷"}, "geometry": {"type": "LineString", "coordinates": [[121.5533197, 24.9887036], [121.5528727, 24.9887085], [121.5528001, 24.9887092]]}}, {"type": "Feature", "properties": {"county": "台北市", "district": "文山區", "highway": "residential", "name": "木新路三段45巷"}, "geometry": {"type": "LineString", "coordinates": [[121.5644157, 24.9817914], [121.5644628, 24.9815706]]}}, {"type": "Feature", "properties": {"county": "台北市", "district": "文山區", "highway": "residential", "name": null}, "geometry": {"type": "LineString", "coordinates": [[121.555916, 24.977012], [121.5555901, 24.9769922], [121.5553224, 24.9770426], [121.5551191, 24.9771406], [121.5549937, 24.9771965], [121.5548424, 24.9773435], [121.5547708, 24.9774071]]}}, {"type": "Feature", "properties": {"county": "台北市", "district": "文山區", "highway": "residential", "name": null}, "geometry": {"type": "LineString", "coordinates": [[121.555916, 24.977012], [121.5560472, 24.9770341], [121.5564381, 24.9770962], [121.5565871, 24.9771564], [121.5567089, 24.9772462], [121.556804, 24.9773668], [121.5568742, 24.977497], [121.5568978, 24.9776361], [121.5569238, 24.9778499], [121.5569537, 24.9781139], [121.557022, 24.9785831], [121.5570857, 24.9788461], [121.5573466, 24.9794074], [121.5574731, 24.9796149], [121.5575612, 24.9797478], [121.5578661, 24.9800845], [121.5579736, 24.9801737], [121.5581953, 24.9803439]]}}, {"type": "Feature", "properties": {"county": "台北市", "district": "文山區", "highway": "residential", "name": null}, "geometry": {"type": "LineString", "coordinates": [[121.5543732, 24.9785023], [121.5545265, 24.9780006]]}}, {"type": "Feature", "properties": {"county": "台北市", "district": "文山區", "highway": "residential", "name": null}, "geometry": {"type": "LineString", "coordinates": [[121.5540607, 24.9794434], [121.5543234, 24.9786521], [121.5543732, 24.9785023]]}}, {"type": "Feature", "properties": {"county": "台北市", "district": "文山區", "highway": "residential", "name": "富山路1巷"}, "geometry": {"type": "LineString", "coordinates": [[121.5528727, 24.9887085], [121.5529429, 24.9884748], [121.5529604, 24.988429], [121.5530287, 24.9883415], [121.553081, 24.9882962], [121.5530652, 24.9880346], [121.5530691, 24.9879769]]}}, {"type": "Feature", "properties": {"county": "台北市", "district": "文山區", "highway": "residential", "name": "富山路1巷"}, "geometry": {"type": "LineString", "coordinates": [[121.5533319, 24.9884771], [121.5529429, 24.9884748]]}}, {"type": "Feature", "properties": {"county": "台北市", "district": "文山區", "highway": "residential", "name": "木新路三段243巷4弄"}, "geometry": {"type": "LineString", "coordinates": [[121.5589088, 24.9805275], [121.5582443, 24.9803576]]}}, {"type": "Feature", "properties": {"county": "台北市", "district": "文山區", "highway": "residential", "name": "木柵路一段297巷"}, "geometry": {"type": "LineString", "coordinates": [[121.5537525, 24.9884089], [121.5538409, 24.9884353], [121.5539898, 24.9885172], [121.5540502, 24.9886034]]}}, {"type": "Feature", "properties": {"county": "台北市", "district": "文山區", "highway": "residential", "name": null}, "geometry": {"type": "LineString", "coordinates": [[121.5545265, 24.9780006], [121.5546387, 24.9776174], [121.5546589, 24.9775522], [121.5547708, 24.9774071]]}}, {"type": "Feature", "properties": {"county": "台北市", "district": "文山區", "highway": "residential", "name": "樟新街32巷"}, "geometry": {"type": "LineString", "coordinates": [[121.5548839, 24.9786179], [121.5553889, 24.9787206]]}}, {"type": "Feature", "properties": {"county": "台北市", "district": "文山區", "highway": "residential", "name": "樟新街"}, "geometry": {"type": "LineString", "coordinates": [[121.5555802, 24.9782701], [121.5557989, 24.9778899], [121.5558376, 24.977829], [121.5558942, 24.9777088]]}}, {"type": "Feature", "properties": {"county": "台北市", "district": "文山區", "highway": "residential", "name": "一壽街66巷"}, "geometry": {"type": "LineString", "coordinates": [[121.5555802, 24.9782701], [121.5556587, 24.9782895], [121.5563773, 24.9783934]]}}, {"type": "Feature", "properties": {"county": "台北市", "district": "文山區", "highway": "residential", "name": "木新路三段243巷3弄"}, "geometry": {"type": "LineString", "coordinates": [[121.5589088, 24.9805275], [121.5589609, 24.9805361], [121.5596931, 24.9807373]]}}, {"type": "Feature", "properties": {"county": "台北市", "district": "文山區", "highway": "residential", "name": "木新路三段155巷"}, "geometry": {"type": "LineString", "coordinates": [[121.5596931, 24.9807373], [121.5604568, 24.980907], [121.5612864, 24.9810798]]}}, {"type": "Feature", "properties": {"county": "台北市", "district": "文山區", "highway": "residential", "name": "辛亥路六段86巷6弄"}, "geometry": {"type": "LineString", "coordinates": [[121.551899, 24.9888363], [121.5517746, 24.9890734], [121.5516409, 24.9892658]]}}, {"type": "Feature", "properties": {"county": "台北市", "district": "文山區", "highway": "residential", "name": "辛亥路六段100巷"}, "geometry": {"type": "LineString", "coordinates": [[121.552254, 24.9883894], [121.552202, 24.988384], [121.5518686, 24.9883515]]}}, {"type": "Feature", "properties": {"county": "台北市", "district": "文山區", "highway": "residential", "name": "一壽街"}, "geometry": {"type": "LineString", "coordinates": [[121.5566746, 24.9794162], [121.5567114, 24.9792117], [121.5567968, 24.9788114]]}}, {"type": "Feature", "properties": {"county": "台北市", "district": "文山區", "highway": "residential", "name": "一壽街3巷"}, "geometry": {"type": "LineString", "coordinates": [[121.5565457, 24.9799148], [121.5565705, 24.9799217], [121.5567034, 24.9799589], [121.5569254, 24.9800211], [121.5571783, 24.9800845]]}}, {"type": "Feature", "properties": {"county": "台北市", "district": "文山區", "highway": "residential", "name": "一壽街"}, "geometry": {"type": "LineString", "coordinates": [[121.5565457, 24.9799148], [121.5566746, 24.9794162]]}}, {"type": "Feature", "properties": {"county": "台北市", "district": "文山區", "highway": "residential", "name": "試院路"}, "geometry": {"type": "LineString", "coordinates": [[121.548092, 24.9888806], [121.5480251, 24.9890192], [121.5478163, 24.9890825], [121.5477424, 24.9890823], [121.5475704, 24.9891285], [121.5474474, 24.9892166], [121.5473703, 24.9892334], [121.5472993, 24.989227], [121.5472387, 24.9892159], [121.5471634, 24.9891441], [121.5471044, 24.9890905], [121.5470508, 24.9890341], [121.5469656, 24.9889176]]}}, {"type": "Feature", "properties": {"county": "台北市", "district": "文山區", "highway": "residential", "name": "木新路三段95巷12弄"}, "geometry": {"type": "LineString", "coordinates": [[121.5644157, 24.9817914], [121.5655828, 24.9820574]]}}, {"type": "Feature", "properties": {"county": "台北市", "district": "文山區", "highway": "residential", "name": "木柵路一段231巷"}, "geometry": {"type": "LineString", "coordinates": [[121.5521102, 24.9878081], [121.5520873, 24.9878647], [121.552057, 24.9879447], [121.5519215, 24.9880433], [121.55187, 24.9881239], [121.5518204, 24.988168], [121.5517666, 24.9881706]]}}, {"type": "Feature", "properties": {"county": "台北市", "district": "文山區", "highway": "residential", "name": "木柵路一段89巷12弄"}, "geometry": {"type": "LineString", "coordinates": [[121.5471946, 24.9875631], [121.5475495, 24.9876301], [121.5481368, 24.9877296]]}}, {"type": "Feature", "properties": {"county": "台北市", "district": "文山區", "highway": "residential", "name": "木柵路一段59巷62弄"}, "geometry": {"type": "LineString", "coordinates": [[121.5481368, 24.9877296], [121.5480218, 24.9877705], [121.5479746, 24.9878249], [121.5478782, 24.9879361], [121.547804, 24.9880055]]}}, {"type": "Feature", "properties": {"county": "台北市", "district": "文山區", "highway": "residential", "name": "木柵路一段59巷12弄"}, "geometry": {"type": "LineString", "coordinates": [[121.5475495, 24.9876301], [121.5474668, 24.9880239], [121.5474404, 24.9881494]]}}, {"type": "Feature", "properties": {"county": "台北市", "district": "文山區", "highway": "residential", "name": "試院路1巷"}, "geometry": {"type": "LineString", "coordinates": [[121.5487915, 24.9878658], [121.5484761, 24.9878007], [121.5483916, 24.9877833], [121.548239, 24.9877133], [121.5481788, 24.987678]]}}, {"type": "Feature", "properties": {"county": "台北市", "district": "文山區", "highway": "residential", "name": "木柵路一段103巷"}, "geometry": {"type": "LineString", "coordinates": [[121.5477017, 24.9870764], [121.5476904, 24.9871336], [121.5476079, 24.9875185]]}}, {"type": "Feature", "properties": {"county": "台北市", "district": "文山區", "highway": "residential", "name": "木新路三段232巷6弄"}, "geometry": {"type": "LineString", "coordinates": [[121.5589547, 24.9818519], [121.5598019, 24.982061]]}}, {"type": "Feature", "properties": {"county": "台北市", "district": "文山區", "highway": "residential", "name": "木新路三段95巷4弄"}, "geometry": {"type": "LineString", "coordinates": [[121.5621622, 24.9812822], [121.5630478, 24.9814723]]}}, {"type": "Feature", "properties": {"county": "台北市", "district": "文山區", "highway": "residential", "name": "樟新街38巷"}, "geometry": {"type": "LineString", "coordinates": [[121.5554277, 24.9786193], [121.5555802, 24.9782701]]}}, {"type": "Feature", "properties": {"county": "台北市", "district": "文山區", "highway": "residential", "name": "木新路三段95巷7弄"}, "geometry": {"type": "LineString", "coordinates": [[121.5630478, 24.9814723], [121.5644157, 24.9817914]]}}, {"type": "Feature", "properties": {"county": "台北市", "district": "文山區", "highway": "residential", "name": "試院路5巷"}, "geometry": {"type": "LineString", "coordinates": [[121.548092, 24.9888806], [121.5479977, 24.9888472], [121.5476444, 24.9887253]]}}, {"type": "Feature", "properties": {"county": "台北市", "district": "文山區", "highway": "residential", "name": "木新路三段74巷8弄"}, "geometry": {"type": "LineString", "coordinates": [[121.5633606, 24.9828857], [121.5640473, 24.9830363]]}}, {"type": "Feature", "properties": {"county": "台北市", "district": "文山區", "highway": "residential", "name": "木新路三段74巷"}, "geometry": {"type": "LineString", "coordinates": [[121.5633606, 24.9828857], [121.5635383, 24.982427], [121.5635622, 24.9823567]]}}, {"type": "Feature", "properties": {"county": "台北市", "district": "文山區", "highway": "residential", "name": "木新路二段111巷12弄"}, "geometry": {"type": "LineString", "coordinates": [[121.5691933, 24.9831767], [121.5692321, 24.9831887], [121.5692582, 24.983197], [121.5698385, 24.9833807], [121.5699547, 24.98342], [121.5700922, 24.9834749], [121.5702272, 24.983542], [121.5704386, 24.9836749]]}}, {"type": "Feature", "properties": {"county": "台北市", "district": "文山區", "highway": "residential", "name": null}, "geometry": {"type": "LineString", "coordinates": [[121.5479977, 24.9888472], [121.5480667, 24.9887347], [121.5481598, 24.988509], [121.5482056, 24.9884395], [121.5482518, 24.988303]]}}, {"type": "Feature", "properties": {"county": "台北市", "district": "文山區", "highway": "secondary", "name": "安康路一段"}, "geometry": {"type": "LineString", "coordinates": [[121.5332796, 24.9605356], [121.5330672, 24.9604617], [121.5327927, 24.9604118], [121.5326652, 24.9603923], [121.5326048, 24.960387], [121.532447, 24.9604857], [121.5319123, 24.9607221], [121.5317095, 24.960814]]}}, {"type": "Feature", "properties": {"county": "台北市", "district": "文山區", "highway": "residential", "name": "木新路三段273巷"}, "geometry": {"type": "LineString", "coordinates": [[121.5576985, 24.9802216], [121.5578268, 24.9802554], [121.5581953, 24.9803439], [121.5582443, 24.9803576]]}}, {"type": "Feature", "properties": {"county": "台北市", "district": "文山區", "highway": "residential", "name": "興隆路一段70巷9弄"}, "geometry": {"type": "LineString", "coordinates": [[121.540699, 25.0024384], [121.5409003, 25.002542]]}}, {"type": "Feature", "properties": {"county": "台北市", "district": "文山區", "highway": "residential", "name": "萬盛街60巷"}, "geometry": {"type": "LineString", "coordinates": [[121.5396554, 25.0063852], [121.539841, 25.0065336], [121.5400248, 25.0067409]]}}, {"type": "Feature", "properties": {"county": "台北市", "district": "文山區", "highway": "residential", "name": "興隆路一段111巷"}, "geometry": {"type": "LineString", "coordinates": [[121.5416905, 25.0025612], [121.5417249, 25.002588], [121.5419041, 25.0026943]]}}, {"type": "Feature", "properties": {"county": "台北市", "district": "文山區", "highway": "residential", "name": null}, "geometry": {"type": "LineString", "coordinates": [[121.539754, 25.0057733], [121.539997, 25.0057292]]}}, {"type": "Feature", "properties": {"county": "台北市", "district": "文山區", "highway": "residential", "name": null}, "geometry": {"type": "LineString", "coordinates": [[121.542878, 25.0050184], [121.5432356, 25.0049372], [121.5434657, 25.0048794]]}}, {"type": "Feature", "properties": {"county": "台北市", "district": "文山區", "highway": "residential", "name": null}, "geometry": {"type": "LineString", "coordinates": [[121.5409251, 25.0056737], [121.5406733, 25.0057132]]}}, {"type": "Feature", "properties": {"county": "台北市", "district": "文山區", "highway": "residential", "name": null}, "geometry": {"type": "LineString", "coordinates": [[121.5411117, 25.0056695], [121.5411179, 25.0057426], [121.5411199, 25.0058137]]}}, {"type": "Feature", "properties": {"county": "台北市", "district": "文山區", "highway": "residential", "name": "羅斯福路五段79巷"}, "geometry": {"type": "LineString", "coordinates": [[121.539505, 25.0061507], [121.5394415, 25.005827]]}}, {"type": "Feature", "properties": {"county": "台北市", "district": "文山區", "highway": "residential", "name": "萬盛街134巷"}, "geometry": {"type": "LineString", "coordinates": [[121.542111, 25.0051727], [121.5419056, 25.0053709]]}}, {"type": "Feature", "properties": {"county": "台北市", "district": "文山區", "highway": "residential", "name": "萬盛街"}, "geometry": {"type": "LineString", "coordinates": [[121.5394474, 25.0065657], [121.53983, 25.0069103]]}}, {"type": "Feature", "properties": {"county": "台北市", "district": "文山區", "highway": "residential", "name": "萬盛街156巷"}, "geometry": {"type": "LineString", "coordinates": [[121.5422639, 25.0045836], [121.5422217, 25.004676]]}}, {"type": "Feature", "properties": {"county": "台北市", "district": "文山區", "highway": "residential", "name": null}, "geometry": {"type": "LineString", "coordinates": [[121.5402902, 25.0053892], [121.5403111, 25.005441]]}}, {"type": "Feature", "properties": {"county": "台北市", "district": "文山區", "highway": "residential", "name": "興隆路一段55巷27弄"}, "geometry": {"type": "LineString", "coordinates": [[121.5418423, 25.0039473], [121.5418379, 25.0040274], [121.5418299, 25.004115], [121.5421787, 25.0042353]]}}, {"type": "Feature", "properties": {"county": "台北市", "district": "文山區", "highway": "residential", "name": null}, "geometry": {"type": "LineString", "coordinates": [[121.5434522, 25.004998], [121.5435172, 25.0049153], [121.5435574, 25.0048693], [121.5436575, 25.0048404]]}}, {"type": "Feature", "properties": {"county": "台北市", "district": "文山區", "highway": "residential", "name": "萬盛街146巷"}, "geometry": {"type": "LineString", "coordinates": [[121.5422189, 25.0052931], [121.5423098, 25.0053407], [121.5424902, 25.005507], [121.5425006, 25.0055615]]}}, {"type": "Feature", "properties": {"county": "台北市", "district": "文山區", "highway": "residential", "name": "萬盛街156巷2弄"}, "geometry": {"type": "LineString", "coordinates": [[121.5422217, 25.004676], [121.5424957, 25.00507], [121.5425479, 25.0051081], [121.5427636, 25.0050335]]}}, {"type": "Feature", "properties": {"county": "台北市", "district": "文山區", "highway": "residential", "name": "羅斯福路五段79巷"}, "geometry": {"type": "LineString", "coordinates": [[121.5393502, 25.0061978], [121.539505, 25.0061507], [121.5396059, 25.0061142]]}}, {"type": "Feature", "properties": {"county": "台北市", "district": "文山區", "highway": "residential", "name": "興隆路一段70巷9弄"}, "geometry": {"type": "LineString", "coordinates": [[121.5407581, 25.002782], [121.540556, 25.0026678], [121.540699, 25.0024384], [121.5408246, 25.0022317]]}}, {"type": "Feature", "properties": {"county": "台北市", "district": "文山區", "highway": "residential", "name": null}, "geometry": {"type": "LineString", "coordinates": [[121.5433475, 25.0053667], [121.5435855, 25.0053159]]}}, {"type": "Feature", "properties": {"county": "台北市", "district": "文山區", "highway": "residential", "name": "萬盛街"}, "geometry": {"type": "LineString", "coordinates": [[121.544018, 25.0054194], [121.5440678, 25.0053917], [121.5440816, 25.0053704], [121.5440886, 25.0053364], [121.5440477, 25.0052647], [121.5440039, 25.0052635], [121.5439441, 25.0052683], [121.5437905, 25.0053443], [121.5436385, 25.00532], [121.5434987, 25.0054983], [121.5434043, 25.005588], [121.5433661, 25.0055983], [121.5433327, 25.0055956], [121.5432974, 25.0055752], [121.5432572, 25.0055531], [121.5432083, 25.005496], [121.5431479, 25.0054085]]}}, {"type": "Feature", "properties": {"county": "台北市", "district": "文山區", "highway": "residential", "name": "興隆路一段99巷"}, "geometry": {"type": "LineString", "coordinates": [[121.5415499, 25.0027726], [121.5415795, 25.0027877], [121.5416825, 25.0028441], [121.5417089, 25.0028953], [121.5417086, 25.0031244]]}}, {"type": "Feature", "properties": {"county": "台北市", "district": "文山區", "highway": "residential", "name": "景豐街48巷11弄"}, "geometry": {"type": "LineString", "coordinates": [[121.5444975, 25.0021763], [121.5447408, 25.002256], [121.5452766, 25.0024438], [121.5454027, 25.0024681], [121.5455059, 25.0024535], [121.5455743, 25.0023927], [121.5457417, 25.0020566], [121.5459169, 25.0017065], [121.5460756, 25.0016604]]}}, {"type": "Feature", "properties": {"county": "台北市", "district": "文山區", "highway": "residential", "name": "景豐街48巷11弄"}, "geometry": {"type": "LineString", "coordinates": [[121.5460565, 25.0008646], [121.5460694, 25.0010216], [121.54612, 25.0012255], [121.5461556, 25.0014337], [121.5462062, 25.0015245], [121.5463983, 25.0017819], [121.5464675, 25.0019013], [121.5464367, 25.0021424], [121.5464143, 25.0021939]]}}, {"type": "Feature", "properties": {"county": "台北市", "district": "文山區", "highway": "residential", "name": "興隆路一段55巷"}, "geometry": {"type": "LineString", "coordinates": [[121.5411182, 25.0038345], [121.5409719, 25.0037461], [121.5409278, 25.0037206]]}}, {"type": "Feature", "properties": {"county": "台北市", "district": "文山區", "highway": "residential", "name": "興隆路一段55巷"}, "geometry": {"type": "LineString", "coordinates": [[121.5422442, 25.0041242], [121.5421859, 25.0040772], [121.5421631, 25.0040152], [121.5421234, 25.0039748], [121.542023, 25.0039192], [121.5419422, 25.0039262], [121.5418423, 25.0039473], [121.5416746, 25.0039408], [121.5415056, 25.0039086], [121.5414512, 25.0039423]]}}, {"type": "Feature", "properties": {"county": "台北市", "district": "文山區", "highway": "residential", "name": "三福街"}, "geometry": {"type": "LineString", "coordinates": [[121.5439869, 24.9978252], [121.5438854, 24.997701], [121.5438361, 24.9976737], [121.5437838, 24.9976737], [121.5433675, 24.9978171], [121.5433154, 24.9978558], [121.5432673, 24.9980151]]}}, {"type": "Feature", "properties": {"county": "台北市", "district": "文山區", "highway": "residential", "name": "景興路10巷"}, "geometry": {"type": "LineString", "coordinates": [[121.5439056, 24.99803], [121.5441021, 24.9980342]]}}, {"type": "Feature", "properties": {"county": "台北市", "district": "文山區", "highway": "residential", "name": "三福街"}, "geometry": {"type": "LineString", "coordinates": [[121.5439056, 24.99803], [121.5432673, 24.9980151], [121.5430246, 24.9980094], [121.5428467, 24.9980052]]}}, {"type": "Feature", "properties": {"county": "台北市", "district": "文山區", "highway": "residential", "name": null}, "geometry": {"type": "LineString", "coordinates": [[121.5421082, 24.9959871], [121.5420429, 24.9960636], [121.5418488, 24.9961617], [121.5416827, 24.9962456]]}}, {"type": "Feature", "properties": {"county": "台北市", "district": "文山區", "highway": "residential", "name": "民權東街"}, "geometry": {"type": "LineString", "coordinates": [[121.5434982, 24.9828943], [121.5435443, 24.9829067], [121.5436403, 24.9829303], [121.5441013, 24.9831176], [121.5447112, 24.9833716], [121.544863, 24.9834706]]}}, {"type": "Feature", "properties": {"county": "台北市", "district": "文山區", "highway": "residential", "name": "景中街30巷"}, "geometry": {"type": "LineString", "coordinates": [[121.5424383, 24.9924763], [121.542481, 24.9924101], [121.5425421, 24.9923219], [121.5426159, 24.9922392], [121.5427066, 24.9921801], [121.542777, 24.9921448], [121.5428364, 24.9921134], [121.5428972, 24.9920814]]}}, {"type": "Feature", "properties": {"county": "台北市", "district": "文山區", "highway": "tertiary_link", "name": null}, "geometry": {"type": "LineString", "coordinates": [[121.535777, 24.9960845], [121.5358503, 24.9959974], [121.5358812, 24.9959705], [121.5359363, 24.9959414]]}}, {"type": "Feature", "properties": {"county": "台北市", "district": "文山區", "highway": "unclassified", "name": null}, "geometry": {"type": "LineString", "coordinates": [[121.5356159, 24.9962095], [121.5356614, 24.9961146], [121.5358032, 24.9958481]]}}, {"type": "Feature", "properties": {"county": "台北市", "district": "文山區", "highway": "residential", "name": "育英街45巷"}, "geometry": {"type": "LineString", "coordinates": [[121.5370463, 24.9894837], [121.5370349, 24.9896795], [121.5370376, 24.9898243], [121.5370606, 24.9899942], [121.5371193, 24.9901716], [121.5372327, 24.9904939], [121.5374713, 24.9911114], [121.5376974, 24.9917321], [121.5377195, 24.9917623]]}}, {"type": "Feature", "properties": {"county": "台北市", "district": "文山區", "highway": "secondary", "name": "和平東路三段"}, "geometry": {"type": "LineString", "coordinates": [[121.5631137, 25.0133367], [121.56316, 25.0133029], [121.5632155, 25.0132689], [121.5632598, 25.0132148], [121.563291, 25.0131579], [121.5633483, 25.0130006], [121.5633583, 25.0129661], [121.5633956, 25.012857], [121.5634166, 25.0127735], [121.5634251, 25.0127308], [121.5634429, 25.0126259], [121.5634539, 25.0125163], [121.5634599, 25.0124357], [121.5634624, 25.0123455], [121.5634576, 25.0122262], [121.5634194, 25.0120008], [121.5634156, 25.0119325], [121.5634207, 25.0118539], [121.5634397, 25.0117649], [121.5634777, 25.0116709], [121.5636146, 25.0114049], [121.5637732, 25.0110964], [121.5638199, 25.0110328], [121.5638759, 25.0109811], [121.5644272, 25.0105307], [121.564865, 25.0102409], [121.5651347, 25.0100647], [121.5652423, 25.0099755], [121.5653046, 25.0099027], [121.5653437, 25.0098118], [121.5653775, 25.0097304], [121.5656468, 25.0089514]]}}, {"type": "Feature", "properties": {"county": "台北市", "district": "文山區", "highway": "residential", "name": "寶元路一段42巷"}, "geometry": {"type": "LineString", "coordinates": [[121.5436153, 24.9849392], [121.5434277, 24.9846475], [121.5431855, 24.9845459], [121.5428171, 24.9843915], [121.5427484, 24.9843624]]}}, {"type": "Feature", "properties": {"county": "台北市", "district": "文山區", "highway": "residential", "name": null}, "geometry": {"type": "LineString", "coordinates": [[121.541642, 24.9938682], [121.5420278, 24.9936534]]}}, {"type": "Feature", "properties": {"county": "台北市", "district": "文山區", "highway": "residential", "name": null}, "geometry": {"type": "LineString", "coordinates": [[121.5457311, 24.9929592], [121.5456533, 24.9930128], [121.5455944, 24.9930948], [121.5455522, 24.993282]]}}, {"type": "Feature", "properties": {"county": "台北市", "district": "文山區", "highway": "residential", "name": "景華街128巷3弄"}, "geometry": {"type": "LineString", "coordinates": [[121.5477821, 24.9958652], [121.5475141, 24.9960253]]}}, {"type": "Feature", "properties": {"county": "台北市", "district": "文山區", "highway": "residential", "name": "辛亥路四段252巷2弄"}, "geometry": {"type": "LineString", "coordinates": [[121.5549476, 25.0023888], [121.5547271, 25.0020363], [121.5544128, 25.0015337]]}}, {"type": "Feature", "properties": {"county": "台北市", "district": "文山區", "highway": "residential", "name": "辛亥路四段222巷19弄"}, "geometry": {"type": "LineString", "coordinates": [[121.5539862, 25.00169], [121.5541448, 25.0020932], [121.5543138, 25.0025155]]}}, {"type": "Feature", "properties": {"county": "台北市", "district": "文山區", "highway": "residential", "name": null}, "geometry": {"type": "LineString", "coordinates": [[121.553743, 25.002469], [121.5539491, 25.0027459]]}}, {"type": "Feature", "properties": {"county": "台北市", "district": "文山區", "highway": "residential", "name": "興隆路二段220巷55弄"}, "geometry": {"type": "LineString", "coordinates": [[121.5515373, 24.999622], [121.551712, 24.9989002]]}}, {"type": "Feature", "properties": {"county": "台北市", "district": "文山區", "highway": "residential", "name": "興隆路二段96巷"}, "geometry": {"type": "LineString", "coordinates": [[121.5503072, 24.9990987], [121.5506983, 24.9991602], [121.551081, 24.9992277]]}}, {"type": "Feature", "properties": {"county": "台北市", "district": "文山區", "highway": "residential", "name": "興隆路二段96巷"}, "geometry": {"type": "LineString", "coordinates": [[121.5510012, 24.9977607], [121.5509279, 24.9981285], [121.5508573, 24.998472], [121.5507763, 24.9988191], [121.5506983, 24.9991602], [121.5506186, 24.9995104]]}}, {"type": "Feature", "properties": {"county": "台北市", "district": "文山區", "highway": "residential", "name": "興隆路二段96巷"}, "geometry": {"type": "LineString", "coordinates": [[121.5508928, 24.9995621], [121.5508346, 24.9995501], [121.5506186, 24.9995104], [121.5504024, 24.9994705]]}}, {"type": "Feature", "properties": {"county": "台北市", "district": "文山區", "highway": "residential", "name": "興隆路二段96巷"}, "geometry": {"type": "LineString", "coordinates": [[121.550449, 24.9987625], [121.5507763, 24.9988191], [121.5511373, 24.9988843]]}}, {"type": "Feature", "properties": {"county": "台北市", "district": "文山區", "highway": "residential", "name": "興隆路二段96巷"}, "geometry": {"type": "LineString", "coordinates": [[121.5506713, 24.9976998], [121.5510012, 24.9977607], [121.5513393, 24.9978102]]}}, {"type": "Feature", "properties": {"county": "台北市", "district": "文山區", "highway": "residential", "name": "辛亥路五段124巷"}, "geometry": {"type": "LineString", "coordinates": [[121.5519161, 24.9970606], [121.5518659, 24.9970763], [121.5509731, 24.9970559]]}}, {"type": "Feature", "properties": {"county": "台北市", "district": "文山區", "highway": "residential", "name": "辛亥路五段116巷"}, "geometry": {"type": "LineString", "coordinates": [[121.5512961, 24.9977249], [121.5524602, 24.9977231], [121.5524978, 24.9976958]]}}, {"type": "Feature", "properties": {"county": "台北市", "district": "文山區", "highway": "residential", "name": "興隆路二段220巷65弄"}, "geometry": {"type": "LineString", "coordinates": [[121.551435, 24.9980113], [121.5523596, 24.9980105], [121.5523623, 24.9983218], [121.5514377, 24.9983227]]}}, {"type": "Feature", "properties": {"county": "台北市", "district": "文山區", "highway": "tertiary", "name": "北實橋"}, "geometry": {"type": "LineString", "coordinates": [[121.5798871, 24.9855296], [121.5799384, 24.9853879]]}}, {"type": "Feature", "properties": {"county": "台北市", "district": "文山區", "highway": "tertiary", "name": "指南路二段"}, "geometry": {"type": "LineString", "coordinates": [[121.5799384, 24.9853879], [121.5799536, 24.9853459]]}}, {"type": "Feature", "properties": {"county": "台北市", "district": "文山區", "highway": "residential", "name": null}, "geometry": {"type": "LineString", "coordinates": [[121.5850276, 24.9846436], [121.5850307, 24.9845333]]}}, {"type": "Feature", "properties": {"county": "台北市", "district": "文山區", "highway": "motorway_link", "name": null}, "geometry": {"type": "LineString", "coordinates": [[121.5749793, 24.9764991], [121.5750006, 24.9763299], [121.5750066, 24.9762825], [121.5750321, 24.9760799]]}}, {"type": "Feature", "properties": {"county": "台北市", "district": "文山區", "highway": "motorway_link", "name": null}, "geometry": {"type": "LineString", "coordinates": [[121.5436955, 24.9614119], [121.5438378, 24.9613032], [121.5439649, 24.9612061]]}}, {"type": "Feature", "properties": {"county": "台北市", "district": "文山區", "highway": "motorway_link", "name": null}, "geometry": {"type": "LineString", "coordinates": [[121.5444016, 24.9622618], [121.5444702, 24.9622147], [121.5446493, 24.9620917], [121.5446958, 24.9620598]]}}, {"type": "Feature", "properties": {"county": "台北市", "district": "文山區", "highway": "motorway_link", "name": null}, "geometry": {"type": "LineString", "coordinates": [[121.5812471, 24.9781152], [121.5813488, 24.9779112], [121.5813948, 24.9776902]]}}, {"type": "Feature", "properties": {"county": "台北市", "district": "文山區", "highway": "residential", "name": "福興路95巷"}, "geometry": {"type": "LineString", "coordinates": [[121.5472657, 25.0051696], [121.5472789, 25.0053929], [121.5473274, 25.005534], [121.5474276, 25.0056958]]}}, {"type": "Feature", "properties": {"county": "台北市", "district": "文山區", "highway": "residential", "name": "福興路63巷4弄"}, "geometry": {"type": "LineString", "coordinates": [[121.5493559, 25.0035624], [121.54935, 25.0035872], [121.5492124, 25.0042529], [121.5491405, 25.0046399], [121.5491428, 25.00466]]}}, {"type": "Feature", "properties": {"county": "台北市", "district": "文山區", "highway": "residential", "name": "福興路63巷2弄"}, "geometry": {"type": "LineString", "coordinates": [[121.549645, 25.0035237], [121.5496391, 25.0035514], [121.5494874, 25.0042727]]}}, {"type": "Feature", "properties": {"county": "台北市", "district": "文山區", "highway": "residential", "name": null}, "geometry": {"type": "LineString", "coordinates": [[121.548535, 25.0015934], [121.5477917, 25.0017783]]}}, {"type": "Feature", "properties": {"county": "台北市", "district": "文山區", "highway": "residential", "name": "興隆路二段130巷"}, "geometry": {"type": "LineString", "coordinates": [[121.5507647, 25.0008159], [121.5505023, 25.0011051], [121.5504739, 25.001137]]}}, {"type": "Feature", "properties": {"county": "台北市", "district": "文山區", "highway": "residential", "name": "福興路78巷20弄"}, "geometry": {"type": "LineString", "coordinates": [[121.5511593, 25.0041786], [121.550784, 25.0041107], [121.5507739, 25.0041082]]}}, {"type": "Feature", "properties": {"county": "台北市", "district": "文山區", "highway": "residential", "name": null}, "geometry": {"type": "LineString", "coordinates": [[121.5517323, 25.004809], [121.5519243, 25.0047458]]}}, {"type": "Feature", "properties": {"county": "台北市", "district": "文山區", "highway": "residential", "name": null}, "geometry": {"type": "LineString", "coordinates": [[121.5514959, 25.003935], [121.550989, 25.0038496]]}}, {"type": "Feature", "properties": {"county": "台北市", "district": "文山區", "highway": "residential", "name": null}, "geometry": {"type": "LineString", "coordinates": [[121.5505433, 25.0041086], [121.5499939, 25.0039974]]}}, {"type": "Feature", "properties": {"county": "台北市", "district": "文山區", "highway": "residential", "name": null}, "geometry": {"type": "LineString", "coordinates": [[121.5497451, 25.0065401], [121.5501942, 25.0067405], [121.5502136, 25.0067487], [121.5503621, 25.0068119], [121.5509943, 25.0070805], [121.5510703, 25.0071128], [121.551108, 25.0071288]]}}, {"type": "Feature", "properties": {"county": "台北市", "district": "文山區", "highway": "residential", "name": "興隆路二段153巷4弄"}, "geometry": {"type": "LineString", "coordinates": [[121.5480891, 25.0009534], [121.5484944, 25.0011987]]}}, {"type": "Feature", "properties": {"county": "台北市", "district": "文山區", "highway": "residential", "name": "興隆路二段130巷"}, "geometry": {"type": "LineString", "coordinates": [[121.5507647, 25.0008159], [121.5502087, 25.00041], [121.5501477, 25.0003629]]}}, {"type": "Feature", "properties": {"county": "台北市", "district": "文山區", "highway": "residential", "name": "福興路46巷"}, "geometry": {"type": "LineString", "coordinates": [[121.551101, 25.0029832], [121.5513098, 25.003195], [121.5512277, 25.0032506]]}}, {"type": "Feature", "properties": {"county": "台北市", "district": "文山區", "highway": "secondary", "name": "興隆路一段"}, "geometry": {"type": "LineString", "coordinates": [[121.5450366, 24.9986991], [121.5448153, 24.9986444], [121.544692, 24.9986234], [121.5446505, 24.998622]]}}, {"type": "Feature", "properties": {"county": "台北市", "district": "文山區", "highway": "secondary", "name": "興隆路一段"}, "geometry": {"type": "LineString", "coordinates": [[121.5446598, 24.9985343], [121.5449184, 24.9985942]]}}, {"type": "Feature", "properties": {"county": "台北市", "district": "文山區", "highway": "residential", "name": "興隆路二段244巷39弄"}, "geometry": {"type": "LineString", "coordinates": [[121.5531228, 24.9996874], [121.5527424, 24.9990165]]}}, {"type": "Feature", "properties": {"county": "台北市", "district": "文山區", "highway": "residential", "name": "興隆路二段244巷37弄"}, "geometry": {"type": "LineString", "coordinates": [[121.5534259, 24.9995572], [121.5530293, 24.9988755]]}}, {"type": "Feature", "properties": {"county": "台北市", "district": "文山區", "highway": "residential", "name": "興隆路二段244巷"}, "geometry": {"type": "LineString", "coordinates": [[121.553037, 25.0000067], [121.5534543, 24.9998537], [121.5536067, 24.9998005]]}}, {"type": "Feature", "properties": {"county": "台北市", "district": "文山區", "highway": "residential", "name": null}, "geometry": {"type": "LineString", "coordinates": [[121.5534543, 24.9998537], [121.553337, 24.9996108]]}}, {"type": "Feature", "properties": {"county": "台北市", "district": "文山區", "highway": "residential", "name": "興隆路二段220巷53弄"}, "geometry": {"type": "LineString", "coordinates": [[121.5516647, 24.9985458], [121.5522348, 24.9986848]]}}, {"type": "Feature", "properties": {"county": "台北市", "district": "文山區", "highway": "residential", "name": "興隆路二段220巷31弄"}, "geometry": {"type": "LineString", "coordinates": [[121.5522004, 24.999641], [121.5524226, 24.9993153]]}}, {"type": "Feature", "properties": {"county": "台北市", "district": "文山區", "highway": "residential", "name": null}, "geometry": {"type": "LineString", "coordinates": [[121.5524323, 24.9998202], [121.5526646, 24.9996104]]}}, {"type": "Feature", "properties": {"county": "台北市", "district": "文山區", "highway": "residential", "name": null}, "geometry": {"type": "LineString", "coordinates": [[121.5524323, 24.9998202], [121.5521873, 24.9999089]]}}, {"type": "Feature", "properties": {"county": "台北市", "district": "文山區", "highway": "residential", "name": null}, "geometry": {"type": "LineString", "coordinates": [[121.5525865, 25.0000555], [121.5522923, 25.00016]]}}, {"type": "Feature", "properties": {"county": "台北市", "district": "文山區", "highway": "residential", "name": null}, "geometry": {"type": "LineString", "coordinates": [[121.5530229, 24.9999138], [121.5528718, 24.9999141]]}}, {"type": "Feature", "properties": {"county": "台北市", "district": "文山區", "highway": "residential", "name": "辛亥路五段47巷"}, "geometry": {"type": "LineString", "coordinates": [[121.5537216, 24.9991014], [121.5537548, 24.9990832], [121.554002, 24.9989808]]}}, {"type": "Feature", "properties": {"county": "台北市", "district": "文山區", "highway": "residential", "name": "興隆路三段304巷"}, "geometry": {"type": "LineString", "coordinates": [[121.5553338, 24.9954661], [121.5562328, 24.995423]]}}, {"type": "Feature", "properties": {"county": "台北市", "district": "文山區", "highway": "unclassified", "name": "木柵路四段159巷"}, "geometry": {"type": "LineString", "coordinates": [[121.5789309, 25.0119891], [121.5791693, 25.0120733], [121.5792528, 25.0121711], [121.5793426, 25.0122376], [121.5794516, 25.0122759], [121.5795756, 25.012271], [121.5796713, 25.0122441], [121.5797541, 25.0122086], [121.579842, 25.0121545], [121.5798846, 25.0121118], [121.5800289, 25.0119922], [121.5801721, 25.0119123], [121.58031, 25.0118628], [121.5804186, 25.0118434], [121.5805568, 25.0118351]]}}, {"type": "Feature", "properties": {"county": "台北市", "district": "文山區", "highway": "tertiary", "name": "新光路二段"}, "geometry": {"type": "LineString", "coordinates": [[121.5744993, 24.9952406], [121.5746413, 24.9953369], [121.575568, 24.9958893]]}}, {"type": "Feature", "properties": {"county": "台北市", "district": "文山區", "highway": "tertiary", "name": "新光路二段"}, "geometry": {"type": "LineString", "coordinates": [[121.5763274, 24.9965209], [121.5762232, 24.996462], [121.575226, 24.9958893], [121.5743891, 24.9953789]]}}, {"type": "Feature", "properties": {"county": "台北市", "district": "文山區", "highway": "secondary", "name": "基隆路四段"}, "geometry": {"type": "LineString", "coordinates": [[121.5362419, 25.0110477], [121.5361977, 25.0110387], [121.5361574, 25.0110295]]}}, {"type": "Feature", "properties": {"county": "台北市", "district": "文山區", "highway": "tertiary", "name": "思源街"}, "geometry": {"type": "LineString", "coordinates": [[121.532225, 25.0151151], [121.5321638, 25.0150563], [121.5321123, 25.0150084], [121.5320714, 25.0149677], [121.5320328, 25.0149306]]}}, {"type": "Feature", "properties": {"county": "台北市", "district": "文山區", "highway": "tertiary", "name": "汀州路三段"}, "geometry": {"type": "LineString", "coordinates": [[121.5362419, 25.0110477], [121.5363241, 25.0109372], [121.5363949, 25.010842]]}}, {"type": "Feature", "properties": {"county": "台北市", "district": "文山區", "highway": "tertiary", "name": "民族路"}, "geometry": {"type": "LineString", "coordinates": [[121.5367291, 24.9758629], [121.5366864, 24.9758212], [121.5362173, 24.975364], [121.5361422, 24.9752923]]}}, {"type": "Feature", "properties": {"county": "台北市", "district": "文山區", "highway": "unclassified", "name": "指南路三段34巷"}, "geometry": {"type": "LineString", "coordinates": [[121.5836424, 24.9766377], [121.5836458, 24.9766689], [121.5836399, 24.9766886], [121.5833206, 24.9769729], [121.583288, 24.9770123], [121.5832655, 24.9770656], [121.5831904, 24.9774202], [121.5831729, 24.9774531], [121.5829781, 24.9775379], [121.5828118, 24.9775868], [121.5827275, 24.9776033], [121.5826085, 24.9776605], [121.5823598, 24.9779794], [121.5822841, 24.9781623], [121.5823005, 24.9783604], [121.5822748, 24.9786527], [121.5822838, 24.9787081], [121.5824474, 24.9791585], [121.5825176, 24.9793911]]}}, {"type": "Feature", "properties": {"county": "台北市", "district": "文山區", "highway": "unclassified", "name": "指南路三段34巷"}, "geometry": {"type": "LineString", "coordinates": [[121.5831751, 24.976322], [121.5829953, 24.9764436], [121.5828558, 24.9765335], [121.5826772, 24.9765858], [121.582594, 24.9765995]]}}, {"type": "Feature", "properties": {"county": "台北市", "district": "文山區", "highway": "unclassified", "name": "指南路三段34巷"}, "geometry": {"type": "LineString", "coordinates": [[121.582594, 24.9765995], [121.5827121, 24.9764964], [121.5828356, 24.976429], [121.5830873, 24.976346], [121.5831751, 24.976322]]}}, {"type": "Feature", "properties": {"county": "台北市", "district": "文山區", "highway": "residential", "name": "興隆路二段301巷11弄"}, "geometry": {"type": "LineString", "coordinates": [[121.5535067, 25.0020013], [121.5527935, 25.002227]]}}, {"type": "Feature", "properties": {"county": "台北市", "district": "文山區", "highway": "residential", "name": "興德路62巷"}, "geometry": {"type": "LineString", "coordinates": [[121.5568654, 25.0020748], [121.5569267, 25.0020268], [121.557082, 25.0019883], [121.5574768, 25.0018866]]}}, {"type": "Feature", "properties": {"county": "台北市", "district": "文山區", "highway": "residential", "name": "興隆路二段301巷9弄"}, "geometry": {"type": "LineString", "coordinates": [[121.553402, 25.0017456], [121.5529681, 25.0018866]]}}, {"type": "Feature", "properties": {"county": "台北市", "district": "文山區", "highway": "residential", "name": "辛亥路四段202巷"}, "geometry": {"type": "LineString", "coordinates": [[121.5556648, 25.002643], [121.5556172, 25.0026613], [121.5553683, 25.0027762]]}}, {"type": "Feature", "properties": {"county": "台北市", "district": "文山區", "highway": "residential", "name": "福興路4巷6弄"}, "geometry": {"type": "LineString", "coordinates": [[121.5523482, 25.0040396], [121.5524259, 25.0040851], [121.5525225, 25.0041107], [121.5528323, 25.0041545]]}}, {"type": "Feature", "properties": {"county": "台北市", "district": "文山區", "highway": "residential", "name": "辛亥路四段260巷"}, "geometry": {"type": "LineString", "coordinates": [[121.5535264, 25.0015316], [121.5542881, 25.0012685], [121.5543115, 25.0013243], [121.5544376, 25.0012763], [121.5545543, 25.0012423], [121.5546691, 25.0011779], [121.5547157, 25.0011534]]}}, {"type": "Feature", "properties": {"county": "台北市", "district": "文山區", "highway": "residential", "name": null}, "geometry": {"type": "LineString", "coordinates": [[121.5590572, 25.0065511], [121.5590818, 25.0068854], [121.5596708, 25.0068592], [121.5596846, 25.0071649], [121.5596925, 25.0073394]]}}, {"type": "Feature", "properties": {"county": "台北市", "district": "文山區", "highway": "residential", "name": "羅斯福路五段97巷"}, "geometry": {"type": "LineString", "coordinates": [[121.5394465, 25.0053656], [121.5393398, 25.0054251], [121.5391472, 25.0056135], [121.5390747, 25.005696]]}}, {"type": "Feature", "properties": {"county": "台北市", "district": "文山區", "highway": "residential", "name": "興隆路一段202巷7弄"}, "geometry": {"type": "LineString", "coordinates": [[121.5429835, 24.9995557], [121.5432401, 24.9994378]]}}, {"type": "Feature", "properties": {"county": "台北市", "district": "文山區", "highway": "residential", "name": "興隆路一段202巷5弄"}, "geometry": {"type": "LineString", "coordinates": [[121.5431469, 24.9998431], [121.5434375, 24.999709]]}}, {"type": "Feature", "properties": {"county": "台北市", "district": "文山區", "highway": "residential", "name": "羅斯福路五段269巷17弄"}, "geometry": {"type": "LineString", "coordinates": [[121.5405636, 25.0014246], [121.5405023, 25.0014421], [121.5403802, 25.0015236], [121.5402689, 25.001566], [121.5399917, 25.0014782]]}}, {"type": "Feature", "properties": {"county": "台北市", "district": "文山區", "highway": "motorway", "name": "台北聯絡線"}, "geometry": {"type": "LineString", "coordinates": [[121.5757885, 25.0066059], [121.5760438, 25.0065128], [121.5763262, 25.0063952], [121.5766149, 25.0062529], [121.5769159, 25.0060927], [121.5771982, 25.0059155], [121.5774519, 25.0057451], [121.5781437, 25.0052467]]}}, {"type": "Feature", "properties": {"county": "台北市", "district": "文山區", "highway": "motorway", "name": "台北聯絡線"}, "geometry": {"type": "LineString", "coordinates": [[121.5802605, 25.0044667], [121.579698, 25.0046004], [121.5793118, 25.0047268], [121.5789558, 25.0048718], [121.5786364, 25.0050316], [121.5784329, 25.0051492], [121.578192, 25.0053081]]}}, {"type": "Feature", "properties": {"county": "台北市", "district": "文山區", "highway": "motorway_link", "name": "萬芳交流道"}, "geometry": {"type": "LineString", "coordinates": [[121.5757885, 25.0066059], [121.5762753, 25.0063816], [121.5766337, 25.0061881], [121.5769094, 25.0060201], [121.5771364, 25.0058492], [121.5773456, 25.0056561], [121.5775241, 25.0054554], [121.5776829, 25.0052548], [121.5778194, 25.0050563]]}}, {"type": "Feature", "properties": {"county": "台北市", "district": "文山區", "highway": "residential", "name": "仙岩路58巷"}, "geometry": {"type": "LineString", "coordinates": [[121.5497362, 24.9997259], [121.5497407, 24.9994282], [121.5497407, 24.9994255]]}}, {"type": "Feature", "properties": {"county": "台北市", "district": "文山區", "highway": "residential", "name": null}, "geometry": {"type": "LineString", "coordinates": [[121.5506696, 25.0023516], [121.5507267, 25.002099]]}}, {"type": "Feature", "properties": {"county": "台北市", "district": "文山區", "highway": "residential", "name": null}, "geometry": {"type": "LineString", "coordinates": [[121.5489922, 25.0067982], [121.5491581, 25.0068692], [121.5492032, 25.0068885]]}}, {"type": "Feature", "properties": {"county": "台北市", "district": "文山區", "highway": "residential", "name": null}, "geometry": {"type": "LineString", "coordinates": [[121.550938, 25.0023944], [121.5509956, 25.0021507]]}}, {"type": "Feature", "properties": {"county": "台北市", "district": "文山區", "highway": "residential", "name": "興順街"}, "geometry": {"type": "LineString", "coordinates": [[121.5449484, 25.0012033], [121.5450632, 25.0012438], [121.5451308, 25.0012664], [121.545171, 25.0012814], [121.546043, 25.0015949], [121.5460756, 25.0016604], [121.5464143, 25.0021939], [121.5466558, 25.0025653], [121.546692, 25.0026017], [121.5467486, 25.0026317]]}}, {"type": "Feature", "properties": {"county": "台北市", "district": "文山區", "highway": "residential", "name": null}, "geometry": {"type": "LineString", "coordinates": [[121.5498752, 25.0039746], [121.5499158, 25.0039824], [121.5499939, 25.0039974]]}}, {"type": "Feature", "properties": {"county": "台北市", "district": "文山區", "highway": "residential", "name": null}, "geometry": {"type": "LineString", "coordinates": [[121.5511111, 25.0033297], [121.5512259, 25.0034748]]}}, {"type": "Feature", "properties": {"county": "台北市", "district": "文山區", "highway": "residential", "name": null}, "geometry": {"type": "LineString", "coordinates": [[121.5515023, 25.0009242], [121.5515487, 25.0009552], [121.551581, 25.0009803], [121.5516732, 25.0011843], [121.5519143, 25.001102]]}}, {"type": "Feature", "properties": {"county": "台北市", "district": "文山區", "highway": "residential", "name": "景豐街"}, "geometry": {"type": "LineString", "coordinates": [[121.5450632, 25.0012438], [121.5450407, 25.0012866], [121.5450359, 25.0012937], [121.5449306, 25.0015264], [121.5448928, 25.0017555]]}}, {"type": "Feature", "properties": {"county": "台北市", "district": "文山區", "highway": "residential", "name": null}, "geometry": {"type": "LineString", "coordinates": [[121.5477524, 24.9997248], [121.5477043, 24.9997794], [121.5472702, 25.0003319], [121.5472204, 25.0003276], [121.5470399, 25.0005506]]}}, {"type": "Feature", "properties": {"county": "台北市", "district": "文山區", "highway": "residential", "name": "景豐街31巷"}, "geometry": {"type": "LineString", "coordinates": [[121.5460528, 25.0001127], [121.5459597, 25.000094], [121.5457586, 25.0000536], [121.5454902, 25.0000045]]}}, {"type": "Feature", "properties": {"county": "台北市", "district": "文山區", "highway": "residential", "name": "景豐街37巷7弄"}, "geometry": {"type": "LineString", "coordinates": [[121.5454902, 25.0000045], [121.5453983, 25.0002361]]}}, {"type": "Feature", "properties": {"county": "台北市", "district": "文山區", "highway": "residential", "name": "景豐街37巷8弄"}, "geometry": {"type": "LineString", "coordinates": [[121.5453983, 25.0002361], [121.5452505, 25.0005602]]}}, {"type": "Feature", "properties": {"county": "台北市", "district": "文山區", "highway": "residential", "name": "景豐街37巷"}, "geometry": {"type": "LineString", "coordinates": [[121.5453983, 25.0002361], [121.5458611, 25.0004159]]}}, {"type": "Feature", "properties": {"county": "台北市", "district": "文山區", "highway": "residential", "name": "景豐街41巷"}, "geometry": {"type": "LineString", "coordinates": [[121.5457096, 25.000732], [121.5452505, 25.0005602]]}}, {"type": "Feature", "properties": {"county": "台北市", "district": "文山區", "highway": "residential", "name": "景豐街48巷11弄"}, "geometry": {"type": "LineString", "coordinates": [[121.5463793, 25.0007071], [121.5463702, 25.0007299], [121.5462825, 25.0008912], [121.5462219, 25.0009072], [121.5460565, 25.0008646]]}}, {"type": "Feature", "properties": {"county": "台北市", "district": "文山區", "highway": "residential", "name": "景豐街48巷"}, "geometry": {"type": "LineString", "coordinates": [[121.5465872, 25.0003219], [121.5461066, 25.0001337], [121.5460528, 25.0001127]]}}, {"type": "Feature", "properties": {"county": "台北市", "district": "文山區", "highway": "residential", "name": "景豐街48巷"}, "geometry": {"type": "LineString", "coordinates": [[121.5472818, 25.0006874], [121.5471993, 25.0006434], [121.5470399, 25.0005506], [121.5465872, 25.0003219]]}}, {"type": "Feature", "properties": {"county": "台北市", "district": "文山區", "highway": "residential", "name": "景豐街"}, "geometry": {"type": "LineString", "coordinates": [[121.5449484, 25.0012033], [121.5449291, 25.0012459], [121.5447187, 25.0016902], [121.5444975, 25.0021763]]}}, {"type": "Feature", "properties": {"county": "台北市", "district": "文山區", "highway": "residential", "name": "福興路106巷28弄"}, "geometry": {"type": "LineString", "coordinates": [[121.5501181, 25.005595], [121.5501117, 25.0056251], [121.5500506, 25.0059054], [121.5499221, 25.0062267], [121.54987, 25.0063248], [121.5498152, 25.0064159], [121.5497451, 25.0065401]]}}, {"type": "Feature", "properties": {"county": "台北市", "district": "文山區", "highway": "residential", "name": "福興路46巷2弄"}, "geometry": {"type": "LineString", "coordinates": [[121.5512277, 25.0032506], [121.5511111, 25.0033297], [121.5509235, 25.003458], [121.5508144, 25.0035308]]}}, {"type": "Feature", "properties": {"county": "台北市", "district": "文山區", "highway": "residential", "name": "福興路4巷15弄"}, "geometry": {"type": "LineString", "coordinates": [[121.551576, 25.0044312], [121.5512823, 25.0045291]]}}, {"type": "Feature", "properties": {"county": "台北市", "district": "文山區", "highway": "residential", "name": "福興路60巷10弄"}, "geometry": {"type": "LineString", "coordinates": [[121.5503863, 25.0036502], [121.5505387, 25.0035409], [121.5506335, 25.0036534], [121.5508144, 25.0035308], [121.5509264, 25.0036799]]}}, {"type": "Feature", "properties": {"county": "台北市", "district": "文山區", "highway": "residential", "name": "福興路60巷"}, "geometry": {"type": "LineString", "coordinates": [[121.5502632, 25.0034978], [121.5502868, 25.003527], [121.5503863, 25.0036502], [121.5505903, 25.0039027]]}}, {"type": "Feature", "properties": {"county": "台北市", "district": "文山區", "highway": "residential", "name": "福興路63巷"}, "geometry": {"type": "LineString", "coordinates": [[121.5486953, 25.0048943], [121.5486342, 25.0048107], [121.54855, 25.0046954], [121.5485168, 25.0046488], [121.5484567, 25.0045646], [121.5484234, 25.0044831], [121.5484035, 25.0044083], [121.5483889, 25.0042653], [121.5483952, 25.004179], [121.5484238, 25.004095], [121.548481, 25.0039858], [121.5485078, 25.0039416]]}}, {"type": "Feature", "properties": {"county": "台北市", "district": "文山區", "highway": "residential", "name": "福興路78巷20弄"}, "geometry": {"type": "LineString", "coordinates": [[121.551064, 25.0045056], [121.5510945, 25.0044066], [121.5511398, 25.0042109], [121.5511593, 25.0041786], [121.5512144, 25.0041507], [121.5512739, 25.0041471], [121.5514786, 25.0041763]]}}, {"type": "Feature", "properties": {"county": "台北市", "district": "文山區", "highway": "residential", "name": "福興路82巷1弄"}, "geometry": {"type": "LineString", "coordinates": [[121.5510174, 25.0060314], [121.5507828, 25.0062017], [121.5504394, 25.0066955], [121.5503621, 25.0068119]]}}, {"type": "Feature", "properties": {"county": "台北市", "district": "文山區", "highway": "residential", "name": "福興路82巷7弄"}, "geometry": {"type": "LineString", "coordinates": [[121.5515114, 25.0066197], [121.5512793, 25.006971]]}}, {"type": "Feature", "properties": {"county": "台北市", "district": "文山區", "highway": "residential", "name": "興隆路二段130巷"}, "geometry": {"type": "LineString", "coordinates": [[121.5512821, 25.0011954], [121.5510229, 25.0010049], [121.5507647, 25.0008159]]}}, {"type": "Feature", "properties": {"county": "台北市", "district": "文山區", "highway": "residential", "name": "興隆路二段153巷5弄"}, "geometry": {"type": "LineString", "coordinates": [[121.5479742, 25.0011092], [121.5472818, 25.0006874]]}}, {"type": "Feature", "properties": {"county": "台北市", "district": "文山區", "highway": "residential", "name": "興隆路二段203巷2弄"}, "geometry": {"type": "LineString", "coordinates": [[121.5499497, 25.0014879], [121.5498255, 25.0013972], [121.5495068, 25.001285], [121.5494755, 25.0012518]]}}, {"type": "Feature", "properties": {"county": "台北市", "district": "文山區", "highway": "residential", "name": "興隆路二段203巷4弄"}, "geometry": {"type": "LineString", "coordinates": [[121.5496369, 25.0017822], [121.5493252, 25.0014799], [121.5492959, 25.0014515]]}}, {"type": "Feature", "properties": {"county": "台北市", "district": "文山區", "highway": "residential", "name": "興隆路二段203巷6弄"}, "geometry": {"type": "LineString", "coordinates": [[121.5491739, 25.0015938], [121.5492072, 25.0016266], [121.5494867, 25.0019018]]}}, {"type": "Feature", "properties": {"county": "台北市", "district": "文山區", "highway": "residential", "name": "興隆路二段217巷2弄"}, "geometry": {"type": "LineString", "coordinates": [[121.5504949, 25.0018988], [121.5503665, 25.0018006], [121.5499497, 25.0014879]]}}, {"type": "Feature", "properties": {"county": "台北市", "district": "文山區", "highway": "residential", "name": "興隆路二段217巷4弄"}, "geometry": {"type": "LineString", "coordinates": [[121.5497207, 25.001711], [121.5501721, 25.0021427]]}}, {"type": "Feature", "properties": {"county": "台北市", "district": "文山區", "highway": "residential", "name": "興隆路二段217巷6弄"}, "geometry": {"type": "LineString", "coordinates": [[121.5494867, 25.0019018], [121.5498271, 25.002211], [121.549941, 25.0023429]]}}, {"type": "Feature", "properties": {"county": "台北市", "district": "文山區", "highway": "residential", "name": "興隆路二段220巷31弄"}, "geometry": {"type": "LineString", "coordinates": [[121.5522315, 25.0005308], [121.5523153, 25.0005036], [121.552674, 25.0003759], [121.5527087, 25.0003628], [121.5530369, 25.0002455], [121.5530923, 25.0002257]]}}, {"type": "Feature", "properties": {"county": "台北市", "district": "文山區", "highway": "residential", "name": "興隆路二段220巷53弄"}, "geometry": {"type": "LineString", "coordinates": [[121.5522046, 24.9987927], [121.5525322, 24.9990437]]}}, {"type": "Feature", "properties": {"county": "台北市", "district": "文山區", "highway": "residential", "name": "興隆路二段220巷53弄"}, "geometry": {"type": "LineString", "coordinates": [[121.5524226, 24.9993153], [121.5524105, 24.9992813], [121.5523984, 24.9992473], [121.5523361, 24.9991474], [121.5522214, 24.9990471], [121.5520608, 24.9989787], [121.551712, 24.9989002], [121.5515125, 24.998853]]}}, {"type": "Feature", "properties": {"county": "台北市", "district": "文山區", "highway": "residential", "name": "興隆路二段220巷65弄"}, "geometry": {"type": "LineString", "coordinates": [[121.5511499, 24.9995295], [121.551208, 24.9992546], [121.5513075, 24.9988052], [121.5513671, 24.9986019], [121.5514377, 24.9983227], [121.5514465, 24.9981426], [121.551435, 24.9980113], [121.5513393, 24.9978102]]}}, {"type": "Feature", "properties": {"county": "台北市", "district": "文山區", "highway": "residential", "name": "興隆路二段244巷41弄"}, "geometry": {"type": "LineString", "coordinates": [[121.5529948, 24.9997265], [121.5529508, 24.9997141], [121.5526646, 24.9996104], [121.5525194, 24.9994762], [121.5524226, 24.9993153]]}}, {"type": "Feature", "properties": {"county": "台北市", "district": "文山區", "highway": "residential", "name": "興隆路二段233巷6弄"}, "geometry": {"type": "LineString", "coordinates": [[121.5512304, 25.0025413], [121.5511331, 25.0024704], [121.5510244, 25.0024121], [121.550938, 25.0023944], [121.5506696, 25.0023516], [121.5504352, 25.0023078], [121.5503805, 25.0022973]]}}, {"type": "Feature", "properties": {"county": "台北市", "district": "文山區", "highway": "residential", "name": "興隆路二段233巷"}, "geometry": {"type": "LineString", "coordinates": [[121.5506712, 25.0013884], [121.5506517, 25.0014501], [121.5504949, 25.0018988], [121.5503805, 25.0022973]]}}, {"type": "Feature", "properties": {"county": "台北市", "district": "文山區", "highway": "residential", "name": "興隆路二段233巷5弄"}, "geometry": {"type": "LineString", "coordinates": [[121.5503805, 25.0022973], [121.5502506, 25.0022821], [121.5501125, 25.0022946], [121.5499823, 25.0023313], [121.5499787, 25.0023323], [121.549941, 25.0023429], [121.5492082, 25.0027102]]}}, {"type": "Feature", "properties": {"county": "台北市", "district": "文山區", "highway": "residential", "name": "興隆路二段244巷"}, "geometry": {"type": "LineString", "coordinates": [[121.5530923, 25.0002257], [121.5533247, 25.0001388], [121.5534105, 25.0001067]]}}, {"type": "Feature", "properties": {"county": "台北市", "district": "文山區", "highway": "residential", "name": "興隆路二段301巷21弄"}, "geometry": {"type": "LineString", "coordinates": [[121.5536808, 25.0024632], [121.5535645, 25.002454], [121.5534, 25.0024359], [121.5533171, 25.0024309], [121.5532354, 25.0024367], [121.5531062, 25.0024677], [121.5529754, 25.0025239], [121.552937, 25.0025505]]}}, {"type": "Feature", "properties": {"county": "台北市", "district": "文山區", "highway": "residential", "name": "景豐街37巷8弄"}, "geometry": {"type": "LineString", "coordinates": [[121.5452505, 25.0005602], [121.5450861, 25.0009073], [121.5449739, 25.0011439], [121.5449484, 25.0012033]]}}, {"type": "Feature", "properties": {"county": "台北市", "district": "文山區", "highway": "residential", "name": "興隆路二段96巷"}, "geometry": {"type": "LineString", "coordinates": [[121.5513393, 24.9978102], [121.5512961, 24.9977249], [121.5510657, 24.9974723], [121.5509891, 24.9973679], [121.5509594, 24.9971844], [121.5509731, 24.9970559], [121.5510066, 24.9968477]]}}, {"type": "Feature", "properties": {"county": "台北市", "district": "文山區", "highway": "residential", "name": "辛亥路五段118巷"}, "geometry": {"type": "LineString", "coordinates": [[121.5522051, 24.9974172], [121.5521611, 24.9974291], [121.5511298, 24.9974206]]}}, {"type": "Feature", "properties": {"county": "台北市", "district": "文山區", "highway": "residential", "name": null}, "geometry": {"type": "LineString", "coordinates": [[121.5830404, 24.9632421], [121.5830438, 24.963115], [121.5831349, 24.9629711], [121.5832446, 24.9628504]]}}, {"type": "Feature", "properties": {"county": "台北市", "district": "文山區", "highway": "residential", "name": null}, "geometry": {"type": "LineString", "coordinates": [[121.614649, 24.9934094], [121.614605, 24.9934618], [121.6145711, 24.9935923], [121.6145013, 24.9939309], [121.614468, 24.994026], [121.6144194, 24.994121], [121.614338, 24.9941918]]}}, {"type": "Feature", "properties": {"county": "台北市", "district": "文山區", "highway": "residential", "name": null}, "geometry": {"type": "LineString", "coordinates": [[121.6142924, 24.9942958], [121.614338, 24.9941918], [121.6142924, 24.9940942], [121.6142416, 24.9940478], [121.6141806, 24.994006], [121.6140663, 24.9939645]]}}, {"type": "Feature", "properties": {"county": "台北市", "district": "文山區", "highway": "residential", "name": null}, "geometry": {"type": "LineString", "coordinates": [[121.5474938, 24.9884592], [121.5473833, 24.9886145]]}}, {"type": "Feature", "properties": {"county": "台北市", "district": "文山區", "highway": "residential", "name": null}, "geometry": {"type": "LineString", "coordinates": [[121.5399196, 25.0063245], [121.5401906, 25.0065935]]}}, {"type": "Feature", "properties": {"county": "台北市", "district": "文山區", "highway": "residential", "name": null}, "geometry": {"type": "LineString", "coordinates": [[121.5422189, 25.0052931], [121.542282, 25.0056145]]}}, {"type": "Feature", "properties": {"county": "台北市", "district": "文山區", "highway": "residential", "name": null}, "geometry": {"type": "LineString", "coordinates": [[121.5425006, 25.0055615], [121.5425208, 25.0056416], [121.542632, 25.0058306], [121.5426783, 25.0059896]]}}, {"type": "Feature", "properties": {"county": "台北市", "district": "文山區", "highway": "residential", "name": null}, "geometry": {"type": "LineString", "coordinates": [[121.5432572, 25.0055531], [121.5433205, 25.0057107], [121.5433346, 25.0057946], [121.5433188, 25.005893], [121.5432984, 25.0059678], [121.543292, 25.0060318], [121.5433091, 25.0061185], [121.5433185, 25.0061902], [121.5433057, 25.0062558]]}}, {"type": "Feature", "properties": {"county": "台北市", "district": "文山區", "highway": "residential", "name": null}, "geometry": {"type": "LineString", "coordinates": [[121.5400326, 25.0059031], [121.539997, 25.0057292], [121.539925, 25.0053779]]}}, {"type": "Feature", "properties": {"county": "台北市", "district": "文山區", "highway": "residential", "name": null}, "geometry": {"type": "LineString", "coordinates": [[121.5411501, 25.0038527], [121.5411657, 25.0041457], [121.5411602, 25.0043445]]}}, {"type": "Feature", "properties": {"county": "台北市", "district": "文山區", "highway": "residential", "name": "興隆路一段55巷27弄"}, "geometry": {"type": "LineString", "coordinates": [[121.5420667, 25.0045133], [121.5420667, 25.0044543], [121.5421787, 25.0042353], [121.5422108, 25.0041599]]}}, {"type": "Feature", "properties": {"county": "台北市", "district": "文山區", "highway": "residential", "name": "興隆路一段83巷"}, "geometry": {"type": "LineString", "coordinates": [[121.5415496, 25.003374], [121.5417224, 25.0034723], [121.5419131, 25.0035699]]}}, {"type": "Feature", "properties": {"county": "台北市", "district": "文山區", "highway": "residential", "name": "萬盛橋"}, "geometry": {"type": "LineString", "coordinates": [[121.5414653, 25.0033318], [121.541537, 25.0033676], [121.5415496, 25.003374]]}}, {"type": "Feature", "properties": {"county": "台北市", "district": "文山區", "highway": "residential", "name": "萬盛街130巷"}, "geometry": {"type": "LineString", "coordinates": [[121.5414798, 25.0055114], [121.5415945, 25.0053626], [121.5416717, 25.0052678], [121.5418308, 25.0049897], [121.5420667, 25.0045133]]}}, {"type": "Feature", "properties": {"county": "台北市", "district": "文山區", "highway": "residential", "name": "萬盛街146巷"}, "geometry": {"type": "LineString", "coordinates": [[121.5422217, 25.004676], [121.5420229, 25.0050965]]}}, {"type": "Feature", "properties": {"county": "台北市", "district": "文山區", "highway": "residential", "name": "萬盛街146巷"}, "geometry": {"type": "LineString", "coordinates": [[121.5420229, 25.0050965], [121.542111, 25.0051727], [121.5421807, 25.0052424], [121.5422189, 25.0052931]]}}, {"type": "Feature", "properties": {"county": "台北市", "district": "文山區", "highway": "residential", "name": "萬盛街156巷"}, "geometry": {"type": "LineString", "coordinates": [[121.5424536, 25.0046412], [121.5425609, 25.0046788], [121.5426137, 25.0047226], [121.5427636, 25.0050335], [121.5428408, 25.0052275], [121.5429168, 25.005454]]}}, {"type": "Feature", "properties": {"county": "台北市", "district": "文山區", "highway": "residential", "name": "萬盛街166巷"}, "geometry": {"type": "LineString", "coordinates": [[121.5433475, 25.0053667], [121.5432994, 25.0051583], [121.5432356, 25.0049372], [121.5431843, 25.0048239]]}}, {"type": "Feature", "properties": {"county": "台北市", "district": "文山區", "highway": "residential", "name": "萬盛街82巷4弄"}, "geometry": {"type": "LineString", "coordinates": [[121.5404249, 25.0058667], [121.5401898, 25.0058951]]}}, {"type": "Feature", "properties": {"county": "台北市", "district": "文山區", "highway": "residential", "name": "萬盛街82巷"}, "geometry": {"type": "LineString", "coordinates": [[121.5403111, 25.005441], [121.5404249, 25.0058667], [121.5404679, 25.006007], [121.5404879, 25.0060721], [121.5405463, 25.0061591]]}}, {"type": "Feature", "properties": {"county": "台北市", "district": "文山區", "highway": "residential", "name": "明德橋"}, "geometry": {"type": "LineString", "coordinates": [[121.5418167, 24.9772691], [121.5417101, 24.9773378]]}}, {"type": "Feature", "properties": {"county": "台北市", "district": "文山區", "highway": "residential", "name": "明德路"}, "geometry": {"type": "LineString", "coordinates": [[121.5417101, 24.9773378], [121.5414961, 24.9774933]]}}, {"type": "Feature", "properties": {"county": "台北市", "district": "文山區", "highway": "residential", "name": "明德路"}, "geometry": {"type": "LineString", "coordinates": [[121.5429458, 24.9764682], [121.5428456, 24.9764675]]}}, {"type": "Feature", "properties": {"county": "台北市", "district": "文山區", "highway": "residential", "name": null}, "geometry": {"type": "LineString", "coordinates": [[121.5660921, 24.958136], [121.5661608, 24.958189], [121.5661581, 24.9582413], [121.566053, 24.9584484], [121.5659985, 24.9584735], [121.5658899, 24.9584468], [121.5658014, 24.958493], [121.5658068, 24.9585976], [121.5658081, 24.9592699], [121.5659543, 24.9594864], [121.5659932, 24.9595581], [121.5660508, 24.9599447], [121.5660307, 24.9600067], [121.5659315, 24.9601648], [121.5659301, 24.9602487], [121.5659757, 24.9602949], [121.5660696, 24.9603131], [121.5661407, 24.9603715], [121.5661917, 24.9605065], [121.5662332, 24.9605721], [121.5663472, 24.9606584], [121.5664223, 24.9608639], [121.5665363, 24.9610876], [121.5666114, 24.9611277], [121.5667415, 24.9611338], [121.567062, 24.9609685], [121.5671707, 24.9609563], [121.5672927, 24.9609891], [121.567457, 24.9611783], [121.567467, 24.9611898], [121.5675381, 24.9612189], [121.5677138, 24.9612469], [121.5676776, 24.9615618], [121.5676883, 24.9616116], [121.5677916, 24.9617381], [121.5678037, 24.9621162], [121.5678426, 24.9621952], [121.567939, 24.962219]]}}, {"type": "Feature", "properties": {"county": "台北市", "district": "文山區", "highway": "tertiary", "name": "中興路三段"}, "geometry": {"type": "LineString", "coordinates": [[121.543269, 24.9829844], [121.5433099, 24.9828966]]}}, {"type": "Feature", "properties": {"county": "台北市", "district": "文山區", "highway": "tertiary", "name": "民權路"}, "geometry": {"type": "LineString", "coordinates": [[121.5433099, 24.9828966], [121.5434982, 24.9828943]]}}, {"type": "Feature", "properties": {"county": "台北市", "district": "文山區", "highway": "residential", "name": null}, "geometry": {"type": "LineString", "coordinates": [[121.6145587, 24.9840287], [121.614525, 24.9841721], [121.6144383, 24.9844592], [121.6144271, 24.9845389], [121.6144163, 24.9847955], [121.6144177, 24.9849882], [121.6145198, 24.9851398], [121.6145236, 24.9851997], [121.6145248, 24.9853003], [121.6145267, 24.9854794], [121.614507, 24.9855675], [121.6144732, 24.985632]]}}, {"type": "Feature", "properties": {"county": "台北市", "district": "文山區", "highway": "residential", "name": null}, "geometry": {"type": "LineString", "coordinates": [[121.6144271, 24.9845389], [121.6143849, 24.9846893], [121.6143051, 24.9848407], [121.6142476, 24.9849573], [121.6141779, 24.9850291], [121.6140928, 24.9850388], [121.6138056, 24.9849761], [121.6136235, 24.9849451], [121.613526, 24.9849326], [121.6134186, 24.9849591], [121.6133362, 24.9850892], [121.6131623, 24.9854404], [121.6131493, 24.9855579], [121.6131359, 24.985688], [121.6130492, 24.9858234]]}}, {"type": "Feature", "properties": {"county": "台北市", "district": "文山區", "highway": "residential", "name": null}, "geometry": {"type": "LineString", "coordinates": [[121.6042569, 24.98605], [121.6042015, 24.9860315], [121.6041528, 24.9860183], [121.6041106, 24.9860152], [121.6040381, 24.9860225], [121.6038892, 24.9860715], [121.6037595, 24.9861431], [121.6037282, 24.9861562], [121.6037049, 24.9861481], [121.6036901, 24.986135], [121.6036887, 24.9861026], [121.6037765, 24.9859662], [121.6038489, 24.9858262], [121.6038757, 24.9857393], [121.6038737, 24.9857017], [121.6038698, 24.9856658], [121.6038512, 24.9856336], [121.603818, 24.985568], [121.6037573, 24.9854819], [121.6037296, 24.9854608], [121.6037, 24.9854415], [121.6036771, 24.9854275], [121.6036543, 24.9854169], [121.6036126, 24.9854081], [121.6035409, 24.9853897], [121.6035072, 24.9853775], [121.6034754, 24.9853618], [121.6034363, 24.9853397], [121.60342, 24.9853088], [121.6034131, 24.9852779], [121.6034153, 24.9852527], [121.6034213, 24.9852276], [121.6034598, 24.9851787], [121.603487, 24.9851269], [121.6034999, 24.9850764], [121.603505, 24.9850202], [121.6034587, 24.9849204], [121.6034316, 24.9848839], [121.6034134, 24.9848586], [121.6034, 24.9848276], [121.6034017, 24.9847799], [121.6034276, 24.9847553], [121.6034857, 24.9847282], [121.6035517, 24.9847025], [121.6037985, 24.9847044], [121.6041812, 24.9847143]]}}, {"type": "Feature", "properties": {"county": "台北市", "district": "文山區", "highway": "residential", "name": null}, "geometry": {"type": "LineString", "coordinates": [[121.6212128, 24.9850917], [121.6210169, 24.9849954], [121.6208801, 24.9848933], [121.6207527, 24.984759], [121.6206742, 24.984745], [121.6205596, 24.9847565], [121.6203819, 24.9847395], [121.6202451, 24.9846866], [121.6201626, 24.9846465], [121.6199949, 24.9845529], [121.6199613, 24.9844607], [121.6199666, 24.9843987]]}}, {"type": "Feature", "properties": {"county": "台北市", "district": "文山區", "highway": "residential", "name": "興隆路一段83巷3弄"}, "geometry": {"type": "LineString", "coordinates": [[121.5417224, 25.0034723], [121.5414512, 25.0039423]]}}, {"type": "Feature", "properties": {"county": "台北市", "district": "文山區", "highway": "residential", "name": "保儀路109巷18弄"}, "geometry": {"type": "LineString", "coordinates": [[121.5685017, 24.9858393], [121.569312, 24.9856432]]}}, {"type": "Feature", "properties": {"county": "台北市", "district": "文山區", "highway": "residential", "name": "保儀路109巷"}, "geometry": {"type": "LineString", "coordinates": [[121.5685854, 24.9862904], [121.5694665, 24.9862286]]}}, {"type": "Feature", "properties": {"county": "台北市", "district": "文山區", "highway": "unclassified", "name": "保儀路109巷23弄"}, "geometry": {"type": "LineString", "coordinates": [[121.5700889, 24.9846506], [121.5700584, 24.9847028], [121.5698795, 24.9847603], [121.5691351, 24.9849552]]}}, {"type": "Feature", "properties": {"county": "台北市", "district": "文山區", "highway": "residential", "name": null}, "geometry": {"type": "LineString", "coordinates": [[121.544859, 24.9934814], [121.544918, 24.99376]]}}, {"type": "Feature", "properties": {"county": "台北市", "district": "文山區", "highway": "residential", "name": "溪口街"}, "geometry": {"type": "LineString", "coordinates": [[121.5397329, 24.9949947], [121.539782, 24.9949649], [121.5404897, 24.9945357], [121.540878, 24.9943109], [121.5409467, 24.9942711], [121.5409689, 24.9942582], [121.5409943, 24.9942435], [121.5410752, 24.9941967]]}}, {"type": "Feature", "properties": {"county": "台北市", "district": "文山區", "highway": "primary", "name": "北新路三段"}, "geometry": {"type": "LineString", "coordinates": [[121.5409253, 24.9844256], [121.5410608, 24.9840167], [121.5410688, 24.9839837]]}}, {"type": "Feature", "properties": {"county": "台北市", "district": "文山區", "highway": "unclassified", "name": "順安街"}, "geometry": {"type": "LineString", "coordinates": [[121.541183, 24.9840541], [121.5411857, 24.9841624], [121.5411807, 24.984262], [121.5411593, 24.9844887], [121.5411489, 24.9845834], [121.5411354, 24.9846352]]}}, {"type": "Feature", "properties": {"county": "台北市", "district": "文山區", "highway": "residential", "name": "文化路"}, "geometry": {"type": "LineString", "coordinates": [[121.5455045, 24.9829062], [121.5450295, 24.9827021], [121.5448877, 24.9826428]]}}, {"type": "Feature", "properties": {"county": "台北市", "district": "文山區", "highway": "residential", "name": "中央路133巷20弄"}, "geometry": {"type": "LineString", "coordinates": [[121.531134, 24.9726824], [121.5308109, 24.9728593], [121.5306127, 24.9729678]]}}, {"type": "Feature", "properties": {"county": "台北市", "district": "文山區", "highway": "tertiary", "name": "道南橋"}, "geometry": {"type": "LineString", "coordinates": [[121.5728905, 24.9880764], [121.5729758, 24.9881077], [121.573009, 24.9881133], [121.5731006, 24.9881306], [121.5732026, 24.988138], [121.5732998, 24.9881295], [121.5734229, 24.9881143], [121.5734794, 24.9881056], [121.573548, 24.9880926]]}}, {"type": "Feature", "properties": {"county": "台北市", "district": "文山區", "highway": "residential", "name": "寶元路一段50巷"}, "geometry": {"type": "LineString", "coordinates": [[121.5438309, 24.9847294], [121.5435626, 24.9845993], [121.5435659, 24.9845555], [121.5433119, 24.9844091], [121.5434083, 24.9842936], [121.543446, 24.9841368], [121.5434656, 24.9840426]]}}, {"type": "Feature", "properties": {"county": "台北市", "district": "文山區", "highway": "residential", "name": "力行路"}, "geometry": {"type": "LineString", "coordinates": [[121.5397441, 24.964595], [121.5396771, 24.9645914]]}}, {"type": "Feature", "properties": {"county": "台北市", "district": "文山區", "highway": "residential", "name": "力行路"}, "geometry": {"type": "LineString", "coordinates": [[121.5396771, 24.9645914], [121.5394438, 24.9646025], [121.5393938, 24.9646105]]}}, {"type": "Feature", "properties": {"county": "台北市", "district": "文山區", "highway": "residential", "name": null}, "geometry": {"type": "LineString", "coordinates": [[121.5475012, 24.9869774], [121.5475095, 24.9869294], [121.547551, 24.986709], [121.5475321, 24.9865981]]}}, {"type": "Feature", "properties": {"county": "台北市", "district": "文山區", "highway": "residential", "name": null}, "geometry": {"type": "LineString", "coordinates": [[121.5493787, 24.9899245], [121.5496211, 24.9896516]]}}, {"type": "Feature", "properties": {"county": "台北市", "district": "文山區", "highway": "residential", "name": null}, "geometry": {"type": "LineString", "coordinates": [[121.5511047, 24.9888039], [121.5510439, 24.9888393], [121.5506661, 24.9887564]]}}, {"type": "Feature", "properties": {"county": "台北市", "district": "文山區", "highway": "residential", "name": null}, "geometry": {"type": "LineString", "coordinates": [[121.5462731, 24.9906389], [121.5462396, 24.990735]]}}, {"type": "Feature", "properties": {"county": "台北市", "district": "文山區", "highway": "residential", "name": null}, "geometry": {"type": "LineString", "coordinates": [[121.5476372, 24.9907104], [121.5476756, 24.9906792], [121.5477546, 24.9905263]]}}, {"type": "Feature", "properties": {"county": "台北市", "district": "文山區", "highway": "residential", "name": "木柵路一段58巷"}, "geometry": {"type": "LineString", "coordinates": [[121.5474405, 24.9863777], [121.5475321, 24.9865981], [121.5477824, 24.9866025], [121.5477811, 24.9866475], [121.5481841, 24.9866601]]}}, {"type": "Feature", "properties": {"county": "台北市", "district": "文山區", "highway": "residential", "name": "和平東路四段65巷27弄"}, "geometry": {"type": "LineString", "coordinates": [[121.5672533, 25.0072351], [121.5680311, 25.0074733], [121.5681014, 25.0075375], [121.5681624, 25.0076037], [121.5682295, 25.0076475], [121.568383, 25.00769], [121.5685728, 25.0075023], [121.5686265, 25.007498], [121.5686607, 25.0075156]]}}, {"type": "Feature", "properties": {"county": "台北市", "district": "文山區", "highway": "residential", "name": "和平東路四段65巷27弄"}, "geometry": {"type": "LineString", "coordinates": [[121.5675093, 25.0068927], [121.5681317, 25.0071627], [121.568208, 25.0070373]]}}, {"type": "Feature", "properties": {"county": "台北市", "district": "文山區", "highway": "residential", "name": "和平東路四段65巷27弄"}, "geometry": {"type": "LineString", "coordinates": [[121.567254, 25.0076167], [121.5674242, 25.0076955], [121.567594, 25.0077407], [121.5676857, 25.0077423], [121.5679601, 25.0076975], [121.568035, 25.0076851], [121.5680444, 25.0076523], [121.5680311, 25.0074733]]}}, {"type": "Feature", "properties": {"county": "台北市", "district": "文山區", "highway": "residential", "name": "和平東路四段101巷"}, "geometry": {"type": "LineString", "coordinates": [[121.5688403, 25.0056588], [121.5680834, 25.0057319], [121.5679593, 25.0057405], [121.5678405, 25.0057596], [121.5676953, 25.0058073], [121.5673799, 25.0060258]]}}, {"type": "Feature", "properties": {"county": "台北市", "district": "文山區", "highway": "residential", "name": null}, "geometry": {"type": "LineString", "coordinates": [[121.5685854, 24.9862904], [121.5685473, 24.9861181], [121.5685017, 24.9858393]]}}, {"type": "Feature", "properties": {"county": "台北市", "district": "文山區", "highway": "residential", "name": "和平東路四段65巷"}, "geometry": {"type": "LineString", "coordinates": [[121.5678493, 25.006621], [121.5679606, 25.006711], [121.568108, 25.0067684], [121.5682925, 25.0067797], [121.5685114, 25.0067723], [121.5688176, 25.0067602], [121.5691869, 25.0067467]]}}, {"type": "Feature", "properties": {"county": "台北市", "district": "文山區", "highway": "residential", "name": "和平東路四段101巷8弄"}, "geometry": {"type": "LineString", "coordinates": [[121.5676953, 25.0058073], [121.5682227, 25.0065056], [121.5685218, 25.0064965]]}}, {"type": "Feature", "properties": {"county": "台北市", "district": "文山區", "highway": "residential", "name": "和平東路四段65巷"}, "geometry": {"type": "LineString", "coordinates": [[121.5678493, 25.006621], [121.5673799, 25.0060258], [121.5672029, 25.005771], [121.5671282, 25.0056634], [121.5671049, 25.00563], [121.5670654, 25.005573]]}}, {"type": "Feature", "properties": {"county": "台北市", "district": "文山區", "highway": "residential", "name": "和平東路四段101巷"}, "geometry": {"type": "LineString", "coordinates": [[121.5672029, 25.005771], [121.5677829, 25.0054355], [121.5679181, 25.005373], [121.5679411, 25.0052848], [121.5680371, 25.0051829], [121.5680582, 25.0050373], [121.5680174, 25.0049791]]}}, {"type": "Feature", "properties": {"county": "台北市", "district": "文山區", "highway": "residential", "name": "和平東路四段101巷2弄"}, "geometry": {"type": "LineString", "coordinates": [[121.5679593, 25.0057405], [121.5678948, 25.0055415], [121.5679029, 25.0054412], [121.5679181, 25.005373], [121.5681134, 25.0053622], [121.5688054, 25.0053063]]}}, {"type": "Feature", "properties": {"county": "台北市", "district": "文山區", "highway": "residential", "name": "和平東路四段65巷"}, "geometry": {"type": "LineString", "coordinates": [[121.5691869, 25.0067467], [121.5691587, 25.0065953], [121.5691216, 25.0064009], [121.5690541, 25.0061102], [121.5690441, 25.0060574], [121.5690066, 25.0059529], [121.5688403, 25.0056588], [121.5688269, 25.0055615], [121.5688054, 25.0053063]]}}, {"type": "Feature", "properties": {"county": "台北市", "district": "文山區", "highway": "unclassified", "name": "阿柔洋產業道路"}, "geometry": {"type": "LineString", "coordinates": [[121.612972, 24.9980523], [121.6129718, 24.9979339], [121.612973, 24.9978625], [121.6129916, 24.9977897], [121.6130121, 24.9977478], [121.6130437, 24.9977132], [121.6131302, 24.997639], [121.613277, 24.9975503], [121.6133417, 24.9974921], [121.6133951, 24.9973918], [121.6134484, 24.9972844], [121.613499, 24.9971577], [121.6135304, 24.9969725], [121.6135657, 24.9967738], [121.6136025, 24.9966657], [121.6136377, 24.9965576], [121.6136646, 24.9964675], [121.6136821, 24.9963745], [121.6136809, 24.9962218], [121.6136905, 24.9960889], [121.6137142, 24.996009], [121.6137269, 24.9959313], [121.6137007, 24.9956925], [121.6136933, 24.9955875], [121.6136906, 24.9954753], [121.6137103, 24.995322], [121.6137822, 24.9950726], [121.6138635, 24.9948122], [121.6139526, 24.9945518], [121.61401, 24.9944477], [121.6140492, 24.9944021], [121.6140946, 24.9943566], [121.6141655, 24.9943309], [121.6142396, 24.9943081], [121.6142924, 24.9942958], [121.6143585, 24.9942918], [121.6144295, 24.9942935], [121.6151184, 24.9944959], [121.615801, 24.9946883], [121.6159943, 24.9947406], [121.6161104, 24.9947605], [121.6161559, 24.994754], [121.6162221, 24.9947389], [121.61638, 24.9945834], [121.6165181, 24.9944059], [121.6165704, 24.994288], [121.616675, 24.9941421], [121.616899, 24.9940194], [121.617194, 24.9938419], [121.6175521, 24.9936438], [121.6177144, 24.9935265], [121.6177807, 24.993457], [121.6178435, 24.9933632], [121.6178706, 24.9932681], [121.6178891, 24.993158], [121.6179048, 24.9930901], [121.6179479, 24.992978], [121.6180391, 24.9928223], [121.618162, 24.9926722], [121.6182134, 24.9926253], [121.618287, 24.9925899], [121.6185732, 24.9924894], [121.6189187, 24.9923651], [121.6192929, 24.992269], [121.6194441, 24.992211], [121.6196084, 24.9920743], [121.6198435, 24.9917308], [121.6198968, 24.9915997], [121.6199068, 24.9915107], [121.6199009, 24.9914159], [121.619888, 24.9913483], [121.6198593, 24.9912706], [121.6198048, 24.9911678], [121.6197678, 24.991085], [121.6197434, 24.9910223], [121.6197285, 24.9909725], [121.6197141, 24.9904274], [121.6197171, 24.9903531], [121.6197405, 24.9902983], [121.6202634, 24.9898289], [121.6205025, 24.9896549], [121.6206394, 24.9893905], [121.6207611, 24.9892217], [121.6207611, 24.9887367], [121.6208222, 24.9885701], [121.6208815, 24.9885121], [121.6209909, 24.9884026], [121.6211457, 24.9882503], [121.6212362, 24.9880366], [121.6212523, 24.9878865], [121.6213073, 24.9876274], [121.6213448, 24.9875344], [121.6214293, 24.9874164], [121.6215588, 24.9872876], [121.6216681, 24.9871935], [121.621867, 24.9870117], [121.6219263, 24.9869429], [121.6221071, 24.9866224], [121.6221926, 24.9865471], [121.6223128, 24.9864218], [121.622362, 24.9863705], [121.6224299, 24.9862751], [121.6224897, 24.9861384], [121.6225257, 24.9860075], [121.622532, 24.9859306], [121.6225437, 24.9857804], [121.622545, 24.9856816]]}}, {"type": "Feature", "properties": {"county": "台北市", "district": "文山區", "highway": "unclassified", "name": "展南橋"}, "geometry": {"type": "LineString", "coordinates": [[121.6068243, 24.9985474], [121.606648, 24.9983874]]}}, {"type": "Feature", "properties": {"county": "台北市", "district": "文山區", "highway": "unclassified", "name": null}, "geometry": {"type": "LineString", "coordinates": [[121.606648, 24.9983874], [121.6066051, 24.9983634], [121.6067635, 24.9981793], [121.607062, 24.9978811], [121.6072216, 24.9976951], [121.6075318, 24.9974439], [121.6076206, 24.9973664], [121.6076688, 24.9973007], [121.6076836, 24.9971597], [121.6074999, 24.99649], [121.6074932, 24.9963271], [121.6074784, 24.9962177], [121.6074395, 24.9961096], [121.6073792, 24.9960062], [121.6073135, 24.9959284], [121.6072398, 24.995843], [121.6069888, 24.9954906], [121.6068967, 24.9954429], [121.6067113, 24.9954032], [121.6064823, 24.9952932], [121.6059388, 24.9951322], [121.605857, 24.9950908], [121.6057242, 24.9949765], [121.6055969, 24.9948818], [121.6054064, 24.9948197], [121.6052079, 24.9948101], [121.6050059, 24.9947386], [121.6049396, 24.9947152], [121.6047439, 24.9946569], [121.6045106, 24.9946508], [121.6042745, 24.9946047], [121.6039338, 24.9945171], [121.6038306, 24.9944649], [121.6037072, 24.9943445], [121.6036857, 24.9941804], [121.6036858, 24.99402], [121.6036858, 24.9938923], [121.6036133, 24.9937647], [121.6035195, 24.9936322], [121.6034309, 24.9935022], [121.6033518, 24.9932724], [121.6032928, 24.9929904], [121.6032566, 24.9928032], [121.603223, 24.9926792], [121.6031426, 24.9925783], [121.6030339, 24.9925565], [121.6028891, 24.9925711], [121.6027269, 24.9925966], [121.6024238, 24.9925273], [121.6021354, 24.9924775], [121.6020823, 24.9924688], [121.6020322, 24.9924605], [121.6019778, 24.9924693], [121.6018753, 24.992486], [121.6018004, 24.9924574], [121.6017599, 24.9922927], [121.6017604, 24.9922786], [121.6017532, 24.9920897], [121.6017948, 24.9919074], [121.6018055, 24.9917785], [121.601764, 24.9917129], [121.6016795, 24.991629], [121.6015447, 24.9915239], [121.6014026, 24.9914065], [121.6011966, 24.99135], [121.6009988, 24.9913889], [121.600862, 24.9914249], [121.6006368, 24.9914443], [121.6005522, 24.9914419]]}}, {"type": "Feature", "properties": {"county": "台北市", "district": "文山區", "highway": "residential", "name": "萬芳路107巷"}, "geometry": {"type": "LineString", "coordinates": [[121.5620037, 24.9972616], [121.5620386, 24.9971614], [121.5620441, 24.9971455], [121.562185, 24.9967407], [121.5621764, 24.9967074], [121.5621461, 24.996683], [121.561179, 24.9964794]]}}, {"type": "Feature", "properties": {"county": "台北市", "district": "文山區", "highway": "residential", "name": "萬利街"}, "geometry": {"type": "LineString", "coordinates": [[121.5655752, 25.0005213], [121.5652325, 25.0005838], [121.564925, 25.0006484], [121.5643802, 25.0008042], [121.5636905, 25.0012105]]}}, {"type": "Feature", "properties": {"county": "台北市", "district": "文山區", "highway": "residential", "name": null}, "geometry": {"type": "LineString", "coordinates": [[121.5659663, 25.0125683], [121.5660262, 25.0124104], [121.5660751, 25.0124025], [121.5662158, 25.0123673], [121.5663553, 25.0123661], [121.5664178, 25.0123137], [121.5665122, 25.0122853], [121.5665585, 25.0122822], [121.5665974, 25.0122646], [121.5667296, 25.0122895], [121.5669655, 25.0122974], [121.5670024, 25.0122974], [121.5670983, 25.0122998], [121.5671474, 25.0122694], [121.5671597, 25.0121089]]}}, {"type": "Feature", "properties": {"county": "台北市", "district": "文山區", "highway": "residential", "name": "新生街"}, "geometry": {"type": "LineString", "coordinates": [[121.5396492, 24.967361], [121.5392814, 24.9671653], [121.5392692, 24.9671386]]}}, {"type": "Feature", "properties": {"county": "台北市", "district": "文山區", "highway": "residential", "name": null}, "geometry": {"type": "LineString", "coordinates": [[121.5295403, 24.9788559], [121.5308652, 24.9780492], [121.5309455, 24.9780004]]}}, {"type": "Feature", "properties": {"county": "台北市", "district": "文山區", "highway": "residential", "name": "順德街"}, "geometry": {"type": "LineString", "coordinates": [[121.5312237, 24.9768431], [121.5312846, 24.9769323], [121.5321467, 24.9782449], [121.5321484, 24.9782652], [121.5321444, 24.9782871]]}}, {"type": "Feature", "properties": {"county": "台北市", "district": "文山區", "highway": "residential", "name": "斯馨路"}, "geometry": {"type": "LineString", "coordinates": [[121.5319713, 24.979348], [121.5319026, 24.9792596], [121.5314551, 24.9786761], [121.5314213, 24.9786257], [121.5313858, 24.978579], [121.5310029, 24.9780758], [121.5309455, 24.9780004], [121.530889, 24.9779231], [121.5305498, 24.9774583], [121.5304628, 24.9773354], [121.5303699, 24.9772146], [121.5300012, 24.9767227], [121.5298356, 24.9764934], [121.5296593, 24.9762495], [121.5295845, 24.9761413]]}}, {"type": "Feature", "properties": {"county": "台北市", "district": "文山區", "highway": "residential", "name": "明德路"}, "geometry": {"type": "LineString", "coordinates": [[121.5427314, 24.9764736], [121.5425831, 24.9766089], [121.5423657, 24.9768049]]}}, {"type": "Feature", "properties": {"county": "台北市", "district": "文山區", "highway": "residential", "name": null}, "geometry": {"type": "LineString", "coordinates": [[121.5485078, 25.0039416], [121.5484811, 25.0039206], [121.5483395, 25.0038082], [121.5481937, 25.0036926]]}}, {"type": "Feature", "properties": {"county": "台北市", "district": "文山區", "highway": "residential", "name": "景華街147巷11弄"}, "geometry": {"type": "LineString", "coordinates": [[121.5471778, 24.996793], [121.5471427, 24.9967374], [121.5467842, 24.996343]]}}, {"type": "Feature", "properties": {"county": "台北市", "district": "文山區", "highway": "residential", "name": "景華街121巷7弄"}, "geometry": {"type": "LineString", "coordinates": [[121.5467382, 24.9963543], [121.5464377, 24.9961033]]}}, {"type": "Feature", "properties": {"county": "台北市", "district": "文山區", "highway": "residential", "name": "興隆路二段96巷2弄"}, "geometry": {"type": "LineString", "coordinates": [[121.5500928, 25.0004359], [121.5495618, 25.0000742]]}}, {"type": "Feature", "properties": {"county": "台北市", "district": "文山區", "highway": "residential", "name": "和興路84巷"}, "geometry": {"type": "LineString", "coordinates": [[121.5487702, 24.9849288], [121.5488626, 24.98428]]}}, {"type": "Feature", "properties": {"county": "台北市", "district": "文山區", "highway": "residential", "name": "和興路44巷"}, "geometry": {"type": "LineString", "coordinates": [[121.5467305, 24.9838857], [121.5464721, 24.9838539], [121.5462275, 24.9838496], [121.5461408, 24.983873], [121.5460374, 24.9838936], [121.54589, 24.983938], [121.5456995, 24.9840611], [121.5456823, 24.9840723], [121.545529, 24.9842239], [121.5454304, 24.9843816], [121.5453603, 24.9845382], [121.5453048, 24.9848467], [121.5453227, 24.985291], [121.5453275, 24.9854093]]}}, {"type": "Feature", "properties": {"county": "台北市", "district": "文山區", "highway": "unclassified", "name": "指南路三段157巷"}, "geometry": {"type": "LineString", "coordinates": [[121.5985383, 24.972397], [121.5984953, 24.9725064], [121.5984049, 24.9726759], [121.5983585, 24.9727209], [121.5982768, 24.9727233], [121.5981801, 24.9726942], [121.5979958, 24.9726272], [121.5978167, 24.9725835], [121.5977383, 24.9725908], [121.5975297, 24.9727165], [121.5972662, 24.9728673], [121.5971723, 24.9729738], [121.597103, 24.973019], [121.5969353, 24.973084], [121.5968092, 24.9731741], [121.5967764, 24.973278], [121.5967811, 24.9734045], [121.5967851, 24.9734713], [121.5967757, 24.9735351], [121.5967476, 24.9735905], [121.5966398, 24.9737198], [121.5963471, 24.9740279], [121.5961449, 24.9741635], [121.5959713, 24.9742473], [121.5956541, 24.9744601], [121.5955173, 24.9746756], [121.5952836, 24.9750212], [121.5951447, 24.9751842], [121.5949847, 24.975222], [121.5949247, 24.9752595], [121.5948235, 24.9753073], [121.5947679, 24.975325], [121.5947081, 24.9753271], [121.5944708, 24.9752796], [121.5943963, 24.975281], [121.5942164, 24.9753866], [121.5939766, 24.975465], [121.5936486, 24.9756428], [121.593461, 24.9756533], [121.5932843, 24.9757028], [121.5929811, 24.9759002], [121.5926255, 24.9759901], [121.5924689, 24.9760603], [121.5923027, 24.9763095], [121.5922744, 24.9765405], [121.5922822, 24.9767518]]}}, {"type": "Feature", "properties": {"county": "台北市", "district": "文山區", "highway": "residential", "name": "寶元路一段"}, "geometry": {"type": "LineString", "coordinates": [[121.544863, 24.9834706], [121.544907, 24.9833831], [121.5449692, 24.9833338], [121.5454098, 24.9830032], [121.5455045, 24.9829062]]}}, {"type": "Feature", "properties": {"county": "台北市", "district": "文山區", "highway": "residential", "name": "寶中路65巷"}, "geometry": {"type": "LineString", "coordinates": [[121.546501, 24.9806704], [121.5467638, 24.9809376]]}}, {"type": "Feature", "properties": {"county": "台北市", "district": "文山區", "highway": "residential", "name": "文化路75巷"}, "geometry": {"type": "LineString", "coordinates": [[121.5449692, 24.9833338], [121.5449823, 24.9832145], [121.5449615, 24.9830788], [121.5449319, 24.9828754], [121.5448877, 24.9826428]]}}, {"type": "Feature", "properties": {"county": "台北市", "district": "文山區", "highway": "residential", "name": "寶元路一段80巷"}, "geometry": {"type": "LineString", "coordinates": [[121.5443343, 24.9839258], [121.5438428, 24.9838711], [121.5431195, 24.9837822], [121.543061, 24.9837605]]}}, {"type": "Feature", "properties": {"county": "台北市", "district": "文山區", "highway": "residential", "name": "羅斯福路五段79巷"}, "geometry": {"type": "LineString", "coordinates": [[121.5393502, 25.0061978], [121.5393341, 25.0062206], [121.5393596, 25.0062702], [121.5394214, 25.0063415], [121.5395317, 25.0064538]]}}, {"type": "Feature", "properties": {"county": "台北市", "district": "文山區", "highway": "secondary_link", "name": "辛亥路七段"}, "geometry": {"type": "LineString", "coordinates": [[121.5536148, 24.9810599], [121.5536423, 24.9810017], [121.5536975, 24.980789], [121.55376, 24.9806466], [121.5539991, 24.9803263], [121.5540287, 24.9802755], [121.5540426, 24.9802227], [121.5540397, 24.9801572], [121.554024, 24.9801037], [121.5539861, 24.9800471]]}}, {"type": "Feature", "properties": {"county": "台北市", "district": "文山區", "highway": "tertiary", "name": "新光路二段"}, "geometry": {"type": "LineString", "coordinates": [[121.583711, 25.0009603], [121.5831132, 25.0006222]]}}, {"type": "Feature", "properties": {"county": "台北市", "district": "文山區", "highway": "residential", "name": "三福街5巷"}, "geometry": {"type": "LineString", "coordinates": [[121.541424, 24.9959513], [121.5413544, 24.9964278], [121.5412944, 24.9968107], [121.5411946, 24.9972567]]}}, {"type": "Feature", "properties": {"county": "台北市", "district": "文山區", "highway": "residential", "name": "木柵路一段231巷"}, "geometry": {"type": "LineString", "coordinates": [[121.5517666, 24.9881706], [121.5515246, 24.9881444], [121.5512939, 24.9881176], [121.5512627, 24.988114]]}}, {"type": "Feature", "properties": {"county": "台北市", "district": "文山區", "highway": "residential", "name": null}, "geometry": {"type": "LineString", "coordinates": [[121.5453574, 24.9968276], [121.5453619, 24.9967439], [121.5453547, 24.9963729]]}}, {"type": "Feature", "properties": {"county": "台北市", "district": "文山區", "highway": "residential", "name": "景興路23巷6弄"}, "geometry": {"type": "LineString", "coordinates": [[121.5453051, 24.9978161], [121.5453299, 24.9974402], [121.5453501, 24.9970789], [121.5453574, 24.9968276]]}}, {"type": "Feature", "properties": {"county": "台北市", "district": "文山區", "highway": "residential", "name": "萬盛街"}, "geometry": {"type": "LineString", "coordinates": [[121.5415437, 25.0055372], [121.5417221, 25.0056114], [121.5418136, 25.0056468], [121.5419225, 25.0056889], [121.542282, 25.0056145], [121.5425006, 25.0055615], [121.5428264, 25.0054814], [121.5429168, 25.005454], [121.5429816, 25.0054386], [121.5431479, 25.0054085], [121.5433475, 25.0053667]]}}, {"type": "Feature", "properties": {"county": "台北市", "district": "文山區", "highway": "tertiary", "name": "秀明路二段"}, "geometry": {"type": "LineString", "coordinates": [[121.5768332, 24.9906213], [121.5768341, 24.9905419], [121.5768345, 24.990496], [121.576841, 24.9898712], [121.5768443, 24.9895483], [121.5768475, 24.9894817], [121.5768641, 24.9893102], [121.5768798, 24.9892307], [121.576885, 24.9892043], [121.576941, 24.988945], [121.5769869, 24.9887502], [121.5769944, 24.9887187], [121.5770087, 24.9886581]]}}, {"type": "Feature", "properties": {"county": "台北市", "district": "文山區", "highway": "residential", "name": "指南路三段24巷"}, "geometry": {"type": "LineString", "coordinates": [[121.5795391, 24.9838592], [121.5795113, 24.9837963], [121.5794286, 24.9836096], [121.5794156, 24.9835549], [121.5793975, 24.9834565], [121.5793916, 24.9833708], [121.5793961, 24.9833439], [121.579411, 24.9832992], [121.5794559, 24.9832299], [121.5794964, 24.9831917], [121.5796084, 24.983118], [121.5797406, 24.9830424], [121.5800027, 24.9828822]]}}, {"type": "Feature", "properties": {"county": "台北市", "district": "文山區", "highway": "residential", "name": "指南路三段32巷"}, "geometry": {"type": "LineString", "coordinates": [[121.5803619, 24.9825562], [121.5802261, 24.9824826]]}}, {"type": "Feature", "properties": {"county": "台北市", "district": "文山區", "highway": "unclassified", "name": "老泉街45巷"}, "geometry": {"type": "LineString", "coordinates": [[121.5755974, 24.972881], [121.5750772, 24.9729253], [121.5749622, 24.9729651], [121.5746413, 24.9732657], [121.5745773, 24.9733157], [121.5744774, 24.9733468]]}}, {"type": "Feature", "properties": {"county": "台北市", "district": "文山區", "highway": "unclassified", "name": "老泉街45巷"}, "geometry": {"type": "LineString", "coordinates": [[121.5760338, 24.9727147], [121.5758768, 24.9728083], [121.5757559, 24.9728517], [121.5756917, 24.9728666], [121.5755974, 24.972881]]}}, {"type": "Feature", "properties": {"county": "台北市", "district": "文山區", "highway": "unclassified", "name": "老泉街"}, "geometry": {"type": "LineString", "coordinates": [[121.5675145, 24.9798754], [121.5676359, 24.9798987], [121.5676745, 24.9798941]]}}, {"type": "Feature", "properties": {"county": "台北市", "district": "文山區", "highway": "unclassified", "name": "老泉街45巷"}, "geometry": {"type": "LineString", "coordinates": [[121.5676745, 24.9798941], [121.5677432, 24.9797593], [121.5677579, 24.9796918]]}}, {"type": "Feature", "properties": {"county": "台北市", "district": "文山區", "highway": "residential", "name": "興隆路三段221巷"}, "geometry": {"type": "LineString", "coordinates": [[121.5606241, 24.9949516], [121.5605742, 24.9947602], [121.5605052, 24.9944957], [121.5604397, 24.9942448], [121.5604043, 24.9942022]]}}, {"type": "Feature", "properties": {"county": "台北市", "district": "文山區", "highway": "residential", "name": "興隆路三段207巷6弄"}, "geometry": {"type": "LineString", "coordinates": [[121.5602271, 24.9950104], [121.5601426, 24.9947908], [121.5601711, 24.9946969], [121.5602811, 24.9946738]]}}, {"type": "Feature", "properties": {"county": "台北市", "district": "文山區", "highway": "residential", "name": "興隆路三段207巷18弄"}, "geometry": {"type": "LineString", "coordinates": [[121.5626024, 24.994705], [121.5623569, 24.9938207]]}}, {"type": "Feature", "properties": {"county": "台北市", "district": "文山區", "highway": "residential", "name": "和興路"}, "geometry": {"type": "LineString", "coordinates": [[121.5488626, 24.98428], [121.5487152, 24.9842215], [121.5485052, 24.9841514], [121.548313, 24.9840989], [121.5481136, 24.9840608], [121.547876, 24.9840267], [121.5475047, 24.983981], [121.5467997, 24.9838942], [121.5467305, 24.9838857]]}}, {"type": "Feature", "properties": {"county": "台北市", "district": "文山區", "highway": "residential", "name": "和興路44巷3弄"}, "geometry": {"type": "LineString", "coordinates": [[121.5468872, 24.9842317], [121.5475615, 24.9842651]]}}, {"type": "Feature", "properties": {"county": "台北市", "district": "文山區", "highway": "residential", "name": "和興路52巷7弄"}, "geometry": {"type": "LineString", "coordinates": [[121.5476367, 24.9846407], [121.5482781, 24.9846176]]}}, {"type": "Feature", "properties": {"county": "台北市", "district": "文山區", "highway": "residential", "name": "和興路52巷"}, "geometry": {"type": "LineString", "coordinates": [[121.5475615, 24.9842651], [121.5482988, 24.9843091]]}}, {"type": "Feature", "properties": {"county": "台北市", "district": "文山區", "highway": "residential", "name": "寶興路42巷"}, "geometry": {"type": "LineString", "coordinates": [[121.5475801, 24.9714041], [121.5477277, 24.9716448], [121.5478111, 24.9717901], [121.5479662, 24.9720066], [121.5482077, 24.9723081], [121.548605, 24.9727076], [121.549188, 24.9732934]]}}, {"type": "Feature", "properties": {"county": "台北市", "district": "文山區", "highway": "residential", "name": "寶興路"}, "geometry": {"type": "LineString", "coordinates": [[121.5489255, 24.9739408], [121.5487398, 24.9741121], [121.548564, 24.9742656], [121.5483572, 24.9744453], [121.5482719, 24.9745865]]}}, {"type": "Feature", "properties": {"county": "台北市", "district": "文山區", "highway": "residential", "name": "寶興路"}, "geometry": {"type": "LineString", "coordinates": [[121.549188, 24.9732934], [121.5495734, 24.9728899], [121.5496422, 24.9727932], [121.5496774, 24.9726869], [121.5496914, 24.9724699], [121.5498197, 24.9722044], [121.5500382, 24.9720096]]}}, {"type": "Feature", "properties": {"county": "台北市", "district": "文山區", "highway": "residential", "name": "寶橋路78巷"}, "geometry": {"type": "LineString", "coordinates": [[121.5474183, 24.9738759], [121.5473968, 24.9738018], [121.5473201, 24.9736937]]}}, {"type": "Feature", "properties": {"county": "台北市", "district": "文山區", "highway": "residential", "name": "寶橋路78巷"}, "geometry": {"type": "LineString", "coordinates": [[121.5475274, 24.9737334], [121.5474183, 24.9738759]]}}, {"type": "Feature", "properties": {"county": "台北市", "district": "文山區", "highway": "motorway_link", "name": "木柵交流道"}, "geometry": {"type": "LineString", "coordinates": [[121.5969919, 24.9994948], [121.5970789, 24.9996989], [121.5971288, 24.9998283]]}}, {"type": "Feature", "properties": {"county": "台北市", "district": "文山區", "highway": "tertiary", "name": "中興路三段"}, "geometry": {"type": "LineString", "coordinates": [[121.5434982, 24.9828943], [121.5434648, 24.9829748]]}}, {"type": "Feature", "properties": {"county": "台北市", "district": "文山區", "highway": "unclassified", "name": "建國路"}, "geometry": {"type": "LineString", "coordinates": [[121.5369808, 24.9855153], [121.5369852, 24.9855523], [121.5369872, 24.9856273], [121.5369959, 24.9856702], [121.5370082, 24.9857872], [121.537074, 24.9860619], [121.5371732, 24.98635], [121.5373831, 24.9868545]]}}, {"type": "Feature", "properties": {"county": "台北市", "district": "文山區", "highway": "unclassified", "name": "建國路"}, "geometry": {"type": "LineString", "coordinates": [[121.5369804, 24.9854714], [121.5369808, 24.9855153]]}}, {"type": "Feature", "properties": {"county": "台北市", "district": "文山區", "highway": "tertiary", "name": "順安街"}, "geometry": {"type": "LineString", "coordinates": [[121.5408201, 24.9872896], [121.540827, 24.9868545], [121.5408256, 24.9867591]]}}, {"type": "Feature", "properties": {"county": "台北市", "district": "文山區", "highway": "primary", "name": "羅斯福路四段"}, "geometry": {"type": "LineString", "coordinates": [[121.5338382, 25.0153235], [121.5329887, 25.016144], [121.5329316, 25.0161992]]}}, {"type": "Feature", "properties": {"county": "台北市", "district": "文山區", "highway": "primary", "name": "北宜路四段"}, "geometry": {"type": "LineString", "coordinates": [[121.6102973, 24.957182], [121.610657, 24.95733], [121.611357, 24.9575595], [121.6115808, 24.9576551], [121.6117784, 24.9577631], [121.6119727, 24.9578573], [121.6121842, 24.9579596], [121.6123205, 24.9580861], [121.6123819, 24.9582422], [121.6123597, 24.9587179], [121.6123642, 24.9589645], [121.6123716, 24.9591944], [121.612402, 24.9594769], [121.6124303, 24.959796], [121.6124654, 24.9600147], [121.6125689, 24.9601799], [121.6128979, 24.9604728], [121.6131314, 24.9605975], [121.613764, 24.9609216], [121.6143172, 24.9612128], [121.6144582, 24.9612851], [121.6145628, 24.9613135], [121.6146914, 24.9613049], [121.6147912, 24.9612668], [121.6148545, 24.9612081], [121.6149153, 24.9611373], [121.6149412, 24.961053], [121.6149236, 24.9609255], [121.6148788, 24.960828], [121.614762, 24.9607089], [121.6139662, 24.9601143], [121.6135234, 24.9597329], [121.6133421, 24.9595792], [121.6132727, 24.9594672], [121.6132361, 24.9593521], [121.6132232, 24.9592085], [121.6132812, 24.9590478], [121.6133916, 24.9589435], [121.6135065, 24.95888], [121.6136282, 24.9588644], [121.6138226, 24.9588402], [121.6141533, 24.9588359], [121.6144991, 24.958807], [121.6148541, 24.9588321], [121.6149578, 24.9588501], [121.6151611, 24.9589289], [121.6152785, 24.9589789], [121.6154897, 24.9590687], [121.6158652, 24.9591842], [121.6163064, 24.9592803], [121.6165773, 24.9593532], [121.6167932, 24.9594164], [121.6171231, 24.9595741], [121.6173664, 24.9597306], [121.6175636, 24.9598227], [121.6177126, 24.9598365], [121.6178311, 24.9598158], [121.6179166, 24.9597607], [121.6180277, 24.9596639], [121.6181954, 24.9595009], [121.6183375, 24.9594256], [121.6185038, 24.9593623], [121.618699, 24.9592912], [121.6189095, 24.9592414], [121.6192663, 24.9591988], [121.6196082, 24.9591684], [121.6199931, 24.9591514], [121.6205564, 24.9591307], [121.620771, 24.9591052], [121.6208111, 24.9590877], [121.6208945, 24.9590513], [121.6210163, 24.9589767], [121.6210959, 24.9588946], [121.6211651, 24.9588108], [121.6212053, 24.958705], [121.6212255, 24.9585783], [121.6212458, 24.9583623], [121.6212529, 24.9582464], [121.621284, 24.9581031], [121.6213226, 24.9580324], [121.6213508, 24.9579809], [121.6215155, 24.9578625], [121.6217029, 24.9577759], [121.6218628, 24.9577556], [121.6219662, 24.9577612], [121.6222888, 24.9578143], [121.6225857, 24.9578702], [121.6228528, 24.9579051], [121.6229733, 24.9579112], [121.6230759, 24.9578947], [121.6231837, 24.9578457], [121.6232971, 24.9577679], [121.6233561, 24.9576851], [121.6234053, 24.957616], [121.6234854, 24.9574261], [121.6235224, 24.9572641], [121.6235901, 24.9570071], [121.6238118, 24.9565037], [121.6238536, 24.9563524]]}}, {"type": "Feature", "properties": {"county": "台北市", "district": "文山區", "highway": "residential", "name": "興隆路一段55巷27弄"}, "geometry": {"type": "LineString", "coordinates": [[121.5409029, 25.0043356], [121.5411602, 25.0043445], [121.5414656, 25.0043439], [121.5416305, 25.0043684], [121.541812, 25.0044212], [121.5420667, 25.0045133], [121.5422639, 25.0045836], [121.5423555, 25.0046095], [121.5424536, 25.0046412]]}}, {"type": "Feature", "properties": {"county": "台北市", "district": "文山區", "highway": "primary", "name": "羅斯福路六段"}, "geometry": {"type": "LineString", "coordinates": [[121.5412472, 24.9949298], [121.5412467, 24.9950151], [121.5412436, 24.9952655], [121.5412326, 24.9958213], [121.5412048, 24.9959397]]}}, {"type": "Feature", "properties": {"county": "台北市", "district": "文山區", "highway": "residential", "name": null}, "geometry": {"type": "LineString", "coordinates": [[121.6061332, 24.988356], [121.6062227, 24.9884587], [121.6063082, 24.9885744], [121.6063403, 24.9887145], [121.6063563, 24.9888018], [121.6063941, 24.9889995], [121.6064379, 24.9891151], [121.6065289, 24.989263], [121.606627, 24.9894224], [121.6066922, 24.9895532], [121.6067244, 24.9896603], [121.6067441, 24.9897683], [121.6067517, 24.9898445], [121.6067621, 24.989951], [121.6067668, 24.99003], [121.6067793, 24.9901134], [121.6068109, 24.9902434], [121.6068406, 24.9903469], [121.606905, 24.9904984], [121.606978, 24.9906255], [121.6073347, 24.9911731], [121.6074402, 24.9913275], [121.6075341, 24.9914668], [121.6075669, 24.9915161], [121.6075853, 24.9915976], [121.6076005, 24.9916589], [121.6076191, 24.9917811], [121.6076294, 24.9918324], [121.6076465, 24.991891], [121.6076791, 24.9919436], [121.6077429, 24.9920026], [121.6078066, 24.992056], [121.6078568, 24.9921218], [121.6078899, 24.9922023], [121.6079659, 24.9925067], [121.6080664, 24.9928814], [121.6081597, 24.9931285], [121.6082689, 24.9934073], [121.6084358, 24.9936553], [121.6085219, 24.9937639], [121.6086111, 24.993871], [121.6087344, 24.9940826], [121.6087866, 24.994187], [121.6088467, 24.9942813], [121.6089164, 24.9943996], [121.6089847, 24.9944934], [121.6090252, 24.9945353], [121.6090736, 24.9945715], [121.6091361, 24.994595], [121.6092687, 24.9946154], [121.6093973, 24.9946185], [121.6095453, 24.9946308], [121.6096918, 24.994646], [121.6100205, 24.9946405], [121.610162, 24.9947], [121.6103386, 24.9948094], [121.6104565, 24.9950079], [121.6105019, 24.9951472], [121.6105407, 24.9952865], [121.6106713, 24.9954511], [121.611131, 24.9960183], [121.6113514, 24.9962579], [121.611441, 24.9963329], [121.6115439, 24.9964059], [121.6115852, 24.9964804], [121.6117158, 24.9967071], [121.611716, 24.9967749], [121.6117029, 24.9968467], [121.6115688, 24.9969853], [121.6115065, 24.9971213], [121.6115044, 24.9971956], [121.6115561, 24.9972321], [121.6116962, 24.9972588], [121.6118835, 24.9972253], [121.611986, 24.9972126], [121.6120885, 24.9972139], [121.6121851, 24.997243], [121.6122312, 24.9972973], [121.6122445, 24.9974415], [121.6122313, 24.9975857], [121.6121857, 24.9977766], [121.6121805, 24.9978389], [121.6122464, 24.9980271], [121.6122482, 24.9981191]]}}, {"type": "Feature", "properties": {"county": "台北市", "district": "文山區", "highway": "residential", "name": null}, "geometry": {"type": "LineString", "coordinates": [[121.6059255, 24.9881586], [121.6059943, 24.9882085]]}}, {"type": "Feature", "properties": {"county": "台北市", "district": "文山區", "highway": "residential", "name": null}, "geometry": {"type": "LineString", "coordinates": [[121.6058975, 24.9881471], [121.6058859, 24.9881909]]}}, {"type": "Feature", "properties": {"county": "台北市", "district": "文山區", "highway": "residential", "name": null}, "geometry": {"type": "LineString", "coordinates": [[121.6058588, 24.9882835], [121.6058266, 24.9882762], [121.6057538, 24.9882929]]}}, {"type": "Feature", "properties": {"county": "台北市", "district": "文山區", "highway": "residential", "name": null}, "geometry": {"type": "LineString", "coordinates": [[121.6058588, 24.9882835], [121.6059006, 24.9883303], [121.6059588, 24.9884801]]}}, {"type": "Feature", "properties": {"county": "台北市", "district": "文山區", "highway": "residential", "name": null}, "geometry": {"type": "LineString", "coordinates": [[121.6121805, 24.9978389], [121.6121083, 24.9977949], [121.6119258, 24.997593], [121.611901, 24.9974332]]}}, {"type": "Feature", "properties": {"county": "台北市", "district": "文山區", "highway": "residential", "name": null}, "geometry": {"type": "LineString", "coordinates": [[121.6112246, 24.9981112], [121.6112153, 24.9979214], [121.6112495, 24.9978347], [121.6113638, 24.9977301]]}}, {"type": "Feature", "properties": {"county": "台北市", "district": "文山區", "highway": "residential", "name": "景華街121巷15弄"}, "geometry": {"type": "LineString", "coordinates": [[121.5463483, 24.9966776], [121.5459313, 24.9963554]]}}, {"type": "Feature", "properties": {"county": "台北市", "district": "文山區", "highway": "trunk", "name": "環河路"}, "geometry": {"type": "LineString", "coordinates": [[121.5331871, 24.9918083], [121.5330521, 24.9916709], [121.5322968, 24.9907658], [121.5317071, 24.9900142], [121.5312799, 24.9893841], [121.5310787, 24.9890912]]}}, {"type": "Feature", "properties": {"county": "台北市", "district": "文山區", "highway": "trunk", "name": "環河路"}, "geometry": {"type": "LineString", "coordinates": [[121.5332992, 24.9917021], [121.5333417, 24.9917765]]}}, {"type": "Feature", "properties": {"county": "台北市", "district": "文山區", "highway": "residential", "name": "景明街84巷"}, "geometry": {"type": "LineString", "coordinates": [[121.5403317, 25.0005546], [121.5405024, 25.0001785]]}}, {"type": "Feature", "properties": {"county": "台北市", "district": "文山區", "highway": "secondary", "name": "興隆路三段"}, "geometry": {"type": "LineString", "coordinates": [[121.5575044, 24.9993333], [121.5572762, 24.9994928], [121.5571678, 24.9995705], [121.5568222, 24.9997912], [121.5565884, 24.999936], [121.5560987, 25.000208], [121.5560424, 25.0002402], [121.5559999, 25.0002651], [121.555785, 25.0003754], [121.5555648, 25.0004984], [121.5552057, 25.0006615], [121.5549301, 25.0007696], [121.5547603, 25.000829], [121.5547095, 25.0008468], [121.5546332, 25.0008683]]}}, {"type": "Feature", "properties": {"county": "台北市", "district": "文山區", "highway": "residential", "name": "興隆路三段112巷"}, "geometry": {"type": "LineString", "coordinates": [[121.5575044, 24.9993333], [121.5574226, 24.9992884]]}}, {"type": "Feature", "properties": {"county": "台北市", "district": "文山區", "highway": "secondary", "name": "興隆路三段"}, "geometry": {"type": "LineString", "coordinates": [[121.5551695, 25.0005924], [121.5554439, 25.0004469], [121.5559466, 25.0001898], [121.5559874, 25.0001662], [121.5560412, 25.000138], [121.5567081, 24.9997734], [121.5570718, 24.9995298], [121.5574226, 24.9992884]]}}, {"type": "Feature", "properties": {"county": "台北市", "district": "文山區", "highway": "residential", "name": "興德路66巷"}, "geometry": {"type": "LineString", "coordinates": [[121.5568818, 25.0042991], [121.5568327, 25.0043212], [121.5567817, 25.0043444], [121.5567113, 25.004376]]}}, {"type": "Feature", "properties": {"county": "台北市", "district": "文山區", "highway": "tertiary", "name": "中正路"}, "geometry": {"type": "LineString", "coordinates": [[121.5340018, 24.9787953], [121.5340555, 24.9785187], [121.5341262, 24.9782979], [121.5341949, 24.9780835], [121.5342751, 24.9778749], [121.5343607, 24.9776726], [121.5344765, 24.9774381], [121.5347523, 24.9768796], [121.5349513, 24.9764764], [121.5350751, 24.9762832], [121.5351444, 24.9761749], [121.5353075, 24.9759929]]}}, {"type": "Feature", "properties": {"county": "台北市", "district": "文山區", "highway": "residential", "name": "順德街"}, "geometry": {"type": "LineString", "coordinates": [[121.5299799, 24.9793563], [121.5300147, 24.9793624], [121.5300389, 24.9793636], [121.5300849, 24.9793399], [121.5307205, 24.9789656], [121.5313567, 24.9786465], [121.5314213, 24.9786257], [121.5314818, 24.9786006], [121.5320857, 24.978344], [121.5321364, 24.9783132], [121.5321444, 24.9782871]]}}, {"type": "Feature", "properties": {"county": "台北市", "district": "文山區", "highway": "residential", "name": null}, "geometry": {"type": "LineString", "coordinates": [[121.6136696, 24.9781951], [121.6135593, 24.9782022], [121.6134667, 24.9781868], [121.6133128, 24.9781159], [121.6130571, 24.9780106], [121.6128536, 24.9780012]]}}, {"type": "Feature", "properties": {"county": "台北市", "district": "文山區", "highway": "residential", "name": null}, "geometry": {"type": "LineString", "coordinates": [[121.6162464, 24.9823065], [121.6163593, 24.9822594], [121.6163846, 24.9821835], [121.6163517, 24.982057], [121.6161969, 24.9818914], [121.6160268, 24.9816683], [121.6160192, 24.9815809], [121.6160268, 24.9814497], [121.6159888, 24.981337], [121.616004, 24.9812174], [121.6164126, 24.9808379], [121.6164633, 24.980946], [121.6164557, 24.9810541], [121.6163009, 24.981176], [121.6162628, 24.9812818], [121.6162777, 24.9814168], [121.6163999, 24.981689]]}}, {"type": "Feature", "properties": {"county": "台北市", "district": "文山區", "highway": "secondary_link", "name": null}, "geometry": {"type": "LineString", "coordinates": [[121.5520017, 24.9962577], [121.5519695, 24.9963397], [121.5519381, 24.9963619], [121.5518821, 24.9963789], [121.5518349, 24.9963729], [121.5517637, 24.9963436], [121.551719, 24.9962714]]}}, {"type": "Feature", "properties": {"county": "台北市", "district": "文山區", "highway": "residential", "name": "和平東路三段631巷"}, "geometry": {"type": "LineString", "coordinates": [[121.5632155, 25.0132689], [121.5633029, 25.0132879], [121.5634863, 25.013314], [121.5636808, 25.0133198], [121.5637865, 25.0133066], [121.563946, 25.013259], [121.5640983, 25.0131505], [121.5644151, 25.012844], [121.5645153, 25.0127413], [121.5646702, 25.0126107], [121.564789, 25.0124263], [121.5648331, 25.0123683], [121.5649103, 25.0122114], [121.5649491, 25.0121591], [121.564999, 25.0121424], [121.56509, 25.0121388], [121.5652488, 25.0121495], [121.5653595, 25.0120847], [121.5655527, 25.0120045], [121.5657195, 25.0119436], [121.5658802, 25.011928], [121.5660297, 25.0119537], [121.5661722, 25.0119422], [121.5663235, 25.0119194], [121.5663895, 25.0119243], [121.5665051, 25.0119676], [121.5665963, 25.0120096], [121.5667498, 25.0120876], [121.5668618, 25.0121065], [121.5670375, 25.0120937], [121.5671197, 25.012099], [121.5671597, 25.0121089], [121.5674109, 25.0121816], [121.5676038, 25.0122198], [121.5677478, 25.0122102], [121.5682585, 25.0120814], [121.5683214, 25.0120738], [121.5683762, 25.0120782], [121.5685088, 25.0122077], [121.5685874, 25.0122492], [121.5686317, 25.0122606], [121.5686549, 25.0122666], [121.5687606, 25.0122582], [121.5689539, 25.0122271], [121.5690729, 25.0122084], [121.5693369, 25.012164], [121.5694056, 25.0121722], [121.5694817, 25.0122046]]}}, {"type": "Feature", "properties": {"county": "台北市", "district": "文山區", "highway": "residential", "name": "興隆路一段70巷9弄"}, "geometry": {"type": "LineString", "coordinates": [[121.5406717, 25.0029111], [121.5409261, 25.0030438]]}}, {"type": "Feature", "properties": {"county": "台北市", "district": "文山區", "highway": "residential", "name": "興隆路一段70巷9弄"}, "geometry": {"type": "LineString", "coordinates": [[121.5405084, 25.003155], [121.5407787, 25.00329]]}}, {"type": "Feature", "properties": {"county": "台北市", "district": "文山區", "highway": "residential", "name": "興隆路一段70巷9弄"}, "geometry": {"type": "LineString", "coordinates": [[121.5404894, 25.0029581], [121.5406032, 25.0030144]]}}, {"type": "Feature", "properties": {"county": "台北市", "district": "文山區", "highway": "residential", "name": "興隆路一段70巷11弄"}, "geometry": {"type": "LineString", "coordinates": [[121.5405994, 25.0021342], [121.5408246, 25.0022317], [121.5410344, 25.0023288]]}}, {"type": "Feature", "properties": {"county": "台北市", "district": "文山區", "highway": "motorway", "name": "台北聯絡線"}, "geometry": {"type": "LineString", "coordinates": [[121.5868894, 25.0036408], [121.5900819, 25.0027713], [121.5917272, 25.0023739]]}}, {"type": "Feature", "properties": {"county": "台北市", "district": "文山區", "highway": "motorway", "name": "台北聯絡線"}, "geometry": {"type": "LineString", "coordinates": [[121.5863704, 25.0037697], [121.5868894, 25.0036408]]}}, {"type": "Feature", "properties": {"county": "台北市", "district": "文山區", "highway": "motorway", "name": "台北聯絡線"}, "geometry": {"type": "LineString", "coordinates": [[121.5863444, 25.0038623], [121.5860563, 25.003927], [121.5856317, 25.0040028]]}}, {"type": "Feature", "properties": {"county": "台北市", "district": "文山區", "highway": "motorway", "name": "台北聯絡線"}, "geometry": {"type": "LineString", "coordinates": [[121.5868121, 25.0037538], [121.5863444, 25.0038623]]}}, {"type": "Feature", "properties": {"county": "台北市", "district": "文山區", "highway": "residential", "name": "木柵路四段149巷"}, "geometry": {"type": "LineString", "coordinates": [[121.5749524, 24.9986326], [121.5750073, 24.9985852]]}}, {"type": "Feature", "properties": {"county": "台北市", "district": "文山區", "highway": "residential", "name": "木柵路"}, "geometry": {"type": "LineString", "coordinates": [[121.5741035, 24.9978092], [121.574161, 24.9977557]]}}, {"type": "Feature", "properties": {"county": "台北市", "district": "文山區", "highway": "unclassified", "name": "指南路3段40巷"}, "geometry": {"type": "LineString", "coordinates": [[121.5946443, 24.9728694], [121.5946261, 24.972822], [121.5946231, 24.9727703], [121.594611, 24.972749], [121.5945715, 24.9727387], [121.5943066, 24.9728292]]}}, {"type": "Feature", "properties": {"county": "台北市", "district": "文山區", "highway": "unclassified", "name": "指南路3段40巷"}, "geometry": {"type": "LineString", "coordinates": [[121.5947005, 24.9730153], [121.5946443, 24.9728694]]}}, {"type": "Feature", "properties": {"county": "台北市", "district": "文山區", "highway": "unclassified", "name": "老泉街26巷"}, "geometry": {"type": "LineString", "coordinates": [[121.5688696, 24.9673591], [121.5689432, 24.9672566], [121.5690799, 24.9670566], [121.56914, 24.9669083], [121.5691871, 24.966815], [121.5692434, 24.966776], [121.5693142, 24.9667999], [121.5693939, 24.9668514]]}}, {"type": "Feature", "properties": {"county": "台北市", "district": "文山區", "highway": "unclassified", "name": "指南路三段34巷"}, "geometry": {"type": "LineString", "coordinates": [[121.5832727, 24.9659961], [121.5830907, 24.9659133], [121.5830001, 24.9658562], [121.5829261, 24.9658254], [121.5828693, 24.9658349], [121.582749, 24.9659172], [121.582658, 24.9660354], [121.5825724, 24.9661187], [121.5824718, 24.9661703], [121.5822363, 24.9662571], [121.5821825, 24.9663013], [121.5820978, 24.9664807], [121.5819949, 24.9667161], [121.5819004, 24.9668256], [121.581874, 24.9668418], [121.5817581, 24.9669125], [121.58161, 24.9669325], [121.5814469, 24.9669519], [121.5813231, 24.9669494], [121.5811823, 24.966946], [121.5810764, 24.9670041], [121.5810105, 24.9670711], [121.5809928, 24.9671192], [121.5809988, 24.967218], [121.5809598, 24.9673454], [121.5808179, 24.9677731], [121.5806683, 24.9680137]]}}, {"type": "Feature", "properties": {"county": "台北市", "district": "文山區", "highway": "unclassified", "name": "指南路三段34巷"}, "geometry": {"type": "LineString", "coordinates": [[121.5806683, 24.9680137], [121.5805669, 24.9683833], [121.580558, 24.9685868], [121.5806232, 24.9688005], [121.5806544, 24.9690241], [121.580632, 24.9691865], [121.580584, 24.9692957], [121.5805238, 24.9693641], [121.5804785, 24.9694038], [121.5803127, 24.9695284], [121.5802317, 24.9696943], [121.5802059, 24.9698213], [121.5802119, 24.9699228], [121.5802171, 24.9700111], [121.5802133, 24.9701495], [121.5801797, 24.9702815], [121.5801305, 24.9703791], [121.5799651, 24.9705454], [121.5798962, 24.9706112]]}}, {"type": "Feature", "properties": {"county": "台北市", "district": "文山區", "highway": "unclassified", "name": "指南路三段38巷"}, "geometry": {"type": "LineString", "coordinates": [[121.5881699, 24.968323], [121.588215, 24.9683024], [121.5883593, 24.9682351], [121.5885068, 24.9681208], [121.5886315, 24.968009], [121.5888808, 24.9677955], [121.5890909, 24.9676179], [121.5891429, 24.967568], [121.5893527, 24.9673662], [121.5893909, 24.9672844], [121.5894174, 24.9672072], [121.5894406, 24.9670427], [121.589447, 24.9669233], [121.5894695, 24.9668273], [121.589523, 24.9667345], [121.5895817, 24.9666862], [121.5896696, 24.9666667], [121.5897791, 24.9666881], [121.5898684, 24.9667234], [121.5899807, 24.9667996], [121.5900793, 24.9668583], [121.5901765, 24.9669591], [121.5902741, 24.9670236], [121.5903366, 24.9670359], [121.5903925, 24.9670419], [121.5905374, 24.9670253], [121.5906573, 24.9670187], [121.5907818, 24.9670271], [121.5909059, 24.9670445], [121.5910652, 24.9670881], [121.5912818, 24.9671569], [121.5914236, 24.9671991], [121.5914958, 24.9672425], [121.5915312, 24.9672763], [121.5915666, 24.9673348], [121.5915887, 24.9673902], [121.5915913, 24.967513], [121.5915867, 24.9676169], [121.5915967, 24.9677111], [121.5916418, 24.9678394], [121.5918505, 24.9684354], [121.5918634, 24.968541], [121.5918552, 24.9685837], [121.5918314, 24.9687549], [121.5918249, 24.9688267], [121.5918406, 24.9688942], [121.5918552, 24.969036], [121.5918666, 24.9691876], [121.5918308, 24.96937], [121.5915555, 24.9698852], [121.5915095, 24.9700199], [121.5914769, 24.970154], [121.5914755, 24.9702057], [121.5914907, 24.9702451], [121.5915652, 24.9702851], [121.5917415, 24.970353], [121.5919062, 24.9704295], [121.5919843, 24.9704873], [121.5923108, 24.9707445], [121.5923652, 24.970762], [121.5924329, 24.9707633], [121.5925053, 24.9707341], [121.5925395, 24.9706922], [121.5926106, 24.9706168], [121.5926501, 24.9705705], [121.5926864, 24.9705511], [121.5927293, 24.9705511], [121.5928251, 24.9705682], [121.5930183, 24.9706314], [121.5930847, 24.9706466], [121.5931705, 24.9706477], [121.5932576, 24.9706332], [121.59342, 24.9705833], [121.5935172, 24.9705323]]}}, {"type": "Feature", "properties": {"county": "台北市", "district": "文山區", "highway": "residential", "name": null}, "geometry": {"type": "LineString", "coordinates": [[121.599347, 24.9834418], [121.5994249, 24.9834609], [121.599463, 24.9835427], [121.5994817, 24.9835978], [121.5995081, 24.9836596], [121.5995282, 24.9836931]]}}, {"type": "Feature", "properties": {"county": "台北市", "district": "文山區", "highway": "unclassified", "name": "指南路三段"}, "geometry": {"type": "LineString", "coordinates": [[121.6090772, 24.9701572], [121.6094559, 24.9701502], [121.6096052, 24.970162], [121.609697, 24.9701938], [121.609863, 24.9702655], [121.6099696, 24.9702887], [121.6100477, 24.970278], [121.6101247, 24.9702604], [121.6103229, 24.970139], [121.6104039, 24.9701018], [121.6108373, 24.9699031], [121.6109719, 24.9698567], [121.6110157, 24.9698612], [121.6110574, 24.9698817], [121.6110722, 24.9699167], [121.6110646, 24.9699517], [121.611047, 24.9699898], [121.6109664, 24.9701136], [121.6108793, 24.9702464], [121.6108906, 24.9702897], [121.6109107, 24.970321], [121.6109783, 24.9703602], [121.6110536, 24.9703993], [121.6111844, 24.9704797], [121.6113212, 24.9705672], [121.6114503, 24.9706305], [121.6115117, 24.9706578], [121.6115857, 24.9706575], [121.6116576, 24.9706573], [121.6117902, 24.9706588], [121.6120855, 24.9707573], [121.6121829, 24.9707968], [121.612268, 24.9707993], [121.6123368, 24.9707723], [121.6123992, 24.970736], [121.6124683, 24.9707118], [121.6126064, 24.9706813], [121.6128583, 24.9706824], [121.6130153, 24.9706607], [121.6132079, 24.9705811], [121.6133739, 24.9705766], [121.6135267, 24.9705641], [121.6136527, 24.9705577], [121.6137919, 24.9705774], [121.6140704, 24.9706187], [121.6142794, 24.97061], [121.6145005, 24.9705913], [121.6146046, 24.9706047], [121.6146494, 24.9706232], [121.6146887, 24.9706528], [121.6147164, 24.9706763], [121.6147396, 24.9707018], [121.6147949, 24.9707628]]}}, {"type": "Feature", "properties": {"county": "台北市", "district": "文山區", "highway": "residential", "name": "育英街31巷24弄"}, "geometry": {"type": "LineString", "coordinates": [[121.5378648, 24.9904555], [121.5374999, 24.9905714]]}}, {"type": "Feature", "properties": {"county": "台北市", "district": "文山區", "highway": "residential", "name": "興隆路一段125巷"}, "geometry": {"type": "LineString", "coordinates": [[121.5421341, 25.0024653], [121.5421489, 25.0024941]]}}, {"type": "Feature", "properties": {"county": "台北市", "district": "文山區", "highway": "residential", "name": null}, "geometry": {"type": "LineString", "coordinates": [[121.5431775, 25.0006886], [121.5432223, 25.0007175], [121.5434593, 25.0008971]]}}, {"type": "Feature", "properties": {"county": "台北市", "district": "文山區", "highway": "residential", "name": "興隆路一段102巷"}, "geometry": {"type": "LineString", "coordinates": [[121.5411686, 25.0021028], [121.541445, 25.0022656]]}}, {"type": "Feature", "properties": {"county": "台北市", "district": "文山區", "highway": "residential", "name": null}, "geometry": {"type": "LineString", "coordinates": [[121.5402689, 25.001566], [121.5401828, 25.0016357]]}}, {"type": "Feature", "properties": {"county": "台北市", "district": "文山區", "highway": "residential", "name": null}, "geometry": {"type": "LineString", "coordinates": [[121.5407549, 25.0018548], [121.5404419, 25.0017118], [121.540427, 25.001706]]}}, {"type": "Feature", "properties": {"county": "台北市", "district": "文山區", "highway": "residential", "name": "保儀路109巷3弄"}, "geometry": {"type": "LineString", "coordinates": [[121.5685854, 24.9862904], [121.5680961, 24.9862959], [121.5680316, 24.9863363], [121.5679845, 24.9863657]]}}, {"type": "Feature", "properties": {"county": "台北市", "district": "文山區", "highway": "residential", "name": null}, "geometry": {"type": "LineString", "coordinates": [[121.5402272, 25.0004875], [121.5403033, 25.0006229]]}}, {"type": "Feature", "properties": {"county": "台北市", "district": "文山區", "highway": "unclassified", "name": "指南路三段38巷"}, "geometry": {"type": "LineString", "coordinates": [[121.5879784, 24.9683628], [121.5880837, 24.9683509], [121.5881552, 24.9683278], [121.5881699, 24.968323]]}}, {"type": "Feature", "properties": {"county": "台北市", "district": "文山區", "highway": "unclassified", "name": "指南路三段38巷"}, "geometry": {"type": "LineString", "coordinates": [[121.5875069, 24.9672332], [121.5874682, 24.967216]]}}, {"type": "Feature", "properties": {"county": "台北市", "district": "文山區", "highway": "unclassified", "name": "指南路三段38巷"}, "geometry": {"type": "LineString", "coordinates": [[121.5879784, 24.9683628], [121.5879094, 24.9682333], [121.5878134, 24.9680881], [121.5877712, 24.9680005], [121.5877753, 24.9678577], [121.5878168, 24.9676546], [121.587845, 24.96755], [121.5878547, 24.9674528], [121.587788, 24.967349], [121.5877132, 24.9673022], [121.5875069, 24.9672332]]}}, {"type": "Feature", "properties": {"county": "台北市", "district": "文山區", "highway": "unclassified", "name": "指南路三段34巷"}, "geometry": {"type": "LineString", "coordinates": [[121.5799866, 24.9711086], [121.5799327, 24.9708736], [121.5798962, 24.9706112]]}}, {"type": "Feature", "properties": {"county": "台北市", "district": "文山區", "highway": "unclassified", "name": "指南路三段34巷"}, "geometry": {"type": "LineString", "coordinates": [[121.5804927, 24.9707532], [121.5803641, 24.9709704], [121.5803224, 24.9710129], [121.5802376, 24.9710768], [121.5800989, 24.971117], [121.5799866, 24.9711086]]}}, {"type": "Feature", "properties": {"county": "台北市", "district": "文山區", "highway": "unclassified", "name": "指南路三段38巷"}, "geometry": {"type": "LineString", "coordinates": [[121.5833986, 24.9660452], [121.5832727, 24.9659961]]}}, {"type": "Feature", "properties": {"county": "台北市", "district": "文山區", "highway": "tertiary", "name": "指南路三段"}, "geometry": {"type": "LineString", "coordinates": [[121.5825176, 24.9793911], [121.5825174, 24.97927], [121.5824955, 24.9791395], [121.5823998, 24.9787672], [121.5823865, 24.9786837], [121.5824366, 24.9782026], [121.5824817, 24.9780748], [121.5825176, 24.9780178], [121.5827086, 24.9778268], [121.5828002, 24.9777782], [121.5829874, 24.9777305], [121.5830763, 24.9777326], [121.5831227, 24.9777265], [121.5833211, 24.9776206], [121.5835805, 24.9775124], [121.5836098, 24.9774884], [121.5836478, 24.9774436], [121.5837284, 24.9772631], [121.5837731, 24.9772105], [121.5839861, 24.977033], [121.5840982, 24.9769597], [121.5843526, 24.9768389], [121.5845329, 24.9767715], [121.5846667, 24.9767284], [121.5849279, 24.9766586], [121.585105, 24.9766265], [121.585253, 24.9765896], [121.5853208, 24.9765824], [121.5854124, 24.9765845], [121.5858554, 24.9765986], [121.5859662, 24.9766138], [121.5861384, 24.9766588], [121.5862199, 24.976658], [121.5864376, 24.976613], [121.5867759, 24.9764701], [121.5868387, 24.9764557], [121.5869647, 24.9764502], [121.5870823, 24.9764312], [121.5879014, 24.9762276], [121.5879944, 24.9762247], [121.5880718, 24.976236], [121.5883715, 24.9763496], [121.588407, 24.9763756], [121.5885613, 24.9765645], [121.5886062, 24.9766016], [121.5886599, 24.9766295], [121.5887108, 24.9766441], [121.5887671, 24.9766439], [121.5888234, 24.976628], [121.5888628, 24.9765957], [121.5888848, 24.9765547], [121.5889057, 24.976467], [121.5889187, 24.9763942], [121.5889381, 24.976336], [121.5889674, 24.9763063], [121.5890582, 24.9762736], [121.5891274, 24.9762436], [121.5892296, 24.9762186], [121.589368, 24.9762078], [121.5894125, 24.976198], [121.5894347, 24.9761878], [121.5895605, 24.9761021], [121.5899352, 24.9757857], [121.5902098, 24.9756068]]}}, {"type": "Feature", "properties": {"county": "台北市", "district": "文山區", "highway": "residential", "name": "興順街"}, "geometry": {"type": "LineString", "coordinates": [[121.5432489, 25.0006134], [121.543308, 25.0006437]]}}, {"type": "Feature", "properties": {"county": "台北市", "district": "文山區", "highway": "unclassified", "name": "和平東路四段66巷"}, "geometry": {"type": "LineString", "coordinates": [[121.565538, 25.0071246], [121.56561, 25.0070838], [121.5660027, 25.0068249], [121.5660735, 25.0067673], [121.5661292, 25.0067133], [121.5661749, 25.0066436], [121.5662111, 25.0065694], [121.5662284, 25.0064911], [121.5662337, 25.0064261], [121.5662527, 25.0059497], [121.5662608, 25.0058596], [121.5662742, 25.0057922], [121.5662949, 25.0057289], [121.5663196, 25.0056757], [121.5663533, 25.0056293], [121.5663922, 25.0055886], [121.566441, 25.0055511], [121.5665015, 25.0055217], [121.5665498, 25.0055102], [121.566594, 25.0055072], [121.566645, 25.0055126], [121.5667265, 25.0055309], [121.5667969, 25.0055394], [121.5668669, 25.0055419], [121.5669819, 25.0055468], [121.5670654, 25.005573]]}}, {"type": "Feature", "properties": {"county": "台北市", "district": "文山區", "highway": "residential", "name": null}, "geometry": {"type": "LineString", "coordinates": [[121.6059943, 24.9882085], [121.6061332, 24.988356]]}}, {"type": "Feature", "properties": {"county": "台北市", "district": "文山區", "highway": "residential", "name": null}, "geometry": {"type": "LineString", "coordinates": [[121.6059255, 24.9881586], [121.6058975, 24.9881471], [121.6058212, 24.9881142], [121.6057372, 24.9881005], [121.6056764, 24.9880877], [121.6056146, 24.9880705], [121.6055584, 24.9880397], [121.6054507, 24.9879258], [121.6053784, 24.9878439], [121.6053704, 24.9878184], [121.6052676, 24.9877348], [121.6052327, 24.987709], [121.6051495, 24.9876717], [121.6050316, 24.9877077], [121.6049055, 24.9876843], [121.6048467, 24.9876548], [121.6047973, 24.9876136], [121.6047518, 24.9875506], [121.6047202, 24.9874918], [121.6047059, 24.9874164], [121.6047022, 24.9873587], [121.6047274, 24.9872756], [121.6047621, 24.9871844], [121.6048167, 24.9870952], [121.6047126, 24.9870734], [121.6046402, 24.9870577], [121.604513, 24.9870518], [121.6044431, 24.9870536], [121.6043771, 24.9870676], [121.6043506, 24.9870862], [121.6043298, 24.9871117], [121.604274, 24.9872059], [121.6042338, 24.9872462], [121.6041879, 24.9872875], [121.6041143, 24.9873147], [121.6040436, 24.9873237], [121.6039767, 24.9873202], [121.6039098, 24.9873079], [121.6038318, 24.9872817], [121.6036757, 24.9871898], [121.6035042, 24.9871014], [121.6034693, 24.9870666], [121.6034577, 24.9870395], [121.6034577, 24.9870003], [121.603475, 24.9869518], [121.6035, 24.9869121], [121.6035453, 24.9868825], [121.6036157, 24.98686], [121.6037256, 24.9868061], [121.6037744, 24.9867721], [121.603803, 24.9867355], [121.6038144, 24.986677], [121.6038031, 24.9865945], [121.6037907, 24.986499], [121.6038018, 24.9864253], [121.6038341, 24.9863672], [121.6038868, 24.9863089], [121.6039443, 24.9862568], [121.6042569, 24.98605], [121.6043979, 24.9860315], [121.604487, 24.9860148], [121.6045761, 24.9859886], [121.6046676, 24.9859443], [121.6047707, 24.9858982], [121.6048636, 24.9858645], [121.6049454, 24.9858232], [121.6050059, 24.9857602]]}}, {"type": "Feature", "properties": {"county": "台北市", "district": "文山區", "highway": "residential", "name": null}, "geometry": {"type": "LineString", "coordinates": [[121.6058859, 24.9881909], [121.6058588, 24.9882835]]}}, {"type": "Feature", "properties": {"county": "台北市", "district": "文山區", "highway": "secondary_link", "name": null}, "geometry": {"type": "LineString", "coordinates": [[121.58141, 25.0021083], [121.5814196, 25.0021474], [121.581424, 25.0021964], [121.581411, 25.0022246]]}}, {"type": "Feature", "properties": {"county": "台北市", "district": "文山區", "highway": "unclassified", "name": "指南路三段40巷"}, "geometry": {"type": "LineString", "coordinates": [[121.595262, 24.9689084], [121.5953956, 24.9688559], [121.5954417, 24.9688309], [121.5955174, 24.968764], [121.5955287, 24.9686951]]}}, {"type": "Feature", "properties": {"county": "台北市", "district": "文山區", "highway": "unclassified", "name": "指南路3段40巷"}, "geometry": {"type": "LineString", "coordinates": [[121.5937255, 24.9739695], [121.5937801, 24.9738793], [121.5941208, 24.9737046], [121.5941533, 24.9736304], [121.5942525, 24.973582]]}}, {"type": "Feature", "properties": {"county": "台北市", "district": "文山區", "highway": "tertiary", "name": "指南路三段"}, "geometry": {"type": "LineString", "coordinates": [[121.5902098, 24.9756068], [121.5903322, 24.9755269], [121.5906685, 24.9754573], [121.5907868, 24.9753154], [121.5910116, 24.975107], [121.5911493, 24.9749421], [121.5914035, 24.9748547], [121.5915436, 24.974746], [121.5918124, 24.9746294], [121.5921163, 24.974546], [121.5923601, 24.9744769], [121.5924729, 24.9744032], [121.5926824, 24.9742204], [121.5929044, 24.974203], [121.5931553, 24.9742132], [121.5934381, 24.9741048], [121.5937255, 24.9739695]]}}, {"type": "Feature", "properties": {"county": "台北市", "district": "文山區", "highway": "motorway_link", "name": "萬芳交流道"}, "geometry": {"type": "LineString", "coordinates": [[121.578762, 25.0067887], [121.5781071, 25.0067369], [121.5777265, 25.0067138], [121.5773676, 25.0067049], [121.5769276, 25.0067303], [121.5765623, 25.0067746], [121.5762368, 25.0068314], [121.5759301, 25.0069048], [121.5755556, 25.0070091], [121.575445, 25.0070418], [121.5749971, 25.0071868], [121.5748129, 25.0072397], [121.5742708, 25.0073568]]}}, {"type": "Feature", "properties": {"county": "台北市", "district": "文山區", "highway": "unclassified", "name": "和平東路三段636巷"}, "geometry": {"type": "LineString", "coordinates": [[121.5643796, 25.0077065], [121.564606, 25.0075944], [121.5648628, 25.0075054], [121.5650666, 25.0074155], [121.5654022, 25.0072105], [121.5654578, 25.0071782], [121.565538, 25.0071246]]}}, {"type": "Feature", "properties": {"county": "台北市", "district": "文山區", "highway": "residential", "name": "和平東路四段66巷80弄"}, "geometry": {"type": "LineString", "coordinates": [[121.565538, 25.0071246], [121.5655753, 25.0071924], [121.5656974, 25.0073501], [121.5657976, 25.0074431], [121.5658424, 25.0075276], [121.5659058, 25.0075859], [121.5661487, 25.0077546], [121.5661717, 25.0078649], [121.5662179, 25.0080242], [121.5662835, 25.0081641]]}}, {"type": "Feature", "properties": {"county": "台北市", "district": "文山區", "highway": "unclassified", "name": "木柵路四段159巷"}, "geometry": {"type": "LineString", "coordinates": [[121.5711234, 25.0112971], [121.5712012, 25.0112832], [121.5713277, 25.0112933], [121.5715006, 25.0112606], [121.5715638, 25.011254], [121.5716128, 25.0112644], [121.5716911, 25.0113319], [121.5717628, 25.0113993], [121.5718162, 25.0114208], [121.5718909, 25.0114144], [121.5719424, 25.0113767], [121.5720216, 25.011312], [121.5721001, 25.0113177], [121.5721863, 25.0113556], [121.572283, 25.0114254], [121.572319, 25.0114605], [121.5723507, 25.0115763], [121.5723551, 25.0116341], [121.5723592, 25.0116903], [121.5723832, 25.0117323], [121.5724265, 25.0117789], [121.572448, 25.0118139], [121.5724341, 25.0118849], [121.5724047, 25.0119655], [121.5723666, 25.0120367], [121.572321, 25.0121387], [121.5723176, 25.0122957], [121.5723021, 25.0124329], [121.5723171, 25.0124788], [121.5723794, 25.0125351], [121.5724355, 25.012587], [121.5725499, 25.0126754], [121.5726217, 25.0127932], [121.5726752, 25.0128541], [121.5727437, 25.0128862], [121.5727972, 25.0128816], [121.5728772, 25.012842], [121.5729282, 25.0128008], [121.5729984, 25.0127061], [121.5730533, 25.0126248], [121.5731058, 25.0126043], [121.5731999, 25.012606], [121.5733016, 25.0126332], [121.5733769, 25.0126505], [121.5734807, 25.0127072], [121.5735674, 25.0127973], [121.5736374, 25.0128477], [121.5736857, 25.0128968], [121.5737503, 25.0129353], [121.5737948, 25.0129481], [121.5738639, 25.0129427], [121.57393, 25.0129301], [121.5739936, 25.0128941], [121.5740858, 25.0128522]]}}, {"type": "Feature", "properties": {"county": "台北市", "district": "文山區", "highway": "unclassified", "name": "木柵路四段159巷"}, "geometry": {"type": "LineString", "coordinates": [[121.5740858, 25.0128522], [121.5741327, 25.0128301], [121.5741728, 25.0127767], [121.5741953, 25.0126731], [121.5742125, 25.0126036], [121.5742316, 25.0125806], [121.5742639, 25.0125574], [121.5744252, 25.0125021], [121.5745505, 25.0124691], [121.5746279, 25.012422], [121.5746827, 25.0123817], [121.5747752, 25.01219], [121.5748069, 25.0118866], [121.5747988, 25.0118113], [121.5746803, 25.011643], [121.574647, 25.0115462], [121.5746785, 25.0114511], [121.5747199, 25.0114268], [121.5747922, 25.0114209], [121.5749928, 25.0114791], [121.5750571, 25.0114814], [121.5751027, 25.0114538], [121.5751658, 25.0114076], [121.575261, 25.011314], [121.5753621, 25.0112238], [121.5754246, 25.0111712], [121.5755252, 25.0111396], [121.575585, 25.0111334], [121.5758551, 25.0111796], [121.5759033, 25.0112145], [121.5759217, 25.0112449], [121.5760192, 25.0115001], [121.5760634, 25.0115988], [121.576065, 25.0116902], [121.5760147, 25.0117656], [121.5759953, 25.0118567], [121.5760597, 25.0119782], [121.5761294, 25.0120621], [121.5762222, 25.0121117], [121.5762977, 25.0121287], [121.5763935, 25.0121254], [121.5765343, 25.0120947], [121.5766436, 25.0120628], [121.5767435, 25.0120021], [121.5768804, 25.0118494], [121.5769434, 25.0117534], [121.5770131, 25.011712], [121.5771137, 25.0117267], [121.5771748, 25.0117692], [121.577219, 25.0118124], [121.5773069, 25.0118433], [121.5774839, 25.0118227], [121.5776267, 25.011782], [121.5776864, 25.011723], [121.5777128, 25.0116562], [121.5777467, 25.011548], [121.5777803, 25.0115167], [121.5778259, 25.0115083], [121.5778684, 25.0115249], [121.5779549, 25.0115842], [121.5780816, 25.0116341], [121.5784152, 25.0117314], [121.5786292, 25.0118263], [121.5788015, 25.0119272], [121.5789309, 25.0119891]]}}, {"type": "Feature", "properties": {"county": "台北市", "district": "文山區", "highway": "residential", "name": "紫雲街"}, "geometry": {"type": "LineString", "coordinates": [[121.5768358, 25.0154715], [121.5769001, 25.015467], [121.5769588, 25.0154855], [121.5770293, 25.0155584], [121.577121, 25.0156061], [121.5771562, 25.0156422], [121.5771713, 25.0156942], [121.5771603, 25.0157515], [121.5772441, 25.0163555]]}}, {"type": "Feature", "properties": {"county": "台北市", "district": "文山區", "highway": "unclassified", "name": "老泉街45巷"}, "geometry": {"type": "LineString", "coordinates": [[121.5715852, 24.9769705], [121.5715554, 24.9770157], [121.5714558, 24.9770832]]}}, {"type": "Feature", "properties": {"county": "台北市", "district": "文山區", "highway": "unclassified", "name": "老泉街45巷"}, "geometry": {"type": "LineString", "coordinates": [[121.5715213, 24.9756962], [121.571669, 24.9762217], [121.5716765, 24.9765227], [121.5715852, 24.9769705]]}}, {"type": "Feature", "properties": {"county": "台北市", "district": "文山區", "highway": "unclassified", "name": "老泉街45巷"}, "geometry": {"type": "LineString", "coordinates": [[121.571462, 24.9756624], [121.5715213, 24.9756962]]}}, {"type": "Feature", "properties": {"county": "台北市", "district": "文山區", "highway": "unclassified", "name": "老泉街45巷"}, "geometry": {"type": "LineString", "coordinates": [[121.5714486, 24.9757073], [121.571462, 24.9756624]]}}, {"type": "Feature", "properties": {"county": "台北市", "district": "文山區", "highway": "unclassified", "name": "老泉街45巷"}, "geometry": {"type": "LineString", "coordinates": [[121.5682, 24.9782228], [121.5682605, 24.9782201], [121.5683547, 24.978174], [121.5684396, 24.9781032], [121.5685435, 24.9779799], [121.5686408, 24.9778978], [121.5688199, 24.9777684], [121.5689698, 24.9776586], [121.5692031, 24.9775182], [121.5694629, 24.977438], [121.5697892, 24.9773745], [121.5711606, 24.9771926], [121.5712643, 24.9771769], [121.5713381, 24.9771631], [121.5714558, 24.9770832]]}}, {"type": "Feature", "properties": {"county": "台北市", "district": "文山區", "highway": "residential", "name": "辛亥路四段222巷"}, "geometry": {"type": "LineString", "coordinates": [[121.5554621, 25.0021926], [121.5553967, 25.0022258]]}}, {"type": "Feature", "properties": {"county": "台北市", "district": "文山區", "highway": "residential", "name": "興隆路二段25巷"}, "geometry": {"type": "LineString", "coordinates": [[121.5452812, 24.9996141], [121.5451876, 24.9995424], [121.5450776, 24.9993203]]}}, {"type": "Feature", "properties": {"county": "台北市", "district": "文山區", "highway": "residential", "name": null}, "geometry": {"type": "LineString", "coordinates": [[121.5452505, 25.0005602], [121.5448935, 25.0004172], [121.5448779, 25.0004109]]}}, {"type": "Feature", "properties": {"county": "台北市", "district": "文山區", "highway": "residential", "name": "景豐街48巷"}, "geometry": {"type": "LineString", "coordinates": [[121.5447187, 25.0016902], [121.5448928, 25.0017555], [121.5457417, 25.0020566]]}}, {"type": "Feature", "properties": {"county": "台北市", "district": "文山區", "highway": "residential", "name": null}, "geometry": {"type": "LineString", "coordinates": [[121.5477634, 25.0013558], [121.5476979, 25.0013365], [121.5476469, 25.0013085]]}}, {"type": "Feature", "properties": {"county": "台北市", "district": "文山區", "highway": "unclassified", "name": "老泉街"}, "geometry": {"type": "LineString", "coordinates": [[121.5553025, 24.9760564], [121.5554355, 24.9760375], [121.5554614, 24.9760338], [121.5556723, 24.9760169], [121.5558136, 24.9760104], [121.5564891, 24.9760166]]}}, {"type": "Feature", "properties": {"county": "台北市", "district": "文山區", "highway": "unclassified", "name": "新光路二段74巷"}, "geometry": {"type": "LineString", "coordinates": [[121.5940894, 24.9963233], [121.5942085, 24.9962289], [121.5943033, 24.9961376], [121.5943675, 24.9960252], [121.5945122, 24.9957537], [121.5945707, 24.9956765], [121.5946262, 24.9956256], [121.5947281, 24.9955678], [121.5948293, 24.9955318], [121.5949651, 24.9955065], [121.5951549, 24.9954875], [121.5952743, 24.9954346], [121.5953675, 24.9953124], [121.5954263, 24.995144], [121.5954624, 24.9950808]]}}, {"type": "Feature", "properties": {"county": "台北市", "district": "文山區", "highway": "tertiary", "name": "秀明路二段"}, "geometry": {"type": "LineString", "coordinates": [[121.5736685, 24.9916559], [121.5738454, 24.9916651], [121.5738892, 24.9916674], [121.5740432, 24.9916824], [121.5742622, 24.9917129], [121.5744696, 24.9917517]]}}, {"type": "Feature", "properties": {"county": "台北市", "district": "文山區", "highway": "unclassified", "name": "溪洲街"}, "geometry": {"type": "LineString", "coordinates": [[121.5354092, 25.0010041], [121.5353664, 25.0001091], [121.5353705, 25.0000514], [121.5353802, 24.9999807], [121.5354454, 24.9995052], [121.535456, 24.9994131], [121.5354577, 24.9993839]]}}, {"type": "Feature", "properties": {"county": "台北市", "district": "文山區", "highway": "unclassified", "name": "田寮橋"}, "geometry": {"type": "LineString", "coordinates": [[121.5871509, 24.9709006], [121.5869404, 24.9701781]]}}, {"type": "Feature", "properties": {"county": "台北市", "district": "文山區", "highway": "unclassified", "name": "指南路三段38巷"}, "geometry": {"type": "LineString", "coordinates": [[121.5869404, 24.9701781], [121.5868263, 24.969969], [121.5866118, 24.9695761], [121.5865649, 24.9695068], [121.5865153, 24.9694545], [121.5863141, 24.969401], [121.5862283, 24.9693415], [121.5861223, 24.9692551], [121.5859762, 24.9690667], [121.5857629, 24.9688661], [121.5853805, 24.9686183], [121.5852964, 24.9685582], [121.5851793, 24.9685189], [121.584996, 24.9684284], [121.584838, 24.9683816], [121.5846594, 24.9683845], [121.5844877, 24.968427], [121.5843224, 24.9684389], [121.5841275, 24.9683801], [121.5838686, 24.9682671], [121.5836857, 24.9682495], [121.5835871, 24.9682784], [121.5834779, 24.9683677], [121.5832573, 24.9685847], [121.5831828, 24.9686301], [121.5831077, 24.9686476]]}}, {"type": "Feature", "properties": {"county": "台北市", "district": "文山區", "highway": "unclassified", "name": "老泉街45巷"}, "geometry": {"type": "LineString", "coordinates": [[121.5767839, 24.969304], [121.5765242, 24.9695047], [121.5763677, 24.9696693], [121.5763209, 24.9698892], [121.5763212, 24.9702379], [121.5763853, 24.9705435], [121.5764022, 24.970912], [121.5763813, 24.9709967], [121.5762708, 24.9710628], [121.5761822, 24.9710728], [121.5754473, 24.9710798], [121.5750158, 24.971365], [121.5744769, 24.9714868], [121.5739102, 24.9717365], [121.573846, 24.9717886], [121.5738098, 24.971836], [121.5738163, 24.9718898], [121.5738688, 24.9719175], [121.5739708, 24.9719003], [121.574215, 24.9718759], [121.5744509, 24.9719381], [121.5746268, 24.9719391], [121.5751067, 24.9718263], [121.5756368, 24.9717871], [121.5762925, 24.9719293], [121.5765286, 24.9719694], [121.5772578, 24.971667], [121.5773855, 24.9716157], [121.5774807, 24.971612], [121.5775009, 24.971719], [121.5774741, 24.9717469], [121.5772782, 24.9718916], [121.5771559, 24.9719782], [121.5768568, 24.972067], [121.5766607, 24.97222], [121.5763744, 24.9725141], [121.5760338, 24.9727147]]}}, {"type": "Feature", "properties": {"county": "台北市", "district": "文山區", "highway": "unclassified", "name": "指南路三段40巷"}, "geometry": {"type": "LineString", "coordinates": [[121.5935172, 24.9705323], [121.5935438, 24.9704788], [121.5934935, 24.970284], [121.5934488, 24.9700685], [121.5934958, 24.9698059], [121.5935608, 24.9695427], [121.5936064, 24.9694272], [121.593652, 24.9693518], [121.5937023, 24.9693135], [121.5938276, 24.9692984], [121.5939363, 24.9693117], [121.5940217, 24.9693144], [121.5940911, 24.9693123], [121.5941535, 24.9693038], [121.594228, 24.9692734], [121.5943178, 24.969232], [121.59446, 24.9691603], [121.5947094, 24.9690667], [121.5948972, 24.9690071], [121.595262, 24.9689084]]}}, {"type": "Feature", "properties": {"county": "台北市", "district": "文山區", "highway": "tertiary", "name": "指南路三段"}, "geometry": {"type": "LineString", "coordinates": [[121.5985383, 24.972397], [121.5990486, 24.9723872], [121.5991323, 24.9723908], [121.5992176, 24.9723775], [121.5994106, 24.9723063], [121.5996165, 24.9722826], [121.600047, 24.9722881], [121.6003702, 24.9723179], [121.600562, 24.9723228], [121.6007316, 24.9722997], [121.6009657, 24.972251], [121.6011745, 24.9722031], [121.6013734, 24.9721635], [121.6015537, 24.9720942], [121.6016718, 24.9720377], [121.6018508, 24.9719909], [121.6022587, 24.9719453], [121.602366, 24.9719238], [121.6024303, 24.9718809], [121.6027024, 24.9716602], [121.6027869, 24.9716116], [121.6032127, 24.9715429], [121.6033823, 24.9714669], [121.6035124, 24.9714097], [121.6037927, 24.9713138], [121.6040529, 24.9711484], [121.6042838, 24.9709704], [121.6049222, 24.9708053], [121.6050073, 24.9707202], [121.6051477, 24.9705962], [121.6052879, 24.9705525], [121.6054306, 24.970539]]}}, {"type": "Feature", "properties": {"county": "台北市", "district": "文山區", "highway": "unclassified", "name": "指南路三段157巷"}, "geometry": {"type": "LineString", "coordinates": [[121.5896222, 24.97886], [121.5896768, 24.9788272], [121.5898699, 24.9787859], [121.5900566, 24.9787584]]}}, {"type": "Feature", "properties": {"county": "台北市", "district": "文山區", "highway": "unclassified", "name": null}, "geometry": {"type": "LineString", "coordinates": [[121.5900566, 24.9787584], [121.5898901, 24.9788549], [121.5897562, 24.9789012], [121.5896222, 24.97886]]}}, {"type": "Feature", "properties": {"county": "台北市", "district": "文山區", "highway": "residential", "name": "寶中路65巷"}, "geometry": {"type": "LineString", "coordinates": [[121.54733, 24.9804412], [121.5468834, 24.9808267], [121.5467638, 24.9809376], [121.5466529, 24.9810404], [121.5465509, 24.9811285], [121.5463252, 24.9813234], [121.5462919, 24.9813399], [121.5460447, 24.9814677], [121.5457817, 24.9815945]]}}, {"type": "Feature", "properties": {"county": "台北市", "district": "文山區", "highway": "secondary", "name": "木新路三段"}, "geometry": {"type": "LineString", "coordinates": [[121.5549022, 24.9802142], [121.5548241, 24.9802268], [121.5546344, 24.9801872]]}}, {"type": "Feature", "properties": {"county": "台北市", "district": "文山區", "highway": "residential", "name": "辛亥路四段202巷1弄"}, "geometry": {"type": "LineString", "coordinates": [[121.5553683, 25.0027762], [121.555202, 25.0025234]]}}, {"type": "Feature", "properties": {"county": "台北市", "district": "文山區", "highway": "residential", "name": null}, "geometry": {"type": "LineString", "coordinates": [[121.5543138, 25.0025155], [121.5542476, 25.0026095], [121.5540996, 25.0026485], [121.5539491, 25.0027459], [121.5539582, 25.0027914], [121.553918, 25.0029014]]}}, {"type": "Feature", "properties": {"county": "台北市", "district": "文山區", "highway": "secondary", "name": "木新路二段"}, "geometry": {"type": "LineString", "coordinates": [[121.5656754, 24.982915], [121.5656067, 24.9828913], [121.5655271, 24.9828639], [121.5654852, 24.9828494], [121.5652966, 24.9827845]]}}, {"type": "Feature", "properties": {"county": "台北市", "district": "文山區", "highway": "tertiary", "name": "指南路二段"}, "geometry": {"type": "LineString", "coordinates": [[121.5760853, 24.9875935], [121.5762928, 24.9875467], [121.576342, 24.9875378], [121.5766177, 24.9874817], [121.5771446, 24.9873727], [121.5771731, 24.9873665], [121.5772105, 24.9873592]]}}, {"type": "Feature", "properties": {"county": "台北市", "district": "文山區", "highway": "tertiary", "name": "中央路"}, "geometry": {"type": "LineString", "coordinates": [[121.5340018, 24.9787953], [121.5338882, 24.9788008], [121.5335174, 24.9788187]]}}, {"type": "Feature", "properties": {"county": "台北市", "district": "文山區", "highway": "tertiary", "name": "溪園路"}, "geometry": {"type": "LineString", "coordinates": [[121.5256158, 24.9835684], [121.5259628, 24.9839095], [121.5261614, 24.9840773], [121.5268106, 24.9845814], [121.5271004, 24.9848064], [121.5272634, 24.9849462], [121.5274869, 24.9851105], [121.5279992, 24.9855355], [121.5284963, 24.9860648], [121.5286295, 24.9862283], [121.5287773, 24.9864301], [121.5289727, 24.9867322], [121.5292266, 24.9871483], [121.5294971, 24.9874996], [121.529743, 24.9877423], [121.5300064, 24.9879687], [121.5302975, 24.9881637], [121.5305773, 24.9883371], [121.5307108, 24.9884114], [121.5308784, 24.9884782], [121.5310729, 24.9885415], [121.5312841, 24.9885837]]}}, {"type": "Feature", "properties": {"county": "台北市", "district": "文山區", "highway": "residential", "name": "仙岩路11巷"}, "geometry": {"type": "LineString", "coordinates": [[121.5483766, 24.9985482], [121.5483377, 24.9986119], [121.548238, 24.9987754], [121.5480977, 24.9990054], [121.5480971, 24.9991431]]}}, {"type": "Feature", "properties": {"county": "台北市", "district": "文山區", "highway": "unclassified", "name": null}, "geometry": {"type": "LineString", "coordinates": [[121.5327014, 24.9707061], [121.5319825, 24.9710093]]}}, {"type": "Feature", "properties": {"county": "台北市", "district": "文山區", "highway": "unclassified", "name": null}, "geometry": {"type": "LineString", "coordinates": [[121.5319825, 24.9710093], [121.5317014, 24.9711101], [121.5310836, 24.9712873], [121.5305987, 24.9714263], [121.5302981, 24.9714598]]}}, {"type": "Feature", "properties": {"county": "台北市", "district": "文山區", "highway": "trunk_link", "name": null}, "geometry": {"type": "LineString", "coordinates": [[121.5328503, 24.9705561], [121.5328873, 24.9706263]]}}, {"type": "Feature", "properties": {"county": "台北市", "district": "文山區", "highway": "residential", "name": null}, "geometry": {"type": "LineString", "coordinates": [[121.5313213, 24.9886532], [121.5312841, 24.9885837]]}}, {"type": "Feature", "properties": {"county": "台北市", "district": "文山區", "highway": "residential", "name": "景華街216巷"}, "geometry": {"type": "LineString", "coordinates": [[121.5480971, 24.9991431], [121.5480245, 24.9991505], [121.5475058, 24.9989938], [121.5474435, 24.9989779]]}}, {"type": "Feature", "properties": {"county": "台北市", "district": "文山區", "highway": "residential", "name": "光輝路"}, "geometry": {"type": "LineString", "coordinates": [[121.5548847, 24.9857965], [121.5550739, 24.9851156], [121.5553428, 24.9851943], [121.5554025, 24.9849834], [121.5554415, 24.9848433], [121.5555028, 24.984657], [121.5560965, 24.984822], [121.5566043, 24.9849544], [121.5570623, 24.9850795], [121.5574263, 24.9851858], [121.5577665, 24.9852675], [121.5580517, 24.9853278], [121.5582794, 24.9853351], [121.5584193, 24.9853311], [121.5585514, 24.9853177], [121.558761, 24.9852858], [121.5589121, 24.9852627]]}}, {"type": "Feature", "properties": {"county": "台北市", "district": "文山區", "highway": "residential", "name": null}, "geometry": {"type": "LineString", "coordinates": [[121.5777213, 24.9631967], [121.5776957, 24.9632594], [121.5776907, 24.9633375], [121.5777566, 24.9635183], [121.5778478, 24.9635887], [121.5779462, 24.963668], [121.5779509, 24.9637205], [121.5779527, 24.9638155]]}}, {"type": "Feature", "properties": {"county": "台北市", "district": "文山區", "highway": "secondary", "name": "萬福橋"}, "geometry": {"type": "LineString", "coordinates": [[121.596573, 25.0051294], [121.5967178, 25.0051601]]}}, {"type": "Feature", "properties": {"county": "台北市", "district": "文山區", "highway": "secondary", "name": "北深路三段"}, "geometry": {"type": "LineString", "coordinates": [[121.5973336, 25.0050355], [121.5981967, 25.0047579], [121.5987615, 25.0045725], [121.599241, 25.004415], [121.5996112, 25.004291], [121.5998308, 25.0042189], [121.600465, 25.0040109], [121.6012976, 25.003752], [121.6017006, 25.0036226], [121.6019329, 25.0035481], [121.6020712, 25.0035037], [121.6023541, 25.0034129], [121.6024855, 25.0033694], [121.6026215, 25.0033242], [121.602753, 25.0032762], [121.6028769, 25.0032216], [121.6033256, 25.0029317], [121.6036569, 25.0027368], [121.6047758, 25.00213], [121.6051873, 25.001934], [121.6053368, 25.0018777], [121.6058383, 25.0017702], [121.606005, 25.0017404], [121.6062012, 25.0017054], [121.6065071, 25.0016507], [121.6065449, 25.0016467], [121.6067354, 25.0016059], [121.6075768, 25.001447], [121.6077639, 25.0014156]]}}, {"type": "Feature", "properties": {"county": "台北市", "district": "文山區", "highway": "secondary", "name": "北深路三段"}, "geometry": {"type": "LineString", "coordinates": [[121.5962848, 25.0048944], [121.596308, 25.0049379], [121.5963487, 25.0050008], [121.5963983, 25.0050513], [121.5964522, 25.0050836]]}}, {"type": "Feature", "properties": {"county": "台北市", "district": "文山區", "highway": "trunk", "name": "環河路"}, "geometry": {"type": "LineString", "coordinates": [[121.536149, 24.9687733], [121.5348289, 24.9696661], [121.5346182, 24.9697885], [121.5344139, 24.9698864], [121.5330676, 24.9704615], [121.5328503, 24.9705561], [121.5324929, 24.970707], [121.5319772, 24.9709252], [121.5318458, 24.9709773], [121.53173, 24.9710199], [121.5315701, 24.9710711], [121.5310612, 24.9712154], [121.5305859, 24.9713502], [121.5302981, 24.9714598]]}}, {"type": "Feature", "properties": {"county": "台北市", "district": "文山區", "highway": "tertiary", "name": "景興路"}, "geometry": {"type": "LineString", "coordinates": [[121.5446635, 24.9969913], [121.5446584, 24.9967922], [121.5446574, 24.9967296], [121.5446443, 24.9962385], [121.5446447, 24.9961854], [121.5446453, 24.9961136], [121.5446308, 24.995251], [121.5446301, 24.9952087], [121.5446289, 24.9951246]]}}, {"type": "Feature", "properties": {"county": "台北市", "district": "文山區", "highway": "residential", "name": "景興路42巷"}, "geometry": {"type": "LineString", "coordinates": [[121.5446635, 24.9969913], [121.5447404, 24.9969907]]}}, {"type": "Feature", "properties": {"county": "台北市", "district": "文山區", "highway": "tertiary", "name": "景興路"}, "geometry": {"type": "LineString", "coordinates": [[121.5447404, 24.9969907], [121.5447423, 24.9970591], [121.5447456, 24.9976967], [121.5447413, 24.997742], [121.5447078, 24.9979109], [121.5446931, 24.9979792], [121.5446702, 24.9981115]]}}, {"type": "Feature", "properties": {"county": "台北市", "district": "文山區", "highway": "trunk", "name": "基隆路高架道路"}, "geometry": {"type": "LineString", "coordinates": [[121.5371468, 25.0111464], [121.5374472, 25.0113129], [121.5382667, 25.011985], [121.5398866, 25.0133411], [121.541547, 25.0147946]]}}, {"type": "Feature", "properties": {"county": "台北市", "district": "文山區", "highway": "trunk", "name": "基隆路高架道路"}, "geometry": {"type": "LineString", "coordinates": [[121.5324707, 25.0087581], [121.5328593, 25.0089611], [121.5330817, 25.0090724], [121.5335781, 25.0093208], [121.5346819, 25.0099321]]}}, {"type": "Feature", "properties": {"county": "台北市", "district": "文山區", "highway": "residential", "name": "和平東路三段632巷"}, "geometry": {"type": "LineString", "coordinates": [[121.5633583, 25.0129661], [121.5632855, 25.0129427], [121.5632463, 25.0129301], [121.5630792, 25.0128799], [121.5620117, 25.0125594], [121.5617479, 25.0124426], [121.561371, 25.0117286]]}}, {"type": "Feature", "properties": {"county": "台北市", "district": "文山區", "highway": "residential", "name": "和平東路三段606巷"}, "geometry": {"type": "LineString", "coordinates": [[121.5602563, 25.0127551], [121.560196, 25.012747], [121.560156, 25.0127337], [121.5600548, 25.0126632], [121.5600227, 25.0126496], [121.5599549, 25.0126369], [121.5598952, 25.0126263], [121.5598161, 25.0126243], [121.5597697, 25.012612], [121.5597183, 25.0125859], [121.5596692, 25.0125611], [121.5595353, 25.0124473], [121.5594799, 25.0124125]]}}, {"type": "Feature", "properties": {"county": "台北市", "district": "文山區", "highway": "residential", "name": "和平東路三段606巷"}, "geometry": {"type": "LineString", "coordinates": [[121.5617479, 25.0124426], [121.5616708, 25.0124353], [121.561524, 25.0123971], [121.5614701, 25.012391], [121.5614202, 25.0123963], [121.561383, 25.0124155], [121.561351, 25.0124317], [121.5613094, 25.0125016], [121.5612826, 25.0125784], [121.5612141, 25.012704], [121.5611813, 25.012738], [121.5611333, 25.0127569], [121.560868, 25.0128053], [121.5608793, 25.0129741], [121.5608615, 25.0129999], [121.5608293, 25.0130193], [121.5607911, 25.0130305], [121.5606395, 25.0130454], [121.5606093, 25.0130546], [121.5605778, 25.0130746], [121.5603891, 25.0132221], [121.5602231, 25.0133997], [121.5601948, 25.013419], [121.5601296, 25.0134322]]}}, {"type": "Feature", "properties": {"county": "台北市", "district": "文山區", "highway": "residential", "name": "辛亥路六段86巷"}, "geometry": {"type": "LineString", "coordinates": [[121.5523385, 24.9888954], [121.552282, 24.9888878], [121.551899, 24.9888363]]}}, {"type": "Feature", "properties": {"county": "台北市", "district": "文山區", "highway": "unclassified", "name": "老泉街26巷"}, "geometry": {"type": "LineString", "coordinates": [[121.5707121, 24.9645407], [121.5705365, 24.964532], [121.5704289, 24.9644344]]}}, {"type": "Feature", "properties": {"county": "台北市", "district": "文山區", "highway": "trunk", "name": "基隆路高架道路"}, "geometry": {"type": "LineString", "coordinates": [[121.542817, 25.0160489], [121.5419788, 25.0153294], [121.5396292, 25.0133266], [121.5389952, 25.0127959], [121.5384722, 25.0123414], [121.5375551, 25.0115909], [121.5375225, 25.011565]]}}, {"type": "Feature", "properties": {"county": "台北市", "district": "文山區", "highway": "residential", "name": "環河路29巷"}, "geometry": {"type": "LineString", "coordinates": [[121.5371703, 24.9598155], [121.5371669, 24.9598921], [121.5371614, 24.9600186], [121.5371219, 24.9608023], [121.5371147, 24.9610209], [121.5370523, 24.961102]]}}, {"type": "Feature", "properties": {"county": "台北市", "district": "文山區", "highway": "residential", "name": "指南路三段77巷"}, "geometry": {"type": "LineString", "coordinates": [[121.5804018, 24.9826093], [121.5806456, 24.9826837], [121.5808969, 24.9827597], [121.5810418, 24.9828075]]}}, {"type": "Feature", "properties": {"county": "台北市", "district": "文山區", "highway": "residential", "name": "指南路三段75巷"}, "geometry": {"type": "LineString", "coordinates": [[121.5802167, 24.9828506], [121.5803152, 24.9828844], [121.5805259, 24.9830133], [121.5806052, 24.9829527]]}}, {"type": "Feature", "properties": {"county": "台北市", "district": "文山區", "highway": "residential", "name": "長春路"}, "geometry": {"type": "LineString", "coordinates": [[121.5664658, 24.9638418], [121.5663151, 24.9638022], [121.5661407, 24.9638235], [121.5657701, 24.9640112], [121.5655405, 24.9639881], [121.5652425, 24.9638895], [121.5651637, 24.9638836], [121.5650953, 24.9639092], [121.564612, 24.9642253], [121.5645083, 24.9642931], [121.5644521, 24.9643076], [121.5643976, 24.9643036]]}}, {"type": "Feature", "properties": {"county": "台北市", "district": "文山區", "highway": "unclassified", "name": "指南路三段40巷"}, "geometry": {"type": "LineString", "coordinates": [[121.5955287, 24.9686951], [121.5955038, 24.9686116], [121.5953477, 24.9682655], [121.595302, 24.9681668], [121.5952862, 24.968057], [121.5952969, 24.9679926], [121.5953277, 24.9679135], [121.5953686, 24.967854], [121.5954154, 24.9678321], [121.5955154, 24.9678072], [121.5956254, 24.9677901], [121.5958454, 24.9677282], [121.5959641, 24.9677186], [121.5960942, 24.9676983], [121.5961672, 24.9676552], [121.5962128, 24.9675987], [121.5962356, 24.9675555], [121.5962604, 24.9674868], [121.5962664, 24.9673099], [121.5962779, 24.9672254], [121.5963148, 24.9671671], [121.5964026, 24.9670971], [121.5966943, 24.9669069], [121.5967756, 24.9667924], [121.596823, 24.9666559], [121.5969222, 24.9665166], [121.5969906, 24.9664054], [121.5970644, 24.9662589], [121.5971231, 24.9661616], [121.5971945, 24.9660388], [121.5972475, 24.9659038], [121.5972684, 24.9658338], [121.5972975, 24.9658075]]}}, {"type": "Feature", "properties": {"county": "台北市", "district": "文山區", "highway": "unclassified", "name": "指南路三段40巷"}, "geometry": {"type": "LineString", "coordinates": [[121.5973631, 24.9657991], [121.5972975, 24.9658075]]}}, {"type": "Feature", "properties": {"county": "台北市", "district": "文山區", "highway": "residential", "name": null}, "geometry": {"type": "LineString", "coordinates": [[121.5479596, 25.0033139], [121.5479444, 25.0032752], [121.5479044, 25.0032098], [121.5478722, 25.0031499]]}}, {"type": "Feature", "properties": {"county": "台北市", "district": "文山區", "highway": "residential", "name": "旺邦隧道"}, "geometry": {"type": "LineString", "coordinates": [[121.5481937, 25.0036926], [121.5481655, 25.0036687], [121.548134, 25.0036333], [121.5481069, 25.0035901], [121.5479596, 25.0033139]]}}, {"type": "Feature", "properties": {"county": "台北市", "district": "文山區", "highway": "residential", "name": "景豐街2巷"}, "geometry": {"type": "LineString", "coordinates": [[121.5463357, 24.9995033], [121.5466877, 24.9996257]]}}, {"type": "Feature", "properties": {"county": "台北市", "district": "文山區", "highway": "residential", "name": null}, "geometry": {"type": "LineString", "coordinates": [[121.5477634, 25.0013558], [121.5480116, 25.0015102]]}}, {"type": "Feature", "properties": {"county": "台北市", "district": "文山區", "highway": "residential", "name": null}, "geometry": {"type": "LineString", "coordinates": [[121.5489983, 25.006731], [121.548691, 25.0066764]]}}, {"type": "Feature", "properties": {"county": "台北市", "district": "文山區", "highway": "residential", "name": null}, "geometry": {"type": "LineString", "coordinates": [[121.5426137, 25.0047226], [121.5427126, 25.0046883], [121.5427673, 25.0046667], [121.5428514, 25.0046041]]}}, {"type": "Feature", "properties": {"county": "台北市", "district": "文山區", "highway": "residential", "name": "寶橋路6巷"}, "geometry": {"type": "LineString", "coordinates": [[121.5432546, 24.9735997], [121.5435147, 24.9730699]]}}, {"type": "Feature", "properties": {"county": "台北市", "district": "文山區", "highway": "residential", "name": null}, "geometry": {"type": "LineString", "coordinates": [[121.5411709, 24.9874216], [121.5411332, 24.9874155], [121.540919, 24.9873936], [121.5406934, 24.9873987], [121.5404384, 24.9873863], [121.5400023, 24.9873547]]}}, {"type": "Feature", "properties": {"county": "台北市", "district": "文山區", "highway": "motorway", "name": "福爾摩沙高速公路"}, "geometry": {"type": "LineString", "coordinates": [[121.53094, 24.9621678], [121.5305356, 24.9625768], [121.5283429, 24.9651902]]}}, {"type": "Feature", "properties": {"county": "台北市", "district": "文山區", "highway": "motorway", "name": "福爾摩沙高速公路"}, "geometry": {"type": "LineString", "coordinates": [[121.5527151, 24.9720817], [121.5534032, 24.9727317], [121.5537196, 24.973052]]}}, {"type": "Feature", "properties": {"county": "台北市", "district": "文山區", "highway": "motorway", "name": "福爾摩沙高速公路"}, "geometry": {"type": "LineString", "coordinates": [[121.5284188, 24.9648099], [121.5304166, 24.962495], [121.5308118, 24.9620747]]}}, {"type": "Feature", "properties": {"county": "台北市", "district": "文山區", "highway": "secondary", "name": "興隆路一段"}, "geometry": {"type": "LineString", "coordinates": [[121.5407694, 25.0039345], [121.5406923, 25.0039958], [121.5405948, 25.0040641], [121.5405353, 25.0041014], [121.5404059, 25.0041606], [121.54024, 25.0042164], [121.5400482, 25.0042514], [121.5395169, 25.0043229], [121.539231, 25.0043614], [121.5389694, 25.0043966], [121.538838, 25.0044111]]}}, {"type": "Feature", "properties": {"county": "台北市", "district": "文山區", "highway": "residential", "name": "興隆路一段70巷"}, "geometry": {"type": "LineString", "coordinates": [[121.5407694, 25.0039345], [121.5407171, 25.003858]]}}, {"type": "Feature", "properties": {"county": "台北市", "district": "文山區", "highway": "secondary", "name": "興隆路一段"}, "geometry": {"type": "LineString", "coordinates": [[121.5388293, 25.0043267], [121.5389523, 25.0043124], [121.5395042, 25.0042321], [121.5398027, 25.0041886], [121.5401406, 25.0041396], [121.5403176, 25.0040988], [121.5404586, 25.0040432], [121.5405866, 25.0039575], [121.5406393, 25.003924], [121.5407171, 25.003858]]}}, {"type": "Feature", "properties": {"county": "台北市", "district": "文山區", "highway": "residential", "name": "興順街"}, "geometry": {"type": "LineString", "coordinates": [[121.543308, 25.0006437], [121.5439173, 25.0008556]]}}, {"type": "Feature", "properties": {"county": "台北市", "district": "文山區", "highway": "residential", "name": "景明街"}, "geometry": {"type": "LineString", "coordinates": [[121.5419102, 25.0019195], [121.5419631, 25.0019462], [121.5420416, 25.0020028]]}}, {"type": "Feature", "properties": {"county": "台北市", "district": "文山區", "highway": "residential", "name": "羅斯福路五段269巷"}, "geometry": {"type": "LineString", "coordinates": [[121.5395199, 25.0010452], [121.5398093, 25.0011504]]}}, {"type": "Feature", "properties": {"county": "台北市", "district": "文山區", "highway": "residential", "name": "羅斯福路五段269巷"}, "geometry": {"type": "LineString", "coordinates": [[121.5394392, 25.0010159], [121.5395022, 25.0010388], [121.5395199, 25.0010452]]}}, {"type": "Feature", "properties": {"county": "台北市", "district": "文山區", "highway": "residential", "name": null}, "geometry": {"type": "LineString", "coordinates": [[121.5399158, 25.0016704], [121.5398733, 25.0015388], [121.5398663, 25.0015161], [121.5398359, 25.0012505], [121.5398093, 25.0011504]]}}, {"type": "Feature", "properties": {"county": "台北市", "district": "文山區", "highway": "residential", "name": "興隆路一段70巷"}, "geometry": {"type": "LineString", "coordinates": [[121.5407171, 25.003858], [121.5406773, 25.0037891], [121.5405151, 25.0034757], [121.5404082, 25.0033027], [121.5402622, 25.0029881], [121.5402617, 25.0028805]]}}, {"type": "Feature", "properties": {"county": "台北市", "district": "文山區", "highway": "residential", "name": "羅斯福路五段211巷"}, "geometry": {"type": "LineString", "coordinates": [[121.5402617, 25.0028805], [121.5402093, 25.0029088]]}}, {"type": "Feature", "properties": {"county": "台北市", "district": "文山區", "highway": "tertiary", "name": "興隆路四段109巷"}, "geometry": {"type": "LineString", "coordinates": [[121.5646931, 24.9869586], [121.5647424, 24.9869634], [121.5647804, 24.9869671], [121.564978, 24.9869862], [121.565448, 24.9870317], [121.5656128, 24.9870403], [121.5656607, 24.9870421], [121.5657457, 24.9870417]]}}, {"type": "Feature", "properties": {"county": "台北市", "district": "文山區", "highway": "secondary", "name": "興隆路一段"}, "geometry": {"type": "LineString", "coordinates": [[121.5432489, 25.0006134], [121.5431775, 25.0006886], [121.5430648, 25.0008082]]}}, {"type": "Feature", "properties": {"county": "台北市", "district": "文山區", "highway": "secondary", "name": "興隆路一段"}, "geometry": {"type": "LineString", "coordinates": [[121.5429954, 25.0007546], [121.5431658, 25.0005687]]}}, {"type": "Feature", "properties": {"county": "台北市", "district": "文山區", "highway": "motorway_link", "name": "萬芳交流道"}, "geometry": {"type": "LineString", "coordinates": [[121.5784785, 25.0034231], [121.5784964, 25.003199], [121.578499, 25.0030236], [121.5784939, 25.0028737], [121.5784593, 25.0026903], [121.5784014, 25.0025346], [121.5782593, 25.002204], [121.5780297, 25.0019253], [121.577556, 25.0014799]]}}, {"type": "Feature", "properties": {"county": "台北市", "district": "文山區", "highway": "motorway_link", "name": "萬芳交流道"}, "geometry": {"type": "LineString", "coordinates": [[121.5816018, 25.0039627], [121.5818556, 25.0040268], [121.5821334, 25.0040681], [121.582486, 25.0040964], [121.5828711, 25.0041131], [121.5842893, 25.0041102]]}}, {"type": "Feature", "properties": {"county": "台北市", "district": "文山區", "highway": "motorway_link", "name": "萬芳交流道"}, "geometry": {"type": "LineString", "coordinates": [[121.5813632, 25.0048809], [121.5813538, 25.005107], [121.5813203, 25.0053063], [121.5812506, 25.0055093]]}}, {"type": "Feature", "properties": {"county": "台北市", "district": "文山區", "highway": "motorway_link", "name": "萬芳交流道"}, "geometry": {"type": "LineString", "coordinates": [[121.580918, 25.0060574], [121.580749, 25.0062324], [121.5805188, 25.0064006], [121.580294, 25.0065331], [121.5801157, 25.0066169], [121.5799027, 25.0066922], [121.5795987, 25.0067517], [121.5791408, 25.0068013]]}}, {"type": "Feature", "properties": {"county": "台北市", "district": "文山區", "highway": "motorway_link", "name": "萬芳交流道"}, "geometry": {"type": "LineString", "coordinates": [[121.5812506, 25.0055093], [121.5810964, 25.00579], [121.580918, 25.0060574]]}}, {"type": "Feature", "properties": {"county": "台北市", "district": "文山區", "highway": "trunk", "name": "信義快速道路"}, "geometry": {"type": "LineString", "coordinates": [[121.5805876, 25.0046317], [121.5804865, 25.0043811], [121.5802916, 25.0040226]]}}, {"type": "Feature", "properties": {"county": "台北市", "district": "文山區", "highway": "trunk", "name": "信義快速道路"}, "geometry": {"type": "LineString", "coordinates": [[121.5802916, 25.0040226], [121.5801057, 25.0037253], [121.5797597, 25.003317], [121.579342, 25.0028434], [121.5792561, 25.0027554]]}}, {"type": "Feature", "properties": {"county": "台北市", "district": "文山區", "highway": "motorway_link", "name": "萬芳交流道"}, "geometry": {"type": "LineString", "coordinates": [[121.5829996, 25.0044397], [121.582528, 25.0045103], [121.582276, 25.0045733], [121.5820302, 25.0046952], [121.5818948, 25.0047961], [121.5816493, 25.0050587], [121.5815367, 25.0053187], [121.5814388, 25.0056251], [121.5813932, 25.0059544], [121.581357, 25.0062728], [121.5813497, 25.0065839]]}}, {"type": "Feature", "properties": {"county": "台北市", "district": "文山區", "highway": "motorway", "name": "台北聯絡線"}, "geometry": {"type": "LineString", "coordinates": [[121.5842992, 25.0041769], [121.5837985, 25.0042427], [121.5815507, 25.0043325]]}}, {"type": "Feature", "properties": {"county": "台北市", "district": "文山區", "highway": "motorway", "name": "台北聯絡線"}, "geometry": {"type": "LineString", "coordinates": [[121.5917272, 25.0023739], [121.5925558, 25.0022134], [121.5933843, 25.0020821], [121.5938229, 25.0020135], [121.5939052, 25.0020033]]}}, {"type": "Feature", "properties": {"county": "台北市", "district": "文山區", "highway": "motorway", "name": "台北聯絡線"}, "geometry": {"type": "LineString", "coordinates": [[121.5900826, 25.0028939], [121.5886308, 25.0032651], [121.5868121, 25.0037538]]}}, {"type": "Feature", "properties": {"county": "台北市", "district": "文山區", "highway": "motorway_link", "name": "木柵交流道"}, "geometry": {"type": "LineString", "coordinates": [[121.5943788, 25.0028145], [121.5942551, 25.0027073], [121.594077, 25.0025691], [121.5938848, 25.0024479], [121.5936883, 25.002362], [121.5935148, 25.0023165], [121.5933279, 25.0022887], [121.5931305, 25.0022819], [121.5929577, 25.0022919], [121.5925009, 25.002362], [121.5919102, 25.0024614]]}}, {"type": "Feature", "properties": {"county": "台北市", "district": "文山區", "highway": "motorway_link", "name": "木柵交流道"}, "geometry": {"type": "LineString", "coordinates": [[121.5944194, 25.0027855], [121.594324, 25.0026692], [121.5942136, 25.0025534], [121.594005, 25.0023075], [121.5939703, 25.0022579], [121.5939301, 25.0021755], [121.5939177, 25.0020974]]}}, {"type": "Feature", "properties": {"county": "台北市", "district": "文山區", "highway": "motorway_link", "name": "木柵交流道"}, "geometry": {"type": "LineString", "coordinates": [[121.5946366, 25.0030833], [121.5944194, 25.0027855]]}}, {"type": "Feature", "properties": {"county": "台北市", "district": "文山區", "highway": "motorway", "name": "福爾摩沙高速公路"}, "geometry": {"type": "LineString", "coordinates": [[121.5933847, 24.9954479], [121.5929724, 24.9936084], [121.5928684, 24.9931442], [121.5926407, 24.9921978]]}}, {"type": "Feature", "properties": {"county": "台北市", "district": "文山區", "highway": "motorway", "name": "景美溪橋"}, "geometry": {"type": "LineString", "coordinates": [[121.5951565, 25.003426], [121.5940992, 24.9988224]]}}, {"type": "Feature", "properties": {"county": "台北市", "district": "文山區", "highway": "motorway", "name": "福爾摩沙高速公路"}, "geometry": {"type": "LineString", "coordinates": [[121.5952656, 25.0039249], [121.5951565, 25.003426]]}}, {"type": "Feature", "properties": {"county": "台北市", "district": "文山區", "highway": "motorway_link", "name": "木柵交流道"}, "geometry": {"type": "LineString", "coordinates": [[121.5939052, 25.0020033], [121.5939, 25.0019177], [121.5939119, 25.0017886], [121.5939576, 25.0016101], [121.5940474, 25.0013195], [121.5941291, 25.0010309], [121.59418, 25.000795]]}}, {"type": "Feature", "properties": {"county": "台北市", "district": "文山區", "highway": "motorway", "name": "台北聯絡線"}, "geometry": {"type": "LineString", "coordinates": [[121.5939052, 25.0020033], [121.5947092, 25.0019116]]}}, {"type": "Feature", "properties": {"county": "台北市", "district": "文山區", "highway": "motorway_link", "name": "木柵交流道"}, "geometry": {"type": "LineString", "coordinates": [[121.5945301, 25.0033327], [121.5942724, 25.0032903], [121.5939898, 25.0032303]]}}, {"type": "Feature", "properties": {"county": "台北市", "district": "文山區", "highway": "motorway_link", "name": "木柵交流道"}, "geometry": {"type": "LineString", "coordinates": [[121.5939898, 25.0032303], [121.5937385, 25.0031695], [121.5928034, 25.0028878], [121.5925526, 25.0028269], [121.5922835, 25.0027764], [121.5919683, 25.0027344], [121.5916618, 25.0027163], [121.591311, 25.0027247], [121.5909787, 25.0027565], [121.5905365, 25.0028284], [121.5900826, 25.0028939]]}}, {"type": "Feature", "properties": {"county": "台北市", "district": "文山區", "highway": "motorway", "name": "台北聯絡線"}, "geometry": {"type": "LineString", "coordinates": [[121.5995804, 25.0020497], [121.599351, 25.002009], [121.5991119, 25.00197], [121.5988902, 25.0019414], [121.5986688, 25.001918], [121.5983154, 25.0018927], [121.5979355, 25.0018802], [121.5974752, 25.0018778], [121.5973947, 25.0018786]]}}, {"type": "Feature", "properties": {"county": "台北市", "district": "文山區", "highway": "motorway_link", "name": "木柵交流道"}, "geometry": {"type": "LineString", "coordinates": [[121.5971288, 24.9998283], [121.5972904, 25.0001972], [121.5974201, 25.0005922], [121.5976207, 25.0011541], [121.5977004, 25.0013084], [121.5977902, 25.0014143], [121.5978977, 25.0015107], [121.5980312, 25.0015979], [121.5981937, 25.0016622], [121.5984178, 25.0017151], [121.5989672, 25.0018107], [121.599447, 25.0019395]]}}, {"type": "Feature", "properties": {"county": "台北市", "district": "文山區", "highway": "motorway", "name": "景美溪橋"}, "geometry": {"type": "LineString", "coordinates": [[121.5937811, 24.9953905], [121.5958798, 25.0049059]]}}, {"type": "Feature", "properties": {"county": "台北市", "district": "文山區", "highway": "tertiary", "name": "新光路二段"}, "geometry": {"type": "LineString", "coordinates": [[121.5972483, 25.0026631], [121.5973898, 25.0026777], [121.5975273, 25.0026759], [121.5976372, 25.0026613], [121.5977539, 25.0026278], [121.5978853, 25.0025786], [121.5985224, 25.0022512], [121.5986096, 25.0022215], [121.5986969, 25.0022041], [121.5987993, 25.0021979], [121.5988979, 25.0022062], [121.5991098, 25.0022359], [121.599521, 25.0022937]]}}, {"type": "Feature", "properties": {"county": "台北市", "district": "文山區", "highway": "motorway", "name": "福爾摩沙高速公路"}, "geometry": {"type": "LineString", "coordinates": [[121.5964667, 25.0077446], [121.596601, 25.0084232], [121.5968192, 25.0093886]]}}, {"type": "Feature", "properties": {"county": "台北市", "district": "文山區", "highway": "motorway_link", "name": null}, "geometry": {"type": "LineString", "coordinates": [[121.5962269, 25.0084894], [121.5963569, 25.0084664], [121.596601, 25.0084232]]}}, {"type": "Feature", "properties": {"county": "台北市", "district": "文山區", "highway": "motorway_link", "name": null}, "geometry": {"type": "LineString", "coordinates": [[121.5741473, 25.0073873], [121.5741071, 25.0072371], [121.574067, 25.007087]]}}, {"type": "Feature", "properties": {"county": "台北市", "district": "文山區", "highway": "trunk", "name": "信義快速道路"}, "geometry": {"type": "LineString", "coordinates": [[121.5812832, 25.0093617], [121.5812744, 25.008968], [121.5812535, 25.008476], [121.5812363, 25.0080706]]}}, {"type": "Feature", "properties": {"county": "台北市", "district": "文山區", "highway": "motorway_link", "name": "萬芳交流道"}, "geometry": {"type": "LineString", "coordinates": [[121.5812363, 25.0080706], [121.5811786, 25.0074979], [121.5811546, 25.0073812], [121.5811143, 25.0072646], [121.5810568, 25.0071697], [121.5809777, 25.0070846], [121.5808933, 25.007008], [121.5807819, 25.0069313], [121.5806276, 25.0068716], [121.5804733, 25.0068365], [121.5803258, 25.0068121], [121.5801674, 25.0068074], [121.5791408, 25.0068013]]}}, {"type": "Feature", "properties": {"county": "台北市", "district": "文山區", "highway": "trunk", "name": "信義快速道路"}, "geometry": {"type": "LineString", "coordinates": [[121.5812363, 25.0080706], [121.581209, 25.0074466], [121.5811817, 25.007154], [121.5811632, 25.0069442], [121.5811401, 25.0067427], [121.5810911, 25.0063869], [121.5810408, 25.0060835]]}}, {"type": "Feature", "properties": {"county": "台北市", "district": "文山區", "highway": "trunk", "name": "信義快速道路"}, "geometry": {"type": "LineString", "coordinates": [[121.5813497, 25.0065839], [121.5813987, 25.0068848], [121.5814403, 25.0071663], [121.5814899, 25.0075329], [121.5815436, 25.0080426], [121.5815871, 25.0084669], [121.5816187, 25.0089014]]}}, {"type": "Feature", "properties": {"county": "台北市", "district": "文山區", "highway": "trunk", "name": "信義快速道路"}, "geometry": {"type": "LineString", "coordinates": [[121.5816187, 25.0089014], [121.5816298, 25.0091865]]}}, {"type": "Feature", "properties": {"county": "台北市", "district": "文山區", "highway": "trunk_link", "name": null}, "geometry": {"type": "LineString", "coordinates": [[121.5812535, 25.008476], [121.5814236, 25.0084714], [121.5815871, 25.0084669]]}}, {"type": "Feature", "properties": {"county": "台北市", "district": "文山區", "highway": "residential", "name": "木柵路四段159巷"}, "geometry": {"type": "LineString", "coordinates": [[121.5770428, 25.0050433], [121.5769692, 25.0051315], [121.5769207, 25.0052074], [121.5768541, 25.0053443], [121.5768328, 25.005413], [121.5767945, 25.0056214], [121.5767898, 25.0056737], [121.5768015, 25.0058885]]}}, {"type": "Feature", "properties": {"county": "台北市", "district": "文山區", "highway": "residential", "name": "木柵路四段159巷"}, "geometry": {"type": "LineString", "coordinates": [[121.575699, 25.001064], [121.5757178, 25.0010837], [121.5757517, 25.0011137], [121.5758335, 25.0011874], [121.5758515, 25.0012126], [121.5758707, 25.0012533], [121.5759463, 25.0015294], [121.5759892, 25.001592], [121.5760489, 25.0016476], [121.5761472, 25.0017085], [121.576249, 25.0017557], [121.5767599, 25.0019511], [121.576843, 25.001985], [121.5771456, 25.0021397], [121.577358, 25.0022483], [121.5774295, 25.0022934], [121.5776512, 25.0024787], [121.577678, 25.0025108], [121.5776837, 25.0025292], [121.5776804, 25.0025543], [121.5776637, 25.0025932], [121.5775866, 25.0026895], [121.5775748, 25.0027181], [121.5775797, 25.0027549], [121.5776048, 25.0027849], [121.5777823, 25.0028868], [121.5778211, 25.0029285], [121.5778397, 25.0029627], [121.5778716, 25.0030588], [121.5778888, 25.0031348], [121.5779135, 25.0032847], [121.5779193, 25.0033194], [121.5779402, 25.0034461], [121.5779445, 25.0035406], [121.5779391, 25.0036332], [121.5779233, 25.0037117], [121.5778881, 25.0038146], [121.5777862, 25.0040472], [121.5777546, 25.0041008], [121.5777174, 25.0041448], [121.577675, 25.0041793], [121.5775768, 25.0042466], [121.5774712, 25.0043392], [121.5774094, 25.0044341], [121.5773735, 25.0045194], [121.5773364, 25.0046556], [121.5772789, 25.0048254], [121.5772095, 25.005002], [121.5771682, 25.0050773], [121.577105, 25.0050514], [121.5770428, 25.0050433]]}}, {"type": "Feature", "properties": {"county": "台北市", "district": "文山區", "highway": "residential", "name": null}, "geometry": {"type": "LineString", "coordinates": [[121.552299, 25.0016147], [121.5522733, 25.0015584], [121.552287, 25.0015045], [121.5523746, 25.0013914], [121.5524875, 25.0013103], [121.55256, 25.0012664]]}}, {"type": "Feature", "properties": {"county": "台北市", "district": "文山區", "highway": "residential", "name": "興隆路二段220巷"}, "geometry": {"type": "LineString", "coordinates": [[121.55256, 25.0012664], [121.5526107, 25.0013885], [121.5526251, 25.0014231], [121.5526528, 25.001487]]}}, {"type": "Feature", "properties": {"county": "台北市", "district": "文山區", "highway": "secondary", "name": "興隆路二段"}, "geometry": {"type": "LineString", "coordinates": [[121.5526528, 25.001487], [121.5527299, 25.0014594], [121.5533203, 25.0012474], [121.5533348, 25.0012422], [121.5537224, 25.0011021], [121.5538233, 25.0010683], [121.5539211, 25.0010357], [121.554385, 25.0008708], [121.5544461, 25.0008491], [121.5545324, 25.0008208]]}}, {"type": "Feature", "properties": {"county": "台北市", "district": "文山區", "highway": "residential", "name": "興隆路二段220巷"}, "geometry": {"type": "LineString", "coordinates": [[121.5526528, 25.001487], [121.5526805, 25.0015508]]}}, {"type": "Feature", "properties": {"county": "台北市", "district": "文山區", "highway": "residential", "name": "福興路95巷"}, "geometry": {"type": "LineString", "coordinates": [[121.5472657, 25.0051696], [121.547454, 25.0051446], [121.5476992, 25.0050771], [121.5479118, 25.004976], [121.5480849, 25.0048541], [121.5482781, 25.0047158], [121.5484127, 25.0046018], [121.5484567, 25.0045646]]}}, {"type": "Feature", "properties": {"county": "台北市", "district": "文山區", "highway": "residential", "name": "福興路95巷"}, "geometry": {"type": "LineString", "coordinates": [[121.5474276, 25.0056958], [121.5478606, 25.0054962], [121.5478994, 25.0054745], [121.5481712, 25.0052273], [121.5484207, 25.0050344], [121.5486953, 25.0048943]]}}, {"type": "Feature", "properties": {"county": "台北市", "district": "文山區", "highway": "residential", "name": "福興路95巷"}, "geometry": {"type": "LineString", "coordinates": [[121.5474276, 25.0056958], [121.5474477, 25.0057357], [121.547433, 25.0058001], [121.5473914, 25.0058639], [121.5473285, 25.0059123], [121.5472376, 25.0059286], [121.5471701, 25.005932], [121.5471088, 25.0059255], [121.5470451, 25.0059006], [121.5469602, 25.0058496], [121.546855, 25.0057955], [121.546772, 25.0057717], [121.5467011, 25.0057588], [121.5466692, 25.0057824], [121.5466218, 25.0057805], [121.5465599, 25.0057624], [121.5464961, 25.0057256], [121.5463813, 25.0056282], [121.5463381, 25.0055388], [121.5462478, 25.0054607], [121.5461098, 25.0053513]]}}, {"type": "Feature", "properties": {"county": "台北市", "district": "文山區", "highway": "secondary", "name": "辛亥路五段"}, "geometry": {"type": "LineString", "coordinates": [[121.5531167, 24.9981735], [121.5531441, 24.9982005], [121.553342, 24.9984195], [121.5535506, 24.9988055], [121.5537216, 24.9991014], [121.5537792, 24.9991999], [121.5540735, 24.9997789], [121.5541239, 24.9998714], [121.5541565, 24.9999239], [121.5545282, 25.0006519], [121.5545584, 25.0007111], [121.5546, 25.0007985]]}}, {"type": "Feature", "properties": {"county": "台北市", "district": "文山區", "highway": "unclassified", "name": "石坡坑橋"}, "geometry": {"type": "LineString", "coordinates": [[121.5834189, 24.9763262], [121.5834997, 24.9763478]]}}, {"type": "Feature", "properties": {"county": "台北市", "district": "文山區", "highway": "unclassified", "name": "指南路三段34巷"}, "geometry": {"type": "LineString", "coordinates": [[121.5831751, 24.976322], [121.5833116, 24.9763102], [121.5833721, 24.9763196], [121.5834189, 24.9763262]]}}, {"type": "Feature", "properties": {"county": "台北市", "district": "文山區", "highway": "unclassified", "name": "指南橋"}, "geometry": {"type": "LineString", "coordinates": [[121.5836087, 24.9764813], [121.5836424, 24.9766377]]}}, {"type": "Feature", "properties": {"county": "台北市", "district": "文山區", "highway": "unclassified", "name": "指南路三段34巷"}, "geometry": {"type": "LineString", "coordinates": [[121.5834997, 24.9763478], [121.5835328, 24.9763566], [121.5835849, 24.9764114], [121.5835881, 24.9764271], [121.5836087, 24.9764813]]}}, {"type": "Feature", "properties": {"county": "台北市", "district": "文山區", "highway": "motorway_link", "name": null}, "geometry": {"type": "LineString", "coordinates": [[121.5544765, 25.013943], [121.5544863, 25.0140348], [121.5544954, 25.0141322]]}}, {"type": "Feature", "properties": {"county": "台北市", "district": "文山區", "highway": "motorway_link", "name": null}, "geometry": {"type": "LineString", "coordinates": [[121.5658573, 25.0091715], [121.5659001, 25.0092999], [121.5659429, 25.0094283]]}}, {"type": "Feature", "properties": {"county": "台北市", "district": "文山區", "highway": "unclassified", "name": "新光路二段74巷"}, "geometry": {"type": "LineString", "coordinates": [[121.5946733, 24.9869799], [121.5946738, 24.9869351], [121.5947001, 24.9868666], [121.5948416, 24.9866761], [121.5948613, 24.986631], [121.5949317, 24.9864608], [121.5949742, 24.9863808]]}}, {"type": "Feature", "properties": {"county": "台北市", "district": "文山區", "highway": "unclassified", "name": "新光路二段74巷"}, "geometry": {"type": "LineString", "coordinates": [[121.5959704, 24.9862186], [121.5959248, 24.9862386], [121.5958369, 24.9863395], [121.5957739, 24.9863833], [121.5955823, 24.9864886], [121.5954985, 24.9865548], [121.5954319, 24.9866075], [121.595265, 24.9867225], [121.5951222, 24.9868066], [121.5950612, 24.9868548], [121.5950057, 24.9869245], [121.5949043, 24.9870794], [121.5948565, 24.9870829], [121.5948013, 24.9870749], [121.5947357, 24.9870516], [121.594692, 24.9870184], [121.5946733, 24.9869799]]}}, {"type": "Feature", "properties": {"county": "台北市", "district": "文山區", "highway": "unclassified", "name": "新光路二段74巷"}, "geometry": {"type": "LineString", "coordinates": [[121.5960696, 24.9862113], [121.5960121, 24.986214], [121.5959704, 24.9862186]]}}, {"type": "Feature", "properties": {"county": "台北市", "district": "文山區", "highway": "tertiary", "name": "新光路二段"}, "geometry": {"type": "LineString", "coordinates": [[121.5940453, 24.9962792], [121.5940894, 24.9963233]]}}, {"type": "Feature", "properties": {"county": "台北市", "district": "文山區", "highway": "tertiary", "name": "新光路二段"}, "geometry": {"type": "LineString", "coordinates": [[121.5937512, 24.9962192], [121.5939076, 24.9962236], [121.5940453, 24.9962792]]}}, {"type": "Feature", "properties": {"county": "台北市", "district": "文山區", "highway": "secondary_link", "name": "辛亥路七段"}, "geometry": {"type": "LineString", "coordinates": [[121.5541083, 24.9800085], [121.5541305, 24.9800808], [121.5541419, 24.9802382], [121.5540963, 24.9803313], [121.5538516, 24.9806576], [121.5537993, 24.980786]]}}, {"type": "Feature", "properties": {"county": "台北市", "district": "文山區", "highway": "residential", "name": "溪洲街"}, "geometry": {"type": "LineString", "coordinates": [[121.5343057, 25.0060337], [121.5345911, 25.0054628], [121.5349246, 25.0048839], [121.5351758, 25.0044553], [121.5352045, 25.0043904], [121.5353278, 25.0040852], [121.5354223, 25.0037591]]}}, {"type": "Feature", "properties": {"county": "台北市", "district": "文山區", "highway": "motorway", "name": "台北聯絡線"}, "geometry": {"type": "LineString", "coordinates": [[121.551188, 25.0154427], [121.5517542, 25.015058], [121.552373, 25.0146739], [121.5527317, 25.0144862], [121.5532528, 25.014268], [121.5535968, 25.0141513]]}}, {"type": "Feature", "properties": {"county": "台北市", "district": "文山區", "highway": "motorway", "name": "台北聯絡線"}, "geometry": {"type": "LineString", "coordinates": [[121.5516508, 25.015225], [121.5512498, 25.0155021]]}}, {"type": "Feature", "properties": {"county": "台北市", "district": "文山區", "highway": "residential", "name": "福興路63巷"}, "geometry": {"type": "LineString", "coordinates": [[121.5485078, 25.0039416], [121.5485837, 25.0038658], [121.5486826, 25.0037885], [121.5487872, 25.0037293], [121.5488988, 25.0036836], [121.549001, 25.0036425], [121.5491469, 25.0036038], [121.5493559, 25.0035624]]}}, {"type": "Feature", "properties": {"county": "台北市", "district": "文山區", "highway": "tertiary", "name": "汀州路三段"}, "geometry": {"type": "LineString", "coordinates": [[121.5359398, 25.0115528], [121.535976, 25.0114905], [121.535994, 25.0114595], [121.5360348, 25.0113893], [121.5362094, 25.0110914], [121.5362419, 25.0110477]]}}, {"type": "Feature", "properties": {"county": "台北市", "district": "文山區", "highway": "tertiary", "name": "景中街"}, "geometry": {"type": "LineString", "coordinates": [[121.5441088, 24.9925809], [121.5440404, 24.9926007], [121.5437106, 24.9926981], [121.5434268, 24.9927798], [121.5433568, 24.9928197], [121.5432672, 24.9928405], [121.5428835, 24.9929191], [121.5427532, 24.9929357]]}}, {"type": "Feature", "properties": {"county": "台北市", "district": "文山區", "highway": "residential", "name": "木柵路三段85巷8弄"}, "geometry": {"type": "LineString", "coordinates": [[121.5676506, 24.9895259], [121.5669037, 24.9894104]]}}, {"type": "Feature", "properties": {"county": "台北市", "district": "文山區", "highway": "residential", "name": "木柵路三段85巷8弄"}, "geometry": {"type": "LineString", "coordinates": [[121.56684, 24.9897507], [121.5669037, 24.9894104]]}}, {"type": "Feature", "properties": {"county": "台北市", "district": "文山區", "highway": "residential", "name": null}, "geometry": {"type": "LineString", "coordinates": [[121.5669037, 24.9894104], [121.5666619, 24.989373], [121.5663933, 24.9893315], [121.5662076, 24.9893028], [121.5660013, 24.9892709]]}}, {"type": "Feature", "properties": {"county": "台北市", "district": "文山區", "highway": "residential", "name": "木柵路三段77巷"}, "geometry": {"type": "LineString", "coordinates": [[121.5669037, 24.9894104], [121.5669499, 24.9890867], [121.5669729, 24.9889259]]}}, {"type": "Feature", "properties": {"county": "台北市", "district": "文山區", "highway": "residential", "name": "木柵路三段77巷"}, "geometry": {"type": "LineString", "coordinates": [[121.5669729, 24.9889259], [121.5670021, 24.9887105], [121.5670096, 24.9886554]]}}, {"type": "Feature", "properties": {"county": "台北市", "district": "文山區", "highway": "residential", "name": "秀明路一段19巷5弄"}, "geometry": {"type": "LineString", "coordinates": [[121.5638143, 24.9900082], [121.5635678, 24.9899509], [121.5634853, 24.9899412], [121.5632193, 24.9899314]]}}, {"type": "Feature", "properties": {"county": "台北市", "district": "文山區", "highway": "residential", "name": "木柵路二段109巷"}, "geometry": {"type": "LineString", "coordinates": [[121.5632193, 24.9899314], [121.5631109, 24.9899237], [121.5630389, 24.989909], [121.5629805, 24.9898963], [121.5629237, 24.9898628], [121.562813, 24.9897668], [121.5627658, 24.9897388], [121.5622509, 24.9895144], [121.5621047, 24.9894507], [121.5618696, 24.9893912], [121.5618109, 24.9893579], [121.5617571, 24.9892921], [121.5617322, 24.9892284], [121.5617258, 24.9891634], [121.5617351, 24.9890777], [121.5617514, 24.9889265], [121.5617638, 24.9888861]]}}, {"type": "Feature", "properties": {"county": "台北市", "district": "文山區", "highway": "primary", "name": "羅斯福路五段"}, "geometry": {"type": "LineString", "coordinates": [[121.5382769, 25.0080799], [121.5382317, 25.008163], [121.5379447, 25.0086878], [121.5378602, 25.0088519], [121.5377448, 25.009098], [121.5376503, 25.0093469]]}}, {"type": "Feature", "properties": {"county": "台北市", "district": "文山區", "highway": "residential", "name": "萬盛街"}, "geometry": {"type": "LineString", "coordinates": [[121.5382769, 25.0080799], [121.5382332, 25.0080501], [121.5381988, 25.0080246], [121.5381377, 25.0079829]]}}, {"type": "Feature", "properties": {"county": "台北市", "district": "文山區", "highway": "unclassified", "name": "新坡一街"}, "geometry": {"type": "LineString", "coordinates": [[121.5454494, 24.9647225], [121.5455548, 24.9646462], [121.5456718, 24.964646], [121.5457781, 24.9647022], [121.5459494, 24.9648558], [121.546013, 24.9648676], [121.5460702, 24.9648556], [121.5461473, 24.9647931]]}}, {"type": "Feature", "properties": {"county": "台北市", "district": "文山區", "highway": "unclassified", "name": "新坡一街"}, "geometry": {"type": "LineString", "coordinates": [[121.5461473, 24.9647931], [121.546088, 24.9649559], [121.546037, 24.9650215], [121.5459633, 24.9650483], [121.5458976, 24.9650228], [121.5456886, 24.9648097], [121.5456401, 24.9647638], [121.5455717, 24.9647249], [121.5454494, 24.9647225]]}}, {"type": "Feature", "properties": {"county": "台北市", "district": "文山區", "highway": "unclassified", "name": "新坡一街"}, "geometry": {"type": "LineString", "coordinates": [[121.5454494, 24.9647225], [121.5454161, 24.9647784], [121.545282, 24.9649583], [121.5450084, 24.9651893], [121.5449809, 24.9652276], [121.5448327, 24.9655273], [121.5448059, 24.9655905], [121.5445285, 24.9657566], [121.5444411, 24.9657449], [121.5443647, 24.9656963], [121.5442158, 24.9655601], [121.5439704, 24.9656975], [121.5438416, 24.9656635]]}}, {"type": "Feature", "properties": {"county": "台北市", "district": "文山區", "highway": "residential", "name": "辛亥路四段166巷"}, "geometry": {"type": "LineString", "coordinates": [[121.5563086, 25.0036727], [121.5563568, 25.0036289]]}}, {"type": "Feature", "properties": {"county": "台北市", "district": "文山區", "highway": "secondary", "name": "辛亥路四段"}, "geometry": {"type": "LineString", "coordinates": [[121.5556648, 25.002643], [121.5554186, 25.0022619], [121.5553967, 25.0022258], [121.5553625, 25.0021735], [121.5551689, 25.0018655], [121.5548508, 25.0013731], [121.5547157, 25.0011534], [121.5546319, 25.0010234], [121.5546091, 25.0009881], [121.5545632, 25.0008881]]}}, {"type": "Feature", "properties": {"county": "台北市", "district": "文山區", "highway": "secondary", "name": "辛亥路四段"}, "geometry": {"type": "LineString", "coordinates": [[121.5563568, 25.0036289], [121.5564264, 25.0037202], [121.5565947, 25.0039958], [121.5567393, 25.0042629], [121.5567817, 25.0043444], [121.556815, 25.0044085], [121.5568426, 25.0044578], [121.5570459, 25.0048217], [121.5573171, 25.0053398], [121.5573246, 25.0053541], [121.5573402, 25.0053854], [121.5574138, 25.0054913], [121.5574781, 25.0055695], [121.5575634, 25.0056588], [121.5576808, 25.0057561], [121.5580147, 25.0060105], [121.5581016, 25.0061174]]}}, {"type": "Feature", "properties": {"county": "台北市", "district": "文山區", "highway": "residential", "name": "辛亥路四段77巷"}, "geometry": {"type": "LineString", "coordinates": [[121.5586797, 25.007414], [121.5586098, 25.0074195]]}}, {"type": "Feature", "properties": {"county": "台北市", "district": "文山區", "highway": "secondary", "name": "辛亥路四段"}, "geometry": {"type": "LineString", "coordinates": [[121.5581016, 25.0061174], [121.5579653, 25.0060558], [121.5578025, 25.0059324], [121.557574, 25.0057557], [121.557473, 25.0056634], [121.5573827, 25.0055622], [121.5573055, 25.0054609], [121.5572767, 25.0054143], [121.5572582, 25.00538], [121.5569779, 25.0048513], [121.5568142, 25.0045554], [121.5567617, 25.0044639], [121.556747, 25.0044383], [121.5567113, 25.004376], [121.5566201, 25.0042168], [121.5563616, 25.003762], [121.5563086, 25.0036727]]}}, {"type": "Feature", "properties": {"county": "台北市", "district": "文山區", "highway": "secondary", "name": "辛亥路四段"}, "geometry": {"type": "LineString", "coordinates": [[121.5585658, 25.0067249], [121.5586156, 25.0067855], [121.5586408, 25.0070248], [121.5586667, 25.0072781], [121.5586711, 25.0073205], [121.5586797, 25.007414]]}}, {"type": "Feature", "properties": {"county": "台北市", "district": "文山區", "highway": "secondary", "name": "辛亥路四段"}, "geometry": {"type": "LineString", "coordinates": [[121.5554621, 25.0021926], [121.5554866, 25.0022333], [121.5555998, 25.0024107], [121.5557319, 25.0026129]]}}, {"type": "Feature", "properties": {"county": "台北市", "district": "文山區", "highway": "residential", "name": "辛亥路四段222巷"}, "geometry": {"type": "LineString", "coordinates": [[121.5553967, 25.0022258], [121.5553424, 25.0022465], [121.5549476, 25.0023888]]}}, {"type": "Feature", "properties": {"county": "台北市", "district": "文山區", "highway": "motorway_link", "name": "新店交流道"}, "geometry": {"type": "LineString", "coordinates": [[121.5552234, 24.9739692], [121.5553136, 24.974138], [121.555482, 24.9743508], [121.5557182, 24.9745761], [121.5558948, 24.9747691]]}}, {"type": "Feature", "properties": {"county": "台北市", "district": "文山區", "highway": "motorway_link", "name": "新店交流道"}, "geometry": {"type": "LineString", "coordinates": [[121.5546283, 24.9722232], [121.554528, 24.9722057], [121.5544295, 24.9721993], [121.554331, 24.9722061], [121.5542406, 24.9722163], [121.5541503, 24.9722345], [121.5540112, 24.9722763], [121.5538661, 24.9723319], [121.5536885, 24.9724241], [121.5535109, 24.972541], [121.5527212, 24.9731343]]}}, {"type": "Feature", "properties": {"county": "台北市", "district": "文山區", "highway": "motorway_link", "name": "新店交流道"}, "geometry": {"type": "LineString", "coordinates": [[121.5549945, 24.9724934], [121.5549393, 24.9724136], [121.5548398, 24.9723293], [121.5547402, 24.9722676], [121.5546283, 24.9722232]]}}, {"type": "Feature", "properties": {"county": "台北市", "district": "文山區", "highway": "motorway_link", "name": "新店交流道"}, "geometry": {"type": "LineString", "coordinates": [[121.5546378, 24.9721521], [121.5547078, 24.9721746], [121.5547916, 24.9722109], [121.5548687, 24.9722568], [121.5549391, 24.9723095], [121.5550117, 24.9723799], [121.5550694, 24.9724686]]}}, {"type": "Feature", "properties": {"county": "台北市", "district": "文山區", "highway": "motorway_link", "name": "新店交流道"}, "geometry": {"type": "LineString", "coordinates": [[121.5550694, 24.9724686], [121.5551125, 24.9725652], [121.5551551, 24.9727515], [121.5551495, 24.9730189], [121.5551161, 24.9732748], [121.5551121, 24.9734539], [121.5551223, 24.9736158], [121.555163, 24.9737918], [121.5552234, 24.9739692]]}}, {"type": "Feature", "properties": {"county": "台北市", "district": "文山區", "highway": "trunk", "name": "信義快速道路"}, "geometry": {"type": "LineString", "coordinates": [[121.5792561, 25.0027554], [121.5789041, 25.0024516], [121.5784106, 25.0020918], [121.5779063, 25.0017223], [121.577556, 25.0014799]]}}, {"type": "Feature", "properties": {"county": "台北市", "district": "文山區", "highway": "trunk_link", "name": null}, "geometry": {"type": "LineString", "coordinates": [[121.5769287, 25.0002407], [121.5769223, 25.0003028], [121.576923, 25.000382], [121.5769413, 25.0005321], [121.5769797, 25.0006925]]}}, {"type": "Feature", "properties": {"county": "台北市", "district": "文山區", "highway": "unclassified", "name": "阿柔洋產業道路"}, "geometry": {"type": "LineString", "coordinates": [[121.6156049, 24.9753618], [121.6156012, 24.9753261], [121.6154985, 24.97531], [121.6154313, 24.9752815], [121.6153623, 24.9751047], [121.6153324, 24.975015], [121.6152805, 24.9749492], [121.6152163, 24.9749093], [121.6150396, 24.9748512], [121.6149973, 24.9748321], [121.6149483, 24.9747981], [121.6147327, 24.9745712], [121.6146404, 24.9744638], [121.6145834, 24.9743564], [121.6145475, 24.974263], [121.6145282, 24.9741755], [121.6145201, 24.9740156], [121.6144549, 24.9736717], [121.6144589, 24.9736204], [121.6144667, 24.9735642], [121.6145258, 24.9734026], [121.6145243, 24.9733624]]}}, {"type": "Feature", "properties": {"county": "台北市", "district": "文山區", "highway": "unclassified", "name": "阿柔洋產業道路"}, "geometry": {"type": "LineString", "coordinates": [[121.6212303, 24.9850639], [121.6212128, 24.9850917], [121.621153, 24.9852322], [121.6210693, 24.9855275], [121.6210123, 24.985626], [121.6208883, 24.9856884], [121.6206259, 24.9858278], [121.6203819, 24.9860247], [121.6202116, 24.9861414], [121.6200784, 24.9863172], [121.6200046, 24.9864337], [121.6197663, 24.9866106], [121.619707, 24.9866752], [121.6196516, 24.9867623], [121.6196167, 24.9868709], [121.6196087, 24.9871132], [121.6195724, 24.9872193], [121.619476, 24.9873345], [121.619386, 24.9874483], [121.6193324, 24.9875634], [121.6193326, 24.9876798], [121.6193548, 24.9878295], [121.619391, 24.987968], [121.6194414, 24.9881095], [121.6194731, 24.9882248], [121.6194841, 24.9883415], [121.6194869, 24.9885476], [121.6194762, 24.988676], [121.6194083, 24.9888892], [121.6193331, 24.9890712], [121.6192902, 24.9891313], [121.6192178, 24.9892014], [121.6189898, 24.9892569], [121.6188195, 24.9893152], [121.618676, 24.9893371], [121.618503, 24.9892909], [121.6182639, 24.9891901], [121.617941, 24.9890806], [121.6177095, 24.9889303], [121.6175495, 24.9888238], [121.6174204, 24.988714], [121.6173793, 24.9886673], [121.6173568, 24.9886327], [121.6173459, 24.988616], [121.6173561, 24.9885785], [121.6173845, 24.9885409], [121.6175702, 24.9884473], [121.6178522, 24.9883488], [121.6180063, 24.9882316], [121.6182046, 24.9880012], [121.6183072, 24.9877471], [121.6184466, 24.9875028], [121.6184815, 24.987408], [121.6184815, 24.9872974], [121.6184627, 24.987202], [121.6183132, 24.9868695], [121.6182756, 24.9867686], [121.6182904, 24.986689], [121.6184131, 24.9865115], [121.6184648, 24.9863611], [121.6184985, 24.9862311], [121.6186427, 24.9859207], [121.6186873, 24.9856663], [121.6186911, 24.9854782], [121.6186351, 24.9852379], [121.618573, 24.9851089], [121.6184611, 24.9849769], [121.6183383, 24.9848666], [121.6181934, 24.9847596], [121.6179888, 24.9846208], [121.6177573, 24.9845191], [121.6174479, 24.9844336], [121.6173547, 24.9843813], [121.6173032, 24.9843109], [121.6172793, 24.9842486], [121.6172761, 24.9841505], [121.6173039, 24.9840062], [121.6173349, 24.9838226], [121.6173515, 24.9836794], [121.6173536, 24.9835394], [121.6173644, 24.9833035], [121.6173798, 24.9832396], [121.6174171, 24.9831724], [121.6174969, 24.9830788], [121.6176003, 24.9829902], [121.6176135, 24.9829565], [121.6176106, 24.982909], [121.6175685, 24.9828471], [121.6174938, 24.9828337], [121.6173986, 24.9828616], [121.617186, 24.9829887], [121.6170624, 24.9830756], [121.6169607, 24.9831625], [121.6168883, 24.9833084], [121.6168271, 24.983517], [121.6167823, 24.9837486], [121.6167387, 24.9841164], [121.6167431, 24.984327], [121.6166603, 24.9844134], [121.616394, 24.9846042], [121.6163454, 24.9847143], [121.6163388, 24.9848491], [121.6162953, 24.9851352], [121.6162984, 24.9852893], [121.6163521, 24.9853837], [121.6164051, 24.9854643], [121.6164655, 24.9855184], [121.6165748, 24.9856661], [121.6165986, 24.9857627], [121.6166326, 24.9860072], [121.6166557, 24.9862336], [121.6166504, 24.9864045], [121.616626, 24.9864801], [121.6165796, 24.986526], [121.6164216, 24.986582], [121.6159837, 24.9866689], [121.6158905, 24.9866464], [121.6157792, 24.9866003], [121.6158294, 24.9864961], [121.6161332, 24.9864205], [121.6162389, 24.9863716], [121.6162658, 24.986272], [121.6162708, 24.9861724], [121.6162108, 24.9860414], [121.6160592, 24.9858844], [121.6159182, 24.9857565], [121.6157613, 24.9855918], [121.6156661, 24.9854826], [121.6156338, 24.9853948], [121.6156432, 24.9852256], [121.6156529, 24.9850487], [121.6156469, 24.9848199], [121.615599, 24.9846709], [121.6155402, 24.9845236], [121.6154601, 24.9842632], [121.6153448, 24.9839358], [121.6152847, 24.98381], [121.6152328, 24.9837322], [121.6152101, 24.9836495], [121.6152309, 24.9835333], [121.6152537, 24.9834567], [121.6152984, 24.9833801], [121.615405, 24.9832701], [121.6154996, 24.9831595], [121.6155928, 24.9829547], [121.6156666, 24.9828375], [121.6157478, 24.9827285], [121.6159013, 24.9826099], [121.6160846, 24.9824781], [121.6162079, 24.9823859], [121.6162464, 24.9823065], [121.616257, 24.9822132], [121.6162468, 24.9821284], [121.6162118, 24.9820829], [121.6161687, 24.9820495], [121.616089, 24.9820208], [121.6160166, 24.9820119], [121.6158775, 24.9820492], [121.615742, 24.9821079], [121.6154922, 24.9822271], [121.6151072, 24.982449], [121.614982, 24.982597], [121.6148386, 24.9827465], [121.6147322, 24.9829455], [121.6146292, 24.9832421], [121.6146185, 24.9833801], [121.6146, 24.9835323], [121.6146186, 24.9837269], [121.6146281, 24.9839035], [121.6146035, 24.9839674], [121.6145587, 24.9840287], [121.6145118, 24.9840115], [121.6144482, 24.9839508], [121.6143653, 24.9836287], [121.614195, 24.9829709], [121.6141504, 24.9826368], [121.6141323, 24.9824884], [121.614062, 24.9821967], [121.6140494, 24.9818355], [121.6140101, 24.9816096], [121.6139823, 24.9815029], [121.6139229, 24.9813974], [121.6138801, 24.9813645], [121.6138373, 24.9813579], [121.6137831, 24.9813694], [121.6137327, 24.9813859], [121.6136676, 24.9814567], [121.6136428, 24.9815051], [121.613637, 24.9815767], [121.6137466, 24.9818482], [121.613755, 24.981958], [121.6137154, 24.9820433], [121.6136455, 24.9820928], [121.6134598, 24.9821449], [121.6133008, 24.9821535], [121.6131974, 24.9821041], [121.613126, 24.9820315], [121.6131202, 24.9819303], [121.6131088, 24.981798], [121.6131147, 24.9817364], [121.6131317, 24.9816788], [121.6131961, 24.9815232], [121.6132856, 24.9813853], [121.6135115, 24.9811606], [121.6135597, 24.9810564], [121.6135422, 24.9809531], [121.6134315, 24.980761], [121.613374, 24.9806539], [121.6132807, 24.9804748], [121.6133374, 24.9802954], [121.6134349, 24.9801927], [121.613599, 24.9801019], [121.6137664, 24.9800224], [121.6139636, 24.9798028], [121.6142475, 24.9794839], [121.6143981, 24.9793621], [121.6144828, 24.9792713], [121.614631, 24.9791355], [121.6146615, 24.9790771], [121.6146755, 24.9790227], [121.6146618, 24.9789495], [121.6146265, 24.9788846], [121.6145824, 24.9788196], [121.6144682, 24.9787075], [121.6143473, 24.9786115], [121.6139049, 24.978346], [121.6138414, 24.9783085], [121.6137745, 24.9782621], [121.6136696, 24.9781951], [121.6136345, 24.978117], [121.6135618, 24.9779486], [121.6135052, 24.9778152], [121.6134364, 24.9776869], [121.6132707, 24.9774747], [121.6130941, 24.977294], [121.6130081, 24.9771912], [121.6129353, 24.9770883], [121.6128414, 24.9769048], [121.6128043, 24.9767645], [121.6127668, 24.976639], [121.6127514, 24.9765125], [121.6127622, 24.9764248], [121.6127808, 24.9763422], [121.6128505, 24.9761243], [121.6130436, 24.9758851], [121.613223, 24.9756973], [121.613342, 24.9755572], [121.613393, 24.9754722], [121.6134075, 24.9754187], [121.6134153, 24.9753532], [121.6134095, 24.9752311], [121.6133917, 24.9751011], [121.6133966, 24.9749376], [121.6134121, 24.9748718], [121.6134584, 24.9748347], [121.6135162, 24.9748095], [121.6136642, 24.9747488], [121.6137296, 24.9747492], [121.613796, 24.9747686], [121.6138912, 24.9749061], [121.6139194, 24.974962], [121.6139825, 24.9750047], [121.6143859, 24.9751716], [121.6148585, 24.9753838], [121.6150242, 24.9754209], [121.6155457, 24.9754029], [121.6156049, 24.9753618]]}}, {"type": "Feature", "properties": {"county": "台北市", "district": "文山區", "highway": "unclassified", "name": "新光路二段74巷"}, "geometry": {"type": "LineString", "coordinates": [[121.5939849, 24.9821894], [121.5942672, 24.9821784], [121.5944268, 24.9821565], [121.59464, 24.9821249], [121.5947112, 24.9821335], [121.5948653, 24.9822113], [121.5949104, 24.9822608], [121.5949282, 24.9823285], [121.5949713, 24.9823535], [121.5950263, 24.9823535], [121.5950947, 24.9823049], [121.5951215, 24.9822416], [121.5951103, 24.9821096], [121.5951349, 24.9820763], [121.5951805, 24.9820654], [121.5952541, 24.9820919], [121.5953171, 24.9822094], [121.5953852, 24.9822803], [121.5954912, 24.9823602], [121.5955761, 24.9823839], [121.5956552, 24.9823802], [121.5957639, 24.9823443], [121.5959959, 24.9822939], [121.5961159, 24.9822793], [121.5962641, 24.9822805], [121.5964196, 24.9822907], [121.596535, 24.9822781], [121.5966369, 24.9822356], [121.5968126, 24.9821566], [121.5969718, 24.9821388], [121.5970509, 24.9821839], [121.5972713, 24.9823523], [121.5974322, 24.9824398], [121.5976106, 24.9824884], [121.597738, 24.9824994], [121.5978773, 24.9824951], [121.597959, 24.9825207], [121.5979901, 24.9825518], [121.5980688, 24.9827406], [121.5982382, 24.9828568], [121.5983361, 24.9828957], [121.5984327, 24.9828823], [121.5985748, 24.9827826], [121.598662, 24.9827473], [121.5987854, 24.982717], [121.5989241, 24.9826907], [121.5990523, 24.9827534], [121.5991981, 24.9829206], [121.5992565, 24.9832068], [121.599347, 24.9834418], [121.5994222, 24.9836645], [121.5995606, 24.9839003], [121.5995881, 24.9839843], [121.5995813, 24.9840852], [121.5995512, 24.9842523], [121.599533, 24.9844006], [121.5995458, 24.9845039], [121.5995786, 24.9845853], [121.5997779, 24.9847781]]}}, {"type": "Feature", "properties": {"county": "台北市", "district": "文山區", "highway": "unclassified", "name": "老泉街26巷"}, "geometry": {"type": "LineString", "coordinates": [[121.5587125, 24.9758448], [121.5580586, 24.9763088]]}}, {"type": "Feature", "properties": {"county": "台北市", "district": "文山區", "highway": "residential", "name": "基隆路四段41巷68弄"}, "geometry": {"type": "LineString", "coordinates": [[121.5439957, 25.0139321], [121.5439171, 25.0138906], [121.5429242, 25.0132574], [121.5429091, 25.0132467], [121.5432191, 25.0128734], [121.5432493, 25.0128371]]}}, {"type": "Feature", "properties": {"county": "台北市", "district": "文山區", "highway": "tertiary", "name": "指南路二段"}, "geometry": {"type": "LineString", "coordinates": [[121.573548, 24.9880926], [121.5736725, 24.9880528]]}}, {"type": "Feature", "properties": {"county": "台北市", "district": "文山區", "highway": "tertiary", "name": "道南橋"}, "geometry": {"type": "LineString", "coordinates": [[121.5717579, 24.9876385], [121.571938, 24.9877098], [121.572517, 24.9879306], [121.5728905, 24.9880764]]}}, {"type": "Feature", "properties": {"county": "台北市", "district": "文山區", "highway": "residential", "name": null}, "geometry": {"type": "LineString", "coordinates": [[121.5716132, 24.9876801], [121.5715042, 24.9878061], [121.5712658, 24.9881331]]}}, {"type": "Feature", "properties": {"county": "台北市", "district": "文山區", "highway": "residential", "name": null}, "geometry": {"type": "LineString", "coordinates": [[121.571688, 24.9875935], [121.5716132, 24.9876801]]}}, {"type": "Feature", "properties": {"county": "台北市", "district": "文山區", "highway": "residential", "name": "忠順街二段"}, "geometry": {"type": "LineString", "coordinates": [[121.566779, 24.9847642], [121.5668478, 24.9847488], [121.5668921, 24.984739], [121.5673686, 24.9846326]]}}, {"type": "Feature", "properties": {"county": "台北市", "district": "文山區", "highway": "residential", "name": "興隆路四段145巷23弄"}, "geometry": {"type": "LineString", "coordinates": [[121.5628506, 24.9857897], [121.5626852, 24.9857752], [121.5626297, 24.9857669], [121.5625996, 24.985757], [121.5625796, 24.9857342], [121.5625737, 24.9856991], [121.5625818, 24.9856504], [121.562694, 24.9853338], [121.5627493, 24.9851778]]}}, {"type": "Feature", "properties": {"county": "台北市", "district": "文山區", "highway": "tertiary", "name": "下崙路"}, "geometry": {"type": "LineString", "coordinates": [[121.5564344, 24.9862058], [121.5564532, 24.9862141], [121.5566149, 24.9862861], [121.5567006, 24.9863166], [121.5568122, 24.9863432], [121.55693, 24.9863518], [121.5570896, 24.9863364], [121.5571808, 24.9863157], [121.5574323, 24.9862543], [121.5575657, 24.9862319], [121.5576763, 24.9862212]]}}, {"type": "Feature", "properties": {"county": "台北市", "district": "文山區", "highway": "residential", "name": null}, "geometry": {"type": "LineString", "coordinates": [[121.6139636, 24.9798028], [121.6138235, 24.9796948], [121.6137516, 24.9795577], [121.6138836, 24.9792981], [121.6140767, 24.9792543]]}}, {"type": "Feature", "properties": {"county": "台北市", "district": "文山區", "highway": "secondary", "name": "木柵路二段"}, "geometry": {"type": "LineString", "coordinates": [[121.560658, 24.988791], [121.5602837, 24.9887868], [121.5601871, 24.9887894]]}}, {"type": "Feature", "properties": {"county": "台北市", "district": "文山區", "highway": "unclassified", "name": null}, "geometry": {"type": "LineString", "coordinates": [[121.5435206, 25.0020321], [121.5430583, 25.0025611], [121.543034, 25.0025871], [121.5429901, 25.0026478]]}}, {"type": "Feature", "properties": {"county": "台北市", "district": "文山區", "highway": "unclassified", "name": "銀河路"}, "geometry": {"type": "LineString", "coordinates": [[121.5809987, 24.9602125], [121.5811545, 24.9602257], [121.581366, 24.9602364], [121.5814636, 24.9603058], [121.5814594, 24.9603918], [121.5813909, 24.960448], [121.5812363, 24.9604802], [121.5810327, 24.9604521], [121.5809559, 24.9604666], [121.5809324, 24.9605142], [121.5809533, 24.9605565], [121.5812334, 24.9606721], [121.581376, 24.9607685], [121.5814809, 24.9607828], [121.5816329, 24.9607776], [121.5817513, 24.9607408], [121.5818033, 24.960763], [121.5818072, 24.9608581], [121.5817274, 24.9610377], [121.5817636, 24.9611505], [121.5818752, 24.9611984], [121.5822117, 24.9613289], [121.5823404, 24.9614421], [121.5822782, 24.9617866], [121.582281, 24.9618877], [121.582364, 24.9620092], [121.5826583, 24.9622839], [121.5829067, 24.9624264], [121.5830688, 24.9625635], [121.5830698, 24.9627005], [121.5830407, 24.9627918], [121.5829015, 24.9628663], [121.5828722, 24.962927], [121.5829071, 24.9630625], [121.5829843, 24.9631833], [121.5830404, 24.9632421], [121.583152, 24.9633716], [121.5831374, 24.9635495], [121.5830726, 24.9638436], [121.5829767, 24.9639545], [121.5827006, 24.9640676]]}}, {"type": "Feature", "properties": {"county": "台北市", "district": "文山區", "highway": "motorway_link", "name": "萬芳交流道"}, "geometry": {"type": "LineString", "coordinates": [[121.584317, 25.0042258], [121.5837346, 25.0043274], [121.5833588, 25.0044096], [121.5829996, 25.0044397]]}}, {"type": "Feature", "properties": {"county": "台北市", "district": "文山區", "highway": "secondary", "name": "和平東路三段"}, "geometry": {"type": "LineString", "coordinates": [[121.5609796, 25.0156825], [121.5612136, 25.0154134]]}}, {"type": "Feature", "properties": {"county": "台北市", "district": "文山區", "highway": "secondary", "name": "和平東路三段"}, "geometry": {"type": "LineString", "coordinates": [[121.5612136, 25.0154134], [121.5612923, 25.01535], [121.5613439, 25.0153083], [121.5616533, 25.0150689], [121.5617232, 25.0150192], [121.5619134, 25.0148624], [121.5620791, 25.0146624], [121.562283, 25.0143245], [121.562377, 25.0141675], [121.562517, 25.013921], [121.5626393, 25.0136951], [121.5626745, 25.0136531], [121.5627268, 25.0136115], [121.5628123, 25.0135441], [121.5631137, 25.0133367]]}}, {"type": "Feature", "properties": {"county": "台北市", "district": "文山區", "highway": "primary", "name": "北新路二段"}, "geometry": {"type": "LineString", "coordinates": [[121.5429744, 24.9734417], [121.5429733, 24.9734832], [121.5429763, 24.9735827], [121.5429928, 24.9741373], [121.542998, 24.9743269], [121.5429894, 24.9749186], [121.5429882, 24.9749847]]}}, {"type": "Feature", "properties": {"county": "台北市", "district": "文山區", "highway": "secondary", "name": "文山路二段"}, "geometry": {"type": "LineString", "coordinates": [[121.6164344, 24.998816], [121.6176533, 24.999144], [121.6180235, 24.9992424]]}}, {"type": "Feature", "properties": {"county": "台北市", "district": "文山區", "highway": "secondary", "name": "文山路二段"}, "geometry": {"type": "LineString", "coordinates": [[121.6179848, 24.9993184], [121.6176131, 24.9992217], [121.6163917, 24.9988988]]}}, {"type": "Feature", "properties": {"county": "台北市", "district": "文山區", "highway": "primary", "name": "北新路二段"}, "geometry": {"type": "LineString", "coordinates": [[121.542946, 24.9762958], [121.5429459, 24.9763714], [121.5429458, 24.9764682]]}}, {"type": "Feature", "properties": {"county": "台北市", "district": "文山區", "highway": "primary", "name": "北新路二段"}, "geometry": {"type": "LineString", "coordinates": [[121.5429458, 24.9764682], [121.5429405, 24.9766234], [121.5429402, 24.9766405], [121.5429394, 24.9766847], [121.5429279, 24.9770065], [121.542927, 24.9770297], [121.5428652, 24.9775903], [121.5428407, 24.9776995], [121.5428299, 24.9777477], [121.5427713, 24.9780057], [121.5426936, 24.9782596], [121.542561, 24.9786466], [121.5425183, 24.9787742], [121.5424839, 24.9788963]]}}, {"type": "Feature", "properties": {"county": "台北市", "district": "文山區", "highway": "residential", "name": "明德路"}, "geometry": {"type": "LineString", "coordinates": [[121.5428456, 24.9764675], [121.5427771, 24.9764712], [121.5427314, 24.9764736]]}}, {"type": "Feature", "properties": {"county": "台北市", "district": "文山區", "highway": "primary", "name": "北新路二段"}, "geometry": {"type": "LineString", "coordinates": [[121.5428456, 24.9764675], [121.5428448, 24.9763729], [121.542841, 24.9759025], [121.5428406, 24.9756322], [121.5428574, 24.9750182], [121.5428574, 24.9749186], [121.5428602, 24.9748453], [121.5428584, 24.9742974], [121.54286, 24.9741543], [121.5428673, 24.9739811], [121.5428843, 24.9735817], [121.542889, 24.97347], [121.5428906, 24.9733968]]}}, {"type": "Feature", "properties": {"county": "台北市", "district": "文山區", "highway": "primary", "name": "北新路二段"}, "geometry": {"type": "LineString", "coordinates": [[121.5429659, 24.9758184], [121.542946, 24.9762958]]}}, {"type": "Feature", "properties": {"county": "台北市", "district": "文山區", "highway": "secondary", "name": "文山路三段"}, "geometry": {"type": "LineString", "coordinates": [[121.60863, 24.9986515], [121.6082871, 24.9986927], [121.6081203, 24.9987]]}}, {"type": "Feature", "properties": {"county": "台北市", "district": "文山區", "highway": "tertiary", "name": "新光路二段"}, "geometry": {"type": "LineString", "coordinates": [[121.5963586, 25.0012726], [121.5963844, 25.0013884], [121.5963933, 25.0014283], [121.5965161, 25.0019788], [121.5965456, 25.0020754], [121.5965959, 25.0021933], [121.5966757, 25.0023173], [121.5967622, 25.0024158], [121.5968634, 25.0024996], [121.596972, 25.0025616], [121.5971021, 25.0026206], [121.5972483, 25.0026631]]}}, {"type": "Feature", "properties": {"county": "台北市", "district": "文山區", "highway": "residential", "name": "萬福路"}, "geometry": {"type": "LineString", "coordinates": [[121.59691, 25.0051664], [121.5969934, 25.0055041], [121.5970748, 25.0056226], [121.5971644, 25.005756], [121.5972304, 25.0059169], [121.5973101, 25.006054], [121.5974371, 25.0062217], [121.5975392, 25.0063176], [121.5976623, 25.0063644], [121.597864, 25.0063724], [121.5980873, 25.0064114], [121.59821, 25.0064253], [121.5985124, 25.0063973], [121.5985735, 25.0064016], [121.5992608, 25.0068294], [121.5993855, 25.0068391], [121.599651, 25.0068604], [121.5998548, 25.0070153], [121.6000212, 25.0071162], [121.6003041, 25.0073089], [121.6004483, 25.0074396], [121.6005013, 25.007569], [121.600535, 25.0076514]]}}, {"type": "Feature", "properties": {"county": "台北市", "district": "文山區", "highway": "unclassified", "name": "萬福路"}, "geometry": {"type": "LineString", "coordinates": [[121.600535, 25.0076514], [121.6005962, 25.0078927]]}}, {"type": "Feature", "properties": {"county": "台北市", "district": "文山區", "highway": "secondary", "name": "文山路三段"}, "geometry": {"type": "LineString", "coordinates": [[121.607457, 24.9987224], [121.6069201, 24.9987394], [121.6065315, 24.9987603]]}}, {"type": "Feature", "properties": {"county": "台北市", "district": "文山區", "highway": "secondary", "name": "天龍橋"}, "geometry": {"type": "LineString", "coordinates": [[121.6065315, 24.9987603], [121.6062868, 24.9987782], [121.6060569, 24.9988024]]}}, {"type": "Feature", "properties": {"county": "台北市", "district": "文山區", "highway": "secondary", "name": "文山路三段"}, "geometry": {"type": "LineString", "coordinates": [[121.6065954, 24.9986733], [121.6069193, 24.9986615], [121.6074603, 24.9986408]]}}, {"type": "Feature", "properties": {"county": "台北市", "district": "文山區", "highway": "secondary", "name": "天龍橋"}, "geometry": {"type": "LineString", "coordinates": [[121.6061305, 24.9987248], [121.6065954, 24.9986733]]}}, {"type": "Feature", "properties": {"county": "台北市", "district": "文山區", "highway": "residential", "name": "景豐街"}, "geometry": {"type": "LineString", "coordinates": [[121.5463357, 24.9995033], [121.5464131, 24.9993374], [121.5464864, 24.9991583], [121.5465121, 24.9991075]]}}, {"type": "Feature", "properties": {"county": "台北市", "district": "文山區", "highway": "trunk", "name": "水源快速道路"}, "geometry": {"type": "LineString", "coordinates": [[121.535343, 24.9991212], [121.5353284, 24.9993516], [121.5353128, 24.9996154]]}}, {"type": "Feature", "properties": {"county": "台北市", "district": "文山區", "highway": "trunk", "name": "水源快速道路"}, "geometry": {"type": "LineString", "coordinates": [[121.5352996, 25.0003305], [121.5352939, 24.9997136]]}}, {"type": "Feature", "properties": {"county": "台北市", "district": "文山區", "highway": "trunk", "name": "水源快速道路"}, "geometry": {"type": "LineString", "coordinates": [[121.5352939, 24.9997136], [121.5352727, 24.9993758], [121.535279, 24.9992017], [121.5352897, 24.9990267]]}}, {"type": "Feature", "properties": {"county": "台北市", "district": "文山區", "highway": "residential", "name": null}, "geometry": {"type": "LineString", "coordinates": [[121.5425617, 24.9629172], [121.5424018, 24.9628622], [121.5423643, 24.9627698]]}}, {"type": "Feature", "properties": {"county": "台北市", "district": "文山區", "highway": "unclassified", "name": "阿柔洋產業道路"}, "geometry": {"type": "LineString", "coordinates": [[121.6147949, 24.9707628], [121.6148039, 24.9708136], [121.6148033, 24.9708203], [121.6147985, 24.9708725], [121.6147767, 24.9709481], [121.6147509, 24.9710449], [121.614787, 24.9711136], [121.6148373, 24.9711895], [121.6148966, 24.9712664], [121.6149686, 24.9714202], [121.6150027, 24.9715213], [121.6150203, 24.9716244], [121.6150327, 24.9717564], [121.6150341, 24.9718883], [121.6150015, 24.9720641], [121.6149632, 24.9721398], [121.6149172, 24.9721744], [121.6147572, 24.9722395], [121.6147107, 24.9722574], [121.6146731, 24.9722953], [121.614642, 24.972345], [121.6145406, 24.972597], [121.6144493, 24.9728053], [121.6144062, 24.972869], [121.6143117, 24.9729601], [121.6142358, 24.972985], [121.614163, 24.9729751], [121.6141125, 24.9729252], [121.6140793, 24.9728882], [121.6140471, 24.9728444], [121.6140085, 24.972749], [121.6139726, 24.9726909], [121.6139049, 24.9726797], [121.6138455, 24.9727256], [121.6138263, 24.9727833], [121.6138223, 24.9728422], [121.6138629, 24.9729423], [121.6138882, 24.9730308], [121.6139243, 24.9731346], [121.6139632, 24.9732132], [121.6140686, 24.9733039], [121.6141676, 24.9733734], [121.6142467, 24.9733955], [121.6142832, 24.9733868], [121.614428, 24.9733309], [121.6144858, 24.9733211], [121.614517, 24.9733492], [121.6145243, 24.9733624]]}}, {"type": "Feature", "properties": {"county": "台北市", "district": "文山區", "highway": "residential", "name": null}, "geometry": {"type": "LineString", "coordinates": [[121.5511586, 24.9889861], [121.551212, 24.9890198], [121.5512126, 24.9890668], [121.5511374, 24.9891766], [121.5510644, 24.9892389]]}}, {"type": "Feature", "properties": {"county": "台北市", "district": "文山區", "highway": "unclassified", "name": "老泉街45巷"}, "geometry": {"type": "LineString", "coordinates": [[121.5673012, 24.9792931], [121.5675118, 24.9787685], [121.5677312, 24.9785661], [121.5680313, 24.9782845]]}}, {"type": "Feature", "properties": {"county": "台北市", "district": "文山區", "highway": "unclassified", "name": "混元橋"}, "geometry": {"type": "LineString", "coordinates": [[121.5680313, 24.9782845], [121.5681102, 24.9782433], [121.5682, 24.9782228]]}}, {"type": "Feature", "properties": {"county": "台北市", "district": "文山區", "highway": "residential", "name": "興隆路一段55巷"}, "geometry": {"type": "LineString", "coordinates": [[121.5414512, 25.0039423], [121.5411819, 25.0038657]]}}, {"type": "Feature", "properties": {"county": "台北市", "district": "文山區", "highway": "residential", "name": "平埔街"}, "geometry": {"type": "LineString", "coordinates": [[121.6156146, 25.0020444], [121.6156091, 25.0018276]]}}, {"type": "Feature", "properties": {"county": "台北市", "district": "文山區", "highway": "residential", "name": "深坑街"}, "geometry": {"type": "LineString", "coordinates": [[121.6164951, 25.0026856], [121.616612, 25.003037], [121.6166428, 25.0031634]]}}, {"type": "Feature", "properties": {"county": "台北市", "district": "文山區", "highway": "unclassified", "name": null}, "geometry": {"type": "LineString", "coordinates": [[121.5436172, 25.0019234], [121.543563, 25.0019856], [121.5435206, 25.0020321]]}}, {"type": "Feature", "properties": {"county": "台北市", "district": "文山區", "highway": "residential", "name": "汀州路三段230巷25弄"}, "geometry": {"type": "LineString", "coordinates": [[121.533876, 25.0101592], [121.5338423, 25.0101979], [121.5336902, 25.010302], [121.5336442, 25.0103371], [121.5336274, 25.0103497], [121.5334849, 25.0104402]]}}, {"type": "Feature", "properties": {"county": "台北市", "district": "文山區", "highway": "trunk_link", "name": "水源快速道路"}, "geometry": {"type": "LineString", "coordinates": [[121.5368228, 24.9981642], [121.5366979, 24.9982166]]}}, {"type": "Feature", "properties": {"county": "台北市", "district": "文山區", "highway": "unclassified", "name": "萬慶街"}, "geometry": {"type": "LineString", "coordinates": [[121.5370195, 24.9945576], [121.5362753, 24.9952051], [121.5361244, 24.9953553], [121.5359953, 24.995503], [121.5359026, 24.9956495], [121.5358032, 24.9958481]]}}, {"type": "Feature", "properties": {"county": "台北市", "district": "文山區", "highway": "unclassified", "name": "萬慶街"}, "geometry": {"type": "LineString", "coordinates": [[121.537147, 24.9944249], [121.5370195, 24.9945576]]}}, {"type": "Feature", "properties": {"county": "台北市", "district": "文山區", "highway": "residential", "name": null}, "geometry": {"type": "LineString", "coordinates": [[121.5547716, 24.9958615], [121.5546775, 24.995894], [121.5544557, 24.995885], [121.5544216, 24.9958964], [121.5544122, 24.995914], [121.5544105, 24.9959665], [121.5544077, 24.9960512], [121.5544185, 24.9960882], [121.554447, 24.996116], [121.5544852, 24.9961227], [121.5545546, 24.9961248], [121.5546008, 24.9961473]]}}, {"type": "Feature", "properties": {"county": "台北市", "district": "文山區", "highway": "residential", "name": "興隆路三段304巷"}, "geometry": {"type": "LineString", "coordinates": [[121.5566769, 24.9953189], [121.5565713, 24.9953065], [121.5565159, 24.995309], [121.5564563, 24.9953218], [121.5562851, 24.9953881], [121.5562328, 24.995423], [121.5562163, 24.995443], [121.5562044, 24.9954783], [121.5562014, 24.9955068], [121.5562048, 24.9957731], [121.5561961, 24.9958052], [121.5561793, 24.995827], [121.5561438, 24.995851], [121.5560891, 24.9958747], [121.5560201, 24.9958909], [121.5559428, 24.9959023], [121.5556079, 24.9958906], [121.5553157, 24.9958804], [121.5547716, 24.9958615]]}}, {"type": "Feature", "properties": {"county": "台北市", "district": "文山區", "highway": "residential", "name": "興隆路三段304巷"}, "geometry": {"type": "LineString", "coordinates": [[121.5586196, 24.9934319], [121.5585837, 24.9935147], [121.5585549, 24.9936033], [121.5584649, 24.9938774]]}}, {"type": "Feature", "properties": {"county": "台北市", "district": "文山區", "highway": "motorway", "name": "台北聯絡線"}, "geometry": {"type": "LineString", "coordinates": [[121.5655867, 25.0095388], [121.5652563, 25.0096469]]}}, {"type": "Feature", "properties": {"county": "台北市", "district": "文山區", "highway": "motorway", "name": "台北聯絡線"}, "geometry": {"type": "LineString", "coordinates": [[121.5653549, 25.0093532], [121.5656768, 25.009232]]}}, {"type": "Feature", "properties": {"county": "台北市", "district": "文山區", "highway": "trunk_link", "name": null}, "geometry": {"type": "LineString", "coordinates": [[121.532629, 24.991047], [121.5322908, 24.9906182]]}}, {"type": "Feature", "properties": {"county": "台北市", "district": "文山區", "highway": "trunk_link", "name": null}, "geometry": {"type": "LineString", "coordinates": [[121.5323364, 24.9905887], [121.5326696, 24.9910216]]}}, {"type": "Feature", "properties": {"county": "台北市", "district": "文山區", "highway": "secondary", "name": "秀朗大橋"}, "geometry": {"type": "LineString", "coordinates": [[121.5337204, 24.9881282], [121.5330656, 24.9883132], [121.532893, 24.9883666], [121.5327671, 24.9884108], [121.5321136, 24.9886475], [121.5319818, 24.9886887]]}}, {"type": "Feature", "properties": {"county": "台北市", "district": "文山區", "highway": "secondary", "name": "秀朗大橋"}, "geometry": {"type": "LineString", "coordinates": [[121.531947, 24.9885955], [121.532063, 24.9885614], [121.5324566, 24.9884319], [121.5336911, 24.9880259]]}}, {"type": "Feature", "properties": {"county": "台北市", "district": "文山區", "highway": "tertiary", "name": "新光路二段"}, "geometry": {"type": "LineString", "coordinates": [[121.5780856, 24.9973962], [121.5788439, 24.9978534], [121.5793844, 24.9981752]]}}, {"type": "Feature", "properties": {"county": "台北市", "district": "文山區", "highway": "tertiary", "name": "新光路二段"}, "geometry": {"type": "LineString", "coordinates": [[121.5764145, 24.9964066], [121.5764998, 24.9964558], [121.5770779, 24.9967884]]}}, {"type": "Feature", "properties": {"county": "台北市", "district": "文山區", "highway": "tertiary", "name": "新光路二段"}, "geometry": {"type": "LineString", "coordinates": [[121.575568, 24.9958893], [121.575731, 24.9959635], [121.5763202, 24.9963236], [121.5764145, 24.9964066]]}}, {"type": "Feature", "properties": {"county": "台北市", "district": "文山區", "highway": "tertiary", "name": "新光路二段"}, "geometry": {"type": "LineString", "coordinates": [[121.5770779, 24.9967884], [121.577239, 24.9968484], [121.5780322, 24.9973172], [121.5780856, 24.9973962]]}}, {"type": "Feature", "properties": {"county": "台北市", "district": "文山區", "highway": "tertiary", "name": "新光路二段"}, "geometry": {"type": "LineString", "coordinates": [[121.5771257, 24.9970137], [121.5769681, 24.9969547], [121.5766409, 24.996757], [121.5763903, 24.9966068], [121.5763274, 24.9965209]]}}, {"type": "Feature", "properties": {"county": "台北市", "district": "文山區", "highway": "tertiary", "name": "新光路二段"}, "geometry": {"type": "LineString", "coordinates": [[121.5798879, 24.9986921], [121.5797449, 24.9985758], [121.5792035, 24.998252], [121.5779179, 24.9974813], [121.5771257, 24.9970137]]}}, {"type": "Feature", "properties": {"county": "台北市", "district": "文山區", "highway": "tertiary", "name": "新光路二段"}, "geometry": {"type": "LineString", "coordinates": [[121.5793844, 24.9981752], [121.5794606, 24.9981927], [121.5801289, 24.9985892], [121.5801756, 24.9986532]]}}, {"type": "Feature", "properties": {"county": "台北市", "district": "文山區", "highway": "tertiary", "name": "新光路二段"}, "geometry": {"type": "LineString", "coordinates": [[121.5811766, 24.9994641], [121.58, 24.9987593], [121.5798879, 24.9986921]]}}, {"type": "Feature", "properties": {"county": "台北市", "district": "文山區", "highway": "secondary", "name": "木新路二段"}, "geometry": {"type": "LineString", "coordinates": [[121.5692793, 24.98413], [121.5688717, 24.9839919], [121.5688079, 24.9839699], [121.5686729, 24.9839246], [121.5677708, 24.983619], [121.5674786, 24.9835376], [121.5673291, 24.983485], [121.5667696, 24.9832885], [121.5667134, 24.9832726], [121.5666234, 24.9832416], [121.5658361, 24.9829704], [121.5658031, 24.982959], [121.5656754, 24.982915]]}}, {"type": "Feature", "properties": {"county": "台北市", "district": "文山區", "highway": "unclassified", "name": "恆光橋"}, "geometry": {"type": "LineString", "coordinates": [[121.5670658, 24.9824289], [121.5672395, 24.9816891]]}}, {"type": "Feature", "properties": {"county": "台北市", "district": "文山區", "highway": "residential", "name": "木新路二段79巷12弄"}, "geometry": {"type": "LineString", "coordinates": [[121.5675171, 24.9816355], [121.5676888, 24.9817011], [121.5680235, 24.9818541], [121.5685813, 24.9821576], [121.5688002, 24.9822682], [121.5689283, 24.9823358], [121.5693716, 24.9825781], [121.5694047, 24.982597], [121.569682, 24.9827429], [121.5700149, 24.9829771], [121.570241, 24.9831543], [121.5703991, 24.9832997], [121.5705901, 24.9835048], [121.5707454, 24.9837076], [121.5708752, 24.9839266], [121.5709729, 24.9841257], [121.5710824, 24.9843325], [121.5711449, 24.9845213], [121.5712214, 24.9848879], [121.5712303, 24.9849665]]}}, {"type": "Feature", "properties": {"county": "台北市", "district": "文山區", "highway": "residential", "name": null}, "geometry": {"type": "LineString", "coordinates": [[121.5670651, 24.9815591], [121.5671908, 24.9815625], [121.5673738, 24.9815929], [121.5675171, 24.9816355]]}}, {"type": "Feature", "properties": {"county": "台北市", "district": "文山區", "highway": "residential", "name": "一壽街64巷"}, "geometry": {"type": "LineString", "coordinates": [[121.5567968, 24.9788114], [121.5570857, 24.9788461]]}}, {"type": "Feature", "properties": {"county": "台北市", "district": "文山區", "highway": "residential", "name": null}, "geometry": {"type": "LineString", "coordinates": [[121.5830698, 24.9627005], [121.5828412, 24.9627286], [121.5826807, 24.9627803], [121.582613, 24.9628321]]}}, {"type": "Feature", "properties": {"county": "台北市", "district": "文山區", "highway": "residential", "name": null}, "geometry": {"type": "LineString", "coordinates": [[121.5803141, 24.9607699], [121.5804204, 24.9610447], [121.5804881, 24.9611556], [121.5804691, 24.9611869], [121.5803158, 24.9612192]]}}, {"type": "Feature", "properties": {"county": "台北市", "district": "文山區", "highway": "unclassified", "name": null}, "geometry": {"type": "LineString", "coordinates": [[121.5397204, 24.9884919], [121.5397614, 24.9884906]]}}, {"type": "Feature", "properties": {"county": "台北市", "district": "文山區", "highway": "unclassified", "name": null}, "geometry": {"type": "LineString", "coordinates": [[121.5394656, 24.9885065], [121.5395351, 24.9884988]]}}, {"type": "Feature", "properties": {"county": "台北市", "district": "文山區", "highway": "residential", "name": "辛亥路四段209巷"}, "geometry": {"type": "LineString", "coordinates": [[121.5568654, 25.0020748], [121.5556456, 25.0023972], [121.5555998, 25.0024107]]}}, {"type": "Feature", "properties": {"county": "台北市", "district": "文山區", "highway": "secondary_link", "name": "辛亥路七段"}, "geometry": {"type": "LineString", "coordinates": [[121.5536363, 24.981316], [121.5536004, 24.9812253], [121.5536148, 24.9810599]]}}, {"type": "Feature", "properties": {"county": "台北市", "district": "文山區", "highway": "secondary_link", "name": "辛亥路七段"}, "geometry": {"type": "LineString", "coordinates": [[121.5537993, 24.980786], [121.5536926, 24.9810971], [121.5536768, 24.9811983], [121.5536363, 24.981316]]}}, {"type": "Feature", "properties": {"county": "台北市", "district": "文山區", "highway": "tertiary", "name": "寶橋"}, "geometry": {"type": "LineString", "coordinates": [[121.5539861, 24.9800471], [121.5536524, 24.9799507], [121.5535528, 24.9798835]]}}, {"type": "Feature", "properties": {"county": "台北市", "district": "文山區", "highway": "secondary", "name": "木新路三段"}, "geometry": {"type": "LineString", "coordinates": [[121.5540109, 24.9799808], [121.5541083, 24.9800085]]}}, {"type": "Feature", "properties": {"county": "台北市", "district": "文山區", "highway": "secondary", "name": "木新路三段"}, "geometry": {"type": "LineString", "coordinates": [[121.5546344, 24.9801872], [121.5541305, 24.9800808], [121.5539861, 24.9800471]]}}, {"type": "Feature", "properties": {"county": "台北市", "district": "文山區", "highway": "tertiary", "name": "寶橋"}, "geometry": {"type": "LineString", "coordinates": [[121.5535528, 24.9798835], [121.5536799, 24.9798851], [121.5540109, 24.9799808]]}}, {"type": "Feature", "properties": {"county": "台北市", "district": "文山區", "highway": "residential", "name": "和平東路三段606巷"}, "geometry": {"type": "LineString", "coordinates": [[121.560868, 25.0128053], [121.5606311, 25.0127608], [121.5603742, 25.0127554]]}}, {"type": "Feature", "properties": {"county": "台北市", "district": "文山區", "highway": "residential", "name": "和平東路三段606巷"}, "geometry": {"type": "LineString", "coordinates": [[121.5603742, 25.0127554], [121.5602563, 25.0127551]]}}, {"type": "Feature", "properties": {"county": "台北市", "district": "文山區", "highway": "residential", "name": "試院路"}, "geometry": {"type": "LineString", "coordinates": [[121.5473206, 24.9900261], [121.5478786, 24.9899442]]}}, {"type": "Feature", "properties": {"county": "台北市", "district": "文山區", "highway": "residential", "name": "試院路"}, "geometry": {"type": "LineString", "coordinates": [[121.5469815, 24.9899871], [121.5471327, 24.9899767], [121.5473206, 24.9900261]]}}, {"type": "Feature", "properties": {"county": "台北市", "district": "文山區", "highway": "residential", "name": "試院路"}, "geometry": {"type": "LineString", "coordinates": [[121.548092, 24.9888806], [121.5483641, 24.9889447], [121.5484038, 24.9889482], [121.5484331, 24.9889228], [121.5485129, 24.9888268], [121.548641, 24.9885409], [121.5486612, 24.9884573], [121.5486464, 24.9883768]]}}, {"type": "Feature", "properties": {"county": "台北市", "district": "文山區", "highway": "residential", "name": "試院路"}, "geometry": {"type": "LineString", "coordinates": [[121.5486464, 24.9883768], [121.5487915, 24.9878658]]}}, {"type": "Feature", "properties": {"county": "台北市", "district": "文山區", "highway": "residential", "name": "試院路4巷"}, "geometry": {"type": "LineString", "coordinates": [[121.5497053, 24.9881334], [121.5504557, 24.9882582]]}}, {"type": "Feature", "properties": {"county": "台北市", "district": "文山區", "highway": "residential", "name": "木柵路一段191巷"}, "geometry": {"type": "LineString", "coordinates": [[121.5512299, 24.9883799], [121.5508432, 24.9883184], [121.5504557, 24.9882582]]}}, {"type": "Feature", "properties": {"county": "台北市", "district": "文山區", "highway": "residential", "name": "和興路26巷"}, "geometry": {"type": "LineString", "coordinates": [[121.5453275, 24.9854093], [121.5454804, 24.9854115], [121.5456667, 24.985421], [121.5459443, 24.9854326], [121.546186, 24.9854427], [121.5464053, 24.9854518]]}}, {"type": "Feature", "properties": {"county": "台北市", "district": "文山區", "highway": "unclassified", "name": "聯外道路"}, "geometry": {"type": "LineString", "coordinates": [[121.551976, 25.0141307], [121.5517954, 25.0142767], [121.5516934, 25.0143386], [121.5516016, 25.0143807], [121.5514943, 25.0144163], [121.5513506, 25.014444], [121.5512128, 25.014451], [121.5507721, 25.0144405], [121.5506401, 25.0144373], [121.55048, 25.0144198], [121.5502822, 25.0143795], [121.550125, 25.0143394], [121.5495198, 25.0141367]]}}, {"type": "Feature", "properties": {"county": "台北市", "district": "文山區", "highway": "trunk_link", "name": "環河路"}, "geometry": {"type": "LineString", "coordinates": [[121.5368234, 24.9637687], [121.5368586, 24.9636119], [121.5368734, 24.9633329], [121.5369223, 24.9630819], [121.53706, 24.9616769], [121.5370749, 24.9614695], [121.5370912, 24.9613702]]}}, {"type": "Feature", "properties": {"county": "台北市", "district": "文山區", "highway": "secondary", "name": "北深路三段"}, "geometry": {"type": "LineString", "coordinates": [[121.5967178, 25.0051601], [121.5967474, 25.005162], [121.59691, 25.0051664], [121.5971803, 25.0050806]]}}, {"type": "Feature", "properties": {"county": "台北市", "district": "文山區", "highway": "secondary", "name": "萬安橋"}, "geometry": {"type": "LineString", "coordinates": [[121.5971803, 25.0050806], [121.5973336, 25.0050355]]}}, {"type": "Feature", "properties": {"county": "台北市", "district": "文山區", "highway": "primary", "name": "羅斯福路大客車專用道"}, "geometry": {"type": "LineString", "coordinates": [[121.5340159, 25.0150884], [121.53391, 25.0152172], [121.5336089, 25.0155016], [121.532966, 25.0161237], [121.5329112, 25.016178], [121.5327708, 25.0163548]]}}, {"type": "Feature", "properties": {"county": "台北市", "district": "文山區", "highway": "primary", "name": "羅斯福路大客車專用道"}, "geometry": {"type": "LineString", "coordinates": [[121.5340159, 25.0150884], [121.5338878, 25.0151996], [121.5329416, 25.016102], [121.532888, 25.0161569], [121.532726, 25.0163178], [121.5326281, 25.0164138]]}}, {"type": "Feature", "properties": {"county": "台北市", "district": "文山區", "highway": "unclassified", "name": "寶高便道"}, "geometry": {"type": "LineString", "coordinates": [[121.5506311, 24.9734547], [121.5507319, 24.9734543], [121.5508608, 24.9734617], [121.551153, 24.973512], [121.5512237, 24.9735208], [121.5518012, 24.9735029], [121.5518594, 24.9735096], [121.5519073, 24.9735368], [121.5519379, 24.9735848], [121.5520155, 24.9737665]]}}, {"type": "Feature", "properties": {"county": "台北市", "district": "文山區", "highway": "unclassified", "name": "寶高便道"}, "geometry": {"type": "LineString", "coordinates": [[121.5525183, 24.9739317], [121.5525818, 24.9739456], [121.5530805, 24.9740544], [121.5531841, 24.974058], [121.553305, 24.9740457]]}}, {"type": "Feature", "properties": {"county": "台北市", "district": "文山區", "highway": "unclassified", "name": "寶高便道"}, "geometry": {"type": "LineString", "coordinates": [[121.5520155, 24.9737665], [121.5520379, 24.9737976], [121.5520716, 24.9738261], [121.5521137, 24.9738435], [121.5523389, 24.9738926], [121.5524391, 24.9739145]]}}, {"type": "Feature", "properties": {"county": "台北市", "district": "文山區", "highway": "unclassified", "name": "寶高便道"}, "geometry": {"type": "LineString", "coordinates": [[121.5524391, 24.9739145], [121.5525183, 24.9739317]]}}, {"type": "Feature", "properties": {"county": "台北市", "district": "文山區", "highway": "unclassified", "name": "寶高便道"}, "geometry": {"type": "LineString", "coordinates": [[121.553305, 24.9740457], [121.5531631, 24.9741131], [121.5530581, 24.9741258], [121.5529716, 24.9741194], [121.5525916, 24.9740364], [121.5525542, 24.9740282], [121.5524588, 24.9740074]]}}, {"type": "Feature", "properties": {"county": "台北市", "district": "文山區", "highway": "unclassified", "name": "寶高便道"}, "geometry": {"type": "LineString", "coordinates": [[121.553305, 24.9740457], [121.5534116, 24.974009], [121.5535043, 24.9739708]]}}, {"type": "Feature", "properties": {"county": "台北市", "district": "文山區", "highway": "unclassified", "name": "寶高便道"}, "geometry": {"type": "LineString", "coordinates": [[121.5535043, 24.9739708], [121.5538778, 24.9738084]]}}, {"type": "Feature", "properties": {"county": "台北市", "district": "文山區", "highway": "unclassified", "name": "寶高便道"}, "geometry": {"type": "LineString", "coordinates": [[121.5524588, 24.9740074], [121.5523798, 24.9739901], [121.552249, 24.9739615], [121.5520342, 24.9739146], [121.5519623, 24.9738896], [121.5519015, 24.9738505], [121.5518635, 24.9737987], [121.5518354, 24.9736997], [121.5518081, 24.9736567], [121.5517777, 24.9736299], [121.5517046, 24.9736129], [121.5516163, 24.9736099], [121.5500638, 24.9736568], [121.5492481, 24.9736814], [121.5492213, 24.9736822], [121.5491945, 24.973683]]}}, {"type": "Feature", "properties": {"county": "台北市", "district": "文山區", "highway": "unclassified", "name": "寶高便道"}, "geometry": {"type": "LineString", "coordinates": [[121.5491945, 24.973683], [121.5485201, 24.9737034], [121.5484638, 24.9737051], [121.5483765, 24.9737078]]}}, {"type": "Feature", "properties": {"county": "台北市", "district": "文山區", "highway": "residential", "name": "寶高便道"}, "geometry": {"type": "LineString", "coordinates": [[121.5483675, 24.9735324], [121.5484615, 24.9735297], [121.5491328, 24.9735107], [121.5491601, 24.9735099], [121.5491916, 24.973509]]}}, {"type": "Feature", "properties": {"county": "台北市", "district": "文山區", "highway": "residential", "name": "寶興路"}, "geometry": {"type": "LineString", "coordinates": [[121.549188, 24.9732934], [121.5491908, 24.9734554], [121.5491912, 24.9734811], [121.5491916, 24.973509], [121.549192, 24.9735316], [121.549193, 24.9735871], [121.5491941, 24.9736549], [121.5491945, 24.973683]]}}, {"type": "Feature", "properties": {"county": "台北市", "district": "文山區", "highway": "residential", "name": "寶興路"}, "geometry": {"type": "LineString", "coordinates": [[121.5491945, 24.973683], [121.5491643, 24.9737159], [121.5489255, 24.9739408]]}}, {"type": "Feature", "properties": {"county": "台北市", "district": "文山區", "highway": "motorway_link", "name": "新店交流道"}, "geometry": {"type": "LineString", "coordinates": [[121.5521235, 24.9735748], [121.5512684, 24.9735579]]}}, {"type": "Feature", "properties": {"county": "台北市", "district": "文山區", "highway": "motorway_link", "name": "新店交流道"}, "geometry": {"type": "LineString", "coordinates": [[121.5532921, 24.9737363], [121.5530659, 24.9736853], [121.5527777, 24.9736343], [121.5524101, 24.9735925], [121.5521235, 24.9735748]]}}, {"type": "Feature", "properties": {"county": "台北市", "district": "文山區", "highway": "motorway", "name": "福爾摩沙高速公路"}, "geometry": {"type": "LineString", "coordinates": [[121.5515113, 24.9712624], [121.5512701, 24.9709636]]}}, {"type": "Feature", "properties": {"county": "台北市", "district": "文山區", "highway": "motorway", "name": "台北聯絡線"}, "geometry": {"type": "LineString", "coordinates": [[121.5638132, 25.0102453], [121.5640686, 25.0100621], [121.564294, 25.0099045], [121.5645418, 25.0097519], [121.5648179, 25.0096029], [121.565094, 25.0094634], [121.5653549, 25.0093532]]}}, {"type": "Feature", "properties": {"county": "台北市", "district": "文山區", "highway": "residential", "name": null}, "geometry": {"type": "LineString", "coordinates": [[121.6145236, 24.9851997], [121.6144674, 24.9852831], [121.61445, 24.9853943], [121.6144269, 24.9854279], [121.6143521, 24.9854721]]}}, {"type": "Feature", "properties": {"county": "台北市", "district": "文山區", "highway": "secondary", "name": "新光路二段"}, "geometry": {"type": "LineString", "coordinates": [[121.6000751, 25.0020364], [121.6000494, 25.0019498]]}}, {"type": "Feature", "properties": {"county": "台北市", "district": "文山區", "highway": "residential", "name": "和平東路四段65巷9弄"}, "geometry": {"type": "LineString", "coordinates": [[121.5672533, 25.0072351], [121.5671549, 25.0072193], [121.5668535, 25.007171]]}}, {"type": "Feature", "properties": {"county": "台北市", "district": "文山區", "highway": "residential", "name": "和平東路四段65巷9弄"}, "geometry": {"type": "LineString", "coordinates": [[121.5673799, 25.0060258], [121.5672042, 25.0061568], [121.5671613, 25.006285], [121.5671443, 25.0064377], [121.5670391, 25.0070654], [121.5670701, 25.0071236], [121.5671549, 25.0072193]]}}, {"type": "Feature", "properties": {"county": "台北市", "district": "文山區", "highway": "residential", "name": "和興路26巷11弄"}, "geometry": {"type": "LineString", "coordinates": [[121.5459061, 24.9845418], [121.5457663, 24.9842354], [121.5456823, 24.9840723]]}}, {"type": "Feature", "properties": {"county": "台北市", "district": "文山區", "highway": "secondary", "name": "木柵路五段"}, "geometry": {"type": "LineString", "coordinates": [[121.582097, 25.0024158], [121.5825392, 25.0025626], [121.5829177, 25.0026717], [121.5832255, 25.0027596], [121.5835718, 25.0028472], [121.5836431, 25.0028622], [121.583965, 25.0029325]]}}, {"type": "Feature", "properties": {"county": "台北市", "district": "文山區", "highway": "residential", "name": "木柵路五段"}, "geometry": {"type": "LineString", "coordinates": [[121.5880288, 25.0026494], [121.5877623, 25.0028172], [121.5875851, 25.0029294], [121.587515, 25.0029613], [121.587475, 25.0029676], [121.5874378, 25.0029632], [121.587349, 25.0029442]]}}, {"type": "Feature", "properties": {"county": "台北市", "district": "文山區", "highway": "secondary", "name": "木柵路五段"}, "geometry": {"type": "LineString", "coordinates": [[121.5878685, 25.0024357], [121.5880693, 25.0022143], [121.5885499, 25.0016844], [121.588678, 25.0015516], [121.588878, 25.0013579]]}}, {"type": "Feature", "properties": {"county": "台北市", "district": "文山區", "highway": "secondary", "name": "木柵路五段"}, "geometry": {"type": "LineString", "coordinates": [[121.5961501, 25.0045259], [121.5962848, 25.0048944]]}}, {"type": "Feature", "properties": {"county": "台北市", "district": "文山區", "highway": "secondary", "name": "木柵路五段"}, "geometry": {"type": "LineString", "coordinates": [[121.5960837, 25.0043501], [121.5961501, 25.0045259]]}}, {"type": "Feature", "properties": {"county": "台北市", "district": "文山區", "highway": "secondary", "name": "北深路三段"}, "geometry": {"type": "LineString", "coordinates": [[121.5964522, 25.0050836], [121.5965488, 25.0051226], [121.596573, 25.0051294]]}}, {"type": "Feature", "properties": {"county": "台北市", "district": "文山區", "highway": "secondary", "name": "木柵路五段"}, "geometry": {"type": "LineString", "coordinates": [[121.5949509, 25.0016788], [121.5948813, 25.0015376], [121.5942942, 24.9990253], [121.5942763, 24.9989489]]}}, {"type": "Feature", "properties": {"county": "台北市", "district": "文山區", "highway": "secondary", "name": "木柵路五段"}, "geometry": {"type": "LineString", "coordinates": [[121.5943731, 24.9989314], [121.5949573, 25.0015239], [121.5949509, 25.0016788]]}}, {"type": "Feature", "properties": {"county": "台北市", "district": "文山區", "highway": "secondary", "name": "木柵路五段"}, "geometry": {"type": "LineString", "coordinates": [[121.5959774, 25.0040686], [121.5960837, 25.0043501]]}}, {"type": "Feature", "properties": {"county": "台北市", "district": "文山區", "highway": "tertiary", "name": "新光路二段"}, "geometry": {"type": "LineString", "coordinates": [[121.583711, 25.0009603], [121.584013, 25.0011592]]}}, {"type": "Feature", "properties": {"county": "台北市", "district": "文山區", "highway": "secondary", "name": "基隆路四段"}, "geometry": {"type": "LineString", "coordinates": [[121.5361574, 25.0110295], [121.5359467, 25.0109817], [121.5357578, 25.0109091], [121.5354925, 25.0107709], [121.5352534, 25.01064]]}}, {"type": "Feature", "properties": {"county": "台北市", "district": "文山區", "highway": "trunk", "name": "基隆路高架道路"}, "geometry": {"type": "LineString", "coordinates": [[121.5352778, 25.0106073], [121.5351784, 25.0105463], [121.5348921, 25.010367], [121.5346279, 25.0101908], [121.5342076, 25.0098992], [121.5340908, 25.0098553]]}}, {"type": "Feature", "properties": {"county": "台北市", "district": "文山區", "highway": "secondary", "name": "基隆路四段"}, "geometry": {"type": "LineString", "coordinates": [[121.5353483, 25.0105126], [121.5357586, 25.0107467], [121.5359938, 25.0108483], [121.5362231, 25.0109121]]}}, {"type": "Feature", "properties": {"county": "台北市", "district": "文山區", "highway": "unclassified", "name": "銀河路"}, "geometry": {"type": "LineString", "coordinates": [[121.5803899, 24.960831], [121.5804205, 24.960788], [121.580439, 24.9605889], [121.5804859, 24.9604001], [121.5805917, 24.960256], [121.5807684, 24.9602141], [121.5809987, 24.9602125]]}}, {"type": "Feature", "properties": {"county": "台北市", "district": "文山區", "highway": "unclassified", "name": "銀河路"}, "geometry": {"type": "LineString", "coordinates": [[121.5803899, 24.960831], [121.5804645, 24.9609846], [121.5806256, 24.9611044], [121.5807578, 24.961216], [121.5809237, 24.9614143], [121.5810435, 24.9616235], [121.581272, 24.9619258], [121.5812945, 24.9619626], [121.5812735, 24.962022], [121.5812154, 24.9620563], [121.5811054, 24.9620672], [121.5809281, 24.962148], [121.5804894, 24.9622104], [121.5802163, 24.9624845], [121.580029, 24.9625058], [121.579647, 24.9624386], [121.5794967, 24.9624701], [121.5793434, 24.9625712], [121.579031, 24.9627455], [121.5789044, 24.9627355], [121.5787505, 24.9626472], [121.5785145, 24.9626891], [121.5783932, 24.9627572], [121.5782079, 24.9629072], [121.5781433, 24.9631339], [121.5780689, 24.9632186], [121.5779369, 24.9632193], [121.5778006, 24.9631488], [121.5777555, 24.9631607], [121.5777213, 24.9631967], [121.5779304, 24.9633363], [121.5781137, 24.9634852], [121.5785663, 24.9636701], [121.5786474, 24.9637835], [121.5787902, 24.9638978], [121.5788449, 24.9639933], [121.5788471, 24.9640917], [121.5788193, 24.9641623], [121.5788363, 24.9641894], [121.5788632, 24.9641903], [121.5789093, 24.9641291], [121.5789777, 24.9640634], [121.5790749, 24.9640735], [121.5792354, 24.9641711], [121.5792779, 24.9643104], [121.5792931, 24.964445], [121.5793164, 24.9644684], [121.5793722, 24.9644664], [121.5794499, 24.9644031], [121.5795308, 24.9642993], [121.5796088, 24.9642642], [121.5796964, 24.9642762], [121.5798275, 24.9644048], [121.5799395, 24.9644474], [121.5800351, 24.9644766], [121.5802378, 24.9644607], [121.580336, 24.9645075], [121.5804005, 24.9646008], [121.5804723, 24.9646859], [121.5805542, 24.9647915], [121.5806624, 24.9648245], [121.5807777, 24.9648091], [121.5812155, 24.9647059], [121.5812808, 24.9647561], [121.5813351, 24.9648611], [121.5813889, 24.9648935]]}}, {"type": "Feature", "properties": {"county": "台北市", "district": "文山區", "highway": "unclassified", "name": "銀河路"}, "geometry": {"type": "LineString", "coordinates": [[121.5827006, 24.9640676], [121.5825669, 24.9641495], [121.5823506, 24.9642171], [121.5818785, 24.964378], [121.5815095, 24.9646101], [121.5814161, 24.964778], [121.581409, 24.9648563], [121.5813889, 24.9648935]]}}, {"type": "Feature", "properties": {"county": "台北市", "district": "文山區", "highway": "motorway_link", "name": null}, "geometry": {"type": "LineString", "coordinates": [[121.5688424, 24.9763532], [121.5697867, 24.9761312], [121.5699351, 24.9760774], [121.5699949, 24.9760529]]}}, {"type": "Feature", "properties": {"county": "台北市", "district": "文山區", "highway": "tertiary", "name": "萬壽路"}, "geometry": {"type": "LineString", "coordinates": [[121.5770087, 24.9886581], [121.5771071, 24.9886806], [121.5771663, 24.9886942], [121.5775154, 24.9887744], [121.577585, 24.9887904]]}}, {"type": "Feature", "properties": {"county": "台北市", "district": "文山區", "highway": "tertiary", "name": "指南路三段"}, "geometry": {"type": "LineString", "coordinates": [[121.5799536, 24.9853459], [121.5799694, 24.9853025], [121.5800896, 24.9849705]]}}, {"type": "Feature", "properties": {"county": "台北市", "district": "文山區", "highway": "tertiary", "name": "指南路二段"}, "geometry": {"type": "LineString", "coordinates": [[121.5772105, 24.9873592], [121.5772561, 24.9873504], [121.5776985, 24.9872571], [121.5778397, 24.9872295], [121.5780669, 24.9871786], [121.5781523, 24.987158], [121.5781939, 24.987144]]}}, {"type": "Feature", "properties": {"county": "台北市", "district": "文山區", "highway": "unclassified", "name": "研究院路四段"}, "geometry": {"type": "LineString", "coordinates": [[121.5883772, 25.016331], [121.5878504, 25.0160905], [121.5873591, 25.0156661], [121.5867854, 25.0152264], [121.586467, 25.0150058], [121.5862426, 25.0149293], [121.5858749, 25.0148727], [121.5856203, 25.0148575], [121.585392, 25.0148446], [121.5852614, 25.0147997], [121.5849964, 25.0145823], [121.5848623, 25.0145199], [121.5845277, 25.0144251], [121.5844256, 25.014374], [121.5843517, 25.0143036], [121.5842187, 25.0140712], [121.5841424, 25.0139679], [121.5840075, 25.013853], [121.5838721, 25.013788], [121.5835261, 25.0137133], [121.5831294, 25.0135702], [121.582892, 25.0134155], [121.5826554, 25.0133408], [121.5824156, 25.0133268], [121.5821866, 25.0132977]]}}, {"type": "Feature", "properties": {"county": "台北市", "district": "文山區", "highway": "unclassified", "name": "安業街"}, "geometry": {"type": "LineString", "coordinates": [[121.5317949, 24.9610666], [121.5317095, 24.960814]]}}, {"type": "Feature", "properties": {"county": "台北市", "district": "文山區", "highway": "unclassified", "name": "安業街"}, "geometry": {"type": "LineString", "coordinates": [[121.5320452, 24.9608339], [121.5317949, 24.9610666]]}}, {"type": "Feature", "properties": {"county": "台北市", "district": "文山區", "highway": "tertiary", "name": "新光路二段"}, "geometry": {"type": "LineString", "coordinates": [[121.584301, 25.0000134], [121.5856212, 24.9998376], [121.5857038, 24.9998226], [121.5857865, 24.9997952], [121.58642, 24.9995496], [121.5864666, 24.9995418], [121.5865459, 24.9995411], [121.5866311, 24.9995527], [121.5868243, 24.9995955], [121.58694, 24.9996212]]}}, {"type": "Feature", "properties": {"county": "台北市", "district": "文山區", "highway": "residential", "name": null}, "geometry": {"type": "LineString", "coordinates": [[121.607457, 24.9987224], [121.6075252, 24.9989924], [121.6074018, 24.9990265], [121.606978, 24.9990909], [121.6068774, 24.9991541], [121.6066428, 24.9992173], [121.6063021, 24.9993121]]}}, {"type": "Feature", "properties": {"county": "台北市", "district": "文山區", "highway": "residential", "name": null}, "geometry": {"type": "LineString", "coordinates": [[121.6156159, 24.9990675], [121.6135509, 24.9989229], [121.6134486, 24.9989143]]}}, {"type": "Feature", "properties": {"county": "台北市", "district": "文山區", "highway": "residential", "name": null}, "geometry": {"type": "LineString", "coordinates": [[121.6141166, 24.9982281], [121.6141771, 24.9980869], [121.6142162, 24.9979552]]}}, {"type": "Feature", "properties": {"county": "台北市", "district": "文山區", "highway": "residential", "name": null}, "geometry": {"type": "LineString", "coordinates": [[121.6192929, 24.992269], [121.6194543, 24.9920234], [121.6194765, 24.9919541], [121.6194604, 24.9918891]]}}, {"type": "Feature", "properties": {"county": "台北市", "district": "文山區", "highway": "unclassified", "name": null}, "geometry": {"type": "LineString", "coordinates": [[121.6196084, 24.9920743], [121.619791, 24.9921788]]}}, {"type": "Feature", "properties": {"county": "台北市", "district": "文山區", "highway": "residential", "name": null}, "geometry": {"type": "LineString", "coordinates": [[121.6034134, 24.9848586], [121.6035032, 24.9848224], [121.6036709, 24.984888], [121.6038807, 24.9849391], [121.6040095, 24.9848941], [121.6040678, 24.9849032]]}}, {"type": "Feature", "properties": {"county": "台北市", "district": "文山區", "highway": "residential", "name": null}, "geometry": {"type": "LineString", "coordinates": [[121.603818, 24.985568], [121.6037743, 24.985533], [121.6037238, 24.9855111], [121.6036571, 24.9854796], [121.6035865, 24.9854524], [121.6034929, 24.9854335], [121.6034031, 24.9854337], [121.6032543, 24.9854351], [121.603153, 24.9854223], [121.6030493, 24.9853924], [121.6029662, 24.9853211], [121.6029353, 24.9852691]]}}, {"type": "Feature", "properties": {"county": "台北市", "district": "文山區", "highway": "residential", "name": null}, "geometry": {"type": "LineString", "coordinates": [[121.613277, 24.9975503], [121.6134998, 24.9975849], [121.6135454, 24.9976117], [121.6135635, 24.9976494]]}}, {"type": "Feature", "properties": {"county": "台北市", "district": "文山區", "highway": "residential", "name": "景興路42巷8弄"}, "geometry": {"type": "LineString", "coordinates": [[121.5427483, 24.997468], [121.5427884, 24.99698]]}}, {"type": "Feature", "properties": {"county": "台北市", "district": "文山區", "highway": "residential", "name": "景豐街"}, "geometry": {"type": "LineString", "coordinates": [[121.5460919, 25.0000244], [121.5462799, 24.9996229], [121.5463357, 24.9995033]]}}, {"type": "Feature", "properties": {"county": "台北市", "district": "文山區", "highway": "residential", "name": "福興路21巷"}, "geometry": {"type": "LineString", "coordinates": [[121.5513995, 25.0027361], [121.551371, 25.0027045], [121.5513225, 25.0026457], [121.5512542, 25.002563], [121.5512304, 25.0025413]]}}, {"type": "Feature", "properties": {"county": "台北市", "district": "文山區", "highway": "residential", "name": "木新路三段127巷12弄"}, "geometry": {"type": "LineString", "coordinates": [[121.5612864, 24.9810798], [121.5618014, 24.9811994], [121.5621622, 24.9812822]]}}, {"type": "Feature", "properties": {"county": "台北市", "district": "文山區", "highway": "residential", "name": null}, "geometry": {"type": "LineString", "coordinates": [[121.5644628, 24.9815706], [121.5646957, 24.9816791], [121.5648614, 24.9817533], [121.5650412, 24.9818148], [121.5652209, 24.98184], [121.5654295, 24.9818684], [121.5655683, 24.9818662], [121.5656443, 24.9818564], [121.5656742, 24.981853], [121.5657047, 24.981839], [121.5658933, 24.9818016], [121.5661182, 24.9817272], [121.5664121, 24.9816345], [121.5666059, 24.9815911], [121.5668582, 24.9815645], [121.5670651, 24.9815591]]}}, {"type": "Feature", "properties": {"county": "台北市", "district": "文山區", "highway": "residential", "name": "木新路二段161巷12弄"}, "geometry": {"type": "LineString", "coordinates": [[121.5680606, 24.9828178], [121.5682279, 24.9828708], [121.5686628, 24.9830068], [121.5691196, 24.9831531], [121.5691467, 24.9831617], [121.5691933, 24.9831767]]}}, {"type": "Feature", "properties": {"county": "台北市", "district": "文山區", "highway": "residential", "name": "木新路二段79巷12弄"}, "geometry": {"type": "LineString", "coordinates": [[121.5704386, 24.9836749], [121.5705929, 24.9837809], [121.57079, 24.983949], [121.5709729, 24.9841257]]}}, {"type": "Feature", "properties": {"county": "台北市", "district": "文山區", "highway": "residential", "name": "木新路二段69巷11弄"}, "geometry": {"type": "LineString", "coordinates": [[121.5713505, 24.9856578], [121.5713949, 24.985959], [121.5714086, 24.9860741], [121.5714761, 24.9864837], [121.5714974, 24.9866132], [121.5715215, 24.9867334], [121.5715673, 24.9868443], [121.5717338, 24.987136], [121.5717451, 24.9871672], [121.5717901, 24.9872736], [121.5718124, 24.9873327], [121.5718043, 24.9874057], [121.5717567, 24.987503], [121.5717231, 24.9875529], [121.571688, 24.9875935]]}}, {"type": "Feature", "properties": {"county": "台北市", "district": "文山區", "highway": "residential", "name": "木新路二段79巷"}, "geometry": {"type": "LineString", "coordinates": [[121.5712303, 24.9849665], [121.5713037, 24.9853642], [121.5713505, 24.9856578]]}}, {"type": "Feature", "properties": {"county": "台北市", "district": "文山區", "highway": "residential", "name": "基隆路三段155巷176弄"}, "geometry": {"type": "LineString", "coordinates": [[121.547783, 25.0136926], [121.547765, 25.0137247], [121.5476725, 25.0138126]]}}, {"type": "Feature", "properties": {"county": "台北市", "district": "文山區", "highway": "residential", "name": "和平東路四段65巷9弄"}, "geometry": {"type": "LineString", "coordinates": [[121.5671443, 25.0064377], [121.5675093, 25.0068927]]}}, {"type": "Feature", "properties": {"county": "台北市", "district": "文山區", "highway": "residential", "name": "和平東路四段65巷9弄"}, "geometry": {"type": "LineString", "coordinates": [[121.5661487, 25.0077546], [121.5662386, 25.0078091], [121.566312, 25.0079444], [121.5663703, 25.0079892], [121.5665013, 25.0080439], [121.5665984, 25.0080484], [121.5666921, 25.0080077], [121.5667891, 25.0079435], [121.5668972, 25.0078093], [121.567018, 25.0075529]]}}, {"type": "Feature", "properties": {"county": "台北市", "district": "文山區", "highway": "residential", "name": null}, "geometry": {"type": "LineString", "coordinates": [[121.5483275, 24.999327], [121.5486044, 24.9990538]]}}, {"type": "Feature", "properties": {"county": "台北市", "district": "文山區", "highway": "residential", "name": "和興路44巷26弄"}, "geometry": {"type": "LineString", "coordinates": [[121.5462275, 24.9838496], [121.5463158, 24.9840444], [121.5463956, 24.9841751], [121.5464498, 24.9842843], [121.5464949, 24.9843793]]}}, {"type": "Feature", "properties": {"county": "台北市", "district": "文山區", "highway": "secondary", "name": "秀明路一段"}, "geometry": {"type": "LineString", "coordinates": [[121.5704308, 24.9916871], [121.5705888, 24.9916872], [121.5709649, 24.9916874], [121.5709821, 24.9916874], [121.5711137, 24.9916875]]}}, {"type": "Feature", "properties": {"county": "台北市", "district": "文山區", "highway": "secondary", "name": "木柵路三段"}, "geometry": {"type": "LineString", "coordinates": [[121.5711137, 24.9916875], [121.571087, 24.9915484], [121.5710804, 24.9915141], [121.5710654, 24.9914362], [121.5710408, 24.9913078], [121.571024, 24.9912202]]}}, {"type": "Feature", "properties": {"county": "台北市", "district": "文山區", "highway": "secondary", "name": "秀明路一段"}, "geometry": {"type": "LineString", "coordinates": [[121.569798, 24.9916924], [121.5698528, 24.9916919], [121.5698951, 24.9916916], [121.5702426, 24.9916887], [121.5704308, 24.9916871]]}}, {"type": "Feature", "properties": {"county": "台北市", "district": "文山區", "highway": "residential", "name": "興隆路二段203巷"}, "geometry": {"type": "LineString", "coordinates": [[121.5492082, 25.0027102], [121.5490705, 25.0027609], [121.5489496, 25.0027906], [121.5488137, 25.0028089], [121.5486435, 25.0027937], [121.5485528, 25.0027742], [121.548352, 25.002723], [121.548266, 25.002725], [121.5481986, 25.002735], [121.548121, 25.002781], [121.5480513, 25.0028491], [121.5479421, 25.0030225], [121.5479277, 25.0030456], [121.5478722, 25.0031499]]}}, {"type": "Feature", "properties": {"county": "台北市", "district": "文山區", "highway": "residential", "name": null}, "geometry": {"type": "LineString", "coordinates": [[121.550416, 24.9953654], [121.5503043, 24.9953808]]}}, {"type": "Feature", "properties": {"county": "台北市", "district": "文山區", "highway": "primary", "name": "羅斯福路四段"}, "geometry": {"type": "LineString", "coordinates": [[121.5370427, 25.0110566], [121.5370544, 25.0110077]]}}, {"type": "Feature", "properties": {"county": "台北市", "district": "文山區", "highway": "secondary", "name": "基隆路四段"}, "geometry": {"type": "LineString", "coordinates": [[121.5370544, 25.0110077], [121.5371228, 25.0110308], [121.5371642, 25.0110517]]}}, {"type": "Feature", "properties": {"county": "台北市", "district": "文山區", "highway": "primary", "name": "羅斯福路四段"}, "geometry": {"type": "LineString", "coordinates": [[121.5372316, 25.0110993], [121.5371612, 25.011331]]}}, {"type": "Feature", "properties": {"county": "台北市", "district": "文山區", "highway": "secondary", "name": "基隆路四段"}, "geometry": {"type": "LineString", "coordinates": [[121.5371612, 25.011331], [121.5370827, 25.0112831]]}}, {"type": "Feature", "properties": {"county": "台北市", "district": "文山區", "highway": "residential", "name": "寶橋路78巷"}, "geometry": {"type": "LineString", "coordinates": [[121.5477771, 24.9724822], [121.5475879, 24.9723251], [121.5475219, 24.9722777], [121.5474183, 24.9722376], [121.5473386, 24.9722234], [121.547226, 24.9722283], [121.5471026, 24.9722599], [121.5469991, 24.9723069], [121.5469097, 24.9723668], [121.5468373, 24.9724616], [121.5467836, 24.9725711], [121.5467488, 24.9726999], [121.5467373, 24.9728146], [121.5467496, 24.9729514], [121.5467804, 24.9730576], [121.546839, 24.9731749], [121.5469283, 24.9732795], [121.5470619, 24.9733819], [121.547182, 24.973447], [121.547368, 24.9735121]]}}, {"type": "Feature", "properties": {"county": "台北市", "district": "文山區", "highway": "residential", "name": "寶橋路78巷"}, "geometry": {"type": "LineString", "coordinates": [[121.5473201, 24.9736937], [121.547368, 24.9735121]]}}, {"type": "Feature", "properties": {"county": "台北市", "district": "文山區", "highway": "residential", "name": "寶橋路78巷"}, "geometry": {"type": "LineString", "coordinates": [[121.5475755, 24.9735506], [121.5475274, 24.9737334]]}}, {"type": "Feature", "properties": {"county": "台北市", "district": "文山區", "highway": "residential", "name": null}, "geometry": {"type": "LineString", "coordinates": [[121.5475755, 24.9735506], [121.5476806, 24.9735925], [121.5478, 24.9736178], [121.5479524, 24.9736348], [121.5481115, 24.9736316], [121.5482222, 24.9736294], [121.5483731, 24.9736263]]}}, {"type": "Feature", "properties": {"county": "台北市", "district": "文山區", "highway": "residential", "name": "寶橋路78巷"}, "geometry": {"type": "LineString", "coordinates": [[121.547368, 24.9735121], [121.5475755, 24.9735506], [121.5477018, 24.9735513], [121.5481062, 24.9735398], [121.5482178, 24.9735366], [121.5483675, 24.9735324]]}}, {"type": "Feature", "properties": {"county": "台北市", "district": "文山區", "highway": "tertiary", "name": "中興地下道"}, "geometry": {"type": "LineString", "coordinates": [[121.5482178, 24.9735366], [121.5481702, 24.973242], [121.5481133, 24.9730278]]}}, {"type": "Feature", "properties": {"county": "台北市", "district": "文山區", "highway": "tertiary", "name": "中興地下道"}, "geometry": {"type": "LineString", "coordinates": [[121.5466038, 24.970406], [121.5464225, 24.9702807]]}}, {"type": "Feature", "properties": {"county": "台北市", "district": "文山區", "highway": "unclassified", "name": "萬福路"}, "geometry": {"type": "LineString", "coordinates": [[121.6018625, 25.0083237], [121.6019269, 25.0083644], [121.6020677, 25.0084033], [121.6022763, 25.0084094], [121.6024359, 25.008427], [121.6025009, 25.0084817], [121.6025143, 25.0085406], [121.6024895, 25.0086045], [121.6024546, 25.0086427], [121.6023889, 25.008664], [121.6021514, 25.0086137], [121.6020624, 25.0086197], [121.6020247, 25.0086446], [121.6018954, 25.0087952], [121.6017626, 25.0091076], [121.6016735, 25.0093124], [121.6016575, 25.0093276]]}}, {"type": "Feature", "properties": {"county": "台北市", "district": "文山區", "highway": "unclassified", "name": "萬福路"}, "geometry": {"type": "LineString", "coordinates": [[121.6016575, 25.0093276], [121.6016044, 25.0093781]]}}, {"type": "Feature", "properties": {"county": "台北市", "district": "文山區", "highway": "unclassified", "name": "萬福路"}, "geometry": {"type": "LineString", "coordinates": [[121.6016044, 25.0093781], [121.6015447, 25.0093944], [121.601477, 25.0094109], [121.6010941, 25.0093166], [121.6010685, 25.0093689], [121.6010525, 25.009471], [121.601086, 25.0095336], [121.601143, 25.0095506], [121.6013214, 25.0095974], [121.6015158, 25.0096528], [121.6017793, 25.0097797], [121.6018491, 25.0097927], [121.6018961, 25.009792]]}}, {"type": "Feature", "properties": {"county": "台北市", "district": "文山區", "highway": "unclassified", "name": "萬福路"}, "geometry": {"type": "LineString", "coordinates": [[121.6018961, 25.009792], [121.601947, 25.0097913]]}}, {"type": "Feature", "properties": {"county": "台北市", "district": "文山區", "highway": "unclassified", "name": "萬福路"}, "geometry": {"type": "LineString", "coordinates": [[121.6165383, 25.0150391], [121.6166389, 25.0149534], [121.6167507, 25.0146491], [121.6168172, 25.0144788], [121.6168615, 25.0144253], [121.6170338, 25.0143251], [121.6172732, 25.0142175], [121.6173449, 25.0141191], [121.6173931, 25.0139159], [121.6174068, 25.0138329], [121.6174014, 25.0137265], [121.617418, 25.0136649], [121.6175486, 25.0136609], [121.6178081, 25.0137672], [121.6179187, 25.0138061], [121.618028, 25.0138177], [121.6180703, 25.0138195], [121.6181125, 25.0138092], [121.6181333, 25.0137934], [121.6181622, 25.0137618], [121.6181856, 25.0137265], [121.6182024, 25.0136718], [121.6182359, 25.0134482], [121.618258, 25.0134026], [121.6183184, 25.0133625], [121.6183841, 25.0133419], [121.6184308, 25.0133359], [121.6186591, 25.0132927], [121.6187189, 25.0132483], [121.6187538, 25.0131729], [121.6188712, 25.0128256], [121.6189345, 25.0126431], [121.619028, 25.0125586], [121.6194017, 25.0122715], [121.619728, 25.0120384], [121.6200734, 25.0116963], [121.6202472, 25.0115638], [121.620378, 25.0114126], [121.6205156, 25.0112539], [121.620691, 25.0111448], [121.6208149, 25.0110489], [121.6208169, 25.0109607], [121.6207743, 25.0107552], [121.6207068, 25.0105352], [121.6207372, 25.0104277], [121.6207989, 25.0104251], [121.6208362, 25.0104895], [121.6208354, 25.0105803], [121.6208626, 25.0106975], [121.6209505, 25.0107526], [121.620988, 25.0107368], [121.6210088, 25.0106979], [121.6210059, 25.0106063], [121.620997, 25.0104357], [121.6210334, 25.0101189], [121.6210913, 25.0099699], [121.6212113, 25.0098071], [121.6214624, 25.0095489]]}}, {"type": "Feature", "properties": {"county": "台北市", "district": "文山區", "highway": "unclassified", "name": "萬福路"}, "geometry": {"type": "LineString", "coordinates": [[121.616481, 25.0150589], [121.6165383, 25.0150391]]}}, {"type": "Feature", "properties": {"county": "台北市", "district": "文山區", "highway": "unclassified", "name": "萬福路"}, "geometry": {"type": "LineString", "coordinates": [[121.6005962, 25.0078927], [121.6005958, 25.0079576], [121.6006475, 25.0080132], [121.6007085, 25.0080308], [121.6008004, 25.0080247], [121.6009647, 25.0079719], [121.6010666, 25.0079476], [121.6012508, 25.0079598], [121.6014615, 25.0079974], [121.6015909, 25.0080442], [121.6016754, 25.0081183], [121.6018117, 25.0082679]]}}, {"type": "Feature", "properties": {"county": "台北市", "district": "文山區", "highway": "unclassified", "name": "萬福路"}, "geometry": {"type": "LineString", "coordinates": [[121.6018117, 25.0082679], [121.6018625, 25.0083237]]}}, {"type": "Feature", "properties": {"county": "台北市", "district": "文山區", "highway": "residential", "name": "樟新街5巷"}, "geometry": {"type": "LineString", "coordinates": [[121.5550325, 24.9798156], [121.5553691, 24.9798701], [121.5555388, 24.9797904]]}}, {"type": "Feature", "properties": {"county": "台北市", "district": "文山區", "highway": "residential", "name": "一壽街3巷"}, "geometry": {"type": "LineString", "coordinates": [[121.5571783, 24.9800845], [121.5576985, 24.9802216]]}}, {"type": "Feature", "properties": {"county": "台北市", "district": "文山區", "highway": "secondary", "name": "辛亥路四段"}, "geometry": {"type": "LineString", "coordinates": [[121.5586098, 25.0074195], [121.5586001, 25.0073255], [121.5585724, 25.0070648], [121.5585576, 25.0069115], [121.558544, 25.006793], [121.5585658, 25.0067249]]}}, {"type": "Feature", "properties": {"county": "台北市", "district": "文山區", "highway": "residential", "name": "興隆路四段96巷3弄"}, "geometry": {"type": "LineString", "coordinates": [[121.5614273, 24.9832715], [121.561447, 24.9832129], [121.5614756, 24.9831277], [121.5616949, 24.9824747]]}}, {"type": "Feature", "properties": {"county": "台北市", "district": "文山區", "highway": "residential", "name": null}, "geometry": {"type": "LineString", "coordinates": [[121.5605535, 24.9853915], [121.5606462, 24.9850582], [121.560736, 24.9847354], [121.5607861, 24.9845551], [121.5608237, 24.9843681]]}}, {"type": "Feature", "properties": {"county": "台北市", "district": "文山區", "highway": "unclassified", "name": "新光路二段74巷"}, "geometry": {"type": "LineString", "coordinates": [[121.5954624, 24.9950808], [121.595532, 24.995], [121.5957402, 24.9948268], [121.5958652, 24.9947324]]}}, {"type": "Feature", "properties": {"county": "台北市", "district": "文山區", "highway": "tertiary", "name": "新光路二段"}, "geometry": {"type": "LineString", "coordinates": [[121.5930407, 24.9964632], [121.5931053, 24.9964493], [121.5932813, 24.9964114], [121.5933658, 24.9963853], [121.5934356, 24.9963524], [121.5935797, 24.9962667], [121.5936733, 24.9962292], [121.5937512, 24.9962192]]}}, {"type": "Feature", "properties": {"county": "台北市", "district": "文山區", "highway": "unclassified", "name": "聯外道路"}, "geometry": {"type": "LineString", "coordinates": [[121.5495198, 25.0141367], [121.548938, 25.0139397], [121.5487898, 25.0138953], [121.5486342, 25.0138637], [121.548375, 25.0138239], [121.5481163, 25.0138026], [121.5479862, 25.0137968]]}}, {"type": "Feature", "properties": {"county": "台北市", "district": "文山區", "highway": "unclassified", "name": "聯外道路"}, "geometry": {"type": "LineString", "coordinates": [[121.5479862, 25.0137968], [121.5478414, 25.0137956], [121.5477565, 25.0138023], [121.5476725, 25.0138126]]}}, {"type": "Feature", "properties": {"county": "台北市", "district": "文山區", "highway": "residential", "name": "基隆路三段155巷176弄"}, "geometry": {"type": "LineString", "coordinates": [[121.5475303, 25.0138921], [121.5475698, 25.0138296], [121.5477046, 25.0137268], [121.547728, 25.013709], [121.5478028, 25.0136448]]}}, {"type": "Feature", "properties": {"county": "台北市", "district": "文山區", "highway": "residential", "name": "基隆路三段155巷"}, "geometry": {"type": "LineString", "coordinates": [[121.5479654, 25.0125943], [121.5479542, 25.0126407], [121.5479234, 25.0127433], [121.547882, 25.0128504], [121.547844, 25.0130199], [121.547819, 25.013165], [121.5478575, 25.0133822], [121.5478777, 25.0135488]]}}, {"type": "Feature", "properties": {"county": "台北市", "district": "文山區", "highway": "unclassified", "name": "基隆路三段155巷176弄"}, "geometry": {"type": "LineString", "coordinates": [[121.5476725, 25.0138126], [121.5475946, 25.0138606]]}}, {"type": "Feature", "properties": {"county": "台北市", "district": "文山區", "highway": "residential", "name": "基隆路三段155巷176弄"}, "geometry": {"type": "LineString", "coordinates": [[121.5478777, 25.0135488], [121.5478632, 25.0135674], [121.5478028, 25.0136448]]}}, {"type": "Feature", "properties": {"county": "台北市", "district": "文山區", "highway": "unclassified", "name": null}, "geometry": {"type": "LineString", "coordinates": [[121.5521279, 25.0140289], [121.5521912, 25.0141291], [121.5524054, 25.0143505], [121.5524285, 25.014375], [121.5525057, 25.014457]]}}, {"type": "Feature", "properties": {"county": "台北市", "district": "文山區", "highway": "unclassified", "name": null}, "geometry": {"type": "LineString", "coordinates": [[121.552347, 25.0144364], [121.5521178, 25.0142007], [121.5520192, 25.0140909]]}}, {"type": "Feature", "properties": {"county": "台北市", "district": "文山區", "highway": "tertiary", "name": "寶強路"}, "geometry": {"type": "LineString", "coordinates": [[121.5448013, 24.9795117], [121.5446704, 24.9794634]]}}, {"type": "Feature", "properties": {"county": "台北市", "district": "文山區", "highway": "tertiary", "name": "中興路三段"}, "geometry": {"type": "LineString", "coordinates": [[121.5435379, 24.9827923], [121.5434982, 24.9828943]]}}, {"type": "Feature", "properties": {"county": "台北市", "district": "文山區", "highway": "residential", "name": "景隆街"}, "geometry": {"type": "LineString", "coordinates": [[121.5433551, 24.9989421], [121.5433886, 24.9989285], [121.5435006, 24.9988832], [121.5435632, 24.9988578], [121.543623, 24.9988403]]}}, {"type": "Feature", "properties": {"county": "台北市", "district": "文山區", "highway": "tertiary_link", "name": null}, "geometry": {"type": "LineString", "coordinates": [[121.5445523, 24.9986365], [121.5444794, 24.9986314], [121.5443795, 24.9986303]]}}, {"type": "Feature", "properties": {"county": "台北市", "district": "文山區", "highway": "secondary", "name": "興隆路一段"}, "geometry": {"type": "LineString", "coordinates": [[121.5445523, 24.9986365], [121.5444314, 24.9987092], [121.5443732, 24.9987887]]}}, {"type": "Feature", "properties": {"county": "台北市", "district": "文山區", "highway": "secondary", "name": "興隆路一段"}, "geometry": {"type": "LineString", "coordinates": [[121.5443795, 24.9986303], [121.5445127, 24.9985689], [121.5446598, 24.9985343]]}}, {"type": "Feature", "properties": {"county": "台北市", "district": "文山區", "highway": "tertiary_link", "name": null}, "geometry": {"type": "LineString", "coordinates": [[121.5445127, 24.9985689], [121.5444794, 24.9986314], [121.5444314, 24.9987092]]}}, {"type": "Feature", "properties": {"county": "台北市", "district": "文山區", "highway": "residential", "name": "景隆街"}, "geometry": {"type": "LineString", "coordinates": [[121.5441692, 24.9986874], [121.5443795, 24.9986303]]}}, {"type": "Feature", "properties": {"county": "台北市", "district": "文山區", "highway": "residential", "name": "興隆路一段251巷10弄"}, "geometry": {"type": "LineString", "coordinates": [[121.5451799, 24.999887], [121.5452584, 24.9997278], [121.5452812, 24.9996141]]}}, {"type": "Feature", "properties": {"county": "台北市", "district": "文山區", "highway": "residential", "name": "育英街45巷"}, "geometry": {"type": "LineString", "coordinates": [[121.538032, 24.9909332], [121.5379554, 24.9906908]]}}, {"type": "Feature", "properties": {"county": "台北市", "district": "文山區", "highway": "residential", "name": "育英街47巷"}, "geometry": {"type": "LineString", "coordinates": [[121.5377195, 24.9917623], [121.5377656, 24.9917444], [121.5382188, 24.9915946], [121.5382672, 24.9915397]]}}, {"type": "Feature", "properties": {"county": "台北市", "district": "文山區", "highway": "secondary", "name": "安康路一段"}, "geometry": {"type": "LineString", "coordinates": [[121.5306445, 24.9610776], [121.5304752, 24.9611012], [121.5303745, 24.9611214], [121.5302237, 24.9611633], [121.5299789, 24.9612392], [121.5299175, 24.9612585], [121.5293194, 24.961496], [121.5282638, 24.9618783], [121.5279683, 24.9620079]]}}, {"type": "Feature", "properties": {"county": "台北市", "district": "文山區", "highway": "secondary", "name": "安康路一段"}, "geometry": {"type": "LineString", "coordinates": [[121.527937, 24.9619652], [121.527997, 24.9619409], [121.528317, 24.9617984], [121.5285253, 24.9617307], [121.5292566, 24.9614437], [121.5298002, 24.9612268], [121.5299635, 24.961168], [121.5301959, 24.9610893], [121.5303463, 24.9610502], [121.5306379, 24.9610101]]}}, {"type": "Feature", "properties": {"county": "台北市", "district": "文山區", "highway": "residential", "name": null}, "geometry": {"type": "LineString", "coordinates": [[121.5459296, 24.9968091], [121.5460037, 24.9967057], [121.5457724, 24.996512]]}}, {"type": "Feature", "properties": {"county": "台北市", "district": "文山區", "highway": "residential", "name": "基隆路三段155巷"}, "geometry": {"type": "LineString", "coordinates": [[121.5478262, 25.0124569], [121.5478649, 25.0124852], [121.5479191, 25.0125247], [121.5479654, 25.0125943]]}}, {"type": "Feature", "properties": {"county": "台北市", "district": "文山區", "highway": "tertiary", "name": "民權路"}, "geometry": {"type": "LineString", "coordinates": [[121.5405209, 24.9829136], [121.5407825, 24.9829119], [121.5411799, 24.9829093], [121.5413004, 24.9829085]]}}, {"type": "Feature", "properties": {"county": "台北市", "district": "文山區", "highway": "tertiary", "name": "中正路"}, "geometry": {"type": "LineString", "coordinates": [[121.5361422, 24.9752923], [121.536712, 24.9749374], [121.536881, 24.9748353], [121.5372339, 24.974622]]}}, {"type": "Feature", "properties": {"county": "台北市", "district": "文山區", "highway": "tertiary", "name": "中正路"}, "geometry": {"type": "LineString", "coordinates": [[121.5354, 24.9758896], [121.5355899, 24.9756843]]}}, {"type": "Feature", "properties": {"county": "台北市", "district": "文山區", "highway": "tertiary", "name": "中正路"}, "geometry": {"type": "LineString", "coordinates": [[121.5337671, 24.991336], [121.5339361, 24.991161], [121.5339675, 24.9910929]]}}, {"type": "Feature", "properties": {"county": "台北市", "district": "文山區", "highway": "residential", "name": "日月街"}, "geometry": {"type": "LineString", "coordinates": [[121.5316486, 24.9757003], [121.5315534, 24.9757594], [121.5300828, 24.9766719], [121.5300012, 24.9767227]]}}, {"type": "Feature", "properties": {"county": "台北市", "district": "文山區", "highway": "tertiary", "name": "中央路"}, "geometry": {"type": "LineString", "coordinates": [[121.5303386, 24.9738731], [121.5304055, 24.9738807], [121.5305518, 24.97409], [121.5310568, 24.9748086], [121.5312075, 24.9750218], [121.5312172, 24.9750986]]}}, {"type": "Feature", "properties": {"county": "台北市", "district": "文山區", "highway": "tertiary", "name": "中央路"}, "geometry": {"type": "LineString", "coordinates": [[121.5312172, 24.9750986], [121.5311447, 24.9750572], [121.5309964, 24.9748451], [121.5307961, 24.9745778], [121.5305695, 24.9742667], [121.5303547, 24.9739527], [121.5303386, 24.9738731]]}}, {"type": "Feature", "properties": {"county": "台北市", "district": "文山區", "highway": "motorway", "name": "福爾摩沙高速公路"}, "geometry": {"type": "LineString", "coordinates": [[121.5829251, 24.9789276], [121.582838, 24.9788827]]}}, {"type": "Feature", "properties": {"county": "台北市", "district": "文山區", "highway": "motorway", "name": "福爾摩沙高速公路"}, "geometry": {"type": "LineString", "coordinates": [[121.5825472, 24.9782304], [121.5825966, 24.9782517], [121.5829488, 24.9784365]]}}, {"type": "Feature", "properties": {"county": "台北市", "district": "文山區", "highway": "motorway", "name": "福爾摩沙高速公路"}, "geometry": {"type": "LineString", "coordinates": [[121.5815469, 24.9782551], [121.5812471, 24.9781152], [121.5810071, 24.9780061]]}}, {"type": "Feature", "properties": {"county": "台北市", "district": "文山區", "highway": "motorway", "name": "福爾摩沙高速公路"}, "geometry": {"type": "LineString", "coordinates": [[121.5812166, 24.9776183], [121.5813948, 24.9776902], [121.5815724, 24.9777686]]}}, {"type": "Feature", "properties": {"county": "台北市", "district": "文山區", "highway": "residential", "name": "興隆路二段203巷"}, "geometry": {"type": "LineString", "coordinates": [[121.5498199, 25.0008443], [121.5498595, 25.0007749]]}}, {"type": "Feature", "properties": {"county": "台北市", "district": "文山區", "highway": "secondary", "name": "興隆路二段"}, "geometry": {"type": "LineString", "coordinates": [[121.5498199, 25.0008443], [121.5497368, 25.00082], [121.5494797, 25.0007506], [121.5491981, 25.0006802], [121.5490067, 25.0006242], [121.5488492, 25.0005602], [121.5487319, 25.0005034], [121.5486142, 25.0004336], [121.5485629, 25.0004032], [121.5485296, 25.0003745], [121.5484994, 25.0003485], [121.5483792, 25.0002502], [121.5480968, 25.0000153], [121.5478932, 24.9998457], [121.5477524, 24.9997248], [121.5476728, 24.9996639], [121.5475308, 24.9995528], [121.5474582, 24.9994982], [121.5474257, 24.9994737], [121.5473805, 24.9994442], [121.5472638, 24.9993854]]}}, {"type": "Feature", "properties": {"county": "台北市", "district": "文山區", "highway": "residential", "name": "興隆路二段22巷"}, "geometry": {"type": "LineString", "coordinates": [[121.5455937, 24.9987644], [121.545611, 24.9987074]]}}, {"type": "Feature", "properties": {"county": "台北市", "district": "文山區", "highway": "trunk", "name": "環河路"}, "geometry": {"type": "LineString", "coordinates": [[121.5310265, 24.9711039], [121.5311382, 24.971074], [121.5315511, 24.970959]]}}, {"type": "Feature", "properties": {"county": "台北市", "district": "文山區", "highway": "trunk", "name": "環河路"}, "geometry": {"type": "LineString", "coordinates": [[121.5368234, 24.9637687], [121.5368039, 24.963483]]}}, {"type": "Feature", "properties": {"county": "台北市", "district": "文山區", "highway": "trunk", "name": "環河路"}, "geometry": {"type": "LineString", "coordinates": [[121.5370803, 24.9666599], [121.5370857, 24.9668605], [121.5370638, 24.9670181], [121.5369095, 24.9674386]]}}, {"type": "Feature", "properties": {"county": "台北市", "district": "文山區", "highway": "unclassified", "name": "環河路"}, "geometry": {"type": "LineString", "coordinates": [[121.5369095, 24.9674386], [121.5369224, 24.9675801], [121.5366117, 24.9683593], [121.5365075, 24.9685339], [121.5363977, 24.9686665], [121.5362573, 24.968796], [121.5348235, 24.9697647], [121.5344223, 24.9699723], [121.5328873, 24.9706263], [121.5327014, 24.9707061]]}}, {"type": "Feature", "properties": {"county": "台北市", "district": "文山區", "highway": "trunk", "name": "環河路"}, "geometry": {"type": "LineString", "coordinates": [[121.5369954, 24.9630449], [121.5369484, 24.9633483]]}}, {"type": "Feature", "properties": {"county": "台北市", "district": "文山區", "highway": "trunk", "name": "環河路"}, "geometry": {"type": "LineString", "coordinates": [[121.5369484, 24.9633483], [121.5369429, 24.9634958], [121.5369616, 24.9641165], [121.5369656, 24.9642171], [121.5370571, 24.9665435], [121.5370803, 24.9666599]]}}, {"type": "Feature", "properties": {"county": "台北市", "district": "文山區", "highway": "secondary", "name": null}, "geometry": {"type": "LineString", "coordinates": [[121.5375913, 24.961562], [121.5373043, 24.9614958], [121.5371453, 24.9614755]]}}, {"type": "Feature", "properties": {"county": "台北市", "district": "文山區", "highway": "secondary", "name": "安康路一段"}, "geometry": {"type": "LineString", "coordinates": [[121.5317095, 24.960814], [121.5316054, 24.9608534], [121.5315643, 24.9608704], [121.5311733, 24.9610139], [121.5309027, 24.9610571], [121.5306445, 24.9610776]]}}, {"type": "Feature", "properties": {"county": "台北市", "district": "文山區", "highway": "secondary", "name": "安康路一段"}, "geometry": {"type": "LineString", "coordinates": [[121.5316835, 24.9607405], [121.5318534, 24.9606725], [121.5319505, 24.960633], [121.5322616, 24.9604754], [121.5324581, 24.9603648], [121.5325683, 24.9602939]]}}, {"type": "Feature", "properties": {"county": "台北市", "district": "文山區", "highway": "unclassified", "name": "安業街"}, "geometry": {"type": "LineString", "coordinates": [[121.5317095, 24.960814], [121.5316835, 24.9607405]]}}, {"type": "Feature", "properties": {"county": "台北市", "district": "文山區", "highway": "secondary", "name": null}, "geometry": {"type": "LineString", "coordinates": [[121.5320452, 24.9608339], [121.5317095, 24.960814]]}}, {"type": "Feature", "properties": {"county": "台北市", "district": "文山區", "highway": "primary", "name": "北新路一段"}, "geometry": {"type": "LineString", "coordinates": [[121.5406221, 24.9651796], [121.5407391, 24.9654646], [121.54076, 24.9655146], [121.5409454, 24.96596]]}}, {"type": "Feature", "properties": {"county": "台北市", "district": "文山區", "highway": "primary", "name": "北新路一段"}, "geometry": {"type": "LineString", "coordinates": [[121.539219, 24.9618691], [121.539269, 24.9619944], [121.5396454, 24.9628934], [121.5397593, 24.963164], [121.5397786, 24.9632112], [121.5403415, 24.9645565], [121.540369, 24.9646214], [121.5404622, 24.9648424], [121.5405732, 24.9651076], [121.5406221, 24.9651796]]}}, {"type": "Feature", "properties": {"county": "台北市", "district": "文山區", "highway": "primary", "name": "北新路一段"}, "geometry": {"type": "LineString", "coordinates": [[121.5393789, 24.9625604], [121.5392023, 24.9622636], [121.5391184, 24.9620616]]}}, {"type": "Feature", "properties": {"county": "台北市", "district": "文山區", "highway": "residential", "name": "中央路133巷"}, "geometry": {"type": "LineString", "coordinates": [[121.5304307, 24.9738024], [121.5306079, 24.9737108]]}}, {"type": "Feature", "properties": {"county": "台北市", "district": "文山區", "highway": "residential", "name": "三民路159巷19弄"}, "geometry": {"type": "LineString", "coordinates": [[121.5314786, 24.9723865], [121.5315916, 24.9723261], [121.5317901, 24.9722167]]}}, {"type": "Feature", "properties": {"county": "台北市", "district": "文山區", "highway": "unclassified", "name": "聯外道路"}, "geometry": {"type": "LineString", "coordinates": [[121.5521279, 25.0140289], [121.5520192, 25.0140909], [121.551976, 25.0141307]]}}, {"type": "Feature", "properties": {"county": "台北市", "district": "文山區", "highway": "residential", "name": "基隆路三段155巷176弄"}, "geometry": {"type": "LineString", "coordinates": [[121.5478028, 25.0136448], [121.547783, 25.0136926]]}}, {"type": "Feature", "properties": {"county": "台北市", "district": "文山區", "highway": "unclassified", "name": "基隆路三段155巷176弄"}, "geometry": {"type": "LineString", "coordinates": [[121.5475946, 25.0138606], [121.5475303, 25.0138921]]}}, {"type": "Feature", "properties": {"county": "台北市", "district": "文山區", "highway": "residential", "name": "景興路10巷"}, "geometry": {"type": "LineString", "coordinates": [[121.5439869, 24.9978252], [121.5441021, 24.9980342]]}}, {"type": "Feature", "properties": {"county": "台北市", "district": "文山區", "highway": "residential", "name": "景興路42巷4弄"}, "geometry": {"type": "LineString", "coordinates": [[121.5439869, 24.9978252], [121.5439056, 24.99803]]}}, {"type": "Feature", "properties": {"county": "台北市", "district": "文山區", "highway": "residential", "name": "景隆街36巷"}, "geometry": {"type": "LineString", "coordinates": [[121.5438623, 24.9981512], [121.5439056, 24.99803]]}}, {"type": "Feature", "properties": {"county": "台北市", "district": "文山區", "highway": "residential", "name": "景興路10巷"}, "geometry": {"type": "LineString", "coordinates": [[121.5441737, 24.9980363], [121.5441021, 24.9980342]]}}, {"type": "Feature", "properties": {"county": "台北市", "district": "文山區", "highway": "motorway", "name": "福爾摩沙高速公路"}, "geometry": {"type": "LineString", "coordinates": [[121.5446958, 24.9620598], [121.5447836, 24.9621719]]}}, {"type": "Feature", "properties": {"county": "台北市", "district": "文山區", "highway": "motorway", "name": "福爾摩沙高速公路"}, "geometry": {"type": "LineString", "coordinates": [[121.5438552, 24.9610889], [121.5439649, 24.9612061]]}}, {"type": "Feature", "properties": {"county": "台北市", "district": "文山區", "highway": "motorway", "name": null}, "geometry": {"type": "LineString", "coordinates": [[121.5436955, 24.9614119], [121.5435355, 24.9612443]]}}, {"type": "Feature", "properties": {"county": "台北市", "district": "文山區", "highway": "motorway", "name": null}, "geometry": {"type": "LineString", "coordinates": [[121.5444895, 24.9623655], [121.5444016, 24.9622618]]}}, {"type": "Feature", "properties": {"county": "台北市", "district": "文山區", "highway": "unclassified", "name": "老泉街26巷"}, "geometry": {"type": "LineString", "coordinates": [[121.5615011, 24.9745995], [121.5613651, 24.9745569], [121.5612491, 24.9745501], [121.5611903, 24.9745662], [121.560979, 24.9746689], [121.560891, 24.9747318], [121.5607275, 24.9747592], [121.5604703, 24.9749263], [121.5603666, 24.9749993], [121.5601976, 24.9751488], [121.5601259, 24.9752001], [121.5599272, 24.9753173], [121.5598003, 24.9753904], [121.5597209, 24.9754461], [121.5596323, 24.9755215], [121.5595049, 24.9756315], [121.559393, 24.9756849], [121.5593056, 24.9757061], [121.5588954, 24.9757615], [121.5587801, 24.9758019], [121.5587125, 24.9758448]]}}, {"type": "Feature", "properties": {"county": "台北市", "district": "文山區", "highway": "unclassified", "name": "老泉街26巷"}, "geometry": {"type": "LineString", "coordinates": [[121.5616393, 24.9746474], [121.5615011, 24.9745995]]}}, {"type": "Feature", "properties": {"county": "台北市", "district": "文山區", "highway": "secondary", "name": "辛亥路四段"}, "geometry": {"type": "LineString", "coordinates": [[121.5571412, 25.0098915], [121.5572327, 25.0098003], [121.5573335, 25.0097143], [121.55744, 25.0096405], [121.5577361, 25.0094184], [121.5579645, 25.0091963], [121.5581381, 25.0089266], [121.5584741, 25.0084207], [121.5585114, 25.0083245], [121.5585801, 25.0081026], [121.5586184, 25.0078762], [121.5586253, 25.0076773], [121.5586155, 25.0075136], [121.5586098, 25.0074195]]}}, {"type": "Feature", "properties": {"county": "台北市", "district": "文山區", "highway": "secondary", "name": "辛亥路四段"}, "geometry": {"type": "LineString", "coordinates": [[121.5576363, 25.009798], [121.5574595, 25.0099845], [121.5573834, 25.0100705]]}}, {"type": "Feature", "properties": {"county": "台北市", "district": "文山區", "highway": "tertiary", "name": "萬美街二段"}, "geometry": {"type": "LineString", "coordinates": [[121.5599622, 25.005666], [121.5598686, 25.0056869], [121.5598288, 25.0056925], [121.5594238, 25.0057194], [121.5591374, 25.0057384], [121.5588954, 25.0057544], [121.5588487, 25.0057576], [121.5587898, 25.0057662], [121.558713, 25.0057855], [121.5586456, 25.0058112], [121.5585809, 25.0058438], [121.5584181, 25.0059367], [121.5582415, 25.0060375], [121.5581867, 25.0060688], [121.5581016, 25.0061174]]}}, {"type": "Feature", "properties": {"county": "台北市", "district": "文山區", "highway": "motorway_link", "name": "木柵交流道"}, "geometry": {"type": "LineString", "coordinates": [[121.5972364, 25.0017171], [121.5971566, 25.0019444]]}}, {"type": "Feature", "properties": {"county": "台北市", "district": "文山區", "highway": "motorway_link", "name": "木柵交流道"}, "geometry": {"type": "LineString", "coordinates": [[121.5971566, 25.0019444], [121.597062, 25.0021333], [121.5969527, 25.0023187]]}}, {"type": "Feature", "properties": {"county": "台北市", "district": "文山區", "highway": "residential", "name": "指南路三段32巷"}, "geometry": {"type": "LineString", "coordinates": [[121.5802261, 24.9824826], [121.5802193, 24.9824139], [121.5802239, 24.9823899], [121.5802411, 24.9823717]]}}, {"type": "Feature", "properties": {"county": "台北市", "district": "文山區", "highway": "unclassified", "name": "新光路74巷"}, "geometry": {"type": "LineString", "coordinates": [[121.5960804, 24.9921121], [121.5960207, 24.9920761]]}}, {"type": "Feature", "properties": {"county": "台北市", "district": "文山區", "highway": "unclassified", "name": "新光路二段74巷"}, "geometry": {"type": "LineString", "coordinates": [[121.5972531, 24.9879021], [121.5972363, 24.9876669], [121.5971901, 24.9875344], [121.5971617, 24.9873934], [121.5972343, 24.9872293], [121.5972592, 24.9871011], [121.5972323, 24.9869868], [121.5971613, 24.9868713], [121.5970546, 24.9868318], [121.596997, 24.9868221], [121.5968789, 24.9867948], [121.5968257, 24.9867297], [121.5967717, 24.9866422], [121.5966591, 24.986486], [121.5964592, 24.9863548], [121.5961608, 24.9862155], [121.5960696, 24.9862113]]}}, {"type": "Feature", "properties": {"county": "台北市", "district": "文山區", "highway": "unclassified", "name": "新光路二段74巷"}, "geometry": {"type": "LineString", "coordinates": [[121.5976016, 24.9889581], [121.5974389, 24.988752], [121.597373, 24.9886575], [121.5973296, 24.9885683], [121.5973046, 24.988505], [121.5972684, 24.9883421], [121.5972531, 24.9879021]]}}, {"type": "Feature", "properties": {"county": "台北市", "district": "文山區", "highway": "secondary", "name": "興隆路一段"}, "geometry": {"type": "LineString", "coordinates": [[121.5449184, 24.9985942], [121.5450213, 24.9986162]]}}, {"type": "Feature", "properties": {"county": "台北市", "district": "文山區", "highway": "residential", "name": null}, "geometry": {"type": "LineString", "coordinates": [[121.5460032, 24.9844814], [121.5461597, 24.9843973]]}}, {"type": "Feature", "properties": {"county": "台北市", "district": "文山區", "highway": "residential", "name": null}, "geometry": {"type": "LineString", "coordinates": [[121.5492939, 24.9852277], [121.5492018, 24.9854175]]}}, {"type": "Feature", "properties": {"county": "台北市", "district": "文山區", "highway": "residential", "name": "景華街150巷"}, "geometry": {"type": "LineString", "coordinates": [[121.547993, 24.9961256], [121.5480217, 24.9961738], [121.5483252, 24.9968556]]}}, {"type": "Feature", "properties": {"county": "台北市", "district": "文山區", "highway": "unclassified", "name": "萬壽路"}, "geometry": {"type": "LineString", "coordinates": [[121.5851737, 24.9810738], [121.5853378, 24.9810304]]}}, {"type": "Feature", "properties": {"county": "台北市", "district": "文山區", "highway": "residential", "name": "寶高路"}, "geometry": {"type": "LineString", "coordinates": [[121.5505261, 24.9782637], [121.5510522, 24.9777284]]}}, {"type": "Feature", "properties": {"county": "台北市", "district": "文山區", "highway": "residential", "name": "央北二路"}, "geometry": {"type": "LineString", "coordinates": [[121.5320621, 24.976277], [121.5318375, 24.976428], [121.5312237, 24.9768431], [121.5305488, 24.9772798], [121.5304628, 24.9773354], [121.5303674, 24.9773986], [121.5299547, 24.9776718]]}}, {"type": "Feature", "properties": {"county": "台北市", "district": "文山區", "highway": "residential", "name": "指南路三段32巷"}, "geometry": {"type": "LineString", "coordinates": [[121.5804018, 24.9826093], [121.5803619, 24.9825562]]}}, {"type": "Feature", "properties": {"county": "台北市", "district": "文山區", "highway": "residential", "name": "汀州路三段230巷"}, "geometry": {"type": "LineString", "coordinates": [[121.5340463, 25.0101096], [121.533876, 25.0101592], [121.5338168, 25.0101759], [121.5336357, 25.0102529], [121.5335295, 25.0103042], [121.5334415, 25.0103486], [121.5333501, 25.0103563], [121.5328507, 25.0103216], [121.5327506, 25.0103146]]}}, {"type": "Feature", "properties": {"county": "台北市", "district": "文山區", "highway": "residential", "name": "汀州路三段230巷"}, "geometry": {"type": "LineString", "coordinates": [[121.5356165, 25.011042], [121.5355854, 25.0110056], [121.5352873, 25.0107946], [121.5352124, 25.0107442], [121.5348598, 25.0105461], [121.5346975, 25.010419], [121.5343919, 25.0102072], [121.5342394, 25.0100944], [121.5341259, 25.0100916], [121.5340463, 25.0101096]]}}, {"type": "Feature", "properties": {"county": "台北市", "district": "文山區", "highway": "secondary", "name": "木柵路四段"}, "geometry": {"type": "LineString", "coordinates": [[121.574161, 24.9977557], [121.5743229, 24.99789], [121.5744371, 24.9979937], [121.5745395, 24.998085], [121.5746198, 24.9981585]]}}, {"type": "Feature", "properties": {"county": "台北市", "district": "文山區", "highway": "secondary", "name": "興隆路三段"}, "geometry": {"type": "LineString", "coordinates": [[121.5546, 25.0007985], [121.5546775, 25.0007732], [121.5551695, 25.0005924]]}}, {"type": "Feature", "properties": {"county": "台北市", "district": "文山區", "highway": "residential", "name": "興隆路三段304巷"}, "geometry": {"type": "LineString", "coordinates": [[121.5588096, 24.9926724], [121.558767, 24.9927895]]}}, {"type": "Feature", "properties": {"county": "台北市", "district": "文山區", "highway": "secondary", "name": "興隆路三段"}, "geometry": {"type": "LineString", "coordinates": [[121.5589772, 24.993306], [121.5588774, 24.9930494], [121.5587812, 24.9928233], [121.558767, 24.9927895]]}}, {"type": "Feature", "properties": {"county": "台北市", "district": "文山區", "highway": "secondary", "name": "興隆路三段"}, "geometry": {"type": "LineString", "coordinates": [[121.5574226, 24.9992884], [121.5575009, 24.9992406], [121.5575668, 24.9991892], [121.557651, 24.9991236], [121.557887, 24.9989604], [121.5579326, 24.99893]]}}, {"type": "Feature", "properties": {"county": "台北市", "district": "文山區", "highway": "secondary", "name": "辛亥路四段"}, "geometry": {"type": "LineString", "coordinates": [[121.5563086, 25.0036727], [121.556281, 25.0036206], [121.5559652, 25.0031209], [121.5559121, 25.0030353], [121.5556648, 25.002643]]}}, {"type": "Feature", "properties": {"county": "台北市", "district": "文山區", "highway": "secondary", "name": "辛亥路四段"}, "geometry": {"type": "LineString", "coordinates": [[121.5557319, 25.0026129], [121.5563353, 25.0035931], [121.5563568, 25.0036289]]}}, {"type": "Feature", "properties": {"county": "台北市", "district": "文山區", "highway": "motorway_link", "name": "木柵交流道"}, "geometry": {"type": "LineString", "coordinates": [[121.5973947, 25.0018786], [121.5974053, 25.001995], [121.5973933, 25.0020956], [121.5973537, 25.0022366], [121.5972867, 25.0023679], [121.5971683, 25.0025318]]}}, {"type": "Feature", "properties": {"county": "台北市", "district": "文山區", "highway": "motorway", "name": "台北聯絡線"}, "geometry": {"type": "LineString", "coordinates": [[121.5973947, 25.0018786], [121.5971345, 25.0018809]]}}, {"type": "Feature", "properties": {"county": "台北市", "district": "文山區", "highway": "tertiary", "name": "中興路二段"}, "geometry": {"type": "LineString", "coordinates": [[121.5483765, 24.9737078], [121.5482806, 24.9743076]]}}, {"type": "Feature", "properties": {"county": "台北市", "district": "文山區", "highway": "trunk", "name": "環河路"}, "geometry": {"type": "LineString", "coordinates": [[121.5333417, 24.9917765], [121.5336205, 24.9921731]]}}, {"type": "Feature", "properties": {"county": "台北市", "district": "文山區", "highway": "tertiary", "name": "中正路"}, "geometry": {"type": "LineString", "coordinates": [[121.5333417, 24.9917765], [121.5335995, 24.9915095]]}}, {"type": "Feature", "properties": {"county": "台北市", "district": "文山區", "highway": "tertiary", "name": "寶中路"}, "geometry": {"type": "LineString", "coordinates": [[121.5505261, 24.9782637], [121.5500257, 24.9788779], [121.5498475, 24.9790966], [121.5488633, 24.9803044], [121.5486795, 24.98053]]}}, {"type": "Feature", "properties": {"county": "台北市", "district": "文山區", "highway": "unclassified", "name": "保儀路109巷21弄"}, "geometry": {"type": "LineString", "coordinates": [[121.5691711, 24.9851155], [121.5701728, 24.9848481], [121.5702301, 24.9848328]]}}, {"type": "Feature", "properties": {"county": "台北市", "district": "文山區", "highway": "secondary", "name": "基隆路四段"}, "geometry": {"type": "LineString", "coordinates": [[121.5364187, 25.0109561], [121.536493, 25.0109912], [121.5367271, 25.0110442], [121.5368136, 25.0110637], [121.5370147, 25.0111518]]}}, {"type": "Feature", "properties": {"county": "台北市", "district": "文山區", "highway": "residential", "name": "羅斯福路四段119巷"}, "geometry": {"type": "LineString", "coordinates": [[121.5399251, 25.0102462], [121.5398869, 25.0102196], [121.5397214, 25.0101045], [121.5393469, 25.009844], [121.5391361, 25.0096973], [121.5390821, 25.0096717], [121.5390336, 25.0096586], [121.5389762, 25.009658], [121.538932, 25.0096688], [121.5388822, 25.0096917], [121.5388193, 25.0097562], [121.5386766, 25.0099118], [121.5384817, 25.0101243], [121.5381409, 25.0104949], [121.5380844, 25.0105398], [121.5379837, 25.0106117], [121.5375152, 25.010946], [121.5374907, 25.0109635], [121.5374397, 25.0109999], [121.5374332, 25.0110494], [121.5375222, 25.0111519]]}}, {"type": "Feature", "properties": {"county": "台北市", "district": "文山區", "highway": "secondary", "name": "基隆路四段"}, "geometry": {"type": "LineString", "coordinates": [[121.5363949, 25.010842], [121.5364831, 25.0108589], [121.5367693, 25.0109237], [121.5369107, 25.0109593], [121.5370544, 25.0110077]]}}, {"type": "Feature", "properties": {"county": "台北市", "district": "文山區", "highway": "primary", "name": "羅斯福路大客車專用道"}, "geometry": {"type": "LineString", "coordinates": [[121.5353483, 25.0137455], [121.535695, 25.0134264], [121.5358452, 25.0132618], [121.5359005, 25.0131922]]}}, {"type": "Feature", "properties": {"county": "台北市", "district": "文山區", "highway": "primary", "name": "羅斯福路大客車專用道"}, "geometry": {"type": "LineString", "coordinates": [[121.5359005, 25.0131922], [121.5360074, 25.0129568]]}}, {"type": "Feature", "properties": {"county": "台北市", "district": "文山區", "highway": "primary", "name": "羅斯福路大客車專用道"}, "geometry": {"type": "LineString", "coordinates": [[121.5359005, 25.0131922], [121.5359591, 25.0131183], [121.5363116, 25.012634], [121.5365553, 25.0122244], [121.5367095, 25.0119478], [121.5369707, 25.0114676], [121.5370504, 25.0112668]]}}, {"type": "Feature", "properties": {"county": "台北市", "district": "文山區", "highway": "secondary", "name": "興隆路一段"}, "geometry": {"type": "LineString", "coordinates": [[121.5446505, 24.998622], [121.5445523, 24.9986365]]}}, {"type": "Feature", "properties": {"county": "台北市", "district": "文山區", "highway": "secondary", "name": "興隆路一段"}, "geometry": {"type": "LineString", "coordinates": [[121.5442831, 24.9987786], [121.5443795, 24.9986303]]}}, {"type": "Feature", "properties": {"county": "台北市", "district": "文山區", "highway": "primary", "name": "羅斯福路大客車專用道"}, "geometry": {"type": "LineString", "coordinates": [[121.5358254, 25.0133494], [121.5356299, 25.0135389], [121.5351883, 25.0139383], [121.5351292, 25.0139918], [121.534947, 25.0142124], [121.5343492, 25.0147807], [121.5340159, 25.0150884]]}}, {"type": "Feature", "properties": {"county": "台北市", "district": "文山區", "highway": "primary", "name": "羅斯福路大客車專用道"}, "geometry": {"type": "LineString", "coordinates": [[121.5360836, 25.0131385], [121.5358254, 25.0133494]]}}, {"type": "Feature", "properties": {"county": "台北市", "district": "文山區", "highway": "unclassified", "name": "保儀路26巷1弄"}, "geometry": {"type": "LineString", "coordinates": [[121.5681265, 24.9885436], [121.5681992, 24.9882674]]}}, {"type": "Feature", "properties": {"county": "台北市", "district": "文山區", "highway": "unclassified", "name": "保儀路26巷6弄"}, "geometry": {"type": "LineString", "coordinates": [[121.5680224, 24.9882337], [121.5679873, 24.9880594]]}}, {"type": "Feature", "properties": {"county": "台北市", "district": "文山區", "highway": "unclassified", "name": "保儀路26巷"}, "geometry": {"type": "LineString", "coordinates": [[121.5677496, 24.9884507], [121.5677981, 24.988194]]}}, {"type": "Feature", "properties": {"county": "台北市", "district": "文山區", "highway": "residential", "name": "平埔街"}, "geometry": {"type": "LineString", "coordinates": [[121.6156091, 25.0018276], [121.6155926, 25.0015433], [121.6155899, 25.0012386]]}}, {"type": "Feature", "properties": {"county": "台北市", "district": "文山區", "highway": "tertiary", "name": "中興路二段"}, "geometry": {"type": "LineString", "coordinates": [[121.5476049, 24.9717857], [121.5476453, 24.9718583]]}}, {"type": "Feature", "properties": {"county": "台北市", "district": "文山區", "highway": "tertiary_link", "name": null}, "geometry": {"type": "LineString", "coordinates": [[121.5476453, 24.9718583], [121.5474377, 24.9719538]]}}, {"type": "Feature", "properties": {"county": "台北市", "district": "文山區", "highway": "tertiary", "name": "汀州路三段"}, "geometry": {"type": "LineString", "coordinates": [[121.5322937, 25.0150667], [121.5325215, 25.0149062]]}}, {"type": "Feature", "properties": {"county": "台北市", "district": "文山區", "highway": "tertiary", "name": "思源街"}, "geometry": {"type": "LineString", "coordinates": [[121.5321041, 25.0148798], [121.5322295, 25.0150115], [121.5322937, 25.0150667]]}}, {"type": "Feature", "properties": {"county": "台北市", "district": "文山區", "highway": "tertiary", "name": "思源街"}, "geometry": {"type": "LineString", "coordinates": [[121.530251, 25.0134875], [121.5309253, 25.0139858], [121.5310057, 25.0140339], [121.531412, 25.0142759], [121.5316325, 25.0144622], [121.5321041, 25.0148798]]}}, {"type": "Feature", "properties": {"county": "台北市", "district": "文山區", "highway": "primary", "name": "羅斯福路五段"}, "geometry": {"type": "LineString", "coordinates": [[121.5381377, 25.0079829], [121.5382229, 25.0078599], [121.5383156, 25.0077287]]}}, {"type": "Feature", "properties": {"county": "台北市", "district": "文山區", "highway": "residential", "name": "羅斯福路四段119巷"}, "geometry": {"type": "LineString", "coordinates": [[121.5375222, 25.0111519], [121.5375517, 25.0111787], [121.5375779, 25.0112048], [121.5376067, 25.0112159], [121.5376362, 25.0112273], [121.537765, 25.0112303], [121.5378896, 25.0112795]]}}, {"type": "Feature", "properties": {"county": "台北市", "district": "文山區", "highway": "residential", "name": "羅斯福路四段119巷"}, "geometry": {"type": "LineString", "coordinates": [[121.5374164, 25.0112518], [121.5374522, 25.0112559], [121.5374827, 25.0112462], [121.5375076, 25.0112283], [121.5375142, 25.0112161], [121.5375152, 25.0112075], [121.5375222, 25.0111519]]}}, {"type": "Feature", "properties": {"county": "台北市", "district": "文山區", "highway": "secondary", "name": "基隆路四段"}, "geometry": {"type": "LineString", "coordinates": [[121.5372316, 25.0110993], [121.5374164, 25.0112518], [121.5375349, 25.0113495], [121.5380693, 25.0117817], [121.5385093, 25.0121344]]}}, {"type": "Feature", "properties": {"county": "台北市", "district": "文山區", "highway": "secondary", "name": "基隆路四段"}, "geometry": {"type": "LineString", "coordinates": [[121.5370427, 25.0110566], [121.5371111, 25.0110721]]}}, {"type": "Feature", "properties": {"county": "台北市", "district": "文山區", "highway": "primary", "name": "羅斯福路大客車專用道"}, "geometry": {"type": "LineString", "coordinates": [[121.5371541, 25.0110818], [121.5371023, 25.0112328]]}}, {"type": "Feature", "properties": {"county": "台北市", "district": "文山區", "highway": "primary", "name": "羅斯福路大客車專用道"}, "geometry": {"type": "LineString", "coordinates": [[121.5371111, 25.0110721], [121.5371228, 25.0110308]]}}, {"type": "Feature", "properties": {"county": "台北市", "district": "文山區", "highway": "secondary", "name": "基隆路四段"}, "geometry": {"type": "LineString", "coordinates": [[121.5371541, 25.0110818], [121.5372316, 25.0110993]]}}, {"type": "Feature", "properties": {"county": "台北市", "district": "文山區", "highway": "secondary", "name": "基隆路四段"}, "geometry": {"type": "LineString", "coordinates": [[121.5371111, 25.0110721], [121.5371541, 25.0110818]]}}, {"type": "Feature", "properties": {"county": "台北市", "district": "文山區", "highway": "secondary", "name": "基隆路四段"}, "geometry": {"type": "LineString", "coordinates": [[121.5371642, 25.0110517], [121.5372316, 25.0110993]]}}, {"type": "Feature", "properties": {"county": "台北市", "district": "文山區", "highway": "secondary", "name": "基隆路四段"}, "geometry": {"type": "LineString", "coordinates": [[121.5370764, 25.0111952], [121.5370927, 25.0112151], [121.5371023, 25.0112328]]}}, {"type": "Feature", "properties": {"county": "台北市", "district": "文山區", "highway": "primary", "name": "羅斯福路大客車專用道"}, "geometry": {"type": "LineString", "coordinates": [[121.5370504, 25.0112668], [121.5370764, 25.0111952]]}}, {"type": "Feature", "properties": {"county": "台北市", "district": "文山區", "highway": "primary", "name": "羅斯福路四段"}, "geometry": {"type": "LineString", "coordinates": [[121.5370147, 25.0111518], [121.5370427, 25.0110566]]}}, {"type": "Feature", "properties": {"county": "台北市", "district": "文山區", "highway": "secondary", "name": "基隆路四段"}, "geometry": {"type": "LineString", "coordinates": [[121.5370147, 25.0111518], [121.5370764, 25.0111952]]}}, {"type": "Feature", "properties": {"county": "台北市", "district": "文山區", "highway": "residential", "name": null}, "geometry": {"type": "LineString", "coordinates": [[121.5374677, 25.0099349], [121.5374113, 25.0098769]]}}, {"type": "Feature", "properties": {"county": "台北市", "district": "文山區", "highway": "secondary", "name": "基隆路四段"}, "geometry": {"type": "LineString", "coordinates": [[121.5364187, 25.0109561], [121.5365084, 25.0109356], [121.5367466, 25.0109896], [121.5370427, 25.0110566]]}}, {"type": "Feature", "properties": {"county": "台北市", "district": "文山區", "highway": "secondary", "name": "基隆路四段"}, "geometry": {"type": "LineString", "coordinates": [[121.5370504, 25.0112668], [121.536986, 25.0112377]]}}, {"type": "Feature", "properties": {"county": "台北市", "district": "文山區", "highway": "secondary", "name": "基隆路四段"}, "geometry": {"type": "LineString", "coordinates": [[121.5370827, 25.0112831], [121.5370504, 25.0112668]]}}, {"type": "Feature", "properties": {"county": "台北市", "district": "文山區", "highway": "primary", "name": "羅斯福路大客車專用道"}, "geometry": {"type": "LineString", "coordinates": [[121.5371228, 25.0110308], [121.5371721, 25.0108045], [121.5372577, 25.0103161], [121.5373103, 25.0100776], [121.5373792, 25.0098436]]}}, {"type": "Feature", "properties": {"county": "台北市", "district": "文山區", "highway": "residential", "name": null}, "geometry": {"type": "LineString", "coordinates": [[121.5373792, 25.0098436], [121.5373271, 25.0097982]]}}, {"type": "Feature", "properties": {"county": "台北市", "district": "文山區", "highway": "primary", "name": "羅斯福路大客車專用道"}, "geometry": {"type": "LineString", "coordinates": [[121.5374113, 25.0098769], [121.5373486, 25.0100843], [121.5372963, 25.0103212], [121.5372109, 25.0108105], [121.5371642, 25.0110517]]}}, {"type": "Feature", "properties": {"county": "台北市", "district": "文山區", "highway": "residential", "name": null}, "geometry": {"type": "LineString", "coordinates": [[121.5374113, 25.0098769], [121.5373792, 25.0098436]]}}, {"type": "Feature", "properties": {"county": "台北市", "district": "文山區", "highway": "trunk", "name": "環河路"}, "geometry": {"type": "LineString", "coordinates": [[121.5365541, 24.9682887], [121.5364927, 24.9684105], [121.5364005, 24.968545], [121.536281, 24.9686717], [121.536149, 24.9687733]]}}, {"type": "Feature", "properties": {"county": "台北市", "district": "文山區", "highway": "trunk", "name": "環河路"}, "geometry": {"type": "LineString", "coordinates": [[121.5369095, 24.9674386], [121.536843, 24.967553], [121.5365541, 24.9682887]]}}, {"type": "Feature", "properties": {"county": "台北市", "district": "文山區", "highway": "trunk", "name": "環河路"}, "geometry": {"type": "LineString", "coordinates": [[121.5361119, 24.9686546], [121.5362406, 24.9685359], [121.5363473, 24.9684108], [121.5364443, 24.9682297]]}}, {"type": "Feature", "properties": {"county": "台北市", "district": "文山區", "highway": "trunk", "name": "環河路"}, "geometry": {"type": "LineString", "coordinates": [[121.5315511, 24.970959], [121.5317636, 24.9708873], [121.5340382, 24.9699233], [121.5344219, 24.9697566], [121.5346644, 24.9696254], [121.5348389, 24.9695219], [121.5359387, 24.9687676], [121.5361119, 24.9686546]]}}, {"type": "Feature", "properties": {"county": "台北市", "district": "文山區", "highway": "primary", "name": "羅斯福路大客車專用道"}, "geometry": {"type": "LineString", "coordinates": [[121.5371023, 25.0112328], [121.5370827, 25.0112831]]}}, {"type": "Feature", "properties": {"county": "台北市", "district": "文山區", "highway": "secondary", "name": "基隆路四段"}, "geometry": {"type": "LineString", "coordinates": [[121.5371023, 25.0112328], [121.5371353, 25.0112802], [121.5371612, 25.011331]]}}, {"type": "Feature", "properties": {"county": "台北市", "district": "文山區", "highway": "residential", "name": null}, "geometry": {"type": "LineString", "coordinates": [[121.5594703, 25.0098332], [121.559578, 25.0098676], [121.5596186, 25.0098986], [121.5596354, 25.0099352]]}}, {"type": "Feature", "properties": {"county": "台北市", "district": "文山區", "highway": "motorway_link", "name": "木柵交流道"}, "geometry": {"type": "LineString", "coordinates": [[121.5946366, 25.0030833], [121.5943788, 25.0028145]]}}, {"type": "Feature", "properties": {"county": "台北市", "district": "文山區", "highway": "secondary", "name": "興隆路四段"}, "geometry": {"type": "LineString", "coordinates": [[121.5601368, 24.9887285], [121.5601661, 24.9886472], [121.5603508, 24.9881346], [121.5604804, 24.9877746], [121.560498, 24.9877258], [121.560518, 24.9876703]]}}, {"type": "Feature", "properties": {"county": "台北市", "district": "文山區", "highway": "residential", "name": "興隆路四段105巷"}, "geometry": {"type": "LineString", "coordinates": [[121.560518, 24.9876703], [121.560591, 24.98767]]}}, {"type": "Feature", "properties": {"county": "台北市", "district": "文山區", "highway": "secondary", "name": "辛亥路五段"}, "geometry": {"type": "LineString", "coordinates": [[121.5545324, 25.0008208], [121.5544945, 25.0007382], [121.5540752, 24.9999484], [121.554039, 24.9998886]]}}, {"type": "Feature", "properties": {"county": "台北市", "district": "文山區", "highway": "unclassified", "name": "崇德街"}, "geometry": {"type": "LineString", "coordinates": [[121.5710728, 25.0113307], [121.5711234, 25.0112971]]}}, {"type": "Feature", "properties": {"county": "台北市", "district": "文山區", "highway": "unclassified", "name": "木柵路五段43巷"}, "geometry": {"type": "LineString", "coordinates": [[121.5848001, 25.0030651], [121.5848189, 25.0031539], [121.5848907, 25.003493], [121.5849089, 25.0036271], [121.5849226, 25.003779], [121.5849223, 25.0038976], [121.5849084, 25.0040024], [121.5848893, 25.0041006], [121.5847658, 25.0044779], [121.5847442, 25.0045582], [121.5847324, 25.0046327], [121.5847294, 25.0047096], [121.5847335, 25.0047699], [121.5847785, 25.0050021], [121.5847943, 25.005105], [121.5848069, 25.0052164], [121.5848123, 25.0052899], [121.5848139, 25.0053644], [121.5848087, 25.0054218], [121.5848002, 25.0054671], [121.5847844, 25.0055138], [121.5847489, 25.0055886], [121.5847254, 25.0056469], [121.5846984, 25.0057285], [121.5846731, 25.0058335], [121.5846587, 25.0059198], [121.5846544, 25.0059815], [121.5846626, 25.0061227], [121.5846694, 25.0062121], [121.5846714, 25.0062944], [121.5846684, 25.0063801], [121.5846548, 25.0065045], [121.5846439, 25.0065694], [121.5846315, 25.0066135], [121.5846071, 25.0066827], [121.584575, 25.0067455], [121.5845092, 25.00685], [121.5844372, 25.0069635], [121.5843332, 25.0071556], [121.5842791, 25.0072694], [121.584245, 25.0073606], [121.5842211, 25.0074597], [121.5842074, 25.0075326], [121.5841992, 25.0076198], [121.584202, 25.0077046], [121.5842151, 25.0077696], [121.5842379, 25.0078441], [121.5842862, 25.0079745], [121.5843528, 25.0081431], [121.5844032, 25.0082547], [121.584474, 25.0083537], [121.5845536, 25.0084339], [121.5845964, 25.008477], [121.5847164, 25.0085781], [121.5848283, 25.008658], [121.5849583, 25.0087376], [121.5851301, 25.0088227], [121.5853976, 25.0089468], [121.5855326, 25.0090095], [121.5855898, 25.0090296], [121.5856422, 25.0090401], [121.585686, 25.0090415], [121.5857215, 25.0090336], [121.5857588, 25.0090179], [121.5857926, 25.0089947], [121.5858206, 25.0089654], [121.5858389, 25.0089321], [121.5858505, 25.0088948], [121.585852, 25.0088525], [121.5858392, 25.0088084], [121.585808, 25.0087494], [121.5857757, 25.008708], [121.5854288, 25.0083186], [121.5853069, 25.0081818], [121.5852327, 25.0080874], [121.5851884, 25.0080215], [121.5851562, 25.0079589], [121.5851299, 25.0078948], [121.5851141, 25.0078333], [121.5851021, 25.0077406], [121.5850331, 25.007199], [121.585029, 25.007142], [121.5850276, 25.0070814], [121.5850322, 25.0070498], [121.5850423, 25.0070149], [121.5850624, 25.0069623], [121.5851014, 25.006875], [121.5851704, 25.0067554], [121.585334, 25.006507], [121.5854151, 25.006396]]}}, {"type": "Feature", "properties": {"county": "台北市", "district": "文山區", "highway": "unclassified", "name": "玉山路"}, "geometry": {"type": "LineString", "coordinates": [[121.5704289, 24.9644344], [121.5704053, 24.9643434]]}}, {"type": "Feature", "properties": {"county": "台北市", "district": "文山區", "highway": "residential", "name": "北新路二段92巷2弄"}, "geometry": {"type": "LineString", "coordinates": [[121.5432699, 24.9730523], [121.5432778, 24.9727136], [121.5435756, 24.9727193]]}}, {"type": "Feature", "properties": {"county": "台北市", "district": "文山區", "highway": "secondary_link", "name": null}, "geometry": {"type": "LineString", "coordinates": [[121.5534277, 25.013633], [121.553584, 25.0135273], [121.5536504, 25.013523], [121.5537047, 25.013548], [121.5537174, 25.0135826], [121.5537234, 25.0136154], [121.5536859, 25.0136779], [121.553609, 25.0137423]]}}, {"type": "Feature", "properties": {"county": "台北市", "district": "文山區", "highway": "secondary_link", "name": null}, "geometry": {"type": "LineString", "coordinates": [[121.5534837, 25.0138762], [121.5534261, 25.0139581], [121.5533376, 25.0141002]]}}, {"type": "Feature", "properties": {"county": "台北市", "district": "文山區", "highway": "unclassified", "name": null}, "geometry": {"type": "LineString", "coordinates": [[121.552429, 25.0145127], [121.552347, 25.0144364]]}}, {"type": "Feature", "properties": {"county": "台北市", "district": "文山區", "highway": "tertiary", "name": "中興路三段"}, "geometry": {"type": "LineString", "coordinates": [[121.5446704, 24.9794634], [121.5447357, 24.9793523], [121.5448124, 24.9792271], [121.5449446, 24.9790291]]}}, {"type": "Feature", "properties": {"county": "台北市", "district": "文山區", "highway": "tertiary", "name": "民權路"}, "geometry": {"type": "LineString", "coordinates": [[121.5422017, 24.9829027], [121.5424414, 24.9829011], [121.5425661, 24.9829003], [121.543125, 24.9829053], [121.5433099, 24.9828966]]}}, {"type": "Feature", "properties": {"county": "台北市", "district": "文山區", "highway": "secondary", "name": "基隆路四段"}, "geometry": {"type": "LineString", "coordinates": [[121.5400972, 25.0137846], [121.5400045, 25.0137023], [121.539479, 25.0132405], [121.5394305, 25.0132]]}}, {"type": "Feature", "properties": {"county": "台北市", "district": "文山區", "highway": "residential", "name": null}, "geometry": {"type": "LineString", "coordinates": [[121.5706873, 24.9629352], [121.5708375, 24.9627603], [121.5709878, 24.9627068], [121.5711837, 24.9625458], [121.5711703, 24.9622175]]}}, {"type": "Feature", "properties": {"county": "台北市", "district": "文山區", "highway": "residential", "name": null}, "geometry": {"type": "LineString", "coordinates": [[121.5673309, 24.9707229], [121.5678994, 24.9705648], [121.5679906, 24.9705648], [121.5682409, 24.9707038]]}}, {"type": "Feature", "properties": {"county": "台北市", "district": "文山區", "highway": "tertiary", "name": "中興路三段"}, "geometry": {"type": "LineString", "coordinates": [[121.5421157, 24.9859665], [121.5420819, 24.9861937], [121.5420634, 24.9865282], [121.5420591, 24.9866394], [121.5420617, 24.9867275]]}}, {"type": "Feature", "properties": {"county": "台北市", "district": "文山區", "highway": "tertiary", "name": "中興路三段"}, "geometry": {"type": "LineString", "coordinates": [[121.5423498, 24.9852692], [121.5423112, 24.9853778]]}}, {"type": "Feature", "properties": {"county": "台北市", "district": "文山區", "highway": "tertiary", "name": "中興路三段"}, "geometry": {"type": "LineString", "coordinates": [[121.5423112, 24.9853778], [121.5421594, 24.985831], [121.5421157, 24.9859665]]}}, {"type": "Feature", "properties": {"county": "台北市", "district": "文山區", "highway": "tertiary_link", "name": null}, "geometry": {"type": "LineString", "coordinates": [[121.5423112, 24.9853778], [121.5422731, 24.9853977], [121.5422493, 24.9854286], [121.5421504, 24.9857322], [121.5421316, 24.9857638], [121.5420941, 24.9857724], [121.5420578, 24.9857638], [121.5420286, 24.9857436]]}}, {"type": "Feature", "properties": {"county": "台北市", "district": "文山區", "highway": "residential", "name": "中正路95巷"}, "geometry": {"type": "LineString", "coordinates": [[121.542471, 24.9688293], [121.5425727, 24.9690913], [121.542795, 24.9696289]]}}, {"type": "Feature", "properties": {"county": "台北市", "district": "文山區", "highway": "residential", "name": "北新路一段126巷"}, "geometry": {"type": "LineString", "coordinates": [[121.542795, 24.9696289], [121.5423667, 24.9698086], [121.5422964, 24.9698327]]}}, {"type": "Feature", "properties": {"county": "台北市", "district": "文山區", "highway": "secondary_link", "name": null}, "geometry": {"type": "LineString", "coordinates": [[121.6047779, 24.9990168], [121.6048081, 24.9990909]]}}, {"type": "Feature", "properties": {"county": "台北市", "district": "文山區", "highway": "secondary_link", "name": null}, "geometry": {"type": "LineString", "coordinates": [[121.6038762, 24.9993682], [121.6039176, 24.9994366]]}}, {"type": "Feature", "properties": {"county": "台北市", "district": "文山區", "highway": "secondary", "name": "新光橋"}, "geometry": {"type": "LineString", "coordinates": [[121.6116868, 25.001209], [121.6117947, 25.0012056]]}}, {"type": "Feature", "properties": {"county": "台北市", "district": "文山區", "highway": "secondary", "name": "北深路二段"}, "geometry": {"type": "LineString", "coordinates": [[121.6117947, 25.0012056], [121.6124079, 25.0012048]]}}, {"type": "Feature", "properties": {"county": "台北市", "district": "文山區", "highway": "residential", "name": null}, "geometry": {"type": "LineString", "coordinates": [[121.5479442, 24.9948079], [121.5480085, 24.994749]]}}, {"type": "Feature", "properties": {"county": "台北市", "district": "文山區", "highway": "residential", "name": "安業街"}, "geometry": {"type": "LineString", "coordinates": [[121.5190425, 24.9761536], [121.5191339, 24.9760943], [121.5192296, 24.9760252], [121.5211642, 24.9739375], [121.5221271, 24.9729133], [121.5224476, 24.9725822], [121.5226072, 24.9724164], [121.522824, 24.972213], [121.5228881, 24.9721691], [121.5232483, 24.9718736], [121.5242353, 24.9710906], [121.5248066, 24.9706408], [121.5252299, 24.9703563], [121.5254798, 24.9701997], [121.5257094, 24.9700481], [121.526022, 24.9698188], [121.5262242, 24.9696445], [121.5264248, 24.969432], [121.5265773, 24.9692802], [121.5264898, 24.9691983], [121.5264164, 24.9686704], [121.5264582, 24.9684436], [121.5265548, 24.9681616], [121.5267358, 24.9677482], [121.5270979, 24.9671756], [121.527939, 24.965997], [121.5284209, 24.9653857], [121.5292282, 24.9645026], [121.5297502, 24.9639272], [121.5301849, 24.9634172], [121.5304648, 24.963093], [121.5309249, 24.9626431], [121.5311397, 24.9623584], [121.5311628, 24.9621801], [121.531155, 24.9620239], [121.5311251, 24.9618002], [121.5314261, 24.9614237], [121.5316367, 24.9612206], [121.5317949, 24.9610666]]}}]}