{"type": "FeatureCollection", "features": [{"type": "Feature", "properties": {"county": "新北市", "district": "八里區", "highway": "primary", "name": "民權路"}, "geometry": {"type": "LineString", "coordinates": [[121.4605676, 25.1274646], [121.4603569, 25.127926]]}}, {"type": "Feature", "properties": {"county": "新北市", "district": "八里區", "highway": "primary", "name": "中山路三段"}, "geometry": {"type": "LineString", "coordinates": [[121.38986, 25.1421901], [121.3889128, 25.1423376], [121.388371, 25.1423946], [121.3879984, 25.1424039], [121.3874128, 25.1423459], [121.3868412, 25.1422387], [121.3862246, 25.1420453], [121.3850642, 25.1415711], [121.384885, 25.1414979], [121.3832658, 25.1408363], [121.3816545, 25.1404173]]}}, {"type": "Feature", "properties": {"county": "新北市", "district": "八里區", "highway": "primary_link", "name": "關渡大橋"}, "geometry": {"type": "LineString", "coordinates": [[121.4594172, 25.1295146], [121.4594533, 25.1293872], [121.4595336, 25.1292689], [121.4596273, 25.1290875]]}}, {"type": "Feature", "properties": {"county": "新北市", "district": "八里區", "highway": "primary", "name": "淡金路"}, "geometry": {"type": "LineString", "coordinates": [[121.4585914, 25.1574231], [121.4583607, 25.1578213], [121.4579975, 25.1584078], [121.4578592, 25.1586403], [121.4571124, 25.1598615], [121.4568075, 25.1603779], [121.4566429, 25.1606938], [121.4565816, 25.1608065], [121.4564526, 25.1610958], [121.4563768, 25.1613921], [121.4563406, 25.1616203], [121.4563177, 25.1619164], [121.4562903, 25.1621496], [121.4563104, 25.1625101], [121.4563855, 25.1628985], [121.4564418, 25.1630976], [121.456533, 25.1632821], [121.4566524, 25.1634945], [121.4567945, 25.1636814], [121.456997, 25.163906], [121.4574679, 25.1643525]]}}, {"type": "Feature", "properties": {"county": "新北市", "district": "八里區", "highway": "tertiary", "name": "中華路"}, "geometry": {"type": "LineString", "coordinates": [[121.3789207, 25.0938649], [121.3802605, 25.0930472], [121.3823498, 25.0917701], [121.3824701, 25.0916967]]}}, {"type": "Feature", "properties": {"county": "新北市", "district": "八里區", "highway": "residential", "name": "清水街"}, "geometry": {"type": "LineString", "coordinates": [[121.4456348, 25.1704096], [121.4451969, 25.1704062], [121.444757, 25.1703698], [121.4444754, 25.1703225], [121.4442867, 25.1702509], [121.4441214, 25.1701882], [121.4440518, 25.17016], [121.4440019, 25.1701444], [121.4439415, 25.1701566], [121.4437994, 25.1702124], [121.4435526, 25.1701542], [121.4431302, 25.1699515], [121.4427815, 25.1699211], [121.4423966, 25.1699369], [121.4422115, 25.1699466], [121.4417917, 25.1699794], [121.4417475, 25.1699976]]}}, {"type": "Feature", "properties": {"county": "新北市", "district": "八里區", "highway": "primary_link", "name": "關渡大橋"}, "geometry": {"type": "LineString", "coordinates": [[121.4601568, 25.127934], [121.4601855, 25.1277795], [121.4601935, 25.1276402], [121.4601509, 25.1274597], [121.4600308, 25.1272753], [121.4598747, 25.1271242], [121.4595457, 25.1269364], [121.4594804, 25.1268372]]}}, {"type": "Feature", "properties": {"county": "新北市", "district": "八里區", "highway": "primary", "name": "關渡大橋"}, "geometry": {"type": "LineString", "coordinates": [[121.4603569, 25.127926], [121.4603132, 25.1280832], [121.4602379, 25.1282882], [121.4602099, 25.1284647]]}}, {"type": "Feature", "properties": {"county": "新北市", "district": "八里區", "highway": "primary", "name": "關渡大橋"}, "geometry": {"type": "LineString", "coordinates": [[121.4549991, 25.1242604], [121.4548278, 25.1242251], [121.4545295, 25.1240905], [121.4543668, 25.1240586], [121.4542006, 25.1240595], [121.4540318, 25.124087], [121.4537962, 25.1241876]]}}, {"type": "Feature", "properties": {"county": "新北市", "district": "八里區", "highway": "trunk", "name": "觀音山隧道"}, "geometry": {"type": "LineString", "coordinates": [[121.4210799, 25.1120348], [121.4203498, 25.1123596], [121.4196648, 25.1126821], [121.4189208, 25.1130581], [121.4183351, 25.1133632], [121.4178276, 25.1136431], [121.4173374, 25.1139285], [121.4168683, 25.1142083], [121.4163618, 25.1145357], [121.415916, 25.1148307], [121.4154421, 25.115167], [121.4149731, 25.1155173], [121.4143367, 25.1160099], [121.4136446, 25.1165797], [121.4130018, 25.1171466], [121.4124972, 25.1176246], [121.4119482, 25.1181788], [121.4113264, 25.1188586], [121.411032, 25.1191899], [121.4106408, 25.1196662], [121.4102201, 25.1201969], [121.4098837, 25.1206493], [121.4096653, 25.1209656], [121.4094187, 25.1213204], [121.4089898, 25.1219278], [121.4085924, 25.1224676], [121.4081498, 25.1230225], [121.407692, 25.1235723], [121.4072686, 25.1240368], [121.4065903, 25.1247462], [121.4060456, 25.1252855], [121.405553, 25.125738], [121.4050671, 25.1261577], [121.4045529, 25.1266333]]}}, {"type": "Feature", "properties": {"county": "新北市", "district": "八里區", "highway": "residential", "name": "中正路11巷"}, "geometry": {"type": "LineString", "coordinates": [[121.437826, 25.1708875], [121.4386388, 25.1712848]]}}, {"type": "Feature", "properties": {"county": "新北市", "district": "八里區", "highway": "tertiary", "name": "文化二路二段"}, "geometry": {"type": "LineString", "coordinates": [[121.3840739, 25.0908836], [121.3839697, 25.0907815], [121.3834419, 25.0898883], [121.38323, 25.0895382], [121.382406, 25.0881764], [121.3820923, 25.0876797], [121.3813546, 25.086543], [121.3810408, 25.0860556], [121.380911, 25.085809], [121.3808047, 25.08556], [121.3805852, 25.0848568], [121.3803541, 25.0839567], [121.3802188, 25.0834759], [121.3800885, 25.083223], [121.3797157, 25.0826454], [121.3796485, 25.0825574]]}}, {"type": "Feature", "properties": {"county": "新北市", "district": "八里區", "highway": "unclassified", "name": null}, "geometry": {"type": "LineString", "coordinates": [[121.4597649, 25.1292219], [121.4600808, 25.1293791], [121.4601876, 25.1294776], [121.4602135, 25.1295494], [121.4602324, 25.1296512]]}}, {"type": "Feature", "properties": {"county": "新北市", "district": "八里區", "highway": "residential", "name": "頂寮一街"}, "geometry": {"type": "LineString", "coordinates": [[121.4522642, 25.12444], [121.4514597, 25.1240697], [121.451337, 25.1240149], [121.4509873, 25.1238572], [121.4507827, 25.1237306]]}}, {"type": "Feature", "properties": {"county": "新北市", "district": "八里區", "highway": "residential", "name": "頂寮一街"}, "geometry": {"type": "LineString", "coordinates": [[121.451337, 25.1240149], [121.4513297, 25.1238919], [121.4514075, 25.1237777], [121.4514289, 25.1236964], [121.4514276, 25.1236478], [121.4512856, 25.1235418], [121.4510904, 25.1235973], [121.4509415, 25.1236587], [121.4508335, 25.1237037], [121.4507827, 25.1237306], [121.4506538, 25.1237352], [121.4506117, 25.1237479]]}}, {"type": "Feature", "properties": {"county": "新北市", "district": "八里區", "highway": "primary_link", "name": "關渡大橋"}, "geometry": {"type": "LineString", "coordinates": [[121.4549952, 25.1230898], [121.4548758, 25.1232355], [121.4547525, 25.1234569], [121.4547149, 25.1236678], [121.4547427, 25.1238558], [121.4547898, 25.1239682], [121.4548576, 25.1240666], [121.454937, 25.1241535], [121.4549991, 25.1242604]]}}, {"type": "Feature", "properties": {"county": "新北市", "district": "八里區", "highway": "primary_link", "name": "關渡大橋"}, "geometry": {"type": "LineString", "coordinates": [[121.4530183, 25.1233416], [121.4528668, 25.1233413], [121.4527266, 25.1233768], [121.4525967, 25.1234306], [121.4525003, 25.123517], [121.4524355, 25.123617], [121.4524022, 25.1237272], [121.452397, 25.1238156], [121.4524203, 25.1239302], [121.4524558, 25.1240167], [121.452524, 25.1241125], [121.452634, 25.1242007], [121.4527264, 25.1242442], [121.4528066, 25.124271], [121.4528815, 25.1242867], [121.4529617, 25.1242896], [121.4530549, 25.1242866], [121.4531306, 25.124275], [121.4532241, 25.1242455], [121.4533088, 25.1242094], [121.4534443, 25.1241248], [121.4536899, 25.1239223], [121.453783, 25.123885]]}}, {"type": "Feature", "properties": {"county": "新北市", "district": "八里區", "highway": "primary", "name": "關渡大橋"}, "geometry": {"type": "LineString", "coordinates": [[121.4549991, 25.1242604], [121.4541612, 25.123792]]}}, {"type": "Feature", "properties": {"county": "新北市", "district": "八里區", "highway": "trunk_link", "name": "五股二交流道"}, "geometry": {"type": "LineString", "coordinates": [[121.4532193, 25.0744301], [121.452875, 25.0748796], [121.4524687, 25.0753924], [121.452267, 25.0756738], [121.4521531, 25.0758548], [121.4518554, 25.0762995], [121.4512784, 25.0769146], [121.450979, 25.0772186], [121.4506931, 25.0776351], [121.4504488, 25.0780253], [121.4502249, 25.0784106], [121.449736, 25.0792885], [121.4495411, 25.0797079], [121.4492099, 25.0804332], [121.4490086, 25.0809414]]}}, {"type": "Feature", "properties": {"county": "新北市", "district": "八里區", "highway": "unclassified", "name": "民權一街"}, "geometry": {"type": "LineString", "coordinates": [[121.4593633, 25.1377895], [121.4594223, 25.1378174]]}}, {"type": "Feature", "properties": {"county": "新北市", "district": "八里區", "highway": "unclassified", "name": "民權一街"}, "geometry": {"type": "LineString", "coordinates": [[121.4595584, 25.1378918], [121.4597876, 25.1380222]]}}, {"type": "Feature", "properties": {"county": "新北市", "district": "八里區", "highway": "unclassified", "name": "民權一街"}, "geometry": {"type": "LineString", "coordinates": [[121.4594223, 25.1378174], [121.4595584, 25.1378918]]}}, {"type": "Feature", "properties": {"county": "新北市", "district": "八里區", "highway": "residential", "name": "民權一街"}, "geometry": {"type": "LineString", "coordinates": [[121.4593899, 25.1362797], [121.4593839, 25.1366236], [121.4593785, 25.1369444], [121.4593688, 25.137532], [121.4593633, 25.1377895], [121.4593637, 25.1378294]]}}, {"type": "Feature", "properties": {"county": "新北市", "district": "八里區", "highway": "secondary_link", "name": null}, "geometry": {"type": "LineString", "coordinates": [[121.4438515, 25.0810754], [121.444455, 25.0809488], [121.4449097, 25.08082]]}}, {"type": "Feature", "properties": {"county": "新北市", "district": "八里區", "highway": "secondary_link", "name": null}, "geometry": {"type": "LineString", "coordinates": [[121.4494085, 25.0796896], [121.4489607, 25.0798342], [121.4488293, 25.0798737], [121.4485059, 25.0799606], [121.4449437, 25.0809247]]}}, {"type": "Feature", "properties": {"county": "新北市", "district": "八里區", "highway": "primary", "name": "中正路"}, "geometry": {"type": "LineString", "coordinates": [[121.4354168, 25.1735115], [121.4353074, 25.1735561], [121.435134, 25.1736539], [121.4339233, 25.1743074], [121.433715, 25.1744044], [121.4335836, 25.1744457], [121.4331719, 25.1745567], [121.4324571, 25.1747448], [121.4321134, 25.1748143], [121.4319647, 25.1748486], [121.4317607, 25.1748956], [121.4315605, 25.1749499], [121.4314811, 25.1749855], [121.4309188, 25.1752764], [121.4306399, 25.1753663], [121.4302965, 25.1753857], [121.4297384, 25.1753446], [121.4294246, 25.1753485], [121.4291678, 25.1753776], [121.4289985, 25.1754068], [121.4286266, 25.1755093]]}}, {"type": "Feature", "properties": {"county": "新北市", "district": "八里區", "highway": "primary", "name": "關渡大橋"}, "geometry": {"type": "LineString", "coordinates": [[121.4603414, 25.1273224], [121.4598635, 25.1270575]]}}, {"type": "Feature", "properties": {"county": "新北市", "district": "八里區", "highway": "primary_link", "name": null}, "geometry": {"type": "LineString", "coordinates": [[121.4575843, 25.1586905], [121.4576063, 25.1586273], [121.4576071, 25.1585653], [121.4575909, 25.1585283], [121.4575696, 25.1585071], [121.4575155, 25.1584963], [121.4574664, 25.1584981], [121.4573437, 25.1585487]]}}, {"type": "Feature", "properties": {"county": "新北市", "district": "八里區", "highway": "residential", "name": "建設街"}, "geometry": {"type": "LineString", "coordinates": [[121.4388409, 25.1728496], [121.4389995, 25.1725825], [121.4390207, 25.1724658]]}}, {"type": "Feature", "properties": {"county": "新北市", "district": "八里區", "highway": "tertiary", "name": "文化北路二段"}, "geometry": {"type": "LineString", "coordinates": [[121.3787845, 25.093948], [121.377821, 25.0926254], [121.3767041, 25.0910922], [121.3758908, 25.0899759], [121.3757897, 25.0898371]]}}, {"type": "Feature", "properties": {"county": "新北市", "district": "八里區", "highway": "unclassified", "name": "馬偕街"}, "geometry": {"type": "LineString", "coordinates": [[121.4386748, 25.1714456], [121.438601, 25.1716052], [121.4385219, 25.1717181], [121.4384032, 25.1718322], [121.438251, 25.1718898], [121.4381088, 25.1719639], [121.4378613, 25.1721558], [121.4379456, 25.1722736], [121.4379711, 25.1723233], [121.4379736, 25.1723747], [121.4379649, 25.1724169], [121.4377297, 25.1726389], [121.4376457, 25.1727322], [121.4375869, 25.1728082], [121.4376228, 25.1729624]]}}, {"type": "Feature", "properties": {"county": "新北市", "district": "八里區", "highway": "residential", "name": "新生街"}, "geometry": {"type": "LineString", "coordinates": [[121.4413848, 25.1744276], [121.4410554, 25.1745572], [121.440688, 25.1746743], [121.4405964, 25.1747137], [121.4404273, 25.1747485], [121.4402187, 25.174773], [121.4401812, 25.1747768], [121.4394825, 25.1748218]]}}, {"type": "Feature", "properties": {"county": "新北市", "district": "八里區", "highway": "residential", "name": "新民街19巷"}, "geometry": {"type": "LineString", "coordinates": [[121.4389173, 25.1739169], [121.438429, 25.1742023], [121.4383902, 25.17425], [121.4383767, 25.174306], [121.4384143, 25.1746805], [121.4384545, 25.1750034], [121.4385269, 25.1750907], [121.4387887, 25.1751817], [121.4390553, 25.1752303], [121.4393517, 25.1753675], [121.4395274, 25.1754718], [121.4396012, 25.1755641], [121.4396414, 25.1756624], [121.4397085, 25.1762124], [121.4397115, 25.1762673], [121.4397544, 25.1764906], [121.4398631, 25.1768122]]}}, {"type": "Feature", "properties": {"county": "新北市", "district": "八里區", "highway": "secondary", "name": "永安大橋"}, "geometry": {"type": "LineString", "coordinates": [[121.4572529, 25.0816167], [121.4570283, 25.0817259], [121.456852, 25.0817939], [121.4567101, 25.0818256], [121.456529, 25.0818499], [121.4564109, 25.0818534], [121.4562937, 25.0818406], [121.4561896, 25.0818267], [121.4561095, 25.0818081], [121.4558866, 25.0817337], [121.4534026, 25.0809242], [121.4520912, 25.0804954]]}}, {"type": "Feature", "properties": {"county": "新北市", "district": "八里區", "highway": "secondary", "name": "永安南路二段"}, "geometry": {"type": "LineString", "coordinates": [[121.4683953, 25.0764334], [121.4681935, 25.0764938], [121.4679502, 25.076544], [121.4678513, 25.0765681], [121.4677628, 25.0766009], [121.4676367, 25.0766944], [121.4675763, 25.0767685], [121.4673108, 25.0770236], [121.4672424, 25.0770819], [121.4671145, 25.0771552], [121.4666169, 25.0773676], [121.4660681, 25.0775779], [121.4645441, 25.0781897], [121.4642782, 25.0781786], [121.4641096, 25.0781473], [121.4633806, 25.0780121], [121.4632778, 25.0780391], [121.4630903, 25.0781718], [121.4624425, 25.0785581], [121.4621763, 25.0786595], [121.4616052, 25.0788771], [121.4612079, 25.079026], [121.4608726, 25.0792471], [121.460533, 25.0795709], [121.4602355, 25.0798465], [121.4598764, 25.0800898], [121.4597101, 25.0802271], [121.459586, 25.0803643], [121.4592056, 25.0804806], [121.4589711, 25.0805587], [121.4586826, 25.0806745], [121.4581029, 25.0809159], [121.4579127, 25.0810231], [121.4575265, 25.0813624], [121.4574382, 25.0815139]]}}, {"type": "Feature", "properties": {"county": "新北市", "district": "八里區", "highway": "trunk_link", "name": "八里二交流道"}, "geometry": {"type": "LineString", "coordinates": [[121.3914424, 25.1492799], [121.3902994, 25.1483618], [121.3898411, 25.1480125], [121.3875418, 25.1463638], [121.3871122, 25.1460946], [121.3867538, 25.1458987], [121.3863254, 25.1456815], [121.3859278, 25.1454964], [121.3856408, 25.1453721]]}}, {"type": "Feature", "properties": {"county": "新北市", "district": "八里區", "highway": "trunk", "name": "臨港大橋"}, "geometry": {"type": "LineString", "coordinates": [[121.3827423, 25.1443999], [121.3821612, 25.1442353], [121.3817026, 25.1440848], [121.381319, 25.1439427], [121.3807164, 25.1436475], [121.3803038, 25.1434452], [121.3800087, 25.1432583]]}}, {"type": "Feature", "properties": {"county": "新北市", "district": "八里區", "highway": "trunk", "name": "臨港大橋"}, "geometry": {"type": "LineString", "coordinates": [[121.3800724, 25.1431819], [121.3805829, 25.1434739], [121.3811168, 25.1437285], [121.3815243, 25.1438964], [121.3819225, 25.1440477], [121.3824856, 25.1442266], [121.3827685, 25.1442999]]}}, {"type": "Feature", "properties": {"county": "新北市", "district": "八里區", "highway": "primary_link", "name": null}, "geometry": {"type": "LineString", "coordinates": [[121.3768912, 25.1388644], [121.3767998, 25.1388969], [121.3766791, 25.1389487], [121.376596, 25.139024], [121.3765254, 25.1391281], [121.3765049, 25.1391929], [121.3764842, 25.1393064], [121.3765223, 25.1394447], [121.3766252, 25.139623]]}}, {"type": "Feature", "properties": {"county": "新北市", "district": "八里區", "highway": "trunk", "name": "西部濱海快速公路"}, "geometry": {"type": "LineString", "coordinates": [[121.3792252, 25.1427172], [121.3790075, 25.1425554], [121.3786871, 25.1422866], [121.3784308, 25.1420479], [121.3781296, 25.1417432], [121.3778327, 25.1414142], [121.3767947, 25.1401188], [121.3766022, 25.1399053], [121.3764044, 25.1397108], [121.3761427, 25.1394755], [121.3758558, 25.1392569], [121.3755018, 25.1390238], [121.3750998, 25.1387986], [121.374617, 25.1385837], [121.3738957, 25.1383178]]}}, {"type": "Feature", "properties": {"county": "新北市", "district": "八里區", "highway": "trunk", "name": "西部濱海快速公路"}, "geometry": {"type": "LineString", "coordinates": [[121.3738957, 25.1383178], [121.3723205, 25.137821], [121.3718087, 25.137627], [121.3713192, 25.1374127], [121.3700062, 25.1367553], [121.3693531, 25.1364287], [121.3690152, 25.1362672], [121.3686712, 25.1361248], [121.3680531, 25.1359068], [121.3674182, 25.1357052], [121.3670598, 25.135614], [121.3667517, 25.1355469], [121.3663571, 25.1354635], [121.3660304, 25.1354057], [121.3646763, 25.1351549], [121.3642965, 25.1350772], [121.3639186, 25.134977], [121.3632691, 25.1347784], [121.3628548, 25.134634], [121.3624585, 25.1344738], [121.3617081, 25.1341658]]}}, {"type": "Feature", "properties": {"county": "新北市", "district": "八里區", "highway": "trunk", "name": "西部濱海快速公路"}, "geometry": {"type": "LineString", "coordinates": [[121.3740291, 25.138278], [121.3745792, 25.1384725], [121.3751345, 25.1387276], [121.3755531, 25.1389552], [121.375927, 25.1391997], [121.3762415, 25.1394378], [121.3765076, 25.1396756], [121.3767296, 25.1398971], [121.3768739, 25.1400666], [121.3779223, 25.1413759], [121.3782042, 25.1416906], [121.3784024, 25.1418931], [121.3786706, 25.1421414], [121.3789164, 25.1423587], [121.3792811, 25.1426539]]}}, {"type": "Feature", "properties": {"county": "新北市", "district": "八里區", "highway": "trunk_link", "name": "八里三交流道"}, "geometry": {"type": "LineString", "coordinates": [[121.3792252, 25.1427172], [121.3788031, 25.142428], [121.3783444, 25.1420691], [121.3780311, 25.1417743], [121.3777674, 25.1414898], [121.3772823, 25.140886], [121.3767099, 25.1401753]]}}, {"type": "Feature", "properties": {"county": "新北市", "district": "八里區", "highway": "trunk", "name": "觀音山隧道"}, "geometry": {"type": "LineString", "coordinates": [[121.4029917, 25.1278097], [121.4035202, 25.1272269], [121.4039902, 25.1267213], [121.4045138, 25.1261962], [121.4051377, 25.1255965], [121.4056025, 25.1251753], [121.4060513, 25.1247345], [121.406643, 25.1241137], [121.4072588, 25.1234398], [121.4078145, 25.1227786], [121.4082355, 25.1222091], [121.4087409, 25.121481], [121.4092704, 25.12072], [121.4098509, 25.119942], [121.4104913, 25.1191372], [121.4110949, 25.1184338], [121.4115504, 25.1179406], [121.4123033, 25.1171721], [121.412882, 25.1166392], [121.4135729, 25.1160529], [121.4144101, 25.1154134], [121.4149841, 25.1149977], [121.4156215, 25.1145521], [121.4161849, 25.114188], [121.4167068, 25.1138732], [121.4172899, 25.1135348], [121.4179959, 25.1131624], [121.4189126, 25.1127056], [121.4197109, 25.1123286], [121.4202813, 25.1120803], [121.4209354, 25.1118171]]}}, {"type": "Feature", "properties": {"county": "新北市", "district": "八里區", "highway": "secondary", "name": "中山路一段"}, "geometry": {"type": "LineString", "coordinates": [[121.4238879, 25.1588849], [121.42386, 25.1589631]]}}, {"type": "Feature", "properties": {"county": "新北市", "district": "八里區", "highway": "trunk_link", "name": "八里二交流道"}, "geometry": {"type": "LineString", "coordinates": [[121.386159, 25.1453282], [121.3865428, 25.145495], [121.3868698, 25.1456645], [121.3873312, 25.1459388], [121.3877804, 25.1462217], [121.3881257, 25.146452], [121.3884684, 25.146717], [121.3890049, 25.1471795], [121.3893642, 25.1475328], [121.3896005, 25.1477386], [121.3898792, 25.1479529], [121.3905835, 25.1485175], [121.3928714, 25.1503627], [121.3945947, 25.1517456]]}}, {"type": "Feature", "properties": {"county": "新北市", "district": "八里區", "highway": "tertiary", "name": "商港路"}, "geometry": {"type": "LineString", "coordinates": [[121.3917093, 25.1510014], [121.3923561, 25.1504144], [121.3925259, 25.1502561]]}}, {"type": "Feature", "properties": {"county": "新北市", "district": "八里區", "highway": "unclassified", "name": "博物館路"}, "geometry": {"type": "LineString", "coordinates": [[121.4057363, 25.156675], [121.406594, 25.1574693], [121.4069554, 25.1577687], [121.4085232, 25.1589788], [121.4097396, 25.1599379], [121.4130841, 25.1621703]]}}, {"type": "Feature", "properties": {"county": "新北市", "district": "八里區", "highway": "residential", "name": "大崁三街"}, "geometry": {"type": "LineString", "coordinates": [[121.4142679, 25.1588081], [121.414343, 25.1584731], [121.4147292, 25.1582595], [121.4154253, 25.1579741], [121.4157055, 25.157905], [121.4160016, 25.1578701], [121.4161454, 25.1576379], [121.4165063, 25.1570721], [121.416872, 25.1564989], [121.4172627, 25.1558841], [121.4173133, 25.155817]]}}, {"type": "Feature", "properties": {"county": "新北市", "district": "八里區", "highway": "residential", "name": "賢三街"}, "geometry": {"type": "LineString", "coordinates": [[121.4136705, 25.1562155], [121.4150504, 25.157009], [121.4161454, 25.1576379], [121.4171864, 25.1578347], [121.4178406, 25.1579584], [121.4182976, 25.158445], [121.4186244, 25.158793], [121.4190851, 25.1592837], [121.4191549, 25.1594294], [121.4191656, 25.1597013]]}}, {"type": "Feature", "properties": {"county": "新北市", "district": "八里區", "highway": "unclassified", "name": "忠孝路"}, "geometry": {"type": "LineString", "coordinates": [[121.4295451, 25.1600105], [121.4287585, 25.1601029], [121.4283659, 25.1601468], [121.4280757, 25.1601839], [121.4270536, 25.1603053], [121.426423, 25.1603777], [121.4260194, 25.1604241], [121.4256015, 25.1604721], [121.4249497, 25.1605469], [121.4241706, 25.1606335], [121.4234319, 25.1607213], [121.4229851, 25.1607744], [121.4226587, 25.1608103], [121.4222902, 25.1608507], [121.4219381, 25.1608894], [121.4212563, 25.1609643], [121.4210793, 25.1609837], [121.4194007, 25.1612157]]}}, {"type": "Feature", "properties": {"county": "新北市", "district": "八里區", "highway": "residential", "name": "民享街"}, "geometry": {"type": "LineString", "coordinates": [[121.4142464, 25.1580798], [121.4130019, 25.1573854], [121.4129415, 25.1573454]]}}, {"type": "Feature", "properties": {"county": "新北市", "district": "八里區", "highway": "unclassified", "name": "文昌路"}, "geometry": {"type": "LineString", "coordinates": [[121.4132643, 25.1538862], [121.4132119, 25.1539426], [121.412778, 25.1544093], [121.4123956, 25.1548206], [121.4120191, 25.1552256], [121.4114761, 25.1558096], [121.4110834, 25.156232], [121.4106776, 25.1566684], [121.4102506, 25.1571277]]}}, {"type": "Feature", "properties": {"county": "新北市", "district": "八里區", "highway": "unclassified", "name": "忠四街"}, "geometry": {"type": "LineString", "coordinates": [[121.425185, 25.1620334], [121.4250614, 25.1612653], [121.4249497, 25.1605469], [121.4248163, 25.1596884], [121.424734, 25.1591585]]}}, {"type": "Feature", "properties": {"county": "新北市", "district": "八里區", "highway": "residential", "name": "渡船頭街"}, "geometry": {"type": "LineString", "coordinates": [[121.4344114, 25.1582755], [121.4346606, 25.1584383], [121.4347961, 25.1585297], [121.4349243, 25.158614], [121.4351602, 25.1587705]]}}, {"type": "Feature", "properties": {"county": "新北市", "district": "八里區", "highway": "unclassified", "name": "頂寮二街"}, "geometry": {"type": "LineString", "coordinates": [[121.4486264, 25.1266341], [121.4487038, 25.1266939], [121.4488045, 25.1268215], [121.4488985, 25.1270038], [121.448942, 25.1271247], [121.4489488, 25.1272481], [121.4489233, 25.1274885], [121.4489144, 25.1277443], [121.4489515, 25.1279207], [121.4489703, 25.1280494], [121.4490333, 25.1283979], [121.4490789, 25.1287172], [121.4491714, 25.1293486], [121.4492251, 25.1295781], [121.4492519, 25.1297821], [121.4492841, 25.1299569], [121.449319, 25.1300795], [121.4493726, 25.1301718], [121.4494343, 25.1302277], [121.4495094, 25.1303066], [121.4495979, 25.1304366]]}}, {"type": "Feature", "properties": {"county": "新北市", "district": "八里區", "highway": "unclassified", "name": "頂寮二街"}, "geometry": {"type": "LineString", "coordinates": [[121.448942, 25.1271247], [121.4492299, 25.1269736], [121.4495175, 25.1268401], [121.4494638, 25.1266798], [121.4495067, 25.1265584], [121.4496355, 25.1263253], [121.4497407, 25.1261955], [121.4499573, 25.1259501], [121.449924, 25.1257753]]}}, {"type": "Feature", "properties": {"county": "新北市", "district": "八里區", "highway": "tertiary", "name": "商港路"}, "geometry": {"type": "LineString", "coordinates": [[121.392859, 25.1497068], [121.3928824, 25.1496702], [121.3939272, 25.1480607], [121.3948571, 25.1466586], [121.3959395, 25.1451318]]}}, {"type": "Feature", "properties": {"county": "新北市", "district": "八里區", "highway": "secondary", "name": "中山路二段"}, "geometry": {"type": "LineString", "coordinates": [[121.3975126, 25.1464723], [121.3973753, 25.1463917], [121.3971492, 25.146255], [121.3965859, 25.1457087], [121.3961435, 25.1452752]]}}, {"type": "Feature", "properties": {"county": "新北市", "district": "八里區", "highway": "tertiary", "name": "商港路"}, "geometry": {"type": "LineString", "coordinates": [[121.3927375, 25.1499359], [121.392859, 25.1497068]]}}, {"type": "Feature", "properties": {"county": "新北市", "district": "八里區", "highway": "tertiary", "name": null}, "geometry": {"type": "LineString", "coordinates": [[121.3848183, 25.1082268], [121.3844339, 25.108329], [121.3841695, 25.1083991], [121.3839924, 25.1084336], [121.383853, 25.1084655], [121.383701, 25.1084932], [121.3835153, 25.1085101], [121.3831803, 25.1085152], [121.3829622, 25.1085075], [121.382737, 25.1085215], [121.3824837, 25.1085576], [121.3823373, 25.1086171], [121.382153, 25.1086821], [121.3819391, 25.1087484], [121.3818166, 25.1087981], [121.38169, 25.1088427], [121.3815971, 25.1088836], [121.3815221, 25.1089453], [121.381454, 25.1089961], [121.3813391, 25.1090955], [121.3812294, 25.1092601], [121.3811342, 25.1094195], [121.381039, 25.1096468], [121.3809235, 25.1099395], [121.3808572, 25.1101668], [121.3807966, 25.1103418], [121.380736, 25.1105091], [121.3806581, 25.1106606], [121.3805657, 25.1107913], [121.3805183, 25.1108393], [121.3803639, 25.1109957], [121.3802052, 25.111095], [121.3800121, 25.1112721], [121.3796925, 25.1115061], [121.379572, 25.1117016], [121.3795264, 25.1118085], [121.3794862, 25.1119032], [121.379462, 25.1120513], [121.3794708, 25.1121723], [121.3794996, 25.1123841], [121.3795452, 25.1126075], [121.3797039, 25.1128766], [121.3797664, 25.1130184], [121.3797709, 25.1130972], [121.3796136, 25.1133507], [121.3793078, 25.113715], [121.3791469, 25.1139505], [121.3790852, 25.1141157], [121.3789672, 25.1143367], [121.3789055, 25.1144193], [121.3787633, 25.1145067], [121.3785462, 25.114605], [121.3780365, 25.1147556], [121.3777092, 25.114854], [121.3772828, 25.1149584], [121.3771916, 25.1150483], [121.3769287, 25.1151576], [121.3764916, 25.1152347], [121.3762937, 25.115283], [121.3762234, 25.1153045], [121.3760754, 25.1153919], [121.3760204, 25.1154746], [121.3759833, 25.1155354], [121.3756641, 25.1160951], [121.3756724, 25.1161574], [121.3757287, 25.1162472], [121.3762814, 25.1166826], [121.3767004, 25.1170692], [121.3770469, 25.1173323], [121.3770819, 25.1174427], [121.3770817, 25.1175388], [121.3770336, 25.1177584], [121.3768839, 25.1180658], [121.3767493, 25.1183467], [121.3766942, 25.1184373], [121.3764353, 25.1187312], [121.3760244, 25.1192034], [121.3758273, 25.1194851], [121.3755725, 25.1198628], [121.3752981, 25.120226], [121.3752117, 25.1203606], [121.3751506, 25.1204871], [121.3750133, 25.1210199], [121.3748327, 25.1215459], [121.3747544, 25.1217461], [121.3747064, 25.1218659], [121.3746678, 25.1219623], [121.3744567, 25.122352], [121.3742868, 25.1227455], [121.3741782, 25.1227868], [121.373788, 25.1228961], [121.373638, 25.1229445], [121.3735012, 25.1230004], [121.3732676, 25.1231244], [121.3728145, 25.1233003], [121.3723411, 25.1234727], [121.372066, 25.1235955], [121.3716905, 25.1238675], [121.371511, 25.1239875], [121.3713364, 25.1240763], [121.3710858, 25.1241612], [121.3707515, 25.124254], [121.3696359, 25.124579], [121.3682707, 25.1250769], [121.3679832, 25.1251641], [121.367674, 25.1251956], [121.3673355, 25.1252652], [121.3667794, 25.1253657], [121.3666156, 25.1254291], [121.3664315, 25.1254916], [121.3662733, 25.1255462], [121.3661902, 25.1255843], [121.3660741, 25.1256409], [121.3659563, 25.1257039], [121.3658509, 25.1257679], [121.3656852, 25.1258564], [121.3655565, 25.1259074], [121.3653795, 25.1259851], [121.3652628, 25.1260228], [121.3651863, 25.126041], [121.3650536, 25.1260398], [121.3646727, 25.1260438], [121.3643763, 25.1260718], [121.3641, 25.1261167], [121.3638927, 25.1261439], [121.3637191, 25.1261555], [121.3633879, 25.1261665], [121.3631988, 25.1261507], [121.3630325, 25.126124], [121.3629359, 25.1261033], [121.36283, 25.1261264], [121.3626664, 25.1261859], [121.3625551, 25.1262357], [121.3623794, 25.1263292], [121.3622557, 25.1263616], [121.3621433, 25.1263911], [121.3620816, 25.1263947], [121.3619824, 25.1263899], [121.3618496, 25.1263704], [121.3616887, 25.1263292], [121.3615667, 25.1262757], [121.3614621, 25.1262175], [121.3612663, 25.1261021], [121.3611362, 25.126022], [121.3610021, 25.1259625], [121.3609283, 25.1259746], [121.3608425, 25.1260123], [121.360766, 25.1260596], [121.3606601, 25.1261276], [121.3605796, 25.1261616], [121.3604938, 25.1261822], [121.3603865, 25.1261774], [121.3602416, 25.1261701], [121.3601049, 25.1261859], [121.3600391, 25.1261932], [121.3599238, 25.1262235], [121.3598232, 25.1262624], [121.3596556, 25.1262988], [121.3594966, 25.1263017], [121.3593941, 25.1263], [121.3591205, 25.1263607], [121.3589126, 25.1264154], [121.3584325, 25.1265586], [121.3573073, 25.1269472], [121.3570605, 25.1270407], [121.356968, 25.127099], [121.3568875, 25.1271864], [121.3567977, 25.1272617], [121.3566247, 25.1273248], [121.3565389, 25.12736], [121.3564691, 25.1273649], [121.3564074, 25.1273418], [121.3562304, 25.1272884], [121.3559541, 25.1272738], [121.3557034, 25.1273042], [121.3554539, 25.1273515], [121.3552662, 25.1273746], [121.3551387, 25.1273977], [121.3550046, 25.1274474], [121.3548477, 25.1275312], [121.3546, 25.1277498], [121.3544793, 25.1278469], [121.3542701, 25.127978], [121.3541225, 25.1280169], [121.3539294, 25.1280072], [121.3537497, 25.127995], [121.353621, 25.127961], [121.3534332, 25.1278858], [121.3532803, 25.1278032], [121.353173, 25.1277959], [121.3530818, 25.1278396], [121.3530309, 25.1278882], [121.352875, 25.1281967], [121.3527707, 25.128369], [121.3526312, 25.1285633], [121.3525507, 25.1285682], [121.3524408, 25.1285438], [121.3523281, 25.1285098], [121.3522719, 25.1284297], [121.3522262, 25.128369], [121.3521833, 25.128301], [121.352127, 25.1282209], [121.3519218, 25.1280715], [121.351848, 25.1279465], [121.351786, 25.1278586], [121.3516455, 25.1277182], [121.3515168, 25.127626], [121.3513384, 25.1275373], [121.3509937, 25.1274098], [121.3508127, 25.1273891], [121.3505606, 25.1273818], [121.3502374, 25.1273697], [121.3501033, 25.1273709], [121.3499061, 25.1273661], [121.3498632, 25.1273296], [121.3498511, 25.1272495], [121.3498726, 25.1272095], [121.3499396, 25.1271827], [121.350161, 25.1271913], [121.3504104, 25.1271597], [121.350641, 25.1271524], [121.3507564, 25.1271548], [121.3509173, 25.12715], [121.3509656, 25.1271038], [121.350987, 25.1270334], [121.3509569, 25.1270089], [121.3509334, 25.1269897], [121.3508207, 25.1269654], [121.3507027, 25.1269533], [121.3504238, 25.1269363], [121.3502789, 25.1269168], [121.3501797, 25.1268731], [121.3501448, 25.1268003], [121.3501824, 25.1266861], [121.3503245, 25.126606], [121.3505337, 25.1264943], [121.3505525, 25.1264433], [121.3505257, 25.1263826], [121.3504774, 25.1263267], [121.3504265, 25.126283], [121.3501362, 25.1263591], [121.3497607, 25.1264367], [121.3494314, 25.1264822], [121.3492189, 25.1265242], [121.3490505, 25.1265866], [121.3489445, 25.1266615], [121.3488897, 25.126693], [121.3487635, 25.1267882], [121.3486409, 25.1268909], [121.3484545, 25.1271131], [121.3482547, 25.1273547], [121.3481989, 25.1274766], [121.3481827, 25.1275883], [121.3481782, 25.1276898], [121.3482029, 25.127853], [121.3482574, 25.1280297], [121.348425, 25.1282629], [121.3485095, 25.1284434], [121.3485503, 25.1285815], [121.348574, 25.1288975]]}}, {"type": "Feature", "properties": {"county": "新北市", "district": "八里區", "highway": "tertiary", "name": "商港路"}, "geometry": {"type": "LineString", "coordinates": [[121.3931164, 25.1499021], [121.3929563, 25.1500895]]}}, {"type": "Feature", "properties": {"county": "新北市", "district": "八里區", "highway": "secondary", "name": "中華路三段"}, "geometry": {"type": "LineString", "coordinates": [[121.3907903, 25.1273564], [121.3907834, 25.1271832], [121.3907911, 25.1269397], [121.3908358, 25.1255186], [121.3908414, 25.1251934], [121.3907919, 25.1250114], [121.3907668, 25.1249189], [121.3907538, 25.1248184], [121.3907524, 25.1247296], [121.390774, 25.1246552], [121.3908701, 25.1242911], [121.3910811, 25.1237469], [121.3912454, 25.1231961], [121.391312, 25.1227915], [121.3913053, 25.1226337], [121.3912599, 25.1225173], [121.3912114, 25.1224345], [121.3910586, 25.1223301], [121.3909084, 25.122318], [121.3907717, 25.1223181], [121.390447, 25.1223374], [121.3903022, 25.1223738], [121.3901923, 25.1224201], [121.3899483, 25.1225058], [121.3898115, 25.122595], [121.389582, 25.1226592], [121.389334, 25.1226824], [121.3891649, 25.1226441], [121.3891195, 25.1226338], [121.3890122, 25.1225415], [121.3889678, 25.1223083], [121.3889517, 25.1218954], [121.388898, 25.1216671], [121.3887854, 25.1214461], [121.3886003, 25.1212276], [121.388485, 25.121128], [121.3883278, 25.1210492], [121.3881578, 25.1209556], [121.3880799, 25.1208795], [121.3880496, 25.1207568], [121.3880756, 25.1205415], [121.3881447, 25.12027], [121.388224, 25.1199437], [121.3882183, 25.1197453], [121.3882053, 25.1196253], [121.3882255, 25.1195809], [121.3882846, 25.11956], [121.3883321, 25.1195574], [121.3883768, 25.1196005], [121.3884143, 25.1197767], [121.3884431, 25.1199307], [121.3884777, 25.1199829], [121.3885181, 25.1200077], [121.388593, 25.1200103], [121.3886262, 25.1199711], [121.3886406, 25.1198967], [121.3886406, 25.1197479], [121.3886176, 25.1196096], [121.3885642, 25.1194478], [121.3884763, 25.1193055], [121.3884085, 25.1192533], [121.3882919, 25.1192253], [121.3881658, 25.1192398], [121.3880251, 25.1192825], [121.3879137, 25.1192726], [121.3878547, 25.1192034], [121.3878506, 25.1191208], [121.3878721, 25.1190601], [121.3879807, 25.1189715], [121.3880438, 25.118929], [121.3881162, 25.1188452], [121.3881914, 25.1187239], [121.388347, 25.1183499], [121.3883509, 25.1182878], [121.3883321, 25.1182223], [121.3882422, 25.1181361], [121.3881323, 25.1180535], [121.3880679, 25.1180001], [121.387979, 25.1179207], [121.3879221, 25.1177979], [121.3880294, 25.1164237], [121.3880208, 25.1160869], [121.3879154, 25.1158799], [121.3878266, 25.1156833], [121.3877759, 25.1156043], [121.3877086, 25.1155328], [121.3875935, 25.1155047], [121.3874603, 25.1154913], [121.3872589, 25.1155496], [121.3870708, 25.1155378], [121.3870014, 25.1154901], [121.3869974, 25.1154512], [121.3870301, 25.1154192], [121.3873548, 25.1153312], [121.3876454, 25.115315], [121.3878031, 25.1153876], [121.3878587, 25.1154161], [121.3879365, 25.1154507], [121.3880257, 25.1154617], [121.388074, 25.1154313], [121.3880914, 25.1153779], [121.3880961, 25.1153226], [121.3880539, 25.1151035], [121.3880324, 25.1150136], [121.3880029, 25.1149189], [121.38796, 25.1148424], [121.3878696, 25.1148042], [121.3876121, 25.1148042], [121.3873492, 25.1147799], [121.3869697, 25.1146374], [121.3866465, 25.1145176], [121.3864587, 25.1143039], [121.3863839, 25.1140966], [121.3863695, 25.1139502], [121.3864041, 25.1138457], [121.3864647, 25.1137281], [121.386482, 25.1136733], [121.3865123, 25.113608], [121.3865008, 25.1135361], [121.3864646, 25.1135], [121.3864036, 25.1134515], [121.3863178, 25.1134253], [121.386231, 25.1133954], [121.3861963, 25.1133767], [121.3860809, 25.1132748], [121.3859758, 25.1131418], [121.3857803, 25.1128819], [121.385521, 25.1123973]]}}, {"type": "Feature", "properties": {"county": "新北市", "district": "八里區", "highway": "tertiary", "name": "商港路"}, "geometry": {"type": "LineString", "coordinates": [[121.3929563, 25.1500895], [121.3928024, 25.1501404]]}}, {"type": "Feature", "properties": {"county": "新北市", "district": "八里區", "highway": "secondary", "name": "新五路二段"}, "geometry": {"type": "LineString", "coordinates": [[121.4442785, 25.0882505], [121.4442148, 25.0880644], [121.4441272, 25.0878674], [121.4439596, 25.0875468], [121.4437753, 25.0872453], [121.4432207, 25.0863966], [121.4428474, 25.0858544], [121.4427046, 25.0856452], [121.4424704, 25.0853628], [121.4417942, 25.0843657], [121.4414411, 25.0838354], [121.4412512, 25.0835533], [121.4411773, 25.0834196], [121.441154, 25.0833864], [121.4410931, 25.0832927], [121.4408927, 25.0829998], [121.4408622, 25.0829514], [121.4405473, 25.0825185], [121.4405177, 25.0824841], [121.4404943, 25.0824544], [121.4403772, 25.0823236], [121.4402918, 25.0822153]]}}, {"type": "Feature", "properties": {"county": "新北市", "district": "八里區", "highway": "secondary", "name": "龍米路一段"}, "geometry": {"type": "LineString", "coordinates": [[121.4541692, 25.1235635], [121.4542966, 25.1234669], [121.454406, 25.1233816], [121.4549375, 25.1229345], [121.4551337, 25.1227378], [121.4552807, 25.122544], [121.4553753, 25.1223417], [121.4554363, 25.1221002], [121.455466, 25.1217354], [121.455484, 25.1215603], [121.4555212, 25.121347], [121.4556374, 25.1210203], [121.4559671, 25.1202046], [121.4563735, 25.1192831], [121.4568374, 25.1182538], [121.4568978, 25.1180942], [121.4569649, 25.1178107], [121.4569863, 25.1175957], [121.457003, 25.1169588], [121.457006, 25.1168639], [121.4570252, 25.116611], [121.4570542, 25.1164502], [121.4571026, 25.1162559], [121.4571951, 25.1159656], [121.4572876, 25.1157646], [121.4573809, 25.1155826], [121.4575322, 25.11535], [121.4577031, 25.1151332], [121.4578248, 25.1149961], [121.4582069, 25.1146014], [121.4582734, 25.1145212], [121.4583475, 25.1144108], [121.458398, 25.1142999]]}}, {"type": "Feature", "properties": {"county": "新北市", "district": "八里區", "highway": "secondary", "name": "成蘆橋"}, "geometry": {"type": "LineString", "coordinates": [[121.4606897, 25.0940543], [121.4603608, 25.0943737], [121.4601528, 25.0945774], [121.4600806, 25.0946541], [121.4599171, 25.0948409], [121.4597907, 25.0950055], [121.4594513, 25.0954717], [121.4591917, 25.0958363], [121.4588689, 25.0962881], [121.4586241, 25.0966365], [121.4585043, 25.0968185], [121.4583999, 25.0969596], [121.4580955, 25.097378], [121.4577093, 25.0979091], [121.457397, 25.0983277], [121.457083, 25.0987169], [121.4567545, 25.0990973], [121.4563695, 25.0995352], [121.4557232, 25.1002402], [121.4551495, 25.1008624], [121.4545297, 25.1015357], [121.4541404, 25.1019576], [121.4537639, 25.1023841], [121.4534855, 25.1027858], [121.4533017, 25.1031209], [121.4532049, 25.103319]]}}, {"type": "Feature", "properties": {"county": "新北市", "district": "八里區", "highway": "primary", "name": "關渡大橋"}, "geometry": {"type": "LineString", "coordinates": [[121.452757, 25.1243697], [121.45267, 25.1243235], [121.4525012, 25.1242221], [121.4524132, 25.1241341], [121.4523374, 25.1240151], [121.4523057, 25.123906], [121.4522968, 25.1238098], [121.4523044, 25.1236976], [121.4523518, 25.1235808], [121.4524195, 25.1234868], [121.4524988, 25.1233994], [121.452604, 25.1233258], [121.4527109, 25.1232788], [121.4528671, 25.1232518], [121.4530324, 25.1232496]]}}, {"type": "Feature", "properties": {"county": "新北市", "district": "八里區", "highway": "trunk", "name": "東西向快速公路 八里新店線"}, "geometry": {"type": "LineString", "coordinates": [[121.4525773, 25.1060599], [121.4529028, 25.1059057], [121.4530861, 25.1058137], [121.4532396, 25.1057194], [121.4535113, 25.1054723], [121.4537053, 25.1052741], [121.4539143, 25.1050117], [121.4540394, 25.104841], [121.454142, 25.1046424], [121.4542459, 25.1044371], [121.4542943, 25.1042712], [121.4543872, 25.1039293], [121.4544068, 25.1037474], [121.45441, 25.1035626], [121.4543791, 25.1031934], [121.4543376, 25.1029833], [121.4542087, 25.1026197], [121.4541216, 25.102423], [121.4539553, 25.1021388], [121.453596, 25.101616], [121.4532508, 25.1011754], [121.4524422, 25.1000831]]}}, {"type": "Feature", "properties": {"county": "新北市", "district": "八里區", "highway": "secondary", "name": "洲后路"}, "geometry": {"type": "LineString", "coordinates": [[121.4532049, 25.103319], [121.4531728, 25.1033828], [121.4530691, 25.1035791], [121.4530124, 25.1037016], [121.4529225, 25.1038959]]}}, {"type": "Feature", "properties": {"county": "新北市", "district": "八里區", "highway": "secondary", "name": "龍米路一段"}, "geometry": {"type": "LineString", "coordinates": [[121.453885, 25.1239264], [121.4537898, 25.1240097], [121.453663, 25.1241497], [121.4535747, 25.1242716], [121.4534974, 25.1243992], [121.4534504, 25.1244942], [121.4530989, 25.1252653]]}}, {"type": "Feature", "properties": {"county": "新北市", "district": "八里區", "highway": "secondary", "name": "三民路"}, "geometry": {"type": "LineString", "coordinates": [[121.4606389, 25.0939948], [121.4607271, 25.0939227], [121.4607483, 25.0939053], [121.4608701, 25.0937662], [121.4612728, 25.0933782], [121.4614225, 25.09323]]}}, {"type": "Feature", "properties": {"county": "新北市", "district": "八里區", "highway": "secondary", "name": "成蘆橋"}, "geometry": {"type": "LineString", "coordinates": [[121.4531202, 25.1032877], [121.4531936, 25.103152], [121.4533102, 25.1029308], [121.4534279, 25.1027205], [121.4537105, 25.102324], [121.4541545, 25.1018216], [121.4544298, 25.1015209], [121.4547316, 25.101199], [121.4550968, 25.1007998], [121.4556944, 25.1001477], [121.4559488, 25.0998767], [121.4563073, 25.0994844], [121.4569652, 25.0987267], [121.4576363, 25.097879], [121.4580172, 25.0973499], [121.4583347, 25.0969028], [121.4585533, 25.0965956], [121.4591028, 25.0958197], [121.4594, 25.0954121], [121.4597066, 25.0949784], [121.4599311, 25.0947043], [121.4601373, 25.0944768], [121.4606389, 25.0939948]]}}, {"type": "Feature", "properties": {"county": "新北市", "district": "八里區", "highway": "residential", "name": "長興路"}, "geometry": {"type": "LineString", "coordinates": [[121.4619956, 25.092654], [121.4619264, 25.092595], [121.4614057, 25.0921315], [121.4613132, 25.0920243], [121.461221, 25.0918951], [121.4611145, 25.0916426], [121.4610141, 25.0914033], [121.4604969, 25.0901577], [121.4604319, 25.0900175], [121.4603462, 25.0897524], [121.4603382, 25.0894929], [121.4603307, 25.088305], [121.4603498, 25.0879069], [121.4604278, 25.0876889], [121.4609481, 25.0867828], [121.4616615, 25.0855206], [121.4620281, 25.0850466], [121.4626442, 25.084457], [121.4630346, 25.0840608], [121.4632411, 25.0838591], [121.463386, 25.0837231], [121.4634802, 25.0836454], [121.4639312, 25.0831804], [121.4641698, 25.082931], [121.4644025, 25.0827429], [121.4648216, 25.0827197]]}}, {"type": "Feature", "properties": {"county": "新北市", "district": "八里區", "highway": "residential", "name": "水源街一段62巷"}, "geometry": {"type": "LineString", "coordinates": [[121.4450065, 25.1722835], [121.4449662, 25.1722216], [121.444926, 25.1720711], [121.4448098, 25.1715813]]}}, {"type": "Feature", "properties": {"county": "新北市", "district": "八里區", "highway": "residential", "name": "水源街二段"}, "geometry": {"type": "LineString", "coordinates": [[121.4485009, 25.1734019], [121.4487394, 25.1734242], [121.4489861, 25.1734558], [121.4500642, 25.1737522], [121.4506512, 25.1739119], [121.4509136, 25.1740076], [121.4510161, 25.174046], [121.4511644, 25.1741064], [121.4512149, 25.1741282], [121.4517617, 25.1743948], [121.4520491, 25.1745029], [121.4529206, 25.1746501], [121.4530528, 25.1746668], [121.4532003, 25.1746909], [121.4538773, 25.1749224], [121.4543808, 25.1750946], [121.4546884, 25.1751998], [121.4553209, 25.1754351]]}}, {"type": "Feature", "properties": {"county": "新北市", "district": "八里區", "highway": "tertiary", "name": "水源街一段"}, "geometry": {"type": "LineString", "coordinates": [[121.4424605, 25.1724475], [121.4428223, 25.1723413], [121.4430497, 25.1722864], [121.4431066, 25.1722717], [121.4434011, 25.1722713], [121.4434321, 25.1722712], [121.4439079, 25.1722792], [121.4443426, 25.1722734], [121.4450065, 25.1722835], [121.4457835, 25.1722271], [121.4458732, 25.1722182], [121.446823, 25.1719741], [121.4468481, 25.1719662]]}}, {"type": "Feature", "properties": {"county": "新北市", "district": "八里區", "highway": "residential", "name": "永康街"}, "geometry": {"type": "LineString", "coordinates": [[121.4553552, 25.0851723], [121.4554428, 25.0851756], [121.4557649, 25.0851567], [121.4563584, 25.0851518], [121.4571401, 25.0851795], [121.4575558, 25.0852086], [121.4578608, 25.0852572], [121.4581224, 25.0853213], [121.4581586, 25.0853373], [121.4584178, 25.0854518], [121.4584856, 25.0854818], [121.4586138, 25.0855481], [121.4589071, 25.0856998], [121.4593914, 25.0859433], [121.460162, 25.0863659]]}}, {"type": "Feature", "properties": {"county": "新北市", "district": "八里區", "highway": "residential", "name": "博愛街"}, "geometry": {"type": "LineString", "coordinates": [[121.4459916, 25.1703955], [121.4461045, 25.1699168]]}}, {"type": "Feature", "properties": {"county": "新北市", "district": "八里區", "highway": "residential", "name": "原德路"}, "geometry": {"type": "LineString", "coordinates": [[121.4443851, 25.1745129], [121.4443624, 25.1745526], [121.444204, 25.1745609], [121.4440491, 25.1745543], [121.443903, 25.1744911], [121.4438077, 25.1743249], [121.4436441, 25.1739838], [121.4434658, 25.1736746], [121.4434095, 25.1735758], [121.4431123, 25.1732898], [121.4429786, 25.1731861], [121.4427464, 25.1730059], [121.4425678, 25.1726951], [121.4425129, 25.1725928], [121.4424605, 25.1724475]]}}, {"type": "Feature", "properties": {"county": "新北市", "district": "八里區", "highway": "unclassified", "name": "英專路"}, "geometry": {"type": "LineString", "coordinates": [[121.4452966, 25.1686508], [121.4453562, 25.1689737], [121.4454204, 25.1692926], [121.4454931, 25.1696714], [121.4455541, 25.1699889], [121.4456348, 25.1704096], [121.4456443, 25.1704806], [121.4457142, 25.1710131], [121.4457256, 25.1710975], [121.4457299, 25.1711324], [121.4457775, 25.1714914], [121.4458427, 25.1719866], [121.4458732, 25.1722182]]}}, {"type": "Feature", "properties": {"county": "新北市", "district": "八里區", "highway": "residential", "name": "學府路73巷"}, "geometry": {"type": "LineString", "coordinates": [[121.4484269, 25.1698764], [121.4482056, 25.1699517], [121.4480139, 25.1700189], [121.4479244, 25.1700503], [121.4475979, 25.1701869], [121.447451, 25.1702409]]}}, {"type": "Feature", "properties": {"county": "新北市", "district": "八里區", "highway": "trunk", "name": "東西向快速公路 八里新店線"}, "geometry": {"type": "LineString", "coordinates": [[121.4031825, 25.1279959], [121.4027255, 25.1284937], [121.4023973, 25.1288652]]}}, {"type": "Feature", "properties": {"county": "新北市", "district": "八里區", "highway": "trunk", "name": "東西向快速公路 八里新店線"}, "geometry": {"type": "LineString", "coordinates": [[121.4045529, 25.1266333], [121.4037082, 25.1274635], [121.4036169, 25.1275517], [121.4031825, 25.1279959]]}}, {"type": "Feature", "properties": {"county": "新北市", "district": "八里區", "highway": "trunk", "name": "東西向快速公路 八里新店線"}, "geometry": {"type": "LineString", "coordinates": [[121.4023973, 25.1288652], [121.4016159, 25.1298065], [121.401149, 25.1304313], [121.4006856, 25.1311341], [121.400217, 25.1318646], [121.3997333, 25.1327145], [121.3995422, 25.133085], [121.3992631, 25.1336578], [121.3990279, 25.1342626], [121.3987675, 25.135209], [121.3986608, 25.1356886], [121.3985631, 25.136204], [121.3985143, 25.1365217], [121.398493, 25.1367711], [121.3984869, 25.1370827], [121.3984983, 25.1374719], [121.3985254, 25.1379948]]}}, {"type": "Feature", "properties": {"county": "新北市", "district": "八里區", "highway": "trunk", "name": "東西向快速公路 八里新店線"}, "geometry": {"type": "LineString", "coordinates": [[121.4019477, 25.1291034], [121.4023758, 25.1285641], [121.4025453, 25.1283502], [121.4029917, 25.1278097]]}}, {"type": "Feature", "properties": {"county": "新北市", "district": "八里區", "highway": "residential", "name": "大塘街"}, "geometry": {"type": "LineString", "coordinates": [[121.3910278, 25.1432003], [121.3905118, 25.1432919], [121.3903774, 25.1433084]]}}, {"type": "Feature", "properties": {"county": "新北市", "district": "八里區", "highway": "trunk", "name": null}, "geometry": {"type": "LineString", "coordinates": [[121.3927132, 25.150078], [121.3927883, 25.1499837]]}}, {"type": "Feature", "properties": {"county": "新北市", "district": "八里區", "highway": "unclassified", "name": "商港一路"}, "geometry": {"type": "LineString", "coordinates": [[121.4051533, 25.154488], [121.4050733, 25.1544011], [121.4041217, 25.1534445], [121.4027121, 25.1519976]]}}, {"type": "Feature", "properties": {"county": "新北市", "district": "八里區", "highway": "trunk", "name": "東西向快速公路 八里新店線"}, "geometry": {"type": "LineString", "coordinates": [[121.3944156, 25.1475484], [121.3947927, 25.1469881], [121.3954433, 25.1460225], [121.3957252, 25.1455733], [121.3957836, 25.1454803], [121.395919, 25.1452832], [121.3960881, 25.1450881], [121.3962144, 25.1449611], [121.3967303, 25.144527], [121.3972644, 25.1440827], [121.3974178, 25.1439343], [121.3975878, 25.143759], [121.3977798, 25.1435147], [121.3979233, 25.143303], [121.3980361, 25.1430777], [121.3981057, 25.1428865], [121.3982176, 25.1425328], [121.3982948, 25.1422137], [121.3983728, 25.141854], [121.398473, 25.1411794], [121.3985318, 25.1405226], [121.3985384, 25.1400057], [121.3985153, 25.1394304], [121.3984345, 25.1385448]]}}, {"type": "Feature", "properties": {"county": "新北市", "district": "八里區", "highway": "trunk", "name": "東西向快速公路 八里新店線"}, "geometry": {"type": "LineString", "coordinates": [[121.3932955, 25.1493911], [121.3930961, 25.1497134], [121.3930188, 25.149827]]}}, {"type": "Feature", "properties": {"county": "新北市", "district": "八里區", "highway": "unclassified", "name": "訊塘路"}, "geometry": {"type": "LineString", "coordinates": [[121.3977285, 25.1457075], [121.3978378, 25.1453822], [121.3978848, 25.1452724], [121.3980133, 25.1449724], [121.3981476, 25.1447482], [121.3982401, 25.144594], [121.3982902, 25.1445165]]}}, {"type": "Feature", "properties": {"county": "新北市", "district": "八里區", "highway": "trunk", "name": "東西向快速公路 八里新店線"}, "geometry": {"type": "LineString", "coordinates": [[121.4462645, 25.107087], [121.4454106, 25.1070072], [121.4441704, 25.1068417], [121.4430143, 25.1066397]]}}, {"type": "Feature", "properties": {"county": "新北市", "district": "八里區", "highway": "trunk", "name": "東西向快速公路 八里新店線"}, "geometry": {"type": "LineString", "coordinates": [[121.4209354, 25.1118171], [121.4225617, 25.1112219]]}}, {"type": "Feature", "properties": {"county": "新北市", "district": "八里區", "highway": "tertiary", "name": "凌雲路三段"}, "geometry": {"type": "LineString", "coordinates": [[121.4306783, 25.1097489], [121.4306918, 25.1096056], [121.4306964, 25.1090938], [121.4307014, 25.1089925], [121.4307085, 25.1089092]]}}, {"type": "Feature", "properties": {"county": "新北市", "district": "八里區", "highway": "residential", "name": null}, "geometry": {"type": "LineString", "coordinates": [[121.4434779, 25.1071244], [121.4434171, 25.107053], [121.4433269, 25.1070285], [121.4431107, 25.1070163], [121.4428181, 25.1069874], [121.442473, 25.1069592], [121.4421509, 25.1069347], [121.4419616, 25.1069469], [121.4418039, 25.1069775]]}}, {"type": "Feature", "properties": {"county": "新北市", "district": "八里區", "highway": "trunk", "name": "東西向快速公路 八里新店線"}, "geometry": {"type": "LineString", "coordinates": [[121.4430402, 25.1065363], [121.4440086, 25.1067153], [121.4444679, 25.1067861], [121.4448612, 25.1068357], [121.4456288, 25.1069352], [121.4462695, 25.1070018]]}}, {"type": "Feature", "properties": {"county": "新北市", "district": "八里區", "highway": "tertiary", "name": "凌雲路三段"}, "geometry": {"type": "LineString", "coordinates": [[121.4304859, 25.1182849], [121.4304013, 25.1182841], [121.430308, 25.1182769], [121.4302705, 25.1182523], [121.4302167, 25.1181979], [121.4301891, 25.1181266], [121.4301878, 25.1180274], [121.4302068, 25.1179067], [121.4302724, 25.1177883], [121.4303668, 25.1176996], [121.4305668, 25.117533], [121.4306429, 25.1174274], [121.4306838, 25.117348], [121.4306929, 25.1171968], [121.4306966, 25.1170538], [121.4306925, 25.1168898], [121.4306503, 25.116722], [121.4306041, 25.1166405], [121.4305397, 25.1166062], [121.430476, 25.1166135], [121.4304203, 25.1166639], [121.4304236, 25.1167787], [121.4304927, 25.1170121], [121.4305142, 25.1171409], [121.4304927, 25.1172481], [121.4304492, 25.1173544], [121.4303724, 25.1174463], [121.430298, 25.1175168], [121.4301748, 25.1176248], [121.4301075, 25.1176813], [121.4300418, 25.1177669], [121.4300075, 25.1178241], [121.4299768, 25.1178975], [121.4299294, 25.1179992], [121.4298623, 25.1180656], [121.4297656, 25.1181518], [121.4296089, 25.1182451], [121.4294399, 25.118436], [121.4293494, 25.1185271], [121.4292139, 25.1185857], [121.4290504, 25.1185894], [121.428754, 25.1185767], [121.4286131, 25.1186172], [121.428481, 25.1187022], [121.4282154, 25.1189745], [121.4280958, 25.1190523], [121.4278581, 25.1191291], [121.4277595, 25.1191799], [121.4277112, 25.1192277], [121.4276998, 25.1192596], [121.4277085, 25.1193172], [121.4277649, 25.1193895], [121.4278319, 25.1194319], [121.4281404, 25.119494], [121.4282069, 25.1195173], [121.4282557, 25.1195462], [121.4282745, 25.1195956], [121.428253, 25.1197002], [121.4277998, 25.120231], [121.4277347, 25.1203283], [121.4277247, 25.1204341], [121.4277588, 25.1205292], [121.4278366, 25.1207001], [121.4278775, 25.1208027], [121.4278762, 25.1209365], [121.4278132, 25.1210651], [121.4277193, 25.1212299], [121.427671, 25.1213257], [121.4276225, 25.1214886], [121.4275664, 25.1217779], [121.4275061, 25.122003], [121.4273958, 25.1221947], [121.4273618, 25.1222421], [121.4271461, 25.1224075], [121.4269398, 25.1225573], [121.426841, 25.122643], [121.426779, 25.122721], [121.4265805, 25.1230621], [121.4265241, 25.1231738], [121.4264672, 25.123221], [121.426417, 25.123222], [121.4263487, 25.1232089], [121.426287, 25.1232027], [121.4262032, 25.1231572], [121.4261857, 25.1231008], [121.4261911, 25.1229966], [121.4262099, 25.1229097], [121.4262656, 25.122835], [121.4265096, 25.1226612], [121.4268704, 25.1221874], [121.4269194, 25.1220945], [121.4269227, 25.1219547], [121.4269039, 25.121821], [121.4268583, 25.1217587], [121.4267866, 25.1217176], [121.4266954, 25.121721], [121.4265955, 25.1217616], [121.4264573, 25.1219308], [121.4263936, 25.1219749], [121.4262973, 25.1220232], [121.4261697, 25.1220731], [121.426059, 25.1221049], [121.425931, 25.1221123], [121.4256219, 25.1220888], [121.4254139, 25.1221013], [121.4253188, 25.1221356], [121.4252322, 25.1221812], [121.425141, 25.1222689], [121.4251049, 25.1223842], [121.4251283, 25.1225166], [121.4251874, 25.1226838], [121.4252035, 25.1227696], [121.4251793, 25.1228514], [121.425002, 25.1229968], [121.4248333, 25.1232478], [121.4247836, 25.1233226], [121.4247608, 25.1233898], [121.424786, 25.1234788], [121.424903, 25.1237142], [121.424915, 25.1238134], [121.4248762, 25.1239077], [121.4248144, 25.1239856], [121.4247154, 25.1240497], [121.4245201, 25.1241627], [121.4243511, 25.1242846], [121.4242886, 25.1244005], [121.4242639, 25.1245236], [121.4242774, 25.1246613], [121.424498, 25.1248769], [121.4245435, 25.1249635], [121.4245489, 25.1250401], [121.4245369, 25.1251146], [121.4244783, 25.1252686], [121.4244383, 25.1253426], [121.4244134, 25.1253943], [121.4243866, 25.1254228], [121.4243612, 25.1254374], [121.4243129, 25.1254471], [121.4242767, 25.1254459], [121.4242391, 25.1254338], [121.4241774, 25.1254058], [121.4241197, 25.1251713], [121.4240339, 25.1250066], [121.4239266, 25.1248899], [121.4236893, 25.1247108], [121.4236095, 25.1246549], [121.4235317, 25.1245831], [121.423462, 25.1244681], [121.4234452, 25.124331], [121.42347, 25.1241711], [121.4235256, 25.1240442], [121.4237651, 25.1237618], [121.423828, 25.1236422], [121.42388, 25.1234007], [121.4239048, 25.1232957], [121.4239247, 25.1231979], [121.423933, 25.1231172], [121.4239113, 25.1230517], [121.4238402, 25.1229715], [121.4237423, 25.1229114], [121.4236424, 25.1228794], [121.4235351, 25.1228794], [121.4231059, 25.1229223], [121.4229584, 25.1229725], [121.4227223, 25.1231227], [121.4226238, 25.123244], [121.422597, 25.1233282], [121.4226125, 25.1234209], [121.4227136, 25.1236219], [121.4228337, 25.123812], [121.4229452, 25.1239418], [121.4230201, 25.1240046], [121.4231046, 25.1241046], [121.4231435, 25.1242333], [121.4232346, 25.1248182], [121.4232346, 25.1248612], [121.4232145, 25.1249647], [121.4230415, 25.1251616], [121.4229557, 25.1252259], [121.4229081, 25.1252395], [121.4227491, 25.1252419], [121.4223361, 25.1251757], [121.4221698, 25.1251711], [121.422039, 25.1252201], [121.4219486, 25.1253022], [121.4219056, 25.1254104], [121.42186, 25.1255112], [121.4218211, 25.1256251], [121.421805, 25.1257152], [121.4218319, 25.1258815], [121.4218211, 25.1260114], [121.4217983, 25.1261438], [121.4217635, 25.1262288], [121.4217407, 25.1263101], [121.4217273, 25.1264048], [121.4217219, 25.1264923], [121.4217092, 25.1266128], [121.4216709, 25.126698], [121.4216442, 25.1267593], [121.4215563, 25.1268267], [121.42138, 25.1268753], [121.4208099, 25.1269701], [121.4207342, 25.1269867], [121.4204786, 25.1270634], [121.4202614, 25.1271166], [121.4199738, 25.1271257], [121.4198817, 25.1271762], [121.4197526, 25.1273041], [121.4194888, 25.1274955], [121.4193335, 25.1276376], [121.4191941, 25.1278152], [121.4191363, 25.1280063], [121.4190647, 25.1283893], [121.4190464, 25.1284266], [121.4189913, 25.1284803], [121.4189295, 25.128531], [121.4185834, 25.1287457], [121.4184929, 25.1287978], [121.4183804, 25.1288127], [121.4182932, 25.1288025], [121.4181978, 25.1287659], [121.4180974, 25.1286779], [121.4180233, 25.1285617], [121.4179355, 25.1284827], [121.4177286, 25.128445]]}}, {"type": "Feature", "properties": {"county": "新北市", "district": "八里區", "highway": "trunk", "name": "東西向快速公路 八里新店線"}, "geometry": {"type": "LineString", "coordinates": [[121.4403693, 25.1062235], [121.4400024, 25.106208], [121.4396441, 25.1062068], [121.4392286, 25.1062342], [121.4386999, 25.1062974], [121.4382286, 25.106382], [121.437824, 25.1064746], [121.4374452, 25.106576], [121.4366606, 25.1067979], [121.4352024, 25.1072258]]}}, {"type": "Feature", "properties": {"county": "新北市", "district": "八里區", "highway": "tertiary", "name": "凌雲路三段"}, "geometry": {"type": "LineString", "coordinates": [[121.4302209, 25.1104763], [121.4303092, 25.1107048], [121.4303972, 25.1108977], [121.4304848, 25.1110832], [121.4305286, 25.1112499], [121.4305958, 25.1114086], [121.4306828, 25.1116038], [121.4308226, 25.111829], [121.4309176, 25.1120167], [121.4309584, 25.1121475], [121.4309947, 25.1123966], [121.4309921, 25.1126815], [121.4310034, 25.1129439], [121.4310302, 25.1131005], [121.4310836, 25.1132586], [121.4311416, 25.1133575], [121.4312647, 25.1135002], [121.4313642, 25.1136571], [121.4314784, 25.1139189], [121.4315703, 25.1143239], [121.4315994, 25.1145393], [121.4315916, 25.1147532], [121.4315731, 25.1148614], [121.4315452, 25.1150241], [121.4315023, 25.1152572], [121.4314889, 25.1153689], [121.4314953, 25.1154866], [121.4315501, 25.1156363], [121.4316299, 25.115775], [121.4316484, 25.1158087], [121.4317201, 25.1160933], [121.4317219, 25.1162683], [121.4316768, 25.1165461], [121.4316122, 25.1168826], [121.4316851, 25.1170124], [121.4317372, 25.117147]]}}, {"type": "Feature", "properties": {"county": "新北市", "district": "八里區", "highway": "tertiary", "name": "麓橋"}, "geometry": {"type": "LineString", "coordinates": [[121.4314469, 25.1075228], [121.4314436, 25.1076275]]}}, {"type": "Feature", "properties": {"county": "新北市", "district": "八里區", "highway": "trunk_link", "name": "五股二交流道"}, "geometry": {"type": "LineString", "coordinates": [[121.4370507, 25.0745155], [121.4370931, 25.0747934], [121.4372423, 25.0754828], [121.4372997, 25.0757276], [121.4374446, 25.0762663], [121.4376639, 25.0768907], [121.4377963, 25.0772152], [121.4380016, 25.077717], [121.4382825, 25.0783484], [121.4384507, 25.0786884], [121.4388093, 25.0793382], [121.439138, 25.0798588], [121.4393839, 25.0802579], [121.4395543, 25.0805425], [121.4397099, 25.0807977], [121.439848, 25.0810223], [121.4399887, 25.0812243], [121.4401633, 25.0814799], [121.4403321, 25.0816775], [121.4404408, 25.0817632], [121.4405623, 25.0818087], [121.440723, 25.0818459], [121.440945, 25.0818616], [121.4411458, 25.0818304], [121.4416245, 25.0817271], [121.4421145, 25.0815895], [121.4425324, 25.0814651], [121.443186, 25.0812726], [121.4438515, 25.0810754]]}}, {"type": "Feature", "properties": {"county": "新北市", "district": "八里區", "highway": "trunk", "name": "東西向快速公路 八里新店線"}, "geometry": {"type": "LineString", "coordinates": [[121.4524422, 25.1000831], [121.4520676, 25.0995926], [121.4516177, 25.0989377], [121.4511235, 25.0981323], [121.4509516, 25.0978369], [121.4505273, 25.0970159], [121.4501162, 25.0961929], [121.4496405, 25.0952048], [121.4491684, 25.0940369], [121.4487876, 25.0930425], [121.4485164, 25.0921543], [121.4480761, 25.0905328], [121.4479138, 25.0896902], [121.4478469, 25.0892105], [121.4477954, 25.0888018], [121.447702, 25.087856], [121.4476712, 25.0870758], [121.4476576, 25.086205]]}}, {"type": "Feature", "properties": {"county": "新北市", "district": "八里區", "highway": "residential", "name": "工四路"}, "geometry": {"type": "LineString", "coordinates": [[121.4003665, 25.0772665], [121.4010841, 25.0780048], [121.4017705, 25.0787469], [121.4020871, 25.0790883], [121.4027328, 25.0797845], [121.4028417, 25.0799902], [121.4029424, 25.0801804], [121.4029801, 25.0803416], [121.4031869, 25.0812264], [121.4032043, 25.0814597], [121.4031497, 25.0817612], [121.4030304, 25.0820673], [121.4028614, 25.0823013], [121.4020827, 25.0829259], [121.4018626, 25.0831025], [121.4013919, 25.0833416], [121.4005762, 25.0835978], [121.4004782, 25.0836163]]}}, {"type": "Feature", "properties": {"county": "新北市", "district": "八里區", "highway": "residential", "name": "工三路"}, "geometry": {"type": "LineString", "coordinates": [[121.4020224, 25.081665], [121.4019946, 25.0809377], [121.4018952, 25.0807072], [121.4010954, 25.0798025], [121.4008047, 25.0794737]]}}, {"type": "Feature", "properties": {"county": "新北市", "district": "八里區", "highway": "residential", "name": "工八路"}, "geometry": {"type": "LineString", "coordinates": [[121.4026462, 25.0780263], [121.4017705, 25.0787469], [121.4008047, 25.0794737], [121.3998557, 25.0801879], [121.3989145, 25.080892], [121.3988313, 25.0809538]]}}, {"type": "Feature", "properties": {"county": "新北市", "district": "八里區", "highway": "residential", "name": "工七路"}, "geometry": {"type": "LineString", "coordinates": [[121.4010841, 25.0780048], [121.3993314, 25.0793729], [121.3992996, 25.0794989], [121.3993433, 25.0796358], [121.3998557, 25.0801879]]}}, {"type": "Feature", "properties": {"county": "新北市", "district": "八里區", "highway": "residential", "name": "竹林路309巷"}, "geometry": {"type": "LineString", "coordinates": [[121.3894883, 25.0863427], [121.3900041, 25.0861341], [121.3901232, 25.086086], [121.390933, 25.0857488], [121.3912998, 25.0856475], [121.3916408, 25.0855512], [121.3919863, 25.0854536]]}}, {"type": "Feature", "properties": {"county": "新北市", "district": "八里區", "highway": "unclassified", "name": "民生路"}, "geometry": {"type": "LineString", "coordinates": [[121.4600098, 25.1377323], [121.4601293, 25.1377565], [121.4603562, 25.1378026], [121.460556, 25.1378292], [121.460998, 25.1378547], [121.4615176, 25.137879], [121.4618712, 25.1379069], [121.4619889, 25.1379383], [121.4622732, 25.1380481], [121.4624532, 25.1381097], [121.4628355, 25.1382122], [121.4631644, 25.1382918], [121.4633869, 25.1383046], [121.4635953, 25.1383281], [121.4638011, 25.1383259]]}}, {"type": "Feature", "properties": {"county": "新北市", "district": "八里區", "highway": "residential", "name": "中正東路二段143巷2弄"}, "geometry": {"type": "LineString", "coordinates": [[121.4607769, 25.1472784], [121.4607636, 25.1471704], [121.4607342, 25.1469893], [121.4607045, 25.1468061], [121.4605557, 25.1465585], [121.4596826, 25.14651], [121.4595369, 25.1465098]]}}, {"type": "Feature", "properties": {"county": "新北市", "district": "八里區", "highway": "unclassified", "name": "忠愛街"}, "geometry": {"type": "LineString", "coordinates": [[121.4556628, 25.1719673], [121.4558017, 25.1719078], [121.4559016, 25.171749], [121.4559901, 25.1716701], [121.4561067, 25.1716374], [121.4562046, 25.1716568], [121.4564643, 25.171791], [121.4565608, 25.171825], [121.456611, 25.1718435], [121.4566949, 25.1718396], [121.456953, 25.1717988], [121.4576611, 25.1716811], [121.4580312, 25.1715682], [121.45876, 25.1713113], [121.4588547, 25.1712902], [121.4589344, 25.1712992], [121.4591758, 25.171389], [121.4593074, 25.1713832], [121.4594067, 25.1713589], [121.4595091, 25.1713339], [121.4597252, 25.1713091], [121.4598875, 25.1712957]]}}, {"type": "Feature", "properties": {"county": "新北市", "district": "八里區", "highway": "unclassified", "name": "民權路3巷"}, "geometry": {"type": "LineString", "coordinates": [[121.4595902, 25.1424493], [121.4597153, 25.1424493], [121.4602226, 25.1425218], [121.4608215, 25.1426272], [121.4609186, 25.1426603], [121.4613245, 25.1428403], [121.4616901, 25.1428949]]}}, {"type": "Feature", "properties": {"county": "新北市", "district": "八里區", "highway": "residential", "name": "中正東路一段81巷"}, "geometry": {"type": "LineString", "coordinates": [[121.4528696, 25.1619465], [121.4535093, 25.1622937], [121.4536015, 25.1623104], [121.4541227, 25.1623231], [121.4544145, 25.1624515]]}}, {"type": "Feature", "properties": {"county": "新北市", "district": "八里區", "highway": "tertiary", "name": "鄧公路"}, "geometry": {"type": "LineString", "coordinates": [[121.4510208, 25.1700921], [121.4514497, 25.1699776], [121.451595, 25.1699093], [121.45162, 25.1698223], [121.4516077, 25.1697312], [121.4515273, 25.1696463], [121.4514173, 25.1696171], [121.4512912, 25.1696171], [121.4508701, 25.1697725], [121.4507468, 25.1697943], [121.4506888, 25.1697816], [121.4506582, 25.1697336], [121.4506475, 25.1696875], [121.450677, 25.1696365], [121.4507347, 25.1695918], [121.4508353, 25.1695394], [121.451082, 25.1694909], [121.4513476, 25.1694618], [121.4517542, 25.1694946], [121.4520975, 25.1694254], [121.452194, 25.1693999], [121.4523524, 25.1692613], [121.4525494, 25.1690867], [121.4526433, 25.1690297], [121.452811, 25.1690273], [121.453287, 25.1691219], [121.4534346, 25.1691062], [121.4536357, 25.1690394], [121.4538079, 25.1690291], [121.4540413, 25.1690582], [121.4544838, 25.1690388], [121.4546402, 25.1690273], [121.4548508, 25.1690418], [121.4550856, 25.169145], [121.4551538, 25.1691789], [121.4552692, 25.1692105], [121.455345, 25.1692315], [121.4555201, 25.1692276], [121.4561456, 25.1691515], [121.4566306, 25.1690674], [121.4573625, 25.1689514], [121.4576104, 25.1689057], [121.4583418, 25.1688197], [121.4591449, 25.1687365], [121.4595917, 25.1687469], [121.4600764, 25.1688188], [121.460287, 25.1688967], [121.460496, 25.1689435], [121.4606544, 25.1689428]]}}, {"type": "Feature", "properties": {"county": "新北市", "district": "八里區", "highway": "residential", "name": "中正東路二段161巷"}, "geometry": {"type": "LineString", "coordinates": [[121.4596875, 25.1454059], [121.4600703, 25.1454171], [121.4602762, 25.1454277], [121.4605002, 25.1454392], [121.4607856, 25.1455213]]}}, {"type": "Feature", "properties": {"county": "新北市", "district": "八里區", "highway": "residential", "name": "民富街"}, "geometry": {"type": "LineString", "coordinates": [[121.4603893, 25.1402756], [121.4606427, 25.140346], [121.4610612, 25.1405402], [121.4615605, 25.1407588], [121.4617102, 25.1408025], [121.4620684, 25.1408244], [121.4621474, 25.1408268], [121.4625919, 25.1408396], [121.4627382, 25.1408497], [121.4628355, 25.1408827], [121.4629897, 25.1409615], [121.4633276, 25.14135], [121.4635475, 25.1415151]]}}, {"type": "Feature", "properties": {"county": "新北市", "district": "八里區", "highway": "residential", "name": "中正東路一段21巷"}, "geometry": {"type": "LineString", "coordinates": [[121.4516128, 25.1634796], [121.4520061, 25.1638677], [121.4520626, 25.1639246], [121.4521191, 25.1639815], [121.4522862, 25.1640804], [121.452705, 25.1642784], [121.4529058, 25.1643888], [121.4529165, 25.1644422], [121.4528817, 25.1645393]]}}, {"type": "Feature", "properties": {"county": "新北市", "district": "八里區", "highway": "tertiary", "name": "疏洪四路"}, "geometry": {"type": "LineString", "coordinates": [[121.4554257, 25.0973688], [121.455354, 25.0974681], [121.4552167, 25.0976685], [121.4550693, 25.0978821], [121.4549908, 25.0980209], [121.4543839, 25.0992955], [121.4543339, 25.0993831], [121.4542746, 25.0994734], [121.454214, 25.0995427], [121.4541391, 25.0996106], [121.4540725, 25.0996669], [121.4540157, 25.0997327], [121.4539782, 25.0997907], [121.4539596, 25.0998442], [121.4539632, 25.0999037], [121.4539757, 25.0999493], [121.4540025, 25.0999954], [121.4540414, 25.1000458], [121.4540964, 25.1001074], [121.4541728, 25.1001822], [121.4542452, 25.1002436], [121.4543518, 25.1003117], [121.4544678, 25.1003751]]}}, {"type": "Feature", "properties": {"county": "新北市", "district": "八里區", "highway": "secondary_link", "name": null}, "geometry": {"type": "LineString", "coordinates": [[121.4402658, 25.0815086], [121.440556, 25.0817227], [121.4407418, 25.0817729], [121.4409194, 25.081783]]}}, {"type": "Feature", "properties": {"county": "新北市", "district": "八里區", "highway": "secondary", "name": "新五路二段"}, "geometry": {"type": "LineString", "coordinates": [[121.4427046, 25.0856452], [121.4426096, 25.0854422], [121.4424816, 25.0852482], [121.442264, 25.0849092]]}}, {"type": "Feature", "properties": {"county": "新北市", "district": "八里區", "highway": "secondary", "name": "新五路二段"}, "geometry": {"type": "LineString", "coordinates": [[121.4423333, 25.0848753], [121.4425792, 25.0852421], [121.442829, 25.0856071], [121.4429368, 25.0857665], [121.4429777, 25.0858236], [121.4430967, 25.085936]]}}, {"type": "Feature", "properties": {"county": "新北市", "district": "八里區", "highway": "secondary", "name": "新五路二段"}, "geometry": {"type": "LineString", "coordinates": [[121.442264, 25.0849092], [121.4415139, 25.0838007], [121.4406425, 25.082525], [121.4404237, 25.0822112], [121.4399588, 25.0814953], [121.4388858, 25.079748], [121.4386759, 25.0793707], [121.4385192, 25.0790657]]}}, {"type": "Feature", "properties": {"county": "新北市", "district": "八里區", "highway": "trunk_link", "name": "五股一交流道"}, "geometry": {"type": "LineString", "coordinates": [[121.4519481, 25.0996604], [121.4513774, 25.0988108], [121.4510666, 25.0982652], [121.4506221, 25.0974639]]}}, {"type": "Feature", "properties": {"county": "新北市", "district": "八里區", "highway": "secondary_link", "name": null}, "geometry": {"type": "LineString", "coordinates": [[121.4556592, 25.0814082], [121.4557939, 25.0814338], [121.4559234, 25.0814366], [121.4560451, 25.0814093], [121.456188, 25.081334], [121.4562807, 25.0812415], [121.4563438, 25.0811199], [121.4564315, 25.0807984]]}}, {"type": "Feature", "properties": {"county": "新北市", "district": "八里區", "highway": "trunk_link", "name": "五股二交流道"}, "geometry": {"type": "LineString", "coordinates": [[121.4476576, 25.086205], [121.4476875, 25.0854828], [121.4476822, 25.0849746], [121.4476696, 25.0846445], [121.447613, 25.0842273], [121.4475974, 25.0838708], [121.4476255, 25.0834982], [121.4477182, 25.0831], [121.4478208, 25.082863], [121.4480725, 25.0824006], [121.4482057, 25.0821537], [121.4483196, 25.0818902], [121.4486381, 25.080978], [121.4489247, 25.0803175], [121.4490894, 25.0798586], [121.4493815, 25.0792549]]}}, {"type": "Feature", "properties": {"county": "新北市", "district": "八里區", "highway": "tertiary", "name": "中興路三段"}, "geometry": {"type": "LineString", "coordinates": [[121.4488251, 25.0799757], [121.4485935, 25.0800391], [121.4456835, 25.0808448], [121.4450967, 25.0809837], [121.4446645, 25.0810983], [121.4444066, 25.0811712], [121.442334, 25.0817573], [121.4413837, 25.0820315], [121.4413416, 25.0820307]]}}, {"type": "Feature", "properties": {"county": "新北市", "district": "八里區", "highway": "trunk_link", "name": "五股二交流道"}, "geometry": {"type": "LineString", "coordinates": [[121.4475974, 25.0838708], [121.4475648, 25.0835886], [121.4475673, 25.0834321], [121.447606, 25.0830413]]}}, {"type": "Feature", "properties": {"county": "新北市", "district": "八里區", "highway": "trunk_link", "name": "五股二交流道"}, "geometry": {"type": "LineString", "coordinates": [[121.4490086, 25.0809414], [121.4488866, 25.0811885], [121.4488113, 25.0812843], [121.4487324, 25.0813245], [121.4485211, 25.081436], [121.4484169, 25.0814927], [121.4483074, 25.081518], [121.4481378, 25.081508], [121.4479961, 25.0814764], [121.447867, 25.0814247], [121.4477471, 25.0813501], [121.4475658, 25.0811846], [121.4473695, 25.0810166], [121.4472595, 25.0809352], [121.4472018, 25.0809073], [121.4471492, 25.0808908]]}}, {"type": "Feature", "properties": {"county": "新北市", "district": "八里區", "highway": "trunk_link", "name": "五股二交流道"}, "geometry": {"type": "LineString", "coordinates": [[121.4508955, 25.0800947], [121.4505559, 25.0800498], [121.4501521, 25.0799118], [121.4497655, 25.0797855], [121.4496002, 25.0797649], [121.449491, 25.0797621], [121.4493333, 25.0797814], [121.4486032, 25.0800118], [121.4481226, 25.0801455], [121.4479085, 25.0802552], [121.4477614, 25.0803474], [121.4476112, 25.0804999], [121.4475581, 25.0805961], [121.4475201, 25.0807093], [121.4475247, 25.0808209], [121.4475319, 25.0809366], [121.4476071, 25.0810672], [121.4477093, 25.0811492], [121.4478461, 25.0812065], [121.4480232, 25.081225]]}}, {"type": "Feature", "properties": {"county": "新北市", "district": "八里區", "highway": "trunk_link", "name": "五股一交流道"}, "geometry": {"type": "LineString", "coordinates": [[121.4505652, 25.0974911], [121.4499176, 25.0961484]]}}, {"type": "Feature", "properties": {"county": "新北市", "district": "八里區", "highway": "trunk_link", "name": "五股二交流道"}, "geometry": {"type": "LineString", "coordinates": [[121.4452234, 25.0809124], [121.4445371, 25.0810967], [121.4439266, 25.081255], [121.4431269, 25.0814784], [121.4423022, 25.0816964]]}}, {"type": "Feature", "properties": {"county": "新北市", "district": "八里區", "highway": "trunk_link", "name": "五股一交流道"}, "geometry": {"type": "LineString", "coordinates": [[121.4487501, 25.0920937], [121.4491025, 25.0933234], [121.4493918, 25.0941705], [121.4495188, 25.0944924], [121.4497334, 25.0950153], [121.4502124, 25.0960401]]}}, {"type": "Feature", "properties": {"county": "新北市", "district": "八里區", "highway": "secondary", "name": "中興路三段"}, "geometry": {"type": "LineString", "coordinates": [[121.4409974, 25.0818176], [121.4411111, 25.0817609], [121.4412758, 25.0817102]]}}, {"type": "Feature", "properties": {"county": "新北市", "district": "八里區", "highway": "secondary_link", "name": null}, "geometry": {"type": "LineString", "coordinates": [[121.4553552, 25.0851723], [121.4553125, 25.0849114], [121.4553496, 25.0845905], [121.4554825, 25.0840791], [121.4555981, 25.0836648], [121.455633, 25.0834464], [121.4556566, 25.083148], [121.4556212, 25.0828874], [121.4555757, 25.0826221], [121.4555274, 25.0823627], [121.4554605, 25.0821089], [121.4554321, 25.0820359], [121.4553881, 25.0819604], [121.455311, 25.0818775], [121.4552457, 25.0818136], [121.4551817, 25.0817666], [121.454997, 25.0816378], [121.4547763, 25.0815088], [121.4545318, 25.0814003], [121.4539786, 25.0811799], [121.4534026, 25.0809242]]}}, {"type": "Feature", "properties": {"county": "新北市", "district": "八里區", "highway": "trunk_link", "name": "五股二交流道"}, "geometry": {"type": "LineString", "coordinates": [[121.4520912, 25.0804954], [121.4514349, 25.0803396], [121.450433, 25.0800751], [121.4501442, 25.08006], [121.4499174, 25.080103], [121.4497311, 25.0801959], [121.4496431, 25.0802487], [121.4495068, 25.0803954], [121.4493748, 25.0805787], [121.4491274, 25.0811064], [121.4489736, 25.0814811], [121.4487167, 25.0821753], [121.4485119, 25.082965], [121.4483532, 25.0836786], [121.4482776, 25.0838788]]}}, {"type": "Feature", "properties": {"county": "新北市", "district": "八里區", "highway": "trunk_link", "name": "五股一交流道"}, "geometry": {"type": "LineString", "coordinates": [[121.4498421, 25.095199], [121.4499138, 25.095293], [121.4503205, 25.0961433], [121.4506895, 25.0968798]]}}, {"type": "Feature", "properties": {"county": "新北市", "district": "八里區", "highway": "trunk_link", "name": "五股二交流道"}, "geometry": {"type": "LineString", "coordinates": [[121.4471492, 25.0808908], [121.4468652, 25.080763], [121.4466592, 25.0807046], [121.4463526, 25.0806694], [121.4460665, 25.0806922], [121.4452234, 25.0809124]]}}, {"type": "Feature", "properties": {"county": "新北市", "district": "八里區", "highway": "tertiary", "name": "五號越堤道"}, "geometry": {"type": "LineString", "coordinates": [[121.4508442, 25.0792731], [121.4506831, 25.0793365], [121.4505512, 25.0793806], [121.4504311, 25.0794321], [121.4503206, 25.0794938], [121.4502374, 25.0795635], [121.4501725, 25.0796498], [121.4501097, 25.079767], [121.4499801, 25.0800169], [121.4491776, 25.081463], [121.4491307, 25.0815235], [121.4490681, 25.0815558], [121.4489951, 25.0815596], [121.4489094, 25.0815256], [121.4488654, 25.0814678], [121.4488634, 25.0813911], [121.4488808, 25.0813282], [121.4495005, 25.0800732], [121.4495179, 25.0800051], [121.4495067, 25.0799399], [121.4494731, 25.0798932], [121.4494014, 25.0798664], [121.4492951, 25.0798621], [121.4491881, 25.0798792]]}}, {"type": "Feature", "properties": {"county": "新北市", "district": "八里區", "highway": "trunk_link", "name": "五股二交流道"}, "geometry": {"type": "LineString", "coordinates": [[121.4484365, 25.0825089], [121.4484167, 25.083089], [121.4482776, 25.0838788]]}}, {"type": "Feature", "properties": {"county": "新北市", "district": "八里區", "highway": "trunk_link", "name": "觀音山交流道"}, "geometry": {"type": "LineString", "coordinates": [[121.4298497, 25.1087195], [121.4299931, 25.1086977], [121.4301491, 25.1086896], [121.4302997, 25.1086973], [121.4304576, 25.1087186]]}}, {"type": "Feature", "properties": {"county": "新北市", "district": "八里區", "highway": "trunk", "name": "東西向快速公路 八里新店線"}, "geometry": {"type": "LineString", "coordinates": [[121.4352024, 25.1072258], [121.4347842, 25.1073492], [121.4343658, 25.1074654], [121.4339996, 25.1075579], [121.4335593, 25.1076674], [121.4331928, 25.1077545]]}}, {"type": "Feature", "properties": {"county": "新北市", "district": "八里區", "highway": "trunk", "name": "東西向快速公路 八里新店線"}, "geometry": {"type": "LineString", "coordinates": [[121.4271688, 25.1094649], [121.4262284, 25.1098527], [121.4255096, 25.1101563], [121.4240893, 25.1107683], [121.423566, 25.1109896]]}}, {"type": "Feature", "properties": {"county": "新北市", "district": "八里區", "highway": "trunk_link", "name": "八里交流道"}, "geometry": {"type": "LineString", "coordinates": [[121.3981577, 25.1425249], [121.3982319, 25.1422018], [121.3983024, 25.1418437], [121.3983933, 25.1411826], [121.3984435, 25.1405379], [121.3984595, 25.1400091], [121.398441, 25.1394389], [121.3984216, 25.1391087], [121.3984345, 25.1385448]]}}, {"type": "Feature", "properties": {"county": "新北市", "district": "八里區", "highway": "trunk_link", "name": "觀音山交流道"}, "geometry": {"type": "LineString", "coordinates": [[121.4299703, 25.108257], [121.4304798, 25.108116], [121.4312018, 25.1079309], [121.4320619, 25.1077624], [121.4331581, 25.1075836]]}}, {"type": "Feature", "properties": {"county": "新北市", "district": "八里區", "highway": "trunk_link", "name": "觀音山交流道"}, "geometry": {"type": "LineString", "coordinates": [[121.4272265, 25.1095657], [121.4244654, 25.1106763], [121.4240893, 25.1107683]]}}, {"type": "Feature", "properties": {"county": "新北市", "district": "八里區", "highway": "trunk", "name": "東西向快速公路 八里新店線"}, "geometry": {"type": "LineString", "coordinates": [[121.4351696, 25.1071494], [121.4374129, 25.1064944], [121.4377902, 25.1063895], [121.4382076, 25.1062907], [121.4386919, 25.1062114], [121.4392304, 25.1061463], [121.4396437, 25.1061167], [121.4400168, 25.1061175], [121.4403778, 25.1061346]]}}, {"type": "Feature", "properties": {"county": "新北市", "district": "八里區", "highway": "trunk_link", "name": "觀音山交流道"}, "geometry": {"type": "LineString", "coordinates": [[121.429299, 25.1101188], [121.4292521, 25.1101165], [121.4291519, 25.1100823], [121.4290387, 25.1100188], [121.428955, 25.1099553], [121.4288864, 25.1098808], [121.4288273, 25.1097808], [121.4287908, 25.1096752], [121.4287844, 25.1095618], [121.4287952, 25.1094527], [121.4288246, 25.1093626], [121.4288585, 25.1092845], [121.4289312, 25.1091836], [121.4290297, 25.1090876], [121.4291556, 25.1089883], [121.4292974, 25.108906], [121.4294632, 25.1088311], [121.4296187, 25.1087771], [121.4298497, 25.1087195]]}}, {"type": "Feature", "properties": {"county": "新北市", "district": "八里區", "highway": "trunk_link", "name": "觀音山交流道"}, "geometry": {"type": "LineString", "coordinates": [[121.4300667, 25.1085484], [121.4296439, 25.1086787], [121.428696, 25.1089851], [121.4279222, 25.1092783], [121.4272265, 25.1095657]]}}, {"type": "Feature", "properties": {"county": "新北市", "district": "八里區", "highway": "trunk", "name": "東西向快速公路 八里新店線"}, "geometry": {"type": "LineString", "coordinates": [[121.4235073, 25.1108561], [121.4242152, 25.1105634], [121.4262462, 25.1097621], [121.4271267, 25.1093797]]}}, {"type": "Feature", "properties": {"county": "新北市", "district": "八里區", "highway": "trunk_link", "name": "觀音山交流道"}, "geometry": {"type": "LineString", "coordinates": [[121.4366606, 25.1067979], [121.4352312, 25.1072856]]}}, {"type": "Feature", "properties": {"county": "新北市", "district": "八里區", "highway": "trunk", "name": "東西向快速公路 八里新店線"}, "geometry": {"type": "LineString", "coordinates": [[121.4271267, 25.1093797], [121.4278219, 25.1090975], [121.4286362, 25.1087957], [121.429604, 25.1084874], [121.4305108, 25.1082175], [121.4312024, 25.1080512], [121.4320773, 25.1078657], [121.4327755, 25.1077359], [121.4331754, 25.107656], [121.4335241, 25.1075816], [121.4339652, 25.1074772], [121.4345002, 25.1073445]]}}, {"type": "Feature", "properties": {"county": "新北市", "district": "八里區", "highway": "trunk", "name": "東西向快速公路 八里新店線"}, "geometry": {"type": "LineString", "coordinates": [[121.4226345, 25.1113731], [121.4210799, 25.1120348]]}}, {"type": "Feature", "properties": {"county": "新北市", "district": "八里區", "highway": "trunk_link", "name": "觀音山交流道"}, "geometry": {"type": "LineString", "coordinates": [[121.4352312, 25.1072856], [121.4348144, 25.1074238], [121.4343977, 25.1075492], [121.4340333, 25.1076558], [121.4335914, 25.107773], [121.4332158, 25.1078599]]}}, {"type": "Feature", "properties": {"county": "新北市", "district": "八里區", "highway": "trunk_link", "name": "觀音山交流道"}, "geometry": {"type": "LineString", "coordinates": [[121.4242152, 25.1105634], [121.4253387, 25.1100235], [121.4257674, 25.1097949], [121.4262081, 25.1095413], [121.4267848, 25.1092693], [121.4273607, 25.1090361], [121.4279667, 25.1088336]]}}, {"type": "Feature", "properties": {"county": "新北市", "district": "八里區", "highway": "trunk", "name": "東西向快速公路 八里新店線"}, "geometry": {"type": "LineString", "coordinates": [[121.4331928, 25.1077545], [121.4321021, 25.1079522], [121.4312433, 25.1081334], [121.4305439, 25.1083035], [121.4296307, 25.1085719], [121.4286693, 25.1088785], [121.4278635, 25.1091776], [121.4271688, 25.1094649]]}}, {"type": "Feature", "properties": {"county": "新北市", "district": "八里區", "highway": "trunk_link", "name": "八里交流道"}, "geometry": {"type": "LineString", "coordinates": [[121.3985254, 25.1379948], [121.3986062, 25.1384316], [121.3986207, 25.1385733], [121.3986974, 25.1393224], [121.3987698, 25.1401263], [121.3987675, 25.1407208], [121.3987511, 25.1414867], [121.3987067, 25.1418294], [121.3986521, 25.1420717], [121.3985735, 25.142352], [121.3984749, 25.1426444]]}}, {"type": "Feature", "properties": {"county": "新北市", "district": "八里區", "highway": "unclassified", "name": null}, "geometry": {"type": "LineString", "coordinates": [[121.3981254, 25.1433862], [121.3979527, 25.1436194], [121.3977471, 25.1438589], [121.3976272, 25.1439967]]}}, {"type": "Feature", "properties": {"county": "新北市", "district": "八里區", "highway": "secondary_link", "name": null}, "geometry": {"type": "LineString", "coordinates": [[121.4577878, 25.0926492], [121.4572476, 25.0918731], [121.4572116, 25.0917192], [121.4571431, 25.0915444]]}}, {"type": "Feature", "properties": {"county": "新北市", "district": "八里區", "highway": "secondary_link", "name": null}, "geometry": {"type": "LineString", "coordinates": [[121.4583347, 25.0969028], [121.4585481, 25.0965855], [121.4587358, 25.0962418], [121.4591075, 25.0956814], [121.4591639, 25.0956025], [121.4592253, 25.0954901], [121.4592496, 25.0953557], [121.4592645, 25.0951896], [121.4592655, 25.0951195], [121.4592456, 25.0950575], [121.4592036, 25.0949732], [121.45895, 25.0945945], [121.4589009, 25.0945147], [121.4587417, 25.0942659], [121.4586665, 25.0941368], [121.4585293, 25.0938734], [121.4577878, 25.0926492]]}}, {"type": "Feature", "properties": {"county": "新北市", "district": "八里區", "highway": "tertiary", "name": null}, "geometry": {"type": "LineString", "coordinates": [[121.4582278, 25.0977178], [121.4580902, 25.0977084], [121.4579643, 25.0976939]]}}, {"type": "Feature", "properties": {"county": "新北市", "district": "八里區", "highway": "tertiary", "name": "疏洪四路"}, "geometry": {"type": "LineString", "coordinates": [[121.4579643, 25.0976939], [121.4578998, 25.0976804], [121.4576817, 25.0976206], [121.4574806, 25.0975567], [121.4572002, 25.097488], [121.4570561, 25.0974497], [121.4568302, 25.0974297], [121.4566344, 25.0974254], [121.4556276, 25.0974858], [121.4555056, 25.0974884], [121.4554281, 25.0974865], [121.455354, 25.0974681]]}}, {"type": "Feature", "properties": {"county": "新北市", "district": "八里區", "highway": "secondary_link", "name": null}, "geometry": {"type": "LineString", "coordinates": [[121.458801, 25.0945174], [121.4584258, 25.0939547], [121.4581415, 25.093514], [121.4580624, 25.0933515], [121.4580466, 25.093256], [121.4580919, 25.0931609], [121.4581665, 25.0931185], [121.4582447, 25.0930895]]}}, {"type": "Feature", "properties": {"county": "新北市", "district": "八里區", "highway": "secondary_link", "name": null}, "geometry": {"type": "LineString", "coordinates": [[121.4592036, 25.0949732], [121.4589698, 25.0947405], [121.458893, 25.094639], [121.458801, 25.0945174]]}}, {"type": "Feature", "properties": {"county": "新北市", "district": "八里區", "highway": "residential", "name": null}, "geometry": {"type": "LineString", "coordinates": [[121.4611145, 25.0916426], [121.4604627, 25.0919365], [121.4603541, 25.0919827]]}}, {"type": "Feature", "properties": {"county": "新北市", "district": "八里區", "highway": "secondary_link", "name": null}, "geometry": {"type": "LineString", "coordinates": [[121.4609563, 25.0973134], [121.4609096, 25.0973241], [121.4608577, 25.097322], [121.4608241, 25.097312], [121.4608, 25.0973005], [121.4607792, 25.0972835], [121.4603419, 25.0966546]]}}, {"type": "Feature", "properties": {"county": "新北市", "district": "八里區", "highway": "tertiary", "name": "疏洪四路"}, "geometry": {"type": "LineString", "coordinates": [[121.458245, 25.0976578], [121.458721, 25.0976996], [121.4591542, 25.0977616], [121.4594742, 25.097814], [121.4606294, 25.0980543], [121.4608104, 25.0981077], [121.4608111, 25.098108], [121.4610525, 25.0982228], [121.4611872, 25.0983082], [121.4613021, 25.098466]]}}, {"type": "Feature", "properties": {"county": "新北市", "district": "八里區", "highway": "secondary_link", "name": null}, "geometry": {"type": "LineString", "coordinates": [[121.4603419, 25.0966546], [121.4602591, 25.0965293], [121.4600141, 25.0961567], [121.4599135, 25.0960463], [121.4598187, 25.0959581], [121.4597296, 25.0959158], [121.4596115, 25.0958841], [121.4594849, 25.0958924], [121.4594049, 25.0959093], [121.4593159, 25.0959523], [121.4592167, 25.0960171], [121.4590827, 25.0961706], [121.4589432, 25.0963479], [121.4586781, 25.0966203], [121.4585043, 25.0968185]]}}, {"type": "Feature", "properties": {"county": "新北市", "district": "八里區", "highway": "tertiary", "name": null}, "geometry": {"type": "LineString", "coordinates": [[121.4579939, 25.0976339], [121.458245, 25.0976578]]}}, {"type": "Feature", "properties": {"county": "新北市", "district": "八里區", "highway": "tertiary", "name": "疏洪四路"}, "geometry": {"type": "LineString", "coordinates": [[121.4613021, 25.098466], [121.4611246, 25.0983641], [121.4608614, 25.0981939], [121.4606187, 25.0981174], [121.4590952, 25.0978187], [121.4588431, 25.0977786], [121.4586164, 25.0977519], [121.4582278, 25.0977178]]}}, {"type": "Feature", "properties": {"county": "新北市", "district": "八里區", "highway": "residential", "name": "長安街331巷"}, "geometry": {"type": "LineString", "coordinates": [[121.455382, 25.086536], [121.4567918, 25.0866098], [121.4573896, 25.0866089]]}}, {"type": "Feature", "properties": {"county": "新北市", "district": "八里區", "highway": "residential", "name": "長安街347巷"}, "geometry": {"type": "LineString", "coordinates": [[121.4572859, 25.0870661], [121.4567374, 25.0870491], [121.4554185, 25.0870323], [121.4553252, 25.0870225]]}}, {"type": "Feature", "properties": {"county": "新北市", "district": "八里區", "highway": "residential", "name": "長安街313巷"}, "geometry": {"type": "LineString", "coordinates": [[121.4575217, 25.0861063], [121.4571964, 25.0860759], [121.4567809, 25.0860871], [121.4553784, 25.086115]]}}, {"type": "Feature", "properties": {"county": "新北市", "district": "八里區", "highway": "residential", "name": "長安街375巷"}, "geometry": {"type": "LineString", "coordinates": [[121.4573054, 25.0878176], [121.4562403, 25.0879304], [121.4555637, 25.0879915]]}}, {"type": "Feature", "properties": {"county": "新北市", "district": "八里區", "highway": "residential", "name": "長安街361巷"}, "geometry": {"type": "LineString", "coordinates": [[121.4554904, 25.0875694], [121.4572944, 25.0874228]]}}, {"type": "Feature", "properties": {"county": "新北市", "district": "八里區", "highway": "residential", "name": null}, "geometry": {"type": "LineString", "coordinates": [[121.4585883, 25.0904792], [121.4570902, 25.0912649]]}}, {"type": "Feature", "properties": {"county": "新北市", "district": "八里區", "highway": "residential", "name": "永平街32巷"}, "geometry": {"type": "LineString", "coordinates": [[121.4608017, 25.0939501], [121.4607483, 25.0939053], [121.4606742, 25.093839], [121.4605683, 25.0937442], [121.460361, 25.0933998], [121.460214, 25.0931626], [121.4601616, 25.0930952], [121.4600565, 25.0929115], [121.4599331, 25.0927006], [121.4596805, 25.0923148], [121.4594323, 25.0919723], [121.4592976, 25.0917664], [121.4592097, 25.0916262], [121.4591369, 25.0915189], [121.4589688, 25.0912709], [121.4588508, 25.091097], [121.4587191, 25.0909029]]}}, {"type": "Feature", "properties": {"county": "新北市", "district": "八里區", "highway": "residential", "name": "中山北路一段45巷"}, "geometry": {"type": "LineString", "coordinates": [[121.4408045, 25.175924], [121.4416757, 25.1753692]]}}, {"type": "Feature", "properties": {"county": "新北市", "district": "八里區", "highway": "residential", "name": "新生街55巷24弄"}, "geometry": {"type": "LineString", "coordinates": [[121.4406117, 25.1756745], [121.4411018, 25.1753638]]}}, {"type": "Feature", "properties": {"county": "新北市", "district": "八里區", "highway": "residential", "name": "大仁街"}, "geometry": {"type": "LineString", "coordinates": [[121.4414181, 25.1745964], [121.4417934, 25.1746767], [121.4421402, 25.1747888], [121.4424298, 25.1750443], [121.4425341, 25.1752066], [121.4426345, 25.1753571], [121.4426891, 25.1756428], [121.4427488, 25.1759554], [121.4430627, 25.1763155]]}}, {"type": "Feature", "properties": {"county": "新北市", "district": "八里區", "highway": "tertiary", "name": "疏洪北路"}, "geometry": {"type": "LineString", "coordinates": [[121.4539984, 25.1021906], [121.45411, 25.102316], [121.4542631, 25.102464], [121.4545274, 25.1030806], [121.4545969, 25.1036231], [121.4545647, 25.104002], [121.4544785, 25.1043035], [121.4542703, 25.1048191], [121.4541288, 25.1050503], [121.4539285, 25.1052986], [121.4536047, 25.1056305], [121.4531732, 25.1057012], [121.4530176, 25.1056963], [121.4528862, 25.1056868], [121.4527545, 25.1056411]]}}, {"type": "Feature", "properties": {"county": "新北市", "district": "八里區", "highway": "primary", "name": "中華路二段"}, "geometry": {"type": "LineString", "coordinates": [[121.3998082, 25.1453338], [121.4006507, 25.1458673], [121.4015603, 25.1464444], [121.4024325, 25.1470619], [121.4028821, 25.1474266], [121.4034476, 25.1479204], [121.4043771, 25.1486747], [121.4053277, 25.1494925], [121.4054511, 25.1495987], [121.4059316, 25.1499804], [121.4065384, 25.1504625], [121.4069718, 25.150774], [121.4073988, 25.1510357], [121.407449, 25.1510665], [121.4077683, 25.1512471], [121.4083301, 25.1515227], [121.409094, 25.1518919], [121.4095022, 25.1520873], [121.4102223, 25.1524413], [121.4117574, 25.1531607], [121.412882, 25.1536902], [121.4132643, 25.1538862]]}}, {"type": "Feature", "properties": {"county": "新北市", "district": "八里區", "highway": "tertiary", "name": "商港路"}, "geometry": {"type": "LineString", "coordinates": [[121.3961435, 25.1452752], [121.3951575, 25.146823], [121.3942325, 25.1482141], [121.3942052, 25.1482566], [121.3932821, 25.1496517]]}}, {"type": "Feature", "properties": {"county": "新北市", "district": "八里區", "highway": "residential", "name": "訊埔路"}, "geometry": {"type": "LineString", "coordinates": [[121.3977285, 25.1457075], [121.397697, 25.1456492], [121.3975662, 25.145169], [121.3975092, 25.1449901], [121.3973883, 25.1446221], [121.397292, 25.1443301]]}}, {"type": "Feature", "properties": {"county": "新北市", "district": "八里區", "highway": "tertiary", "name": "荖阡坑路"}, "geometry": {"type": "LineString", "coordinates": [[121.3983371, 25.1444391], [121.398479, 25.1442176], [121.3986157, 25.1439906], [121.3987715, 25.1437154], [121.3989014, 25.1434099], [121.3991851, 25.1426256], [121.3993637, 25.1421102], [121.3994739, 25.1418086], [121.3996668, 25.141401], [121.3996133, 25.1413353], [121.3996062, 25.1411546], [121.3996832, 25.1408446], [121.399814, 25.140487], [121.3998968, 25.140379], [121.4000164, 25.1399818], [121.4001915, 25.1395115], [121.4002732, 25.13927], [121.4003527, 25.1390038], [121.4004497, 25.1388113], [121.4008627, 25.1381678], [121.4010787, 25.1377942], [121.4012782, 25.1375053], [121.4014707, 25.1372562], [121.4016331, 25.1370196], [121.401766, 25.1368585], [121.4019439, 25.1366323], [121.4019859, 25.136538], [121.4020047, 25.1364093], [121.4019966, 25.1363158], [121.4019406, 25.136174], [121.4019349, 25.1359995], [121.4020499, 25.1356585], [121.4021468, 25.1353542], [121.4022383, 25.1351816], [121.4022459, 25.1351556]]}}, {"type": "Feature", "properties": {"county": "新北市", "district": "八里區", "highway": "tertiary", "name": "華富山路"}, "geometry": {"type": "LineString", "coordinates": [[121.4159377, 25.1464617], [121.4160034, 25.1463074], [121.416325, 25.1458356], [121.4164216, 25.1457215], [121.4166321, 25.1455685], [121.4167356, 25.1454949], [121.416836, 25.1453973], [121.4174398, 25.1447752], [121.4176235, 25.144568], [121.4179071, 25.1442711], [121.4182397, 25.1439729], [121.418381, 25.1438679], [121.4185629, 25.1437631], [121.4186098, 25.1437178], [121.4186426, 25.1436701], [121.4188503, 25.1430921], [121.4190327, 25.1427886], [121.419096, 25.1426196], [121.4191272, 25.142394], [121.4191524, 25.1423358], [121.4192106, 25.142304], [121.4193079, 25.1422953], [121.4193783, 25.1423131], [121.4194347, 25.142353], [121.4195021, 25.142496], [121.4195718, 25.1426156], [121.4196262, 25.1427012], [121.4197116, 25.1428148], [121.4197183, 25.1428771], [121.4196754, 25.1430075], [121.4195464, 25.1432312], [121.4195285, 25.1432866], [121.4195494, 25.1433432], [121.4196016, 25.1433775], [121.4196659, 25.143385], [121.4197276, 25.1433856], [121.419847, 25.1433281], [121.4202164, 25.1430845], [121.4206122, 25.1427717], [121.420877, 25.1425338], [121.4210124, 25.1423639], [121.4210426, 25.142315], [121.4210366, 25.1422619], [121.4210332, 25.1422346], [121.4208451, 25.1419606], [121.4208043, 25.1418289], [121.4208164, 25.1417099], [121.4208756, 25.1415503], [121.420923, 25.1413402], [121.4209257, 25.1412371], [121.4208734, 25.141203], [121.4206467, 25.1410986], [121.4205431, 25.1410022], [121.4203204, 25.1406489], [121.4202956, 25.1405599], [121.4202494, 25.1404322], [121.4202031, 25.1403497], [121.420116, 25.140218], [121.4200616, 25.1401982], [121.4198141, 25.1401433], [121.4195067, 25.1399315], [121.4193662, 25.1398309], [121.4192562, 25.1397522], [121.4190786, 25.1397026], [121.4185166, 25.1396585], [121.4184509, 25.1396297], [121.4182913, 25.1395376], [121.4181807, 25.1395427], [121.4180546, 25.1396002], [121.4179506, 25.1396161], [121.4176376, 25.1396113], [121.4173585, 25.1396862], [121.4171085, 25.1396771], [121.416901, 25.1396922], [121.416694, 25.1397202], [121.4166056, 25.1397079], [121.4165539, 25.1396605], [121.4165157, 25.1395914], [121.4164688, 25.1394595], [121.4164666, 25.1393353], [121.4164225, 25.1391534], [121.4164819, 25.1387452], [121.4164896, 25.1386038], [121.416484, 25.1384775], [121.4164444, 25.1383063], [121.4164064, 25.1381126], [121.4164008, 25.1380628], [121.4164089, 25.1379979], [121.4164674, 25.1379044], [121.4164866, 25.1378182], [121.4164795, 25.137729], [121.4164359, 25.1376337], [121.4163243, 25.1374467], [121.4162586, 25.1372428], [121.4162106, 25.1368717], [121.4161771, 25.1366803], [121.4161885, 25.1365715], [121.4162535, 25.1364175], [121.4163461, 25.1363297], [121.4165705, 25.1361944], [121.416667, 25.136082], [121.4166972, 25.1360013], [121.4167052, 25.1358526], [121.416722, 25.1357877], [121.4168178, 25.1356031], [121.4168779, 25.1354349], [121.4169201, 25.13534], [121.4169885, 25.1352869], [121.417097, 25.1352264], [121.4174438, 25.135088], [121.417551, 25.1350236], [121.4179741, 25.1343197], [121.4180901, 25.1340297], [121.4181558, 25.1339087], [121.4184473, 25.1336223], [121.4187446, 25.1333653], [121.4188284, 25.1332746], [121.4189029, 25.1331568], [121.4190034, 25.132894], [121.4190897, 25.1325763], [121.4191346, 25.132465], [121.4192714, 25.1321603], [121.4195091, 25.1317592], [121.4195452, 25.1315965], [121.4195117, 25.1314867], [121.419198, 25.1311341], [121.4190839, 25.1310197], [121.4189282, 25.1309391], [121.418829, 25.1308973], [121.418793, 25.1308644], [121.4187647, 25.1308068], [121.4187253, 25.1305176], [121.4187172, 25.1303566], [121.4187488, 25.1302196], [121.4188419, 25.1300434], [121.4190025, 25.1298014]]}}, {"type": "Feature", "properties": {"county": "新北市", "district": "八里區", "highway": "secondary_link", "name": "中華路三段"}, "geometry": {"type": "LineString", "coordinates": [[121.3975623, 25.1440677], [121.3973266, 25.1439223]]}}, {"type": "Feature", "properties": {"county": "新北市", "district": "八里區", "highway": "unclassified", "name": "迴轉道"}, "geometry": {"type": "LineString", "coordinates": [[121.4306399, 25.1753663], [121.4305115, 25.1754163], [121.4301893, 25.1755047], [121.4299654, 25.1755383], [121.4291865, 25.1755365], [121.4284486, 25.1757731]]}}, {"type": "Feature", "properties": {"county": "新北市", "district": "八里區", "highway": "unclassified", "name": null}, "geometry": {"type": "LineString", "coordinates": [[121.3707809, 25.1263813], [121.3711577, 25.1262546], [121.3715042, 25.1260797], [121.3716571, 25.1259945], [121.3717707, 25.126038], [121.3718247, 25.1260568], [121.3719471, 25.1261035], [121.3720246, 25.1261208], [121.3720869, 25.1261261], [121.372152, 25.1260944], [121.3722145, 25.1260762], [121.3722639, 25.1260649], [121.3727019, 25.1259202], [121.3727839, 25.1253417], [121.3729803, 25.1248274]]}}, {"type": "Feature", "properties": {"county": "新北市", "district": "八里區", "highway": "tertiary", "name": "渡船頭路"}, "geometry": {"type": "LineString", "coordinates": [[121.4358716, 25.1566567], [121.435831, 25.1566315], [121.4354337, 25.1567313], [121.4353434, 25.1567555], [121.4351775, 25.1567985], [121.4350297, 25.1568263], [121.434857, 25.1568341], [121.4345884, 25.1568435], [121.4344087, 25.1568217], [121.434237, 25.1567925], [121.4340996, 25.1567458], [121.4339333, 25.1566784], [121.4338521, 25.1566171], [121.4338031, 25.1565036], [121.4337113, 25.1562439], [121.4336469, 25.1559792], [121.4335048, 25.1551307], [121.4334739, 25.1548054], [121.4334229, 25.1545262], [121.4333787, 25.1541996], [121.4333545, 25.153958], [121.4333247, 25.1537697], [121.4332157, 25.1537178], [121.4331608, 25.153714], [121.4330412, 25.153765], [121.4328651, 25.1538919], [121.4326828, 25.1540507], [121.4324633, 25.1543204], [121.4319028, 25.1550906], [121.4318445, 25.155124], [121.4317452, 25.1551337], [121.4316755, 25.1551167], [121.4315984, 25.1550627], [121.4315139, 25.1549771], [121.4311732, 25.1544442], [121.4311223, 25.1543762], [121.4310123, 25.1542913], [121.4309424, 25.1542447], [121.4308762, 25.1542112], [121.4304001, 25.1540024], [121.4299864, 25.1538184], [121.4294318, 25.1535896], [121.4292199, 25.1535107], [121.4291609, 25.1534864], [121.4291019, 25.153484], [121.4286915, 25.1535107], [121.4284957, 25.1534804], [121.4282126, 25.1529983], [121.4276347, 25.1530843], [121.4275395, 25.1530579], [121.4273344, 25.152945], [121.4272029, 25.1529037], [121.4268127, 25.1530191], [121.4264371, 25.153115], [121.4261233, 25.1531635], [121.4259449, 25.1531441], [121.4257384, 25.1530676], [121.4256043, 25.1529948], [121.4255695, 25.1529499], [121.4255198, 25.152837], [121.4254823, 25.1526598], [121.4254018, 25.1522464], [121.4253991, 25.1521323], [121.4254246, 25.1520674], [121.4254574, 25.1519726], [121.4255057, 25.1518616], [121.4254727, 25.1517807], [121.4253547, 25.1516147], [121.4251778, 25.1513184], [121.4250651, 25.1511569], [121.4249255, 25.1510369], [121.4248238, 25.1509615], [121.4247058, 25.150783], [121.4246251, 25.1506727], [121.4244764, 25.1505524], [121.4242711, 25.1503668], [121.4240835, 25.1502136], [121.423724, 25.1500347], [121.4235647, 25.1499625], [121.4234089, 25.1498859], [121.4233486, 25.1498519], [121.4232855, 25.14979], [121.4231514, 25.1496649], [121.4230495, 25.1495872], [121.4229878, 25.1495425], [121.4229208, 25.1494998], [121.4227732, 25.1494209], [121.4226592, 25.1493384], [121.42258, 25.149253], [121.4225564, 25.1492024], [121.4225332, 25.149172], [121.4224809, 25.1490603], [121.4224487, 25.148962], [121.4224259, 25.1488394], [121.4223896, 25.1486901], [121.4223709, 25.1486306], [121.4223293, 25.148582], [121.4221757, 25.1484558], [121.4220577, 25.148363], [121.4219142, 25.1481475], [121.4218869, 25.1481079], [121.4218378, 25.1480333], [121.4217044, 25.1478646], [121.421636, 25.1478003], [121.4215434, 25.1477072], [121.4214442, 25.1476009], [121.4209138, 25.1469875], [121.4207972, 25.1468489], [121.4206456, 25.1467153], [121.420534, 25.1465907], [121.4203466, 25.146305], [121.4202042, 25.1461221], [121.4199851, 25.1459729], [121.4198843, 25.1458696], [121.4198494, 25.1457591], [121.4198427, 25.1455983], [121.4198581, 25.1455066], [121.4196543, 25.1454787], [121.4194162, 25.1455904], [121.4192218, 25.1456535], [121.4191433, 25.1457008], [121.4189368, 25.1459418], [121.4188228, 25.146059], [121.418737, 25.1461227], [121.4186833, 25.1461349], [121.4186142, 25.1461093], [121.418391, 25.145991], [121.4182404, 25.1459487], [121.4180497, 25.1459315], [121.4179022, 25.1459467], [121.4178103, 25.1460007], [121.4176768, 25.1461561], [121.417581, 25.1462131], [121.4174759, 25.146243], [121.4172041, 25.1463267], [121.4170492, 25.1463418], [121.4168722, 25.1463151], [121.4167769, 25.1463103], [121.4160501, 25.1464535], [121.4159377, 25.1464617], [121.415827, 25.1464438], [121.4157712, 25.1463812], [121.4157454, 25.1462597], [121.4157892, 25.1459687], [121.4158187, 25.1457713], [121.4157977, 25.1455802], [121.4157664, 25.1454461], [121.4157, 25.1453172], [121.4156263, 25.1452446], [121.4154375, 25.1450892], [121.4153315, 25.1449896], [121.4152819, 25.1448864], [121.4152738, 25.1447881], [121.4152765, 25.1446521], [121.4152792, 25.1446011], [121.4152858, 25.1444945], [121.4152813, 25.1444824]]}}, {"type": "Feature", "properties": {"county": "新北市", "district": "八里區", "highway": "tertiary", "name": "龍米路二段147巷"}, "geometry": {"type": "LineString", "coordinates": [[121.4354412, 25.1448332], [121.4357945, 25.14507], [121.4359676, 25.1451566], [121.436174, 25.1451889], [121.436391, 25.1451979], [121.4365942, 25.1453458], [121.4368228, 25.1454201], [121.4372887, 25.1455387], [121.4375163, 25.1455751], [121.437728, 25.1455943], [121.4378819, 25.1456163], [121.4381171, 25.1456925], [121.4383057, 25.145781], [121.438437, 25.1458614], [121.4384888, 25.1459372], [121.4385903, 25.1462633], [121.438666, 25.1465427], [121.4387352, 25.1467595], [121.4389889, 25.1472098], [121.4390919, 25.1473573], [121.4394621, 25.1477663], [121.439493, 25.1478294], [121.4395048, 25.1478994], [121.4394605, 25.1480524], [121.4393509, 25.1482868], [121.4393288, 25.1483483], [121.4393237, 25.1484517], [121.4393438, 25.1486251], [121.4393657, 25.1488013], [121.4394002, 25.1488994], [121.4394436, 25.148955], [121.4395265, 25.1489759], [121.4396306, 25.1489652], [121.4397386, 25.1489272], [121.4397846, 25.1488769], [121.4398711, 25.148772], [121.4401265, 25.1485316], [121.4401554, 25.1484992], [121.4401923, 25.1484618], [121.4402446, 25.1484465], [121.4402955, 25.1484582], [121.4403575, 25.1485019], [121.44041, 25.1485948], [121.4404498, 25.1487504], [121.4404534, 25.1488686], [121.4404343, 25.1489163], [121.4403985, 25.1489949], [121.4403272, 25.1490773], [121.4402382, 25.1491618], [121.4401672, 25.1492652], [121.4400621, 25.1495754], [121.4399819, 25.1498747], [121.4399698, 25.1499271], [121.4399806, 25.1499819], [121.4400043, 25.1500288], [121.4400469, 25.1500495], [121.4401191, 25.1500323], [121.4402136, 25.1499553], [121.4403183, 25.1498866], [121.4404508, 25.1498648], [121.4407891, 25.1498462], [121.4408804, 25.1498296], [121.4409801, 25.1497766], [121.4410747, 25.1497007], [121.4411776, 25.1495809], [121.4412531, 25.1494775], [121.4413133, 25.1494159], [121.4413696, 25.1493813], [121.4414149, 25.1493819], [121.4414631, 25.1494265], [121.441493, 25.1495134], [121.4415228, 25.1496369], [121.4415166, 25.1497766], [121.4414131, 25.1499878], [121.4412066, 25.1503478], [121.4410573, 25.1506511], [121.4410252, 25.1507208], [121.4410204, 25.1507613], [121.4410372, 25.1508106], [121.4410842, 25.1508446], [121.4411781, 25.1508471], [121.4413594, 25.1507886], [121.4415927, 25.1507269], [121.4419116, 25.1505397], [121.4422372, 25.1503124], [121.4424803, 25.1501143], [121.4426312, 25.1499629], [121.4431118, 25.1494503], [121.4433517, 25.1493812], [121.4438174, 25.1493249], [121.4440359, 25.1493023], [121.444108, 25.1493542]]}}, {"type": "Feature", "properties": {"county": "新北市", "district": "八里區", "highway": "tertiary", "name": "文化三路二段"}, "geometry": {"type": "LineString", "coordinates": [[121.3824476, 25.091861], [121.3823498, 25.0917701], [121.3816764, 25.0907414], [121.3812392, 25.090003], [121.3807296, 25.0892281], [121.380628, 25.0890805], [121.3800157, 25.0881909]]}}, {"type": "Feature", "properties": {"county": "新北市", "district": "八里區", "highway": "residential", "name": "寶林路"}, "geometry": {"type": "LineString", "coordinates": [[121.3798758, 25.0877578], [121.3803756, 25.0873322], [121.3806988, 25.0870659], [121.3807049, 25.0870609], [121.381169, 25.0866786], [121.3813546, 25.086543], [121.3814512, 25.0864831], [121.3815955, 25.0864058], [121.3820726, 25.0859412], [121.3822732, 25.0858019], [121.3824462, 25.0857148], [121.3828918, 25.0855177], [121.3829955, 25.0854741], [121.383194, 25.0854107], [121.38372, 25.0851505], [121.3838478, 25.0850873], [121.3842902, 25.0848734], [121.3844137, 25.0848137], [121.3850171, 25.0845272], [121.3851604, 25.0844587], [121.3853768, 25.0843486], [121.3858635, 25.0841149], [121.3865796, 25.0838039], [121.3868141, 25.0837662]]}}, {"type": "Feature", "properties": {"county": "新北市", "district": "八里區", "highway": "residential", "name": "信義路"}, "geometry": {"type": "LineString", "coordinates": [[121.3736374, 25.0832623], [121.373951, 25.0830503], [121.375625, 25.0820037]]}}, {"type": "Feature", "properties": {"county": "新北市", "district": "八里區", "highway": "residential", "name": "四維路"}, "geometry": {"type": "LineString", "coordinates": [[121.3799349, 25.0766342], [121.3796401, 25.0768576], [121.3793585, 25.0770711], [121.3789404, 25.0772171], [121.3785077, 25.0773682], [121.3782816, 25.0775007], [121.3776469, 25.0779407], [121.3764709, 25.0787706], [121.3763857, 25.0788229], [121.3753179, 25.0794877], [121.3743132, 25.0801132], [121.3742055, 25.0801841]]}}, {"type": "Feature", "properties": {"county": "新北市", "district": "八里區", "highway": "secondary", "name": "仁愛路二段"}, "geometry": {"type": "LineString", "coordinates": [[121.3691171, 25.0807708], [121.3691679, 25.0806898], [121.3707336, 25.0795461]]}}, {"type": "Feature", "properties": {"county": "新北市", "district": "八里區", "highway": "residential", "name": "民權路"}, "geometry": {"type": "LineString", "coordinates": [[121.3733941, 25.0824836], [121.3726469, 25.0815264], [121.3721614, 25.0809992], [121.3712978, 25.0800979], [121.3708401, 25.0796636], [121.3708015, 25.0796224]]}}, {"type": "Feature", "properties": {"county": "新北市", "district": "八里區", "highway": "residential", "name": "文化三路二段115巷"}, "geometry": {"type": "LineString", "coordinates": [[121.3748634, 25.0808752], [121.3747681, 25.0809172], [121.3743379, 25.0812019], [121.3742377, 25.0819665], [121.3739068, 25.0821744], [121.3733941, 25.0824836]]}}, {"type": "Feature", "properties": {"county": "新北市", "district": "八里區", "highway": "residential", "name": "文化三路二段115巷"}, "geometry": {"type": "LineString", "coordinates": [[121.3743379, 25.0812019], [121.3735891, 25.0809768], [121.373209, 25.0811954], [121.3726469, 25.0815264]]}}, {"type": "Feature", "properties": {"county": "新北市", "district": "八里區", "highway": "residential", "name": "文化三路二段41巷"}, "geometry": {"type": "LineString", "coordinates": [[121.3730715, 25.0803327], [121.3726457, 25.0806464], [121.3721614, 25.0809992]]}}, {"type": "Feature", "properties": {"county": "新北市", "district": "八里區", "highway": "residential", "name": "文化三路二段41巷"}, "geometry": {"type": "LineString", "coordinates": [[121.3730715, 25.0803327], [121.3730048, 25.0796996]]}}, {"type": "Feature", "properties": {"county": "新北市", "district": "八里區", "highway": "residential", "name": "文林六街"}, "geometry": {"type": "LineString", "coordinates": [[121.371623, 25.0812149], [121.3707241, 25.0818621], [121.3702563, 25.0821971], [121.3701482, 25.0822765]]}}, {"type": "Feature", "properties": {"county": "新北市", "district": "八里區", "highway": "residential", "name": "文林六街62巷"}, "geometry": {"type": "LineString", "coordinates": [[121.3707241, 25.0818621], [121.3710292, 25.0822315], [121.3710848, 25.0822685], [121.3711435, 25.0822722], [121.371975, 25.081725], [121.3720112, 25.081676], [121.3719974, 25.081619], [121.371623, 25.0812149]]}}, {"type": "Feature", "properties": {"county": "新北市", "district": "八里區", "highway": "unclassified", "name": "文林六街13巷"}, "geometry": {"type": "LineString", "coordinates": [[121.3704005, 25.0814019], [121.3703415, 25.0813897], [121.3702745, 25.0813411], [121.3700331, 25.0810448], [121.3700089, 25.0810107], [121.3700089, 25.0809767], [121.3700304, 25.0809525], [121.3708711, 25.0803533]]}}, {"type": "Feature", "properties": {"county": "新北市", "district": "八里區", "highway": "residential", "name": "中華一路"}, "geometry": {"type": "LineString", "coordinates": [[121.3822396, 25.0837939], [121.3814757, 25.0842963], [121.3806924, 25.0848135], [121.3805852, 25.0848568], [121.3792946, 25.0856158], [121.3791617, 25.0856918], [121.3787487, 25.0859273], [121.3786209, 25.0860053]]}}, {"type": "Feature", "properties": {"county": "新北市", "district": "八里區", "highway": "residential", "name": "民享路"}, "geometry": {"type": "LineString", "coordinates": [[121.3851889, 25.0901962], [121.3850974, 25.0900755], [121.3845369, 25.0891915], [121.3845235, 25.0891114], [121.3847502, 25.0881883], [121.3847261, 25.0881009], [121.3843586, 25.0876563], [121.3838248, 25.0867989], [121.3835923, 25.0864185], [121.3829955, 25.0854741], [121.3828539, 25.084564], [121.3826044, 25.0841219], [121.3822396, 25.0837939], [121.3819928, 25.0832025], [121.3813312, 25.0817743], [121.3812632, 25.0816937], [121.3809951, 25.0813761], [121.3808169, 25.0811693], [121.3807772, 25.081036], [121.380546, 25.0802604], [121.3803111, 25.0794387]]}}, {"type": "Feature", "properties": {"county": "新北市", "district": "八里區", "highway": "unclassified", "name": "佳林路"}, "geometry": {"type": "LineString", "coordinates": [[121.3864055, 25.0817724], [121.3864776, 25.0818536], [121.3868644, 25.0822035], [121.3872231, 25.0824721], [121.3875886, 25.0827007]]}}, {"type": "Feature", "properties": {"county": "新北市", "district": "八里區", "highway": "primary", "name": "關渡大橋"}, "geometry": {"type": "LineString", "coordinates": [[121.4607254, 25.1274826], [121.4608444, 25.1275441], [121.4609918, 25.1275679], [121.4612393, 25.1275574], [121.4614833, 25.1274827], [121.4616531, 25.1273873], [121.4618013, 25.1272616], [121.4618971, 25.1271193], [121.4619328, 25.126934], [121.4618824, 25.1267507], [121.4617618, 25.1266278], [121.4616076, 25.1265532], [121.4614364, 25.1265376], [121.4612995, 25.1265481], [121.4611418, 25.1266287], [121.4610412, 25.1267234]]}}, {"type": "Feature", "properties": {"county": "新北市", "district": "八里區", "highway": "primary", "name": "關渡大橋"}, "geometry": {"type": "LineString", "coordinates": [[121.4602099, 25.1284647], [121.4602185, 25.1285346], [121.4602488, 25.1286313], [121.4602841, 25.128691], [121.4603666, 25.1287787], [121.4605041, 25.1288542], [121.4606424, 25.1288851], [121.4607861, 25.1288768], [121.4609136, 25.128838], [121.4610525, 25.1287463], [121.4611289, 25.1286401], [121.4611889, 25.128456], [121.4612035, 25.1282687], [121.4611683, 25.1280945], [121.4610882, 25.1279339], [121.4609836, 25.1277896], [121.4609148, 25.1277233], [121.46081, 25.1276436], [121.4606714, 25.1275425]]}}, {"type": "Feature", "properties": {"county": "新北市", "district": "八里區", "highway": "primary_link", "name": "關渡大橋"}, "geometry": {"type": "LineString", "coordinates": [[121.4598635, 25.1270575], [121.4599959, 25.1270516], [121.460155, 25.127081], [121.4602526, 25.1270892], [121.4604081, 25.1270579], [121.4605279, 25.1270048]]}}, {"type": "Feature", "properties": {"county": "新北市", "district": "八里區", "highway": "primary_link", "name": "關渡大橋"}, "geometry": {"type": "LineString", "coordinates": [[121.4605279, 25.1270048], [121.4606298, 25.126927], [121.460738, 25.1267991], [121.4612632, 25.1260604], [121.461525, 25.1257607], [121.4617862, 25.1254606]]}}, {"type": "Feature", "properties": {"county": "新北市", "district": "八里區", "highway": "primary", "name": "關渡大橋"}, "geometry": {"type": "LineString", "coordinates": [[121.4537962, 25.1241876], [121.45368, 25.1242876], [121.4535825, 25.1244116], [121.4535042, 25.1245667], [121.4533501, 25.1249031]]}}, {"type": "Feature", "properties": {"county": "新北市", "district": "八里區", "highway": "residential", "name": "集成橋"}, "geometry": {"type": "LineString", "coordinates": [[121.4496409, 25.1037389], [121.4497979, 25.1036549]]}}, {"type": "Feature", "properties": {"county": "新北市", "district": "八里區", "highway": "residential", "name": "天乙路"}, "geometry": {"type": "LineString", "coordinates": [[121.4486753, 25.103173], [121.4486096, 25.1032418], [121.4485036, 25.1033527], [121.4484714, 25.1034256], [121.4484147, 25.1035341], [121.4483534, 25.1036515], [121.4483212, 25.1037924], [121.4482944, 25.1039575], [121.4482792, 25.1041479]]}}, {"type": "Feature", "properties": {"county": "新北市", "district": "八里區", "highway": "residential", "name": "成泰路三段577巷"}, "geometry": {"type": "LineString", "coordinates": [[121.4496409, 25.1037389], [121.4495434, 25.1038017], [121.4493941, 25.1039247], [121.4493591, 25.1039428], [121.4492064, 25.1040219], [121.4490817, 25.1040689], [121.4490362, 25.104086], [121.4487906, 25.104119], [121.4485507, 25.1041589], [121.4484309, 25.1041624], [121.4482792, 25.1041479]]}}, {"type": "Feature", "properties": {"county": "新北市", "district": "八里區", "highway": "residential", "name": "天乙橋"}, "geometry": {"type": "LineString", "coordinates": [[121.4488641, 25.1030168], [121.4486753, 25.103173]]}}, {"type": "Feature", "properties": {"county": "新北市", "district": "八里區", "highway": "residential", "name": null}, "geometry": {"type": "LineString", "coordinates": [[121.4477707, 25.1027282], [121.4477706, 25.1027964]]}}, {"type": "Feature", "properties": {"county": "新北市", "district": "八里區", "highway": "residential", "name": "忠義橋"}, "geometry": {"type": "LineString", "coordinates": [[121.4477706, 25.1027964], [121.4477614, 25.1029783]]}}, {"type": "Feature", "properties": {"county": "新北市", "district": "八里區", "highway": "residential", "name": "成泰路三段577巷"}, "geometry": {"type": "LineString", "coordinates": [[121.4522895, 25.1025674], [121.4515525, 25.1028532], [121.4508654, 25.1031124], [121.4505378, 25.1032486], [121.4502833, 25.1033884], [121.4497979, 25.1036549]]}}, {"type": "Feature", "properties": {"county": "新北市", "district": "八里區", "highway": "tertiary", "name": "凌雲路一段"}, "geometry": {"type": "LineString", "coordinates": [[121.4515635, 25.100829], [121.4508003, 25.1013379], [121.4501776, 25.1017299], [121.4500246, 25.1018254], [121.4496119, 25.102115], [121.4492232, 25.102384], [121.4491953, 25.1024042], [121.4489384, 25.10259], [121.4488808, 25.1026209], [121.4487892, 25.10267], [121.4485661, 25.1027563], [121.4477707, 25.1027282]]}}, {"type": "Feature", "properties": {"county": "新北市", "district": "八里區", "highway": "tertiary", "name": "凌雲路二段"}, "geometry": {"type": "LineString", "coordinates": [[121.4477707, 25.1027282], [121.4471357, 25.1027225], [121.446811, 25.1026713], [121.4461992, 25.1025509], [121.4460825, 25.1025336], [121.4457125, 25.1024789], [121.4453485, 25.102537], [121.4452688, 25.1025497], [121.4448779, 25.10255], [121.4442992, 25.1024204], [121.443943, 25.1024358], [121.4437583, 25.10245], [121.4435384, 25.1024158], [121.4433043, 25.1023207], [121.4430515, 25.1022228], [121.4429193, 25.1021786], [121.4428404, 25.1021523], [121.4425892, 25.1021427], [121.4413398, 25.1021811], [121.441221, 25.1021834], [121.4406074, 25.1022287], [121.4402959, 25.1022958], [121.4402127, 25.1023327], [121.4400234, 25.1024666], [121.4396573, 25.1027482], [121.4395607, 25.1028008], [121.4393121, 25.1029361]]}}, {"type": "Feature", "properties": {"county": "新北市", "district": "八里區", "highway": "tertiary", "name": "凌雲路三段"}, "geometry": {"type": "LineString", "coordinates": [[121.4393121, 25.1029361], [121.4385004, 25.1032366], [121.4382449, 25.1033312], [121.4381078, 25.103372], [121.4379222, 25.1034474], [121.4377482, 25.1035849], [121.4376089, 25.1036599], [121.4373857, 25.1037703], [121.4371721, 25.1038604], [121.4369928, 25.1039182], [121.4368087, 25.1039528], [121.4365797, 25.1039838], [121.4364456, 25.1040057], [121.4363114, 25.104025], [121.4354293, 25.104166], [121.434661, 25.1043083], [121.4342288, 25.1043759], [121.4339619, 25.1043967], [121.4336984, 25.1044363], [121.4335274, 25.1044948], [121.432357, 25.1050697], [121.4321568, 25.1052152], [121.4319785, 25.1053747], [121.4317966, 25.1055528], [121.4316489, 25.1057506], [121.4316069, 25.1058677], [121.4315904, 25.1059832], [121.431564, 25.1061592], [121.4315318, 25.1063486], [121.4315103, 25.1065672], [121.4314974, 25.1067911], [121.431474, 25.1071303], [121.4314497, 25.10748], [121.4314469, 25.1075228]]}}, {"type": "Feature", "properties": {"county": "新北市", "district": "八里區", "highway": "residential", "name": "凌雲路一段158巷"}, "geometry": {"type": "LineString", "coordinates": [[121.4479591, 25.1039454], [121.4478861, 25.1038458], [121.4478244, 25.1036576], [121.4477426, 25.1033649], [121.4477472, 25.1031208], [121.4477567, 25.1030261], [121.4477614, 25.1029783]]}}, {"type": "Feature", "properties": {"county": "新北市", "district": "八里區", "highway": "residential", "name": "天乙路"}, "geometry": {"type": "LineString", "coordinates": [[121.4488641, 25.1030168], [121.4489221, 25.1026838], [121.4489384, 25.10259]]}}, {"type": "Feature", "properties": {"county": "新北市", "district": "八里區", "highway": "residential", "name": null}, "geometry": {"type": "LineString", "coordinates": [[121.4488641, 25.1030168], [121.4491956, 25.1033722], [121.4496489, 25.1036175], [121.4497979, 25.1036549]]}}, {"type": "Feature", "properties": {"county": "新北市", "district": "八里區", "highway": "secondary", "name": "成泰路三段"}, "geometry": {"type": "LineString", "coordinates": [[121.4529225, 25.1038959], [121.4528602, 25.1038064]]}}, {"type": "Feature", "properties": {"county": "新北市", "district": "八里區", "highway": "unclassified", "name": "水源街二段204巷"}, "geometry": {"type": "LineString", "coordinates": [[121.4597992, 25.1754315], [121.4596725, 25.1754552], [121.4595035, 25.1755419], [121.459307, 25.175619], [121.4589865, 25.1757428], [121.4587082, 25.1758205], [121.458316, 25.1759963], [121.458025, 25.1761784], [121.4580169, 25.1762269], [121.458102, 25.1763533]]}}, {"type": "Feature", "properties": {"county": "新北市", "district": "八里區", "highway": "unclassified", "name": "水源街二段177巷"}, "geometry": {"type": "LineString", "coordinates": [[121.4553209, 25.1754351], [121.4552932, 25.1755873], [121.4553039, 25.1758398], [121.455275, 25.1760183], [121.4551516, 25.1762174], [121.4550108, 25.17634], [121.4547707, 25.1764213], [121.4545119, 25.176471], [121.4543038, 25.1766086], [121.4537378, 25.1767031], [121.4530957, 25.1768062], [121.4528887, 25.1768611], [121.452834, 25.1768756], [121.4526585, 25.1769832], [121.4522937, 25.1770694], [121.4520427, 25.1771183]]}}, {"type": "Feature", "properties": {"county": "新北市", "district": "八里區", "highway": "residential", "name": "學府路100巷"}, "geometry": {"type": "LineString", "coordinates": [[121.4513737, 25.1711598], [121.4509023, 25.1714045]]}}, {"type": "Feature", "properties": {"county": "新北市", "district": "八里區", "highway": "residential", "name": "英專路"}, "geometry": {"type": "LineString", "coordinates": [[121.4458732, 25.1722182], [121.4458985, 25.1723756], [121.4459173, 25.1724836], [121.4459427, 25.1725564], [121.4461761, 25.1726353], [121.4464242, 25.1726863], [121.4467501, 25.172787], [121.4471792, 25.1729485], [121.4473515, 25.1730003], [121.4474293, 25.1730122], [121.4476875, 25.1730407], [121.4480107, 25.1730783], [121.4483281, 25.1730879], [121.4486933, 25.173099], [121.4490581, 25.1731354], [121.4494819, 25.1731026], [121.4495771, 25.1731099], [121.4496241, 25.1731609], [121.4496442, 25.1732203], [121.4496473, 25.1732968]]}}, {"type": "Feature", "properties": {"county": "新北市", "district": "八里區", "highway": "residential", "name": "水源街二段74巷"}, "geometry": {"type": "LineString", "coordinates": [[121.4522519, 25.1738086], [121.4522023, 25.1737782], [121.4517195, 25.1738049], [121.4513608, 25.173848], [121.451336, 25.1738771], [121.4512149, 25.1741282]]}}, {"type": "Feature", "properties": {"county": "新北市", "district": "八里區", "highway": "residential", "name": "學府路102巷"}, "geometry": {"type": "LineString", "coordinates": [[121.4525167, 25.1718628], [121.4525569, 25.1718009], [121.4527876, 25.1717256], [121.4530673, 25.1716384], [121.4534133, 25.1714369]]}}, {"type": "Feature", "properties": {"county": "新北市", "district": "八里區", "highway": "residential", "name": "鄧公路29巷"}, "geometry": {"type": "LineString", "coordinates": [[121.4527774, 25.1702774], [121.4513315, 25.1700905], [121.4510208, 25.1700921]]}}, {"type": "Feature", "properties": {"county": "新北市", "district": "八里區", "highway": "residential", "name": "水源街一段83巷"}, "geometry": {"type": "LineString", "coordinates": [[121.4484718, 25.1733084], [121.4482185, 25.1732734], [121.4477023, 25.1732021], [121.447481, 25.1731584], [121.4468691, 25.1730621], [121.4467442, 25.1730581], [121.4467128, 25.1730511], [121.4465154, 25.1730067], [121.4460081, 25.1728048], [121.4456958, 25.1726427], [121.4451137, 25.1723684], [121.4450065, 25.1722835]]}}, {"type": "Feature", "properties": {"county": "新北市", "district": "八里區", "highway": "residential", "name": "水源街二段92巷"}, "geometry": {"type": "LineString", "coordinates": [[121.4517617, 25.1743948], [121.4517814, 25.1743738], [121.4521168, 25.174052], [121.4522586, 25.1738947], [121.4522519, 25.1738086], [121.4522305, 25.1735173]]}}, {"type": "Feature", "properties": {"county": "新北市", "district": "八里區", "highway": "unclassified", "name": "學府路"}, "geometry": {"type": "LineString", "coordinates": [[121.4472814, 25.1735193], [121.44715, 25.1734319], [121.4470346, 25.1733712], [121.4466658, 25.1732953], [121.4461495, 25.1731236], [121.4456184, 25.1729319], [121.4453087, 25.1728893], [121.4451752, 25.1729082], [121.4450827, 25.1729635], [121.4450645, 25.1729743], [121.4449888, 25.1730611], [121.4449331, 25.1731637], [121.4449251, 25.173347], [121.4450474, 25.1737378], [121.4450974, 25.1738203], [121.4452395, 25.1740655], [121.4453106, 25.1741395], [121.4453951, 25.1741747], [121.4463643, 25.1742136]]}}, {"type": "Feature", "properties": {"county": "新北市", "district": "八里區", "highway": "residential", "name": "學府路136巷"}, "geometry": {"type": "LineString", "coordinates": [[121.4504831, 25.1730826], [121.450583, 25.173043], [121.450714, 25.1729911], [121.4507757, 25.1729666], [121.4508343, 25.1729434], [121.4508851, 25.1729232], [121.4510302, 25.1728657], [121.4514005, 25.1727473], [121.4514435, 25.1727571], [121.4516888, 25.1727027], [121.4517973, 25.1726786], [121.4521546, 25.1726555], [121.4527175, 25.1726916], [121.453156, 25.1727619], [121.4533693, 25.172825], [121.4534696, 25.172891]]}}, {"type": "Feature", "properties": {"county": "新北市", "district": "八里區", "highway": "residential", "name": "英專路122巷"}, "geometry": {"type": "LineString", "coordinates": [[121.4464242, 25.1726863], [121.4467715, 25.1726147], [121.4471175, 25.1725115]]}}, {"type": "Feature", "properties": {"county": "新北市", "district": "八里區", "highway": "residential", "name": "仁愛街2巷"}, "geometry": {"type": "LineString", "coordinates": [[121.4456443, 25.1704806], [121.4458924, 25.1705145], [121.4460871, 25.1705796], [121.4462159, 25.1706427], [121.4462856, 25.1707496], [121.4464959, 25.1712003], [121.4465189, 25.1712496], [121.4468481, 25.1719662]]}}, {"type": "Feature", "properties": {"county": "新北市", "district": "八里區", "highway": "tertiary", "name": "坪頂路"}, "geometry": {"type": "LineString", "coordinates": [[121.4844829, 25.157483], [121.4843817, 25.1574771], [121.4842225, 25.1574679], [121.4833436, 25.1577197], [121.4832377, 25.1577979], [121.4831871, 25.1578465], [121.4830013, 25.1580747], [121.4828036, 25.1583176], [121.4826042, 25.1584544], [121.4825772, 25.1584729], [121.4823857, 25.1585726], [121.4814621, 25.1590448], [121.4813647, 25.1590946], [121.4800098, 25.1597721], [121.4796676, 25.1598488], [121.4795098, 25.1599296], [121.4794993, 25.160034], [121.4795852, 25.1601019], [121.4798051, 25.1600971], [121.4802121, 25.1600308], [121.4802852, 25.1600947], [121.4802818, 25.1601959], [121.4802174, 25.1602615], [121.4799895, 25.1603343], [121.4797266, 25.1603538], [121.4790217, 25.1607307], [121.4784692, 25.1607696], [121.4781741, 25.1609152], [121.4778898, 25.1608958], [121.4776988, 25.1607325], [121.477525, 25.1607599], [121.4772675, 25.1608473], [121.47698, 25.1606839], [121.4768818, 25.1606555], [121.4767101, 25.1608303], [121.4766238, 25.1608764], [121.4764092, 25.1608473], [121.4762461, 25.1608109], [121.4755753, 25.1609225], [121.4755243, 25.1609929], [121.4755484, 25.1610706], [121.4756075, 25.1611192], [121.4757174, 25.161124], [121.4760742, 25.1609905], [121.4761895, 25.1609735], [121.4762863, 25.1609954], [121.4763212, 25.1610925], [121.4762646, 25.1611896], [121.4760742, 25.1612284], [121.475449, 25.1613085], [121.4752832, 25.1612114], [121.4750954, 25.1611969], [121.4749447, 25.1613182], [121.4748565, 25.1615054], [121.4745375, 25.1616193], [121.4739716, 25.1616678], [121.473529, 25.1619325], [121.4733251, 25.1618062], [121.4732018, 25.1618038], [121.4724449, 25.1622359], [121.4723032, 25.1622529], [121.4721906, 25.1621825], [121.4720967, 25.162032], [121.471984, 25.1619106], [121.4718124, 25.1618936], [121.4715656, 25.1620587], [121.4712089, 25.162134], [121.4709058, 25.162134], [121.4706425, 25.1621631], [121.4703742, 25.1622165], [121.4698812, 25.1620878], [121.4694815, 25.1620903], [121.4692432, 25.1621161], [121.4691007, 25.1621315], [121.4686849, 25.1621874], [121.468281, 25.1622054], [121.4679591, 25.1621083], [121.4671303, 25.1617562], [121.4656229, 25.1613387], [121.4652662, 25.161329], [121.4649604, 25.1614236], [121.4646265, 25.1616171], [121.4631051, 25.1628621], [121.4628503, 25.1630769], [121.4625137, 25.1632845], [121.4619645, 25.163608], [121.4616829, 25.1636905], [121.4615159, 25.1636923], [121.4613737, 25.1636693], [121.461157, 25.163594], [121.460457, 25.1633002], [121.4601405, 25.1632031], [121.459674, 25.1629991], [121.4591945, 25.1628569], [121.45888, 25.1627636], [121.458227, 25.1625783], [121.458142, 25.1625542], [121.458084, 25.1625319]]}}, {"type": "Feature", "properties": {"county": "新北市", "district": "八里區", "highway": "unclassified", "name": null}, "geometry": {"type": "LineString", "coordinates": [[121.3404752, 25.1254454], [121.340687, 25.1253343], [121.3408858, 25.1251441], [121.3415081, 25.1243026], [121.3415589, 25.1242319], [121.3416999, 25.1240355], [121.3419668, 25.123517], [121.3421534, 25.1231203], [121.3421886, 25.1230456], [121.3421947, 25.1230326], [121.3423534, 25.1227776], [121.342659, 25.1222468], [121.3429122, 25.1218183], [121.3432201, 25.1213325], [121.3432823, 25.1212293], [121.3434378, 25.1209476], [121.3435077, 25.1207826], [121.3435493, 25.1205652], [121.3435627, 25.1201803], [121.3435721, 25.1198961], [121.3436324, 25.1197055], [121.3438202, 25.1194335], [121.344155, 25.1192123], [121.3444089, 25.1190698], [121.3446808, 25.1189572], [121.3448193, 25.1189144], [121.3450616, 25.1189013], [121.3453048, 25.1188561], [121.3454657, 25.1188148], [121.3456786, 25.1187775], [121.3460326, 25.1187824], [121.3463347, 25.118793], [121.346678, 25.1188445], [121.3468265, 25.1188309], [121.3472091, 25.1186691], [121.3476339, 25.1184836], [121.3478636, 25.1184068], [121.3481301, 25.1183453], [121.3486978, 25.1182417], [121.3492888, 25.1181412], [121.3497385, 25.1180668], [121.3502008, 25.1180149], [121.3504466, 25.118011], [121.350764, 25.1179761], [121.350975, 25.1179187], [121.3511413, 25.1178798], [121.3513327, 25.1178012], [121.3515892, 25.1177123], [121.3517635, 25.1176831], [121.3519737, 25.1176506], [121.3521132, 25.1176628], [121.3524796, 25.1177299], [121.3526979, 25.1178037], [121.3528122, 25.1179047], [121.353016, 25.1180893], [121.3531083, 25.118157], [121.3532075, 25.1182117], [121.3534221, 25.1182068], [121.3536983, 25.118129], [121.3539414, 25.1180285], [121.3540551, 25.1178668], [121.3541024, 25.1177487], [121.3541265, 25.1175817], [121.3541597, 25.1173325], [121.3541936, 25.1171926], [121.3541811, 25.1170605], [121.3541811, 25.1168759], [121.3541734, 25.1168057], [121.3540524, 25.1166622], [121.3539397, 25.1166427], [121.353861, 25.1166923], [121.3537992, 25.116756], [121.3536045, 25.1169124], [121.3534587, 25.116991], [121.3533413, 25.1170795], [121.3531384, 25.1171808], [121.353007, 25.1172025], [121.3528664, 25.1171761], [121.352611, 25.1170741], [121.352528, 25.1170298], [121.3524679, 25.1169774], [121.3524591, 25.1169276], [121.3526818, 25.1169269], [121.3527167, 25.1168735], [121.35267, 25.1167973], [121.3524029, 25.1167448], [121.3521094, 25.1166612], [121.3519415, 25.1166233], [121.3516921, 25.116548], [121.3516561, 25.1164499], [121.3517564, 25.1162663], [121.3519672, 25.1162241], [121.3521588, 25.1162057], [121.3523106, 25.1161173], [121.3523251, 25.1160551], [121.3522355, 25.1159861], [121.3518036, 25.1157457], [121.3514292, 25.1154261], [121.3513263, 25.1153276], [121.3512146, 25.1151735], [121.3511825, 25.1150812], [121.3512093, 25.1150278], [121.3512897, 25.1150035], [121.3514829, 25.115018], [121.3516187, 25.1150459], [121.3517189, 25.1150909], [121.351971, 25.1151298], [121.3521052, 25.1151589], [121.3521642, 25.1151589], [121.3522178, 25.1151006], [121.3522473, 25.1150034], [121.3522732, 25.114939], [121.352368, 25.114848], [121.3524753, 25.1147655], [121.3525638, 25.114678], [121.3526067, 25.1145275], [121.3526202, 25.114406], [121.3526764, 25.1142749], [121.3527328, 25.1141631], [121.3527676, 25.1140818], [121.3527676, 25.1139943], [121.3527127, 25.1139264], [121.352644, 25.113868], [121.3525491, 25.1137916], [121.3524822, 25.1137007], [121.3523667, 25.1135414], [121.3522564, 25.1134685], [121.3521362, 25.1133899], [121.351861, 25.1130484], [121.3518326, 25.1129475], [121.3518211, 25.1128713], [121.3517742, 25.1126078], [121.3517725, 25.1124388], [121.3518262, 25.1122882], [121.3519764, 25.1121134], [121.3520244, 25.1120222], [121.3520904, 25.111913], [121.352383, 25.111702], [121.3525517, 25.1115766], [121.3530614, 25.1113726], [121.3533511, 25.1112687], [121.3536944, 25.1112201], [121.3539612, 25.1112221], [121.3541114, 25.1112172], [121.3543625, 25.1111142], [121.3549231, 25.1107426], [121.355077, 25.1105784], [121.3552152, 25.1104775], [121.3554311, 25.110389], [121.3556778, 25.1103404], [121.3560587, 25.1103793], [121.3562773, 25.110463], [121.3564771, 25.1105153], [121.3569223, 25.1106513], [121.3570312, 25.110728], [121.3571678, 25.1108042], [121.3573924, 25.1109475], [121.3575775, 25.1111946], [121.3576546, 25.1113337], [121.3578095, 25.1116761], [121.357833, 25.1116968], [121.3579074, 25.1116877], [121.3579396, 25.1116634], [121.3580279, 25.111611], [121.3580293, 25.1115102], [121.3580087, 25.1111394], [121.3581648, 25.11081], [121.358253, 25.1103505], [121.358363, 25.1100163], [121.3583724, 25.1099338], [121.3583429, 25.1097492], [121.3583448, 25.1095827], [121.3583128, 25.1093714], [121.3583348, 25.1087709], [121.3583759, 25.1085364], [121.3584935, 25.1082066], [121.3586025, 25.1079207], [121.3586524, 25.1078163], [121.3587052, 25.1075896], [121.3588428, 25.107324], [121.3591294, 25.1064855], [121.3591959, 25.1063797], [121.3594089, 25.1061892], [121.3597462, 25.1057912], [121.3601478, 25.1051066], [121.3602269, 25.1049232], [121.360302, 25.1046876], [121.3603851, 25.1044022], [121.3604428, 25.1042516], [121.3605716, 25.1039031], [121.3606037, 25.1037415], [121.3606252, 25.1035764], [121.3606306, 25.1033894], [121.3606413, 25.1032679], [121.3606721, 25.1031671], [121.360711, 25.1031113], [121.36077, 25.1030153], [121.3608384, 25.102855], [121.3609162, 25.1026206], [121.3610289, 25.1022187], [121.3610798, 25.1021264], [121.3611603, 25.1020256], [121.3612703, 25.1019187], [121.3613829, 25.1018009], [121.3614513, 25.1017499], [121.3615693, 25.1016746], [121.3616739, 25.1015969], [121.3617638, 25.1015046], [121.3618765, 25.1013661], [121.3619355, 25.1013187], [121.36202, 25.1012617], [121.3622036, 25.1011642], [121.3626342, 25.1008475], [121.3627482, 25.1007516], [121.3628273, 25.1006605], [121.36318, 25.1002063], [121.3632699, 25.1000873], [121.3633503, 25.099995], [121.3635005, 25.099865], [121.3636937, 25.0997254], [121.3639297, 25.0995833], [121.3641778, 25.09944], [121.364328, 25.0993392], [121.3644795, 25.0992396], [121.3646566, 25.0991546], [121.3650267, 25.0989943], [121.3651246, 25.0989408], [121.3653647, 25.0988], [121.3655578, 25.0986724], [121.3660741, 25.0982559], [121.3661197, 25.0981769], [121.3661559, 25.0980834], [121.3662015, 25.0980275], [121.3662941, 25.0979474], [121.3664416, 25.0978587], [121.3666562, 25.0978235], [121.3668667, 25.0978211], [121.3671121, 25.0978636], [121.3673772, 25.0978869], [121.3675078, 25.0978927], [121.3680496, 25.0977749], [121.3684331, 25.0976766], [121.368759, 25.0975624], [121.3690219, 25.09743], [121.369325, 25.0972478], [121.3694819, 25.0971835], [121.3696281, 25.0971531], [121.3698185, 25.0971555], [121.3701886, 25.0972126], [121.3705011, 25.0972697], [121.3707264, 25.0972563], [121.3712173, 25.0971507], [121.3717443, 25.097089], [121.3728802, 25.096909], [121.3730465, 25.0968543], [121.3732919, 25.096756], [121.3734354, 25.096705], [121.3736178, 25.096626], [121.3737439, 25.0965604], [121.3739062, 25.0964524], [121.3742334, 25.0962677], [121.374334, 25.0962277], [121.3744547, 25.0962216], [121.3746693, 25.0962459], [121.3748927, 25.0963013], [121.3752486, 25.0964341], [121.3754297, 25.0965507], [121.3756441, 25.0967245], [121.3757703, 25.0967876], [121.3759245, 25.0968373], [121.3760291, 25.0968871], [121.3760949, 25.0969722], [121.3761378, 25.0972056], [121.3771263, 25.0970718]]}}, {"type": "Feature", "properties": {"county": "新北市", "district": "八里區", "highway": "residential", "name": "三民街"}, "geometry": {"type": "LineString", "coordinates": [[121.4389227, 25.1716346], [121.4386748, 25.1714456], [121.4385188, 25.1713463]]}}, {"type": "Feature", "properties": {"county": "新北市", "district": "八里區", "highway": "residential", "name": "真理街4巷"}, "geometry": {"type": "LineString", "coordinates": [[121.4359082, 25.1741226], [121.4354066, 25.1743462], [121.4349036, 25.1745938], [121.4346985, 25.1747066], [121.4345267, 25.1747123], [121.4342801, 25.1747843], [121.4341687, 25.1748548], [121.4341218, 25.1749106]]}}, {"type": "Feature", "properties": {"county": "新北市", "district": "八里區", "highway": "residential", "name": "仁愛街"}, "geometry": {"type": "LineString", "coordinates": [[121.4614944, 25.097161], [121.4610385, 25.0963577], [121.4607504, 25.0959751], [121.4606112, 25.0958186], [121.460529, 25.0955537], [121.4605013, 25.0952365], [121.4605611, 25.0949336], [121.4605979, 25.0947312], [121.4606877, 25.094586], [121.4609006, 25.094273], [121.4611423, 25.0940216], [121.4614406, 25.0937361], [121.4617635, 25.0934271], [121.462135, 25.0930761], [121.4621883, 25.0930369], [121.4625387, 25.0927796], [121.4632282, 25.0924135], [121.4637274, 25.0921663], [121.4638252, 25.0921804]]}}, {"type": "Feature", "properties": {"county": "新北市", "district": "八里區", "highway": "residential", "name": "永安南路二段328巷"}, "geometry": {"type": "LineString", "coordinates": [[121.4569434, 25.0830018], [121.4567913, 25.083487], [121.4567595, 25.0836283], [121.456721, 25.0837997], [121.456749, 25.0839059], [121.4566897, 25.0840693], [121.4565375, 25.0845457]]}}, {"type": "Feature", "properties": {"county": "新北市", "district": "八里區", "highway": "primary", "name": "中正東路"}, "geometry": {"type": "LineString", "coordinates": [[121.4472863, 25.1675657], [121.447073, 25.1676968], [121.4466797, 25.1679212]]}}, {"type": "Feature", "properties": {"county": "新北市", "district": "八里區", "highway": "primary", "name": "文化路"}, "geometry": {"type": "LineString", "coordinates": [[121.4404313, 25.172346], [121.4402312, 25.1724303], [121.4400211, 25.1724964], [121.4399704, 25.1725084], [121.4399267, 25.1725248], [121.4398687, 25.1725468], [121.438863, 25.1729114]]}}, {"type": "Feature", "properties": {"county": "新北市", "district": "八里區", "highway": "tertiary", "name": "中興路二段182巷"}, "geometry": {"type": "LineString", "coordinates": [[121.4565806, 25.0805984], [121.4562435, 25.0817873], [121.4561214, 25.0822509], [121.4561124, 25.0822854], [121.4560358, 25.0826176], [121.456021, 25.0827552]]}}, {"type": "Feature", "properties": {"county": "新北市", "district": "八里區", "highway": "tertiary", "name": "環堤大道"}, "geometry": {"type": "LineString", "coordinates": [[121.456021, 25.0827552], [121.4560059, 25.083101], [121.4558898, 25.0834387], [121.4558456, 25.0836013], [121.4557697, 25.0838676], [121.4556956, 25.0840782], [121.4556044, 25.0844475], [121.4554428, 25.0851756], [121.4554175, 25.0854999], [121.4553855, 25.0858817], [121.4553784, 25.086115], [121.455382, 25.086536], [121.4554185, 25.0870323], [121.45546, 25.0872782], [121.4554904, 25.0875694], [121.4555236, 25.087776], [121.4555637, 25.0879915], [121.4556323, 25.088264], [121.455805, 25.0888114], [121.4559587, 25.0892138], [121.4560951, 25.0895485], [121.4563148, 25.0900031], [121.4564498, 25.0902566], [121.456585, 25.0904602], [121.4568525, 25.090893], [121.4568776, 25.0909373], [121.4570902, 25.0912649], [121.4572216, 25.0914731], [121.4573105, 25.0916376], [121.4575641, 25.0920245], [121.4577994, 25.0923864], [121.4580187, 25.092732], [121.4582447, 25.0930895], [121.4584995, 25.0934692], [121.4587483, 25.0938332], [121.4595476, 25.0950413], [121.4595726, 25.0950794]]}}, {"type": "Feature", "properties": {"county": "新北市", "district": "八里區", "highway": "tertiary", "name": "環堤大道"}, "geometry": {"type": "LineString", "coordinates": [[121.4596619, 25.0952604], [121.4596819, 25.0952965], [121.4601824, 25.0961199], [121.4608761, 25.097167], [121.4609563, 25.0973134]]}}, {"type": "Feature", "properties": {"county": "新北市", "district": "八里區", "highway": "tertiary", "name": "環堤大道"}, "geometry": {"type": "LineString", "coordinates": [[121.4595726, 25.0950794], [121.4596619, 25.0952604]]}}, {"type": "Feature", "properties": {"county": "新北市", "district": "八里區", "highway": "tertiary", "name": "中興路二段182巷"}, "geometry": {"type": "LineString", "coordinates": [[121.4575836, 25.0778796], [121.4575495, 25.0780164], [121.4573099, 25.0784595], [121.4570894, 25.0788673], [121.456883, 25.079356], [121.4568241, 25.0796449], [121.4567132, 25.080189], [121.4566661, 25.0804198], [121.4565806, 25.0805984]]}}, {"type": "Feature", "properties": {"county": "新北市", "district": "八里區", "highway": "tertiary_link", "name": "四號越堤道"}, "geometry": {"type": "LineString", "coordinates": [[121.4565806, 25.0805984], [121.4565973, 25.0804054], [121.4567878, 25.079356], [121.4567719, 25.0792219]]}}, {"type": "Feature", "properties": {"county": "新北市", "district": "八里區", "highway": "tertiary", "name": "環堤大道"}, "geometry": {"type": "LineString", "coordinates": [[121.4609563, 25.0973134], [121.4608082, 25.0971885], [121.460126, 25.0961741], [121.4598341, 25.0957194], [121.4596049, 25.0953349]]}}, {"type": "Feature", "properties": {"county": "新北市", "district": "八里區", "highway": "tertiary", "name": "環堤大道"}, "geometry": {"type": "LineString", "coordinates": [[121.4594689, 25.0951142], [121.4581665, 25.0931185], [121.4572457, 25.0917066], [121.4571431, 25.0915444], [121.456526, 25.0905587], [121.4564906, 25.0904965], [121.4562254, 25.0900307], [121.456022, 25.0896167], [121.4558656, 25.0892365], [121.4557119, 25.0888493], [121.455538, 25.0882738], [121.4554694, 25.0879904], [121.4554243, 25.0877273], [121.4553252, 25.0870225], [121.4552909, 25.0864398], [121.4552964, 25.0861515], [121.4552936, 25.0858658], [121.4553189, 25.0855481], [121.4553387, 25.0853033], [121.4553552, 25.0851723], [121.4555721, 25.0841272], [121.4558663, 25.0831502], [121.456021, 25.0827552]]}}, {"type": "Feature", "properties": {"county": "新北市", "district": "八里區", "highway": "tertiary", "name": "環堤大道"}, "geometry": {"type": "LineString", "coordinates": [[121.4596049, 25.0953349], [121.4595411, 25.0952391], [121.4594689, 25.0951142]]}}, {"type": "Feature", "properties": {"county": "新北市", "district": "八里區", "highway": "residential", "name": null}, "geometry": {"type": "LineString", "coordinates": [[121.4682674, 25.0761191], [121.4679597, 25.0761607], [121.4676914, 25.076219], [121.4674634, 25.0763453], [121.4671416, 25.0766441], [121.4668626, 25.0768846], [121.4666185, 25.0769841], [121.4661411, 25.0771786], [121.4654421, 25.0774537], [121.4647303, 25.0777155], [121.4646273, 25.0777756], [121.4644084, 25.0778151], [121.4633692, 25.0776462], [121.4632202, 25.0776751], [121.4631538, 25.077708], [121.4630485, 25.0777601], [121.462998, 25.0777908], [121.4627428, 25.0779459], [121.4622301, 25.0782274], [121.4621714, 25.0782596], [121.4619967, 25.078348], [121.4612702, 25.0786083], [121.4608708, 25.0787861], [121.4605071, 25.0790857], [121.4601866, 25.079416], [121.4599832, 25.079593], [121.4595563, 25.0798751], [121.4581213, 25.0805068], [121.457947, 25.0805991], [121.4576814, 25.080791], [121.4570967, 25.0812405], [121.4572952, 25.0814372], [121.4574382, 25.0815139]]}}, {"type": "Feature", "properties": {"county": "新北市", "district": "八里區", "highway": "unclassified", "name": "龍米路二段159巷"}, "geometry": {"type": "LineString", "coordinates": [[121.4392836, 25.1540806], [121.43923, 25.1540122], [121.4391882, 25.1539452], [121.4390089, 25.1537579], [121.4389744, 25.1536116], [121.4389509, 25.1535134], [121.4389161, 25.1533899], [121.438819, 25.1531335], [121.4387399, 25.1529684], [121.438638, 25.1527135], [121.4386219, 25.1526698], [121.4386152, 25.1526358], [121.4386272, 25.1525775], [121.4386795, 25.152478], [121.4387251, 25.1523991], [121.4387801, 25.1522886], [121.4387841, 25.1521721], [121.4387689, 25.1520836], [121.4387037, 25.1520228], [121.4386125, 25.1519693], [121.4384288, 25.151871], [121.4383617, 25.1518317], [121.4383215, 25.1517727], [121.4382966, 25.1517041], [121.438304, 25.1516258], [121.4383539, 25.1514479], [121.4383655, 25.1513174], [121.4383536, 25.1511904]]}}, {"type": "Feature", "properties": {"county": "新北市", "district": "八里區", "highway": "residential", "name": null}, "geometry": {"type": "LineString", "coordinates": [[121.4324005, 25.1425549], [121.4323515, 25.1425178], [121.4322805, 25.1424474], [121.4322323, 25.142352], [121.4322502, 25.1422395], [121.4322608, 25.1421569], [121.4322958, 25.1421064], [121.4323646, 25.1420791], [121.4324209, 25.1420491], [121.4325374, 25.1419079], [121.4325604, 25.1418292], [121.4325587, 25.141699], [121.4325201, 25.1416051], [121.4325003, 25.1415568], [121.4323501, 25.1414616], [121.4322776, 25.1413757], [121.4322228, 25.141281], [121.4320947, 25.1410241], [121.4320219, 25.1409565], [121.4318262, 25.140897], [121.4317215, 25.1408037], [121.4316507, 25.1406447], [121.4315185, 25.1405113], [121.4314421, 25.1403787], [121.4314036, 25.1402944], [121.4312848, 25.1401911], [121.4311693, 25.1401326], [121.4311083, 25.140147], [121.4310773, 25.1402153], [121.4310529, 25.1403265], [121.4309915, 25.1403771], [121.4309119, 25.1403726], [121.4305382, 25.1400449], [121.4304096, 25.1400021], [121.4301652, 25.1399676], [121.4299655, 25.1399132], [121.4298973, 25.1398668], [121.4299166, 25.1398233], [121.4303166, 25.1395166], [121.4304444, 25.1394932], [121.430693, 25.1394855]]}}, {"type": "Feature", "properties": {"county": "新北市", "district": "八里區", "highway": "unclassified", "name": null}, "geometry": {"type": "LineString", "coordinates": [[121.4242886, 25.1244005], [121.4243371, 25.1245458], [121.4244015, 25.1246326], [121.4244834, 25.124674], [121.4246073, 25.1246964], [121.4246702, 25.1247192], [121.4247143, 25.1247632], [121.4248345, 25.1250064], [121.4249093, 25.1250878], [121.4251071, 25.1250587], [121.4251573, 25.124992]]}}, {"type": "Feature", "properties": {"county": "新北市", "district": "八里區", "highway": "unclassified", "name": null}, "geometry": {"type": "LineString", "coordinates": [[121.4390919, 25.1473573], [121.4390009, 25.147412], [121.438893, 25.1474374], [121.438785, 25.1474653], [121.438677, 25.1474617], [121.4386388, 25.1474519], [121.4385729, 25.1474037], [121.4385034, 25.1473136], [121.4384049, 25.1472183], [121.4382754, 25.1471339], [121.438148, 25.1470538], [121.4379401, 25.1469603], [121.4377926, 25.1468778], [121.437725, 25.1468663], [121.4375968, 25.1469227], [121.4373956, 25.1470174], [121.4373014, 25.1470551], [121.4371958, 25.147055], [121.4368454, 25.1470201], [121.4366983, 25.1470653], [121.4365998, 25.147143], [121.4364682, 25.1472953], [121.4361793, 25.1474411], [121.4361236, 25.1474587], [121.4360611, 25.1474513], [121.4358468, 25.1473026], [121.4357609, 25.1472703], [121.4357026, 25.147299]]}}, {"type": "Feature", "properties": {"county": "新北市", "district": "八里區", "highway": "unclassified", "name": null}, "geometry": {"type": "LineString", "coordinates": [[121.4343014, 25.143766], [121.4342206, 25.1439637], [121.4341775, 25.1441489]]}}, {"type": "Feature", "properties": {"county": "新北市", "district": "八里區", "highway": "residential", "name": null}, "geometry": {"type": "LineString", "coordinates": [[121.4279919, 25.12232], [121.4280631, 25.122253], [121.4280519, 25.1221494]]}}, {"type": "Feature", "properties": {"county": "新北市", "district": "八里區", "highway": "residential", "name": null}, "geometry": {"type": "LineString", "coordinates": [[121.434239, 25.1429776], [121.4341861, 25.1428991], [121.4341365, 25.1427807], [121.4341229, 25.142694], [121.4341188, 25.1425976], [121.4340955, 25.1424994], [121.4340728, 25.1424626], [121.4340394, 25.1424307], [121.433944, 25.1424147], [121.4338779, 25.1423944], [121.4337626, 25.1423033]]}}, {"type": "Feature", "properties": {"county": "新北市", "district": "八里區", "highway": "unclassified", "name": "龍米路二段117巷"}, "geometry": {"type": "LineString", "coordinates": [[121.4472346, 25.1432052], [121.4471557, 25.1431709], [121.4466033, 25.1428639], [121.4463765, 25.1428112], [121.4462609, 25.1428183], [121.446159, 25.1428756], [121.4460281, 25.1430151], [121.4457936, 25.1429809], [121.4455601, 25.1430713], [121.4453047, 25.1429603], [121.4450405, 25.1428311], [121.4446847, 25.1427412], [121.4446226, 25.1427254], [121.4446615, 25.1426344], [121.4446481, 25.1425421], [121.4445341, 25.1422143], [121.4444402, 25.142048], [121.4443432, 25.1419058], [121.4439452, 25.1419723], [121.4435081, 25.1419594], [121.4433539, 25.1418938], [121.4434094, 25.1416651], [121.4434718, 25.1416399], [121.4437837, 25.1416137], [121.4439275, 25.1414392], [121.4438472, 25.1411679], [121.4435554, 25.1409541], [121.4433304, 25.1408896], [121.4431321, 25.1407605], [121.4428491, 25.1406818], [121.4426613, 25.1406367], [121.4425513, 25.140627], [121.442448, 25.1405978], [121.4423676, 25.1405857], [121.4421906, 25.140559], [121.4420632, 25.1405359], [121.4419532, 25.1404789], [121.441724, 25.1403349], [121.4416005, 25.1403016], [121.441465, 25.1402348], [121.4412583, 25.1400122], [121.4410556, 25.1398851], [121.440777, 25.1396594], [121.4406644, 25.139555], [121.4405477, 25.1394421], [121.4404498, 25.1393923], [121.4403184, 25.1393692], [121.4402285, 25.1393571], [121.4401279, 25.1393255], [121.4398302, 25.1391822], [121.4397377, 25.1391483], [121.4396827, 25.1391143], [121.4395539, 25.1390098], [121.4394507, 25.1389528], [121.4393083, 25.1388835], [121.4389545, 25.1387112], [121.4389078, 25.1386871], [121.4388861, 25.1386553], [121.4388753, 25.138608], [121.4388579, 25.1384477], [121.4388297, 25.1383251], [121.4386809, 25.1382073], [121.4385414, 25.1381333], [121.4383899, 25.1380592], [121.4383174, 25.1380022], [121.4382531, 25.1379475], [121.4382008, 25.1379111], [121.4380653, 25.1378662], [121.437958, 25.1378152], [121.437887, 25.1377557], [121.4377823, 25.1376088], [121.4377099, 25.137485], [121.4374611, 25.1375074], [121.4371553, 25.1376592], [121.4370815, 25.1376507], [121.4368241, 25.1374601]]}}, {"type": "Feature", "properties": {"county": "新北市", "district": "八里區", "highway": "unclassified", "name": null}, "geometry": {"type": "LineString", "coordinates": [[121.443314, 25.1434371], [121.4431903, 25.1433968], [121.4430235, 25.1434392], [121.4428416, 25.1435316], [121.4426877, 25.1437095], [121.442622, 25.1437483], [121.4425777, 25.1437482], [121.4424034, 25.1436657], [121.4421381, 25.1435072], [121.4419676, 25.1433586], [121.4419123, 25.1432906], [121.4418653, 25.1432275], [121.441809, 25.1431255], [121.4416602, 25.1428657], [121.4415046, 25.1427115], [121.4413074, 25.1425561], [121.4408266, 25.1423877], [121.4407187, 25.1423764], [121.4405913, 25.1423691], [121.4404719, 25.1423606], [121.4403745, 25.142342], [121.440252, 25.1422502], [121.4401153, 25.1421277], [121.4399704, 25.141875], [121.4399301, 25.1418435], [121.4398903, 25.1418271], [121.4398443, 25.1418265], [121.4398079, 25.1418453], [121.4397866, 25.141869], [121.4397813, 25.1419042], [121.4397802, 25.1419406], [121.4397912, 25.1419754], [121.4398899, 25.142079], [121.4399761, 25.1422033], [121.4399878, 25.1422732], [121.4399805, 25.1423394], [121.439965, 25.1423582], [121.4399462, 25.1423655], [121.43991, 25.1423594], [121.4398859, 25.1423424], [121.439737, 25.1421421], [121.439674, 25.1420802], [121.4395929, 25.1420187], [121.4395117, 25.1419661], [121.4394024, 25.1419219], [121.4389028, 25.1419248], [121.4384997, 25.1418792], [121.4383423, 25.1418253], [121.4382151, 25.1417621], [121.438074, 25.1416383], [121.4379341, 25.1415312], [121.4376568, 25.1414256], [121.4375886, 25.1413748], [121.4375365, 25.1413008], [121.4375094, 25.141132], [121.4374558, 25.1410191], [121.4373995, 25.1409511], [121.4371353, 25.14078], [121.4368518, 25.1406198], [121.4367826, 25.1405614], [121.4367336, 25.1404986], [121.4367182, 25.1404352], [121.4366914, 25.1402749], [121.4366041, 25.1401225], [121.4366806, 25.1400703], [121.4369018, 25.1400084], [121.4369662, 25.1399562], [121.4370292, 25.1399246], [121.4371312, 25.1397595], [121.4372143, 25.1396733], [121.4373055, 25.1396515], [121.4375335, 25.1396078], [121.4375899, 25.1395252], [121.4376435, 25.1393917], [121.4376784, 25.1393285], [121.4377321, 25.1392703], [121.437773, 25.1392587], [121.4378756, 25.13928], [121.4379721, 25.1393006], [121.4380579, 25.1393091], [121.4381719, 25.1393055], [121.4382658, 25.1392958], [121.4383342, 25.1392811], [121.4384133, 25.1392824], [121.4385609, 25.1393407], [121.4387178, 25.1394366], [121.438866, 25.1395489], [121.439065, 25.1396005], [121.4392662, 25.1399113], [121.4394526, 25.1399963], [121.4397047, 25.1402136], [121.4397883, 25.1402423], [121.4401312, 25.1403581], [121.4401674, 25.1405681], [121.4402519, 25.1407769], [121.4403632, 25.1409032], [121.4403747, 25.1410795], [121.4403868, 25.1411257], [121.4404243, 25.1411597], [121.4404753, 25.1411706], [121.4405571, 25.14119], [121.4406255, 25.1412337], [121.4406543, 25.1412886], [121.4406765, 25.1413211], [121.4407093, 25.1413536], [121.4407475, 25.1413818], [121.4408139, 25.1414003], [121.4408816, 25.1414134], [121.4409514, 25.1414185], [121.4409836, 25.1414258], [121.4410345, 25.1414519], [121.4410714, 25.1414902], [121.4411866, 25.1416132], [121.4412518, 25.1416489], [121.4413205, 25.1416603], [121.4413618, 25.1416598], [121.4414154, 25.1416526], [121.4415871, 25.1415894], [121.4416514, 25.1415773], [121.4417002, 25.1415818], [121.441756, 25.1415979], [121.4419653, 25.1416926], [121.4420417, 25.1417035], [121.442086, 25.1417072], [121.4421691, 25.1417254], [121.4423636, 25.141774], [121.4424025, 25.1417776], [121.4424588, 25.1417703], [121.4425862, 25.1417497], [121.4426774, 25.1417375], [121.4427216, 25.1417327], [121.4427578, 25.1417339], [121.4428048, 25.1417509], [121.442841, 25.1417837], [121.4430906, 25.141902], [121.4431857, 25.1419102], [121.4433539, 25.1418938]]}}, {"type": "Feature", "properties": {"county": "新北市", "district": "八里區", "highway": "tertiary", "name": "龍形五街"}, "geometry": {"type": "LineString", "coordinates": [[121.4509938, 25.1337528], [121.4509113, 25.1337259], [121.450847, 25.1337019], [121.4499447, 25.1334436], [121.4497646, 25.1333581], [121.4493868, 25.1330824], [121.4492657, 25.1332155], [121.4490783, 25.1334213], [121.4489902, 25.1335181], [121.4487184, 25.133631], [121.4484288, 25.133861], [121.4473616, 25.1338952], [121.4468336, 25.1344398], [121.4465952, 25.1348231], [121.4464548, 25.1349118], [121.4463339, 25.1349123], [121.4462097, 25.134817], [121.4461919, 25.1346274], [121.44631, 25.1340909], [121.4462654, 25.1337056], [121.4462186, 25.1334051], [121.446165, 25.1333781], [121.4460983, 25.1333446], [121.4450378, 25.1335221], [121.4444786, 25.133512], [121.4441555, 25.1335382], [121.4432265, 25.1338025], [121.4429769, 25.1339235], [121.442743, 25.1339517], [121.4416825, 25.1338952], [121.4416622, 25.1338925], [121.4407476, 25.1337704], [121.4405116, 25.1337704], [121.4400315, 25.1337947], [121.4384699, 25.1338437], [121.4383272, 25.1338488], [121.4379957, 25.1340763], [121.4377864, 25.1342487], [121.4376872, 25.1343653], [121.4376094, 25.134528], [121.4374404, 25.1350865], [121.4374324, 25.1351423], [121.4373412, 25.1351278], [121.4371352, 25.1350369], [121.4368032, 25.1349199], [121.4366966, 25.1348922], [121.4365572, 25.1348898]]}}, {"type": "Feature", "properties": {"county": "新北市", "district": "八里區", "highway": "unclassified", "name": null}, "geometry": {"type": "LineString", "coordinates": [[121.4369662, 25.1399562], [121.4369177, 25.1398547], [121.4368964, 25.1398273], [121.4368092, 25.139769], [121.4365638, 25.139616], [121.4364592, 25.1394764], [121.4364162, 25.1393987], [121.4363841, 25.1392372], [121.4363787, 25.1391753], [121.4363049, 25.139117], [121.4362245, 25.1390733], [121.4361145, 25.139009], [121.4360944, 25.1389204], [121.4360662, 25.1387164], [121.4360474, 25.1386472], [121.4360166, 25.1385744], [121.4359603, 25.1385331], [121.4357802, 25.1384362]]}}, {"type": "Feature", "properties": {"county": "新北市", "district": "八里區", "highway": "tertiary", "name": null}, "geometry": {"type": "LineString", "coordinates": [[121.3995415, 25.0887594], [121.3994919, 25.0888437], [121.3993681, 25.0889707], [121.3992049, 25.0890855], [121.3990601, 25.0893113], [121.3990301, 25.0895391], [121.399039, 25.0897854], [121.3990837, 25.0900322], [121.399091, 25.0902029], [121.3990924, 25.090985], [121.3991132, 25.0911629], [121.3991669, 25.0913439], [121.3992763, 25.0916996], [121.3994405, 25.0920265], [121.3995389, 25.0922836], [121.3996443, 25.0925487], [121.3997136, 25.0928777], [121.3997244, 25.0930606], [121.3997482, 25.0932324], [121.3998059, 25.0933977], [121.3998506, 25.093493], [121.3998881, 25.0936498], [121.3998911, 25.0938544], [121.3999081, 25.094088], [121.3999903, 25.094294], [121.4000807, 25.0945496], [121.4000858, 25.0949393], [121.400093, 25.0950915], [121.4001023, 25.0952515], [121.4003189, 25.096326], [121.400276, 25.0965009], [121.4001419, 25.0967438], [121.4000695, 25.0969187], [121.4001821, 25.097475], [121.4002492, 25.0977786], [121.4002116, 25.0980822], [121.4000163, 25.0984081], [121.3998576, 25.0985777], [121.399812, 25.0986992], [121.3997208, 25.0991218], [121.3996269, 25.0992432], [121.3994874, 25.0993963], [121.3992058, 25.0996562], [121.3991097, 25.0998023], [121.3989966, 25.100281], [121.3989684, 25.1003952], [121.3989221, 25.1005336], [121.3987692, 25.1007716], [121.3987183, 25.1009028], [121.3986988, 25.1010036], [121.3987029, 25.1011165], [121.3987324, 25.1015027], [121.398731, 25.1016424], [121.3987136, 25.1017311], [121.3986787, 25.1018282], [121.3984226, 25.102365], [121.3983823, 25.1024719], [121.3983595, 25.1025642], [121.3982157, 25.1030814], [121.3980229, 25.1038551], [121.3979934, 25.1039304], [121.3979545, 25.1039996], [121.3979022, 25.1040676], [121.3975595, 25.1044611]]}}, {"type": "Feature", "properties": {"county": "新北市", "district": "八里區", "highway": "residential", "name": "仁三街"}, "geometry": {"type": "LineString", "coordinates": [[121.4069554, 25.1577687], [121.4077335, 25.157036], [121.4087324, 25.1560913]]}}, {"type": "Feature", "properties": {"county": "新北市", "district": "八里區", "highway": "unclassified", "name": null}, "geometry": {"type": "LineString", "coordinates": [[121.4055274, 25.1565693], [121.4054252, 25.1566592], [121.4053756, 25.156658], [121.4053353, 25.1566265], [121.4049172, 25.1562189]]}}, {"type": "Feature", "properties": {"county": "新北市", "district": "八里區", "highway": "unclassified", "name": null}, "geometry": {"type": "LineString", "coordinates": [[121.4333247, 25.1537697], [121.4333616, 25.1537124], [121.4339243, 25.1536495], [121.4343336, 25.1535383], [121.4343698, 25.1534922], [121.43441, 25.1534102], [121.4344176, 25.1533178], [121.4343363, 25.1530795], [121.4343229, 25.1529908], [121.4343054, 25.1526849], [121.4342829, 25.1525839], [121.4341579, 25.1521416], [121.4341056, 25.1520403], [121.4339732, 25.1517946]]}}, {"type": "Feature", "properties": {"county": "新北市", "district": "八里區", "highway": "unclassified", "name": null}, "geometry": {"type": "LineString", "coordinates": [[121.4255057, 25.1518616], [121.425628, 25.1518643], [121.4259073, 25.1514434], [121.4260089, 25.1509781], [121.4260679, 25.1508068], [121.426084, 25.1507534], [121.4261121, 25.1505058], [121.4261403, 25.1504548], [121.4262261, 25.1503735], [121.4264313, 25.1502023], [121.4266808, 25.1500141], [121.4267975, 25.1499182], [121.4268565, 25.1498405], [121.4268833, 25.1497701], [121.4268753, 25.1497252], [121.4266956, 25.1495383], [121.4266486, 25.1494557], [121.4266044, 25.1492894], [121.4265151, 25.1490891], [121.4264434, 25.1490272], [121.4263375, 25.1489459], [121.4262946, 25.1488621], [121.4262677, 25.1487978], [121.4262691, 25.1487571], [121.426347, 25.1486654], [121.4264072, 25.1486618], [121.4264654, 25.1486725], [121.4266254, 25.1487725], [121.4267975, 25.1487941], [121.426945, 25.1488026], [121.4270389, 25.1487104], [121.4270939, 25.1486436], [121.4271556, 25.1486205], [121.4272052, 25.1486072], [121.4274052, 25.1486392], [121.4278109, 25.1488493], [121.4279858, 25.1489005], [121.4281565, 25.1489248], [121.4283007, 25.14892], [121.428612, 25.1488173], [121.4288855, 25.1487198], [121.428929, 25.1487057], [121.4293909, 25.1484556], [121.4297119, 25.1482794], [121.4298593, 25.1481103], [121.4298887, 25.1480148], [121.4297788, 25.1475219], [121.4295762, 25.1468135], [121.4295749, 25.1467152], [121.4296205, 25.1466411], [121.4296741, 25.1466193], [121.4299444, 25.1465264]]}}, {"type": "Feature", "properties": {"county": "新北市", "district": "八里區", "highway": "unclassified", "name": null}, "geometry": {"type": "LineString", "coordinates": [[121.4341579, 25.1521416], [121.4345392, 25.1520573], [121.4347511, 25.1520311], [121.434968, 25.152183], [121.4351562, 25.1523677], [121.435285, 25.1524487], [121.4353576, 25.1524507], [121.4354221, 25.1524259], [121.4357104, 25.152277]]}}, {"type": "Feature", "properties": {"county": "新北市", "district": "八里區", "highway": "residential", "name": "中正東路一段3巷"}, "geometry": {"type": "LineString", "coordinates": [[121.45051, 25.1645963], [121.4506041, 25.1646259]]}}, {"type": "Feature", "properties": {"county": "新北市", "district": "八里區", "highway": "residential", "name": "永安南路二段"}, "geometry": {"type": "LineString", "coordinates": [[121.4574382, 25.0815139], [121.4573337, 25.081728], [121.4572565, 25.0819119], [121.4571536, 25.0823116], [121.4569434, 25.0830018], [121.456021, 25.0827552]]}}, {"type": "Feature", "properties": {"county": "新北市", "district": "八里區", "highway": "tertiary", "name": "新五路三段"}, "geometry": {"type": "LineString", "coordinates": [[121.443927, 25.0871627], [121.444547, 25.0879417]]}}, {"type": "Feature", "properties": {"county": "新北市", "district": "八里區", "highway": "tertiary", "name": "新五路三段"}, "geometry": {"type": "LineString", "coordinates": [[121.444547, 25.0879417], [121.4458757, 25.0895673], [121.4466139, 25.0905088], [121.4469698, 25.0909628], [121.4474554, 25.0915904], [121.4474945, 25.091641]]}}, {"type": "Feature", "properties": {"county": "新北市", "district": "八里區", "highway": "tertiary", "name": "新五路三段"}, "geometry": {"type": "LineString", "coordinates": [[121.4473823, 25.0917203], [121.4473374, 25.0916659], [121.4469816, 25.0912349], [121.446515, 25.0906405], [121.445761, 25.0896528], [121.4451508, 25.0888535], [121.4450243, 25.088703], [121.4447635, 25.0883987]]}}, {"type": "Feature", "properties": {"county": "新北市", "district": "八里區", "highway": "tertiary", "name": "新五路三段"}, "geometry": {"type": "LineString", "coordinates": [[121.4447635, 25.0883987], [121.444691, 25.0883275], [121.444597, 25.0882952], [121.4444389, 25.0882673], [121.4442785, 25.0882505]]}}, {"type": "Feature", "properties": {"county": "新北市", "district": "八里區", "highway": "tertiary", "name": "工商路"}, "geometry": {"type": "LineString", "coordinates": [[121.4338151, 25.0870688], [121.43484, 25.0866347], [121.4355675, 25.0862285], [121.4367137, 25.0856986], [121.4369686, 25.0855868], [121.4372355, 25.0854634], [121.4380508, 25.0850925], [121.4387007, 25.0847841]]}}, {"type": "Feature", "properties": {"county": "新北市", "district": "八里區", "highway": "secondary", "name": "五洲橋"}, "geometry": {"type": "LineString", "coordinates": [[121.4399385, 25.0868379], [121.4400245, 25.0869649]]}}, {"type": "Feature", "properties": {"county": "新北市", "district": "八里區", "highway": "secondary", "name": "成泰路二段"}, "geometry": {"type": "LineString", "coordinates": [[121.4400245, 25.0869649], [121.4400446, 25.0869938], [121.4401082, 25.0871269], [121.4402463, 25.0872429], [121.4404448, 25.0873401], [121.4406976, 25.0874294], [121.4409142, 25.0874852]]}}, {"type": "Feature", "properties": {"county": "新北市", "district": "八里區", "highway": "residential", "name": "五福路"}, "geometry": {"type": "LineString", "coordinates": [[121.4338151, 25.0870688], [121.434297, 25.088161]]}}, {"type": "Feature", "properties": {"county": "新北市", "district": "八里區", "highway": "residential", "name": "五福路"}, "geometry": {"type": "LineString", "coordinates": [[121.4343247, 25.0883365], [121.4343263, 25.0883904], [121.4342772, 25.0886087], [121.4341977, 25.088831], [121.4340315, 25.0891067], [121.433838, 25.0893429], [121.4335474, 25.0895498], [121.4330507, 25.0899174], [121.4327359, 25.0901366], [121.4326652, 25.090192], [121.4324679, 25.0903466], [121.4324199, 25.0903947], [121.4323871, 25.09044], [121.4323551, 25.0905073], [121.4321766, 25.0910089], [121.4321003, 25.091213]]}}, {"type": "Feature", "properties": {"county": "新北市", "district": "八里區", "highway": "residential", "name": "五福路"}, "geometry": {"type": "LineString", "coordinates": [[121.434297, 25.088161], [121.4343247, 25.0883365]]}}, {"type": "Feature", "properties": {"county": "新北市", "district": "八里區", "highway": "unclassified", "name": null}, "geometry": {"type": "LineString", "coordinates": [[121.428138, 25.0914665], [121.4284045, 25.0912741], [121.4285966, 25.0913133]]}}, {"type": "Feature", "properties": {"county": "新北市", "district": "八里區", "highway": "unclassified", "name": null}, "geometry": {"type": "LineString", "coordinates": [[121.4285966, 25.0913133], [121.4287108, 25.0913288]]}}, {"type": "Feature", "properties": {"county": "新北市", "district": "八里區", "highway": "unclassified", "name": "民義路一段220巷"}, "geometry": {"type": "LineString", "coordinates": [[121.4287108, 25.0913288], [121.4287851, 25.0913446], [121.4288254, 25.0912509], [121.4289123, 25.0911203], [121.4289994, 25.0910437], [121.4291303, 25.0909819], [121.4293312, 25.090922], [121.4293706, 25.0909228]]}}, {"type": "Feature", "properties": {"county": "新北市", "district": "八里區", "highway": "unclassified", "name": null}, "geometry": {"type": "LineString", "coordinates": [[121.4293706, 25.0909228], [121.4293827, 25.0908828]]}}, {"type": "Feature", "properties": {"county": "新北市", "district": "八里區", "highway": "unclassified", "name": "俊成橋"}, "geometry": {"type": "LineString", "coordinates": [[121.4293827, 25.0908828], [121.4294252, 25.0906835]]}}, {"type": "Feature", "properties": {"county": "新北市", "district": "八里區", "highway": "unclassified", "name": "民義路一段220巷"}, "geometry": {"type": "LineString", "coordinates": [[121.4294252, 25.0906835], [121.4293407, 25.0903697], [121.4293179, 25.090289]]}}, {"type": "Feature", "properties": {"county": "新北市", "district": "八里區", "highway": "unclassified", "name": "學府路"}, "geometry": {"type": "LineString", "coordinates": [[121.4463643, 25.1742136], [121.446556, 25.1745897], [121.4466294, 25.1747241], [121.4464819, 25.175081], [121.4464041, 25.1752764], [121.4464014, 25.1754354], [121.4464171, 25.1755133], [121.446447, 25.175683], [121.4465744, 25.17595], [121.4467541, 25.1761321], [121.4469821, 25.176285], [121.4471377, 25.1763457], [121.4473817, 25.1763894], [121.4475977, 25.1763991], [121.4476385, 25.1763986], [121.4480186, 25.176394], [121.4480511, 25.1763936], [121.4480894, 25.1764257], [121.4481095, 25.1764547], [121.44813, 25.176495], [121.4481347, 25.1765292]]}}, {"type": "Feature", "properties": {"county": "新北市", "district": "八里區", "highway": "unclassified", "name": "下罟子產業道路"}, "geometry": {"type": "LineString", "coordinates": [[121.3742868, 25.1227455], [121.3742954, 25.1228714], [121.3742093, 25.1231594], [121.3741583, 25.1233476], [121.3741117, 25.1234822], [121.3740993, 25.1237508], [121.3741033, 25.1239572], [121.3741297, 25.1241979], [121.3741967, 25.1249453], [121.3741415, 25.1256116], [121.3740738, 25.1259613], [121.3740537, 25.1261203], [121.3740389, 25.1262828], [121.3741154, 25.126538], [121.3741562, 25.1266968], [121.3742844, 25.12698], [121.3744043, 25.1273033], [121.3747922, 25.1275488], [121.3748128, 25.1276004], [121.3748055, 25.1276893], [121.3746921, 25.1278724], [121.3746069, 25.1280582], [121.3746601, 25.1283514], [121.3749314, 25.1286973], [121.3751949, 25.1289296], [121.3754036, 25.1291278], [121.3754138, 25.1293044], [121.3755507, 25.1297721], [121.3758141, 25.1300849], [121.3764744, 25.1310141], [121.3766308, 25.1311645], [121.3768633, 25.1313003]]}}, {"type": "Feature", "properties": {"county": "新北市", "district": "八里區", "highway": "tertiary", "name": null}, "geometry": {"type": "LineString", "coordinates": [[121.3823767, 25.1405153], [121.3824822, 25.1402882], [121.3826211, 25.140026], [121.3826445, 25.1397419], [121.3826445, 25.1395647], [121.3826684, 25.1394037], [121.3826732, 25.1393711], [121.3827303, 25.1391543], [121.3827971, 25.1389505], [121.3829637, 25.1387027], [121.383185, 25.13846], [121.3834103, 25.138421], [121.383583, 25.1383833], [121.383763, 25.1381734], [121.3838148, 25.1381086], [121.3838634, 25.1376646], [121.3838593, 25.1372462], [121.3838781, 25.1371443], [121.383957, 25.1370128], [121.3840309, 25.1369337], [121.3841207, 25.136813], [121.3841835, 25.1367227], [121.384294, 25.136581], [121.3844023, 25.1365192], [121.3845951, 25.1364891], [121.3849386, 25.1364836], [121.3857582, 25.1365726], [121.385958, 25.1366045], [121.3861691, 25.1366305], [121.386069, 25.1360372], [121.3859379, 25.1350984], [121.3859325, 25.1349163], [121.3860023, 25.1347888], [121.386178, 25.1346116], [121.3862249, 25.1345132], [121.3862229, 25.134396], [121.3862014, 25.1341459], [121.3861853, 25.1340002], [121.3862022, 25.1338928], [121.3863517, 25.1333357], [121.3863499, 25.1332575], [121.386349, 25.1332159], [121.3863195, 25.1329857], [121.3863248, 25.132808], [121.3863442, 25.1326318], [121.3863836, 25.1325455], [121.3864267, 25.132451], [121.3865469, 25.1322738], [121.3870365, 25.1314731], [121.387362, 25.131042], [121.3881309, 25.1303299], [121.388426, 25.1298467], [121.3885923, 25.129344], [121.3886486, 25.1292347], [121.3888685, 25.1290332], [121.3893406, 25.1286543], [121.3894264, 25.1285378], [121.3895901, 25.1281492], [121.3896652, 25.1279501], [121.3897456, 25.1278044], [121.3898717, 25.1276903], [121.3901828, 25.1275421], [121.3907903, 25.1273564]]}}, {"type": "Feature", "properties": {"county": "新北市", "district": "八里區", "highway": "unclassified", "name": null}, "geometry": {"type": "LineString", "coordinates": [[121.3816668, 25.1274858], [121.3813521, 25.127576], [121.3813124, 25.1275664], [121.3812439, 25.1274886], [121.3811394, 25.1273515], [121.3810254, 25.1272386], [121.3808619, 25.1270969], [121.3807658, 25.1269665], [121.3806902, 25.1269132], [121.3805823, 25.1268697], [121.3805185, 25.1268488], [121.380455, 25.1268217], [121.380379, 25.1267286], [121.3802825, 25.1266315], [121.3801328, 25.1265542], [121.3800593, 25.1265108], [121.3799791, 25.1264634], [121.3798919, 25.1263807], [121.3797282, 25.1261531], [121.3796766, 25.1258577], [121.3797198, 25.1254403], [121.3798145, 25.1253695], [121.3799647, 25.1253452], [121.3801109, 25.1252949], [121.3801685, 25.1252234], [121.3802039, 25.1251052], [121.3801912, 25.1249706], [121.3802087, 25.1248557], [121.3802683, 25.124745]]}}, {"type": "Feature", "properties": {"county": "新北市", "district": "八里區", "highway": "unclassified", "name": null}, "geometry": {"type": "LineString", "coordinates": [[121.3884444, 25.1418738], [121.3880098, 25.1418017], [121.3872689, 25.1415783], [121.3861946, 25.1412544], [121.385784, 25.1412692], [121.3852288, 25.141342], [121.384928, 25.1414034], [121.384885, 25.1414979]]}}, {"type": "Feature", "properties": {"county": "新北市", "district": "八里區", "highway": "unclassified", "name": null}, "geometry": {"type": "LineString", "coordinates": [[121.3817678, 25.1232251], [121.3815953, 25.1232296], [121.3814693, 25.1232942], [121.3813743, 25.1233689], [121.3813245, 25.1234594], [121.3813015, 25.1235447], [121.3812785, 25.1237095], [121.3812762, 25.1238224], [121.3812736, 25.1239346], [121.381177, 25.1240738], [121.3811426, 25.1241574], [121.3811746, 25.1242377], [121.3814526, 25.1244288], [121.3815157, 25.1246012], [121.3814788, 25.1249509], [121.3814002, 25.1252722], [121.3816309, 25.1255824], [121.3816725, 25.1256504], [121.3817101, 25.1258241], [121.3815518, 25.1260195], [121.3813413, 25.1263547], [121.3813064, 25.1264858], [121.3813158, 25.126565], [121.3814076, 25.1268108], [121.3814618, 25.1269561], [121.3813983, 25.127088], [121.3813932, 25.1271702], [121.381401, 25.1272337], [121.3814418, 25.1272959], [121.3815431, 25.1273989], [121.3816157, 25.1274532], [121.3816668, 25.1274858], [121.3817365, 25.1275476], [121.3817805, 25.1276939], [121.3817848, 25.1278114], [121.3817805, 25.1280048], [121.3817976, 25.1281819], [121.3818261, 25.1283362], [121.3818602, 25.1284573], [121.3818812, 25.1285055], [121.3819344, 25.1286273]]}}, {"type": "Feature", "properties": {"county": "新北市", "district": "八里區", "highway": "residential", "name": "荖阡坑路"}, "geometry": {"type": "LineString", "coordinates": [[121.3999932, 25.140877], [121.4002557, 25.1405155], [121.4004048, 25.1403101], [121.4006041, 25.1400357], [121.4009198, 25.1402301], [121.4009519, 25.1402461], [121.4009888, 25.140249], [121.4010707, 25.1402199], [121.4015088, 25.1400209], [121.4015987, 25.1399628], [121.4016509, 25.1399029], [121.4016909, 25.1398412], [121.4017108, 25.1397862], [121.4017168, 25.1397038], [121.4017267, 25.1396195], [121.4017356, 25.1395683], [121.4018907, 25.1390548], [121.4019196, 25.1389444], [121.4019212, 25.138911], [121.4019116, 25.138882], [121.4018923, 25.13885], [121.4018237, 25.1387954], [121.4018014, 25.1387742], [121.4017854, 25.1387487], [121.4017816, 25.138717], [121.4017928, 25.1386902], [121.4022053, 25.1382558], [121.4022406, 25.138234], [121.4022646, 25.1382276]]}}, {"type": "Feature", "properties": {"county": "新北市", "district": "八里區", "highway": "tertiary", "name": "中直路"}, "geometry": {"type": "LineString", "coordinates": [[121.4233712, 25.1125375], [121.423315, 25.1125823], [121.4231466, 25.1126821], [121.4230168, 25.1127905], [121.4228889, 25.1129258], [121.4227563, 25.1130453], [121.4226147, 25.1132036], [121.4225444, 25.1132857], [121.422412, 25.1133998], [121.4222332, 25.1135189], [121.4220884, 25.113633], [121.4219819, 25.113715], [121.4218774, 25.1137648], [121.4217111, 25.1137934], [121.4215546, 25.113854], [121.4214638, 25.1139224], [121.4213937, 25.1140143], [121.4212904, 25.1140429], [121.4211669, 25.1140171], [121.4210558, 25.1140072], [121.4208356, 25.1140388], [121.4207624, 25.1140847], [121.420661, 25.1142097], [121.4205287, 25.114452], [121.4203005, 25.1146636], [121.4202076, 25.1147682], [121.4200246, 25.1149671], [121.4199513, 25.1150946], [121.4198302, 25.1153904], [121.4197479, 25.1157042], [121.4197451, 25.1159413], [121.4197084, 25.1161173], [121.4196838, 25.1161844], [121.4196578, 25.116255], [121.4195705, 25.116538], [121.4194522, 25.1167548], [121.4194127, 25.1168874], [121.419455, 25.1169307], [121.4194803, 25.1169715], [121.4194229, 25.1171598], [121.4193029, 25.1172775], [121.4191628, 25.117436], [121.4189762, 25.1176269], [121.4188463, 25.1177663], [121.4184417, 25.1179955], [121.418348, 25.1180515], [121.4181411, 25.1181622], [121.4179142, 25.1182836], [121.4178539, 25.1183771], [121.4178445, 25.1184317], [121.4178874, 25.1185009], [121.4179437, 25.1185677], [121.4179772, 25.1186224], [121.4179276, 25.1188519], [121.4179209, 25.1188944], [121.4179035, 25.1191093], [121.4179182, 25.1192332], [121.4179585, 25.1193667], [121.4179717, 25.1195798], [121.4179263, 25.1197116], [121.4178592, 25.1198233], [121.4176889, 25.1199787], [121.4175669, 25.120088], [121.4174287, 25.1201936], [121.4173281, 25.1202422], [121.4171632, 25.1202811], [121.4168749, 25.1203066], [121.4167716, 25.1202531], [121.4166308, 25.1202106], [121.4164068, 25.1202604], [121.4161265, 25.1203175], [121.4159347, 25.1203636], [121.4157242, 25.1204122], [121.41557, 25.1204729], [121.4155364, 25.1204936], [121.4155008, 25.1205569], [121.4155163, 25.1206296], [121.4155968, 25.1206781], [121.4156705, 25.1206939], [121.4157939, 25.1207024], [121.4159414, 25.1207182], [121.4159981, 25.1207464], [121.4160984, 25.1207668], [121.4161547, 25.1208008], [121.416152, 25.12087], [121.4160796, 25.1209186], [121.4158717, 25.1209477], [121.4156705, 25.1209683], [121.4155431, 25.1210618], [121.4154372, 25.1210157], [121.4153326, 25.1210339], [121.4151918, 25.1211031], [121.4151019, 25.1212343], [121.4150644, 25.121352], [121.4150281, 25.1215184], [121.4150603, 25.121686], [121.4150939, 25.1217892], [121.4151796, 25.1219884], [121.4151734, 25.122251], [121.4150982, 25.1223109]]}}, {"type": "Feature", "properties": {"county": "新北市", "district": "八里區", "highway": "residential", "name": "御成路"}, "geometry": {"type": "LineString", "coordinates": [[121.4422144, 25.0902472], [121.4420352, 25.0905309], [121.4419051, 25.090841], [121.4417012, 25.0914155], [121.4416592, 25.0915982], [121.4416604, 25.0916768], [121.4416811, 25.0919694], [121.4416952, 25.0922745], [121.4416967, 25.0923081], [121.4417052, 25.092494], [121.4417072, 25.0925378], [121.44172, 25.0928535], [121.4417098, 25.0931398], [121.4416704, 25.0933102], [121.4416429, 25.0934218], [121.4415282, 25.0937572], [121.4414054, 25.0939962], [121.4412028, 25.0941905], [121.4408979, 25.0944376]]}}, {"type": "Feature", "properties": {"county": "新北市", "district": "八里區", "highway": "tertiary", "name": "疏洪四路"}, "geometry": {"type": "LineString", "coordinates": [[121.4554257, 25.0973688], [121.455465, 25.0973916], [121.4555163, 25.0974047], [121.4556095, 25.0974095], [121.4557068, 25.0974083], [121.4562486, 25.0973773], [121.456481, 25.097364], [121.4567346, 25.0973516], [121.4570943, 25.0973853], [121.4574911, 25.097492], [121.4577749, 25.0975771], [121.4579326, 25.0976209], [121.4579939, 25.0976339]]}}, {"type": "Feature", "properties": {"county": "新北市", "district": "八里區", "highway": "tertiary", "name": "御史路"}, "geometry": {"type": "LineString", "coordinates": [[121.4422144, 25.0902472], [121.4421952, 25.0904752], [121.4421037, 25.0907962], [121.4420419, 25.090947], [121.4419894, 25.0911084], [121.4419951, 25.0912432], [121.4420318, 25.0913683], [121.4421253, 25.0916705], [121.4422248, 25.0919596], [121.4422998, 25.0922256], [121.4423069, 25.0922739], [121.4423435, 25.0925216], [121.4423467, 25.0927381], [121.4423183, 25.0928379], [121.4422741, 25.093122], [121.4422157, 25.0932681], [121.4420902, 25.0934061], [121.4419478, 25.0936453], [121.4418717, 25.093773], [121.4417721, 25.0938964], [121.4416774, 25.0940138], [121.441643, 25.0941497], [121.4415928, 25.0943481], [121.4415355, 25.0944231], [121.4413571, 25.0945842], [121.4412722, 25.0946402], [121.4410684, 25.0947289], [121.440872, 25.0948198], [121.4407058, 25.0948778], [121.4405691, 25.0948983], [121.4401386, 25.0949603], [121.4399555, 25.0950309], [121.4393764, 25.095305], [121.43884, 25.0955589], [121.4375462, 25.0962213], [121.4373565, 25.0963327], [121.4371202, 25.0965404], [121.4369271, 25.0967299], [121.4367272, 25.0969218], [121.436408, 25.0972105], [121.4362794, 25.0973748], [121.4361265, 25.0975521], [121.4359682, 25.097727], [121.4357834, 25.0979219], [121.4354492, 25.0981119], [121.4351529, 25.09829], [121.4350542, 25.0983991], [121.4350012, 25.0984909], [121.4349571, 25.0985636], [121.434851, 25.0986087], [121.4347116, 25.0986257], [121.4345712, 25.0986516], [121.4344326, 25.098701], [121.4343467, 25.0987326], [121.4342394, 25.0987739], [121.4341497, 25.0987849], [121.433872, 25.0987083], [121.4336118, 25.0986692], [121.4334616, 25.0986889], [121.4333172, 25.0987513], [121.433172, 25.0988176], [121.4330795, 25.0988886], [121.4329011, 25.0990319], [121.4327965, 25.0990793], [121.4326864, 25.0991024], [121.4325776, 25.0991131], [121.4324222, 25.0990914], [121.4323338, 25.0991047], [121.4322573, 25.0991339], [121.4321836, 25.0991935], [121.4320468, 25.0993525], [121.431969, 25.0994812], [121.4318792, 25.0997047], [121.4317719, 25.0998116], [121.4317061, 25.0998966], [121.431623, 25.0999926], [121.4315707, 25.1000739], [121.4315331, 25.1001687], [121.4315023, 25.1002452], [121.4314607, 25.1003266], [121.4314044, 25.1004225], [121.4313816, 25.1004929], [121.4313655, 25.1006205], [121.4313413, 25.10068], [121.4313024, 25.1007079], [121.4312139, 25.1007541], [121.431065, 25.1008111], [121.4309886, 25.1008998], [121.430941, 25.1009988], [121.4309256, 25.1010716], [121.4309464, 25.1011773], [121.4309812, 25.101278]]}}, {"type": "Feature", "properties": {"county": "新北市", "district": "八里區", "highway": "tertiary", "name": "孝義路"}, "geometry": {"type": "LineString", "coordinates": [[121.4403905, 25.1221515], [121.4405622, 25.1220162], [121.440959, 25.1213566], [121.4410073, 25.1211722], [121.4410094, 25.1209041], [121.441213, 25.1204422], [121.4414796, 25.1201077], [121.4421263, 25.119794], [121.4429661, 25.1196952], [121.4434259, 25.1195659], [121.4439003, 25.1195374], [121.4441859, 25.119813], [121.4443664, 25.1199043], [121.4447359, 25.1198853], [121.4450908, 25.1197674], [121.4453091, 25.1195526], [121.4454771, 25.119469], [121.4459662, 25.1194176], [121.4464197, 25.1193112], [121.4467766, 25.1191135], [121.4470153, 25.1188502], [121.447069, 25.1187567], [121.4470958, 25.1186668], [121.4471011, 25.1186207], [121.4470864, 25.1184968], [121.4470783, 25.1184288], [121.4471427, 25.1182637], [121.4471695, 25.1181993], [121.4472929, 25.1179808], [121.4473224, 25.1179043], [121.4473264, 25.1178326], [121.4473104, 25.1177743], [121.4472983, 25.1177452], [121.4472849, 25.1177039], [121.4472715, 25.1176784], [121.4472661, 25.1176213], [121.4472715, 25.1175096], [121.4472889, 25.1174525], [121.4473184, 25.1173979], [121.4473761, 25.1173287], [121.447714, 25.1169729], [121.4477838, 25.1168964], [121.4478401, 25.1168102], [121.4479125, 25.1165734], [121.4479836, 25.1163378], [121.4480211, 25.116152], [121.4480461, 25.1160466], [121.4480828, 25.1159747], [121.4482947, 25.1156906], [121.4485017, 25.1154135], [121.4486928, 25.1152615], [121.4492512, 25.1150048], [121.4495929, 25.114792], [121.4497364, 25.1146548], [121.4498236, 25.1145831], [121.4498866, 25.114554], [121.4499776, 25.1145296], [121.4500931, 25.1145296], [121.450156, 25.1145128], [121.4503425, 25.1143816], [121.4504353, 25.114292], [121.450557, 25.114157], [121.4506402, 25.1140562], [121.4510883, 25.1137464], [121.4513081, 25.1136421], [121.4515124, 25.1135601], [121.4518928, 25.1134745], [121.4525012, 25.1133567], [121.4526923, 25.1133319], [121.4529026, 25.1133495], [121.4530864, 25.1133737], [121.4532612, 25.1134118], [121.4533868, 25.1134041], [121.453478, 25.1133835], [121.453592, 25.1133155], [121.4537006, 25.1132389], [121.4537588, 25.1131799], [121.4537958, 25.1131114], [121.4538374, 25.1129767], [121.4538575, 25.1129147], [121.4538953, 25.1127464], [121.4538712, 25.1124596], [121.4538816, 25.1123076], [121.4538991, 25.112211], [121.4539452, 25.112112], [121.4539716, 25.1120561], [121.4540211, 25.1119724], [121.4540481, 25.1119189], [121.4540776, 25.1118424], [121.4540883, 25.1117914], [121.4541163, 25.1115012], [121.4541405, 25.1113913], [121.4541741, 25.1112121], [121.4541798, 25.1111234], [121.4541594, 25.1108243], [121.4541814, 25.1106488], [121.4542144, 25.1105515], [121.454272, 25.1104605], [121.4543176, 25.1103912], [121.4543337, 25.110367], [121.4543782, 25.1102653], [121.4542823, 25.1101026], [121.4542425, 25.1100196], [121.4542103, 25.1099334], [121.4541504, 25.1098053], [121.4536338, 25.1094128], [121.4531879, 25.1090191], [121.4530659, 25.1088734], [121.4529251, 25.1086438], [121.4527548, 25.1083718], [121.4526891, 25.1082334], [121.4526314, 25.1080269], [121.4525697, 25.1076201], [121.4525551, 25.1075455], [121.4525026, 25.1073578], [121.4524402, 25.1072485], [121.4521552, 25.1068398], [121.4518316, 25.1065683], [121.4515102, 25.1063486], [121.4514755, 25.1062889], [121.4514883, 25.1062185], [121.4515594, 25.1061774], [121.4516073, 25.1061814], [121.4525963, 25.106306], [121.4526845, 25.1062993], [121.4528052, 25.106281], [121.4529101, 25.1062452]]}}, {"type": "Feature", "properties": {"county": "新北市", "district": "八里區", "highway": "residential", "name": "壟鉤路"}, "geometry": {"type": "LineString", "coordinates": [[121.4122147, 25.0858425], [121.4122127, 25.0858893], [121.4120808, 25.0861677], [121.4120965, 25.0863439], [121.4121096, 25.0864915], [121.4122558, 25.0868475], [121.4122039, 25.0873468], [121.4121489, 25.0874874], [121.4119052, 25.0877167], [121.4118888, 25.0878224], [121.4119116, 25.087981], [121.4120142, 25.0882813], [121.412372, 25.0885469], [121.4124516, 25.0887135], [121.4124118, 25.0891006], [121.4124814, 25.0892402], [121.4126405, 25.0894742], [121.4124913, 25.0898209], [121.4124615, 25.090091], [121.4124068, 25.0904106], [121.4123025, 25.0904826], [121.4119346, 25.0906582], [121.4118054, 25.0908517], [121.4117607, 25.0912074], [121.4117557, 25.0913964], [121.4115022, 25.0916755], [121.4113282, 25.091716], [121.4112039, 25.0918196], [121.4109604, 25.0920581], [121.4106721, 25.0921707], [121.4104534, 25.0922517], [121.4104236, 25.0924498], [121.4105429, 25.0926929], [121.4106274, 25.0927829], [121.4106323, 25.0928594], [121.4105031, 25.0930665], [121.4100657, 25.0936202], [121.4099102, 25.0937961], [121.4098893, 25.0939187], [121.4098907, 25.0942636], [121.4098276, 25.0944203], [121.4095487, 25.0946182], [121.4093126, 25.0949389], [121.4092644, 25.0950895], [121.4092845, 25.0951563], [121.4092, 25.0954028], [121.4091933, 25.0955376], [121.4092347, 25.0956287], [121.4092872, 25.0957137], [121.4091061, 25.0959068], [121.4085739, 25.0962889], [121.4080542, 25.096734], [121.4070859, 25.0973169], [121.4062337, 25.0977608], [121.4059789, 25.0977839], [121.4056791, 25.0978598], [121.4054089, 25.0978786], [121.405195, 25.097912], [121.4049482, 25.098008], [121.4046742, 25.0981145]]}}, {"type": "Feature", "properties": {"county": "新北市", "district": "八里區", "highway": "tertiary", "name": "疏洪一路"}, "geometry": {"type": "LineString", "coordinates": [[121.4551412, 25.0966427], [121.4549098, 25.0947881], [121.4548809, 25.094629], [121.4548191, 25.0944684], [121.4547547, 25.0943125], [121.4535219, 25.0912536]]}}, {"type": "Feature", "properties": {"county": "新北市", "district": "八里區", "highway": "tertiary", "name": "疏洪一路"}, "geometry": {"type": "LineString", "coordinates": [[121.4543231, 25.0929474], [121.4549098, 25.0944082], [121.4549843, 25.0946176], [121.4550368, 25.0949633], [121.4552689, 25.0968223]]}}, {"type": "Feature", "properties": {"county": "新北市", "district": "八里區", "highway": "tertiary", "name": null}, "geometry": {"type": "LineString", "coordinates": [[121.3824115, 25.0965034], [121.3808194, 25.0965982], [121.3798205, 25.0966576], [121.37939, 25.0966746], [121.3792049, 25.0966758], [121.3791244, 25.0966855], [121.3786229, 25.0968021], [121.3785035, 25.0968301], [121.3784311, 25.0968252], [121.3783533, 25.0967851], [121.378254, 25.0967572], [121.3780207, 25.0967815], [121.3778598, 25.096824], [121.3777498, 25.0968714], [121.3775781, 25.0969807], [121.3775017, 25.0970134], [121.3774521, 25.0970268], [121.3771263, 25.0970718], [121.3770571, 25.0965016], [121.3770012, 25.0962162], [121.3769411, 25.0960106], [121.3767842, 25.0956693], [121.3765127, 25.0952674], [121.3762589, 25.0946947], [121.376108, 25.0942909], [121.3760408, 25.0939344], [121.3760394, 25.0937431], [121.3761684, 25.0934362], [121.3761904, 25.093289], [121.3761368, 25.0930995], [121.3758216, 25.0927121], [121.375438, 25.0924485], [121.375188, 25.0922933], [121.3751467, 25.0922741], [121.3749694, 25.0921914], [121.3743452, 25.0918882], [121.3737469, 25.0915012], [121.3733635, 25.0911657]]}}, {"type": "Feature", "properties": {"county": "新北市", "district": "八里區", "highway": "tertiary", "name": null}, "geometry": {"type": "LineString", "coordinates": [[121.3796925, 25.1115061], [121.3795099, 25.1116104], [121.3794103, 25.1116856], [121.3792448, 25.1118036], [121.3791482, 25.1118473], [121.3790061, 25.1118667], [121.3789041, 25.1118813], [121.3788559, 25.1118983], [121.3787754, 25.1119663], [121.3787486, 25.1120319], [121.3786815, 25.1120756], [121.3784875, 25.1121496], [121.3784267, 25.1121728], [121.3780351, 25.1123525], [121.3776462, 25.1125444], [121.3773485, 25.1126779], [121.3770105, 25.1128844], [121.3766296, 25.1131588], [121.3762917, 25.1134575], [121.3760624, 25.1136548], [121.3759776, 25.1137277], [121.3756892, 25.1139639], [121.3754989, 25.1141128], [121.3751058, 25.1142578], [121.3745264, 25.114401], [121.3736061, 25.1144815], [121.372143, 25.1145358], [121.3718992, 25.114616], [121.3716776, 25.1147133], [121.3715599, 25.1147459], [121.3714345, 25.1147593], [121.3712066, 25.114769], [121.3710992, 25.1148297], [121.3710138, 25.1149337], [121.3709303, 25.1150993], [121.3708467, 25.1152769], [121.3705031, 25.1155715], [121.370255, 25.1157245], [121.3701252, 25.1158098], [121.3697819, 25.1163595], [121.3696523, 25.1165669], [121.3694965, 25.116759], [121.3690116, 25.1171178], [121.3686087, 25.1173193], [121.3684794, 25.1173468], [121.3683385, 25.117343], [121.3681039, 25.1173018], [121.3679577, 25.1172751], [121.3678, 25.1172454], [121.3673402, 25.1172472], [121.3672188, 25.1172059], [121.3670216, 25.1171687], [121.3667929, 25.1171683], [121.3665541, 25.1171678], [121.3661495, 25.1171567], [121.365945, 25.117175], [121.3655587, 25.1172096], [121.365276, 25.1171639], [121.3650207, 25.1172193], [121.3647417, 25.1172921], [121.3643957, 25.1174148], [121.3640774, 25.1175142], [121.3638177, 25.1177718], [121.3635991, 25.1180052], [121.3628465, 25.1183089], [121.3627832, 25.1184081], [121.3627623, 25.1184408], [121.3626955, 25.1185136], [121.3616786, 25.1187772], [121.3615554, 25.1188349], [121.361507, 25.1188828], [121.3614721, 25.1189351], [121.3614292, 25.1190091], [121.361393, 25.1190674], [121.3613419, 25.1191379], [121.3611958, 25.1192192], [121.3610446, 25.1192875], [121.3609102, 25.1193127], [121.3607958, 25.1193169], [121.3606782, 25.1193503], [121.3605615, 25.1194232], [121.3604341, 25.1195543], [121.3602758, 25.1197113], [121.3601002, 25.11983], [121.3598856, 25.1200109], [121.3596871, 25.1201942], [121.3595446, 25.1203489], [121.3593746, 25.1206942], [121.3593196, 25.1208852], [121.3592879, 25.1210349], [121.3592124, 25.1212288], [121.3591987, 25.1213423], [121.3591949, 25.1214789], [121.35922, 25.1215578], [121.3593733, 25.1216562], [121.3595305, 25.1217316], [121.3596945, 25.1218337], [121.3597568, 25.1218262], [121.3598159, 25.1217835], [121.3598722, 25.1217169], [121.3598926, 25.1216564], [121.3600074, 25.1214951], [121.360135, 25.1213763], [121.3602816, 25.1212745], [121.3604056, 25.1212445], [121.3604343, 25.1213222], [121.3604235, 25.1215675], [121.3603745, 25.1218463], [121.3603871, 25.1219375], [121.3602615, 25.1221272], [121.360128, 25.1223135], [121.3599506, 25.1225121], [121.3597786, 25.1226665], [121.3595402, 25.1228329], [121.3594538, 25.1229367], [121.3594725, 25.1234179], [121.3594872, 25.1235468], [121.3595809, 25.1237036], [121.3596991, 25.1238674], [121.3592614, 25.1239459], [121.3588229, 25.1240364], [121.3586646, 25.1241314], [121.3585439, 25.1242299], [121.3584908, 25.1243093], [121.3584018, 25.1245757]]}}, {"type": "Feature", "properties": {"county": "新北市", "district": "八里區", "highway": "residential", "name": "鄧公路23巷"}, "geometry": {"type": "LineString", "coordinates": [[121.4510208, 25.1700921], [121.4511002, 25.1703175], [121.4512729, 25.1708179], [121.4513515, 25.1710845], [121.4513737, 25.1711598]]}}, {"type": "Feature", "properties": {"county": "新北市", "district": "八里區", "highway": "residential", "name": "學府路"}, "geometry": {"type": "LineString", "coordinates": [[121.4499015, 25.1719351], [121.4502401, 25.1724108], [121.4503748, 25.1725847], [121.4504964, 25.1727417], [121.4505448, 25.1729297], [121.4504831, 25.1730826], [121.4503543, 25.1731495], [121.4501613, 25.1732133], [121.4501229, 25.1732214], [121.4499048, 25.1732677], [121.4496473, 25.1732968], [121.4493952, 25.1733138], [121.4491296, 25.1733138], [121.448803, 25.1733092], [121.4486181, 25.1733371], [121.4485009, 25.1734019]]}}, {"type": "Feature", "properties": {"county": "新北市", "district": "八里區", "highway": "tertiary", "name": "學府路"}, "geometry": {"type": "LineString", "coordinates": [[121.4472863, 25.1675657], [121.4476142, 25.1683228], [121.4476303, 25.1683714], [121.4477845, 25.1687149], [121.4480474, 25.1693023]]}}, {"type": "Feature", "properties": {"county": "新北市", "district": "八里區", "highway": "residential", "name": "福林路"}, "geometry": {"type": "LineString", "coordinates": [[121.3759384, 25.0897928], [121.3760937, 25.0897504], [121.3765426, 25.0896006], [121.3767072, 25.0895467], [121.3768344, 25.0895051], [121.3772393, 25.0893781], [121.3778697, 25.0891704]]}}, {"type": "Feature", "properties": {"county": "新北市", "district": "八里區", "highway": "tertiary", "name": "文化北路二段"}, "geometry": {"type": "LineString", "coordinates": [[121.3690842, 25.0808854], [121.3691144, 25.0809192], [121.3698242, 25.0817135], [121.3702563, 25.0821971], [121.3709639, 25.0831061], [121.3716833, 25.0840302], [121.372353, 25.0848811], [121.3728528, 25.0855514], [121.3737048, 25.0867232], [121.37373, 25.0867579], [121.373922, 25.0870219]]}}, {"type": "Feature", "properties": {"county": "新北市", "district": "八里區", "highway": "secondary", "name": "文化北路一段"}, "geometry": {"type": "LineString", "coordinates": [[121.3687055, 25.0804825], [121.3680204, 25.0797557], [121.3675904, 25.0793124], [121.367319, 25.0790273], [121.3662417, 25.0779117], [121.3658363, 25.0775202], [121.3654411, 25.0771401], [121.3650419, 25.0767597], [121.3646359, 25.0763794], [121.3641188, 25.0758923]]}}, {"type": "Feature", "properties": {"county": "新北市", "district": "八里區", "highway": "unclassified", "name": null}, "geometry": {"type": "LineString", "coordinates": [[121.4322777, 25.1451818], [121.4318251, 25.1453757], [121.4316803, 25.1454128], [121.4315948, 25.1454578], [121.4311747, 25.1456235], [121.4310687, 25.1456494], [121.430891, 25.1456125], [121.4306404, 25.145495], [121.4305358, 25.1454622], [121.4303816, 25.1454355], [121.4302373, 25.1454276], [121.4301804, 25.1454245], [121.4301027, 25.1454488], [121.4300477, 25.1454937], [121.4299928, 25.1455571], [121.4298613, 25.145705], [121.4297427, 25.145862], [121.4296666, 25.1459505], [121.4295946, 25.1460519], [121.429357, 25.1462695], [121.4292926, 25.1462913], [121.4292692, 25.146295], [121.4291833, 25.1462052], [121.4291357, 25.1461572], [121.4290894, 25.1461432], [121.4290345, 25.1461603], [121.4288253, 25.1462816], [121.4285257, 25.1464268], [121.4283156, 25.1465519], [121.4281098, 25.1466798], [121.4277729, 25.1468628], [121.4276817, 25.1468531], [121.4274332, 25.1469554], [121.4273485, 25.1470151], [121.4273614, 25.1470634], [121.4277609, 25.1477393], [121.4278182, 25.1477947]]}}, {"type": "Feature", "properties": {"county": "新北市", "district": "八里區", "highway": "trunk", "name": "西部濱海快速公路"}, "geometry": {"type": "LineString", "coordinates": [[121.3850003, 25.1449265], [121.3854409, 25.1450927], [121.3857671, 25.1452318], [121.3860402, 25.1453507], [121.3864715, 25.1455598], [121.3872002, 25.145967], [121.3875329, 25.1461734], [121.3879093, 25.1464268], [121.3883861, 25.1467694], [121.3888853, 25.14715], [121.3895158, 25.1476404], [121.3899915, 25.148013], [121.3903287, 25.1482833], [121.3905851, 25.1484887], [121.3922124, 25.1497928], [121.3934067, 25.1507537], [121.3972186, 25.153814], [121.3980869, 25.1545641], [121.3987574, 25.1551761]]}}, {"type": "Feature", "properties": {"county": "新北市", "district": "八里區", "highway": "unclassified", "name": "十三行路"}, "geometry": {"type": "LineString", "coordinates": [[121.4049963, 25.1561468], [121.4049691, 25.1559505]]}}, {"type": "Feature", "properties": {"county": "新北市", "district": "八里區", "highway": "secondary", "name": "成泰路三段"}, "geometry": {"type": "LineString", "coordinates": [[121.4529225, 25.1038959], [121.4528465, 25.1040792], [121.4528151, 25.1044525], [121.4528256, 25.1048149], [121.4528783, 25.1055731], [121.4528862, 25.1056868], [121.4528895, 25.1057629]]}}, {"type": "Feature", "properties": {"county": "新北市", "district": "八里區", "highway": "secondary", "name": "洲后路"}, "geometry": {"type": "LineString", "coordinates": [[121.4528602, 25.1038064], [121.4529918, 25.1035438], [121.4531041, 25.1033197], [121.4531202, 25.1032877]]}}, {"type": "Feature", "properties": {"county": "新北市", "district": "八里區", "highway": "secondary", "name": "龍米路一段"}, "geometry": {"type": "LineString", "coordinates": [[121.4555532, 25.1220735], [121.4554713, 25.12232], [121.4554378, 25.1224487], [121.4553552, 25.1226003], [121.4551973, 25.1228058], [121.4550216, 25.1229667], [121.4544642, 25.1234428], [121.4543613, 25.123523], [121.4542329, 25.1236273]]}}, {"type": "Feature", "properties": {"county": "新北市", "district": "八里區", "highway": "primary", "name": "關渡大橋"}, "geometry": {"type": "LineString", "coordinates": [[121.4594804, 25.1268372], [121.4549991, 25.1242604]]}}, {"type": "Feature", "properties": {"county": "新北市", "district": "八里區", "highway": "primary", "name": "民權路"}, "geometry": {"type": "LineString", "coordinates": [[121.4594172, 25.1295146], [121.4595347, 25.1294199], [121.4596203, 25.129296], [121.4597089, 25.1291398], [121.4597737, 25.1290099], [121.460163, 25.1281009], [121.460216, 25.1279359]]}}, {"type": "Feature", "properties": {"county": "新北市", "district": "八里區", "highway": "primary", "name": null}, "geometry": {"type": "LineString", "coordinates": [[121.457941, 25.1580896], [121.4581636, 25.1577266]]}}, {"type": "Feature", "properties": {"county": "新北市", "district": "八里區", "highway": "primary", "name": "中正東路一段"}, "geometry": {"type": "LineString", "coordinates": [[121.4587852, 25.1571041], [121.4585914, 25.1574231]]}}, {"type": "Feature", "properties": {"county": "新北市", "district": "八里區", "highway": "primary", "name": "中山路"}, "geometry": {"type": "LineString", "coordinates": [[121.444759, 25.1690105], [121.4446954, 25.169053], [121.4445535, 25.1692428], [121.4444323, 25.1694324], [121.4442869, 25.1697819], [121.4441214, 25.1701882], [121.444007, 25.1703593], [121.4437927, 25.1704867], [121.4435265, 25.1705321], [121.4433445, 25.1705419], [121.4431724, 25.1705442], [121.4427715, 25.1705333], [121.4424069, 25.1705597], [121.4422275, 25.1706272], [121.4421969, 25.1706465], [121.4419967, 25.1707915], [121.441827, 25.1709155]]}}, {"type": "Feature", "properties": {"county": "新北市", "district": "八里區", "highway": "primary", "name": "中正東路"}, "geometry": {"type": "LineString", "coordinates": [[121.4446906, 25.1689411], [121.4447898, 25.1688561], [121.4449923, 25.1687226], [121.445176, 25.1686134], [121.4457527, 25.1683123]]}}, {"type": "Feature", "properties": {"county": "新北市", "district": "八里區", "highway": "unclassified", "name": "中正路"}, "geometry": {"type": "LineString", "coordinates": [[121.443554, 25.1694087], [121.4436145, 25.1693538], [121.4440374, 25.1691533], [121.4440729, 25.1691403], [121.4444102, 25.1690174], [121.4446906, 25.1689411]]}}, {"type": "Feature", "properties": {"county": "新北市", "district": "八里區", "highway": "primary", "name": "文化路"}, "geometry": {"type": "LineString", "coordinates": [[121.4353605, 25.1734308], [121.435655, 25.1733571], [121.4376228, 25.1729624], [121.4380344, 25.1728793], [121.438584, 25.1728492]]}}, {"type": "Feature", "properties": {"county": "新北市", "district": "八里區", "highway": "primary", "name": "中正東路二段"}, "geometry": {"type": "LineString", "coordinates": [[121.4592917, 25.1534023], [121.4592901, 25.1532963], [121.4592886, 25.1532538], [121.4592721, 25.1527965], [121.459314, 25.1525001], [121.4593211, 25.152193], [121.4593281, 25.1520174], [121.4593182, 25.1514533], [121.4593214, 25.1514029], [121.4593834, 25.1504286], [121.4593899, 25.1503475], [121.459429, 25.149705], [121.4594876, 25.1490058], [121.4595149, 25.148309], [121.459531, 25.1476401]]}}, {"type": "Feature", "properties": {"county": "新北市", "district": "八里區", "highway": "secondary", "name": "成泰路三段"}, "geometry": {"type": "LineString", "coordinates": [[121.4526373, 25.1032722], [121.4525593, 25.1031142], [121.4524307, 25.1028535], [121.4522895, 25.1025674]]}}, {"type": "Feature", "properties": {"county": "新北市", "district": "八里區", "highway": "tertiary", "name": "忠孝路"}, "geometry": {"type": "LineString", "coordinates": [[121.4130841, 25.1621703], [121.4130341, 25.1622006], [121.4129964, 25.1622272], [121.4129932, 25.162238], [121.4129492, 25.1623052], [121.4129428, 25.162347], [121.4129407, 25.1626466], [121.4129289, 25.1627656], [121.4129065, 25.1628721], [121.4128679, 25.1629734], [121.4127748, 25.1631261], [121.4126783, 25.1632527], [121.4124389, 25.163544], [121.4113417, 25.1648642], [121.4112375, 25.1649905], [121.4111942, 25.165043]]}}, {"type": "Feature", "properties": {"county": "新北市", "district": "八里區", "highway": "residential", "name": "民族路50巷"}, "geometry": {"type": "LineString", "coordinates": [[121.4616905, 25.1360746], [121.4615591, 25.1359143], [121.4613687, 25.1358542], [121.4612432, 25.1358039], [121.4611836, 25.1357346], [121.4608469, 25.1355841]]}}, {"type": "Feature", "properties": {"county": "新北市", "district": "八里區", "highway": "residential", "name": null}, "geometry": {"type": "LineString", "coordinates": [[121.460556, 25.1378292], [121.4605249, 25.1382179]]}}, {"type": "Feature", "properties": {"county": "新北市", "district": "八里區", "highway": "residential", "name": null}, "geometry": {"type": "LineString", "coordinates": [[121.4607323, 25.1382145], [121.4605249, 25.1382179], [121.4602737, 25.1382108]]}}, {"type": "Feature", "properties": {"county": "新北市", "district": "八里區", "highway": "residential", "name": "民權路179巷"}, "geometry": {"type": "LineString", "coordinates": [[121.4596707, 25.1349591], [121.4606615, 25.1347811]]}}, {"type": "Feature", "properties": {"county": "新北市", "district": "八里區", "highway": "residential", "name": "民權路181巷"}, "geometry": {"type": "LineString", "coordinates": [[121.4595804, 25.1346276], [121.4605894, 25.1344489]]}}, {"type": "Feature", "properties": {"county": "新北市", "district": "八里區", "highway": "residential", "name": "民權路183巷"}, "geometry": {"type": "LineString", "coordinates": [[121.4595047, 25.1343512], [121.4605278, 25.134166]]}}, {"type": "Feature", "properties": {"county": "新北市", "district": "八里區", "highway": "residential", "name": "民權路185巷"}, "geometry": {"type": "LineString", "coordinates": [[121.4594139, 25.1340138], [121.4604607, 25.1338407]]}}, {"type": "Feature", "properties": {"county": "新北市", "district": "八里區", "highway": "residential", "name": "民族路"}, "geometry": {"type": "LineString", "coordinates": [[121.462935, 25.1348143], [121.4627631, 25.1352298], [121.4627286, 25.1353036], [121.4626304, 25.1353861], [121.4624027, 25.1355738], [121.4621328, 25.1357664], [121.46208, 25.1358172], [121.4616905, 25.1360746], [121.4611474, 25.1364553], [121.4608992, 25.1366027], [121.460737, 25.1367278], [121.4604427, 25.1369104], [121.4602845, 25.1370045], [121.4602275, 25.1370261], [121.4601214, 25.1370605]]}}, {"type": "Feature", "properties": {"county": "新北市", "district": "八里區", "highway": "residential", "name": "民權路145巷"}, "geometry": {"type": "LineString", "coordinates": [[121.4600168, 25.136309], [121.4604092, 25.1362225]]}}, {"type": "Feature", "properties": {"county": "新北市", "district": "八里區", "highway": "residential", "name": "民族路30巷"}, "geometry": {"type": "LineString", "coordinates": [[121.4604092, 25.1362225], [121.4609637, 25.1363234], [121.4611474, 25.1364553]]}}, {"type": "Feature", "properties": {"county": "新北市", "district": "八里區", "highway": "residential", "name": "中北一街15巷"}, "geometry": {"type": "LineString", "coordinates": [[121.3852624, 25.0865583], [121.3850668, 25.0866324], [121.3844869, 25.0869068], [121.3844514, 25.0869551], [121.3845296, 25.0870807], [121.3848053, 25.0874634]]}}, {"type": "Feature", "properties": {"county": "新北市", "district": "八里區", "highway": "unclassified", "name": "竹林路"}, "geometry": {"type": "LineString", "coordinates": [[121.3915248, 25.0839998], [121.3906288, 25.0842775], [121.3902621, 25.0844403], [121.389997, 25.084561], [121.3891233, 25.0849461], [121.3888478, 25.0850819], [121.3886413, 25.0851791], [121.3884938, 25.0852265], [121.3883627, 25.0852378], [121.3882512, 25.0852186], [121.3881556, 25.0851811], [121.3880483, 25.0851212], [121.38796, 25.0850406], [121.3878729, 25.0849501], [121.3877535, 25.084822], [121.3876353, 25.0846755], [121.3875981, 25.0846302]]}}, {"type": "Feature", "properties": {"county": "新北市", "district": "八里區", "highway": "residential", "name": null}, "geometry": {"type": "LineString", "coordinates": [[121.3850239, 25.0911818], [121.3861266, 25.090682], [121.3862619, 25.0906452], [121.3863826, 25.090637], [121.3864502, 25.0906531], [121.3865391, 25.0906531], [121.3866422, 25.0906305], [121.3872652, 25.0904325], [121.3877402, 25.0902816], [121.3879547, 25.090187], [121.3880523, 25.090121], [121.3883408, 25.090017], [121.3884685, 25.089992], [121.3886099, 25.0900162], [121.3887708, 25.0901014], [121.3888784, 25.09018]]}}, {"type": "Feature", "properties": {"county": "新北市", "district": "八里區", "highway": "residential", "name": "中北一街"}, "geometry": {"type": "LineString", "coordinates": [[121.3860969, 25.0896208], [121.386002, 25.0894943], [121.3858774, 25.0893121], [121.3858269, 25.089219], [121.3857411, 25.0890502], [121.3856995, 25.0889239], [121.3857298, 25.0886899], [121.3857605, 25.0885816], [121.3858518, 25.0882597], [121.3859157, 25.0878876], [121.3859157, 25.0878522], [121.3859157, 25.087791], [121.3858837, 25.087612], [121.3856052, 25.0870346]]}}, {"type": "Feature", "properties": {"county": "新北市", "district": "八里區", "highway": "residential", "name": null}, "geometry": {"type": "LineString", "coordinates": [[121.3879219, 25.0981154], [121.3879824, 25.0981435], [121.3880615, 25.0981593], [121.3881688, 25.0981314], [121.3882466, 25.0981071], [121.3883643, 25.098115], [121.3884555, 25.0981259], [121.3886151, 25.0981332], [121.3887036, 25.0981223], [121.3888001, 25.0980858], [121.3889329, 25.098013], [121.3890214, 25.0979656], [121.3892722, 25.0979061], [121.3894694, 25.0978357], [121.3895726, 25.0977956], [121.3896455, 25.0977882], [121.3897523, 25.0977774], [121.389953, 25.0977626]]}}, {"type": "Feature", "properties": {"county": "新北市", "district": "八里區", "highway": "residential", "name": null}, "geometry": {"type": "LineString", "coordinates": [[121.3861199, 25.0932099], [121.3861785, 25.0932087], [121.3863822, 25.0931802], [121.3864715, 25.0931597], [121.3866143, 25.0931165], [121.3880426, 25.092641], [121.3881747, 25.092597], [121.388362, 25.0925346], [121.3899443, 25.0922098], [121.3900835, 25.0921833], [121.3901941, 25.0922059], [121.3902819, 25.0922437], [121.3905129, 25.0923586], [121.3905853, 25.0923866], [121.3906725, 25.0923914], [121.3916462, 25.092225], [121.3925116, 25.0921197]]}}, {"type": "Feature", "properties": {"county": "新北市", "district": "八里區", "highway": "residential", "name": null}, "geometry": {"type": "LineString", "coordinates": [[121.3826444, 25.0952392], [121.3827004, 25.0952428], [121.3827677, 25.0952471], [121.3828331, 25.0952448], [121.3828998, 25.0952198], [121.3829878, 25.0951754], [121.3830758, 25.0951264], [121.3831374, 25.09509], [121.3832757, 25.0950479], [121.3835951, 25.094959], [121.3838101, 25.0949112], [121.3839018, 25.0948873], [121.384078, 25.0948401], [121.3842138, 25.0947752], [121.384327, 25.0946898], [121.384454, 25.0946021], [121.3845319, 25.0945589], [121.3846137, 25.0945258], [121.3847331, 25.094494], [121.3848551, 25.0944347], [121.3850286, 25.0943243], [121.3852511, 25.0941638], [121.3854864, 25.0939579], [121.3856095, 25.0938267], [121.3857716, 25.0936412], [121.3858974, 25.0935113], [121.3859917, 25.0934203], [121.3860709, 25.093361], [121.3861299, 25.0933251]]}}, {"type": "Feature", "properties": {"county": "新北市", "district": "八里區", "highway": "residential", "name": "湖子路"}, "geometry": {"type": "LineString", "coordinates": [[121.3845826, 25.0903826], [121.3846677, 25.090538], [121.3850239, 25.0911818], [121.3857562, 25.0925014], [121.3858863, 25.0927018], [121.3859788, 25.0928633], [121.3860523, 25.0930339], [121.3861199, 25.0932099], [121.3861299, 25.0933251], [121.3862659, 25.0939088], [121.3862885, 25.0940287], [121.3862096, 25.0941282], [121.3861497, 25.0941743], [121.3861102, 25.0942304], [121.3861412, 25.0943529], [121.3862125, 25.0946404], [121.3865716, 25.0960898], [121.3867271, 25.0966534], [121.3868532, 25.0971671], [121.386982, 25.0974889], [121.3870369, 25.0975861], [121.3871067, 25.0976432], [121.3872446, 25.0977122], [121.3874205, 25.0977731], [121.3876096, 25.0978642], [121.3877611, 25.0979504], [121.3878843, 25.0980462], [121.3879087, 25.0980792], [121.3879219, 25.0981154], [121.3879073, 25.0982589], [121.3878175, 25.0985577], [121.387729, 25.0988054], [121.3876364, 25.0990058], [121.3875358, 25.0991734], [121.3874165, 25.0993191], [121.3872582, 25.0994685], [121.3870986, 25.0996313], [121.3869229, 25.0997515], [121.3868291, 25.0997879], [121.3867017, 25.0998171], [121.3865327, 25.0998414], [121.3863801, 25.0998594], [121.3862526, 25.0998639], [121.3861374, 25.0998772], [121.3860345, 25.0999082], [121.3854351, 25.1003087], [121.3844817, 25.1009289], [121.3842574, 25.1010809]]}}, {"type": "Feature", "properties": {"county": "新北市", "district": "八里區", "highway": "residential", "name": "中北一街17巷"}, "geometry": {"type": "LineString", "coordinates": [[121.3856052, 25.0870346], [121.3855255, 25.0871051], [121.3851732, 25.0872693], [121.3848053, 25.0874634]]}}, {"type": "Feature", "properties": {"county": "新北市", "district": "八里區", "highway": "residential", "name": "民族路29巷"}, "geometry": {"type": "LineString", "coordinates": [[121.4623259, 25.1370072], [121.4622352, 25.1370437], [121.4620385, 25.1371254], [121.4618813, 25.1372378], [121.4616348, 25.1372966], [121.4613847, 25.1373215], [121.4611293, 25.1371514], [121.4609636, 25.1370301], [121.4608482, 25.136888], [121.460737, 25.1367278]]}}, {"type": "Feature", "properties": {"county": "新北市", "district": "八里區", "highway": "residential", "name": null}, "geometry": {"type": "LineString", "coordinates": [[121.4605079, 25.1392129], [121.4607641, 25.1390308]]}}, {"type": "Feature", "properties": {"county": "新北市", "district": "八里區", "highway": "primary", "name": "中正東路二段"}, "geometry": {"type": "LineString", "coordinates": [[121.4597153, 25.1424493], [121.4597043, 25.1432972], [121.4597039, 25.1433345], [121.4596997, 25.1438711], [121.4596993, 25.1439175], [121.459693, 25.1447128], [121.4596891, 25.1452057], [121.4596875, 25.1454059], [121.4596856, 25.1458248], [121.4596826, 25.14651], [121.4596692, 25.1476427], [121.4596865, 25.148173], [121.4596069, 25.1493395], [121.4595996, 25.1494936], [121.459586, 25.1496043], [121.4595445, 25.1502983], [121.4595408, 25.1503494], [121.4595352, 25.1504223], [121.459468, 25.1514179], [121.4594652, 25.1514718], [121.4594472, 25.151912], [121.4594317, 25.1522858], [121.4594277, 25.1523991], [121.4594237, 25.1525764], [121.4594237, 25.1526717], [121.4594401, 25.1532482], [121.4594406, 25.1532998], [121.4594368, 25.1533943], [121.4594324, 25.153499], [121.4594168, 25.1539928], [121.459422, 25.1544718], [121.4594221, 25.1545244], [121.4594233, 25.1550253], [121.4594196, 25.1554082], [121.4593862, 25.1556553], [121.4593251, 25.1559225], [121.4593124, 25.1559778]]}}, {"type": "Feature", "properties": {"county": "新北市", "district": "八里區", "highway": "primary", "name": "民權路"}, "geometry": {"type": "LineString", "coordinates": [[121.4599726, 25.1370778], [121.4599411, 25.1367317], [121.4598667, 25.1363201], [121.4597728, 25.1357538], [121.4595403, 25.134893], [121.4591707, 25.1335739], [121.4590611, 25.1332036], [121.4589282, 25.1328489], [121.4588227, 25.1326747], [121.4585232, 25.1322944], [121.4584014, 25.1320965], [121.4583202, 25.1318979], [121.4582762, 25.1317384], [121.4582607, 25.1315612], [121.458266, 25.1313971], [121.4582905, 25.1312338], [121.4583514, 25.1310457], [121.4584392, 25.1308449], [121.4586045, 25.1305435], [121.4588559, 25.1301713], [121.4590429, 25.1299211]]}}, {"type": "Feature", "properties": {"county": "新北市", "district": "八里區", "highway": "residential", "name": "淡金路16巷"}, "geometry": {"type": "LineString", "coordinates": [[121.4600439, 25.160943], [121.4597918, 25.1609211], [121.4595583, 25.1608973], [121.4589952, 25.160807], [121.4584051, 25.1605477], [121.4571124, 25.1598615]]}}, {"type": "Feature", "properties": {"county": "新北市", "district": "八里區", "highway": "residential", "name": "坪頂路70巷"}, "geometry": {"type": "LineString", "coordinates": [[121.4601351, 25.1612683], [121.4600224, 25.1610716], [121.4600439, 25.160943], [121.4600827, 25.160808], [121.4601842, 25.1606651], [121.4602942, 25.16054], [121.4604746, 25.1604405], [121.4606591, 25.1603634], [121.4608673, 25.1603555], [121.4610578, 25.160404], [121.461216, 25.160472], [121.4613458, 25.1605936], [121.4614248, 25.1607263], [121.4614896, 25.1609203]]}}, {"type": "Feature", "properties": {"county": "新北市", "district": "八里區", "highway": "residential", "name": "坪頂路70巷"}, "geometry": {"type": "LineString", "coordinates": [[121.4607279, 25.1607269], [121.4606591, 25.1603634], [121.4605803, 25.1599476]]}}, {"type": "Feature", "properties": {"county": "新北市", "district": "八里區", "highway": "residential", "name": "淡金路16巷62弄"}, "geometry": {"type": "LineString", "coordinates": [[121.4598656, 25.1602364], [121.4597918, 25.1609211]]}}, {"type": "Feature", "properties": {"county": "新北市", "district": "八里區", "highway": "unclassified", "name": "紅樹林路"}, "geometry": {"type": "LineString", "coordinates": [[121.4595583, 25.1608973], [121.4596129, 25.1602104]]}}, {"type": "Feature", "properties": {"county": "新北市", "district": "八里區", "highway": "residential", "name": null}, "geometry": {"type": "LineString", "coordinates": [[121.4581832, 25.1609425], [121.4584051, 25.1605477]]}}, {"type": "Feature", "properties": {"county": "新北市", "district": "八里區", "highway": "residential", "name": "淡金路38巷"}, "geometry": {"type": "LineString", "coordinates": [[121.4579276, 25.160807], [121.4581832, 25.1609425], [121.4586271, 25.1611566], [121.4586298, 25.1611979], [121.4585091, 25.1614188], [121.458386, 25.1615767]]}}, {"type": "Feature", "properties": {"county": "新北市", "district": "八里區", "highway": "residential", "name": null}, "geometry": {"type": "LineString", "coordinates": [[121.4575213, 25.1629982], [121.4573818, 25.1630298], [121.4572987, 25.1629933], [121.4571699, 25.1625612], [121.4572665, 25.1623257], [121.4573407, 25.1622418], [121.4575698, 25.1617318], [121.4578071, 25.1613064]]}}, {"type": "Feature", "properties": {"county": "新北市", "district": "八里區", "highway": "unclassified", "name": "竹林路"}, "geometry": {"type": "LineString", "coordinates": [[121.3915248, 25.0839998], [121.3914803, 25.0838745], [121.3914443, 25.0837733], [121.3912384, 25.0832398], [121.3912037, 25.083168], [121.3911346, 25.0830022], [121.3910044, 25.0827275], [121.3909035, 25.0825835], [121.3908195, 25.0824817], [121.3907057, 25.0823438], [121.3906166, 25.0822373]]}}, {"type": "Feature", "properties": {"county": "新北市", "district": "八里區", "highway": "residential", "name": "林口路124巷"}, "geometry": {"type": "LineString", "coordinates": [[121.3884436, 25.0815461], [121.3889553, 25.0818569], [121.3892946, 25.0820617]]}}, {"type": "Feature", "properties": {"county": "新北市", "district": "八里區", "highway": "residential", "name": "林口路113巷"}, "geometry": {"type": "LineString", "coordinates": [[121.3889712, 25.0808429], [121.3886254, 25.0805525], [121.388282, 25.0802641], [121.3881909, 25.0801173], [121.3880492, 25.079961], [121.3875174, 25.0793067], [121.3874894, 25.079192]]}}, {"type": "Feature", "properties": {"county": "新北市", "district": "八里區", "highway": "residential", "name": "佳林路56巷"}, "geometry": {"type": "LineString", "coordinates": [[121.3862864, 25.0815173], [121.3856762, 25.0817809], [121.3850688, 25.0820573], [121.3840507, 25.0825206]]}}, {"type": "Feature", "properties": {"county": "新北市", "district": "八里區", "highway": "residential", "name": null}, "geometry": {"type": "LineString", "coordinates": [[121.3857875, 25.0821129], [121.3856719, 25.0818735], [121.3856762, 25.0817809], [121.3851722, 25.0806994]]}}, {"type": "Feature", "properties": {"county": "新北市", "district": "八里區", "highway": "residential", "name": "竹林路582巷"}, "geometry": {"type": "LineString", "coordinates": [[121.3866744, 25.0830362], [121.3854106, 25.0835883]]}}, {"type": "Feature", "properties": {"county": "新北市", "district": "八里區", "highway": "residential", "name": null}, "geometry": {"type": "LineString", "coordinates": [[121.3850771, 25.0830732], [121.3849786, 25.0831219], [121.384876, 25.0831911], [121.3847359, 25.0832138], [121.384716, 25.0831868], [121.3845723, 25.0832593], [121.3845035, 25.0833124], [121.3843909, 25.0834061]]}}, {"type": "Feature", "properties": {"county": "新北市", "district": "八里區", "highway": "primary", "name": "中山路"}, "geometry": {"type": "LineString", "coordinates": [[121.4403784, 25.1722697], [121.4407347, 25.1718196], [121.4409622, 25.1715449], [121.44124, 25.1712997], [121.4412627, 25.1712799], [121.4417379, 25.1708653], [121.4417556, 25.1708514], [121.4420573, 25.1706446], [121.4421682, 25.1705677], [121.442257, 25.1705307], [121.442391, 25.1704998], [121.4425367, 25.1704739], [121.4435703, 25.1704523], [121.4437338, 25.1704185], [121.4439229, 25.1703213], [121.444, 25.1702347], [121.4440395, 25.1701904], [121.4440518, 25.17016], [121.4440938, 25.1700558], [121.4442748, 25.1695932], [121.4442907, 25.1695568], [121.4443377, 25.1694494], [121.4444032, 25.1693493], [121.4445119, 25.1691453], [121.4445785, 25.1690601], [121.4446906, 25.1689411]]}}, {"type": "Feature", "properties": {"county": "新北市", "district": "八里區", "highway": "residential", "name": "重建街"}, "geometry": {"type": "LineString", "coordinates": [[121.4401797, 25.1706996], [121.4401186, 25.170782], [121.4400494, 25.1709146], [121.4399622, 25.1710347], [121.439914, 25.1711767], [121.4399005, 25.171263], [121.4398857, 25.1716005], [121.4398784, 25.1717776], [121.4398831, 25.1719264], [121.4398811, 25.1722266], [121.4398845, 25.1723395], [121.4398999, 25.1723917], [121.4399301, 25.1724457]]}}, {"type": "Feature", "properties": {"county": "新北市", "district": "八里區", "highway": "residential", "name": "大同路"}, "geometry": {"type": "LineString", "coordinates": [[121.4620139, 25.1396265], [121.4616999, 25.1395771], [121.4614628, 25.1395273], [121.4613877, 25.1395116], [121.4613233, 25.1394569], [121.46132, 25.1394015], [121.4613428, 25.1392023], [121.4609069, 25.1391101], [121.460801, 25.1390737], [121.4607641, 25.1390308], [121.4607769, 25.1388114], [121.4605328, 25.1386997], [121.4604215, 25.138554], [121.4600956, 25.1383986], [121.4598253, 25.13834]]}}, {"type": "Feature", "properties": {"county": "新北市", "district": "八里區", "highway": "primary", "name": "龍米路一段"}, "geometry": {"type": "LineString", "coordinates": [[121.4513778, 25.1326907], [121.4513964, 25.1326338], [121.451426, 25.1325239], [121.451456, 25.1323547], [121.4514669, 25.1322126], [121.4514614, 25.1319522], [121.4514575, 25.1318857], [121.4514551, 25.1318194], [121.4514496, 25.1317079], [121.4514215, 25.1310776], [121.4513985, 25.1306427], [121.4513962, 25.1305712], [121.4514005, 25.1304957], [121.4514086, 25.1303439], [121.4514205, 25.1302371], [121.4514514, 25.1300385], [121.4517617, 25.1286336], [121.4517755, 25.1285733], [121.4517941, 25.1284885], [121.4519724, 25.1276755]]}}, {"type": "Feature", "properties": {"county": "新北市", "district": "八里區", "highway": "primary", "name": "龍米路二段"}, "geometry": {"type": "LineString", "coordinates": [[121.4466583, 25.1445931], [121.4466898, 25.1444967], [121.4470097, 25.1435199], [121.4471182, 25.1432458], [121.4471557, 25.1431709], [121.4471764, 25.1431328], [121.4473383, 25.1428365], [121.447406, 25.1426793], [121.4479921, 25.1410329], [121.4480164, 25.1409645], [121.4480347, 25.1409133], [121.4480937, 25.1407474], [121.4482072, 25.1404501], [121.4483836, 25.1400621]]}}, {"type": "Feature", "properties": {"county": "新北市", "district": "八里區", "highway": "primary", "name": "龍米路三段"}, "geometry": {"type": "LineString", "coordinates": [[121.4238879, 25.1588849], [121.4242164, 25.1589388], [121.4245945, 25.1590311], [121.4247573, 25.1590758], [121.425959, 25.1594065], [121.4263112, 25.1594511], [121.4266529, 25.1594566], [121.4269315, 25.1594243], [121.4278657, 25.1592228], [121.4284878, 25.1590942], [121.429408, 25.1588758]]}}, {"type": "Feature", "properties": {"county": "新北市", "district": "八里區", "highway": "primary", "name": "中華路一段"}, "geometry": {"type": "LineString", "coordinates": [[121.4132643, 25.1538862], [121.4135025, 25.1540012], [121.414691, 25.1545753], [121.4148326, 25.1546437], [121.4151557, 25.1548034], [121.4156584, 25.1550396], [121.4157182, 25.1550677], [121.416178, 25.1552936], [121.4173133, 25.155817], [121.4187623, 25.1564977], [121.4198619, 25.1570142], [121.4204801, 25.157306], [121.4207411, 25.1574286], [121.4216488, 25.1578537], [121.422073, 25.1580562], [121.4224144, 25.1582133], [121.4230276, 25.1585204], [121.4233971, 25.1586946], [121.4238879, 25.1588849]]}}, {"type": "Feature", "properties": {"county": "新北市", "district": "八里區", "highway": "residential", "name": "文昌路"}, "geometry": {"type": "LineString", "coordinates": [[121.4102506, 25.1571277], [121.4092146, 25.1582201], [121.4088498, 25.1586285], [121.4085232, 25.1589788]]}}, {"type": "Feature", "properties": {"county": "新北市", "district": "八里區", "highway": "secondary", "name": "中山路二段"}, "geometry": {"type": "LineString", "coordinates": [[121.4102506, 25.1571277], [121.4100489, 25.1569798], [121.4089772, 25.1563], [121.4087324, 25.1560913]]}}, {"type": "Feature", "properties": {"county": "新北市", "district": "八里區", "highway": "residential", "name": "三民街"}, "geometry": {"type": "LineString", "coordinates": [[121.4389227, 25.1716346], [121.4389357, 25.1716556], [121.43901, 25.1718405]]}}, {"type": "Feature", "properties": {"county": "新北市", "district": "八里區", "highway": "residential", "name": "重建街"}, "geometry": {"type": "LineString", "coordinates": [[121.4399704, 25.1725084], [121.4400976, 25.1728459], [121.4402467, 25.1731082], [121.4403911, 25.1732406], [121.4404334, 25.1734884], [121.4405533, 25.1736824], [121.4406699, 25.173845], [121.4408061, 25.1741763], [121.4409141, 25.1743876], [121.4410554, 25.1745572], [121.4412689, 25.1748273], [121.4413986, 25.1749948], [121.4415305, 25.175122]]}}, {"type": "Feature", "properties": {"county": "新北市", "district": "八里區", "highway": "residential", "name": "新生街30巷"}, "geometry": {"type": "LineString", "coordinates": [[121.4388937, 25.1731799], [121.4392385, 25.1731621], [121.4394618, 25.1731658], [121.4395857, 25.1731543], [121.4396713, 25.1731373]]}}, {"type": "Feature", "properties": {"county": "新北市", "district": "八里區", "highway": "residential", "name": "重建街3巷"}, "geometry": {"type": "LineString", "coordinates": [[121.4399248, 25.1734265], [121.4400518, 25.1735757], [121.4401399, 25.1736864], [121.4402042, 25.1737957], [121.4402606, 25.1739158], [121.4403866, 25.1741488], [121.4405556, 25.1744086], [121.440688, 25.1746743]]}}, {"type": "Feature", "properties": {"county": "新北市", "district": "八里區", "highway": "residential", "name": "重建街1巷1弄"}, "geometry": {"type": "LineString", "coordinates": [[121.4396596, 25.1728084], [121.4395504, 25.1728371], [121.4395694, 25.1729443], [121.4396713, 25.1731373], [121.4397797, 25.1733441], [121.440027, 25.1732019], [121.4402467, 25.1731082]]}}, {"type": "Feature", "properties": {"county": "新北市", "district": "八里區", "highway": "residential", "name": "中山路68巷"}, "geometry": {"type": "LineString", "coordinates": [[121.4439809, 25.1717228], [121.4439362, 25.1716155], [121.4438383, 25.1715063], [121.4437588, 25.171467], [121.4436951, 25.1714355], [121.4436607, 25.1712845], [121.4436538, 25.1712541], [121.4436447, 25.1712144], [121.4436019, 25.1710264], [121.4435567, 25.1708282], [121.4435488, 25.1707508], [121.44353, 25.170566], [121.4435265, 25.1705321]]}}, {"type": "Feature", "properties": {"county": "新北市", "district": "八里區", "highway": "residential", "name": "中山路72巷"}, "geometry": {"type": "LineString", "coordinates": [[121.4431724, 25.1705442], [121.4432134, 25.1709338], [121.4432317, 25.1710737], [121.4432641, 25.1712984]]}}, {"type": "Feature", "properties": {"county": "新北市", "district": "八里區", "highway": "residential", "name": "長興街26巷"}, "geometry": {"type": "LineString", "coordinates": [[121.4447389, 25.171032], [121.4444715, 25.1710488], [121.4442817, 25.1710546], [121.443945, 25.1711078]]}}, {"type": "Feature", "properties": {"county": "新北市", "district": "八里區", "highway": "residential", "name": "清水街34巷24弄"}, "geometry": {"type": "LineString", "coordinates": [[121.4447667, 25.1712495], [121.4451456, 25.1711909], [121.4452458, 25.171184]]}}, {"type": "Feature", "properties": {"county": "新北市", "district": "八里區", "highway": "residential", "name": "淡金路77巷"}, "geometry": {"type": "LineString", "coordinates": [[121.4534191, 25.1604381], [121.4535307, 25.1603879], [121.4536983, 25.1602799], [121.4537491, 25.1602369], [121.453815, 25.1602556], [121.4538577, 25.1602819], [121.4539143, 25.1603115], [121.453976, 25.1603976], [121.4540309, 25.1605372], [121.4540068, 25.1606975], [121.4550502, 25.1615763], [121.4550467, 25.1618245], [121.456142, 25.161894], [121.4563177, 25.1619164]]}}, {"type": "Feature", "properties": {"county": "新北市", "district": "八里區", "highway": "residential", "name": "淡金路79巷"}, "geometry": {"type": "LineString", "coordinates": [[121.4550467, 25.1618245], [121.4546814, 25.1617705], [121.4539345, 25.1611945], [121.4535793, 25.1609364]]}}, {"type": "Feature", "properties": {"county": "新北市", "district": "八里區", "highway": "residential", "name": "竿蓁二街"}, "geometry": {"type": "LineString", "coordinates": [[121.4524508, 25.1624895], [121.4525354, 25.1625345], [121.4532569, 25.1628218], [121.4537219, 25.162771], [121.4538158, 25.1627977], [121.4540951, 25.1629629], [121.4545758, 25.1632206], [121.4548538, 25.1633367], [121.4549544, 25.1633478], [121.4550945, 25.1633597], [121.4552252, 25.1634062], [121.4553023, 25.1634802], [121.4553634, 25.1636717], [121.4555673, 25.1638829], [121.4562244, 25.164366], [121.456311, 25.1645686], [121.4564433, 25.1646141], [121.4565806, 25.1646349]]}}, {"type": "Feature", "properties": {"county": "新北市", "district": "八里區", "highway": "residential", "name": "竿蓁二街36巷"}, "geometry": {"type": "LineString", "coordinates": [[121.4544145, 25.1624515], [121.4540951, 25.1629629]]}}, {"type": "Feature", "properties": {"county": "新北市", "district": "八里區", "highway": "residential", "name": "竿蓁二街34巷"}, "geometry": {"type": "LineString", "coordinates": [[121.4538158, 25.1627977], [121.4541227, 25.1623231]]}}, {"type": "Feature", "properties": {"county": "新北市", "district": "八里區", "highway": "residential", "name": null}, "geometry": {"type": "LineString", "coordinates": [[121.4532569, 25.1628218], [121.4536015, 25.1623104]]}}, {"type": "Feature", "properties": {"county": "新北市", "district": "八里區", "highway": "residential", "name": "中正東路一段72巷"}, "geometry": {"type": "LineString", "coordinates": [[121.4529638, 25.1613943], [121.4528049, 25.1612961], [121.4526214, 25.1611127]]}}, {"type": "Feature", "properties": {"county": "新北市", "district": "八里區", "highway": "residential", "name": "英專路21巷"}, "geometry": {"type": "LineString", "coordinates": [[121.4442869, 25.1697819], [121.4444613, 25.169832], [121.4444837, 25.1698356], [121.4445502, 25.169838], [121.4454931, 25.1696714]]}}, {"type": "Feature", "properties": {"county": "新北市", "district": "八里區", "highway": "residential", "name": "英專路28巷"}, "geometry": {"type": "LineString", "coordinates": [[121.4455541, 25.1699889], [121.4459238, 25.1699405], [121.4461045, 25.1699168]]}}, {"type": "Feature", "properties": {"county": "新北市", "district": "八里區", "highway": "residential", "name": "學府路51巷6弄"}, "geometry": {"type": "LineString", "coordinates": [[121.4475979, 25.1701869], [121.4475294, 25.1700395], [121.4472952, 25.1696424]]}}, {"type": "Feature", "properties": {"county": "新北市", "district": "八里區", "highway": "residential", "name": "學府路51巷1弄"}, "geometry": {"type": "LineString", "coordinates": [[121.44724, 25.1685791], [121.4476064, 25.169475]]}}, {"type": "Feature", "properties": {"county": "新北市", "district": "八里區", "highway": "residential", "name": "水源街一段122巷"}, "geometry": {"type": "LineString", "coordinates": [[121.4470407, 25.1703514], [121.4470832, 25.1706001], [121.4472123, 25.1713149], [121.4473213, 25.1718241]]}}, {"type": "Feature", "properties": {"county": "新北市", "district": "八里區", "highway": "residential", "name": "水源街一段122巷11弄"}, "geometry": {"type": "LineString", "coordinates": [[121.4472123, 25.1713149], [121.4478723, 25.1712015], [121.4480696, 25.1711525], [121.4482853, 25.1710704], [121.4483873, 25.1710754], [121.4485711, 25.1713565]]}}, {"type": "Feature", "properties": {"county": "新北市", "district": "八里區", "highway": "residential", "name": "大智街"}, "geometry": {"type": "LineString", "coordinates": [[121.4414181, 25.1745964], [121.4415658, 25.1745281], [121.4419359, 25.174458], [121.4426869, 25.1742491], [121.4429432, 25.1741782]]}}, {"type": "Feature", "properties": {"county": "新北市", "district": "八里區", "highway": "residential", "name": "大仁街"}, "geometry": {"type": "LineString", "coordinates": [[121.4421402, 25.1747888], [121.4422381, 25.1746796], [121.4423119, 25.1746274], [121.442399, 25.1746092], [121.4424969, 25.1746031], [121.4426015, 25.1746031]]}}, {"type": "Feature", "properties": {"county": "新北市", "district": "八里區", "highway": "residential", "name": "成泰路二段91巷"}, "geometry": {"type": "LineString", "coordinates": [[121.4382852, 25.0841184], [121.4376817, 25.0843889]]}}, {"type": "Feature", "properties": {"county": "新北市", "district": "八里區", "highway": "residential", "name": "新城一路"}, "geometry": {"type": "LineString", "coordinates": [[121.4412512, 25.0835533], [121.4408645, 25.0836553], [121.4408072, 25.0836685], [121.4407663, 25.0836969], [121.4407353, 25.0837447], [121.4407327, 25.0837816], [121.4407441, 25.0838281], [121.4408032, 25.083936], [121.4408854, 25.0841089], [121.4410116, 25.0843497], [121.4414158, 25.0849603], [121.4422146, 25.0862246], [121.4429782, 25.0872679], [121.4431083, 25.0875312], [121.4438473, 25.0892097], [121.4438781, 25.0892638], [121.4439442, 25.0892995], [121.4441164, 25.0893312], [121.4442678, 25.0893738], [121.4444031, 25.0893895]]}}, {"type": "Feature", "properties": {"county": "新北市", "district": "八里區", "highway": "residential", "name": "西雲路"}, "geometry": {"type": "LineString", "coordinates": [[121.442468, 25.089865], [121.442548, 25.0899135], [121.4427071, 25.0900277], [121.4428764, 25.0901759], [121.4431486, 25.0904143], [121.4433681, 25.0907296], [121.443408, 25.0908392], [121.4435319, 25.09118], [121.4436137, 25.0914853], [121.4436732, 25.0919463], [121.4436861, 25.0920462], [121.4437203, 25.0921746], [121.4437867, 25.0924243], [121.4439001, 25.0926483], [121.4439994, 25.0928445], [121.4441776, 25.0931174], [121.4442632, 25.0932069], [121.4444248, 25.0933758], [121.4448348, 25.0936974], [121.4452722, 25.0939226], [121.4453936, 25.0939834], [121.4459665, 25.0942702], [121.4467422, 25.0946216], [121.4472414, 25.095097], [121.4476735, 25.0955662], [121.4480112, 25.0959374], [121.4481299, 25.0960679], [121.4482301, 25.0961832], [121.4484431, 25.0964283], [121.4486051, 25.0966147], [121.4487423, 25.0968244], [121.4488905, 25.0971511], [121.4488962, 25.0971637], [121.4490162, 25.0974282], [121.449027, 25.0974519], [121.4491877, 25.0976953], [121.4493701, 25.0979715], [121.4495597, 25.0982926]]}}, {"type": "Feature", "properties": {"county": "新北市", "district": "八里區", "highway": "secondary", "name": "寶林路"}, "geometry": {"type": "LineString", "coordinates": [[121.3323365, 25.1025295], [121.3324079, 25.1026125], [121.3325288, 25.1028066], [121.3326689, 25.1031921], [121.3327733, 25.1033513], [121.3329192, 25.1035579], [121.3329192, 25.1036913], [121.3329456, 25.1038286], [121.332983, 25.1039221], [121.3330283, 25.1039477], [121.333094, 25.1039513], [121.3331369, 25.1039307], [121.3331517, 25.1038991], [121.3331584, 25.1038129], [121.3331208, 25.1037048], [121.3331208, 25.103638], [121.3331456, 25.1035719], [121.3331839, 25.1035154], [121.3332469, 25.1034583], [121.33333, 25.1034206], [121.3336152, 25.1033994], [121.3338019, 25.1034119], [121.3341041, 25.1034119], [121.3345244, 25.1034119], [121.3349255, 25.1034293], [121.335354, 25.1034069], [121.3355353, 25.1033472], [121.3358347, 25.1032352], [121.336027, 25.1031134], [121.3361671, 25.1029616], [121.3364033, 25.1027253], [121.3365819, 25.1025288], [121.3366808, 25.1023099], [121.3367165, 25.1021109], [121.3368947, 25.1015383], [121.3369068, 25.1014447], [121.3369255, 25.1013537], [121.3369819, 25.1012844], [121.3371897, 25.1011168], [121.337234, 25.1010586], [121.3372595, 25.1009954], [121.3372693, 25.1008708], [121.3372979, 25.1006738], [121.3373467, 25.1006107], [121.3374218, 25.1005682], [121.3375639, 25.1005306], [121.3377476, 25.1004941], [121.3378965, 25.1004516], [121.3380521, 25.100363], [121.3382827, 25.1002221], [121.3386402, 25.1000301], [121.3393303, 25.0996301], [121.3395324, 25.0995466], [121.3396668, 25.0994995], [121.3397872, 25.0994808], [121.3399068, 25.0994922], [121.3399841, 25.0995094], [121.3401402, 25.0995772], [121.3404084, 25.0997181], [121.3405613, 25.0997743], [121.3407617, 25.0998035], [121.341087, 25.0998417], [121.3413384, 25.099848], [121.3417252, 25.0998273], [121.3419326, 25.0997891], [121.3423442, 25.0996093], [121.3426299, 25.0995073], [121.3430455, 25.0993329], [121.3433848, 25.0992008], [121.3435254, 25.0991864], [121.3440827, 25.0992565], [121.3447895, 25.0993361], [121.3451235, 25.0993823], [121.3454224, 25.0993982], [121.3456685, 25.0994698], [121.3462645, 25.099723], [121.3463981, 25.0997755], [121.3465365, 25.0997736], [121.3470228, 25.0997637], [121.3478029, 25.0997587], [121.348572, 25.0997313], [121.3491242, 25.0996965], [121.3494758, 25.0996841], [121.3497999, 25.099704], [121.3501378, 25.0997363], [121.3507257, 25.0998557], [121.3514207, 25.0999701], [121.351808, 25.0999502], [121.35222, 25.0999428], [121.3526458, 25.0999253], [121.3530936, 25.0999726], [121.3534369, 25.0999826], [121.3540632, 25.0999328], [121.3544616, 25.0998557], [121.3548093, 25.0997269], [121.3548846, 25.099699], [121.355228, 25.0995696], [121.3557279, 25.099398], [121.3561125, 25.0992711], [121.3564723, 25.0991268], [121.3570684, 25.0988383], [121.3574937, 25.0986688], [121.3575809, 25.0986518], [121.3576922, 25.0986457], [121.3578639, 25.0986445], [121.3579349, 25.0986433], [121.3580369, 25.0986299], [121.3581616, 25.0986008], [121.3582963, 25.0985522], [121.3585271, 25.0984602], [121.3587611, 25.0982765], [121.3589555, 25.0980846], [121.3591138, 25.0979061], [121.3593418, 25.0976474], [121.3594356, 25.0975673], [121.3595483, 25.0974968], [121.3597696, 25.0974179], [121.3600418, 25.0973389], [121.3603369, 25.0972624], [121.36064, 25.0971616], [121.3608546, 25.0970704], [121.3611013, 25.0969005], [121.3613454, 25.0967584], [121.3620006, 25.0964057], [121.362374, 25.0961064], [121.3627049, 25.0958574], [121.363011, 25.0956532], [121.36318, 25.0955767], [121.3636277, 25.0954492], [121.3641685, 25.0953054], [121.3644818, 25.0952627], [121.3650526, 25.0952636], [121.3655083, 25.0952261], [121.3660907, 25.0951316], [121.366578, 25.0950455], [121.3669823, 25.0949241], [121.367435, 25.0948107], [121.367791, 25.0947032], [121.3682987, 25.0945062], [121.3689777, 25.0942097], [121.3694986, 25.0939888], [121.3696392, 25.0939211], [121.3699886, 25.0936823], [121.3701625, 25.0935732], [121.370382, 25.0934355], [121.3708347, 25.0931847], [121.3709534, 25.0931011], [121.3711211, 25.0929621], [121.3712235, 25.0928041], [121.3713411, 25.0926495], [121.3715194, 25.0923884], [121.3716541, 25.0922475], [121.3718665, 25.0920517], [121.3720884, 25.0919109], [121.3724829, 25.0916636], [121.3727465, 25.0915313], [121.372957, 25.0914231], [121.3731069, 25.0913441], [121.3733635, 25.0911657], [121.3734476, 25.0911229], [121.3736368, 25.0910301], [121.3739797, 25.090853], [121.374217, 25.0907455], [121.374384, 25.090644], [121.3746104, 25.0904489], [121.3748389, 25.0902778], [121.3750697, 25.0901046], [121.3753729, 25.0899912], [121.3757897, 25.0898371]]}}, {"type": "Feature", "properties": {"county": "新北市", "district": "八里區", "highway": "secondary", "name": "中山路"}, "geometry": {"type": "LineString", "coordinates": [[121.373922, 25.0870219], [121.3739926, 25.0869141], [121.3752278, 25.0860315], [121.3755858, 25.0857758], [121.3770125, 25.0844233], [121.3772579, 25.0841753]]}}, {"type": "Feature", "properties": {"county": "新北市", "district": "八里區", "highway": "residential", "name": "松柏路"}, "geometry": {"type": "LineString", "coordinates": [[121.3783712, 25.0882243], [121.378719, 25.0888936], [121.3792019, 25.09], [121.3796591, 25.090912], [121.3796659, 25.0909802], [121.3796516, 25.0910483], [121.3793735, 25.0914223], [121.3793628, 25.0914988], [121.3793883, 25.0915777], [121.3800065, 25.0925032], [121.3800752, 25.0927509], [121.3801219, 25.0928912], [121.3801631, 25.0929513], [121.3802107, 25.0930066], [121.3802605, 25.0930472], [121.3803599, 25.0931505]]}}, {"type": "Feature", "properties": {"county": "新北市", "district": "八里區", "highway": "residential", "name": null}, "geometry": {"type": "LineString", "coordinates": [[121.3879856, 25.0811229], [121.3872636, 25.0817464]]}}, {"type": "Feature", "properties": {"county": "新北市", "district": "八里區", "highway": "residential", "name": "文化二路二段178巷18弄"}, "geometry": {"type": "LineString", "coordinates": [[121.3806312, 25.0828359], [121.3810296, 25.0836731]]}}, {"type": "Feature", "properties": {"county": "新北市", "district": "八里區", "highway": "residential", "name": "文化三路二段211巷"}, "geometry": {"type": "LineString", "coordinates": [[121.3745778, 25.0834624], [121.3754721, 25.0845605]]}}, {"type": "Feature", "properties": {"county": "新北市", "district": "八里區", "highway": "residential", "name": "中北三街138巷"}, "geometry": {"type": "LineString", "coordinates": [[121.3836915, 25.0837482], [121.3830959, 25.08404]]}}, {"type": "Feature", "properties": {"county": "新北市", "district": "八里區", "highway": "residential", "name": null}, "geometry": {"type": "LineString", "coordinates": [[121.3792019, 25.09], [121.3770326, 25.0912867]]}}, {"type": "Feature", "properties": {"county": "新北市", "district": "八里區", "highway": "residential", "name": null}, "geometry": {"type": "LineString", "coordinates": [[121.3873764, 25.0818566], [121.3872636, 25.0817464], [121.386888, 25.0813793]]}}, {"type": "Feature", "properties": {"county": "新北市", "district": "八里區", "highway": "residential", "name": "文林二街"}, "geometry": {"type": "LineString", "coordinates": [[121.3772393, 25.0893781], [121.3764193, 25.0882654], [121.3754836, 25.0868701]]}}, {"type": "Feature", "properties": {"county": "新北市", "district": "八里區", "highway": "residential", "name": "福林路52巷"}, "geometry": {"type": "LineString", "coordinates": [[121.3802093, 25.0895224], [121.3796724, 25.0898257], [121.3791161, 25.0887818]]}}, {"type": "Feature", "properties": {"county": "新北市", "district": "八里區", "highway": "residential", "name": null}, "geometry": {"type": "LineString", "coordinates": [[121.3726599, 25.083034], [121.3728445, 25.083288], [121.3730825, 25.0835801]]}}, {"type": "Feature", "properties": {"county": "新北市", "district": "八里區", "highway": "residential", "name": "文林街163巷"}, "geometry": {"type": "LineString", "coordinates": [[121.3816308, 25.0913731], [121.3813899, 25.0915074], [121.380374, 25.0921663]]}}, {"type": "Feature", "properties": {"county": "新北市", "district": "八里區", "highway": "residential", "name": "文化二路二段88巷"}, "geometry": {"type": "LineString", "coordinates": [[121.380546, 25.0802604], [121.3796919, 25.0807494], [121.3787338, 25.0812979], [121.3786316, 25.0813525]]}}, {"type": "Feature", "properties": {"county": "新北市", "district": "八里區", "highway": "residential", "name": "文化北路二段166巷"}, "geometry": {"type": "LineString", "coordinates": [[121.3715638, 25.0841066], [121.3716833, 25.0840302], [121.3721824, 25.0837111], [121.3728445, 25.083288]]}}, {"type": "Feature", "properties": {"county": "新北市", "district": "八里區", "highway": "residential", "name": null}, "geometry": {"type": "LineString", "coordinates": [[121.3804882, 25.0923208], [121.380374, 25.0921663], [121.3801014, 25.0917385]]}}, {"type": "Feature", "properties": {"county": "新北市", "district": "八里區", "highway": "residential", "name": "文化二路二段110巷"}, "geometry": {"type": "LineString", "coordinates": [[121.3807772, 25.081036], [121.3805591, 25.0811314], [121.3792134, 25.0818657], [121.3790949, 25.0819015]]}}, {"type": "Feature", "properties": {"county": "新北市", "district": "八里區", "highway": "residential", "name": "文林街75巷"}, "geometry": {"type": "LineString", "coordinates": [[121.3805357, 25.0901386], [121.3800528, 25.0904069], [121.3800313, 25.0904421], [121.3800327, 25.0904652], [121.380649, 25.0913937]]}}, {"type": "Feature", "properties": {"county": "新北市", "district": "八里區", "highway": "residential", "name": "文林北路二段550巷"}, "geometry": {"type": "LineString", "coordinates": [[121.3785631, 25.0921665], [121.3779532, 25.0925438], [121.377821, 25.0926254]]}}, {"type": "Feature", "properties": {"county": "新北市", "district": "八里區", "highway": "residential", "name": "文林五街"}, "geometry": {"type": "LineString", "coordinates": [[121.3721824, 25.0837111], [121.3726836, 25.0843398], [121.3730266, 25.0847699], [121.373378, 25.0852105]]}}, {"type": "Feature", "properties": {"county": "新北市", "district": "八里區", "highway": "residential", "name": "文化三路二段211巷"}, "geometry": {"type": "LineString", "coordinates": [[121.375941, 25.0833791], [121.3759594, 25.08415], [121.3759326, 25.0842174], [121.3759138, 25.0842569], [121.375834, 25.0843212], [121.3754721, 25.0845605], [121.3749438, 25.0849301]]}}, {"type": "Feature", "properties": {"county": "新北市", "district": "八里區", "highway": "residential", "name": "民生路"}, "geometry": {"type": "LineString", "coordinates": [[121.3798758, 25.0877578], [121.3797799, 25.087848], [121.3796405, 25.087913], [121.3783712, 25.0882243], [121.3774091, 25.0884407]]}}, {"type": "Feature", "properties": {"county": "新北市", "district": "八里區", "highway": "residential", "name": "文林北路二段550巷20弄"}, "geometry": {"type": "LineString", "coordinates": [[121.3789364, 25.0905722], [121.3783943, 25.0909188], [121.3779308, 25.0912067], [121.3779215, 25.0912285], [121.3779255, 25.0912601], [121.3785631, 25.0921665]]}}, {"type": "Feature", "properties": {"county": "新北市", "district": "八里區", "highway": "residential", "name": "林口路187巷"}, "geometry": {"type": "LineString", "coordinates": [[121.3879856, 25.0811229], [121.3881871, 25.0813702], [121.3883784, 25.0814988], [121.3884436, 25.0815461]]}}, {"type": "Feature", "properties": {"county": "新北市", "district": "八里區", "highway": "residential", "name": "文化三路二段459巷"}, "geometry": {"type": "LineString", "coordinates": [[121.3817875, 25.0906772], [121.3816764, 25.0907414], [121.3811375, 25.0910709], [121.380649, 25.0913937], [121.3801014, 25.0917385]]}}, {"type": "Feature", "properties": {"county": "新北市", "district": "八里區", "highway": "residential", "name": null}, "geometry": {"type": "LineString", "coordinates": [[121.3764193, 25.0882654], [121.3758998, 25.0884844], [121.3758268, 25.0885142], [121.3751371, 25.088689], [121.3750125, 25.0887662]]}}, {"type": "Feature", "properties": {"county": "新北市", "district": "八里區", "highway": "tertiary", "name": "文化北路二段"}, "geometry": {"type": "LineString", "coordinates": [[121.3759384, 25.0897928], [121.3770326, 25.0912867], [121.3779532, 25.0925438], [121.3789207, 25.0938649]]}}, {"type": "Feature", "properties": {"county": "新北市", "district": "八里區", "highway": "residential", "name": "文林五街28巷"}, "geometry": {"type": "LineString", "coordinates": [[121.3726836, 25.0843398], [121.3734435, 25.0838943], [121.3735454, 25.0838579], [121.3736125, 25.0839064], [121.3738306, 25.0841632], [121.3738559, 25.0842097], [121.3738526, 25.0842528], [121.3738074, 25.0843042], [121.3730266, 25.0847699]]}}, {"type": "Feature", "properties": {"county": "新北市", "district": "八里區", "highway": "residential", "name": "中北三街176巷"}, "geometry": {"type": "LineString", "coordinates": [[121.3830732, 25.0826564], [121.382463, 25.0829592], [121.3819928, 25.0832025]]}}, {"type": "Feature", "properties": {"county": "新北市", "district": "八里區", "highway": "residential", "name": "文林一街"}, "geometry": {"type": "LineString", "coordinates": [[121.3793231, 25.0869073], [121.3792061, 25.0869787], [121.3786002, 25.0871994], [121.3779608, 25.0874324]]}}, {"type": "Feature", "properties": {"county": "新北市", "district": "八里區", "highway": "residential", "name": "文林四街15巷"}, "geometry": {"type": "LineString", "coordinates": [[121.3748778, 25.0855891], [121.3740343, 25.0860773], [121.373969, 25.0860827], [121.3738149, 25.085886]]}}, {"type": "Feature", "properties": {"county": "新北市", "district": "八里區", "highway": "residential", "name": "文化三路二段211巷"}, "geometry": {"type": "LineString", "coordinates": [[121.3765367, 25.0830171], [121.3764465, 25.0830858], [121.375941, 25.0833791], [121.3751762, 25.0831831], [121.3750206, 25.0832026], [121.3748999, 25.0832633], [121.3745778, 25.0834624], [121.3740819, 25.0837801]]}}, {"type": "Feature", "properties": {"county": "新北市", "district": "八里區", "highway": "residential", "name": "中山路412巷"}, "geometry": {"type": "LineString", "coordinates": [[121.3809177, 25.0819988], [121.3815896, 25.0833903]]}}, {"type": "Feature", "properties": {"county": "新北市", "district": "八里區", "highway": "residential", "name": "文林北路二段550巷29弄"}, "geometry": {"type": "LineString", "coordinates": [[121.3790579, 25.0918606], [121.3796159, 25.0926508], [121.3796149, 25.0926927], [121.3795895, 25.0927267], [121.3791501, 25.092985], [121.3789864, 25.0931004]]}}, {"type": "Feature", "properties": {"county": "新北市", "district": "八里區", "highway": "residential", "name": "文林四街"}, "geometry": {"type": "LineString", "coordinates": [[121.3752278, 25.0860315], [121.3748778, 25.0855891], [121.3745132, 25.0851471], [121.3742081, 25.0847424], [121.3741382, 25.0847385], [121.3740715, 25.0847639], [121.373378, 25.0852105], [121.3728528, 25.0855514], [121.3727342, 25.0856259]]}}, {"type": "Feature", "properties": {"county": "新北市", "district": "八里區", "highway": "residential", "name": "文林街"}, "geometry": {"type": "LineString", "coordinates": [[121.3795854, 25.0885486], [121.3801885, 25.0894847], [121.3802093, 25.0895224], [121.3805357, 25.0901386], [121.3811375, 25.0910709], [121.3813899, 25.0915074]]}}, {"type": "Feature", "properties": {"county": "新北市", "district": "八里區", "highway": "residential", "name": "中北三街"}, "geometry": {"type": "LineString", "coordinates": [[121.3835923, 25.0864185], [121.3842496, 25.0861041], [121.3848442, 25.085817], [121.3842902, 25.0848734], [121.3838234, 25.0839811], [121.3836915, 25.0837482], [121.3830732, 25.0826564]]}}, {"type": "Feature", "properties": {"county": "新北市", "district": "八里區", "highway": "residential", "name": "中北三街"}, "geometry": {"type": "LineString", "coordinates": [[121.3819994, 25.0821838], [121.382463, 25.0829592], [121.3828851, 25.0836653], [121.3830959, 25.08404], [121.383585, 25.0849082], [121.38372, 25.0851505], [121.3842496, 25.0861041]]}}, {"type": "Feature", "properties": {"county": "新北市", "district": "八里區", "highway": "residential", "name": "文林三街"}, "geometry": {"type": "LineString", "coordinates": [[121.3768371, 25.0897299], [121.3767072, 25.0895467], [121.3758998, 25.0884844], [121.3749848, 25.0871834], [121.3754836, 25.0868701], [121.3757406, 25.0867087], [121.375301, 25.0861056]]}}, {"type": "Feature", "properties": {"county": "新北市", "district": "八里區", "highway": "secondary", "name": "文化北路二段"}, "geometry": {"type": "LineString", "coordinates": [[121.3747953, 25.0882182], [121.3751371, 25.088689], [121.3759384, 25.0897928]]}}, {"type": "Feature", "properties": {"county": "新北市", "district": "八里區", "highway": "residential", "name": "大忠街34巷"}, "geometry": {"type": "LineString", "coordinates": [[121.4435238, 25.1759138], [121.4434835, 25.1755254], [121.4435839, 25.1754107], [121.4439193, 25.1757084], [121.4445446, 25.1759471], [121.4446, 25.176006], [121.444499, 25.1762856]]}}, {"type": "Feature", "properties": {"county": "新北市", "district": "八里區", "highway": "residential", "name": "大勇街"}, "geometry": {"type": "LineString", "coordinates": [[121.4417934, 25.1746767], [121.4418485, 25.1749729], [121.4422381, 25.175458], [121.4424638, 25.1757448]]}}, {"type": "Feature", "properties": {"county": "新北市", "district": "八里區", "highway": "residential", "name": "新生街51巷"}, "geometry": {"type": "LineString", "coordinates": [[121.4415976, 25.1762864], [121.4415369, 25.1763005], [121.4411848, 25.1761248], [121.4408045, 25.175924], [121.4406955, 25.1758638], [121.4406292, 25.175765], [121.4406117, 25.1756745], [121.4406089, 25.1756554], [121.4405466, 25.1750652], [121.4404273, 25.1747485]]}}, {"type": "Feature", "properties": {"county": "新北市", "district": "八里區", "highway": "unclassified", "name": "忠六街"}, "geometry": {"type": "LineString", "coordinates": [[121.4227356, 25.1589596], [121.4227423, 25.1590604], [121.422864, 25.1599164], [121.4229851, 25.1607744]]}}, {"type": "Feature", "properties": {"county": "新北市", "district": "八里區", "highway": "unclassified", "name": "文化街"}, "geometry": {"type": "LineString", "coordinates": [[121.4248163, 25.1596884], [121.4242941, 25.1597494], [121.422864, 25.1599164], [121.422597, 25.1599475], [121.4222728, 25.1599854], [121.4220385, 25.1600127], [121.4211188, 25.1601201]]}}, {"type": "Feature", "properties": {"county": "新北市", "district": "八里區", "highway": "unclassified", "name": "忠七街"}, "geometry": {"type": "LineString", "coordinates": [[121.4209799, 25.1593462], [121.4211188, 25.1601201], [121.4212563, 25.1609643]]}}, {"type": "Feature", "properties": {"county": "新北市", "district": "八里區", "highway": "residential", "name": "中山路一段268巷"}, "geometry": {"type": "LineString", "coordinates": [[121.414031, 25.1598478], [121.4142892, 25.1601581], [121.4145917, 25.1606433], [121.4149344, 25.1612248]]}}, {"type": "Feature", "properties": {"county": "新北市", "district": "八里區", "highway": "unclassified", "name": "民義路三段"}, "geometry": {"type": "LineString", "coordinates": [[121.4024636, 25.1145395], [121.4023657, 25.114599], [121.4022477, 25.114814], [121.4021203, 25.1149342], [121.402005, 25.1150216], [121.4018507, 25.1150896], [121.401722, 25.1152293], [121.4015838, 25.1153993], [121.4015257, 25.1156526], [121.4012271, 25.1157028], [121.4011332, 25.1158291], [121.4011279, 25.1161448], [121.4010572, 25.1165282], [121.4009696, 25.1167568], [121.4011248, 25.1171233], [121.4012378, 25.1174611], [121.4012899, 25.1177127], [121.4012946, 25.1180444], [121.4019811, 25.117811]]}}, {"type": "Feature", "properties": {"county": "新北市", "district": "八里區", "highway": "residential", "name": "大崁一街"}, "geometry": {"type": "LineString", "coordinates": [[121.4196173, 25.1588316], [121.420202, 25.1583112], [121.4203098, 25.1581942], [121.4203377, 25.1581638], [121.4206165, 25.1576792], [121.4207036, 25.1574995], [121.4207411, 25.1574286]]}}, {"type": "Feature", "properties": {"county": "新北市", "district": "八里區", "highway": "residential", "name": "龍形二街"}, "geometry": {"type": "LineString", "coordinates": [[121.4507286, 25.130525], [121.4506905, 25.1310087], [121.4506746, 25.1311935], [121.4506127, 25.1318507], [121.4506064, 25.1319362], [121.4505756, 25.1323435]]}}, {"type": "Feature", "properties": {"county": "新北市", "district": "八里區", "highway": "unclassified", "name": "天乙路"}, "geometry": {"type": "LineString", "coordinates": [[121.4453091, 25.1195526], [121.4452172, 25.1194824], [121.4452172, 25.1193905], [121.4453138, 25.1191843], [121.4453437, 25.1190907], [121.4453187, 25.118958], [121.4451677, 25.1186308], [121.4451182, 25.1184851], [121.4450097, 25.1182337], [121.4449481, 25.1180049], [121.4449038, 25.1178983], [121.4447817, 25.1177427], [121.4445352, 25.1175195], [121.4444572, 25.1174563], [121.444354, 25.117427], [121.4440731, 25.117447], [121.443691, 25.117553], [121.4433767, 25.1175865], [121.4432042, 25.1176422], [121.4428793, 25.1176086], [121.4425633, 25.1176701], [121.4421998, 25.1177483], [121.4419656, 25.1177594], [121.4417623, 25.1176534], [121.4415959, 25.1174581], [121.4416452, 25.117341], [121.4418362, 25.1170229], [121.4418547, 25.1168779], [121.4419656, 25.1166491], [121.4421628, 25.1162418], [121.4423045, 25.1159907], [121.4424031, 25.1156783], [121.4424894, 25.1155276], [121.4424524, 25.1153324], [121.4424401, 25.1151371], [121.4424216, 25.1149418], [121.4423538, 25.1147409], [121.4424065, 25.1144955], [121.4424524, 25.114222], [121.442625, 25.1139486], [121.4427236, 25.1137366], [121.442894, 25.1134869], [121.4429611, 25.1134383], [121.4430416, 25.1133533], [121.4431006, 25.1132926], [121.4431569, 25.1132294], [121.4431864, 25.1131493], [121.4431944, 25.113108], [121.4432079, 25.1130424], [121.4432165, 25.1128494], [121.4432843, 25.1126039], [121.4432266, 25.1125014], [121.4431837, 25.1124328], [121.443181, 25.1123709], [121.4431918, 25.1122786], [121.4432186, 25.1122543], [121.4432602, 25.1122313], [121.4433459, 25.1122357], [121.4434238, 25.1122525], [121.4434815, 25.1122747], [121.4435986, 25.1122915], [121.4437175, 25.1122914], [121.4438006, 25.1123144], [121.4439025, 25.1123436], [121.4439683, 25.1123473], [121.4441347, 25.1123138], [121.4443011, 25.112258], [121.444566, 25.1122803], [121.4447386, 25.1123194], [121.4448078, 25.1123739], [121.4448614, 25.1123946], [121.4449057, 25.1123885], [121.4449513, 25.1123727], [121.444962, 25.1123509], [121.4449714, 25.1123266], [121.4449741, 25.1122986], [121.4449526, 25.1122197], [121.4449204, 25.1121796], [121.4448748, 25.1121517], [121.44484, 25.1121493], [121.444785, 25.1121529], [121.4447032, 25.112142], [121.4446697, 25.112125], [121.4446227, 25.1120728], [121.4446215, 25.1120013], [121.4446482, 25.1118955], [121.4446656, 25.1117522], [121.4446428, 25.1115093], [121.4446348, 25.1114085], [121.4445907, 25.1111867], [121.4445784, 25.1109524], [121.4445106, 25.1107961], [121.4444243, 25.1107069], [121.4444058, 25.1105674], [121.4444428, 25.1104111], [121.4443257, 25.1102493], [121.4441963, 25.1101266], [121.4439841, 25.1101231], [121.443775, 25.1100767], [121.4438622, 25.1100258], [121.4440124, 25.1100027], [121.4443611, 25.1097999], [121.4444509, 25.1096676], [121.4445005, 25.1094721], [121.4445998, 25.109313], [121.4451843, 25.1089847], [121.4452638, 25.1089805], [121.4453176, 25.1090483], [121.4454604, 25.1092389], [121.4456826, 25.1093767], [121.44594, 25.1095694], [121.446094, 25.1095776]]}}, {"type": "Feature", "properties": {"county": "新北市", "district": "八里區", "highway": "trunk", "name": "西部濱海快速公路"}, "geometry": {"type": "LineString", "coordinates": [[121.3617387, 25.134086], [121.3627037, 25.1344814], [121.363237, 25.1346765], [121.3637485, 25.134839], [121.3642227, 25.1349691], [121.3646949, 25.135079], [121.3653855, 25.1351998], [121.3661122, 25.1353172], [121.3668406, 25.1354618], [121.3673522, 25.1355897], [121.3678589, 25.1357376], [121.3683206, 25.1358946], [121.3686989, 25.1360386], [121.369333, 25.136317], [121.3699432, 25.1366169], [121.3711462, 25.1372255], [121.3718293, 25.1375335], [121.3725351, 25.1378021], [121.3732826, 25.1380398], [121.3740291, 25.138278]]}}, {"type": "Feature", "properties": {"county": "新北市", "district": "八里區", "highway": "primary", "name": "中華路一段"}, "geometry": {"type": "LineString", "coordinates": [[121.42386, 25.1589631], [121.4233635, 25.158781], [121.4225731, 25.1584018], [121.4207036, 25.1574995], [121.4204375, 25.1573746], [121.4187222, 25.1565693], [121.4172627, 25.1558841], [121.4161446, 25.1553592], [121.4147786, 25.1547179], [121.414441, 25.1545594], [121.4132119, 25.1539426]]}}, {"type": "Feature", "properties": {"county": "新北市", "district": "八里區", "highway": "primary", "name": "中華路二段"}, "geometry": {"type": "LineString", "coordinates": [[121.4132119, 25.1539426], [121.4131323, 25.1539021], [121.4119455, 25.153346], [121.411694, 25.1532261], [121.410095, 25.1524638], [121.409439, 25.1521443], [121.4083647, 25.1516398], [121.4082506, 25.1515847], [121.4076549, 25.1512913], [121.4072917, 25.1510878], [121.4071047, 25.1509831], [121.4065125, 25.1505721], [121.4058687, 25.1500403], [121.4052778, 25.1495521], [121.4051284, 25.1494286], [121.4039224, 25.1484562], [121.4028241, 25.1474994], [121.4023681, 25.1471182], [121.4015152, 25.1465088], [121.4006072, 25.145926], [121.3997524, 25.1453928]]}}, {"type": "Feature", "properties": {"county": "新北市", "district": "八里區", "highway": "residential", "name": "中華路二段165巷"}, "geometry": {"type": "LineString", "coordinates": [[121.4090592, 25.1500192], [121.409034, 25.1500421]]}}, {"type": "Feature", "properties": {"county": "新北市", "district": "八里區", "highway": "residential", "name": "賢一街"}, "geometry": {"type": "LineString", "coordinates": [[121.4217712, 25.1590707], [121.4216959, 25.1589631], [121.4213981, 25.1586943], [121.4211824, 25.1585155], [121.4203098, 25.1581942], [121.4197489, 25.1579282], [121.4190729, 25.1575843], [121.4183239, 25.1572336], [121.4180711, 25.1571153], [121.417594, 25.1568651], [121.4175259, 25.1568294], [121.416872, 25.1564989], [121.4157864, 25.155983], [121.41442, 25.1551985]]}}, {"type": "Feature", "properties": {"county": "新北市", "district": "八里區", "highway": "residential", "name": "中山路一段398巷"}, "geometry": {"type": "LineString", "coordinates": [[121.4108532, 25.1593715], [121.4111698, 25.1590161], [121.4117215, 25.1583866]]}}, {"type": "Feature", "properties": {"county": "新北市", "district": "八里區", "highway": "residential", "name": "民有街"}, "geometry": {"type": "LineString", "coordinates": [[121.4140399, 25.1557117], [121.4154296, 25.1564804], [121.4165063, 25.1570721]]}}, {"type": "Feature", "properties": {"county": "新北市", "district": "八里區", "highway": "residential", "name": "賢二街"}, "geometry": {"type": "LineString", "coordinates": [[121.4182976, 25.158445], [121.418766, 25.1580723], [121.4190729, 25.1575843]]}}, {"type": "Feature", "properties": {"county": "新北市", "district": "八里區", "highway": "unclassified", "name": null}, "geometry": {"type": "LineString", "coordinates": [[121.4204375, 25.1573746], [121.4204801, 25.157306], [121.4204827, 25.1572675], [121.4204366, 25.1572087], [121.4202512, 25.157017], [121.4201753, 25.1568916], [121.4200791, 25.1568264], [121.4197659, 25.1566217], [121.4196249, 25.1564773], [121.4196496, 25.1563199], [121.4196518, 25.1562113], [121.4196827, 25.1561131], [121.419674, 25.1560462], [121.4196099, 25.1559084], [121.4195918, 25.1558455], [121.4196087, 25.1557341], [121.4196082, 25.1556703], [121.4195927, 25.1554816], [121.4196985, 25.1551364], [121.4196763, 25.1550821], [121.4195269, 25.1548784], [121.419423, 25.1546605], [121.4194002, 25.1545482], [121.4194035, 25.1544567], [121.4194284, 25.154358], [121.4195317, 25.1541803], [121.4195765, 25.1540572], [121.4196133, 25.1538776], [121.4196255, 25.1537391], [121.4196134, 25.1535558], [121.4196274, 25.1534483], [121.4197408, 25.153259], [121.4198528, 25.1530374], [121.419889, 25.1529416], [121.4199124, 25.1528729], [121.4199285, 25.1527777], [121.4199091, 25.1525398], [121.4199205, 25.1524372], [121.4199466, 25.152331], [121.4199983, 25.1522175], [121.4200741, 25.1521301], [121.4201329, 25.1520886], [121.420579, 25.1518708], [121.4208624, 25.1517786], [121.4210012, 25.1517228], [121.4212029, 25.1516448], [121.421278, 25.1513898], [121.4212874, 25.1513376], [121.421321, 25.1513085], [121.4213569, 25.1512859], [121.4215672, 25.1512898], [121.4216817, 25.1512927], [121.4217689, 25.1512454], [121.421871, 25.1511395], [121.4219101, 25.151042], [121.421993, 25.1508664], [121.4220628, 25.1507705], [121.4221794, 25.1506733], [121.4223913, 25.1505362], [121.4225388, 25.1503905], [121.4225978, 25.1503024], [121.4226883, 25.1502101], [121.4227867, 25.1502419], [121.423069, 25.1502729], [121.4231913, 25.15026], [121.4233401, 25.1501616], [121.4235647, 25.1499625]]}}, {"type": "Feature", "properties": {"county": "新北市", "district": "八里區", "highway": "residential", "name": "中華路二段258巷"}, "geometry": {"type": "LineString", "coordinates": [[121.4053277, 25.1494925], [121.4052778, 25.1495521], [121.4047751, 25.1500551], [121.4046782, 25.1501281]]}}, {"type": "Feature", "properties": {"county": "新北市", "district": "八里區", "highway": "residential", "name": "民治街"}, "geometry": {"type": "LineString", "coordinates": [[121.4132771, 25.1567538], [121.4146619, 25.1575264], [121.4153307, 25.1579221], [121.4154253, 25.1579741]]}}, {"type": "Feature", "properties": {"county": "新北市", "district": "八里區", "highway": "residential", "name": "大崁二街"}, "geometry": {"type": "LineString", "coordinates": [[121.4187623, 25.1564977], [121.4187222, 25.1565693], [121.4183239, 25.1572336], [121.4178406, 25.1579584]]}}, {"type": "Feature", "properties": {"county": "新北市", "district": "八里區", "highway": "unclassified", "name": "忠二街"}, "geometry": {"type": "LineString", "coordinates": [[121.4269315, 25.1594243], [121.4269443, 25.159517], [121.4270536, 25.1603053], [121.4271549, 25.1610369], [121.4272687, 25.1618007]]}}, {"type": "Feature", "properties": {"county": "新北市", "district": "八里區", "highway": "residential", "name": "舊城路"}, "geometry": {"type": "LineString", "coordinates": [[121.4006507, 25.1458673], [121.4006072, 25.145926], [121.4001945, 25.1464785], [121.4001763, 25.1465033], [121.399862, 25.1469313], [121.3995342, 25.1473777]]}}, {"type": "Feature", "properties": {"county": "新北市", "district": "八里區", "highway": "residential", "name": "埤頭一街"}, "geometry": {"type": "LineString", "coordinates": [[121.416178, 25.1552936], [121.4161446, 25.1553592], [121.4157864, 25.155983], [121.4154296, 25.1564804], [121.4150504, 25.157009], [121.4146619, 25.1575264], [121.4142464, 25.1580798]]}}, {"type": "Feature", "properties": {"county": "新北市", "district": "八里區", "highway": "unclassified", "name": "文心街"}, "geometry": {"type": "LineString", "coordinates": [[121.4296416, 25.1607656], [121.4295437, 25.1607763], [121.428459, 25.1608946], [121.4271549, 25.1610369], [121.4256522, 25.1612009], [121.4250614, 25.1612653]]}}, {"type": "Feature", "properties": {"county": "新北市", "district": "八里區", "highway": "primary", "name": "中山路三段"}, "geometry": {"type": "LineString", "coordinates": [[121.3918754, 25.1426979], [121.3919785, 25.1427757], [121.3922475, 25.1429879], [121.393447, 25.1438578], [121.3937205, 25.1440433], [121.3939131, 25.1441634], [121.3942398, 25.1443272], [121.3958171, 25.1450102], [121.3958601, 25.1450823]]}}, {"type": "Feature", "properties": {"county": "新北市", "district": "八里區", "highway": "primary", "name": "中華路二段"}, "geometry": {"type": "LineString", "coordinates": [[121.3982902, 25.1445165], [121.3975623, 25.1440677]]}}, {"type": "Feature", "properties": {"county": "新北市", "district": "八里區", "highway": "primary", "name": "中山路三段"}, "geometry": {"type": "LineString", "coordinates": [[121.3918195, 25.1427679], [121.3914763, 25.142506], [121.3914358, 25.1424792]]}}, {"type": "Feature", "properties": {"county": "新北市", "district": "八里區", "highway": "primary", "name": "西部濱海公路"}, "geometry": {"type": "LineString", "coordinates": [[121.3483971, 25.1285244], [121.3485503, 25.1285815], [121.349493, 25.1289106], [121.3501153, 25.1291194], [121.3508904, 25.1294083], [121.3510565, 25.1294696], [121.351608, 25.1296937], [121.3520599, 25.1299061], [121.3524917, 25.1300895], [121.3528485, 25.1302413], [121.3533849, 25.1304695], [121.3546925, 25.1310207], [121.3554145, 25.1313242], [121.3561565, 25.1316444], [121.3570367, 25.1320344], [121.357359, 25.1321734], [121.3582135, 25.132542], [121.3590521, 25.1328849], [121.3601993, 25.1333585], [121.3608503, 25.1336283], [121.3619076, 25.1340413], [121.3622113, 25.1342023], [121.3624006, 25.1342689], [121.3624632, 25.1343031], [121.3630922, 25.1345551], [121.3633159, 25.1346251], [121.3637508, 25.1347613], [121.3640926, 25.1348683], [121.364488, 25.1349605], [121.3647349, 25.135009], [121.3649831, 25.1350577], [121.3654791, 25.1351332], [121.3663625, 25.1352781], [121.3666443, 25.1353431]]}}, {"type": "Feature", "properties": {"county": "新北市", "district": "八里區", "highway": "residential", "name": "龍米路二段206巷"}, "geometry": {"type": "LineString", "coordinates": [[121.4328329, 25.1593146], [121.4327487, 25.1595588], [121.432667, 25.159732], [121.4325791, 25.1598816], [121.4325085, 25.1600054], [121.4325231, 25.1602282]]}}, {"type": "Feature", "properties": {"county": "新北市", "district": "八里區", "highway": "trunk_link", "name": "八里交流道"}, "geometry": {"type": "LineString", "coordinates": [[121.398045, 25.1428717], [121.3981577, 25.1425249]]}}, {"type": "Feature", "properties": {"county": "新北市", "district": "八里區", "highway": "primary_link", "name": null}, "geometry": {"type": "LineString", "coordinates": [[121.4329327, 25.1583158], [121.4328873, 25.1583992]]}}, {"type": "Feature", "properties": {"county": "新北市", "district": "八里區", "highway": "residential", "name": "龍米路二段200巷"}, "geometry": {"type": "LineString", "coordinates": [[121.4337705, 25.1587846], [121.4338039, 25.1588759], [121.4338911, 25.1589415], [121.4337221, 25.1592814], [121.4334038, 25.1593044], [121.4328329, 25.1593146]]}}, {"type": "Feature", "properties": {"county": "新北市", "district": "八里區", "highway": "unclassified", "name": "仁愛路"}, "geometry": {"type": "LineString", "coordinates": [[121.4075138, 25.15456], [121.4062911, 25.1555984], [121.4077335, 25.157036], [121.4092146, 25.1582201], [121.4096375, 25.1585459], [121.4098583, 25.1587348], [121.4108532, 25.1593715], [121.4125403, 25.1604337], [121.4143071, 25.1615461]]}}, {"type": "Feature", "properties": {"county": "新北市", "district": "八里區", "highway": "residential", "name": "頂寮三街"}, "geometry": {"type": "LineString", "coordinates": [[121.4504831, 25.1250033], [121.4517035, 25.125615], [121.4525321, 25.1260475], [121.4525836, 25.1260718]]}}, {"type": "Feature", "properties": {"county": "新北市", "district": "八里區", "highway": "unclassified", "name": null}, "geometry": {"type": "LineString", "coordinates": [[121.3973989, 25.1438543], [121.397528, 25.1437214], [121.3977198, 25.1434932], [121.3978646, 25.143272]]}}, {"type": "Feature", "properties": {"county": "新北市", "district": "八里區", "highway": "primary", "name": "龍米路三段"}, "geometry": {"type": "LineString", "coordinates": [[121.4294111, 25.1589722], [121.4292878, 25.1589996], [121.4286983, 25.1591294], [121.4276979, 25.1593515], [121.4270971, 25.1594838], [121.4269443, 25.159517], [121.4267578, 25.1595312], [121.4262964, 25.1595369], [121.4259411, 25.1594838], [121.425528, 25.1593791], [121.424734, 25.1591585]]}}, {"type": "Feature", "properties": {"county": "新北市", "district": "八里區", "highway": "primary", "name": "龍米路二段"}, "geometry": {"type": "LineString", "coordinates": [[121.4484763, 25.1400892], [121.4483697, 25.1403069], [121.4482576, 25.1405683], [121.4481158, 25.1409397], [121.4480993, 25.1409883], [121.448076, 25.141057], [121.4478165, 25.1417886], [121.4474839, 25.1427274], [121.4474334, 25.1428513], [121.4472551, 25.1431667], [121.4472346, 25.1432052], [121.4471998, 25.1432755], [121.4470949, 25.1435426], [121.4467861, 25.1444808], [121.4467712, 25.1445258], [121.4467408, 25.1446184]]}}, {"type": "Feature", "properties": {"county": "新北市", "district": "八里區", "highway": "residential", "name": "粉寮路二段235巷"}, "geometry": {"type": "LineString", "coordinates": [[121.4041561, 25.0916718], [121.4031915, 25.0917933], [121.4024169, 25.0918677], [121.4019781, 25.0917884], [121.4015351, 25.0917448], [121.4011817, 25.091858], [121.4009354, 25.0920293], [121.4008854, 25.0926403], [121.400939, 25.0927729], [121.4012924, 25.0935488]]}}, {"type": "Feature", "properties": {"county": "新北市", "district": "八里區", "highway": "unclassified", "name": "下罟子產業道路"}, "geometry": {"type": "LineString", "coordinates": [[121.385958, 25.1366045], [121.3857174, 25.1364395], [121.3854331, 25.1363504], [121.3852365, 25.1363393], [121.3850265, 25.1362536], [121.3845971, 25.1359758], [121.3845033, 25.1359188], [121.3843964, 25.1358689], [121.3841209, 25.1357775], [121.3838303, 25.1357903], [121.383646, 25.1357985], [121.3831659, 25.1357567], [121.3827029, 25.1356178], [121.3825809, 25.135504], [121.3824959, 25.1353433], [121.3824774, 25.1351224], [121.3824219, 25.1349215], [121.3823817, 25.1348591], [121.3823184, 25.1347609], [121.3822592, 25.1346035], [121.3817748, 25.1344261], [121.3816195, 25.1343357], [121.381516, 25.1342119], [121.3814532, 25.134088], [121.3814402, 25.1340144], [121.3814384, 25.1338286]]}}, {"type": "Feature", "properties": {"county": "新北市", "district": "八里區", "highway": "residential", "name": "粉寮路二段160巷"}, "geometry": {"type": "LineString", "coordinates": [[121.4045093, 25.093402], [121.4049176, 25.0932577], [121.4051388, 25.0931803], [121.4053602, 25.093054], [121.4055493, 25.0928706], [121.4056179, 25.0927357], [121.4056957, 25.0923373], [121.4057493, 25.0917592], [121.4057547, 25.0916329], [121.4057198, 25.0914629], [121.4057788, 25.0911957], [121.4058486, 25.0909673], [121.4059693, 25.0907293], [121.4061248, 25.0906248], [121.4063877, 25.0907341], [121.4065406, 25.0909333]]}}, {"type": "Feature", "properties": {"county": "新北市", "district": "八里區", "highway": "unclassified", "name": "中華路二段165巷"}, "geometry": {"type": "LineString", "coordinates": [[121.4101584, 25.1489423], [121.4110325, 25.1492394], [121.4114338, 25.1491835], [121.4117199, 25.1489083], [121.4117795, 25.148851], [121.4118443, 25.1488874], [121.4118659, 25.1490969], [121.4116776, 25.1493987], [121.4110263, 25.149639], [121.4108643, 25.149757], [121.4105451, 25.1498686], [121.4104378, 25.1500192], [121.4103804, 25.1502636], [121.4102823, 25.1503736], [121.4101584, 25.1503813], [121.4098638, 25.1503081], [121.4095741, 25.1501576], [121.4093134, 25.1501043], [121.4090592, 25.1500192]]}}, {"type": "Feature", "properties": {"county": "新北市", "district": "八里區", "highway": "unclassified", "name": null}, "geometry": {"type": "LineString", "coordinates": [[121.4003438, 25.1387022], [121.4003357, 25.1386938], [121.4001902, 25.138472], [121.4001674, 25.1383785], [121.4002197, 25.1382134], [121.400284, 25.1379973], [121.4002612, 25.1375626], [121.400227, 25.1373599], [121.4001231, 25.1372069], [121.4000797, 25.1371608], [121.3995789, 25.1370312], [121.3992614, 25.1369217], [121.3990548, 25.1369596], [121.3988927, 25.1370377], [121.3987859, 25.1372273], [121.3987161, 25.1372224], [121.3984321, 25.1371351]]}}, {"type": "Feature", "properties": {"county": "新北市", "district": "八里區", "highway": "residential", "name": null}, "geometry": {"type": "LineString", "coordinates": [[121.4059451, 25.1090088], [121.4059592, 25.1090731]]}}, {"type": "Feature", "properties": {"county": "新北市", "district": "八里區", "highway": "residential", "name": null}, "geometry": {"type": "LineString", "coordinates": [[121.4055723, 25.1092404], [121.4056662, 25.1091849], [121.4058232, 25.1091327], [121.4059592, 25.1090731], [121.4060511, 25.1090598], [121.4061074, 25.109047], [121.406204, 25.1090835], [121.4063327, 25.1092608], [121.406544, 25.1093382], [121.4066441, 25.1094741], [121.4066774, 25.1095557], [121.4067258, 25.1096358], [121.4068709, 25.1097309], [121.406926, 25.1098276], [121.406966, 25.1099998], [121.4071245, 25.1103518], [121.4072764, 25.1105648], [121.4072914, 25.1108972], [121.407258, 25.1112023], [121.4073865, 25.1116162], [121.4077518, 25.1119561], [121.4078403, 25.1121057], [121.4081355, 25.1123489], [121.4083571, 25.112602], [121.4084562, 25.1128712], [121.4086827, 25.113025], [121.4088667, 25.1131404], [121.4090791, 25.113448], [121.4092206, 25.1136916], [121.4096519, 25.1140344]]}}, {"type": "Feature", "properties": {"county": "新北市", "district": "八里區", "highway": "residential", "name": "民義路二段52巷"}, "geometry": {"type": "LineString", "coordinates": [[121.4112866, 25.1057601], [121.4111819, 25.1058923], [121.4110008, 25.1060138], [121.4107648, 25.106389], [121.41075, 25.1065505], [121.4107822, 25.1073703], [121.4108064, 25.1078584], [121.4109043, 25.1081135], [121.4109999, 25.108353], [121.4110522, 25.10868], [121.4111014, 25.1091615], [121.4111014, 25.1093922], [121.4110458, 25.1095493], [121.4110845, 25.1102027], [121.4110011, 25.1108139], [121.4109904, 25.1111612], [121.4111191, 25.1115207], [121.4111043, 25.1118376], [121.4109354, 25.1121485], [121.4108241, 25.1124642], [121.4107704, 25.1127508], [121.4106765, 25.113001], [121.4106749, 25.1131294], [121.4106705, 25.1132147], [121.4106913, 25.1133027], [121.4108274, 25.1132566], [121.4109633, 25.1131427], [121.4111647, 25.1129026], [121.41128, 25.1127156], [121.4113498, 25.1126597], [121.411449, 25.1126986], [121.4115584, 25.1127696], [121.411677, 25.1127885], [121.4117725, 25.1127531], [121.4119506, 25.112412], [121.4120176, 25.1123853], [121.4121609, 25.1124056], [121.4124522, 25.1124314], [121.4126185, 25.1124266], [121.4127231, 25.1123537], [121.4126784, 25.112213], [121.4126301, 25.1121809], [121.4125786, 25.11207], [121.4126044, 25.1119884], [121.4127783, 25.1119854], [121.4129591, 25.1119943], [121.4131683, 25.1120574], [121.4133679, 25.1120025], [121.4135236, 25.1118847], [121.413627, 25.1118413], [121.4137756, 25.1118387], [121.4138415, 25.1119773]]}}, {"type": "Feature", "properties": {"county": "新北市", "district": "八里區", "highway": "residential", "name": null}, "geometry": {"type": "LineString", "coordinates": [[121.4066076, 25.1071173], [121.4065304, 25.107389], [121.4064226, 25.1076056], [121.4063588, 25.1078501], [121.4063181, 25.1079594], [121.4062332, 25.1082321], [121.4061199, 25.108596], [121.4059451, 25.1090088]]}}, {"type": "Feature", "properties": {"county": "新北市", "district": "八里區", "highway": "residential", "name": null}, "geometry": {"type": "LineString", "coordinates": [[121.4176031, 25.0984351], [121.4175273, 25.0984239], [121.4173961, 25.0984579], [121.4169449, 25.0987947], [121.4166852, 25.0988251], [121.416451, 25.0987075], [121.4162192, 25.0985924], [121.4160514, 25.0984004], [121.4158458, 25.0981607], [121.4157051, 25.0979493], [121.4156103, 25.097786], [121.4155781, 25.0974726], [121.4156667, 25.0973731]]}}, {"type": "Feature", "properties": {"county": "新北市", "district": "八里區", "highway": "unclassified", "name": "機車專用道"}, "geometry": {"type": "LineString", "coordinates": [[121.4443377, 25.1694494], [121.444356, 25.1693431], [121.4443506, 25.1692891], [121.4443197, 25.1692412], [121.4442735, 25.1691999], [121.4442165, 25.169172], [121.4441568, 25.1691617], [121.444102, 25.1691856], [121.4436391, 25.1693873], [121.443554, 25.1694087]]}}, {"type": "Feature", "properties": {"county": "新北市", "district": "八里區", "highway": "unclassified", "name": null}, "geometry": {"type": "LineString", "coordinates": [[121.444759, 25.1690105], [121.4446906, 25.1689411]]}}, {"type": "Feature", "properties": {"county": "新北市", "district": "八里區", "highway": "residential", "name": "學府路32巷"}, "geometry": {"type": "LineString", "coordinates": [[121.4477845, 25.1687149], [121.4482673, 25.1684648], [121.448491, 25.1683718], [121.4483652, 25.1681323], [121.4481584, 25.1678656]]}}, {"type": "Feature", "properties": {"county": "新北市", "district": "八里區", "highway": "residential", "name": "中正東路35巷"}, "geometry": {"type": "LineString", "coordinates": [[121.4467778, 25.168964], [121.4463884, 25.1685675], [121.4461873, 25.1683454], [121.4460813, 25.1682306]]}}, {"type": "Feature", "properties": {"county": "新北市", "district": "八里區", "highway": "residential", "name": "英專路2巷"}, "geometry": {"type": "LineString", "coordinates": [[121.4463884, 25.1685675], [121.4461993, 25.1686694], [121.4459651, 25.1687747], [121.4465002, 25.1692966]]}}, {"type": "Feature", "properties": {"county": "新北市", "district": "八里區", "highway": "residential", "name": "中正東路51巷"}, "geometry": {"type": "LineString", "coordinates": [[121.447215, 25.1685938], [121.4466797, 25.1679212]]}}, {"type": "Feature", "properties": {"county": "新北市", "district": "八里區", "highway": "residential", "name": null}, "geometry": {"type": "LineString", "coordinates": [[121.4374866, 25.1732583], [121.4374866, 25.1733324], [121.4374638, 25.1733979], [121.4374157, 25.1734888], [121.4373692, 25.1735624], [121.4372586, 25.1738336], [121.4372063, 25.1739659]]}}, {"type": "Feature", "properties": {"county": "新北市", "district": "八里區", "highway": "residential", "name": "英專路28巷2弄"}, "geometry": {"type": "LineString", "coordinates": [[121.4459238, 25.1699405], [121.4457857, 25.1688407]]}}, {"type": "Feature", "properties": {"county": "新北市", "district": "八里區", "highway": "residential", "name": "學府路51巷"}, "geometry": {"type": "LineString", "coordinates": [[121.4480474, 25.1693023], [121.4476064, 25.169475], [121.4472952, 25.1696424]]}}, {"type": "Feature", "properties": {"county": "新北市", "district": "八里區", "highway": "residential", "name": "馬偕街1巷"}, "geometry": {"type": "LineString", "coordinates": [[121.4359082, 25.1741226], [121.4361858, 25.1747027]]}}, {"type": "Feature", "properties": {"county": "新北市", "district": "八里區", "highway": "residential", "name": "鄧公路30巷1弄"}, "geometry": {"type": "LineString", "coordinates": [[121.4525331, 25.1695759], [121.4531274, 25.1694945], [121.4537656, 25.1695011], [121.4544281, 25.1695484]]}}, {"type": "Feature", "properties": {"county": "新北市", "district": "八里區", "highway": "residential", "name": "鄧公路30巷"}, "geometry": {"type": "LineString", "coordinates": [[121.4525434, 25.1697922], [121.4528371, 25.1698529], [121.4535533, 25.1698056]]}}, {"type": "Feature", "properties": {"county": "新北市", "district": "八里區", "highway": "residential", "name": "學府路102巷"}, "geometry": {"type": "LineString", "coordinates": [[121.4534133, 25.1714369], [121.4534694, 25.1712338], [121.4534828, 25.171059], [121.4534713, 25.1708892], [121.4534204, 25.1707387], [121.4533211, 25.1705858], [121.4532031, 25.1704765]]}}, {"type": "Feature", "properties": {"county": "新北市", "district": "八里區", "highway": "residential", "name": "仁愛街18巷"}, "geometry": {"type": "LineString", "coordinates": [[121.4473337, 25.1702731], [121.4470407, 25.1703514], [121.4467335, 25.1704035]]}}, {"type": "Feature", "properties": {"county": "新北市", "district": "八里區", "highway": "residential", "name": "仁愛街"}, "geometry": {"type": "LineString", "coordinates": [[121.4470832, 25.1706001], [121.4472471, 25.1706716], [121.4473118, 25.1707036], [121.4474069, 25.1707853], [121.4475813, 25.1710171], [121.4476483, 25.1710535], [121.4478992, 25.1710483], [121.4480696, 25.1711525]]}}, {"type": "Feature", "properties": {"county": "新北市", "district": "八里區", "highway": "residential", "name": "學府路34巷"}, "geometry": {"type": "LineString", "coordinates": [[121.4483652, 25.1681323], [121.4486359, 25.1679688], [121.4487512, 25.1680149]]}}, {"type": "Feature", "properties": {"county": "新北市", "district": "八里區", "highway": "residential", "name": "平遠街"}, "geometry": {"type": "LineString", "coordinates": [[121.4474404, 25.1674322], [121.4475709, 25.1675864], [121.447934, 25.1682042]]}}, {"type": "Feature", "properties": {"county": "新北市", "district": "八里區", "highway": "residential", "name": "水源街二段92巷5弄"}, "geometry": {"type": "LineString", "coordinates": [[121.4521168, 25.174052], [121.4525852, 25.1741311]]}}, {"type": "Feature", "properties": {"county": "新北市", "district": "八里區", "highway": "residential", "name": "忠愛街"}, "geometry": {"type": "LineString", "coordinates": [[121.4513737, 25.1711598], [121.4515112, 25.1713363], [121.4515518, 25.1713884], [121.4517198, 25.1715346], [121.4519132, 25.1716491], [121.4523906, 25.1718239], [121.4525167, 25.1718628]]}}, {"type": "Feature", "properties": {"county": "新北市", "district": "八里區", "highway": "residential", "name": "鄧公路31巷"}, "geometry": {"type": "LineString", "coordinates": [[121.4512729, 25.1708179], [121.4520943, 25.1705857], [121.4522132, 25.1705505], [121.4525691, 25.1706052]]}}, {"type": "Feature", "properties": {"county": "新北市", "district": "八里區", "highway": "residential", "name": "鄧公路33巷"}, "geometry": {"type": "LineString", "coordinates": [[121.4513515, 25.1710845], [121.4519068, 25.1709328], [121.4520514, 25.1708722], [121.4526801, 25.1709463]]}}, {"type": "Feature", "properties": {"county": "新北市", "district": "八里區", "highway": "residential", "name": "學府路102巷"}, "geometry": {"type": "LineString", "coordinates": [[121.4510376, 25.1719196], [121.4514559, 25.1717207], [121.4517198, 25.1715346]]}}, {"type": "Feature", "properties": {"county": "新北市", "district": "八里區", "highway": "residential", "name": "鄧公路35巷"}, "geometry": {"type": "LineString", "coordinates": [[121.4515112, 25.1713363], [121.4520568, 25.1711926], [121.4526248, 25.1712589], [121.4528293, 25.1712776]]}}, {"type": "Feature", "properties": {"county": "新北市", "district": "八里區", "highway": "unclassified", "name": "忠愛街"}, "geometry": {"type": "LineString", "coordinates": [[121.4534133, 25.1714369], [121.4532243, 25.1716477], [121.4530424, 25.1717729], [121.4527608, 25.1718676], [121.4525167, 25.1718628]]}}, {"type": "Feature", "properties": {"county": "新北市", "district": "八里區", "highway": "unclassified", "name": "忠愛街"}, "geometry": {"type": "LineString", "coordinates": [[121.4534133, 25.1714369], [121.453584, 25.1713529], [121.4537369, 25.171331], [121.4538938, 25.171342], [121.4541472, 25.171388], [121.454272, 25.1713819], [121.4543628, 25.1713662], [121.45447, 25.1713613], [121.4545934, 25.1713759], [121.4547275, 25.1714099], [121.4548582, 25.171438], [121.4550352, 25.1714866], [121.455129, 25.1715643], [121.4552149, 25.1716893], [121.4553155, 25.1717707], [121.4555233, 25.171909], [121.4556628, 25.1719673]]}}, {"type": "Feature", "properties": {"county": "新北市", "district": "八里區", "highway": "residential", "name": null}, "geometry": {"type": "LineString", "coordinates": [[121.4514676, 25.1729488], [121.4514005, 25.1727473], [121.4512759, 25.1724403]]}}, {"type": "Feature", "properties": {"county": "新北市", "district": "八里區", "highway": "residential", "name": null}, "geometry": {"type": "LineString", "coordinates": [[121.4521546, 25.1726555], [121.4521341, 25.1723225]]}}, {"type": "Feature", "properties": {"county": "新北市", "district": "八里區", "highway": "tertiary", "name": "國泰橋"}, "geometry": {"type": "LineString", "coordinates": [[121.4606544, 25.1689428], [121.461034, 25.168904]]}}, {"type": "Feature", "properties": {"county": "新北市", "district": "八里區", "highway": "residential", "name": "中正東路一段3巷14弄"}, "geometry": {"type": "LineString", "coordinates": [[121.4524385, 25.1651685], [121.4516982, 25.1648141], [121.4514539, 25.1651877]]}}, {"type": "Feature", "properties": {"county": "新北市", "district": "八里區", "highway": "residential", "name": "鄧公路2巷"}, "geometry": {"type": "LineString", "coordinates": [[121.448491, 25.1683718], [121.4486815, 25.1687068], [121.4487743, 25.1688806], [121.4487995, 25.1689277], [121.4488453, 25.1691714], [121.4488265, 25.1693511], [121.4487702, 25.1695016], [121.4486936, 25.169614]]}}, {"type": "Feature", "properties": {"county": "新北市", "district": "八里區", "highway": "tertiary", "name": "水源街一段"}, "geometry": {"type": "LineString", "coordinates": [[121.4468481, 25.1719662], [121.4473213, 25.1718241], [121.4480077, 25.1716077], [121.4485711, 25.1713565], [121.4486656, 25.1713007], [121.449198, 25.1709761]]}}, {"type": "Feature", "properties": {"county": "新北市", "district": "八里區", "highway": "residential", "name": "水源街一段131巷"}, "geometry": {"type": "LineString", "coordinates": [[121.4468481, 25.1719662], [121.4471175, 25.1725115], [121.4472584, 25.1728004]]}}, {"type": "Feature", "properties": {"county": "新北市", "district": "八里區", "highway": "residential", "name": "仁愛街2巷33弄"}, "geometry": {"type": "LineString", "coordinates": [[121.4465339, 25.1716896], [121.4464708, 25.1713048], [121.4464959, 25.1712003]]}}, {"type": "Feature", "properties": {"county": "新北市", "district": "八里區", "highway": "residential", "name": "仁愛街20巷"}, "geometry": {"type": "LineString", "coordinates": [[121.4478173, 25.1705025], [121.4472471, 25.1706716]]}}, {"type": "Feature", "properties": {"county": "新北市", "district": "八里區", "highway": "residential", "name": "仁愛橋"}, "geometry": {"type": "LineString", "coordinates": [[121.447451, 25.1702409], [121.4473337, 25.1702731]]}}, {"type": "Feature", "properties": {"county": "新北市", "district": "八里區", "highway": "residential", "name": "仁愛街"}, "geometry": {"type": "LineString", "coordinates": [[121.4467335, 25.1704035], [121.4466303, 25.1704363], [121.4463163, 25.1704432], [121.4459916, 25.1703955], [121.4456348, 25.1704096]]}}, {"type": "Feature", "properties": {"county": "新北市", "district": "八里區", "highway": "residential", "name": "英專路2巷"}, "geometry": {"type": "LineString", "coordinates": [[121.4459651, 25.1687747], [121.4457857, 25.1688407], [121.4453562, 25.1689737]]}}, {"type": "Feature", "properties": {"county": "新北市", "district": "八里區", "highway": "residential", "name": "學府路51巷2弄"}, "geometry": {"type": "LineString", "coordinates": [[121.4476064, 25.169475], [121.4479244, 25.1700503]]}}, {"type": "Feature", "properties": {"county": "新北市", "district": "八里區", "highway": "residential", "name": "學府路51巷3弄"}, "geometry": {"type": "LineString", "coordinates": [[121.4472952, 25.1696424], [121.4472596, 25.1696014], [121.4469532, 25.1692063], [121.446748, 25.1689975]]}}, {"type": "Feature", "properties": {"county": "新北市", "district": "八里區", "highway": "residential", "name": "鄧公路27巷"}, "geometry": {"type": "LineString", "coordinates": [[121.4513315, 25.1700905], [121.4515273, 25.1702094], [121.4515514, 25.1702896], [121.4520852, 25.1703697]]}}, {"type": "Feature", "properties": {"county": "新北市", "district": "八里區", "highway": "residential", "name": "鄧公路30巷30弄"}, "geometry": {"type": "LineString", "coordinates": [[121.4535533, 25.1698056], [121.4536194, 25.1697871], [121.4537616, 25.1698089], [121.4543919, 25.1700954]]}}, {"type": "Feature", "properties": {"county": "新北市", "district": "八里區", "highway": "residential", "name": "鄧公路30巷29弄"}, "geometry": {"type": "LineString", "coordinates": [[121.4535523, 25.1700662], [121.4535067, 25.1700954], [121.4529569, 25.1701099]]}}, {"type": "Feature", "properties": {"county": "新北市", "district": "八里區", "highway": "residential", "name": "鄧公路30巷2弄"}, "geometry": {"type": "LineString", "coordinates": [[121.4543624, 25.1692668], [121.4536596, 25.1692134], [121.4530924, 25.169194], [121.4525582, 25.1692812], [121.4524902, 25.1693129]]}}, {"type": "Feature", "properties": {"county": "新北市", "district": "八里區", "highway": "residential", "name": "鄧公路30巷31弄"}, "geometry": {"type": "LineString", "coordinates": [[121.4531715, 25.1703745], [121.4532895, 25.1703859], [121.4534156, 25.1703495]]}}, {"type": "Feature", "properties": {"county": "新北市", "district": "八里區", "highway": "residential", "name": "鄧公路35巷19弄"}, "geometry": {"type": "LineString", "coordinates": [[121.4526248, 25.1712589], [121.4525517, 25.1717012], [121.4525569, 25.1718009]]}}, {"type": "Feature", "properties": {"county": "新北市", "district": "八里區", "highway": "residential", "name": "學府路100巷"}, "geometry": {"type": "LineString", "coordinates": [[121.4509023, 25.1714045], [121.4508041, 25.1714572]]}}, {"type": "Feature", "properties": {"county": "新北市", "district": "八里區", "highway": "residential", "name": "學府路102巷"}, "geometry": {"type": "LineString", "coordinates": [[121.4514559, 25.1717207], [121.4515685, 25.1718373], [121.4516329, 25.171864], [121.4518207, 25.1718737], [121.4519709, 25.1719344], [121.4520326, 25.1719392], [121.4521479, 25.1719247], [121.4522954, 25.1719489], [121.4523973, 25.1719319], [121.4525167, 25.1718628]]}}, {"type": "Feature", "properties": {"county": "新北市", "district": "八里區", "highway": "residential", "name": "學府路111巷"}, "geometry": {"type": "LineString", "coordinates": [[121.4489676, 25.172681], [121.4490722, 25.1726834], [121.4491607, 25.1727223], [121.4492867, 25.172732], [121.4502401, 25.1724108]]}}, {"type": "Feature", "properties": {"county": "新北市", "district": "八里區", "highway": "residential", "name": "學府路102巷"}, "geometry": {"type": "LineString", "coordinates": [[121.4503831, 25.1720071], [121.4504991, 25.1721858]]}}, {"type": "Feature", "properties": {"county": "新北市", "district": "八里區", "highway": "residential", "name": "學府路136巷22弄"}, "geometry": {"type": "LineString", "coordinates": [[121.4512759, 25.1724403], [121.4511026, 25.1724929]]}}, {"type": "Feature", "properties": {"county": "新北市", "district": "八里區", "highway": "residential", "name": null}, "geometry": {"type": "LineString", "coordinates": [[121.4510329, 25.1732442], [121.4511752, 25.1731903], [121.4516229, 25.1730208], [121.4521285, 25.1729869], [121.4521931, 25.172967], [121.4521546, 25.1726555]]}}, {"type": "Feature", "properties": {"county": "新北市", "district": "八里區", "highway": "residential", "name": null}, "geometry": {"type": "LineString", "coordinates": [[121.4521341, 25.1723225], [121.4521003, 25.1720328]]}}, {"type": "Feature", "properties": {"county": "新北市", "district": "八里區", "highway": "residential", "name": "學府路136巷42弄"}, "geometry": {"type": "LineString", "coordinates": [[121.4521341, 25.1723225], [121.4524973, 25.1723178]]}}, {"type": "Feature", "properties": {"county": "新北市", "district": "八里區", "highway": "residential", "name": "學府路136巷22弄"}, "geometry": {"type": "LineString", "coordinates": [[121.4512759, 25.1724403], [121.4516954, 25.1723873], [121.4521341, 25.1723225]]}}, {"type": "Feature", "properties": {"county": "新北市", "district": "八里區", "highway": "residential", "name": "學府路136巷40弄"}, "geometry": {"type": "LineString", "coordinates": [[121.4521003, 25.1720328], [121.4515762, 25.1721113]]}}, {"type": "Feature", "properties": {"county": "新北市", "district": "八里區", "highway": "residential", "name": "學府路136巷44弄"}, "geometry": {"type": "LineString", "coordinates": [[121.4521003, 25.1720328], [121.4524396, 25.1720328]]}}, {"type": "Feature", "properties": {"county": "新北市", "district": "八里區", "highway": "residential", "name": "水源街二段120巷"}, "geometry": {"type": "LineString", "coordinates": [[121.4529206, 25.1746501], [121.4529388, 25.1745327], [121.4529575, 25.1744332], [121.4531178, 25.1743446], [121.4531813, 25.1740161], [121.452834, 25.1739396]]}}, {"type": "Feature", "properties": {"county": "新北市", "district": "八里區", "highway": "residential", "name": null}, "geometry": {"type": "LineString", "coordinates": [[121.4531178, 25.1743446], [121.4533438, 25.1742178], [121.4533894, 25.1739562], [121.4534108, 25.1738834]]}}, {"type": "Feature", "properties": {"county": "新北市", "district": "八里區", "highway": "residential", "name": "水源街二段140巷"}, "geometry": {"type": "LineString", "coordinates": [[121.454481, 25.1743847], [121.4543119, 25.1743657], [121.4540892, 25.1744919], [121.4540195, 25.1745793], [121.4538773, 25.1749224]]}}, {"type": "Feature", "properties": {"county": "新北市", "district": "八里區", "highway": "residential", "name": null}, "geometry": {"type": "LineString", "coordinates": [[121.4538707, 25.1743778], [121.4540195, 25.1745793]]}}, {"type": "Feature", "properties": {"county": "新北市", "district": "八里區", "highway": "residential", "name": "水源街二段152巷"}, "geometry": {"type": "LineString", "coordinates": [[121.4548968, 25.174767], [121.4545573, 25.174754], [121.4544862, 25.1748402], [121.4543808, 25.1750946]]}}, {"type": "Feature", "properties": {"county": "新北市", "district": "八里區", "highway": "residential", "name": null}, "geometry": {"type": "LineString", "coordinates": [[121.4545573, 25.174754], [121.4546579, 25.1744676]]}}, {"type": "Feature", "properties": {"county": "新北市", "district": "八里區", "highway": "residential", "name": "水源街二段172巷"}, "geometry": {"type": "LineString", "coordinates": [[121.4552012, 25.1742402], [121.4551771, 25.1745461], [121.4552453, 25.1748475], [121.4556959, 25.1754155], [121.4557066, 25.1754714], [121.4556695, 25.1755881]]}}, {"type": "Feature", "properties": {"county": "新北市", "district": "八里區", "highway": "residential", "name": "三民街"}, "geometry": {"type": "LineString", "coordinates": [[121.438809, 25.1711403], [121.4388538, 25.1713837], [121.4389227, 25.1716346]]}}, {"type": "Feature", "properties": {"county": "新北市", "district": "八里區", "highway": "residential", "name": "三民街"}, "geometry": {"type": "LineString", "coordinates": [[121.43901, 25.1718405], [121.4390713, 25.1718438], [121.4391406, 25.1718605], [121.4391864, 25.171914], [121.4392683, 25.1720252], [121.4392737, 25.1720743], [121.4392904, 25.1720944], [121.4393159, 25.1721065], [121.4393823, 25.1721193], [121.4394353, 25.172132], [121.439459, 25.1721355], [121.4396551, 25.172172], [121.4397544, 25.1722024], [121.4398161, 25.1722212], [121.4398811, 25.1722266]]}}, {"type": "Feature", "properties": {"county": "新北市", "district": "八里區", "highway": "residential", "name": null}, "geometry": {"type": "LineString", "coordinates": [[121.4402467, 25.1731082], [121.4407126, 25.1729416]]}}, {"type": "Feature", "properties": {"county": "新北市", "district": "八里區", "highway": "residential", "name": "重建街1巷"}, "geometry": {"type": "LineString", "coordinates": [[121.4397797, 25.1733441], [121.4397585, 25.1734399], [121.4397438, 25.1735759], [121.4397491, 25.1737288], [121.4397237, 25.1738914], [121.4396705, 25.1740433]]}}, {"type": "Feature", "properties": {"county": "新北市", "district": "八里區", "highway": "residential", "name": "新生街90巷"}, "geometry": {"type": "LineString", "coordinates": [[121.4402606, 25.1739158], [121.4398994, 25.1740212], [121.4397733, 25.174037], [121.4396705, 25.1740433], [121.439611, 25.1740735], [121.4395802, 25.1742167], [121.4395547, 25.1743065], [121.439548, 25.1744861], [121.4395273, 25.174695], [121.4394825, 25.1748218]]}}, {"type": "Feature", "properties": {"county": "新北市", "district": "八里區", "highway": "residential", "name": null}, "geometry": {"type": "LineString", "coordinates": [[121.4395547, 25.1743065], [121.439951, 25.1742482], [121.4400764, 25.174207]]}}, {"type": "Feature", "properties": {"county": "新北市", "district": "八里區", "highway": "residential", "name": "新生街108巷"}, "geometry": {"type": "LineString", "coordinates": [[121.4402187, 25.174773], [121.4401096, 25.1745416], [121.439951, 25.1742482]]}}, {"type": "Feature", "properties": {"county": "新北市", "district": "八里區", "highway": "residential", "name": "新生街80巷"}, "geometry": {"type": "LineString", "coordinates": [[121.4392176, 25.1747897], [121.4392196, 25.1744346], [121.4393148, 25.1741258], [121.4393994, 25.173789], [121.4394457, 25.1736002], [121.4394488, 25.1735124]]}}, {"type": "Feature", "properties": {"county": "新北市", "district": "八里區", "highway": "residential", "name": "馬偕街"}, "geometry": {"type": "LineString", "coordinates": [[121.4354168, 25.1735115], [121.4354669, 25.173539], [121.4358759, 25.1735266], [121.436411, 25.1734152], [121.4374584, 25.1731649], [121.4375013, 25.1731904], [121.4374866, 25.1732583], [121.437445, 25.1733157], [121.4373941, 25.1733691], [121.4373284, 25.1733946], [121.4371607, 25.1733922], [121.4369716, 25.1734602], [121.4367809, 25.1735498], [121.4363158, 25.1738118]]}}, {"type": "Feature", "properties": {"county": "新北市", "district": "八里區", "highway": "unclassified", "name": null}, "geometry": {"type": "LineString", "coordinates": [[121.4359082, 25.1741226], [121.4359176, 25.1740716], [121.4359297, 25.1740291], [121.4359498, 25.1740085], [121.4361698, 25.1738956], [121.4363158, 25.1738118], [121.4366819, 25.1741856], [121.4367421, 25.1742644]]}}, {"type": "Feature", "properties": {"county": "新北市", "district": "八里區", "highway": "residential", "name": "真理街1巷"}, "geometry": {"type": "LineString", "coordinates": [[121.4382056, 25.1730544], [121.43827, 25.1731357], [121.4384562, 25.1732753], [121.4385945, 25.1734949], [121.4382901, 25.1737098], [121.4379295, 25.1732427]]}}, {"type": "Feature", "properties": {"county": "新北市", "district": "八里區", "highway": "residential", "name": "原德路5巷"}, "geometry": {"type": "LineString", "coordinates": [[121.4418107, 25.1713827], [121.442097, 25.1711582]]}}, {"type": "Feature", "properties": {"county": "新北市", "district": "八里區", "highway": "residential", "name": "原德路116巷"}, "geometry": {"type": "LineString", "coordinates": [[121.4436441, 25.1739838], [121.4438291, 25.1738938], [121.4441371, 25.1738446]]}}, {"type": "Feature", "properties": {"county": "新北市", "district": "八里區", "highway": "residential", "name": "水源街一段47巷"}, "geometry": {"type": "LineString", "coordinates": [[121.4439079, 25.1722792], [121.4439016, 25.1729582], [121.4439147, 25.1729907], [121.4440733, 25.1733623], [121.4441371, 25.1738446], [121.444204, 25.1745609]]}}, {"type": "Feature", "properties": {"county": "新北市", "district": "八里區", "highway": "residential", "name": "水源街一段53巷"}, "geometry": {"type": "LineString", "coordinates": [[121.4443851, 25.1745129], [121.4443202, 25.1739696], [121.4442609, 25.1734334], [121.4442267, 25.1733083], [121.4441559, 25.1731746]]}}, {"type": "Feature", "properties": {"county": "新北市", "district": "八里區", "highway": "residential", "name": "水源街一段71巷"}, "geometry": {"type": "LineString", "coordinates": [[121.4444388, 25.1726827], [121.4444027, 25.172915], [121.444349, 25.1734245], [121.4443924, 25.1735068]]}}, {"type": "Feature", "properties": {"county": "新北市", "district": "八里區", "highway": "residential", "name": null}, "geometry": {"type": "LineString", "coordinates": [[121.4442609, 25.1734334], [121.444349, 25.1734245]]}}, {"type": "Feature", "properties": {"county": "新北市", "district": "八里區", "highway": "residential", "name": null}, "geometry": {"type": "LineString", "coordinates": [[121.4444027, 25.172915], [121.4441162, 25.1728902], [121.4440397, 25.1729362], [121.4439147, 25.1729907]]}}, {"type": "Feature", "properties": {"county": "新北市", "district": "八里區", "highway": "residential", "name": null}, "geometry": {"type": "LineString", "coordinates": [[121.4443851, 25.1745129], [121.4446191, 25.17432], [121.4445716, 25.1740145]]}}, {"type": "Feature", "properties": {"county": "新北市", "district": "八里區", "highway": "residential", "name": null}, "geometry": {"type": "LineString", "coordinates": [[121.4453951, 25.1741747], [121.4453714, 25.1742945], [121.4453259, 25.1743163], [121.445299, 25.1743697], [121.4453312, 25.1744353], [121.4453285, 25.1745324], [121.4454412, 25.1749232]]}}, {"type": "Feature", "properties": {"county": "新北市", "district": "八里區", "highway": "residential", "name": "學府路205巷"}, "geometry": {"type": "LineString", "coordinates": [[121.4454412, 25.1749232], [121.4455324, 25.1753164], [121.4457121, 25.1752922], [121.4457979, 25.1756126], [121.4460849, 25.1755883], [121.4461315, 25.1755432], [121.4462029, 25.1754742], [121.4462246, 25.175467], [121.4464014, 25.1754354]]}}, {"type": "Feature", "properties": {"county": "新北市", "district": "八里區", "highway": "residential", "name": null}, "geometry": {"type": "LineString", "coordinates": [[121.4457121, 25.1752922], [121.4456558, 25.1750446]]}}, {"type": "Feature", "properties": {"county": "新北市", "district": "八里區", "highway": "residential", "name": "學府路205巷1弄"}, "geometry": {"type": "LineString", "coordinates": [[121.4459535, 25.1748795], [121.4461315, 25.1755432]]}}, {"type": "Feature", "properties": {"county": "新北市", "district": "八里區", "highway": "residential", "name": "學府路181巷"}, "geometry": {"type": "LineString", "coordinates": [[121.4462246, 25.175467], [121.4461814, 25.175172], [121.4463974, 25.1747241], [121.4464631, 25.1746295], [121.446556, 25.1745897]]}}, {"type": "Feature", "properties": {"county": "新北市", "district": "八里區", "highway": "residential", "name": null}, "geometry": {"type": "LineString", "coordinates": [[121.4453714, 25.1742945], [121.4454921, 25.174394], [121.4456477, 25.1744838], [121.4457523, 25.1745154], [121.4459374, 25.1745275]]}}, {"type": "Feature", "properties": {"county": "新北市", "district": "八里區", "highway": "residential", "name": "學府路172巷"}, "geometry": {"type": "LineString", "coordinates": [[121.4464041, 25.1752764], [121.4467514, 25.175297], [121.4468359, 25.1752764], [121.446907, 25.1752169], [121.4469902, 25.1750992], [121.4470411, 25.1751223], [121.4471913, 25.1751477], [121.4472919, 25.1751332], [121.4473281, 25.1751392]]}}, {"type": "Feature", "properties": {"county": "新北市", "district": "八里區", "highway": "residential", "name": "水源街一段143巷"}, "geometry": {"type": "LineString", "coordinates": [[121.4473522, 25.1721765], [121.4477626, 25.1721984], [121.4481408, 25.1720406], [121.4481996, 25.1719988]]}}, {"type": "Feature", "properties": {"county": "新北市", "district": "八里區", "highway": "residential", "name": "長興街"}, "geometry": {"type": "LineString", "coordinates": [[121.4443426, 25.1722734], [121.4442196, 25.1716796], [121.4441329, 25.1714567], [121.4439755, 25.1711567], [121.443945, 25.1711078], [121.4437927, 25.1704867]]}}, {"type": "Feature", "properties": {"county": "新北市", "district": "八里區", "highway": "residential", "name": "長興街43巷"}, "geometry": {"type": "LineString", "coordinates": [[121.4429976, 25.1718712], [121.443148, 25.1718432], [121.443253, 25.1718239], [121.4435567, 25.1717817], [121.4439809, 25.1717228], [121.4442196, 25.1716796]]}}, {"type": "Feature", "properties": {"county": "新北市", "district": "八里區", "highway": "residential", "name": "水源街一段28巷"}, "geometry": {"type": "LineString", "coordinates": [[121.4429976, 25.1718712], [121.4431066, 25.1722717]]}}, {"type": "Feature", "properties": {"county": "新北市", "district": "八里區", "highway": "residential", "name": "水源街一段18巷"}, "geometry": {"type": "LineString", "coordinates": [[121.4428223, 25.1723413], [121.4426851, 25.1718716], [121.442633, 25.171563], [121.4426237, 25.1714844]]}}, {"type": "Feature", "properties": {"county": "新北市", "district": "八里區", "highway": "residential", "name": "中山路90巷"}, "geometry": {"type": "LineString", "coordinates": [[121.4425956, 25.1710425], [121.4426676, 25.1709192], [121.4427829, 25.1708901], [121.4427715, 25.1705333]]}}, {"type": "Feature", "properties": {"county": "新北市", "district": "八里區", "highway": "residential", "name": "水源街一段34巷"}, "geometry": {"type": "LineString", "coordinates": [[121.443148, 25.1718432], [121.4431088, 25.1716111], [121.4430404, 25.1713514]]}}, {"type": "Feature", "properties": {"county": "新北市", "district": "八里區", "highway": "residential", "name": "水源街一段27巷"}, "geometry": {"type": "LineString", "coordinates": [[121.4430497, 25.1722864], [121.4431343, 25.1725432], [121.4432871, 25.1729207]]}}, {"type": "Feature", "properties": {"county": "新北市", "district": "八里區", "highway": "residential", "name": "水源街一段27巷10弄"}, "geometry": {"type": "LineString", "coordinates": [[121.4432871, 25.1729207], [121.4436057, 25.1728289]]}}, {"type": "Feature", "properties": {"county": "新北市", "district": "八里區", "highway": "residential", "name": "中正路2巷"}, "geometry": {"type": "LineString", "coordinates": [[121.443554, 25.1694087], [121.4435875, 25.1694616], [121.4436975, 25.1696351], [121.4437203, 25.1697176], [121.4437659, 25.1697577], [121.4438102, 25.1697746], [121.4438585, 25.1697844], [121.4439054, 25.1697856], [121.4439054, 25.1698353], [121.4439389, 25.1698936], [121.4439631, 25.1699397], [121.4439671, 25.1699761], [121.4439509, 25.1700265]]}}, {"type": "Feature", "properties": {"county": "新北市", "district": "八里區", "highway": "residential", "name": "清水街34巷"}, "geometry": {"type": "LineString", "coordinates": [[121.4448098, 25.1715813], [121.4447667, 25.1712495], [121.4447389, 25.171032], [121.4447006, 25.1705972], [121.444757, 25.1703698]]}}, {"type": "Feature", "properties": {"county": "新北市", "district": "八里區", "highway": "residential", "name": "英專路79巷"}, "geometry": {"type": "LineString", "coordinates": [[121.4442196, 25.1716796], [121.4448098, 25.1715813], [121.4449392, 25.1715576], [121.4457775, 25.1714914]]}}, {"type": "Feature", "properties": {"county": "新北市", "district": "八里區", "highway": "residential", "name": "英專路65巷"}, "geometry": {"type": "LineString", "coordinates": [[121.4452458, 25.171184], [121.445349, 25.1711728], [121.4454014, 25.1711352], [121.4457256, 25.1710975]]}}, {"type": "Feature", "properties": {"county": "新北市", "district": "八里區", "highway": "residential", "name": null}, "geometry": {"type": "LineString", "coordinates": [[121.4444903, 25.1714064], [121.4444715, 25.1710488]]}}, {"type": "Feature", "properties": {"county": "新北市", "district": "八里區", "highway": "residential", "name": "鄧公路30巷32弄"}, "geometry": {"type": "LineString", "coordinates": [[121.4534156, 25.1703495], [121.4543369, 25.17075], [121.4543771, 25.1707367], [121.4544737, 25.1705558], [121.4544683, 25.1705049], [121.4543986, 25.1704211], [121.4535523, 25.1700662]]}}, {"type": "Feature", "properties": {"county": "新北市", "district": "八里區", "highway": "residential", "name": "鄧公路36巷"}, "geometry": {"type": "LineString", "coordinates": [[121.4576104, 25.1689057], [121.4576455, 25.1691347], [121.4559664, 25.1693944]]}}, {"type": "Feature", "properties": {"county": "新北市", "district": "八里區", "highway": "residential", "name": "鄧公路38巷"}, "geometry": {"type": "LineString", "coordinates": [[121.4576455, 25.1691347], [121.4577126, 25.1694867], [121.456232, 25.1697197]]}}, {"type": "Feature", "properties": {"county": "新北市", "district": "八里區", "highway": "unclassified", "name": "竿蓁一街121巷"}, "geometry": {"type": "LineString", "coordinates": [[121.4555646, 25.1659706], [121.4558455, 25.1659376], [121.4559555, 25.1659424], [121.4564034, 25.166076], [121.4564141, 25.1661245], [121.4563068, 25.1666125], [121.4563202, 25.166661], [121.4565777, 25.1666246], [121.4567279, 25.166695], [121.4568299, 25.1667872], [121.4570015, 25.1668237], [121.4571249, 25.1668771], [121.4573341, 25.1669208], [121.4574575, 25.1669232], [121.4577123, 25.1668674], [121.457943, 25.1668649], [121.458289, 25.1669232]]}}, {"type": "Feature", "properties": {"county": "新北市", "district": "八里區", "highway": "residential", "name": "竿蓁一街52巷"}, "geometry": {"type": "LineString", "coordinates": [[121.4527422, 25.1663527], [121.4527851, 25.1658939], [121.4527556, 25.1658745], [121.452482, 25.1658769]]}}, {"type": "Feature", "properties": {"county": "新北市", "district": "八里區", "highway": "residential", "name": "中正東路一段9巷"}, "geometry": {"type": "LineString", "coordinates": [[121.4509924, 25.1639726], [121.4514869, 25.1641678], [121.4519236, 25.164293], [121.4521038, 25.1643572]]}}, {"type": "Feature", "properties": {"county": "新北市", "district": "八里區", "highway": "residential", "name": "中正東路一段21巷15弄"}, "geometry": {"type": "LineString", "coordinates": [[121.4520626, 25.1639246], [121.4518061, 25.164146], [121.4519236, 25.164293]]}}, {"type": "Feature", "properties": {"county": "新北市", "district": "八里區", "highway": "residential", "name": "竿蓁二街19巷"}, "geometry": {"type": "LineString", "coordinates": [[121.452705, 25.1642784], [121.4530292, 25.1636969], [121.4531359, 25.163542], [121.4531561, 25.1635133], [121.4532303, 25.163408], [121.4532545, 25.1633157], [121.4532455, 25.1631937]]}}, {"type": "Feature", "properties": {"county": "新北市", "district": "八里區", "highway": "residential", "name": "中正東路一段21巷8弄"}, "geometry": {"type": "LineString", "coordinates": [[121.4520061, 25.1638677], [121.4525652, 25.1633861]]}}, {"type": "Feature", "properties": {"county": "新北市", "district": "八里區", "highway": "residential", "name": "中正東路一段21巷10弄"}, "geometry": {"type": "LineString", "coordinates": [[121.4526403, 25.1636265], [121.4522862, 25.1640804]]}}, {"type": "Feature", "properties": {"county": "新北市", "district": "八里區", "highway": "residential", "name": "竿蓁二街19巷"}, "geometry": {"type": "LineString", "coordinates": [[121.4532545, 25.1633157], [121.4533993, 25.1633012], [121.4536139, 25.1633934]]}}, {"type": "Feature", "properties": {"county": "新北市", "district": "八里區", "highway": "residential", "name": null}, "geometry": {"type": "LineString", "coordinates": [[121.4530292, 25.1636969], [121.4533849, 25.1639157], [121.4536488, 25.164078]]}}, {"type": "Feature", "properties": {"county": "新北市", "district": "八里區", "highway": "residential", "name": null}, "geometry": {"type": "LineString", "coordinates": [[121.4531949, 25.1643771], [121.453292, 25.1641945], [121.4533849, 25.1639157]]}}, {"type": "Feature", "properties": {"county": "新北市", "district": "八里區", "highway": "residential", "name": "竿蓁二街19巷"}, "geometry": {"type": "LineString", "coordinates": [[121.4532531, 25.1630378], [121.4532569, 25.1628218]]}}, {"type": "Feature", "properties": {"county": "新北市", "district": "八里區", "highway": "residential", "name": "紅樹橋"}, "geometry": {"type": "LineString", "coordinates": [[121.4532455, 25.1631937], [121.4532531, 25.1630378]]}}, {"type": "Feature", "properties": {"county": "新北市", "district": "八里區", "highway": "residential", "name": null}, "geometry": {"type": "LineString", "coordinates": [[121.4540068, 25.1606975], [121.4539345, 25.1611945]]}}, {"type": "Feature", "properties": {"county": "新北市", "district": "八里區", "highway": "residential", "name": "中正東路一段111巷"}, "geometry": {"type": "LineString", "coordinates": [[121.4540647, 25.1598177], [121.4546734, 25.1607315], [121.4548799, 25.1609548], [121.4550489, 25.1609888], [121.4551991, 25.1609378], [121.4552688, 25.1608553], [121.4553386, 25.1606999], [121.4555012, 25.1605859], [121.4557672, 25.1602984]]}}, {"type": "Feature", "properties": {"county": "新北市", "district": "八里區", "highway": "residential", "name": "中正東路一段111巷"}, "geometry": {"type": "LineString", "coordinates": [[121.4551749, 25.1612777], [121.4553091, 25.1613699], [121.4555397, 25.1614355], [121.4558133, 25.1612753], [121.4558026, 25.1611272], [121.4557191, 25.1608833], [121.4556453, 25.1607523], [121.4555826, 25.1607315]]}}, {"type": "Feature", "properties": {"county": "新北市", "district": "八里區", "highway": "unclassified", "name": "紅樹林路"}, "geometry": {"type": "LineString", "coordinates": [[121.458882, 25.1617271], [121.4591166, 25.1616021], [121.4592897, 25.1614686], [121.4594264, 25.1613241], [121.4595002, 25.1612173], [121.4595324, 25.1610971], [121.4595583, 25.1608973]]}}, {"type": "Feature", "properties": {"county": "新北市", "district": "八里區", "highway": "residential", "name": "淡金路38巷35弄"}, "geometry": {"type": "LineString", "coordinates": [[121.4575698, 25.1617318], [121.4583375, 25.1620791]]}}, {"type": "Feature", "properties": {"county": "新北市", "district": "八里區", "highway": "residential", "name": null}, "geometry": {"type": "LineString", "coordinates": [[121.4597918, 25.1609211], [121.4597724, 25.1610996], [121.4597993, 25.1611627], [121.4598797, 25.1611675], [121.4600224, 25.1610716]]}}, {"type": "Feature", "properties": {"county": "新北市", "district": "八里區", "highway": "residential", "name": "坪頂路70巷"}, "geometry": {"type": "LineString", "coordinates": [[121.4606474, 25.1627492], [121.4604114, 25.1620694], [121.4602907, 25.1619844], [121.4601238, 25.161976], [121.4600117, 25.161999]]}}, {"type": "Feature", "properties": {"county": "新北市", "district": "八里區", "highway": "residential", "name": "坪頂路70巷8弄"}, "geometry": {"type": "LineString", "coordinates": [[121.4601941, 25.1628973], [121.4600984, 25.1626105], [121.4599608, 25.1621981], [121.4599763, 25.1620791], [121.4600117, 25.161999]]}}, {"type": "Feature", "properties": {"county": "新北市", "district": "八里區", "highway": "residential", "name": null}, "geometry": {"type": "LineString", "coordinates": [[121.4595718, 25.1626496], [121.4596692, 25.1626703], [121.459824, 25.1626666], [121.4600984, 25.1626105]]}}, {"type": "Feature", "properties": {"county": "新北市", "district": "八里區", "highway": "residential", "name": "坪頂路72巷"}, "geometry": {"type": "LineString", "coordinates": [[121.460457, 25.1633002], [121.4608647, 25.1631716], [121.4612724, 25.1631303], [121.4615266, 25.1631352], [121.4616902, 25.1630939], [121.4618726, 25.1629555], [121.4619638, 25.1628754], [121.4619531, 25.1627565], [121.461731, 25.1623219]]}}, {"type": "Feature", "properties": {"county": "新北市", "district": "八里區", "highway": "residential", "name": "竿蓁二街71巷"}, "geometry": {"type": "LineString", "coordinates": [[121.4549404, 25.1640413], [121.4549069, 25.1640037], [121.4548667, 25.1639624], [121.4548686, 25.1638989], [121.4548721, 25.1638204], [121.4549244, 25.1637294], [121.4549753, 25.1636104], [121.4549853, 25.1635104], [121.4549544, 25.1633478]]}}, {"type": "Feature", "properties": {"county": "新北市", "district": "八里區", "highway": "residential", "name": "竿蓁二街103巷"}, "geometry": {"type": "LineString", "coordinates": [[121.4565806, 25.1646349], [121.4563325, 25.1649104], [121.4562762, 25.1649893], [121.456189, 25.1651447], [121.4561252, 25.165337], [121.4557819, 25.1656672], [121.4556183, 25.1657036], [121.4555271, 25.1657837], [121.4555646, 25.1659706]]}}, {"type": "Feature", "properties": {"county": "新北市", "district": "八里區", "highway": "primary", "name": "淡金路"}, "geometry": {"type": "LineString", "coordinates": [[121.4573377, 25.1643897], [121.4570104, 25.1640692], [121.4567288, 25.1637633], [121.4565491, 25.1635327], [121.4564123, 25.1633094], [121.4563399, 25.1631297], [121.4562594, 25.1629106], [121.4561937, 25.1626138], [121.4561642, 25.1624257], [121.456142, 25.161894], [121.4561589, 25.1615208], [121.4562453, 25.1610735], [121.45635, 25.1608289], [121.4564496, 25.1605973], [121.4565625, 25.160362], [121.4566833, 25.1601854], [121.456934, 25.1597668], [121.4575843, 25.1586905], [121.457941, 25.1580896]]}}, {"type": "Feature", "properties": {"county": "新北市", "district": "八里區", "highway": "primary", "name": "合山橋"}, "geometry": {"type": "LineString", "coordinates": [[121.4575535, 25.1646154], [121.4573377, 25.1643897]]}}, {"type": "Feature", "properties": {"county": "新北市", "district": "八里區", "highway": "primary", "name": "淡金路"}, "geometry": {"type": "LineString", "coordinates": [[121.4576543, 25.1645418], [121.4576997, 25.164582], [121.4583266, 25.1651872], [121.4595933, 25.1664003], [121.459759, 25.1665662]]}}, {"type": "Feature", "properties": {"county": "新北市", "district": "八里區", "highway": "primary", "name": "合山橋"}, "geometry": {"type": "LineString", "coordinates": [[121.4574679, 25.1643525], [121.4576543, 25.1645418]]}}, {"type": "Feature", "properties": {"county": "新北市", "district": "八里區", "highway": "secondary", "name": "中山路"}, "geometry": {"type": "LineString", "coordinates": [[121.4414181, 25.1745964], [121.4413848, 25.1744276], [121.4410548, 25.173703], [121.4407252, 25.1729696], [121.4407126, 25.1729416], [121.4406, 25.1726916], [121.4404313, 25.172346]]}}, {"type": "Feature", "properties": {"county": "新北市", "district": "八里區", "highway": "residential", "name": "大仁街6巷"}, "geometry": {"type": "LineString", "coordinates": [[121.4429873, 25.1746443], [121.4430052, 25.1744259], [121.4428765, 25.1744538], [121.4427142, 25.1745194], [121.4426015, 25.1746031], [121.4426552, 25.1746298], [121.4429372, 25.1750219], [121.4430579, 25.1752695], [121.4431187, 25.1756152]]}}, {"type": "Feature", "properties": {"county": "新北市", "district": "八里區", "highway": "primary", "name": "淡金路"}, "geometry": {"type": "LineString", "coordinates": [[121.4607643, 25.1689834], [121.460761, 25.1685391], [121.4606658, 25.1681479], [121.4605666, 25.167825], [121.4604057, 25.1675291], [121.4601763, 25.1672218], [121.4596746, 25.1666842]]}}, {"type": "Feature", "properties": {"county": "新北市", "district": "八里區", "highway": "primary", "name": "淡金路一段"}, "geometry": {"type": "LineString", "coordinates": [[121.4609273, 25.1689615], [121.4608654, 25.1694144], [121.4608068, 25.1696508]]}}, {"type": "Feature", "properties": {"county": "新北市", "district": "八里區", "highway": "primary", "name": "松壽橋"}, "geometry": {"type": "LineString", "coordinates": [[121.4283289, 25.1755117], [121.4285904, 25.1754328]]}}, {"type": "Feature", "properties": {"county": "新北市", "district": "八里區", "highway": "primary", "name": "中正路"}, "geometry": {"type": "LineString", "coordinates": [[121.4285904, 25.1754328], [121.4288895, 25.1753479], [121.4292434, 25.1752863], [121.4295952, 25.1752618], [121.4303778, 25.1753031], [121.4305939, 25.1752707], [121.4308689, 25.1751948], [121.4315032, 25.1748848], [121.4317955, 25.1748022], [121.4319805, 25.1747645], [121.432116, 25.1747369], [121.4324378, 25.1746675], [121.4329676, 25.174533], [121.4334844, 25.1743935], [121.4335565, 25.1743753], [121.4336845, 25.1743285], [121.4338817, 25.1742394], [121.4341907, 25.1740681], [121.4345005, 25.1738922], [121.4350706, 25.1735872], [121.4352208, 25.1735029], [121.4353605, 25.1734308]]}}, {"type": "Feature", "properties": {"county": "新北市", "district": "八里區", "highway": "residential", "name": "真理街3巷"}, "geometry": {"type": "LineString", "coordinates": [[121.4367421, 25.1742644], [121.4367825, 25.1743325], [121.4369729, 25.174767], [121.4370467, 25.1749515], [121.4370936, 25.1750631], [121.4373699, 25.1757622], [121.4374297, 25.175948], [121.43747, 25.1760014], [121.4377449, 25.176402], [121.4378924, 25.1766046], [121.4379729, 25.1766702], [121.4380721, 25.176726], [121.4382769, 25.1768]]}}, {"type": "Feature", "properties": {"county": "新北市", "district": "八里區", "highway": "residential", "name": "新生街55巷"}, "geometry": {"type": "LineString", "coordinates": [[121.4411018, 25.1753638], [121.4405964, 25.1747137]]}}, {"type": "Feature", "properties": {"county": "新北市", "district": "八里區", "highway": "residential", "name": "新生街41巷"}, "geometry": {"type": "LineString", "coordinates": [[121.4401812, 25.1747768], [121.4402533, 25.1754224], [121.4403498, 25.1761822]]}}, {"type": "Feature", "properties": {"county": "新北市", "district": "八里區", "highway": "unclassified", "name": null}, "geometry": {"type": "LineString", "coordinates": [[121.4324571, 25.1747448], [121.4324678, 25.1748419], [121.4323993, 25.1750668], [121.432327, 25.1753044], [121.4323605, 25.1753638], [121.4324893, 25.1755131], [121.432626, 25.1757012], [121.4326234, 25.1757766], [121.432622, 25.1758582], [121.4327374, 25.1759343], [121.4332805, 25.1759391], [121.4332751, 25.1764125], [121.4332, 25.1764926], [121.433082, 25.1765605], [121.432154, 25.176563], [121.4321553, 25.1764465], [121.4320386, 25.1764465], [121.4320453, 25.1759261], [121.431352, 25.1759306]]}}, {"type": "Feature", "properties": {"county": "新北市", "district": "八里區", "highway": "unclassified", "name": "中正路32巷"}, "geometry": {"type": "LineString", "coordinates": [[121.4308689, 25.1751948], [121.4309188, 25.1752764], [121.4309551, 25.1753311], [121.4310052, 25.1754051], [121.4310717, 25.175507], [121.4311384, 25.17567], [121.4312094, 25.1759018], [121.4304628, 25.1761236], [121.4303621, 25.1761639], [121.4303705, 25.1762458], [121.4304215, 25.1763397], [121.4306506, 25.1766018]]}}, {"type": "Feature", "properties": {"county": "新北市", "district": "八里區", "highway": "unclassified", "name": null}, "geometry": {"type": "LineString", "coordinates": [[121.437705, 25.1744769], [121.4385594, 25.1740559], [121.4386854, 25.174], [121.4389173, 25.1739169]]}}, {"type": "Feature", "properties": {"county": "新北市", "district": "八里區", "highway": "residential", "name": null}, "geometry": {"type": "LineString", "coordinates": [[121.438934, 25.1742406], [121.4391387, 25.1741152], [121.4391547, 25.1739672]]}}, {"type": "Feature", "properties": {"county": "新北市", "district": "八里區", "highway": "residential", "name": null}, "geometry": {"type": "LineString", "coordinates": [[121.450967, 25.1722117], [121.450717, 25.1723692], [121.4504344, 25.1725472], [121.4503748, 25.1725847]]}}, {"type": "Feature", "properties": {"county": "新北市", "district": "八里區", "highway": "residential", "name": null}, "geometry": {"type": "LineString", "coordinates": [[121.4507846, 25.1724618], [121.450717, 25.1723692]]}}, {"type": "Feature", "properties": {"county": "新北市", "district": "八里區", "highway": "unclassified", "name": null}, "geometry": {"type": "LineString", "coordinates": [[121.4589636, 25.156457], [121.4590268, 25.1561226], [121.4590657, 25.1559166], [121.4590696, 25.1558675], [121.4590779, 25.1557623], [121.4591245, 25.155273], [121.4591571, 25.1547378], [121.4591695, 25.15447], [121.4591837, 25.1539502], [121.4591893, 25.1536196], [121.4592012, 25.1535287], [121.4592241, 25.1534967], [121.4592917, 25.1534023]]}}, {"type": "Feature", "properties": {"county": "新北市", "district": "八里區", "highway": "primary", "name": "中正東路一段"}, "geometry": {"type": "LineString", "coordinates": [[121.4549009, 25.1593807], [121.4554306, 25.1591932], [121.4557218, 25.1590909], [121.4567141, 25.1587421], [121.456922, 25.1586486], [121.4570913, 25.1585608], [121.4572237, 25.1584819], [121.4575295, 25.1582731], [121.4578164, 25.1580764], [121.4581636, 25.1577266]]}}, {"type": "Feature", "properties": {"county": "新北市", "district": "八里區", "highway": "primary", "name": "鼻頭橋"}, "geometry": {"type": "LineString", "coordinates": [[121.4530628, 25.1613653], [121.4530035, 25.1616373]]}}, {"type": "Feature", "properties": {"county": "新北市", "district": "八里區", "highway": "primary", "name": "中正東路一段"}, "geometry": {"type": "LineString", "coordinates": [[121.4530035, 25.1616373], [121.452937, 25.1618089], [121.4528696, 25.1619465], [121.4528101, 25.1620407], [121.4526721, 25.1622847], [121.4525354, 25.1625345], [121.4523647, 25.1627629]]}}, {"type": "Feature", "properties": {"county": "新北市", "district": "八里區", "highway": "primary", "name": "鼻頭橋"}, "geometry": {"type": "LineString", "coordinates": [[121.4529175, 25.161618], [121.4529638, 25.1613943]]}}, {"type": "Feature", "properties": {"county": "新北市", "district": "八里區", "highway": "primary", "name": "鶯歌橋"}, "geometry": {"type": "LineString", "coordinates": [[121.4520673, 25.1630139], [121.4523025, 25.162724]]}}, {"type": "Feature", "properties": {"county": "新北市", "district": "八里區", "highway": "primary", "name": "中正東路一段"}, "geometry": {"type": "LineString", "coordinates": [[121.4523025, 25.162724], [121.4524508, 25.1624895], [121.452593, 25.1622641], [121.4527297, 25.1620356], [121.4528558, 25.1618025], [121.4529175, 25.161618]]}}, {"type": "Feature", "properties": {"county": "新北市", "district": "八里區", "highway": "primary", "name": "鶯歌橋"}, "geometry": {"type": "LineString", "coordinates": [[121.4523647, 25.1627629], [121.4521316, 25.1630394]]}}, {"type": "Feature", "properties": {"county": "新北市", "district": "八里區", "highway": "primary", "name": "中正東路一段"}, "geometry": {"type": "LineString", "coordinates": [[121.4521316, 25.1630394], [121.4519948, 25.1631948], [121.4517738, 25.1633727], [121.4516128, 25.1634796], [121.4514558, 25.1635932], [121.4512907, 25.1637167], [121.4511326, 25.163836], [121.4510635, 25.1639028], [121.4509924, 25.1639726], [121.4508912, 25.1641176], [121.4507959, 25.1642763], [121.4506805, 25.1644778], [121.4506041, 25.1646259]]}}, {"type": "Feature", "properties": {"county": "新北市", "district": "八里區", "highway": "residential", "name": "中正東路一段3巷"}, "geometry": {"type": "LineString", "coordinates": [[121.4506041, 25.1646259], [121.4509212, 25.1649001], [121.4514539, 25.1651877], [121.4522226, 25.1656021], [121.4518127, 25.1662035], [121.4512287, 25.1658389], [121.4511297, 25.1656594], [121.4508757, 25.1651662], [121.4508744, 25.1651043], [121.4509212, 25.1649001]]}}, {"type": "Feature", "properties": {"county": "新北市", "district": "八里區", "highway": "primary", "name": "中正東路"}, "geometry": {"type": "LineString", "coordinates": [[121.4506041, 25.1646259], [121.4505503, 25.1647145], [121.4505411, 25.1647328], [121.4503916, 25.1649381], [121.4502078, 25.1651278], [121.4499682, 25.1653169], [121.4495713, 25.1655727], [121.4492911, 25.1657248], [121.4487923, 25.1659028], [121.4484758, 25.1660436], [121.4482639, 25.1662014], [121.4480909, 25.1664011], [121.4479259, 25.1666578], [121.4478213, 25.1668545], [121.4476979, 25.1670802], [121.4475515, 25.1673035], [121.4474404, 25.1674322], [121.4472863, 25.1675657]]}}, {"type": "Feature", "properties": {"county": "新北市", "district": "八里區", "highway": "primary", "name": "中正東路一段"}, "geometry": {"type": "LineString", "coordinates": [[121.45051, 25.1645963], [121.4506334, 25.1643538], [121.4507583, 25.1641185], [121.450871, 25.1639704], [121.4510507, 25.1638029], [121.4515281, 25.1634558], [121.4518473, 25.163213], [121.4520673, 25.1630139]]}}, {"type": "Feature", "properties": {"county": "新北市", "district": "八里區", "highway": "unclassified", "name": "中正東路42巷"}, "geometry": {"type": "LineString", "coordinates": [[121.4498384, 25.1647321], [121.4500184, 25.1649269], [121.4501463, 25.1650653], [121.4502078, 25.1651278]]}}, {"type": "Feature", "properties": {"county": "新北市", "district": "八里區", "highway": "residential", "name": "中正東路二段143巷"}, "geometry": {"type": "LineString", "coordinates": [[121.459531, 25.1476401], [121.4596692, 25.1476427], [121.4597553, 25.1476367], [121.4601164, 25.1476119]]}}, {"type": "Feature", "properties": {"county": "新北市", "district": "八里區", "highway": "unclassified", "name": "紅樹林路"}, "geometry": {"type": "LineString", "coordinates": [[121.4608145, 25.1559776], [121.4608348, 25.1559326], [121.4609834, 25.1556025], [121.4611369, 25.1553109]]}}, {"type": "Feature", "properties": {"county": "新北市", "district": "八里區", "highway": "residential", "name": "中正東路二段25巷"}, "geometry": {"type": "LineString", "coordinates": [[121.4587852, 25.1571041], [121.4595155, 25.1575038], [121.4590863, 25.1582175]]}}, {"type": "Feature", "properties": {"county": "新北市", "district": "八里區", "highway": "residential", "name": null}, "geometry": {"type": "LineString", "coordinates": [[121.4593637, 25.1378294], [121.4593573, 25.1378672], [121.459311, 25.1380568]]}}, {"type": "Feature", "properties": {"county": "新北市", "district": "八里區", "highway": "unclassified", "name": "民權路"}, "geometry": {"type": "LineString", "coordinates": [[121.4605489, 25.1294133], [121.4602324, 25.1296512], [121.4600555, 25.1297847], [121.4599925, 25.1298193], [121.4599249, 25.1298445], [121.459853, 25.1298575], [121.4597819, 25.12986], [121.4594996, 25.1298366], [121.4593975, 25.1298495], [121.4593116, 25.1298987], [121.4592041, 25.1299432]]}}, {"type": "Feature", "properties": {"county": "新北市", "district": "八里區", "highway": "unclassified", "name": "民權路92巷"}, "geometry": {"type": "LineString", "coordinates": [[121.4631955, 25.1248347], [121.463164, 25.1249311], [121.4630782, 25.1252922], [121.4628932, 25.1256893], [121.4625674, 25.1262442], [121.4623112, 25.1265805], [121.4621342, 25.1268347], [121.4620603, 25.1270398], [121.4619626, 25.1272074], [121.4617991, 25.1273701], [121.4616336, 25.1275008], [121.4615455, 25.1275761], [121.4615029, 25.1276527], [121.4614294, 25.127862], [121.4613047, 25.1283612], [121.4612926, 25.1285069], [121.461259, 25.1286428], [121.46118, 25.1287788], [121.4610646, 25.1289026], [121.4609342, 25.1290117], [121.4608649, 25.1291053], [121.4607039, 25.1293092], [121.4605489, 25.1294133]]}}, {"type": "Feature", "properties": {"county": "新北市", "district": "八里區", "highway": "residential", "name": "中正東路二段5巷"}, "geometry": {"type": "LineString", "coordinates": [[121.4578592, 25.1586403], [121.4585361, 25.1589817], [121.4585656, 25.1589797], [121.4585925, 25.1589778], [121.4586739, 25.1588837], [121.4587201, 25.1588288], [121.4588237, 25.1588203], [121.4589126, 25.1588249], [121.4590488, 25.1588464], [121.4592152, 25.1589353], [121.459301, 25.1588938], [121.459453, 25.1585658], [121.4595415, 25.1585123], [121.4597627, 25.1584868], [121.4603006, 25.1584249], [121.4605229, 25.1583751], [121.4605699, 25.1583645], [121.4607818, 25.1583221], [121.4614293, 25.1580678]]}}, {"type": "Feature", "properties": {"county": "新北市", "district": "八里區", "highway": "residential", "name": "坪頂路70巷"}, "geometry": {"type": "LineString", "coordinates": [[121.4600225, 25.16172], [121.4600117, 25.161999]]}}, {"type": "Feature", "properties": {"county": "新北市", "district": "八里區", "highway": "residential", "name": null}, "geometry": {"type": "LineString", "coordinates": [[121.4606679, 25.1715839], [121.4607654, 25.1717618], [121.4608963, 25.1717618], [121.4609897, 25.1717235]]}}, {"type": "Feature", "properties": {"county": "新北市", "district": "八里區", "highway": "residential", "name": null}, "geometry": {"type": "LineString", "coordinates": [[121.4580993, 25.1746395], [121.4580511, 25.1747209], [121.458039, 25.1748701], [121.4580524, 25.1749405], [121.458267, 25.1749757], [121.4583354, 25.1749357], [121.4585915, 25.1749163]]}}, {"type": "Feature", "properties": {"county": "新北市", "district": "八里區", "highway": "primary", "name": "金龍橋"}, "geometry": {"type": "LineString", "coordinates": [[121.4568589, 25.1756328], [121.458344, 25.1734281]]}}, {"type": "Feature", "properties": {"county": "新北市", "district": "八里區", "highway": "primary", "name": "金龍橋"}, "geometry": {"type": "LineString", "coordinates": [[121.458462, 25.1734863], [121.4580013, 25.1741379], [121.4579303, 25.1742437], [121.4569733, 25.1756859]]}}, {"type": "Feature", "properties": {"county": "新北市", "district": "八里區", "highway": "primary", "name": "淡金路一段"}, "geometry": {"type": "LineString", "coordinates": [[121.458344, 25.1734281], [121.4594547, 25.1717483], [121.4597252, 25.1713091], [121.4599854, 25.1709159], [121.4602373, 25.1705414], [121.4605029, 25.170085]]}}, {"type": "Feature", "properties": {"county": "新北市", "district": "八里區", "highway": "unclassified", "name": "中正東路二段105巷"}, "geometry": {"type": "LineString", "coordinates": [[121.4593214, 25.1514029], [121.459468, 25.1514179], [121.4595457, 25.1514414], [121.4595694, 25.1514477], [121.4597115, 25.1516201], [121.4598269, 25.1517609], [121.4599663, 25.1518289], [121.4602641, 25.1517779], [121.4604009, 25.15179], [121.4608971, 25.1519502], [121.4608783, 25.1520814], [121.4609105, 25.1521785], [121.4609587, 25.1522586], [121.4610982, 25.1522707]]}}, {"type": "Feature", "properties": {"county": "新北市", "district": "八里區", "highway": "unclassified", "name": null}, "geometry": {"type": "LineString", "coordinates": [[121.4597115, 25.1516201], [121.4602739, 25.1516418], [121.4604563, 25.1516624]]}}, {"type": "Feature", "properties": {"county": "新北市", "district": "八里區", "highway": "unclassified", "name": null}, "geometry": {"type": "LineString", "coordinates": [[121.4608971, 25.1519502], [121.4609981, 25.1518227], [121.4610866, 25.1517887], [121.4611027, 25.1517595]]}}, {"type": "Feature", "properties": {"county": "新北市", "district": "八里區", "highway": "unclassified", "name": null}, "geometry": {"type": "LineString", "coordinates": [[121.4605669, 25.1504571], [121.4596108, 25.1504276], [121.4595352, 25.1504223]]}}, {"type": "Feature", "properties": {"county": "新北市", "district": "八里區", "highway": "unclassified", "name": "八勢二街"}, "geometry": {"type": "LineString", "coordinates": [[121.4596069, 25.1493395], [121.4596699, 25.1493237], [121.4597377, 25.1492884], [121.4600917, 25.1489304], [121.4602178, 25.1489352], [121.4602902, 25.149025], [121.4601185, 25.1498093], [121.4601668, 25.1498748], [121.460258, 25.1498335], [121.4605289, 25.1494378], [121.4608561, 25.1490469], [121.4609313, 25.1489498], [121.461001, 25.148605]]}}, {"type": "Feature", "properties": {"county": "新北市", "district": "八里區", "highway": "residential", "name": "八勢二街51巷"}, "geometry": {"type": "LineString", "coordinates": [[121.4608561, 25.1490469], [121.4609849, 25.1494548], [121.4615224, 25.149617], [121.4620149, 25.1497656], [121.462108, 25.1497699], [121.4621534, 25.1497612]]}}, {"type": "Feature", "properties": {"county": "新北市", "district": "八里區", "highway": "residential", "name": "中正東路二段143巷1弄"}, "geometry": {"type": "LineString", "coordinates": [[121.4601164, 25.1476119], [121.460111, 25.1480149], [121.4601552, 25.1480465], [121.461001, 25.148163]]}}, {"type": "Feature", "properties": {"county": "新北市", "district": "八里區", "highway": "residential", "name": "中正東路二段161巷8弄"}, "geometry": {"type": "LineString", "coordinates": [[121.4607856, 25.1455213], [121.4609581, 25.1453952], [121.4611539, 25.1453175], [121.4613604, 25.1453078], [121.4616439, 25.145308], [121.4617126, 25.1453081]]}}, {"type": "Feature", "properties": {"county": "新北市", "district": "八里區", "highway": "residential", "name": "中正東路二段161巷11弄"}, "geometry": {"type": "LineString", "coordinates": [[121.4605557, 25.1465585], [121.4605745, 25.1463397], [121.4605182, 25.1461139], [121.460545, 25.1459245], [121.4606308, 25.1457327], [121.4607027, 25.1456344], [121.4607856, 25.1455213]]}}, {"type": "Feature", "properties": {"county": "新北市", "district": "八里區", "highway": "residential", "name": null}, "geometry": {"type": "LineString", "coordinates": [[121.4605079, 25.1392129], [121.4604127, 25.1392772], [121.4602726, 25.1393295]]}}, {"type": "Feature", "properties": {"county": "新北市", "district": "八里區", "highway": "residential", "name": "大同路"}, "geometry": {"type": "LineString", "coordinates": [[121.4597168, 25.1409166], [121.4611617, 25.1409773], [121.4613949, 25.1409383], [121.4614367, 25.1409313], [121.461615, 25.1408875], [121.4617102, 25.1408025], [121.4617652, 25.1407467], [121.4617894, 25.1406422], [121.4617223, 25.1404941], [121.4618994, 25.1401663], [121.4619637, 25.1401129], [121.4620729, 25.1399203], [121.462034, 25.1397673], [121.4620139, 25.1396265]]}}, {"type": "Feature", "properties": {"county": "新北市", "district": "八里區", "highway": "residential", "name": "民權路177巷"}, "geometry": {"type": "LineString", "coordinates": [[121.4597388, 25.1352], [121.4600744, 25.1352126], [121.4607309, 25.1350845]]}}, {"type": "Feature", "properties": {"county": "新北市", "district": "八里區", "highway": "residential", "name": "民權路177巷"}, "geometry": {"type": "LineString", "coordinates": [[121.4611473, 25.1352296], [121.4607772, 25.1353024], [121.4607309, 25.1350845], [121.4606615, 25.1347811], [121.4605894, 25.1344489], [121.4605756, 25.1343701], [121.4605278, 25.134166], [121.4604607, 25.1338407], [121.4604414, 25.1336741], [121.4604124, 25.1334776]]}}, {"type": "Feature", "properties": {"county": "新北市", "district": "八里區", "highway": "residential", "name": "民權路187巷"}, "geometry": {"type": "LineString", "coordinates": [[121.4611326, 25.1336122], [121.4610212, 25.133582], [121.4605818, 25.1335043], [121.4604435, 25.133481], [121.4604124, 25.1334776], [121.4603277, 25.1334697], [121.4602204, 25.1334757], [121.4599983, 25.1335538], [121.4598507, 25.1335708], [121.4592917, 25.1336004], [121.4591707, 25.1335739]]}}, {"type": "Feature", "properties": {"county": "新北市", "district": "八里區", "highway": "residential", "name": "民權路187巷30弄"}, "geometry": {"type": "LineString", "coordinates": [[121.4604435, 25.133481], [121.4605666, 25.13293]]}}, {"type": "Feature", "properties": {"county": "新北市", "district": "八里區", "highway": "residential", "name": "原德路73巷"}, "geometry": {"type": "LineString", "coordinates": [[121.44222, 25.1725052], [121.4422572, 25.1724914], [121.4424566, 25.172434]]}}, {"type": "Feature", "properties": {"county": "新北市", "district": "八里區", "highway": "residential", "name": null}, "geometry": {"type": "LineString", "coordinates": [[121.4426237, 25.1714844], [121.4428069, 25.1714211], [121.4428955, 25.1714375], [121.4429318, 25.1715672], [121.442968, 25.1717359], [121.4429795, 25.171807]]}}, {"type": "Feature", "properties": {"county": "新北市", "district": "八里區", "highway": "residential", "name": null}, "geometry": {"type": "LineString", "coordinates": [[121.4398831, 25.1719264], [121.4401292, 25.1719452], [121.4401585, 25.1719314]]}}, {"type": "Feature", "properties": {"county": "新北市", "district": "八里區", "highway": "residential", "name": null}, "geometry": {"type": "LineString", "coordinates": [[121.4495553, 25.1714632], [121.4497632, 25.1714127], [121.449933, 25.1713937], [121.4501344, 25.171432], [121.4502337, 25.1715228], [121.4503062, 25.1715433], [121.4505181, 25.1715057], [121.4506198, 25.1715447], [121.4508601, 25.1716586], [121.4509142, 25.1717254]]}}, {"type": "Feature", "properties": {"county": "新北市", "district": "八里區", "highway": "primary", "name": "中正東路一段"}, "geometry": {"type": "LineString", "coordinates": [[121.4585914, 25.1574231], [121.4582885, 25.1577511], [121.457941, 25.1580896], [121.4577306, 25.1582652], [121.4573437, 25.1585487]]}}, {"type": "Feature", "properties": {"county": "新北市", "district": "八里區", "highway": "primary", "name": "中正東路一段"}, "geometry": {"type": "LineString", "coordinates": [[121.4581636, 25.1577266], [121.4583942, 25.1574304], [121.4586142, 25.1571051]]}}, {"type": "Feature", "properties": {"county": "新北市", "district": "八里區", "highway": "residential", "name": "渡船頭街21巷"}, "geometry": {"type": "LineString", "coordinates": [[121.4349243, 25.158614], [121.4347611, 25.1587433], [121.4346746, 25.1587949], [121.4344942, 25.1588931], [121.4343528, 25.1589879], [121.4342574, 25.1590418], [121.4341852, 25.1591212], [121.4340957, 25.159204], [121.4340405, 25.1592854]]}}, {"type": "Feature", "properties": {"county": "新北市", "district": "八里區", "highway": "residential", "name": "龍米路二段200巷6弄"}, "geometry": {"type": "LineString", "coordinates": [[121.4337705, 25.1587846], [121.4338781, 25.1587508], [121.4339663, 25.1587694], [121.4340105, 25.1587985], [121.4341789, 25.158926], [121.4342574, 25.1590418]]}}, {"type": "Feature", "properties": {"county": "新北市", "district": "八里區", "highway": "residential", "name": "永平街"}, "geometry": {"type": "LineString", "coordinates": [[121.4596689, 25.0903907], [121.4595076, 25.090479], [121.4591701, 25.0906453], [121.4587191, 25.0909029], [121.4573105, 25.0916376], [121.4572457, 25.0917066], [121.4572116, 25.0917192]]}}, {"type": "Feature", "properties": {"county": "新北市", "district": "八里區", "highway": "unclassified", "name": null}, "geometry": {"type": "LineString", "coordinates": [[121.4449129, 25.1688912], [121.4449075, 25.1689438], [121.4449039, 25.1689795], [121.4447961, 25.1690563], [121.4446954, 25.169053], [121.4445785, 25.1690601], [121.4444371, 25.169064]]}}, {"type": "Feature", "properties": {"county": "新北市", "district": "八里區", "highway": "unclassified", "name": "馬偕街"}, "geometry": {"type": "LineString", "coordinates": [[121.4378613, 25.1721558], [121.4377714, 25.1720793], [121.4376473, 25.1719779]]}}, {"type": "Feature", "properties": {"county": "新北市", "district": "八里區", "highway": "primary", "name": "中正東路"}, "geometry": {"type": "LineString", "coordinates": [[121.4472657, 25.1674709], [121.4473916, 25.1673597]]}}, {"type": "Feature", "properties": {"county": "新北市", "district": "八里區", "highway": "unclassified", "name": null}, "geometry": {"type": "LineString", "coordinates": [[121.4472657, 25.1674709], [121.4472863, 25.1675657]]}}, {"type": "Feature", "properties": {"county": "新北市", "district": "八里區", "highway": "residential", "name": "建設街"}, "geometry": {"type": "LineString", "coordinates": [[121.4390207, 25.1724658], [121.4390366, 25.1721678]]}}, {"type": "Feature", "properties": {"county": "新北市", "district": "八里區", "highway": "residential", "name": "建設街"}, "geometry": {"type": "LineString", "coordinates": [[121.4390366, 25.1721678], [121.4390394, 25.1721163], [121.43901, 25.1718405]]}}, {"type": "Feature", "properties": {"county": "新北市", "district": "八里區", "highway": "residential", "name": "長安街"}, "geometry": {"type": "LineString", "coordinates": [[121.4646919, 25.0786962], [121.4640414, 25.0791654], [121.4633476, 25.0796014], [121.4626536, 25.0800308], [121.4620099, 25.0804982], [121.461673, 25.0807881], [121.4613551, 25.0810494], [121.4608856, 25.0814777], [121.4603289, 25.081955], [121.460041, 25.0822486], [121.4597125, 25.0825695], [121.4593767, 25.0829227], [121.4592856, 25.0830176], [121.4590596, 25.0832772], [121.4586546, 25.0838981], [121.4582991, 25.0844532], [121.4580713, 25.0848705], [121.4578608, 25.0852572], [121.4575751, 25.0859533], [121.4575217, 25.0861063], [121.4573896, 25.0866089], [121.4572859, 25.0870661], [121.4572944, 25.0874228], [121.4573039, 25.0877183], [121.4573054, 25.0878176], [121.4573125, 25.0879698], [121.4573282, 25.0881823], [121.4573754, 25.0884272]]}}, {"type": "Feature", "properties": {"county": "新北市", "district": "八里區", "highway": "residential", "name": "博愛街"}, "geometry": {"type": "LineString", "coordinates": [[121.4461045, 25.1699168], [121.4462386, 25.1695903], [121.4465002, 25.1692966], [121.446748, 25.1689975], [121.4467778, 25.168964], [121.4469749, 25.1687686], [121.447215, 25.1685938], [121.44724, 25.1685791], [121.4474094, 25.1684797], [121.4476303, 25.1683714]]}}, {"type": "Feature", "properties": {"county": "新北市", "district": "八里區", "highway": "residential", "name": "民權一街"}, "geometry": {"type": "LineString", "coordinates": [[121.4593785, 25.1369444], [121.458695, 25.1369304], [121.4586995, 25.1366205], [121.4586999, 25.136279], [121.4593899, 25.1362797]]}}, {"type": "Feature", "properties": {"county": "新北市", "district": "八里區", "highway": "residential", "name": "民權一街17巷"}, "geometry": {"type": "LineString", "coordinates": [[121.4593839, 25.1366236], [121.4586995, 25.1366205]]}}, {"type": "Feature", "properties": {"county": "新北市", "district": "八里區", "highway": "unclassified", "name": "忠愛街"}, "geometry": {"type": "LineString", "coordinates": [[121.4556628, 25.1719673], [121.4558372, 25.1721263], [121.4559377, 25.17221], [121.4559444, 25.1722659], [121.4559418, 25.1723705], [121.4559512, 25.1724882], [121.4560075, 25.1726666], [121.4560893, 25.1727722], [121.4561188, 25.17289], [121.4561228, 25.1730147], [121.4560698, 25.1732508], [121.4560577, 25.173331], [121.4560544, 25.1734329], [121.4561073, 25.1735537], [121.4561965, 25.173635], [121.4563079, 25.1737357], [121.4563696, 25.1738413], [121.4564005, 25.1739808], [121.456383, 25.1741268], [121.456391, 25.1742637], [121.4565473, 25.1743414], [121.4567102, 25.1744435], [121.4567621, 25.1744363], [121.4568739, 25.1743222], [121.4569744, 25.174276], [121.4570777, 25.1743015], [121.4572078, 25.1743525], [121.457531, 25.1745285], [121.4577976, 25.1746408], [121.4580993, 25.1746395], [121.4581905, 25.1745522], [121.4582284, 25.1744617], [121.4583062, 25.1743986], [121.4584371, 25.1743463], [121.4585368, 25.1743064], [121.4585955, 25.1742633], [121.4590697, 25.1743763]]}}, {"type": "Feature", "properties": {"county": "新北市", "district": "八里區", "highway": "unclassified", "name": "忠愛街"}, "geometry": {"type": "LineString", "coordinates": [[121.4598875, 25.1712957], [121.4600429, 25.1712793], [121.4602159, 25.1713521], [121.460291, 25.1714322], [121.4603352, 25.1716155], [121.4604074, 25.171661], [121.4604707, 25.1716847], [121.4606679, 25.1715839], [121.4607796, 25.1715395], [121.4608354, 25.171548], [121.4609264, 25.1715688], [121.4609894, 25.1715384], [121.4611001, 25.171426], [121.4612494, 25.1713077], [121.4613086, 25.1712071], [121.4613593, 25.1711332], [121.4611198, 25.1708982], [121.4610541, 25.170585]]}}, {"type": "Feature", "properties": {"county": "新北市", "district": "八里區", "highway": "primary", "name": "中山路"}, "geometry": {"type": "LineString", "coordinates": [[121.441827, 25.1709155], [121.4411723, 25.1714625], [121.4410096, 25.1716096], [121.4407522, 25.1719276], [121.4405675, 25.1721958], [121.4404313, 25.172346]]}}, {"type": "Feature", "properties": {"county": "新北市", "district": "八里區", "highway": "residential", "name": "原德路"}, "geometry": {"type": "LineString", "coordinates": [[121.441827, 25.1709155], [121.4417556, 25.1708514]]}}, {"type": "Feature", "properties": {"county": "新北市", "district": "八里區", "highway": "unclassified", "name": "真理街"}, "geometry": {"type": "LineString", "coordinates": [[121.4386534, 25.1729212], [121.4382056, 25.1730544], [121.4379295, 25.1732427], [121.4377221, 25.1734101], [121.4375657, 25.1735727], [121.4373337, 25.173881], [121.4372063, 25.1739659], [121.4367421, 25.1742644], [121.4361858, 25.1747027], [121.4352292, 25.1751826], [121.4346873, 25.1753444], [121.4344406, 25.1754181], [121.4343387, 25.1753987], [121.4341218, 25.1749106], [121.4338881, 25.1749775], [121.4338284, 25.1749679], [121.4337727, 25.1749338], [121.4336044, 25.1745508], [121.4335836, 25.1744457], [121.4335565, 25.1743753]]}}, {"type": "Feature", "properties": {"county": "新北市", "district": "八里區", "highway": "residential", "name": "真理街2巷"}, "geometry": {"type": "LineString", "coordinates": [[121.4377221, 25.1734101], [121.4379172, 25.1736883]]}}, {"type": "Feature", "properties": {"county": "新北市", "district": "八里區", "highway": "residential", "name": "學府路51巷"}, "geometry": {"type": "LineString", "coordinates": [[121.4467375, 25.1698622], [121.4468636, 25.1700333], [121.4468716, 25.1700673], [121.4467936, 25.1701788], [121.4467335, 25.1704035]]}}, {"type": "Feature", "properties": {"county": "新北市", "district": "八里區", "highway": "residential", "name": "學府路100巷"}, "geometry": {"type": "LineString", "coordinates": [[121.4508041, 25.1714572], [121.4506198, 25.1715447], [121.4502107, 25.171779], [121.4499015, 25.1719351]]}}, {"type": "Feature", "properties": {"county": "新北市", "district": "八里區", "highway": "primary", "name": "中正東路"}, "geometry": {"type": "LineString", "coordinates": [[121.4460813, 25.1682306], [121.4456742, 25.1684486], [121.4452966, 25.1686508], [121.4450619, 25.1687807], [121.4449129, 25.1688912], [121.444759, 25.1690105]]}}, {"type": "Feature", "properties": {"county": "新北市", "district": "八里區", "highway": "primary", "name": "中正東路"}, "geometry": {"type": "LineString", "coordinates": [[121.4466797, 25.1679212], [121.4460813, 25.1682306]]}}, {"type": "Feature", "properties": {"county": "新北市", "district": "八里區", "highway": "primary", "name": "中正東路"}, "geometry": {"type": "LineString", "coordinates": [[121.4466486, 25.1678511], [121.4468511, 25.1677382], [121.4472657, 25.1674709]]}}, {"type": "Feature", "properties": {"county": "新北市", "district": "八里區", "highway": "primary", "name": "中正東路"}, "geometry": {"type": "LineString", "coordinates": [[121.4460343, 25.1681667], [121.4466486, 25.1678511]]}}, {"type": "Feature", "properties": {"county": "新北市", "district": "八里區", "highway": "primary", "name": "淡金路一段"}, "geometry": {"type": "LineString", "coordinates": [[121.4606316, 25.1700947], [121.460519, 25.1703035], [121.4603259, 25.1706433], [121.4598875, 25.1712957], [121.4587482, 25.1730465], [121.458462, 25.1734863]]}}, {"type": "Feature", "properties": {"county": "新北市", "district": "八里區", "highway": "primary", "name": "米蘭橋"}, "geometry": {"type": "LineString", "coordinates": [[121.4608068, 25.1696508], [121.4606316, 25.1700947]]}}, {"type": "Feature", "properties": {"county": "新北市", "district": "八里區", "highway": "primary", "name": "米蘭橋"}, "geometry": {"type": "LineString", "coordinates": [[121.4605029, 25.170085], [121.4606545, 25.1695987]]}}, {"type": "Feature", "properties": {"county": "新北市", "district": "八里區", "highway": "primary", "name": "淡金路一段"}, "geometry": {"type": "LineString", "coordinates": [[121.4606545, 25.1695987], [121.4606808, 25.1694892], [121.4607089, 25.1693713], [121.4607235, 25.1693052], [121.4607473, 25.1691517]]}}, {"type": "Feature", "properties": {"county": "新北市", "district": "八里區", "highway": "unclassified", "name": "竿蓁一街"}, "geometry": {"type": "LineString", "coordinates": [[121.4492911, 25.1657248], [121.4496965, 25.165724], [121.4500023, 25.165656], [121.4502222, 25.1656244], [121.450524, 25.1656281], [121.4508099, 25.1656977], [121.4509538, 25.1657733], [121.4510457, 25.1658284], [121.4512005, 25.1659587], [121.4515973, 25.1661921], [121.4520124, 25.166375], [121.4521467, 25.1663575], [121.4522111, 25.1663406], [121.4523479, 25.166326], [121.4526483, 25.1663624], [121.4527422, 25.1663527], [121.4529514, 25.1663648], [121.4530909, 25.1663381], [121.4532867, 25.1663527], [121.4534476, 25.1663333], [121.4535495, 25.1662944], [121.453689, 25.1661901], [121.4538285, 25.1661197], [121.454204, 25.1662847], [121.4545017, 25.1662993], [121.4546868, 25.1664013], [121.4549282, 25.1664692], [121.4550033, 25.1664595], [121.4551991, 25.1663503], [121.4552661, 25.1662459], [121.4554458, 25.1661658], [121.4555746, 25.1660832], [121.4555646, 25.1659706]]}}, {"type": "Feature", "properties": {"county": "新北市", "district": "八里區", "highway": "residential", "name": null}, "geometry": {"type": "LineString", "coordinates": [[121.4490961, 25.1657221], [121.4490659, 25.1656379], [121.4489305, 25.1654745]]}}, {"type": "Feature", "properties": {"county": "新北市", "district": "八里區", "highway": "secondary", "name": "中山路"}, "geometry": {"type": "LineString", "coordinates": [[121.3829626, 25.0809001], [121.3813312, 25.0817743], [121.3809177, 25.0819988], [121.3798107, 25.0825966], [121.3797157, 25.0826454], [121.3786139, 25.0833518], [121.3782744, 25.0835734], [121.3774223, 25.0841796]]}}, {"type": "Feature", "properties": {"county": "新北市", "district": "八里區", "highway": "unclassified", "name": "佳林路"}, "geometry": {"type": "LineString", "coordinates": [[121.3854054, 25.0796153], [121.3854549, 25.0797108], [121.3858081, 25.0803828], [121.3859965, 25.0807957], [121.3861668, 25.0812052], [121.3862864, 25.0815173], [121.3864055, 25.0817724]]}}, {"type": "Feature", "properties": {"county": "新北市", "district": "八里區", "highway": "secondary", "name": "文化一路二段"}, "geometry": {"type": "LineString", "coordinates": [[121.3830893, 25.080835], [121.3833498, 25.081292], [121.3839134, 25.0822776], [121.3840507, 25.0825206], [121.3845035, 25.0833124], [121.3851604, 25.0844587], [121.385405, 25.0848898], [121.3856151, 25.0852546], [121.3856841, 25.0853622], [121.3857587, 25.0854959]]}}, {"type": "Feature", "properties": {"county": "新北市", "district": "八里區", "highway": "residential", "name": null}, "geometry": {"type": "LineString", "coordinates": [[121.4433445, 25.1705419], [121.4434219, 25.171288]]}}, {"type": "Feature", "properties": {"county": "新北市", "district": "八里區", "highway": "residential", "name": "原德路117巷"}, "geometry": {"type": "LineString", "coordinates": [[121.4422327, 25.173245], [121.4423347, 25.1733894], [121.4424922, 25.1736218]]}}, {"type": "Feature", "properties": {"county": "新北市", "district": "八里區", "highway": "residential", "name": "大智街46巷"}, "geometry": {"type": "LineString", "coordinates": [[121.4424922, 25.1736218], [121.4425626, 25.1738033], [121.4425794, 25.1738864], [121.4426869, 25.1742491]]}}, {"type": "Feature", "properties": {"county": "新北市", "district": "八里區", "highway": "unclassified", "name": "紅樹林路"}, "geometry": {"type": "LineString", "coordinates": [[121.4596129, 25.1602104], [121.459641, 25.1598875], [121.4596705, 25.1596132], [121.4597175, 25.1594809], [121.4597832, 25.1593838], [121.460451, 25.1585765], [121.4605396, 25.1584442], [121.4605699, 25.1583645], [121.4606238, 25.1581487], [121.4606495, 25.1579653], [121.4606484, 25.1577234], [121.4606455, 25.1576133], [121.4606341, 25.1571789], [121.4606524, 25.1565001], [121.4607207, 25.1561834], [121.4607897, 25.1560321], [121.4608145, 25.1559776]]}}, {"type": "Feature", "properties": {"county": "新北市", "district": "八里區", "highway": "residential", "name": "八勢一街"}, "geometry": {"type": "LineString", "coordinates": [[121.4593124, 25.1559778], [121.4594061, 25.1559979], [121.4594842, 25.1560146], [121.4596665, 25.1560511], [121.4597939, 25.1560244], [121.4599589, 25.1559807], [121.4601611, 25.1559888], [121.4602657, 25.1560495], [121.460357, 25.1560641], [121.460439, 25.1559933], [121.4605932, 25.1559751], [121.460734, 25.155963], [121.4607564, 25.1559671], [121.4608145, 25.1559776], [121.4608607, 25.1559958], [121.4611042, 25.1560917], [121.4613697, 25.1561427], [121.4615575, 25.1562252], [121.4617597, 25.1563943], [121.4619517, 25.1563381], [121.4621046, 25.1562556], [121.4621422, 25.1562082], [121.4619424, 25.1559072], [121.4619048, 25.1558004], [121.4619048, 25.155557], [121.4618724, 25.1552411], [121.461737, 25.1551718], [121.4613285, 25.1549772]]}}, {"type": "Feature", "properties": {"county": "新北市", "district": "八里區", "highway": "unclassified", "name": "臨港大道"}, "geometry": {"type": "LineString", "coordinates": [[121.3902385, 25.1480796], [121.3906954, 25.1484506], [121.3908145, 25.1485467], [121.3927132, 25.150078]]}}, {"type": "Feature", "properties": {"county": "新北市", "district": "八里區", "highway": "unclassified", "name": null}, "geometry": {"type": "LineString", "coordinates": [[121.3894927, 25.1490895], [121.3896445, 25.1490727], [121.3907309, 25.1500875], [121.3917093, 25.1510014], [121.3918094, 25.1510949], [121.3921444, 25.1514078], [121.3922157, 25.1514744]]}}, {"type": "Feature", "properties": {"county": "新北市", "district": "八里區", "highway": "unclassified", "name": null}, "geometry": {"type": "LineString", "coordinates": [[121.4447961, 25.1690563], [121.444759, 25.1690105]]}}, {"type": "Feature", "properties": {"county": "新北市", "district": "八里區", "highway": "unclassified", "name": "機車專用道"}, "geometry": {"type": "LineString", "coordinates": [[121.4444371, 25.169064], [121.4442145, 25.1691418], [121.4441568, 25.1691617]]}}, {"type": "Feature", "properties": {"county": "新北市", "district": "八里區", "highway": "unclassified", "name": null}, "geometry": {"type": "LineString", "coordinates": [[121.4529918, 25.1035438], [121.4529797, 25.1034507], [121.4530346, 25.1033399], [121.4530736, 25.1032635], [121.4531447, 25.1031216], [121.453492, 25.1025022], [121.4536563, 25.1022804], [121.453736, 25.1021861], [121.4537844, 25.102151], [121.4538881, 25.1020822]]}}, {"type": "Feature", "properties": {"county": "新北市", "district": "八里區", "highway": "secondary", "name": "中興路四段"}, "geometry": {"type": "LineString", "coordinates": [[121.4391964, 25.0825656], [121.4396053, 25.0824228], [121.439993, 25.0822506]]}}, {"type": "Feature", "properties": {"county": "新北市", "district": "八里區", "highway": "secondary", "name": "民義路一段"}, "geometry": {"type": "LineString", "coordinates": [[121.4377281, 25.0830766], [121.4376019, 25.0831356], [121.4373625, 25.0834936], [121.4372691, 25.0836058], [121.4371863, 25.0836957], [121.4369272, 25.0839241], [121.4368996, 25.0839513], [121.4367028, 25.0841532], [121.4366034, 25.0842498], [121.4361107, 25.0847858], [121.4360116, 25.0848982], [121.4358784, 25.0850519], [121.4357926, 25.0850998], [121.4356488, 25.08513], [121.4354973, 25.0851502], [121.435355, 25.0852], [121.4352064, 25.0853039], [121.4350445, 25.0854382], [121.4349018, 25.0856945], [121.4347381, 25.0859285], [121.4346609, 25.0859881], [121.4346177, 25.0860214], [121.4344549, 25.0861181], [121.4343148, 25.0862193], [121.4342168, 25.086311], [121.43418, 25.0863633]]}}, {"type": "Feature", "properties": {"county": "新北市", "district": "八里區", "highway": "trunk", "name": "東西向快速公路 八里新店線"}, "geometry": {"type": "LineString", "coordinates": [[121.4532193, 25.0744301], [121.4525667, 25.0750967], [121.4520189, 25.0757046], [121.4515303, 25.0762873], [121.4510654, 25.0768914], [121.4508435, 25.0771992], [121.4506345, 25.0775294], [121.4502868, 25.0780837], [121.4499302, 25.0786908], [121.4496257, 25.0792728], [121.4493884, 25.0797634], [121.449169, 25.0802503], [121.4489525, 25.0807558], [121.4487801, 25.0812533], [121.4485756, 25.0818259], [121.4484145, 25.0823938], [121.4482593, 25.0829602], [121.4481293, 25.0835328], [121.447921, 25.0847781], [121.4478514, 25.0854139], [121.4477595, 25.0860432], [121.4477574, 25.0865118]]}}, {"type": "Feature", "properties": {"county": "新北市", "district": "八里區", "highway": "secondary", "name": "中山路"}, "geometry": {"type": "LineString", "coordinates": [[121.4404313, 25.172346], [121.4403784, 25.1722697]]}}, {"type": "Feature", "properties": {"county": "新北市", "district": "八里區", "highway": "primary", "name": "中正東路"}, "geometry": {"type": "LineString", "coordinates": [[121.4473916, 25.1673597], [121.4475418, 25.1671787], [121.4477027, 25.166891], [121.4478663, 25.1666215], [121.448038, 25.1663266], [121.4481882, 25.16617], [121.4484027, 25.1659964], [121.4487031, 25.1658617], [121.4490961, 25.1657221], [121.4491631, 25.1656893], [121.4494421, 25.1655582], [121.4498196, 25.1653178], [121.4501463, 25.1650653]]}}, {"type": "Feature", "properties": {"county": "新北市", "district": "八里區", "highway": "primary", "name": "中正東路"}, "geometry": {"type": "LineString", "coordinates": [[121.4457527, 25.1683123], [121.4460343, 25.1681667]]}}, {"type": "Feature", "properties": {"county": "新北市", "district": "八里區", "highway": "trunk_link", "name": "五股二交流道"}, "geometry": {"type": "LineString", "coordinates": [[121.4464607, 25.0802554], [121.4467124, 25.080131], [121.4470267, 25.079942], [121.4471884, 25.0798371], [121.4472534, 25.079795], [121.4475239, 25.0795384], [121.4477248, 25.0792817], [121.4480314, 25.0787894], [121.448137, 25.078612], [121.4482813, 25.0784184], [121.44849, 25.078206], [121.4486986, 25.078031], [121.4489844, 25.077876]]}}, {"type": "Feature", "properties": {"county": "新北市", "district": "八里區", "highway": "tertiary", "name": "疏洪北路"}, "geometry": {"type": "LineString", "coordinates": [[121.4527545, 25.1056411], [121.4528783, 25.1055731], [121.4530326, 25.105593], [121.4531923, 25.1055786], [121.4533281, 25.1055286], [121.4534384, 25.1054436], [121.4535613, 25.1053193], [121.4538166, 25.1049933], [121.4539427, 25.1047723], [121.4540151, 25.1046484], [121.4540875, 25.1044444], [121.4541667, 25.1041862], [121.4542082, 25.104051], [121.4542404, 25.1039004], [121.4542565, 25.1037182], [121.4542615, 25.1036306], [121.4542672, 25.1035312], [121.4542538, 25.1033417], [121.4542216, 25.1031231], [121.4541385, 25.1028171], [121.4540848, 25.1026665], [121.4539279, 25.1023563], [121.4538866, 25.1022979], [121.4537844, 25.102151], [121.4537013, 25.1020612], [121.4533712, 25.1017236], [121.4525106, 25.1005728], [121.4524924, 25.1005484], [121.4524593, 25.1005025], [121.4520756, 25.0997229], [121.4516338, 25.0990972], [121.451107, 25.0982275], [121.4508894, 25.0978563], [121.4496251, 25.0953253], [121.4495204, 25.0950898], [121.4490637, 25.0940505], [121.4488722, 25.0935988], [121.4486862, 25.0932947], [121.4485531, 25.0931973]]}}, {"type": "Feature", "properties": {"county": "新北市", "district": "八里區", "highway": "secondary", "name": "中興路四段"}, "geometry": {"type": "LineString", "coordinates": [[121.4402015, 25.0821424], [121.440568, 25.0820316]]}}, {"type": "Feature", "properties": {"county": "新北市", "district": "八里區", "highway": "secondary", "name": "中興路三段"}, "geometry": {"type": "LineString", "coordinates": [[121.440568, 25.0820316], [121.4407806, 25.0820201], [121.441117, 25.0819226]]}}, {"type": "Feature", "properties": {"county": "新北市", "district": "八里區", "highway": "unclassified", "name": "疏洪北路"}, "geometry": {"type": "LineString", "coordinates": [[121.4495046, 25.0953874], [121.4490597, 25.0944154], [121.4489068, 25.0940221], [121.4486342, 25.0934669], [121.4485816, 25.0933615], [121.4485531, 25.0931973]]}}, {"type": "Feature", "properties": {"county": "新北市", "district": "八里區", "highway": "trunk_link", "name": "五股二交流道"}, "geometry": {"type": "LineString", "coordinates": [[121.4452234, 25.0809124], [121.444057, 25.0811736], [121.4434935, 25.0813332], [121.4429584, 25.0814813], [121.4424082, 25.0816272], [121.4418015, 25.0817998], [121.4410343, 25.08202], [121.4407282, 25.0820908], [121.4405561, 25.0820985], [121.4404167, 25.0820768], [121.4403495, 25.0820523], [121.4402897, 25.082028], [121.4401572, 25.0819331], [121.440006, 25.0817501], [121.4398317, 25.0814677], [121.4396495, 25.0811462], [121.4395033, 25.0808995], [121.4392606, 25.0804975], [121.4390844, 25.0802135], [121.4389186, 25.0799328], [121.4387664, 25.0796608], [121.4384741, 25.0790788], [121.4382526, 25.0785664], [121.4379727, 25.0779335], [121.4377716, 25.0774625], [121.4375459, 25.0769248], [121.4373042, 25.0762875], [121.4371678, 25.0758456], [121.4370017, 25.0751036], [121.4368988, 25.0745192]]}}, {"type": "Feature", "properties": {"county": "新北市", "district": "八里區", "highway": "secondary", "name": "中興路三段"}, "geometry": {"type": "LineString", "coordinates": [[121.4413416, 25.0820307], [121.441306, 25.082042]]}}, {"type": "Feature", "properties": {"county": "新北市", "district": "八里區", "highway": "secondary_link", "name": null}, "geometry": {"type": "LineString", "coordinates": [[121.4421072, 25.0816355], [121.4422253, 25.0815026], [121.4423504, 25.08146], [121.4427478, 25.0813429], [121.4429811, 25.0812184]]}}, {"type": "Feature", "properties": {"county": "新北市", "district": "八里區", "highway": "tertiary", "name": null}, "geometry": {"type": "LineString", "coordinates": [[121.4464607, 25.0802554], [121.4476364, 25.0799269], [121.4490028, 25.0795603], [121.4497351, 25.0794624]]}}, {"type": "Feature", "properties": {"county": "新北市", "district": "八里區", "highway": "tertiary", "name": "工商路"}, "geometry": {"type": "LineString", "coordinates": [[121.4387007, 25.0847841], [121.4387801, 25.0846815], [121.4389493, 25.0843799], [121.4390758, 25.0841557], [121.4392936, 25.0837401], [121.4395714, 25.0832526], [121.4397455, 25.0829528], [121.4398804, 25.0827204], [121.4399556, 25.0825154]]}}, {"type": "Feature", "properties": {"county": "新北市", "district": "八里區", "highway": "secondary", "name": "成泰路二段"}, "geometry": {"type": "LineString", "coordinates": [[121.4387007, 25.0847841], [121.4391385, 25.0855106], [121.4399385, 25.0868379]]}}, {"type": "Feature", "properties": {"county": "新北市", "district": "八里區", "highway": "secondary", "name": "成泰路二段"}, "geometry": {"type": "LineString", "coordinates": [[121.4377281, 25.0830766], [121.4382334, 25.0840216], [121.4382852, 25.0841184], [121.4387007, 25.0847841]]}}, {"type": "Feature", "properties": {"county": "新北市", "district": "八里區", "highway": "residential", "name": null}, "geometry": {"type": "LineString", "coordinates": [[121.4439509, 25.1700265], [121.443746, 25.1699852]]}}, {"type": "Feature", "properties": {"county": "新北市", "district": "八里區", "highway": "residential", "name": "仁一街"}, "geometry": {"type": "LineString", "coordinates": [[121.4107115, 25.1575168], [121.4096375, 25.1585459]]}}, {"type": "Feature", "properties": {"county": "新北市", "district": "八里區", "highway": "tertiary", "name": "商港三路"}, "geometry": {"type": "LineString", "coordinates": [[121.4049963, 25.1561468], [121.4048729, 25.1560362], [121.4040891, 25.1553328], [121.4030472, 25.1543991]]}}, {"type": "Feature", "properties": {"county": "新北市", "district": "八里區", "highway": "unclassified", "name": "商港八路"}, "geometry": {"type": "LineString", "coordinates": [[121.4016476, 25.1485578], [121.4010194, 25.1494412], [121.4003668, 25.1503132]]}}, {"type": "Feature", "properties": {"county": "新北市", "district": "八里區", "highway": "trunk", "name": "東西向快速公路 八里新店線"}, "geometry": {"type": "LineString", "coordinates": [[121.3929325, 25.1497609], [121.3930728, 25.149549], [121.3932131, 25.1493371]]}}, {"type": "Feature", "properties": {"county": "新北市", "district": "八里區", "highway": "trunk", "name": "東西向快速公路 八里新店線"}, "geometry": {"type": "LineString", "coordinates": [[121.3927883, 25.1499837], [121.3929325, 25.1497609]]}}, {"type": "Feature", "properties": {"county": "新北市", "district": "八里區", "highway": "trunk", "name": "東西向快速公路 八里新店線"}, "geometry": {"type": "LineString", "coordinates": [[121.3930188, 25.149827], [121.3928612, 25.1500369]]}}, {"type": "Feature", "properties": {"county": "新北市", "district": "八里區", "highway": "trunk", "name": null}, "geometry": {"type": "LineString", "coordinates": [[121.3928612, 25.1500369], [121.3928024, 25.1501404]]}}, {"type": "Feature", "properties": {"county": "新北市", "district": "八里區", "highway": "tertiary", "name": "光榮路"}, "geometry": {"type": "LineString", "coordinates": [[121.461856, 25.0884799], [121.4610745, 25.0883804], [121.4604277, 25.0883114], [121.4603307, 25.088305], [121.4594588, 25.0882835]]}}, {"type": "Feature", "properties": {"county": "新北市", "district": "八里區", "highway": "residential", "name": "中原路"}, "geometry": {"type": "LineString", "coordinates": [[121.4619213, 25.0839436], [121.4616079, 25.0837027], [121.4612722, 25.0834818], [121.4608755, 25.0832037], [121.4603957, 25.0828828], [121.4600057, 25.0827039], [121.4597125, 25.0825695], [121.4582984, 25.0819084], [121.4574382, 25.0815139]]}}, {"type": "Feature", "properties": {"county": "新北市", "district": "八里區", "highway": "unclassified", "name": "凌雲路三段"}, "geometry": {"type": "LineString", "coordinates": [[121.4226971, 25.1279052], [121.4225791, 25.1279848], [121.4224564, 25.1279987], [121.4223465, 25.1279808], [121.4222066, 25.1279541], [121.4219584, 25.1279083], [121.4216285, 25.1278895], [121.4213428, 25.1278359], [121.4210496, 25.1278613], [121.4208782, 25.1278741], [121.4205535, 25.127878], [121.4204503, 25.1279151], [121.4203762, 25.1279898], [121.4203414, 25.1280631], [121.4202439, 25.1282918], [121.4201493, 25.1284723], [121.4199141, 25.1287242], [121.4198139, 25.1288451]]}}, {"type": "Feature", "properties": {"county": "新北市", "district": "八里區", "highway": "tertiary", "name": "凌雲路三段"}, "geometry": {"type": "LineString", "coordinates": [[121.4198139, 25.1288451], [121.4197454, 25.1289106], [121.4196236, 25.1290178], [121.4195131, 25.129087], [121.4193732, 25.1291373], [121.4191983, 25.1291497], [121.4190446, 25.1291025], [121.4189093, 25.1290357], [121.4187336, 25.1289669], [121.4186484, 25.1289677], [121.4185103, 25.1290068], [121.4184267, 25.1289877], [121.4183594, 25.128962], [121.4182455, 25.1289198], [121.4181403, 25.1288666], [121.4180606, 25.1287993], [121.418006, 25.128722], [121.4179166, 25.1286196], [121.4177286, 25.128445]]}}, {"type": "Feature", "properties": {"county": "新北市", "district": "八里區", "highway": "tertiary", "name": "民義路二段"}, "geometry": {"type": "LineString", "coordinates": [[121.4177286, 25.128445], [121.4175955, 25.1284035], [121.4174717, 25.1283253], [121.4173101, 25.1280774], [121.4171814, 25.1278844], [121.417147, 25.1277444], [121.4171887, 25.1274945], [121.417182, 25.1272795], [121.416901, 25.126635], [121.4167787, 25.1264193], [121.4167315, 25.1262749], [121.4167337, 25.1261557], [121.4168638, 25.1259484], [121.4169124, 25.1256845], [121.4169285, 25.1255042], [121.4169644, 25.1253841], [121.417042, 25.1252855], [121.4171688, 25.1252023], [121.4173409, 25.1251168], [121.4175173, 25.1250354], [121.4176185, 25.1249838], [121.417754, 25.1248879], [121.4178458, 25.1247889], [121.4178686, 25.1247112], [121.4178612, 25.1246104], [121.4178156, 25.124472], [121.4177434, 25.1243809], [121.4174692, 25.1242384], [121.4171954, 25.1240895], [121.4171008, 25.1240373], [121.416964, 25.1240416], [121.4167303, 25.1240913], [121.4166193, 25.1240895], [121.4164047, 25.1240714], [121.4162841, 25.1240416], [121.4162076, 25.1240033], [121.4161158, 25.1239293], [121.4159884, 25.1237684], [121.4158981, 25.1236842], [121.415579, 25.1235502], [121.4154377, 25.1234608], [121.415309, 25.1233425], [121.4152827, 25.1232611], [121.4152598, 25.1230752], [121.4152028, 25.1229885], [121.4150425, 25.1228892], [121.4148612, 25.1228268], [121.4146618, 25.1228234], [121.4145258, 25.1228629], [121.4142935, 25.1229765], [121.4141312, 25.1229864], [121.4139911, 25.1229556], [121.4136522, 25.122923], [121.4132728, 25.1228708], [121.413028, 25.122793], [121.4122939, 25.1224678], [121.4120711, 25.1223539], [121.4119261, 25.1222166], [121.4116925, 25.1219489], [121.4107535, 25.1211797], [121.4105496, 25.1210492], [121.4103081, 25.1209457], [121.4099954, 25.1208954], [121.4098669, 25.1208885], [121.4096773, 25.1209543], [121.4094026, 25.1211298], [121.4092656, 25.1211666], [121.4089447, 25.1211889], [121.4086605, 25.1211987], [121.4082025, 25.1213082], [121.4077996, 25.1214256], [121.4075295, 25.1215899], [121.4072324, 25.1218536]]}}, {"type": "Feature", "properties": {"county": "新北市", "district": "八里區", "highway": "secondary", "name": "寶林路"}, "geometry": {"type": "LineString", "coordinates": [[121.3757897, 25.0898371], [121.3759384, 25.0897928]]}}, {"type": "Feature", "properties": {"county": "新北市", "district": "八里區", "highway": "residential", "name": "芳洲路"}, "geometry": {"type": "LineString", "coordinates": [[121.4415174, 25.0834949], [121.4416291, 25.0834589], [121.441953, 25.0833623], [121.4420455, 25.0833465], [121.4421461, 25.0833696], [121.4422816, 25.0834558], [121.4431511, 25.0843608], [121.4435048, 25.0846382], [121.443926, 25.0849257], [121.4441981, 25.0850905], [121.4444315, 25.085216]]}}, {"type": "Feature", "properties": {"county": "新北市", "district": "八里區", "highway": "residential", "name": "新城八路"}, "geometry": {"type": "LineString", "coordinates": [[121.4464041, 25.0923382], [121.4457225, 25.0914725], [121.4449179, 25.0904734], [121.4448995, 25.0903912], [121.4449071, 25.09029], [121.4449836, 25.0901867], [121.445256, 25.0899865], [121.445761, 25.0896528], [121.4458757, 25.0895673], [121.4463461, 25.0892649], [121.4470472, 25.0892258], [121.4477345, 25.0892161]]}}, {"type": "Feature", "properties": {"county": "新北市", "district": "八里區", "highway": "residential", "name": "芳洲五路"}, "geometry": {"type": "LineString", "coordinates": [[121.4460587, 25.086507], [121.4460106, 25.0865083], [121.4453299, 25.0865264], [121.4444618, 25.0865458]]}}, {"type": "Feature", "properties": {"county": "新北市", "district": "八里區", "highway": "residential", "name": "芳洲六路"}, "geometry": {"type": "LineString", "coordinates": [[121.4448648, 25.0871262], [121.4463038, 25.0871004], [121.4465013, 25.0870975]]}}, {"type": "Feature", "properties": {"county": "新北市", "district": "八里區", "highway": "residential", "name": "芳洲三路"}, "geometry": {"type": "LineString", "coordinates": [[121.4453128, 25.0857868], [121.4453095, 25.0859919], [121.4453299, 25.0865264]]}}, {"type": "Feature", "properties": {"county": "新北市", "district": "八里區", "highway": "residential", "name": "新城三路"}, "geometry": {"type": "LineString", "coordinates": [[121.4485531, 25.0931973], [121.4484438, 25.0932788], [121.4481204, 25.0935197], [121.4477, 25.093824]]}}, {"type": "Feature", "properties": {"county": "新北市", "district": "八里區", "highway": "residential", "name": "芳洲八路"}, "geometry": {"type": "LineString", "coordinates": [[121.4463012, 25.0868447], [121.4463038, 25.0871004], [121.4463099, 25.0876522], [121.4463191, 25.0885121], [121.4463461, 25.0892649]]}}, {"type": "Feature", "properties": {"county": "新北市", "district": "八里區", "highway": "residential", "name": "芳洲一路"}, "geometry": {"type": "LineString", "coordinates": [[121.4430248, 25.0857703], [121.4433628, 25.0855842], [121.4442475, 25.0858178], [121.4448146, 25.0859919], [121.4453095, 25.0859919], [121.4455375, 25.0859955]]}}, {"type": "Feature", "properties": {"county": "新北市", "district": "八里區", "highway": "residential", "name": "新城五路"}, "geometry": {"type": "LineString", "coordinates": [[121.4464041, 25.0923382], [121.4469202, 25.0920271], [121.4473133, 25.0917661], [121.4473823, 25.0917203]]}}, {"type": "Feature", "properties": {"county": "新北市", "district": "八里區", "highway": "residential", "name": "芳洲七路"}, "geometry": {"type": "LineString", "coordinates": [[121.4452592, 25.0877047], [121.4453363, 25.0876581], [121.4463099, 25.0876522], [121.4469358, 25.0876416]]}}, {"type": "Feature", "properties": {"county": "新北市", "district": "八里區", "highway": "residential", "name": "新城六路"}, "geometry": {"type": "LineString", "coordinates": [[121.4444031, 25.0893895], [121.4447914, 25.089439], [121.4448464, 25.0894573], [121.445256, 25.0899865], [121.4462018, 25.0911511], [121.4469202, 25.0920271], [121.4481204, 25.0935197]]}}, {"type": "Feature", "properties": {"county": "新北市", "district": "八里區", "highway": "unclassified", "name": null}, "geometry": {"type": "LineString", "coordinates": [[121.4125753, 25.1465403], [121.412493, 25.1465767], [121.4124519, 25.1465949], [121.4122829, 25.1467054], [121.4119892, 25.146879], [121.4118257, 25.1469245], [121.41169, 25.1468843], [121.4115754, 25.1468229], [121.4114818, 25.1466746], [121.4116549, 25.1459334], [121.4118148, 25.1454547], [121.4118967, 25.1452177], [121.4120103, 25.1448891], [121.4120454, 25.1447986], [121.4120873, 25.1446903], [121.4121341, 25.1445317], [121.412236, 25.1440756], [121.4122987, 25.1438687], [121.4123874, 25.1435897], [121.412409, 25.1435217], [121.4125627, 25.1430381], [121.4125417, 25.1427945], [121.4122071, 25.1418774], [121.4122516, 25.1418114], [121.4122315, 25.141679], [121.4122516, 25.1415516], [121.4122436, 25.1414569], [121.4122704, 25.141265], [121.4123334, 25.1411291], [121.412379, 25.1410149], [121.4124648, 25.1408377], [121.4124863, 25.140692], [121.4126284, 25.1400121], [121.4127196, 25.1396758], [121.4127062, 25.1396042], [121.4126673, 25.1395811], [121.4126164, 25.1395836], [121.4125721, 25.1396042], [121.4125346, 25.1396552], [121.4125024, 25.1397402], [121.4124528, 25.1399624], [121.4124072, 25.1400716], [121.4123669, 25.1401493], [121.4123052, 25.1402367], [121.4121912, 25.1403703], [121.4120947, 25.1404856], [121.4119445, 25.1406981], [121.4118788, 25.1407867], [121.4118184, 25.1408256], [121.4117527, 25.1408207], [121.4116776, 25.1407891], [121.4116454, 25.1407369], [121.4116883, 25.140573], [121.4117447, 25.1404043], [121.4117795, 25.1402428], [121.4118251, 25.1401141], [121.4118815, 25.1399187], [121.4119405, 25.139762], [121.4119995, 25.1395714], [121.4120424, 25.139444], [121.4121001, 25.1392436], [121.4121698, 25.1390834], [121.4122731, 25.1389486], [121.4123321, 25.1389231], [121.4125533, 25.1389947], [121.4126955, 25.1390032], [121.4127626, 25.138985], [121.4129168, 25.1388903], [121.4129905, 25.1388236]]}}, {"type": "Feature", "properties": {"county": "新北市", "district": "八里區", "highway": "unclassified", "name": "凌雲路二段田埔巷"}, "geometry": {"type": "LineString", "coordinates": [[121.4364625, 25.1225558], [121.4367993, 25.1227811], [121.4371448, 25.1230834], [121.4372221, 25.1231671], [121.4374321, 25.1232288], [121.437527, 25.1233067], [121.4376507, 25.1233425], [121.4377345, 25.1232947], [121.4378346, 25.1232266], [121.4380488, 25.1231806], [121.438209, 25.1231871], [121.4383315, 25.1232799], [121.4383839, 25.1233602], [121.4383641, 25.1234558], [121.4384617, 25.1235875], [121.4385681, 25.1236736], [121.4387219, 25.1237654], [121.4389554, 25.1238641], [121.4390812, 25.1239398], [121.4391531, 25.1240536], [121.4392143, 25.124296], [121.4392391, 25.1245234], [121.4393384, 25.124717], [121.4394197, 25.1248597], [121.4395374, 25.1249562]]}}, {"type": "Feature", "properties": {"county": "新北市", "district": "八里區", "highway": "unclassified", "name": null}, "geometry": {"type": "LineString", "coordinates": [[121.4364625, 25.1225558], [121.4365056, 25.1226702], [121.436563, 25.1228363], [121.4366036, 25.1229806], [121.4365927, 25.1231696], [121.4365348, 25.1233881], [121.436342, 25.1236463], [121.4360675, 25.1237803], [121.435727, 25.1239171], [121.4355286, 25.1239404], [121.4352866, 25.1239105], [121.4350909, 25.1239678], [121.4349602, 25.123989]]}}, {"type": "Feature", "properties": {"county": "新北市", "district": "八里區", "highway": "unclassified", "name": null}, "geometry": {"type": "LineString", "coordinates": [[121.4275664, 25.1217779], [121.4276321, 25.1219236], [121.4275969, 25.1221042]]}}, {"type": "Feature", "properties": {"county": "新北市", "district": "八里區", "highway": "residential", "name": "頂寮一街"}, "geometry": {"type": "LineString", "coordinates": [[121.4512856, 25.1235418], [121.4514097, 25.123392], [121.4514081, 25.1232258], [121.4513103, 25.1231463], [121.4512794, 25.123088], [121.4513038, 25.1230071], [121.4513532, 25.1228828], [121.4513451, 25.1228075], [121.4512647, 25.1227505], [121.4511368, 25.1227195], [121.4509763, 25.1227225], [121.4508811, 25.1226825], [121.4508538, 25.1226072], [121.4508784, 25.1224736], [121.4508744, 25.122419], [121.4508395, 25.122385], [121.450748, 25.1223315], [121.4503559, 25.1221638], [121.4500597, 25.121972], [121.4499619, 25.1218249], [121.4499274, 25.1217908], [121.4498718, 25.1217213], [121.4498364, 25.1216904], [121.4497637, 25.1216588], [121.4494427, 25.1215148]]}}, {"type": "Feature", "properties": {"county": "新北市", "district": "八里區", "highway": "residential", "name": null}, "geometry": {"type": "LineString", "coordinates": [[121.4318191, 25.1252977], [121.4318447, 25.1251056], [121.4318731, 25.1249234], [121.4318947, 25.1248929], [121.4319239, 25.1248535], [121.4319618, 25.1248609]]}}, {"type": "Feature", "properties": {"county": "新北市", "district": "八里區", "highway": "unclassified", "name": "中直路崩山巷"}, "geometry": {"type": "LineString", "coordinates": [[121.4248323, 25.1119141], [121.4248214, 25.1120354], [121.4249434, 25.1122651], [121.4249578, 25.1124554], [121.4250585, 25.1127496], [121.4250787, 25.1128334], [121.4249995, 25.1130702], [121.4249124, 25.1132086], [121.4247684, 25.1133618], [121.4246403, 25.1138147], [121.4244923, 25.1141033], [121.4241842, 25.1145356], [121.4241304, 25.114602], [121.423872, 25.1147891], [121.4237447, 25.1150774], [121.423742, 25.1151098], [121.42375, 25.1151395], [121.4237615, 25.1151588], [121.4238517, 25.115236], [121.4239305, 25.1153385], [121.4239469, 25.1154222], [121.4239248, 25.1155377], [121.4238603, 25.1156562], [121.4237481, 25.1157579], [121.4236194, 25.1158483], [121.4235843, 25.1159147], [121.4235884, 25.115987], [121.4235959, 25.1160884], [121.4235679, 25.1161541], [121.4234228, 25.1163902], [121.423266, 25.1166158], [121.4232117, 25.1167801], [121.423176, 25.1169254], [121.4231586, 25.1170475], [121.4231466, 25.1171313], [121.4231443, 25.1172064], [121.4231994, 25.1173612], [121.4232685, 25.1174484], [121.4232929, 25.1174875], [121.4232936, 25.1175295], [121.4232626, 25.1176444], [121.4232053, 25.1178403], [121.4232037, 25.1179071], [121.4232029, 25.11794], [121.4232029, 25.1180459], [121.4231386, 25.1182323], [121.4230626, 25.1183594], [121.4228566, 25.1186538], [121.4228449, 25.1187036], [121.4228519, 25.1187767], [121.4228707, 25.1189843], [121.4228215, 25.119159], [121.422756, 25.1193084], [121.4226808, 25.1196571], [121.422572, 25.1197645], [121.4223933, 25.1198737], [121.4222145, 25.1200251], [121.4220684, 25.1201529], [121.4220094, 25.1202305], [121.4219784, 25.1203377], [121.4218852, 25.1205598], [121.4216113, 25.1208806], [121.4215569, 25.1209731], [121.4212316, 25.1211675], [121.42102, 25.1213218], [121.4209508, 25.1214106], [121.4209136, 25.1214736], [121.4209045, 25.1215239], [121.4209531, 25.12155], [121.4210007, 25.121544], [121.4211179, 25.121467], [121.4211791, 25.1214619], [121.4212367, 25.1214878], [121.4212398, 25.121541], [121.4211308, 25.1216301], [121.4210306, 25.1217111], [121.4209851, 25.1217643], [121.4209817, 25.1218259], [121.4209978, 25.1222155], [121.4209968, 25.1224844], [121.4210364, 25.122638], [121.4210784, 25.122687], [121.4211346, 25.1227022], [121.4211954, 25.1226823], [121.4212842, 25.1224975], [121.4213563, 25.1224997], [121.421391, 25.1225463], [121.4214251, 25.1227562], [121.4214733, 25.122964], [121.4214896, 25.1230672], [121.4214843, 25.1231877], [121.4214711, 25.123257], [121.4213739, 25.1233094], [121.4213153, 25.1233142], [121.4212428, 25.1233355], [121.421161, 25.1233719], [121.4211013, 25.123411], [121.4210874, 25.1234681], [121.4210897, 25.123642], [121.4211112, 25.123821], [121.4211117, 25.1239196], [121.4210958, 25.1240042], [121.4210037, 25.1240951], [121.4209631, 25.1242029], [121.4208962, 25.1243988], [121.4207554, 25.1246063], [121.420728, 25.124679], [121.4207467, 25.1247923], [121.4207682, 25.1249047], [121.4207159, 25.1250074], [121.4206543, 25.125034], [121.420402, 25.125212], [121.4202507, 25.1253191], [121.4202011, 25.1253598], [121.4201311, 25.1254061], [121.4200541, 25.1254534], [121.4199793, 25.1254509], [121.4198438, 25.1253999], [121.419535, 25.1251545], [121.4194459, 25.1251366], [121.4190718, 25.1251713], [121.4189384, 25.1252275], [121.4188308, 25.1253207]]}}, {"type": "Feature", "properties": {"county": "新北市", "district": "八里區", "highway": "residential", "name": null}, "geometry": {"type": "LineString", "coordinates": [[121.443775, 25.1100767], [121.4435929, 25.1101024], [121.4435432, 25.1100695], [121.4434986, 25.1099586], [121.4434473, 25.1098388], [121.4431991, 25.1095661], [121.4432471, 25.1094657], [121.4433877, 25.1093234], [121.4433894, 25.1092276], [121.4433407, 25.1091424], [121.4431242, 25.1090458], [121.4430084, 25.1089701], [121.4429678, 25.1088675], [121.442996, 25.1087383], [121.4432094, 25.1085286], [121.4433632, 25.1084537], [121.4435419, 25.1084492], [121.4438364, 25.1084762], [121.4439903, 25.1084237], [121.4440482, 25.1083249], [121.4440548, 25.1081526], [121.4438976, 25.1079698], [121.4436395, 25.1074485], [121.4435717, 25.1072627], [121.4434779, 25.1071244]]}}, {"type": "Feature", "properties": {"county": "新北市", "district": "八里區", "highway": "unclassified", "name": "龍形三街"}, "geometry": {"type": "LineString", "coordinates": [[121.4472032, 25.1313122], [121.4480077, 25.1316142], [121.4483404, 25.1317391], [121.4487648, 25.1316888], [121.449013, 25.1316387], [121.4492625, 25.1315693], [121.4496905, 25.1315559], [121.4503202, 25.1318097], [121.4505301, 25.1318727], [121.4506127, 25.1318507], [121.4507654, 25.1318584], [121.4514575, 25.1318857], [121.4515419, 25.1318855]]}}, {"type": "Feature", "properties": {"county": "新北市", "district": "八里區", "highway": "unclassified", "name": null}, "geometry": {"type": "LineString", "coordinates": [[121.4333495, 25.1422383], [121.4332729, 25.1422828], [121.4328724, 25.1425421], [121.4326426, 25.1425242], [121.4324695, 25.1425497], [121.4324005, 25.1425549]]}}, {"type": "Feature", "properties": {"county": "新北市", "district": "八里區", "highway": "secondary", "name": "中山路"}, "geometry": {"type": "LineString", "coordinates": [[121.3830291, 25.0807388], [121.3831897, 25.0806588], [121.383852, 25.0803184], [121.384102, 25.0801905], [121.3844577, 25.0799923], [121.3849739, 25.079728], [121.3853665, 25.0795269]]}}, {"type": "Feature", "properties": {"county": "新北市", "district": "八里區", "highway": "secondary", "name": "中山路"}, "geometry": {"type": "LineString", "coordinates": [[121.3772579, 25.0841753], [121.3773557, 25.0840971]]}}, {"type": "Feature", "properties": {"county": "新北市", "district": "八里區", "highway": "residential", "name": "福林路"}, "geometry": {"type": "LineString", "coordinates": [[121.3778697, 25.0891704], [121.378719, 25.0888936], [121.3791161, 25.0887818], [121.3795854, 25.0885486], [121.3797195, 25.0884806], [121.3798992, 25.0883203], [121.3800157, 25.0881909]]}}, {"type": "Feature", "properties": {"county": "新北市", "district": "八里區", "highway": "unclassified", "name": null}, "geometry": {"type": "LineString", "coordinates": [[121.3800157, 25.0881909], [121.3801093, 25.0881171]]}}, {"type": "Feature", "properties": {"county": "新北市", "district": "八里區", "highway": "residential", "name": "信義路"}, "geometry": {"type": "LineString", "coordinates": [[121.3757175, 25.0819451], [121.3768512, 25.0812967], [121.3780136, 25.0806203], [121.3781171, 25.0805679], [121.3792047, 25.0800076], [121.3798854, 25.0796576], [121.3803111, 25.0794387], [121.380613, 25.0792832], [121.3816212, 25.078764]]}}, {"type": "Feature", "properties": {"county": "新北市", "district": "八里區", "highway": "secondary", "name": "文化一路二段"}, "geometry": {"type": "LineString", "coordinates": [[121.3829022, 25.0808037], [121.3816212, 25.078764]]}}, {"type": "Feature", "properties": {"county": "新北市", "district": "八里區", "highway": "tertiary", "name": "文化三路二段"}, "geometry": {"type": "LineString", "coordinates": [[121.3772579, 25.0841753], [121.3764465, 25.0830858], [121.3756487, 25.0820443], [121.375625, 25.0820037]]}}, {"type": "Feature", "properties": {"county": "新北市", "district": "八里區", "highway": "tertiary", "name": "文化三路二段"}, "geometry": {"type": "LineString", "coordinates": [[121.375625, 25.0820037], [121.3747681, 25.0809172], [121.3742055, 25.0801841], [121.3735495, 25.0793274], [121.3727308, 25.0782948], [121.3726886, 25.0782407]]}}, {"type": "Feature", "properties": {"county": "新北市", "district": "八里區", "highway": "tertiary", "name": "文化三路二段"}, "geometry": {"type": "LineString", "coordinates": [[121.3800157, 25.0881909], [121.3798042, 25.0878872], [121.3797799, 25.087848], [121.3792061, 25.0869787], [121.3786209, 25.0860053], [121.3783378, 25.0856083], [121.378042, 25.0851933], [121.3773225, 25.0842584]]}}, {"type": "Feature", "properties": {"county": "新北市", "district": "八里區", "highway": "secondary", "name": "中興路三段"}, "geometry": {"type": "LineString", "coordinates": [[121.440568, 25.0820316], [121.4409974, 25.0818176]]}}, {"type": "Feature", "properties": {"county": "新北市", "district": "八里區", "highway": "secondary", "name": "中興路四段"}, "geometry": {"type": "LineString", "coordinates": [[121.440568, 25.0820316], [121.4405079, 25.0821355]]}}, {"type": "Feature", "properties": {"county": "新北市", "district": "八里區", "highway": "secondary", "name": "中興路四段"}, "geometry": {"type": "LineString", "coordinates": [[121.4405079, 25.0821355], [121.4402918, 25.0822153]]}}, {"type": "Feature", "properties": {"county": "新北市", "district": "八里區", "highway": "secondary", "name": "中興路四段"}, "geometry": {"type": "LineString", "coordinates": [[121.4391964, 25.0825656], [121.4389104, 25.0826558], [121.4387209, 25.0827155], [121.4382345, 25.0828997], [121.4377281, 25.0830766]]}}, {"type": "Feature", "properties": {"county": "新北市", "district": "八里區", "highway": "secondary", "name": "中興路四段"}, "geometry": {"type": "LineString", "coordinates": [[121.4406531, 25.0821641], [121.4405614, 25.0821537], [121.4405079, 25.0821355]]}}, {"type": "Feature", "properties": {"county": "新北市", "district": "八里區", "highway": "secondary_link", "name": null}, "geometry": {"type": "LineString", "coordinates": [[121.4449169, 25.0809408], [121.4446645, 25.0810983]]}}, {"type": "Feature", "properties": {"county": "新北市", "district": "八里區", "highway": "secondary_link", "name": "新五路二段"}, "geometry": {"type": "LineString", "coordinates": [[121.4443536, 25.0897235], [121.4442712, 25.0901609], [121.4442634, 25.0902593], [121.4442702, 25.0904081], [121.4442853, 25.0904706], [121.4443243, 25.0906285]]}}, {"type": "Feature", "properties": {"county": "新北市", "district": "八里區", "highway": "residential", "name": "中興路四段38巷"}, "geometry": {"type": "LineString", "coordinates": [[121.4387209, 25.0827155], [121.4391279, 25.0836432], [121.4392936, 25.0837401]]}}, {"type": "Feature", "properties": {"county": "新北市", "district": "八里區", "highway": "secondary_link", "name": null}, "geometry": {"type": "LineString", "coordinates": [[121.4438145, 25.0809975], [121.4442545, 25.0809097], [121.4445301, 25.0809138], [121.4447599, 25.0809172]]}}, {"type": "Feature", "properties": {"county": "新北市", "district": "八里區", "highway": "secondary_link", "name": null}, "geometry": {"type": "LineString", "coordinates": [[121.443773, 25.0899545], [121.4439138, 25.0899616], [121.4439958, 25.089945], [121.4440604, 25.0898973], [121.4441097, 25.0898281], [121.4441541, 25.089727], [121.4442678, 25.0893738]]}}, {"type": "Feature", "properties": {"county": "新北市", "district": "八里區", "highway": "tertiary", "name": "工商路"}, "geometry": {"type": "LineString", "coordinates": [[121.4402918, 25.0822153], [121.4401154, 25.082313], [121.4399556, 25.0825154]]}}, {"type": "Feature", "properties": {"county": "新北市", "district": "八里區", "highway": "tertiary", "name": "工商路"}, "geometry": {"type": "LineString", "coordinates": [[121.4399556, 25.0825154], [121.4399366, 25.0823784], [121.4399376, 25.0823088], [121.439993, 25.0822506]]}}, {"type": "Feature", "properties": {"county": "新北市", "district": "八里區", "highway": "secondary", "name": "新五路二段"}, "geometry": {"type": "LineString", "coordinates": [[121.440568, 25.0820316], [121.4405809, 25.0820637], [121.4406531, 25.0821641], [121.4407088, 25.082252], [121.4407935, 25.0823989], [121.4409011, 25.0825857], [121.441107, 25.0828926], [121.4412918, 25.0831755], [121.441474, 25.0834335], [121.4415174, 25.0834949], [121.4416954, 25.0837636], [121.4426811, 25.0852511], [121.4429021, 25.0855895], [121.4430248, 25.0857703], [121.4430967, 25.085936], [121.4432454, 25.0861432], [121.4437867, 25.0869445], [121.443927, 25.0871627]]}}, {"type": "Feature", "properties": {"county": "新北市", "district": "八里區", "highway": "secondary", "name": "新五路二段"}, "geometry": {"type": "LineString", "coordinates": [[121.4385947, 25.0790388], [121.4387483, 25.0793388], [121.4389583, 25.0797137], [121.4393089, 25.0802911], [121.4395564, 25.0807065], [121.4398641, 25.0812093], [121.4401902, 25.0817055], [121.4407112, 25.0824748], [121.4409316, 25.0827938], [121.4411395, 25.0831054], [121.4415418, 25.0836957], [121.4415783, 25.0837517], [121.4423333, 25.0848753]]}}, {"type": "Feature", "properties": {"county": "新北市", "district": "八里區", "highway": "secondary", "name": "永安大橋"}, "geometry": {"type": "LineString", "coordinates": [[121.4489268, 25.0797708], [121.4492941, 25.0796665], [121.4496631, 25.0796181], [121.4499085, 25.0796708], [121.4511901, 25.0800876]]}}, {"type": "Feature", "properties": {"county": "新北市", "district": "八里區", "highway": "secondary", "name": "永安大橋"}, "geometry": {"type": "LineString", "coordinates": [[121.4453357, 25.0807613], [121.4469917, 25.0802918], [121.4479212, 25.0800413], [121.4488533, 25.0798], [121.4489268, 25.0797708]]}}, {"type": "Feature", "properties": {"county": "新北市", "district": "八里區", "highway": "secondary_link", "name": "迴轉道"}, "geometry": {"type": "LineString", "coordinates": [[121.4396813, 25.0805839], [121.4396902, 25.0807162], [121.4396484, 25.0808093], [121.4395189, 25.0808558], [121.4394217, 25.080842], [121.4392846, 25.080701]]}}, {"type": "Feature", "properties": {"county": "新北市", "district": "八里區", "highway": "residential", "name": "粉寮路二段88巷"}, "geometry": {"type": "LineString", "coordinates": [[121.4064547, 25.0848507], [121.4065353, 25.0851578], [121.4067447, 25.0854478], [121.4072582, 25.0861233], [121.4075684, 25.0865936], [121.4075338, 25.0866981], [121.4072514, 25.0871803], [121.4072004, 25.0873309], [121.4071333, 25.0876224], [121.4072313, 25.0882965], [121.4072567, 25.0883961], [121.4072339, 25.0884629], [121.4071761, 25.088488], [121.4070777, 25.0884981], [121.4069509, 25.0884914], [121.4067634, 25.0884763], [121.4065557, 25.0884606], [121.4058673, 25.0884435], [121.4054087, 25.0884435], [121.4044511, 25.0884848]]}}, {"type": "Feature", "properties": {"county": "新北市", "district": "八里區", "highway": "residential", "name": "竹林路297巷"}, "geometry": {"type": "LineString", "coordinates": [[121.3906582, 25.0852269], [121.3911785, 25.0850677], [121.3914584, 25.0849904], [121.3918312, 25.0848874]]}}, {"type": "Feature", "properties": {"county": "新北市", "district": "八里區", "highway": "residential", "name": "竹林路326巷"}, "geometry": {"type": "LineString", "coordinates": [[121.3910044, 25.0827275], [121.3917432, 25.0824332], [121.3925166, 25.0820936]]}}, {"type": "Feature", "properties": {"county": "新北市", "district": "八里區", "highway": "residential", "name": "竹林路326巷"}, "geometry": {"type": "LineString", "coordinates": [[121.3922177, 25.0813779], [121.3923878, 25.0817852], [121.3925166, 25.0820936], [121.3926533, 25.0824168], [121.3927724, 25.0826982], [121.3928251, 25.0828228], [121.3928813, 25.0829997], [121.3929752, 25.0832953]]}}, {"type": "Feature", "properties": {"county": "新北市", "district": "八里區", "highway": "residential", "name": "竹林路430巷"}, "geometry": {"type": "LineString", "coordinates": [[121.3888478, 25.0850819], [121.3889015, 25.0851354], [121.3891315, 25.0856086], [121.3891686, 25.0856849], [121.3893316, 25.0860202]]}}, {"type": "Feature", "properties": {"county": "新北市", "district": "八里區", "highway": "residential", "name": null}, "geometry": {"type": "LineString", "coordinates": [[121.4316299, 25.115775], [121.431914, 25.11557], [121.4321212, 25.1154893], [121.4324258, 25.1156075], [121.4326889, 25.1158421], [121.4329832, 25.1158514], [121.4334411, 25.1160372], [121.4341961, 25.1159419], [121.4345096, 25.1157137], [121.4348918, 25.1157498], [121.4355992, 25.115913]]}}, {"type": "Feature", "properties": {"county": "新北市", "district": "八里區", "highway": "unclassified", "name": null}, "geometry": {"type": "LineString", "coordinates": [[121.3876951, 25.1386442], [121.3879919, 25.1385936], [121.3881165, 25.1385885], [121.38834, 25.1386329], [121.3884635, 25.1386766], [121.3885518, 25.1386786], [121.3887589, 25.1386323], [121.3888474, 25.1386347], [121.3890808, 25.1386905], [121.3891084, 25.1386904], [121.3891985, 25.1386901], [121.3892469, 25.138706], [121.3893493, 25.1387358], [121.3896159, 25.1386578], [121.3897894, 25.1386245]]}}, {"type": "Feature", "properties": {"county": "新北市", "district": "八里區", "highway": "tertiary", "name": "凌雲路一段"}, "geometry": {"type": "LineString", "coordinates": [[121.4515635, 25.100829], [121.4517322, 25.1007675], [121.4524593, 25.1005025], [121.4525307, 25.1004733]]}}, {"type": "Feature", "properties": {"county": "新北市", "district": "八里區", "highway": "tertiary", "name": "一號越堤道"}, "geometry": {"type": "LineString", "coordinates": [[121.454423, 25.1017635], [121.4544712, 25.1018535], [121.4546633, 25.10221], [121.4546808, 25.1022591], [121.4546873, 25.1023042], [121.4546838, 25.1023484], [121.4546701, 25.1023867], [121.4546329, 25.1024274], [121.4545797, 25.1024514], [121.4545252, 25.1024626], [121.4544675, 25.1024602], [121.4544015, 25.1024426], [121.4543462, 25.102417], [121.4542216, 25.1023399], [121.4539984, 25.1021906]]}}, {"type": "Feature", "properties": {"county": "新北市", "district": "八里區", "highway": "secondary_link", "name": null}, "geometry": {"type": "LineString", "coordinates": [[121.4527216, 25.1047127], [121.4526866, 25.1044482], [121.4526672, 25.1039872], [121.4526695, 25.1036018], [121.4526518, 25.1034205], [121.4526373, 25.1032722]]}}, {"type": "Feature", "properties": {"county": "新北市", "district": "八里區", "highway": "unclassified", "name": null}, "geometry": {"type": "LineString", "coordinates": [[121.4254139, 25.1221013], [121.4252711, 25.1219763], [121.4250811, 25.1219221], [121.4249218, 25.1219086], [121.4246538, 25.1219501], [121.4246197, 25.1220071], [121.4245768, 25.1220654], [121.4245044, 25.1221091], [121.4244669, 25.1221237], [121.4244058, 25.1220917], [121.4243086, 25.1220193], [121.4242147, 25.1219828], [121.4241262, 25.1219148], [121.424035, 25.1216647], [121.4240287, 25.1215953]]}}, {"type": "Feature", "properties": {"county": "新北市", "district": "八里區", "highway": "residential", "name": null}, "geometry": {"type": "LineString", "coordinates": [[121.443746, 25.1699852], [121.4434972, 25.1699266], [121.4433981, 25.169885], [121.4433685, 25.1698582], [121.4433515, 25.1698007], [121.4432943, 25.1697839], [121.4431866, 25.1697606], [121.4431623, 25.1697534]]}}, {"type": "Feature", "properties": {"county": "新北市", "district": "八里區", "highway": "residential", "name": "中興路四段48巷"}, "geometry": {"type": "LineString", "coordinates": [[121.4382345, 25.0828997], [121.4384946, 25.0834619]]}}, {"type": "Feature", "properties": {"county": "新北市", "district": "八里區", "highway": "residential", "name": "中興路四段48巷"}, "geometry": {"type": "LineString", "coordinates": [[121.4386554, 25.0838206], [121.4382771, 25.0840024], [121.4382334, 25.0840216]]}}, {"type": "Feature", "properties": {"county": "新北市", "district": "八里區", "highway": "residential", "name": "工商路85巷"}, "geometry": {"type": "LineString", "coordinates": [[121.4376817, 25.0843889], [121.4377555, 25.0845416], [121.4380508, 25.0850925]]}}, {"type": "Feature", "properties": {"county": "新北市", "district": "八里區", "highway": "residential", "name": "工商路99巷"}, "geometry": {"type": "LineString", "coordinates": [[121.4372355, 25.0854634], [121.4369393, 25.0849696], [121.4368488, 25.0848234]]}}, {"type": "Feature", "properties": {"county": "新北市", "district": "八里區", "highway": "secondary", "name": "成泰路二段"}, "geometry": {"type": "LineString", "coordinates": [[121.4368215, 25.0807834], [121.4371043, 25.0814693], [121.4371403, 25.0815567], [121.4374096, 25.0822431], [121.4374478, 25.0823406], [121.4374907, 25.0824533], [121.4377281, 25.0830766]]}}, {"type": "Feature", "properties": {"county": "新北市", "district": "八里區", "highway": "trunk_link", "name": "五股一交流道"}, "geometry": {"type": "LineString", "coordinates": [[121.4506895, 25.0968798], [121.4509189, 25.0973255], [121.4512538, 25.0979269], [121.4517349, 25.0987154], [121.4522291, 25.0994811]]}}, {"type": "Feature", "properties": {"county": "新北市", "district": "八里區", "highway": "trunk_link", "name": "五股一交流道"}, "geometry": {"type": "LineString", "coordinates": [[121.4499724, 25.096125], [121.4496251, 25.0953253]]}}, {"type": "Feature", "properties": {"county": "新北市", "district": "八里區", "highway": "trunk_link", "name": "五股一交流道"}, "geometry": {"type": "LineString", "coordinates": [[121.4502124, 25.0960401], [121.450648, 25.0968984]]}}, {"type": "Feature", "properties": {"county": "新北市", "district": "八里區", "highway": "residential", "name": "成洲六路"}, "geometry": {"type": "LineString", "coordinates": [[121.4537013, 25.1020612], [121.4528909, 25.1023758], [121.4524305, 25.1025546], [121.4522895, 25.1025674]]}}, {"type": "Feature", "properties": {"county": "新北市", "district": "八里區", "highway": "unclassified", "name": "疏洪北路"}, "geometry": {"type": "LineString", "coordinates": [[121.4524593, 25.1005025], [121.4520813, 25.0999825], [121.4513002, 25.0987356], [121.4505254, 25.0975069]]}}, {"type": "Feature", "properties": {"county": "新北市", "district": "八里區", "highway": "trunk_link", "name": "五股一交流道"}, "geometry": {"type": "LineString", "coordinates": [[121.4499176, 25.0961484], [121.4497378, 25.0958235], [121.4493942, 25.0950738], [121.4488176, 25.0936205], [121.4483964, 25.0921722]]}}, {"type": "Feature", "properties": {"county": "新北市", "district": "八里區", "highway": "residential", "name": "成洲一路"}, "geometry": {"type": "LineString", "coordinates": [[121.4487103, 25.0958489], [121.4495046, 25.0953874]]}}, {"type": "Feature", "properties": {"county": "新北市", "district": "八里區", "highway": "residential", "name": "成洲二路"}, "geometry": {"type": "LineString", "coordinates": [[121.4499597, 25.0977525], [121.4505254, 25.0975069]]}}, {"type": "Feature", "properties": {"county": "新北市", "district": "八里區", "highway": "residential", "name": "成洲五路"}, "geometry": {"type": "LineString", "coordinates": [[121.4528909, 25.1023758], [121.4525197, 25.101609], [121.4524594, 25.101558], [121.4523829, 25.1015495], [121.4519241, 25.1016768]]}}, {"type": "Feature", "properties": {"county": "新北市", "district": "八里區", "highway": "residential", "name": "成洲八路"}, "geometry": {"type": "LineString", "coordinates": [[121.4528256, 25.1048149], [121.4538166, 25.1049933], [121.4541288, 25.1050503]]}}, {"type": "Feature", "properties": {"county": "新北市", "district": "八里區", "highway": "residential", "name": "成泰路三段2巷"}, "geometry": {"type": "LineString", "coordinates": [[121.4410858, 25.0875545], [121.4412613, 25.0873905], [121.4413111, 25.0872929], [121.4413535, 25.0871287], [121.4413401, 25.0869857], [121.4412887, 25.0868307], [121.4411928, 25.0866678], [121.441093, 25.0865517], [121.440969, 25.0864246], [121.4409423, 25.086297], [121.440765, 25.0856146], [121.4407288, 25.0853772], [121.4407133, 25.0852781], [121.4407644, 25.0850252], [121.4407959, 25.084867], [121.4408194, 25.0846795], [121.4408267, 25.0845286], [121.4408454, 25.0844041], [121.4408235, 25.0842241], [121.4408007, 25.0841305], [121.4407453, 25.0840346], [121.4405905, 25.0837958], [121.4405195, 25.0836665], [121.4404861, 25.0836163], [121.4404228, 25.0835105], [121.4403863, 25.0834385], [121.4403062, 25.0832486], [121.4402683, 25.0830879], [121.4402491, 25.0829782], [121.4402546, 25.0828346], [121.4402928, 25.0826996], [121.440359, 25.0825959], [121.4404073, 25.0825456], [121.4405177, 25.0824841]]}}, {"type": "Feature", "properties": {"county": "新北市", "district": "八里區", "highway": "residential", "name": "成泰路三段435巷"}, "geometry": {"type": "LineString", "coordinates": [[121.4493701, 25.0979715], [121.4499597, 25.0977525]]}}, {"type": "Feature", "properties": {"county": "新北市", "district": "八里區", "highway": "secondary", "name": "成泰路三段"}, "geometry": {"type": "LineString", "coordinates": [[121.447221, 25.0941871], [121.4475429, 25.0945491], [121.4478058, 25.0948308], [121.4481183, 25.0951871], [121.4484389, 25.0955455], [121.4487103, 25.0958489], [121.4492559, 25.0964589], [121.4497727, 25.0974088], [121.4499597, 25.0977525], [121.4504879, 25.0987401], [121.4506428, 25.0990298], [121.451047, 25.0997855], [121.4511453, 25.0999642], [121.4515115, 25.1006986], [121.4515635, 25.100829]]}}, {"type": "Feature", "properties": {"county": "新北市", "district": "八里區", "highway": "secondary", "name": "成泰路三段"}, "geometry": {"type": "LineString", "coordinates": [[121.4527577, 25.1057307], [121.4527545, 25.1056411]]}}, {"type": "Feature", "properties": {"county": "新北市", "district": "八里區", "highway": "secondary", "name": "成泰路四段"}, "geometry": {"type": "LineString", "coordinates": [[121.4533585, 25.1068114], [121.4551761, 25.1085091], [121.4553049, 25.1086503], [121.4554121, 25.1087926], [121.4555382, 25.1090142], [121.4556243, 25.1092391], [121.4556764, 25.1094836], [121.4557098, 25.109673], [121.4557119, 25.1097045], [121.455742, 25.1099116], [121.4557883, 25.1101418], [121.4558453, 25.1103239], [121.4559197, 25.1104897], [121.4560129, 25.1106457], [121.45667, 25.1115622], [121.4567966, 25.1117343], [121.4569234, 25.1118594], [121.4570424, 25.1119591], [121.4571811, 25.1120671], [121.4578436, 25.112497], [121.4580653, 25.1126669], [121.4582464, 25.112847], [121.4583407, 25.1129842], [121.4584119, 25.1131466], [121.4584532, 25.1132718], [121.4585373, 25.1136002], [121.4585603, 25.1137483], [121.4585704, 25.1138758], [121.4585631, 25.1140146], [121.4585342, 25.1141472], [121.4584826, 25.1143175]]}}, {"type": "Feature", "properties": {"county": "新北市", "district": "八里區", "highway": "secondary", "name": "成泰路四段"}, "geometry": {"type": "LineString", "coordinates": [[121.458398, 25.1142999], [121.4584354, 25.1142058], [121.458477, 25.1140452], [121.4584913, 25.1139159], [121.4584846, 25.1137568], [121.458452, 25.1135633], [121.4583579, 25.1132232], [121.4582781, 25.113038], [121.4581963, 25.112907], [121.4580324, 25.1127402], [121.4578677, 25.1126078], [121.4571301, 25.1121222], [121.456974, 25.1120083], [121.4568535, 25.1119051], [121.4567719, 25.1118263], [121.4566745, 25.1117064], [121.4565772, 25.1115837], [121.455942, 25.1106921], [121.4558554, 25.1105386], [121.4557502, 25.1103042], [121.4556952, 25.1101397], [121.4556621, 25.109996], [121.4556324, 25.1097114], [121.4556239, 25.1096346], [121.4555976, 25.1094299], [121.4555544, 25.1092582], [121.4554731, 25.1090495], [121.4553821, 25.1088752], [121.4552527, 25.1086976], [121.4551172, 25.1085562], [121.4542653, 25.1077434], [121.4532827, 25.1068574], [121.4530658, 25.106644], [121.4529023, 25.106439], [121.4528464, 25.1063649], [121.4528052, 25.106281]]}}, {"type": "Feature", "properties": {"county": "新北市", "district": "八里區", "highway": "residential", "name": "洲子路"}, "geometry": {"type": "LineString", "coordinates": [[121.4478058, 25.0948308], [121.4489068, 25.0940221]]}}, {"type": "Feature", "properties": {"county": "新北市", "district": "八里區", "highway": "tertiary", "name": "疏洪北路"}, "geometry": {"type": "LineString", "coordinates": [[121.4487058, 25.0929598], [121.4489673, 25.0932233], [121.449691, 25.095002], [121.4497401, 25.0950961], [121.4500898, 25.0958896], [121.4508739, 25.0974002], [121.4510839, 25.0978057], [121.451359, 25.0982846], [121.4521691, 25.0995187], [121.4525307, 25.1004733]]}}, {"type": "Feature", "properties": {"county": "新北市", "district": "八里區", "highway": "tertiary", "name": "疏洪北路"}, "geometry": {"type": "LineString", "coordinates": [[121.4525307, 25.1004733], [121.4525885, 25.1005474], [121.4529946, 25.1010562], [121.4535111, 25.1017033], [121.4538427, 25.1020411], [121.4538881, 25.1020822], [121.4539984, 25.1021906]]}}, {"type": "Feature", "properties": {"county": "新北市", "district": "八里區", "highway": "secondary", "name": "龍米路一段"}, "geometry": {"type": "LineString", "coordinates": [[121.4584826, 25.1143175], [121.458432, 25.1144205], [121.4583442, 25.1145563], [121.4578013, 25.1151471], [121.4576804, 25.1152964], [121.4574667, 25.1155932], [121.4573142, 25.1158922], [121.4572177, 25.1161379], [121.4571481, 25.1163973], [121.457104, 25.1166469], [121.4570815, 25.1169582], [121.4570683, 25.1175967], [121.4570446, 25.1178209], [121.457001, 25.1180316], [121.4569165, 25.1182648], [121.4562856, 25.1196758], [121.4559478, 25.1204623], [121.4557221, 25.1210414]]}}, {"type": "Feature", "properties": {"county": "新北市", "district": "八里區", "highway": "unclassified", "name": "龍米路一段87巷"}, "geometry": {"type": "LineString", "coordinates": [[121.4543613, 25.123523], [121.4542966, 25.1234669], [121.4541574, 25.123395], [121.453853, 25.1232837], [121.4535056, 25.1231738], [121.4532257, 25.1230974], [121.4531128, 25.1230748], [121.4530279, 25.1230668], [121.4529392, 25.1230671], [121.4528161, 25.1230818], [121.4527004, 25.1231149], [121.4526086, 25.1231542], [121.452505, 25.1232158], [121.4524314, 25.1232759], [121.4523613, 25.1233452], [121.4522863, 25.123456], [121.4522415, 25.1235394], [121.452208, 25.123638], [121.45219, 25.1237449], [121.4521961, 25.1239034], [121.452247, 25.1241584], [121.4522636, 25.1243599], [121.4522642, 25.12444]]}}, {"type": "Feature", "properties": {"county": "新北市", "district": "八里區", "highway": "secondary", "name": "中華路"}, "geometry": {"type": "LineString", "coordinates": [[121.387278, 25.0888982], [121.3869017, 25.0891201], [121.3860969, 25.0896208], [121.3851889, 25.0901962], [121.3846677, 25.090538], [121.3840739, 25.0908836], [121.3835822, 25.0911596]]}}, {"type": "Feature", "properties": {"county": "新北市", "district": "八里區", "highway": "secondary", "name": "文化一路二段"}, "geometry": {"type": "LineString", "coordinates": [[121.3872115, 25.0887502], [121.3872945, 25.0886347], [121.3872849, 25.0885139], [121.3869468, 25.0879064], [121.3862683, 25.0866871], [121.3856145, 25.0855466]]}}, {"type": "Feature", "properties": {"county": "新北市", "district": "八里區", "highway": "tertiary", "name": "文化三路二段"}, "geometry": {"type": "LineString", "coordinates": [[121.3727251, 25.0780748], [121.3727975, 25.0781575], [121.3728455, 25.0782179], [121.3736458, 25.0792561], [121.3743132, 25.0801132], [121.3747663, 25.0807421], [121.3748335, 25.0808369], [121.3748634, 25.0808752], [121.3757175, 25.0819451]]}}, {"type": "Feature", "properties": {"county": "新北市", "district": "八里區", "highway": "secondary", "name": "中華路"}, "geometry": {"type": "LineString", "coordinates": [[121.3835249, 25.0910523], [121.3839697, 25.0907815], [121.3840502, 25.0907232], [121.3845826, 25.0903826], [121.3850974, 25.0900755], [121.3855094, 25.0898108], [121.386002, 25.0894943], [121.3867783, 25.0890167]]}}, {"type": "Feature", "properties": {"county": "新北市", "district": "八里區", "highway": "tertiary", "name": "中華路"}, "geometry": {"type": "LineString", "coordinates": [[121.3824476, 25.091861], [121.3811658, 25.0926527], [121.3803599, 25.0931505], [121.3789427, 25.0940275]]}}, {"type": "Feature", "properties": {"county": "新北市", "district": "八里區", "highway": "residential", "name": "佳林路101巷"}, "geometry": {"type": "LineString", "coordinates": [[121.3858081, 25.0803828], [121.3860204, 25.0803114], [121.38615, 25.0802328], [121.3863897, 25.0800875], [121.3868523, 25.0799934], [121.3871646, 25.0799299], [121.3872554, 25.0798959], [121.3872228, 25.0796212]]}}, {"type": "Feature", "properties": {"county": "新北市", "district": "八里區", "highway": "unclassified", "name": "竹林路"}, "geometry": {"type": "LineString", "coordinates": [[121.3864776, 25.0818536], [121.3865131, 25.0821002], [121.3865818, 25.0824039], [121.3866037, 25.0826355], [121.3866744, 25.0830362], [121.3867258, 25.0834395], [121.3867505, 25.0836002], [121.3868141, 25.0837662], [121.3874954, 25.0845145], [121.3875764, 25.0846034], [121.3875981, 25.0846302]]}}, {"type": "Feature", "properties": {"county": "新北市", "district": "八里區", "highway": "residential", "name": "吉祥路"}, "geometry": {"type": "LineString", "coordinates": [[121.3763088, 25.0806105], [121.3768512, 25.0812967]]}}, {"type": "Feature", "properties": {"county": "新北市", "district": "八里區", "highway": "residential", "name": "民權路"}, "geometry": {"type": "LineString", "coordinates": [[121.3756402, 25.0858476], [121.3755858, 25.0857758], [121.3749438, 25.0849301], [121.3740819, 25.0837801], [121.3736374, 25.0832623]]}}, {"type": "Feature", "properties": {"county": "新北市", "district": "八里區", "highway": "residential", "name": "文林六街"}, "geometry": {"type": "LineString", "coordinates": [[121.371623, 25.0812149], [121.3712434, 25.0807996], [121.3708711, 25.0803533], [121.370486, 25.0799213], [121.3704536, 25.079885]]}}, {"type": "Feature", "properties": {"county": "新北市", "district": "八里區", "highway": "unclassified", "name": "林口路"}, "geometry": {"type": "LineString", "coordinates": [[121.3868141, 25.0837662], [121.3875886, 25.0827007], [121.3884436, 25.0815461], [121.3889509, 25.0808709], [121.3889712, 25.0808429], [121.3891788, 25.0805565], [121.3895332, 25.0801164], [121.3901952, 25.0792087], [121.3905944, 25.0788147]]}}, {"type": "Feature", "properties": {"county": "新北市", "district": "八里區", "highway": "unclassified", "name": "林口路"}, "geometry": {"type": "LineString", "coordinates": [[121.3868141, 25.0837662], [121.3857188, 25.0852295], [121.3856841, 25.0853622], [121.3856145, 25.0855466]]}}, {"type": "Feature", "properties": {"county": "新北市", "district": "八里區", "highway": "residential", "name": "民權路12巷"}, "geometry": {"type": "LineString", "coordinates": [[121.3717913, 25.0797651], [121.3712978, 25.0800979]]}}, {"type": "Feature", "properties": {"county": "新北市", "district": "八里區", "highway": "residential", "name": "民生路"}, "geometry": {"type": "LineString", "coordinates": [[121.3774091, 25.0884407], [121.3763571, 25.0868339], [121.3759416, 25.0862895], [121.3756402, 25.0858476]]}}, {"type": "Feature", "properties": {"county": "新北市", "district": "八里區", "highway": "residential", "name": "文化三路二段77巷"}, "geometry": {"type": "LineString", "coordinates": [[121.3742055, 25.0801841], [121.3733941, 25.0806924]]}}, {"type": "Feature", "properties": {"county": "新北市", "district": "八里區", "highway": "tertiary", "name": "文化二路二段"}, "geometry": {"type": "LineString", "coordinates": [[121.3797506, 25.0825017], [121.3798107, 25.0825966], [121.3801708, 25.0831583], [121.3803143, 25.0834202], [121.3804593, 25.0839344], [121.3806924, 25.0848135], [121.3808712, 25.0854176], [121.3809763, 25.0856863], [121.3810998, 25.0859244], [121.3814512, 25.0864831], [121.3821912, 25.0876311], [121.3824968, 25.0881303], [121.3833207, 25.0894953], [121.3840502, 25.0907232], [121.3840739, 25.0908836]]}}, {"type": "Feature", "properties": {"county": "新北市", "district": "八里區", "highway": "unclassified", "name": "東林街"}, "geometry": {"type": "LineString", "coordinates": [[121.3970131, 25.0786553], [121.3969356, 25.0786788], [121.3968049, 25.0787184], [121.3966785, 25.0787696], [121.3962862, 25.0789363], [121.395176, 25.0794081], [121.3945111, 25.0796955], [121.3944145, 25.0797525], [121.3943447, 25.0798094], [121.3938621, 25.0803082], [121.3937839, 25.0803671], [121.3936818, 25.0804633]]}}, {"type": "Feature", "properties": {"county": "新北市", "district": "八里區", "highway": "tertiary", "name": "八里大道"}, "geometry": {"type": "LineString", "coordinates": [[121.4040891, 25.1553328], [121.4041247, 25.155226], [121.4050733, 25.1544011], [121.4063864, 25.1532347], [121.4072948, 25.152437], [121.4082506, 25.1515847], [121.4083301, 25.1515227]]}}, {"type": "Feature", "properties": {"county": "新北市", "district": "八里區", "highway": "unclassified", "name": "商港七路"}, "geometry": {"type": "LineString", "coordinates": [[121.398517, 25.1489585], [121.3980603, 25.1495254], [121.3975901, 25.1501154], [121.3975324, 25.1501883]]}}, {"type": "Feature", "properties": {"county": "新北市", "district": "八里區", "highway": "tertiary", "name": "商港五路"}, "geometry": {"type": "LineString", "coordinates": [[121.3932821, 25.1496517], [121.3932986, 25.1496609], [121.3933378, 25.1496862], [121.394992, 25.1507526], [121.3951894, 25.1508799], [121.3953193, 25.1509819], [121.3979563, 25.1530874]]}}, {"type": "Feature", "properties": {"county": "新北市", "district": "八里區", "highway": "unclassified", "name": null}, "geometry": {"type": "LineString", "coordinates": [[121.3816953, 25.1403317], [121.3816545, 25.1404173]]}}, {"type": "Feature", "properties": {"county": "新北市", "district": "八里區", "highway": "unclassified", "name": "龍米路二段125巷"}, "geometry": {"type": "LineString", "coordinates": [[121.4454647, 25.145552], [121.4456096, 25.1455711], [121.4457867, 25.1455833], [121.4459113, 25.1455462], [121.4460254, 25.1452118], [121.4462112, 25.1451848], [121.4462991, 25.1452057], [121.4463553, 25.1451341], [121.4465365, 25.1445902], [121.4465943, 25.1445745], [121.4466583, 25.1445931], [121.4467408, 25.1446184]]}}, {"type": "Feature", "properties": {"county": "新北市", "district": "八里區", "highway": "primary_link", "name": null}, "geometry": {"type": "LineString", "coordinates": [[121.4501536, 25.1355579], [121.45007, 25.1355351]]}}, {"type": "Feature", "properties": {"county": "新北市", "district": "八里區", "highway": "residential", "name": "龍米路二段60巷"}, "geometry": {"type": "LineString", "coordinates": [[121.4480164, 25.1409645], [121.4480993, 25.1409883], [121.4481692, 25.141009], [121.4487948, 25.1411945]]}}, {"type": "Feature", "properties": {"county": "新北市", "district": "八里區", "highway": "tertiary", "name": "觀海大道"}, "geometry": {"type": "LineString", "coordinates": [[121.4143071, 25.1615461], [121.4157484, 25.1626095], [121.4161669, 25.1627357], [121.4166926, 25.1628231], [121.4173041, 25.1628037], [121.4195618, 25.162627], [121.4214662, 25.1623794], [121.4243854, 25.1621139], [121.425185, 25.1620334]]}}, {"type": "Feature", "properties": {"county": "新北市", "district": "八里區", "highway": "unclassified", "name": "頂寮三街"}, "geometry": {"type": "LineString", "coordinates": [[121.4525836, 25.1260718], [121.4526662, 25.1261106]]}}, {"type": "Feature", "properties": {"county": "新北市", "district": "八里區", "highway": "residential", "name": "頂寮五街"}, "geometry": {"type": "LineString", "coordinates": [[121.4523124, 25.1265803], [121.4522239, 25.1265455], [121.4513899, 25.1262055], [121.4517035, 25.125615]]}}, {"type": "Feature", "properties": {"county": "新北市", "district": "八里區", "highway": "residential", "name": "龍形一街"}, "geometry": {"type": "LineString", "coordinates": [[121.4495979, 25.1304366], [121.4499924, 25.1304643], [121.4503008, 25.1304861], [121.4507286, 25.130525], [121.4508171, 25.1305328], [121.4513255, 25.1305697], [121.4513962, 25.1305712], [121.4514914, 25.1305729]]}}, {"type": "Feature", "properties": {"county": "新北市", "district": "八里區", "highway": "primary", "name": "龍米路一段"}, "geometry": {"type": "LineString", "coordinates": [[121.4526662, 25.1261106], [121.4526089, 25.1262146], [121.452429, 25.1265524], [121.4523971, 25.1266137]]}}, {"type": "Feature", "properties": {"county": "新北市", "district": "八里區", "highway": "primary", "name": "龍米路一段"}, "geometry": {"type": "LineString", "coordinates": [[121.4521669, 25.1272045], [121.4520628, 25.1276828], [121.4518494, 25.1286503], [121.4515489, 25.1300162], [121.4515262, 25.1301315], [121.4515083, 25.1302538], [121.4514939, 25.1304734], [121.4514926, 25.1304995], [121.4514914, 25.1305729], [121.4514914, 25.1306391], [121.4515124, 25.1311542], [121.4515392, 25.1318169], [121.4515419, 25.1318855], [121.4515444, 25.1319494], [121.4515509, 25.1322212], [121.4515372, 25.1323772], [121.4515054, 25.1325389], [121.4514632, 25.1327026]]}}, {"type": "Feature", "properties": {"county": "新北市", "district": "八里區", "highway": "primary", "name": "龍米路一段"}, "geometry": {"type": "LineString", "coordinates": [[121.4523124, 25.1265803], [121.4523472, 25.1265121], [121.4525312, 25.1261802], [121.4525836, 25.1260718]]}}, {"type": "Feature", "properties": {"county": "新北市", "district": "八里區", "highway": "secondary", "name": "龍米路一段"}, "geometry": {"type": "LineString", "coordinates": [[121.4530478, 25.1251358], [121.4531074, 25.1250423], [121.453437, 25.1243675], [121.4535934, 25.124138], [121.4537152, 25.1239994], [121.453783, 25.123885]]}}, {"type": "Feature", "properties": {"county": "新北市", "district": "八里區", "highway": "tertiary", "name": "八里大道"}, "geometry": {"type": "LineString", "coordinates": [[121.4083301, 25.1515227], [121.4083647, 25.1516398], [121.4073783, 25.1525194], [121.4064588, 25.1533173], [121.4051533, 25.154488], [121.4042112, 25.1553018], [121.4040891, 25.1553328]]}}, {"type": "Feature", "properties": {"county": "新北市", "district": "八里區", "highway": "residential", "name": "永樂街31巷"}, "geometry": {"type": "LineString", "coordinates": [[121.4580742, 25.0882701], [121.4580963, 25.0881251], [121.4580899, 25.087733], [121.4580794, 25.0873336], [121.458075, 25.087049]]}}, {"type": "Feature", "properties": {"county": "新北市", "district": "八里區", "highway": "residential", "name": "永樂街38巷"}, "geometry": {"type": "LineString", "coordinates": [[121.4587191, 25.0909029], [121.4586155, 25.090548], [121.4585883, 25.0904792], [121.458553, 25.0903853], [121.4584443, 25.0900989], [121.4584281, 25.0899706], [121.4583724, 25.0897328], [121.4582875, 25.0893705], [121.4581829, 25.0889017], [121.4580702, 25.0883794], [121.4580742, 25.0882701]]}}, {"type": "Feature", "properties": {"county": "新北市", "district": "八里區", "highway": "residential", "name": "長安街246巷"}, "geometry": {"type": "LineString", "coordinates": [[121.4575217, 25.0861063], [121.4584397, 25.0863923], [121.4588031, 25.0865859], [121.4589688, 25.0866742]]}}, {"type": "Feature", "properties": {"county": "新北市", "district": "八里區", "highway": "residential", "name": "長安街274巷"}, "geometry": {"type": "LineString", "coordinates": [[121.4572859, 25.0870661], [121.4580053, 25.0870381], [121.458075, 25.087049], [121.4587031, 25.0872031]]}}, {"type": "Feature", "properties": {"county": "新北市", "district": "八里區", "highway": "secondary", "name": "三民路"}, "geometry": {"type": "LineString", "coordinates": [[121.461478, 25.093281], [121.4612229, 25.0935283], [121.4608017, 25.0939501], [121.4607818, 25.0939686], [121.4606897, 25.0940543]]}}, {"type": "Feature", "properties": {"county": "新北市", "district": "八里區", "highway": "tertiary", "name": "永樂街"}, "geometry": {"type": "LineString", "coordinates": [[121.4573754, 25.0884272], [121.455805, 25.0888114], [121.4557119, 25.0888493]]}}, {"type": "Feature", "properties": {"county": "新北市", "district": "八里區", "highway": "tertiary", "name": "永樂街"}, "geometry": {"type": "LineString", "coordinates": [[121.4594588, 25.0882835], [121.4586237, 25.0882237], [121.4582562, 25.0882382], [121.4580742, 25.0882701], [121.4573754, 25.0884272]]}}, {"type": "Feature", "properties": {"county": "新北市", "district": "八里區", "highway": "tertiary", "name": "長榮路"}, "geometry": {"type": "LineString", "coordinates": [[121.4614225, 25.09323], [121.4613593, 25.0931768], [121.4606692, 25.0925611], [121.4605066, 25.0923488], [121.4603541, 25.0919827], [121.4601996, 25.0915928], [121.4601126, 25.091336], [121.4600179, 25.0911042], [121.4599854, 25.091036], [121.4597679, 25.0905888], [121.4596689, 25.0903907], [121.4595328, 25.0900681], [121.4594551, 25.0897063], [121.4594471, 25.0895722], [121.4594588, 25.0882835]]}}, {"type": "Feature", "properties": {"county": "新北市", "district": "八里區", "highway": "tertiary", "name": "長榮路"}, "geometry": {"type": "LineString", "coordinates": [[121.4594588, 25.0882835], [121.4594899, 25.0876973], [121.460162, 25.0863659], [121.4609061, 25.0851126], [121.4612404, 25.084654], [121.4615738, 25.0842844], [121.4619213, 25.0839436]]}}, {"type": "Feature", "properties": {"county": "新北市", "district": "八里區", "highway": "tertiary", "name": "訊塘一路"}, "geometry": {"type": "LineString", "coordinates": [[121.3915899, 25.1415065], [121.3922399, 25.1410981], [121.3924456, 25.140993], [121.3927057, 25.1408825], [121.3929793, 25.1408024], [121.3932569, 25.1407538], [121.3934943, 25.1407393], [121.3937966, 25.1407598], [121.3940371, 25.1408142], [121.3942922, 25.1408945], [121.3945561, 25.1409952], [121.394768, 25.1410912]]}}, {"type": "Feature", "properties": {"county": "新北市", "district": "八里區", "highway": "residential", "name": "義民街"}, "geometry": {"type": "LineString", "coordinates": [[121.3950339, 25.1429274], [121.3943883, 25.1433669], [121.3940584, 25.1435958], [121.3940024, 25.1436514], [121.3939545, 25.1437095], [121.3937205, 25.1440433]]}}, {"type": "Feature", "properties": {"county": "新北市", "district": "八里區", "highway": "residential", "name": "訊塘二路"}, "geometry": {"type": "LineString", "coordinates": [[121.3950339, 25.1429274], [121.3937827, 25.1416577], [121.3936766, 25.1415704], [121.3935812, 25.1415187], [121.3934544, 25.141486], [121.3933332, 25.1414863], [121.3932085, 25.141512], [121.3931019, 25.1415659], [121.3930258, 25.1416351], [121.3926172, 25.1420807], [121.3919785, 25.1427757]]}}, {"type": "Feature", "properties": {"county": "新北市", "district": "八里區", "highway": "residential", "name": "添丁街"}, "geometry": {"type": "LineString", "coordinates": [[121.3943883, 25.1433669], [121.3926172, 25.1420807]]}}, {"type": "Feature", "properties": {"county": "新北市", "district": "八里區", "highway": "residential", "name": "大塘街"}, "geometry": {"type": "LineString", "coordinates": [[121.3914763, 25.142506], [121.3914104, 25.1425714], [121.3912326, 25.1427541], [121.3911343, 25.1428868], [121.3910878, 25.1430139], [121.3910663, 25.1431766], [121.3910278, 25.1432003]]}}, {"type": "Feature", "properties": {"county": "新北市", "district": "八里區", "highway": "secondary", "name": "長道坑二號橋"}, "geometry": {"type": "LineString", "coordinates": [[121.3917766, 25.1280935], [121.3913716, 25.1279139]]}}, {"type": "Feature", "properties": {"county": "新北市", "district": "八里區", "highway": "secondary", "name": "中華路三段"}, "geometry": {"type": "LineString", "coordinates": [[121.3918232, 25.1281134], [121.3917766, 25.1280935]]}}, {"type": "Feature", "properties": {"county": "新北市", "district": "八里區", "highway": "primary", "name": "商港路"}, "geometry": {"type": "LineString", "coordinates": [[121.3959395, 25.1451318], [121.3961809, 25.1449213], [121.3966121, 25.144562], [121.3970508, 25.1441939], [121.3971181, 25.1441322]]}}, {"type": "Feature", "properties": {"county": "新北市", "district": "八里區", "highway": "primary", "name": "商港路"}, "geometry": {"type": "LineString", "coordinates": [[121.3975623, 25.1440677], [121.397292, 25.1443301]]}}, {"type": "Feature", "properties": {"county": "新北市", "district": "八里區", "highway": "primary_link", "name": "中華路二段"}, "geometry": {"type": "LineString", "coordinates": [[121.3973989, 25.1438543], [121.3976272, 25.1439967]]}}, {"type": "Feature", "properties": {"county": "新北市", "district": "八里區", "highway": "unclassified", "name": "商港二路"}, "geometry": {"type": "LineString", "coordinates": [[121.3951814, 25.1487436], [121.3961285, 25.1473604]]}}, {"type": "Feature", "properties": {"county": "新北市", "district": "八里區", "highway": "residential", "name": null}, "geometry": {"type": "LineString", "coordinates": [[121.4565375, 25.0845457], [121.4564883, 25.0847531], [121.4564413, 25.0848785], [121.4563584, 25.0851518]]}}, {"type": "Feature", "properties": {"county": "新北市", "district": "八里區", "highway": "unclassified", "name": "商港七路"}, "geometry": {"type": "LineString", "coordinates": [[121.3995342, 25.1473777], [121.3990812, 25.148084], [121.398517, 25.1489585]]}}, {"type": "Feature", "properties": {"county": "新北市", "district": "八里區", "highway": "residential", "name": "港區街"}, "geometry": {"type": "LineString", "coordinates": [[121.3966909, 25.1486476], [121.3980603, 25.1495254]]}}, {"type": "Feature", "properties": {"county": "新北市", "district": "八里區", "highway": "tertiary", "name": "商港九路"}, "geometry": {"type": "LineString", "coordinates": [[121.4031213, 25.1543349], [121.4036416, 25.1538707], [121.4041217, 25.1534445], [121.4042171, 25.153356]]}}, {"type": "Feature", "properties": {"county": "新北市", "district": "八里區", "highway": "residential", "name": "頂罟一路"}, "geometry": {"type": "LineString", "coordinates": [[121.3999349, 25.1508156], [121.4021486, 25.1525319], [121.4036416, 25.1538707]]}}, {"type": "Feature", "properties": {"county": "新北市", "district": "八里區", "highway": "residential", "name": "頂罟二路"}, "geometry": {"type": "LineString", "coordinates": [[121.4015085, 25.1531644], [121.4015733, 25.1530965], [121.4021486, 25.1525319], [121.4027121, 25.1519976]]}}, {"type": "Feature", "properties": {"county": "新北市", "district": "八里區", "highway": "residential", "name": "文昌五街"}, "geometry": {"type": "LineString", "coordinates": [[121.4072948, 25.152437], [121.4073783, 25.1525194], [121.40835, 25.1530831], [121.410521, 25.1543675], [121.4120191, 25.1552256], [121.4136705, 25.1562155]]}}, {"type": "Feature", "properties": {"county": "新北市", "district": "八里區", "highway": "residential", "name": "中山路二段55巷"}, "geometry": {"type": "LineString", "coordinates": [[121.4075138, 25.15456], [121.408067, 25.1540743], [121.4081391, 25.1540321], [121.4082254, 25.1540299]]}}, {"type": "Feature", "properties": {"county": "新北市", "district": "八里區", "highway": "residential", "name": "文昌一街"}, "geometry": {"type": "LineString", "coordinates": [[121.4092917, 25.1555706], [121.4106776, 25.1566684]]}}, {"type": "Feature", "properties": {"county": "新北市", "district": "八里區", "highway": "residential", "name": "文昌三街"}, "geometry": {"type": "LineString", "coordinates": [[121.410117, 25.1547606], [121.4114761, 25.1558096]]}}, {"type": "Feature", "properties": {"county": "新北市", "district": "八里區", "highway": "residential", "name": "文昌六街"}, "geometry": {"type": "LineString", "coordinates": [[121.4109114, 25.1539876], [121.4123956, 25.1548206], [121.4140399, 25.1557117]]}}, {"type": "Feature", "properties": {"county": "新北市", "district": "八里區", "highway": "residential", "name": "文昌七街"}, "geometry": {"type": "LineString", "coordinates": [[121.408943, 25.1525901], [121.4112364, 25.1536714], [121.412778, 25.1544093], [121.41442, 25.1551985]]}}, {"type": "Feature", "properties": {"county": "新北市", "district": "八里區", "highway": "primary", "name": "中華路二段"}, "geometry": {"type": "LineString", "coordinates": [[121.3976272, 25.1439967], [121.3978621, 25.1441433], [121.3983371, 25.1444391]]}}, {"type": "Feature", "properties": {"county": "新北市", "district": "八里區", "highway": "secondary", "name": "中山路一段"}, "geometry": {"type": "LineString", "coordinates": [[121.4191656, 25.1597013], [121.4183457, 25.1595894], [121.4171389, 25.1594173], [121.4169769, 25.1594003], [121.4167256, 25.1593634], [121.41595, 25.1592716], [121.4157993, 25.1592533], [121.4155553, 25.1592497], [121.4154238, 25.1592751], [121.4153113, 25.1593347], [121.4146699, 25.1597427], [121.4144986, 25.1598372], [121.4144547, 25.1598529], [121.4144106, 25.1598694], [121.414332, 25.1598845], [121.4142494, 25.1598824], [121.4141931, 25.1598825], [121.4141486, 25.1598765], [121.4141132, 25.1598691], [121.4140663, 25.1598596], [121.414031, 25.1598478], [121.4138173, 25.15968], [121.4137046, 25.1595915], [121.4133774, 25.1593297], [121.4129019, 25.1590694], [121.4126056, 25.1589146], [121.4117215, 25.1583866], [121.411694, 25.1583614], [121.4111882, 25.1579368], [121.4107115, 25.1575168], [121.4102506, 25.1571277]]}}, {"type": "Feature", "properties": {"county": "新北市", "district": "八里區", "highway": "primary", "name": "中山路三段"}, "geometry": {"type": "LineString", "coordinates": [[121.3958601, 25.1450823], [121.3957726, 25.1450801], [121.3944377, 25.1445076], [121.39384, 25.1442208], [121.3936268, 25.1440873], [121.3933921, 25.1439307], [121.392301, 25.1431363], [121.3921766, 25.143041], [121.3921383, 25.1430118], [121.3918195, 25.1427679]]}}, {"type": "Feature", "properties": {"county": "新北市", "district": "八里區", "highway": "secondary", "name": "中山路二段"}, "geometry": {"type": "LineString", "coordinates": [[121.4054477, 25.1518437], [121.4054128, 25.1517695], [121.4050808, 25.151131], [121.4049874, 25.1507378], [121.4049373, 25.1505993], [121.4046782, 25.1501281], [121.4045994, 25.1500433], [121.4043285, 25.1498624], [121.4033191, 25.1492761], [121.403251, 25.1492402], [121.4028259, 25.1489722], [121.4027644, 25.1489573], [121.4026904, 25.1489523], [121.402326, 25.1489089], [121.4019511, 25.148765], [121.4016476, 25.1485578]]}}, {"type": "Feature", "properties": {"county": "新北市", "district": "八里區", "highway": "unclassified", "name": "訊塘路"}, "geometry": {"type": "LineString", "coordinates": [[121.3975126, 25.1464723], [121.397569, 25.146357], [121.3976179, 25.1461883], [121.397699, 25.1458411], [121.3977285, 25.1457075]]}}, {"type": "Feature", "properties": {"county": "新北市", "district": "八里區", "highway": "secondary", "name": "中華路三段"}, "geometry": {"type": "LineString", "coordinates": [[121.3940907, 25.1402858], [121.3938185, 25.1399292], [121.393604, 25.1396075], [121.3933799, 25.1392339], [121.3931539, 25.1387844], [121.3930971, 25.1386811], [121.3929602, 25.1383704], [121.392853, 25.1380935], [121.3927859, 25.1378337], [121.3927188, 25.1375375], [121.3926319, 25.1369302], [121.3923353, 25.1351044], [121.3922602, 25.1348033], [121.3920443, 25.134143], [121.3919639, 25.1338941]]}}, {"type": "Feature", "properties": {"county": "新北市", "district": "八里區", "highway": "residential", "name": "中山路二段31巷"}, "geometry": {"type": "LineString", "coordinates": [[121.4087324, 25.1560913], [121.4092917, 25.1555706], [121.409699, 25.1551674]]}}, {"type": "Feature", "properties": {"county": "新北市", "district": "八里區", "highway": "primary_link", "name": "商港路"}, "geometry": {"type": "LineString", "coordinates": [[121.3976272, 25.1439967], [121.3975623, 25.1440677]]}}, {"type": "Feature", "properties": {"county": "新北市", "district": "八里區", "highway": "secondary_link", "name": null}, "geometry": {"type": "LineString", "coordinates": [[121.3971181, 25.1441322], [121.3971257, 25.144012], [121.3971123, 25.1439331], [121.3970673, 25.1438445], [121.3970063, 25.1437656], [121.3969077, 25.1436444]]}}, {"type": "Feature", "properties": {"county": "新北市", "district": "八里區", "highway": "primary_link", "name": "商港路"}, "geometry": {"type": "LineString", "coordinates": [[121.3973266, 25.1439223], [121.3973989, 25.1438543]]}}, {"type": "Feature", "properties": {"county": "新北市", "district": "八里區", "highway": "primary", "name": "商港路"}, "geometry": {"type": "LineString", "coordinates": [[121.397292, 25.1443301], [121.396883, 25.1446312], [121.3964914, 25.144942], [121.3962057, 25.1452026], [121.3961435, 25.1452752]]}}, {"type": "Feature", "properties": {"county": "新北市", "district": "八里區", "highway": "unclassified", "name": "忠八街"}, "geometry": {"type": "LineString", "coordinates": [[121.4191656, 25.1597013], [121.4193531, 25.1608526], [121.4194007, 25.1612157], [121.4195618, 25.162627]]}}, {"type": "Feature", "properties": {"county": "新北市", "district": "八里區", "highway": "secondary", "name": "五林路"}, "geometry": {"type": "LineString", "coordinates": [[121.4024636, 25.1145395], [121.4024207, 25.1144909], [121.4023818, 25.1144266], [121.4023697, 25.1143671], [121.4024663, 25.1142529], [121.4027211, 25.1139518], [121.4029155, 25.1138116], [121.4029333, 25.1136465], [121.4029214, 25.1134691], [121.4030218, 25.1131794], [121.4030259, 25.112975], [121.4029911, 25.1127703], [121.4029605, 25.1126824], [121.4028772, 25.1125393], [121.4027916, 25.1124667], [121.4026688, 25.1124414], [121.4025598, 25.1124128], [121.4025002, 25.11236], [121.4025086, 25.1121834], [121.4025223, 25.1121089], [121.4025398, 25.1119507], [121.4025604, 25.1118252], [121.402545, 25.1117211], [121.4024632, 25.1115819], [121.4023708, 25.1114294], [121.4023665, 25.1113105], [121.4024043, 25.111178], [121.4025275, 25.1110427], [121.4026551, 25.1109067], [121.4027209, 25.1107962], [121.4027698, 25.1106806], [121.4027917, 25.1105356], [121.4027162, 25.1103886], [121.4027094, 25.1102872], [121.4027886, 25.1101201], [121.4028186, 25.1099795], [121.4027749, 25.1098221], [121.4026307, 25.1096874], [121.40242, 25.1096074], [121.4022205, 25.1095201], [121.4021007, 25.1093782], [121.4020277, 25.1091817], [121.4020255, 25.1090851], [121.40203, 25.1090516], [121.4020911, 25.1089054], [121.4021069, 25.1088045], [121.4020956, 25.1086807], [121.4021069, 25.1085181], [121.4021538, 25.1083477], [121.4022784, 25.1081485], [121.4023794, 25.1080678], [121.4026481, 25.1080063], [121.402949, 25.1079639], [121.4030544, 25.1079019], [121.4031513, 25.1077329], [121.4032443, 25.1076054], [121.4034424, 25.1074337], [121.4035247, 25.1073037], [121.4035345, 25.1071629], [121.4035229, 25.1070535], [121.4034898, 25.1068931], [121.4034782, 25.1067512], [121.4035361, 25.1065998], [121.4036089, 25.10636], [121.4036446, 25.1060734], [121.4035978, 25.1058705], [121.4034414, 25.1056157], [121.4032905, 25.1053727]]}}, {"type": "Feature", "properties": {"county": "新北市", "district": "八里區", "highway": "residential", "name": null}, "geometry": {"type": "LineString", "coordinates": [[121.4020224, 25.081665], [121.4020827, 25.0829259]]}}, {"type": "Feature", "properties": {"county": "新北市", "district": "八里區", "highway": "residential", "name": null}, "geometry": {"type": "LineString", "coordinates": [[121.430503, 25.088948], [121.4306573, 25.0893371], [121.4304589, 25.0895242], [121.4303031, 25.0896712]]}}, {"type": "Feature", "properties": {"county": "新北市", "district": "八里區", "highway": "unclassified", "name": "中興路三段2巷"}, "geometry": {"type": "LineString", "coordinates": [[121.4480057, 25.0838695], [121.4480902, 25.0834984], [121.4481765, 25.083107], [121.4482075, 25.0829762], [121.4482577, 25.0827838], [121.4482757, 25.0826517], [121.448285, 25.0822993], [121.4482832, 25.0821558], [121.448266, 25.0818109], [121.4482616, 25.0816232], [121.448283, 25.0813791], [121.4483167, 25.0812019], [121.4483834, 25.0809743], [121.4484678, 25.0807652], [121.4487362, 25.0801787], [121.4488251, 25.0799757]]}}, {"type": "Feature", "properties": {"county": "新北市", "district": "八里區", "highway": "unclassified", "name": null}, "geometry": {"type": "LineString", "coordinates": [[121.4293706, 25.0909228], [121.4294968, 25.0909133], [121.4300745, 25.0909879], [121.4303759, 25.0910557], [121.4306026, 25.0911077], [121.4311723, 25.0912194]]}}, {"type": "Feature", "properties": {"county": "新北市", "district": "八里區", "highway": "trunk_link", "name": "五股二交流道"}, "geometry": {"type": "LineString", "coordinates": [[121.4488251, 25.0799757], [121.448809, 25.0802033], [121.4486869, 25.0804768], [121.4485779, 25.0807553], [121.4484427, 25.081171], [121.4484365, 25.0825089]]}}, {"type": "Feature", "properties": {"county": "新北市", "district": "八里區", "highway": "residential", "name": "工二路"}, "geometry": {"type": "LineString", "coordinates": [[121.3998557, 25.0801879], [121.40112, 25.0815966], [121.401275, 25.0816722], [121.4020224, 25.081665]]}}, {"type": "Feature", "properties": {"county": "新北市", "district": "八里區", "highway": "secondary", "name": "民義路一段"}, "geometry": {"type": "LineString", "coordinates": [[121.4331547, 25.0873406], [121.4328583, 25.0877613], [121.4327764, 25.0878715], [121.4326245, 25.0880291], [121.4324745, 25.0881618], [121.4324454, 25.0881875], [121.4319972, 25.0884496], [121.4319696, 25.0884577], [121.4317336, 25.0885267], [121.4312079, 25.0886057], [121.430984, 25.0886713], [121.4307868, 25.0887624], [121.430503, 25.088948], [121.430296, 25.0890988], [121.4301726, 25.0892239], [121.4299633, 25.0895615], [121.4298586, 25.089734], [121.4297535, 25.0898585], [121.4293179, 25.090289]]}}, {"type": "Feature", "properties": {"county": "新北市", "district": "八里區", "highway": "secondary", "name": "民義路二段"}, "geometry": {"type": "LineString", "coordinates": [[121.4213372, 25.096114], [121.4208304, 25.0964242]]}}, {"type": "Feature", "properties": {"county": "新北市", "district": "八里區", "highway": "secondary", "name": "民義路二段"}, "geometry": {"type": "LineString", "coordinates": [[121.4207591, 25.0964598], [121.4207174, 25.0964892], [121.4202883, 25.096743], [121.4201415, 25.0968334], [121.4200077, 25.0969158], [121.4189607, 25.0975606], [121.4178263, 25.0983347], [121.4176031, 25.0984351], [121.4172426, 25.0986746], [121.4165656, 25.0993496], [121.4164047, 25.0995378], [121.4162041, 25.0996906], [121.4160101, 25.0998193], [121.4158324, 25.0999067], [121.4156507, 25.0999887], [121.4155099, 25.1000937], [121.4152417, 25.1003178], [121.4151089, 25.1004289], [121.4150412, 25.1004897], [121.4148494, 25.1006579], [121.4147267, 25.1007775], [121.4144899, 25.1008975], [121.4142408, 25.1010289], [121.4141019, 25.1011133], [121.4140644, 25.1011704]]}}, {"type": "Feature", "properties": {"county": "新北市", "district": "八里區", "highway": "tertiary", "name": "粉寮一街"}, "geometry": {"type": "LineString", "coordinates": [[121.4144712, 25.0792079], [121.4136684, 25.0797613], [121.4135588, 25.0798368], [121.4129151, 25.0805267], [121.4126823, 25.0808668], [121.4124977, 25.0810873], [121.4123282, 25.0813107], [121.4121495, 25.0816443], [121.4119253, 25.081857], [121.4117574, 25.0819532], [121.4115316, 25.0820275], [121.411236, 25.0820766], [121.4109597, 25.0822219], [121.4106585, 25.0823319], [121.4103624, 25.0824651], [121.4101221, 25.0825964], [121.4096435, 25.0828708], [121.4091182, 25.0831065], [121.4087266, 25.0834369], [121.4081687, 25.0838013], [121.4077288, 25.0840928], [121.4069375, 25.0845398], [121.4064547, 25.0848507], [121.406047, 25.0851616], [121.4057761, 25.0854531], [121.4053389, 25.0858102], [121.4051351, 25.0858855], [121.4049232, 25.0860192], [121.404604, 25.0860604], [121.4044806, 25.0860823], [121.4043385, 25.0863835], [121.4042151, 25.0864904], [121.403507, 25.086952]]}}, {"type": "Feature", "properties": {"county": "新北市", "district": "八里區", "highway": "secondary", "name": "粉寮路一段"}, "geometry": {"type": "LineString", "coordinates": [[121.3968103, 25.0781362], [121.3968875, 25.0782852], [121.3969194, 25.0783816], [121.3970131, 25.0786553], [121.3972546, 25.0793979], [121.3972943, 25.0795018], [121.397324, 25.079564], [121.3973795, 25.079648], [121.3976084, 25.0799352], [121.3978026, 25.0800858], [121.3989145, 25.080892], [121.3994878, 25.0814156], [121.3997977, 25.0817797], [121.4003127, 25.0824598], [121.4004066, 25.0826202], [121.4004468, 25.0827611], [121.4005762, 25.0835978]]}}, {"type": "Feature", "properties": {"county": "新北市", "district": "八里區", "highway": "secondary", "name": "粉寮路二段"}, "geometry": {"type": "LineString", "coordinates": [[121.4032905, 25.1053727], [121.4032315, 25.1052403], [121.4032495, 25.1050553], [121.4033424, 25.1049064], [121.4035361, 25.1046338], [121.4036578, 25.1042969], [121.403673, 25.1040986], [121.4036338, 25.1038961], [121.4035602, 25.1036999], [121.4035056, 25.1035808], [121.4034111, 25.1033812], [121.4032125, 25.1030675], [121.4030722, 25.1028033], [121.4029815, 25.1023478], [121.4029079, 25.1016016], [121.4028965, 25.1014863], [121.4028576, 25.1011499], [121.4028442, 25.1009653], [121.4028885, 25.1007953], [121.4029864, 25.1005196], [121.4030037, 25.100473], [121.4030607, 25.1003776], [121.4034045, 25.1000635], [121.4038085, 25.0996603], [121.404019, 25.0993513], [121.4040842, 25.0992819], [121.4041937, 25.0990941], [121.4045313, 25.0984283], [121.4046742, 25.0981145], [121.4046941, 25.0979551], [121.4046888, 25.0977606], [121.4046702, 25.0976199], [121.404643, 25.0973624], [121.4046592, 25.0972058], [121.4046753, 25.0970969], [121.4050061, 25.0961575], [121.4050768, 25.0958156], [121.4050983, 25.0954302], [121.4050716, 25.0952669], [121.4050183, 25.0951158], [121.4049881, 25.0950305], [121.4048412, 25.0946056], [121.4047437, 25.0943238], [121.404683, 25.0941483], [121.4045736, 25.0936922], [121.4045093, 25.093402], [121.4043366, 25.0926006], [121.4042289, 25.0921291], [121.4041561, 25.0916718], [121.4041308, 25.0912267], [121.4041443, 25.0911106], [121.4041963, 25.0906127], [121.4042795, 25.090258], [121.4043981, 25.0896075], [121.4044612, 25.0892703], [121.4044978, 25.0890244], [121.4045093, 25.0887782], [121.4045006, 25.0886375], [121.4044511, 25.0884848], [121.4039922, 25.0877166], [121.4037086, 25.0872932], [121.403507, 25.086952], [121.4031464, 25.0865445], [121.402069, 25.0856803], [121.4018057, 25.0854574], [121.4014627, 25.0851671]]}}, {"type": "Feature", "properties": {"county": "新北市", "district": "八里區", "highway": "secondary", "name": "隆德橋"}, "geometry": {"type": "LineString", "coordinates": [[121.4208304, 25.0964242], [121.4207591, 25.0964598]]}}, {"type": "Feature", "properties": {"county": "新北市", "district": "八里區", "highway": "residential", "name": "光明路"}, "geometry": {"type": "LineString", "coordinates": [[121.4642283, 25.0885221], [121.4634113, 25.0880889], [121.462906, 25.087821], [121.4624384, 25.087573], [121.4623279, 25.0875144], [121.4616239, 25.0871411], [121.4610719, 25.0868484], [121.4609481, 25.0867828], [121.460162, 25.0863659]]}}, {"type": "Feature", "properties": {"county": "新北市", "district": "八里區", "highway": "secondary", "name": "成泰路一段"}, "geometry": {"type": "LineString", "coordinates": [[121.435034, 25.0758113], [121.4349987, 25.0761904], [121.4350441, 25.0764708], [121.4351778, 25.0768602], [121.4352775, 25.07719], [121.4354294, 25.0775968], [121.4355036, 25.0777757], [121.4355518, 25.077892], [121.4356212, 25.0780436], [121.4357466, 25.0783174], [121.4358622, 25.0785699], [121.4359794, 25.0788216], [121.4360386, 25.0789583], [121.4361741, 25.0792479], [121.4362723, 25.0794729], [121.4364872, 25.0799874], [121.4365364, 25.0801012], [121.4368215, 25.0807834]]}}, {"type": "Feature", "properties": {"county": "新北市", "district": "八里區", "highway": "secondary", "name": "中山北路一段"}, "geometry": {"type": "LineString", "coordinates": [[121.4426043, 25.1765704], [121.4421276, 25.1759433], [121.441956, 25.1757187], [121.4417827, 25.1755186], [121.4416757, 25.1753692], [121.4416006, 25.1752442], [121.4415305, 25.175122], [121.4414181, 25.1745964]]}}, {"type": "Feature", "properties": {"county": "新北市", "district": "八里區", "highway": "primary", "name": "文化路"}, "geometry": {"type": "LineString", "coordinates": [[121.4388409, 25.1728496], [121.4393068, 25.1726704], [121.439832, 25.1724783], [121.4399301, 25.1724457], [121.4403784, 25.1722697]]}}, {"type": "Feature", "properties": {"county": "新北市", "district": "八里區", "highway": "primary", "name": "文化路"}, "geometry": {"type": "LineString", "coordinates": [[121.438863, 25.1729114], [121.4386534, 25.1729212], [121.4380092, 25.1729601], [121.4356135, 25.1734572], [121.4354168, 25.1735115]]}}, {"type": "Feature", "properties": {"county": "新北市", "district": "八里區", "highway": "residential", "name": "新民街"}, "geometry": {"type": "LineString", "coordinates": [[121.4377786, 25.1775837], [121.4380681, 25.1772248], [121.4382769, 25.1768], [121.4385442, 25.1763522], [121.4388063, 25.1760675], [121.4393517, 25.1753675], [121.4394121, 25.1752402], [121.4394825, 25.1748218]]}}, {"type": "Feature", "properties": {"county": "新北市", "district": "八里區", "highway": "unclassified", "name": "文化路59巷"}, "geometry": {"type": "LineString", "coordinates": [[121.438584, 25.1728492], [121.4385599, 25.1727375], [121.4383748, 25.172434], [121.4382836, 25.1723952], [121.4381736, 25.1724219], [121.4379564, 25.172536], [121.4377096, 25.1727375], [121.4376305, 25.1728418], [121.4376228, 25.1729624]]}}, {"type": "Feature", "properties": {"county": "新北市", "district": "八里區", "highway": "residential", "name": "新生街"}, "geometry": {"type": "LineString", "coordinates": [[121.4394825, 25.1748218], [121.4392176, 25.1747897], [121.4391961, 25.1747885], [121.4390714, 25.1747387], [121.4389896, 25.1746659], [121.4389494, 25.1745324], [121.438934, 25.1742406], [121.4389228, 25.1740239], [121.4389173, 25.1739169], [121.4389072, 25.1735549], [121.4388937, 25.1731799], [121.438863, 25.1729114]]}}, {"type": "Feature", "properties": {"county": "新北市", "district": "八里區", "highway": "residential", "name": "新生街"}, "geometry": {"type": "LineString", "coordinates": [[121.438863, 25.1729114], [121.4388409, 25.1728496]]}}, {"type": "Feature", "properties": {"county": "新北市", "district": "八里區", "highway": "residential", "name": "忠四街"}, "geometry": {"type": "LineString", "coordinates": [[121.424734, 25.1591585], [121.4247573, 25.1590758]]}}, {"type": "Feature", "properties": {"county": "新北市", "district": "八里區", "highway": "trunk", "name": "東西向快速公路 八里新店線"}, "geometry": {"type": "LineString", "coordinates": [[121.4476576, 25.086205], [121.4477455, 25.0855401], [121.4477857, 25.0851353], [121.4478125, 25.0849337], [121.4478394, 25.0847233], [121.4479265, 25.084143], [121.4479801, 25.0838575], [121.4480043, 25.083702], [121.4480344, 25.0835364], [121.4480968, 25.0832551], [121.4481668, 25.082959], [121.4482457, 25.0826599], [121.4483232, 25.0823734], [121.4484857, 25.0818072], [121.4485796, 25.0815242], [121.4486759, 25.0812492], [121.4488564, 25.0807454], [121.4490714, 25.0802297], [121.4495051, 25.0792834], [121.4502005, 25.0780254], [121.4503968, 25.0777192], [121.4505902, 25.0774164], [121.4509979, 25.0768001], [121.4515787, 25.0760922], [121.4521563, 25.0754297], [121.4527893, 25.0747517], [121.4533746, 25.0741004]]}}, {"type": "Feature", "properties": {"county": "新北市", "district": "八里區", "highway": "trunk", "name": "東西向快速公路 八里新店線"}, "geometry": {"type": "LineString", "coordinates": [[121.3984345, 25.1385448], [121.3984123, 25.1381547], [121.3983822, 25.1374797], [121.3983743, 25.1371419], [121.3983856, 25.1367752], [121.3984153, 25.1365315], [121.3984711, 25.1361831], [121.3986017, 25.1355228], [121.3986683, 25.1351912], [121.3988358, 25.1345425], [121.3989678, 25.1341376], [121.3991314, 25.1337283], [121.3994214, 25.1330306], [121.3996758, 25.1325883], [121.4002195, 25.1316453], [121.4010177, 25.1303891], [121.4013216, 25.1299417], [121.4019477, 25.1291034]]}}, {"type": "Feature", "properties": {"county": "新北市", "district": "八里區", "highway": "trunk", "name": "東西向快速公路 八里新店線"}, "geometry": {"type": "LineString", "coordinates": [[121.3985254, 25.1379948], [121.3985407, 25.1383705], [121.3986158, 25.1394259], [121.398631, 25.1400044], [121.398626, 25.1405185], [121.3985662, 25.1411953], [121.3984679, 25.1418727], [121.3983926, 25.1422232], [121.3983079, 25.1425494], [121.3981945, 25.1429108], [121.3981233, 25.1431027], [121.3980069, 25.1433354], [121.397857, 25.1435585], [121.3976557, 25.1437989], [121.3974956, 25.1439777], [121.3973215, 25.144148], [121.3967893, 25.144594], [121.3962449, 25.1450727], [121.3961272, 25.1451868], [121.3959941, 25.1453525], [121.3958132, 25.1456224], [121.3954561, 25.1461812], [121.3948245, 25.1471081], [121.3947497, 25.1472179], [121.3944954, 25.1475971]]}}, {"type": "Feature", "properties": {"county": "新北市", "district": "八里區", "highway": "trunk", "name": "東西向快速公路 八里新店線"}, "geometry": {"type": "LineString", "coordinates": [[121.4477574, 25.0865118], [121.4478227, 25.0879546], [121.4478932, 25.0888207], [121.4479578, 25.0892839], [121.4481423, 25.0902236], [121.4482459, 25.0907885], [121.4487065, 25.0924899], [121.4489882, 25.0933568], [121.4492282, 25.0940003], [121.4496834, 25.0951476], [121.4504842, 25.0968103], [121.4508853, 25.0975714], [121.4516479, 25.0988273], [121.4521443, 25.099527], [121.4531325, 25.1007921], [121.453729, 25.1015891], [121.4540536, 25.1020664], [121.4541716, 25.1022801], [121.4543164, 25.1025935], [121.454472, 25.1030598], [121.4545256, 25.1035359], [121.454526, 25.1037179], [121.4545068, 25.103888], [121.45436, 25.1043896], [121.4541942, 25.1047579], [121.454011, 25.105102], [121.4537668, 25.10537], [121.4535662, 25.1055654], [121.4533126, 25.1057725], [121.4530864, 25.1059121], [121.4528692, 25.1060306], [121.4525715, 25.1061783], [121.4522117, 25.1063148], [121.4518128, 25.1064419], [121.4509929, 25.1066982], [121.4503116, 25.1068537], [121.4497527, 25.1069522], [121.449113, 25.107036], [121.4484689, 25.1070989], [121.4478309, 25.1071392], [121.4474631, 25.1071524], [121.4471751, 25.1071489], [121.4467848, 25.1071356], [121.4462645, 25.107087]]}}, {"type": "Feature", "properties": {"county": "新北市", "district": "八里區", "highway": "secondary", "name": "永安大橋"}, "geometry": {"type": "LineString", "coordinates": [[121.4511901, 25.0800876], [121.4520428, 25.080366], [121.4534856, 25.0808293], [121.4537784, 25.0809629], [121.4540828, 25.0810621], [121.454697, 25.0812638], [121.4559143, 25.0816774], [121.4561729, 25.081757], [121.4562795, 25.0817739], [121.456385, 25.0817876], [121.4565183, 25.0817933], [121.4566366, 25.0817823], [121.456824, 25.0817438], [121.4569889, 25.0816858], [121.4572463, 25.081571]]}}, {"type": "Feature", "properties": {"county": "新北市", "district": "八里區", "highway": "secondary", "name": "永安大橋"}, "geometry": {"type": "LineString", "coordinates": [[121.4520912, 25.0804954], [121.4508955, 25.0800947], [121.4499554, 25.0797638], [121.4497172, 25.0796922], [121.4494085, 25.0796896]]}}, {"type": "Feature", "properties": {"county": "新北市", "district": "八里區", "highway": "tertiary", "name": "觀海大道"}, "geometry": {"type": "LineString", "coordinates": [[121.4294111, 25.1589722], [121.429408, 25.1588758]]}}, {"type": "Feature", "properties": {"county": "新北市", "district": "八里區", "highway": "tertiary", "name": "觀海大道"}, "geometry": {"type": "LineString", "coordinates": [[121.4296416, 25.1607656], [121.4296351, 25.1607146], [121.4295451, 25.1600105], [121.4294111, 25.1589722]]}}, {"type": "Feature", "properties": {"county": "新北市", "district": "八里區", "highway": "tertiary", "name": "觀海大道"}, "geometry": {"type": "LineString", "coordinates": [[121.425185, 25.1620334], [121.4258059, 25.1619635], [121.4261051, 25.1619319], [121.4266623, 25.1618678], [121.4272687, 25.1618007], [121.4282666, 25.1616936], [121.4284681, 25.1616735], [121.4285754, 25.1616517], [121.428666, 25.161619], [121.4295397, 25.1611953], [121.4296188, 25.1611443], [121.4296497, 25.1610994], [121.4296577, 25.1610581], [121.429646, 25.160845], [121.4296416, 25.1607656]]}}, {"type": "Feature", "properties": {"county": "新北市", "district": "八里區", "highway": "primary", "name": "龍米路三段"}, "geometry": {"type": "LineString", "coordinates": [[121.424734, 25.1591585], [121.4244396, 25.159082], [121.4241506, 25.1590044], [121.42386, 25.1589631]]}}, {"type": "Feature", "properties": {"county": "新北市", "district": "八里區", "highway": "secondary", "name": "中興路四段"}, "geometry": {"type": "LineString", "coordinates": [[121.439993, 25.0822506], [121.4402015, 25.0821424]]}}, {"type": "Feature", "properties": {"county": "新北市", "district": "八里區", "highway": "secondary", "name": "民義路一段"}, "geometry": {"type": "LineString", "coordinates": [[121.4256025, 25.0928618], [121.4255362, 25.092907], [121.4254678, 25.0929702], [121.4252776, 25.0931542], [121.4245252, 25.0937129], [121.4234347, 25.0946474], [121.4225001, 25.0954071], [121.4222511, 25.0955823], [121.4219638, 25.0958035], [121.4218118, 25.0959148], [121.4217208, 25.0959524], [121.4215639, 25.0959791], [121.4213372, 25.096114]]}}, {"type": "Feature", "properties": {"county": "新北市", "district": "八里區", "highway": "secondary", "name": "中山路"}, "geometry": {"type": "LineString", "coordinates": [[121.3773225, 25.0842584], [121.3764066, 25.085134], [121.3756402, 25.0858476], [121.375301, 25.0861056], [121.3741712, 25.0869046], [121.3740483, 25.0869915], [121.373922, 25.0870219]]}}, {"type": "Feature", "properties": {"county": "新北市", "district": "八里區", "highway": "secondary", "name": "中山路"}, "geometry": {"type": "LineString", "coordinates": [[121.3773557, 25.0840971], [121.3777243, 25.0838509], [121.378431, 25.0833626], [121.3784886, 25.0833228], [121.3785527, 25.0832785], [121.3791477, 25.0828674], [121.3796485, 25.0825574], [121.3797506, 25.0825017], [121.3799375, 25.0823968], [121.3812632, 25.0816937], [121.3829022, 25.0808037]]}}, {"type": "Feature", "properties": {"county": "新北市", "district": "八里區", "highway": "tertiary", "name": "文化三路二段"}, "geometry": {"type": "LineString", "coordinates": [[121.3801093, 25.0881171], [121.3806558, 25.0889665], [121.3807054, 25.0890411], [121.3817875, 25.0906772], [121.3821441, 25.0912108], [121.3824701, 25.0916967]]}}, {"type": "Feature", "properties": {"county": "新北市", "district": "八里區", "highway": "tertiary", "name": "文化三路二段"}, "geometry": {"type": "LineString", "coordinates": [[121.3773225, 25.0842584], [121.3772579, 25.0841753]]}}, {"type": "Feature", "properties": {"county": "新北市", "district": "八里區", "highway": "secondary", "name": "中華路三段"}, "geometry": {"type": "LineString", "coordinates": [[121.3913716, 25.1279139], [121.3911345, 25.127801], [121.39102, 25.1277016], [121.3909333, 25.1275813], [121.3907903, 25.1273564]]}}, {"type": "Feature", "properties": {"county": "新北市", "district": "八里區", "highway": "tertiary", "name": "商港路"}, "geometry": {"type": "LineString", "coordinates": [[121.3915158, 25.1513726], [121.3915029, 25.151337], [121.3914782, 25.1513069], [121.3914468, 25.1512863], [121.3914101, 25.1512751], [121.3913713, 25.1512742], [121.391334, 25.1512836], [121.3913014, 25.1513025], [121.391275, 25.1513314], [121.3912599, 25.1513663], [121.3912577, 25.1514037], [121.3912686, 25.1514399], [121.3912915, 25.1514711], [121.3913241, 25.1514942], [121.391363, 25.151507], [121.3914044, 25.151508], [121.3914441, 25.1514972], [121.391478, 25.1514757], [121.3915027, 25.1514456], [121.3915157, 25.1514101], [121.3915158, 25.1513726]]}}, {"type": "Feature", "properties": {"county": "新北市", "district": "八里區", "highway": "unclassified", "name": "A12道路"}, "geometry": {"type": "LineString", "coordinates": [[121.3892095, 25.1499842], [121.3889986, 25.1504541], [121.3887981, 25.1509006]]}}, {"type": "Feature", "properties": {"county": "新北市", "district": "八里區", "highway": "trunk_link", "name": "八里二交流道"}, "geometry": {"type": "LineString", "coordinates": [[121.3888376, 25.150392], [121.3889087, 25.1501975], [121.3890436, 25.14991]]}}, {"type": "Feature", "properties": {"county": "新北市", "district": "八里區", "highway": "tertiary", "name": "臨港大道"}, "geometry": {"type": "LineString", "coordinates": [[121.4002956, 25.1568355], [121.400387, 25.1570064], [121.4018038, 25.158321], [121.4018639, 25.1583767], [121.4019716, 25.1584776]]}}, {"type": "Feature", "properties": {"county": "新北市", "district": "八里區", "highway": "tertiary", "name": "臨港大道"}, "geometry": {"type": "LineString", "coordinates": [[121.397254, 25.1540923], [121.3971507, 25.154003], [121.3957479, 25.1528772], [121.3940302, 25.1514947], [121.3926253, 25.1503612], [121.3925259, 25.1502561]]}}, {"type": "Feature", "properties": {"county": "新北市", "district": "八里區", "highway": "unclassified", "name": "A11道路"}, "geometry": {"type": "LineString", "coordinates": [[121.3902007, 25.1483842], [121.3901432, 25.1483578], [121.3900822, 25.148359], [121.3900267, 25.1483741], [121.3899819, 25.1483965], [121.3899464, 25.1484345], [121.3896445, 25.1490727], [121.389591, 25.1491826], [121.3892095, 25.1499842]]}}, {"type": "Feature", "properties": {"county": "新北市", "district": "八里區", "highway": "unclassified", "name": "A11道路"}, "geometry": {"type": "LineString", "coordinates": [[121.3894927, 25.1490895], [121.3899217, 25.1481777], [121.3899362, 25.1481477], [121.389956, 25.1481191], [121.3899957, 25.148075], [121.3900536, 25.1480498], [121.3901191, 25.1480435], [121.390176, 25.1480522], [121.3902385, 25.1480796]]}}, {"type": "Feature", "properties": {"county": "新北市", "district": "八里區", "highway": "unclassified", "name": null}, "geometry": {"type": "LineString", "coordinates": [[121.401405, 25.1589765], [121.4012957, 25.1588774]]}}, {"type": "Feature", "properties": {"county": "新北市", "district": "八里區", "highway": "primary_link", "name": null}, "geometry": {"type": "LineString", "coordinates": [[121.3763736, 25.1397995], [121.3761795, 25.1395958], [121.3759894, 25.1394267], [121.3756585, 25.1391982], [121.3753032, 25.1389954]]}}, {"type": "Feature", "properties": {"county": "新北市", "district": "八里區", "highway": "primary", "name": "中山路三段"}, "geometry": {"type": "LineString", "coordinates": [[121.3764797, 25.1387775], [121.3762625, 25.1387367], [121.3760209, 25.1386898], [121.3757182, 25.1386574], [121.375402, 25.1386559], [121.3750855, 25.1386812], [121.3749294, 25.1386977], [121.3747787, 25.1386997], [121.3746456, 25.1386731], [121.3745126, 25.1386383], [121.374334, 25.1385813]]}}, {"type": "Feature", "properties": {"county": "新北市", "district": "八里區", "highway": "primary_link", "name": null}, "geometry": {"type": "LineString", "coordinates": [[121.3764985, 25.1386702], [121.3764797, 25.1387775]]}}, {"type": "Feature", "properties": {"county": "新北市", "district": "八里區", "highway": "primary_link", "name": null}, "geometry": {"type": "LineString", "coordinates": [[121.3764797, 25.1387775], [121.376497, 25.1388663], [121.3764568, 25.1390836], [121.3764294, 25.1392917], [121.3764677, 25.1394285], [121.3765279, 25.139528], [121.3766252, 25.139623], [121.3767571, 25.1397679]]}}, {"type": "Feature", "properties": {"county": "新北市", "district": "八里區", "highway": "trunk_link", "name": "八里三交流道"}, "geometry": {"type": "LineString", "coordinates": [[121.376953, 25.1399938], [121.3775055, 25.1406858], [121.3780187, 25.1413171], [121.378272, 25.1416281], [121.3784628, 25.1418494], [121.3787341, 25.1421182], [121.3792811, 25.1426539]]}}, {"type": "Feature", "properties": {"county": "新北市", "district": "八里區", "highway": "primary_link", "name": null}, "geometry": {"type": "LineString", "coordinates": [[121.376512, 25.1399474], [121.3763736, 25.1397995], [121.3763441, 25.1393916], [121.3763441, 25.1391536], [121.3764254, 25.1388454], [121.3764797, 25.1387775]]}}, {"type": "Feature", "properties": {"county": "新北市", "district": "八里區", "highway": "primary", "name": "中山路三段"}, "geometry": {"type": "LineString", "coordinates": [[121.3914904, 25.1424235], [121.3916131, 25.1425118], [121.3918754, 25.1426979]]}}, {"type": "Feature", "properties": {"county": "新北市", "district": "八里區", "highway": "tertiary_link", "name": null}, "geometry": {"type": "LineString", "coordinates": [[121.3911259, 25.1418162], [121.3910884, 25.1418885], [121.3910642, 25.141957], [121.3910579, 25.1420256], [121.3910756, 25.1420917], [121.3911181, 25.1421669]]}}, {"type": "Feature", "properties": {"county": "新北市", "district": "八里區", "highway": "residential", "name": "學府路51巷"}, "geometry": {"type": "LineString", "coordinates": [[121.4472596, 25.1696014], [121.4467375, 25.1698622]]}}, {"type": "Feature", "properties": {"county": "新北市", "district": "八里區", "highway": "residential", "name": null}, "geometry": {"type": "LineString", "coordinates": [[121.4190202, 25.1240722], [121.4189824, 25.1240063], [121.4189442, 25.1237738], [121.4189763, 25.1236488], [121.4191584, 25.1233801], [121.4194674, 25.1231876], [121.4195755, 25.1231316], [121.4196318, 25.1230418], [121.4196881, 25.1229214], [121.4197221, 25.1227868], [121.4197516, 25.1224707], [121.419702, 25.1222446], [121.4196513, 25.1220961], [121.4196522, 25.1218851], [121.419663, 25.1217865]]}}, {"type": "Feature", "properties": {"county": "新北市", "district": "八里區", "highway": "unclassified", "name": "龍米路一段90巷"}, "geometry": {"type": "LineString", "coordinates": [[121.4541692, 25.1235635], [121.4542329, 25.1236273], [121.4542968, 25.1236674], [121.4547477, 25.1239754]]}}, {"type": "Feature", "properties": {"county": "新北市", "district": "八里區", "highway": "primary", "name": "關渡大橋"}, "geometry": {"type": "LineString", "coordinates": [[121.4533501, 25.1249031], [121.4531843, 25.1252096], [121.4530989, 25.1252653]]}}, {"type": "Feature", "properties": {"county": "新北市", "district": "八里區", "highway": "primary", "name": "關渡大橋"}, "geometry": {"type": "LineString", "coordinates": [[121.4610412, 25.1267234], [121.4608929, 25.1269578], [121.4607777, 25.1270838]]}}, {"type": "Feature", "properties": {"county": "新北市", "district": "八里區", "highway": "unclassified", "name": "頂寮一街"}, "geometry": {"type": "LineString", "coordinates": [[121.452757, 25.1243697], [121.4526453, 25.1244841], [121.4524381, 25.1244856], [121.4522642, 25.12444]]}}, {"type": "Feature", "properties": {"county": "新北市", "district": "八里區", "highway": "primary", "name": "民權路"}, "geometry": {"type": "LineString", "coordinates": [[121.4592041, 25.1299432], [121.4590634, 25.1301012], [121.4588754, 25.1303407], [121.4587403, 25.1305475], [121.4586286, 25.1307282], [121.4584895, 25.1310217], [121.4584055, 25.1312867], [121.4583819, 25.1315027], [121.4584011, 25.1317089], [121.4584439, 25.1318796], [121.4585165, 25.1320581], [121.4586164, 25.1322147], [121.4588289, 25.1324839], [121.4589501, 25.132649], [121.4590294, 25.1327873], [121.4591962, 25.1332316], [121.4592917, 25.1336004], [121.4594139, 25.1340138], [121.4595047, 25.1343512], [121.4595804, 25.1346276], [121.4596707, 25.1349591], [121.4597388, 25.1352], [121.4598801, 25.1357298], [121.4599672, 25.1360914], [121.4600168, 25.136309], [121.4600875, 25.1367086], [121.4601214, 25.1370605]]}}, {"type": "Feature", "properties": {"county": "新北市", "district": "八里區", "highway": "residential", "name": "永樂街38巷19弄"}, "geometry": {"type": "LineString", "coordinates": [[121.4581829, 25.0889017], [121.4573011, 25.0891926], [121.4560951, 25.0895485]]}}, {"type": "Feature", "properties": {"county": "新北市", "district": "八里區", "highway": "residential", "name": "永樂街38巷33弄"}, "geometry": {"type": "LineString", "coordinates": [[121.4562254, 25.0900307], [121.4563148, 25.0900031], [121.4574855, 25.0896407], [121.4582875, 25.0893705]]}}, {"type": "Feature", "properties": {"county": "新北市", "district": "八里區", "highway": "residential", "name": "永平街32巷21弄"}, "geometry": {"type": "LineString", "coordinates": [[121.4592097, 25.0916262], [121.4577994, 25.0923864]]}}, {"type": "Feature", "properties": {"county": "新北市", "district": "八里區", "highway": "primary", "name": "中正東路二段"}, "geometry": {"type": "LineString", "coordinates": [[121.4586142, 25.1571051], [121.4588422, 25.1566972], [121.4589636, 25.156457]]}}, {"type": "Feature", "properties": {"county": "新北市", "district": "八里區", "highway": "primary", "name": "中正東路二段"}, "geometry": {"type": "LineString", "coordinates": [[121.4591877, 25.1559508], [121.4591999, 25.1559014], [121.4592667, 25.1556315], [121.4592962, 25.1553839], [121.459315, 25.1549007], [121.459304, 25.1544705], [121.459297, 25.153964], [121.4592926, 25.153497], [121.4592917, 25.1534023]]}}, {"type": "Feature", "properties": {"county": "新北市", "district": "八里區", "highway": "residential", "name": "龍米路一段356巷"}, "geometry": {"type": "LineString", "coordinates": [[121.4515124, 25.1311542], [121.4522427, 25.131162]]}}, {"type": "Feature", "properties": {"county": "新北市", "district": "八里區", "highway": "residential", "name": "龍米路一段386巷"}, "geometry": {"type": "LineString", "coordinates": [[121.4515419, 25.1318855], [121.451654, 25.1318853], [121.4523327, 25.1320032]]}}, {"type": "Feature", "properties": {"county": "新北市", "district": "八里區", "highway": "residential", "name": "竹林一路"}, "geometry": {"type": "LineString", "coordinates": [[121.3820923, 25.0876797], [121.3821912, 25.0876311], [121.3838248, 25.0867989], [121.384884, 25.0862634], [121.3849727, 25.0862209], [121.3850197, 25.0861784], [121.3851136, 25.0860721], [121.3852731, 25.0858501], [121.385419, 25.0856271], [121.3856145, 25.0855466]]}}, {"type": "Feature", "properties": {"county": "新北市", "district": "八里區", "highway": "residential", "name": "龍米路一段138巷"}, "geometry": {"type": "LineString", "coordinates": [[121.4529411, 25.1255884], [121.4534156, 25.1258061]]}}, {"type": "Feature", "properties": {"county": "新北市", "district": "八里區", "highway": "residential", "name": "龍米路一段428巷"}, "geometry": {"type": "LineString", "coordinates": [[121.4509938, 25.1337528], [121.4510545, 25.1337751], [121.4516003, 25.1338736], [121.4516499, 25.1338946], [121.4518521, 25.1339366], [121.4519166, 25.1335991], [121.4520144, 25.1333347]]}}, {"type": "Feature", "properties": {"county": "新北市", "district": "八里區", "highway": "residential", "name": "龍米路一段440巷"}, "geometry": {"type": "LineString", "coordinates": [[121.4517808, 25.1341794], [121.4512812, 25.1340791], [121.4511786, 25.1341745], [121.4508382, 25.1340714]]}}, {"type": "Feature", "properties": {"county": "新北市", "district": "八里區", "highway": "residential", "name": null}, "geometry": {"type": "LineString", "coordinates": [[121.4251071, 25.1250587], [121.4252594, 25.1250255], [121.4253215, 25.125027], [121.4254698, 25.12503], [121.4255708, 25.1251566], [121.4256937, 25.1252549], [121.4257466, 25.1252779], [121.4257331, 25.1253464]]}}, {"type": "Feature", "properties": {"county": "新北市", "district": "八里區", "highway": "residential", "name": null}, "geometry": {"type": "LineString", "coordinates": [[121.4310765, 25.1185644], [121.4310962, 25.1186657], [121.4310144, 25.1188102], [121.4310104, 25.1188563], [121.4310256, 25.1189238], [121.4311678, 25.1190306], [121.4312214, 25.1190865], [121.4312838, 25.1190619], [121.4313723, 25.1189145], [121.4314785, 25.118844], [121.4316625, 25.1187543], [121.4317829, 25.118719], [121.4318253, 25.1187447], [121.4319244, 25.1189113], [121.4313298, 25.1192221]]}}, {"type": "Feature", "properties": {"county": "新北市", "district": "八里區", "highway": "primary", "name": "龍米路一段"}, "geometry": {"type": "LineString", "coordinates": [[121.4525836, 25.1260718], [121.4526108, 25.1260206], [121.4528952, 25.1254968], [121.4529929, 25.125292], [121.4530478, 25.1251358]]}}, {"type": "Feature", "properties": {"county": "新北市", "district": "八里區", "highway": "primary", "name": "龍米路一段"}, "geometry": {"type": "LineString", "coordinates": [[121.4530989, 25.1252653], [121.4529411, 25.1255884], [121.4526976, 25.126059], [121.4526662, 25.1261106]]}}, {"type": "Feature", "properties": {"county": "新北市", "district": "八里區", "highway": "unclassified", "name": null}, "geometry": {"type": "LineString", "coordinates": [[121.4602739, 25.1516418], [121.4602641, 25.1517779]]}}, {"type": "Feature", "properties": {"county": "新北市", "district": "八里區", "highway": "unclassified", "name": null}, "geometry": {"type": "LineString", "coordinates": [[121.4365348, 25.1233881], [121.4363485, 25.1235064], [121.4361896, 25.1235862], [121.4358546, 25.1236834], [121.4353664, 25.1236056], [121.4351772, 25.123537], [121.4348912, 25.1235294], [121.4346716, 25.1234948], [121.4344972, 25.1234996], [121.4343614, 25.1235488], [121.4341676, 25.1237684], [121.4340252, 25.123831], [121.4338652, 25.1238807], [121.4336035, 25.1239627], [121.4332822, 25.124162], [121.4330849, 25.1243629], [121.4328867, 25.1246138], [121.4327258, 25.1247753], [121.4326038, 25.1249529], [121.4325719, 25.1250882], [121.4325267, 25.1252696], [121.4325145, 25.125351], [121.4324957, 25.1254766], [121.4324816, 25.12551], [121.432461, 25.1256558], [121.4323985, 25.125779]]}}, {"type": "Feature", "properties": {"county": "新北市", "district": "八里區", "highway": "residential", "name": null}, "geometry": {"type": "LineString", "coordinates": [[121.4318006, 25.1171347], [121.4320428, 25.1172918], [121.4320753, 25.1174685], [121.432059, 25.1178807], [121.4322217, 25.1182047], [121.4323843, 25.1184697], [121.4324818, 25.1187126], [121.4326689, 25.1188304], [121.4328721, 25.1189777], [121.4330998, 25.1191985]]}}, {"type": "Feature", "properties": {"county": "新北市", "district": "八里區", "highway": "unclassified", "name": "凌雲路三段84巷"}, "geometry": {"type": "LineString", "coordinates": [[121.4313472, 25.1179403], [121.431389, 25.1179961], [121.4313456, 25.1182456], [121.4312679, 25.1183913], [121.4310765, 25.1185644], [121.430937, 25.1186979], [121.4308304, 25.1187954], [121.4307851, 25.1189729], [121.430777, 25.1192303], [121.4307475, 25.1194307], [121.4307283, 25.1195637]]}}, {"type": "Feature", "properties": {"county": "新北市", "district": "八里區", "highway": "unclassified", "name": "頂寮三街121巷"}, "geometry": {"type": "LineString", "coordinates": [[121.4395374, 25.1249562], [121.4396549, 25.1250088], [121.4398284, 25.1250401], [121.4399644, 25.1250922], [121.4400646, 25.1250883], [121.440216, 25.1250658], [121.4403874, 25.1251275], [121.4405389, 25.1251892], [121.4406684, 25.1252973], [121.4409866, 25.125426], [121.4412236, 25.1255955], [121.4412787, 25.1257333], [121.4413739, 25.1258529], [121.4414557, 25.125906], [121.4415576, 25.1258959], [121.4416536, 25.1258329], [121.4417468, 25.1257278], [121.4418862, 25.1256246], [121.4420415, 25.1255523], [121.4421745, 25.1255578], [121.4422429, 25.1256396], [121.4422568, 25.1257479], [121.4422301, 25.1258599], [121.4420863, 25.1259425], [121.4419791, 25.1260279], [121.4419389, 25.1260935], [121.4419096, 25.1262192], [121.4419253, 25.1264133], [121.4419749, 25.1266012], [121.4420849, 25.1268011], [121.4422549, 25.1269924], [121.4423735, 25.1270482], [121.4426041, 25.1270524], [121.4428454, 25.12701], [121.4431137, 25.1269886], [121.443553, 25.1270125], [121.4437028, 25.1270692], [121.4438774, 25.1272118], [121.4439753, 25.1272431], [121.4440845, 25.1271991], [121.4443392, 25.1270041], [121.4445968, 25.1269838], [121.4449514, 25.1269634], [121.445202, 25.1269778], [121.4454615, 25.1268923], [121.4456921, 25.1267829], [121.4458115, 25.1267807], [121.4459655, 25.1268117], [121.4461079, 25.1267676], [121.4462963, 25.126648], [121.4464815, 25.1265953], [121.4466628, 25.1265906], [121.4468487, 25.1266788], [121.4470264, 25.1266665], [121.4471555, 25.126619], [121.4473193, 25.1266566], [121.4475502, 25.1266427], [121.447741, 25.126583], [121.4479671, 25.1264934], [121.4482928, 25.126488], [121.4484559, 25.1265393], [121.4486264, 25.1266341]]}}, {"type": "Feature", "properties": {"county": "新北市", "district": "八里區", "highway": "unclassified", "name": "凌雲路二段田埔巷"}, "geometry": {"type": "LineString", "coordinates": [[121.4376507, 25.1233425], [121.437485, 25.1233951], [121.4373763, 25.1234178], [121.4372977, 25.1234557], [121.437169, 25.1235147], [121.4371289, 25.1235177], [121.4368814, 25.1234905], [121.436833, 25.1235995]]}}, {"type": "Feature", "properties": {"county": "新北市", "district": "八里區", "highway": "tertiary", "name": "觀音路"}, "geometry": {"type": "LineString", "coordinates": [[121.4347589, 25.1443625], [121.4347288, 25.1444278], [121.4347275, 25.144637], [121.4346872, 25.1447134], [121.4345254, 25.144952], [121.4343374, 25.1452271], [121.4342032, 25.1454865], [121.4341236, 25.1455469], [121.4340688, 25.1455229], [121.4340678, 25.1454581], [121.4341031, 25.1453625], [121.4342009, 25.1451476], [121.4342259, 25.1450023], [121.4342503, 25.1446124], [121.4342578, 25.1442918], [121.4342448, 25.1441922], [121.4341775, 25.1441489], [121.4341299, 25.1442014], [121.4341245, 25.14439], [121.4340895, 25.1445501], [121.4340232, 25.1447304], [121.433918, 25.1449491], [121.4338655, 25.1450543], [121.4337913, 25.1451605], [121.4336634, 25.1452555], [121.4335443, 25.1453384], [121.4332376, 25.1454309], [121.4330629, 25.1454956], [121.43299, 25.1455731], [121.43292, 25.1457449], [121.4328314, 25.1458984], [121.432773, 25.1459241], [121.4327089, 25.1459147], [121.4326719, 25.1458594], [121.4322777, 25.1451818], [121.432196, 25.1449238], [121.4321869, 25.1447876], [121.4322431, 25.1445348], [121.4322843, 25.1443332], [121.4323446, 25.1438711], [121.432388, 25.1434836], [121.4324157, 25.1433783], [121.4323334, 25.1432918], [121.4321494, 25.1431711], [121.4319862, 25.1430334], [121.4317842, 25.1428724], [121.4317267, 25.142802]]}}, {"type": "Feature", "properties": {"county": "新北市", "district": "八里區", "highway": "residential", "name": null}, "geometry": {"type": "LineString", "coordinates": [[121.4319862, 25.1430334], [121.4319953, 25.1429379], [121.4319665, 25.1427905], [121.4319235, 25.1426945], [121.4319155, 25.1424712], [121.4319264, 25.1423588], [121.4319652, 25.1423054], [121.4319384, 25.14215], [121.4318411, 25.1420778], [121.4318048, 25.1419455], [121.4317579, 25.141886], [121.4317271, 25.1418484], [121.4317204, 25.1417876], [121.4317297, 25.141716]]}}, {"type": "Feature", "properties": {"county": "新北市", "district": "八里區", "highway": "residential", "name": null}, "geometry": {"type": "LineString", "coordinates": [[121.4340071, 25.1344298], [121.4337288, 25.1342985], [121.4337115, 25.1340977], [121.4337959, 25.1338892], [121.433804, 25.1338479], [121.4337973, 25.1338014], [121.4337383, 25.1337156], [121.4337061, 25.1336694], [121.4337113, 25.1336327], [121.43377, 25.1335936], [121.4338336, 25.1335613], [121.4338997, 25.1335311], [121.4339246, 25.133499], [121.4339485, 25.1334651], [121.4339622, 25.1334133], [121.434032, 25.133338], [121.4340561, 25.1332773], [121.4340721, 25.1331846], [121.4340694, 25.1330892], [121.4340808, 25.1330109], [121.4340869, 25.1329731], [121.4341272, 25.1328979]]}}, {"type": "Feature", "properties": {"county": "新北市", "district": "八里區", "highway": "residential", "name": null}, "geometry": {"type": "LineString", "coordinates": [[121.4337288, 25.1342985], [121.4335357, 25.134199], [121.4332849, 25.1340909], [121.43318, 25.134028], [121.4331484, 25.1339523], [121.4330995, 25.1338292], [121.4330904, 25.1337751], [121.4330643, 25.13362], [121.4330578, 25.1335809], [121.4330786, 25.1333757], [121.4330302, 25.1333006], [121.4329787, 25.1332538], [121.4327426, 25.1334844], [121.4326417, 25.133587]]}}, {"type": "Feature", "properties": {"county": "新北市", "district": "八里區", "highway": "residential", "name": null}, "geometry": {"type": "LineString", "coordinates": [[121.4330643, 25.13362], [121.4331611, 25.133518], [121.4332529, 25.1333865], [121.4332469, 25.133246], [121.4332534, 25.1330738], [121.4332358, 25.1329585], [121.4331806, 25.1328365], [121.4331098, 25.1327732], [121.4330189, 25.1327417], [121.4329073, 25.1327059], [121.432719, 25.1327157], [121.4326772, 25.1327009], [121.4325733, 25.1326419]]}}, {"type": "Feature", "properties": {"county": "新北市", "district": "八里區", "highway": "unclassified", "name": null}, "geometry": {"type": "LineString", "coordinates": [[121.4384699, 25.1338437], [121.4384456, 25.1337783], [121.4383222, 25.1337565], [121.4380702, 25.1338056], [121.4379602, 25.1337984], [121.4377938, 25.1337686], [121.437692, 25.1337668], [121.4375498, 25.1337765], [121.4374734, 25.1337984], [121.4373795, 25.1338433], [121.4372198, 25.133958]]}}, {"type": "Feature", "properties": {"county": "新北市", "district": "八里區", "highway": "unclassified", "name": null}, "geometry": {"type": "LineString", "coordinates": [[121.4470942, 25.1319577], [121.4470286, 25.1319426], [121.4467765, 25.1318624], [121.4466397, 25.1318333], [121.4465216, 25.1318618], [121.4464237, 25.1319346], [121.4462145, 25.1320779], [121.4460562, 25.1321641], [121.4459167, 25.1321653], [121.4456539, 25.1320779], [121.4454849, 25.1320487], [121.4451751, 25.1319297], [121.4448975, 25.1318168], [121.4447942, 25.1317889], [121.4446763, 25.1317933], [121.4444926, 25.1318226], [121.4443081, 25.1318734], [121.4441626, 25.1319243], [121.4441586, 25.1319795], [121.4442129, 25.1320578], [121.4442095, 25.1321192], [121.444013, 25.1321604], [121.4438655, 25.13211], [121.4434914, 25.1322333], [121.4434203, 25.1322272], [121.4433485, 25.1322151], [121.4432567, 25.1322472], [121.4431923, 25.1323765], [121.4430548, 25.1325052], [121.4427739, 25.1325307], [121.4426827, 25.132566], [121.4427088, 25.1327821], [121.4426994, 25.1331487], [121.4426538, 25.1333916], [121.4425747, 25.1335518], [121.442505, 25.1335822], [121.4422475, 25.1335093], [121.4418653, 25.1336793], [121.4417271, 25.1337], [121.4416622, 25.1338925]]}}, {"type": "Feature", "properties": {"county": "新北市", "district": "八里區", "highway": "residential", "name": null}, "geometry": {"type": "LineString", "coordinates": [[121.4479421, 25.1320513], [121.4479647, 25.132183], [121.4479728, 25.1323724], [121.4480774, 25.1325011]]}}, {"type": "Feature", "properties": {"county": "新北市", "district": "八里區", "highway": "residential", "name": "楓櫃斗湖步道"}, "geometry": {"type": "LineString", "coordinates": [[121.4190025, 25.1298014], [121.4189994, 25.1300149], [121.4190038, 25.1300958], [121.4190207, 25.1301689], [121.4190581, 25.1302267], [121.4191702, 25.130344], [121.4192301, 25.1303987], [121.419293, 25.13047], [121.4193122, 25.1304847], [121.4194043, 25.130555], [121.4194868, 25.13059], [121.4195517, 25.1306035], [121.4196312, 25.1306115], [121.4197161, 25.1306627], [121.4199603, 25.1308131], [121.4200111, 25.1309385], [121.4200303, 25.1310323], [121.4200414, 25.1311316], [121.4201552, 25.1312832], [121.4202474, 25.1313742], [121.4203271, 25.1314528], [121.4204002, 25.1315221], [121.4204376, 25.1316357], [121.4204656, 25.1317699], [121.4204897, 25.1317822], [121.4205959, 25.131789], [121.4206462, 25.1318765], [121.4207114, 25.1319668]]}}, {"type": "Feature", "properties": {"county": "新北市", "district": "八里區", "highway": "unclassified", "name": null}, "geometry": {"type": "LineString", "coordinates": [[121.4323985, 25.125779], [121.4323451, 25.1257929], [121.4321765, 25.1262053], [121.4321005, 25.1263721], [121.4319558, 25.1265926], [121.4318795, 25.1266733], [121.4317963, 25.1267296], [121.4317145, 25.126753], [121.4316185, 25.1267348], [121.4314336, 25.126692], [121.4313893, 25.1266321], [121.4314283, 25.1265186], [121.4314319, 25.1264133]]}}, {"type": "Feature", "properties": {"county": "新北市", "district": "八里區", "highway": "residential", "name": null}, "geometry": {"type": "LineString", "coordinates": [[121.4250585, 25.1127496], [121.4247758, 25.1128414], [121.4245747, 25.1130065], [121.424454, 25.1130891], [121.4242501, 25.1132093], [121.4241924, 25.1133672]]}}, {"type": "Feature", "properties": {"county": "新北市", "district": "八里區", "highway": "residential", "name": null}, "geometry": {"type": "LineString", "coordinates": [[121.4246482, 25.1148091], [121.4245717, 25.1149196], [121.4245194, 25.1149475], [121.4243893, 25.1149317], [121.4243196, 25.114803], [121.4241842, 25.1145356], [121.4241332, 25.1145177], [121.4240232, 25.1145796], [121.423924, 25.1146015], [121.4237563, 25.1145565], [121.4236236, 25.1145662], [121.4234964, 25.1145196], [121.4233113, 25.11459], [121.4231021, 25.114709], [121.4230324, 25.1147308], [121.4229761, 25.1147017], [121.4228795, 25.1146143], [121.4227641, 25.1146653], [121.4227384, 25.1153143]]}}, {"type": "Feature", "properties": {"county": "新北市", "district": "八里區", "highway": "residential", "name": null}, "geometry": {"type": "LineString", "coordinates": [[121.4238418, 25.1122332], [121.4236464, 25.1121473], [121.4234696, 25.112052], [121.4233714, 25.1119742], [121.4233278, 25.1119135], [121.4232199, 25.1118346], [121.4231039, 25.1118067], [121.4230006, 25.1118012], [121.4229342, 25.1118552], [121.4228714, 25.1120302], [121.4227347, 25.1122172], [121.4224691, 25.1124576], [121.4223135, 25.1126446]]}}, {"type": "Feature", "properties": {"county": "新北市", "district": "八里區", "highway": "residential", "name": "五福路68巷"}, "geometry": {"type": "LineString", "coordinates": [[121.4330507, 25.0899174], [121.4333006, 25.0901919], [121.4335257, 25.0904482], [121.4335768, 25.0905063], [121.43377, 25.0907263]]}}, {"type": "Feature", "properties": {"county": "新北市", "district": "八里區", "highway": "residential", "name": "吉祥路"}, "geometry": {"type": "LineString", "coordinates": [[121.3759165, 25.080808], [121.3755811, 25.0804141], [121.375563, 25.0803672], [121.3755657, 25.0803133], [121.3756014, 25.0802893], [121.3758337, 25.0801176], [121.3761393, 25.0799008], [121.3761788, 25.0798935], [121.3762144, 25.0799141], [121.3765964, 25.0803563], [121.3766075, 25.0804028], [121.376484, 25.0804928], [121.3763088, 25.0806105], [121.3760123, 25.0807991], [121.375964, 25.0808161], [121.3759165, 25.080808]]}}, {"type": "Feature", "properties": {"county": "新北市", "district": "八里區", "highway": "residential", "name": "吉祥路"}, "geometry": {"type": "LineString", "coordinates": [[121.3758337, 25.0801176], [121.3753179, 25.0794877]]}}, {"type": "Feature", "properties": {"county": "新北市", "district": "八里區", "highway": "residential", "name": "吉祥路"}, "geometry": {"type": "LineString", "coordinates": [[121.3747663, 25.0807421], [121.3754156, 25.0803185]]}}, {"type": "Feature", "properties": {"county": "新北市", "district": "八里區", "highway": "residential", "name": "吉祥路"}, "geometry": {"type": "LineString", "coordinates": [[121.3754156, 25.0803185], [121.3754825, 25.0803011], [121.3755657, 25.0803133]]}}, {"type": "Feature", "properties": {"county": "新北市", "district": "八里區", "highway": "residential", "name": "吉祥路"}, "geometry": {"type": "LineString", "coordinates": [[121.3774437, 25.0799911], [121.3767608, 25.0804266], [121.3766075, 25.0804028]]}}, {"type": "Feature", "properties": {"county": "新北市", "district": "八里區", "highway": "unclassified", "name": null}, "geometry": {"type": "LineString", "coordinates": [[121.4525551, 25.1075455], [121.4526691, 25.1075151], [121.4527442, 25.1075163], [121.4528139, 25.1075515], [121.4529468, 25.1078254]]}}, {"type": "Feature", "properties": {"county": "新北市", "district": "八里區", "highway": "residential", "name": null}, "geometry": {"type": "LineString", "coordinates": [[121.436408, 25.0972105], [121.4362981, 25.0971999], [121.4362337, 25.097195], [121.4361506, 25.097161], [121.4361023, 25.0971173], [121.4360647, 25.0970809], [121.4360191, 25.0970347], [121.4359709, 25.0969715], [121.4359279, 25.0968987], [121.4359092, 25.0968088], [121.4359306, 25.0967359], [121.4359601, 25.0966704], [121.4359628, 25.0965951], [121.4359843, 25.0965319], [121.4360299, 25.0965003], [121.4361398, 25.0964445]]}}, {"type": "Feature", "properties": {"county": "新北市", "district": "八里區", "highway": "residential", "name": null}, "geometry": {"type": "LineString", "coordinates": [[121.4321434, 25.0987447], [121.4321836, 25.0991935]]}}, {"type": "Feature", "properties": {"county": "新北市", "district": "八里區", "highway": "residential", "name": null}, "geometry": {"type": "LineString", "coordinates": [[121.4326235, 25.0986937], [121.4326864, 25.0991024]]}}, {"type": "Feature", "properties": {"county": "新北市", "district": "八里區", "highway": "unclassified", "name": null}, "geometry": {"type": "LineString", "coordinates": [[121.3978026, 25.0800858], [121.3977371, 25.0801512], [121.3968695, 25.0810178]]}}, {"type": "Feature", "properties": {"county": "新北市", "district": "八里區", "highway": "unclassified", "name": null}, "geometry": {"type": "LineString", "coordinates": [[121.3967426, 25.0809594], [121.3967916, 25.0809651], [121.3968356, 25.0809853], [121.3968695, 25.0810178], [121.3968893, 25.0810587], [121.3968928, 25.0811033], [121.3968794, 25.0811464], [121.3968508, 25.0811828], [121.3968104, 25.0812084], [121.3967628, 25.0812202], [121.3967136, 25.0812167], [121.3966728, 25.081201], [121.3966392, 25.0811747], [121.396616, 25.0811405], [121.3966054, 25.0811015], [121.3966083, 25.0810614], [121.3966246, 25.081024], [121.3966526, 25.0809929], [121.3966944, 25.0809691], [121.3967426, 25.0809594]]}}, {"type": "Feature", "properties": {"county": "新北市", "district": "八里區", "highway": "unclassified", "name": null}, "geometry": {"type": "LineString", "coordinates": [[121.3967136, 25.0812167], [121.3966553, 25.0812771], [121.3963165, 25.0813288]]}}, {"type": "Feature", "properties": {"county": "新北市", "district": "八里區", "highway": "unclassified", "name": null}, "geometry": {"type": "LineString", "coordinates": [[121.3962513, 25.0810029], [121.396599, 25.0809533], [121.3966526, 25.0809929]]}}, {"type": "Feature", "properties": {"county": "新北市", "district": "八里區", "highway": "unclassified", "name": null}, "geometry": {"type": "LineString", "coordinates": [[121.3963886, 25.0816889], [121.3963165, 25.0813288], [121.3962993, 25.0812426], [121.3962513, 25.0810029], [121.3962459, 25.0809756], [121.3961813, 25.0806527]]}}, {"type": "Feature", "properties": {"county": "新北市", "district": "八里區", "highway": "unclassified", "name": null}, "geometry": {"type": "LineString", "coordinates": [[121.3968508, 25.0811828], [121.3969462, 25.0812628], [121.3970094, 25.0815769], [121.3963886, 25.0816889], [121.3960364, 25.0819252], [121.3958, 25.0823321], [121.3957198, 25.0827112], [121.3957163, 25.0827718], [121.3957904, 25.0831849], [121.3958683, 25.0837079], [121.3953978, 25.0837449], [121.3954414, 25.0832845]]}}, {"type": "Feature", "properties": {"county": "新北市", "district": "八里區", "highway": "unclassified", "name": null}, "geometry": {"type": "LineString", "coordinates": [[121.3961813, 25.0806527], [121.396729, 25.0805467], [121.396792, 25.0808829], [121.3967916, 25.0809651]]}}, {"type": "Feature", "properties": {"county": "新北市", "district": "八里區", "highway": "unclassified", "name": "林蔭大道"}, "geometry": {"type": "LineString", "coordinates": [[121.3962993, 25.0812426], [121.3955328, 25.0813846], [121.3944945, 25.0815784]]}}, {"type": "Feature", "properties": {"county": "新北市", "district": "八里區", "highway": "unclassified", "name": null}, "geometry": {"type": "LineString", "coordinates": [[121.3954, 25.0807971], [121.3955328, 25.0813846]]}}, {"type": "Feature", "properties": {"county": "新北市", "district": "八里區", "highway": "unclassified", "name": null}, "geometry": {"type": "LineString", "coordinates": [[121.3961813, 25.0806527], [121.3954, 25.0807971], [121.3941608, 25.0810433]]}}, {"type": "Feature", "properties": {"county": "新北市", "district": "八里區", "highway": "residential", "name": "八勢路2巷"}, "geometry": {"type": "LineString", "coordinates": [[121.4602146, 25.1533739], [121.4602056, 25.1529464], [121.4602325, 25.15291], [121.460266, 25.1528942], [121.4609462, 25.1529079], [121.46166, 25.1529205], [121.4616902, 25.1521252]]}}, {"type": "Feature", "properties": {"county": "新北市", "district": "八里區", "highway": "residential", "name": null}, "geometry": {"type": "LineString", "coordinates": [[121.4578432, 25.1629084], [121.458033, 25.1628451], [121.458142, 25.1625542]]}}, {"type": "Feature", "properties": {"county": "新北市", "district": "八里區", "highway": "residential", "name": "坪頂路70巷"}, "geometry": {"type": "LineString", "coordinates": [[121.459674, 25.1629991], [121.4601941, 25.1628973], [121.4606474, 25.1627492]]}}, {"type": "Feature", "properties": {"county": "新北市", "district": "八里區", "highway": "residential", "name": "成泰路二段147巷"}, "geometry": {"type": "LineString", "coordinates": [[121.4391385, 25.0855106], [121.4390329, 25.0857114], [121.4389095, 25.0862993], [121.4388853, 25.0863916], [121.4386305, 25.0867414], [121.4384495, 25.0868944], [121.438428, 25.0869243]]}}, {"type": "Feature", "properties": {"county": "新北市", "district": "八里區", "highway": "residential", "name": "原德路108巷"}, "geometry": {"type": "LineString", "coordinates": [[121.4434095, 25.1735758], [121.4438426, 25.1732628]]}}, {"type": "Feature", "properties": {"county": "新北市", "district": "八里區", "highway": "residential", "name": "學府路102巷"}, "geometry": {"type": "LineString", "coordinates": [[121.4502107, 25.171779], [121.4503831, 25.1720071]]}}, {"type": "Feature", "properties": {"county": "新北市", "district": "八里區", "highway": "residential", "name": "學府路102巷"}, "geometry": {"type": "LineString", "coordinates": [[121.4509142, 25.1717254], [121.4510376, 25.1719196]]}}, {"type": "Feature", "properties": {"county": "新北市", "district": "八里區", "highway": "residential", "name": "學府路102巷"}, "geometry": {"type": "LineString", "coordinates": [[121.4503831, 25.1720071], [121.4509142, 25.1717254]]}}, {"type": "Feature", "properties": {"county": "新北市", "district": "八里區", "highway": "residential", "name": "水源街一段143巷"}, "geometry": {"type": "LineString", "coordinates": [[121.4473213, 25.1718241], [121.4473408, 25.1719644], [121.4473522, 25.1721765]]}}, {"type": "Feature", "properties": {"county": "新北市", "district": "八里區", "highway": "residential", "name": "鄧公路30巷"}, "geometry": {"type": "LineString", "coordinates": [[121.4535533, 25.1698056], [121.4535523, 25.1700662], [121.4534156, 25.1703495]]}}, {"type": "Feature", "properties": {"county": "新北市", "district": "八里區", "highway": "residential", "name": "竹林路330巷"}, "geometry": {"type": "LineString", "coordinates": [[121.3927724, 25.0826982], [121.3912384, 25.0832398]]}}, {"type": "Feature", "properties": {"county": "新北市", "district": "八里區", "highway": "residential", "name": "竹林路346巷"}, "geometry": {"type": "LineString", "coordinates": [[121.3929752, 25.0832953], [121.3916548, 25.0837076], [121.3914443, 25.0837733]]}}, {"type": "Feature", "properties": {"county": "新北市", "district": "八里區", "highway": "residential", "name": "中北三街"}, "geometry": {"type": "LineString", "coordinates": [[121.3826216, 25.0818884], [121.3819994, 25.0821838]]}}, {"type": "Feature", "properties": {"county": "新北市", "district": "八里區", "highway": "residential", "name": "竹林路278巷"}, "geometry": {"type": "LineString", "coordinates": [[121.3902559, 25.0818386], [121.3908519, 25.0811686], [121.3909615, 25.0810454]]}}, {"type": "Feature", "properties": {"county": "新北市", "district": "八里區", "highway": "residential", "name": "竹林路582巷"}, "geometry": {"type": "LineString", "coordinates": [[121.3854106, 25.0835883], [121.3850771, 25.0830732]]}}, {"type": "Feature", "properties": {"county": "新北市", "district": "八里區", "highway": "residential", "name": "竹林路606巷21弄"}, "geometry": {"type": "LineString", "coordinates": [[121.3847982, 25.0825451], [121.3850771, 25.0830732]]}}, {"type": "Feature", "properties": {"county": "新北市", "district": "八里區", "highway": "residential", "name": "竹林路606巷"}, "geometry": {"type": "LineString", "coordinates": [[121.3850771, 25.0830732], [121.3864248, 25.0824614], [121.3866037, 25.0826355]]}}, {"type": "Feature", "properties": {"county": "新北市", "district": "八里區", "highway": "residential", "name": "佳林路56巷6弄"}, "geometry": {"type": "LineString", "coordinates": [[121.3864248, 25.0824614], [121.3860338, 25.0820053], [121.3857875, 25.0821129], [121.3852334, 25.082355], [121.3847982, 25.0825451]]}}, {"type": "Feature", "properties": {"county": "新北市", "district": "八里區", "highway": "residential", "name": "竹林路358巷"}, "geometry": {"type": "LineString", "coordinates": [[121.3916486, 25.0843107], [121.3925923, 25.0840378], [121.3931003, 25.0838915]]}}, {"type": "Feature", "properties": {"county": "新北市", "district": "八里區", "highway": "residential", "name": "中興路三段45巷"}, "geometry": {"type": "LineString", "coordinates": [[121.4413131, 25.0816987], [121.4411971, 25.081271], [121.4411762, 25.0810831], [121.441164, 25.0808739], [121.4411692, 25.0807113], [121.4411878, 25.0801361], [121.4411928, 25.0800686], [121.4411966, 25.0800172], [121.4412024, 25.0799349], [121.4413207, 25.0797915], [121.4413668, 25.0797098], [121.4414268, 25.0795767], [121.441449, 25.0794835], [121.4414649, 25.0792932], [121.4414701, 25.0792308]]}}, {"type": "Feature", "properties": {"county": "新北市", "district": "八里區", "highway": "residential", "name": "文林一街"}, "geometry": {"type": "LineString", "coordinates": [[121.3775699, 25.0868425], [121.3768778, 25.0857981], [121.376809, 25.0857012], [121.3767931, 25.0856787], [121.3764066, 25.085134]]}}, {"type": "Feature", "properties": {"county": "新北市", "district": "八里區", "highway": "unclassified", "name": null}, "geometry": {"type": "LineString", "coordinates": [[121.4339732, 25.1517946], [121.4338991, 25.151715], [121.4338133, 25.1517053], [121.4334056, 25.1518534], [121.4333828, 25.151942], [121.4333533, 25.1520525], [121.4331709, 25.1521217], [121.4331213, 25.1522273], [121.4331065, 25.1524009], [121.4330743, 25.1525283], [121.4330421, 25.1527031], [121.43293, 25.1529938], [121.4330944, 25.153338], [121.4333616, 25.1537124]]}}, {"type": "Feature", "properties": {"county": "新北市", "district": "八里區", "highway": "tertiary", "name": "御史路"}, "geometry": {"type": "LineString", "coordinates": [[121.4138415, 25.1119773], [121.4137444, 25.112181], [121.4136354, 25.1126294], [121.4136233, 25.1126779], [121.4135831, 25.1127969], [121.4135201, 25.1128844], [121.4134369, 25.1129536], [121.41342, 25.1130013], [121.4134061, 25.1130544], [121.4134134, 25.1131267], [121.4135295, 25.1133543], [121.4135617, 25.1134332], [121.4135415, 25.1134636], [121.413512, 25.1135], [121.4134249, 25.1135729], [121.413331, 25.1136057], [121.4129598, 25.1137249], [121.4128924, 25.1137526], [121.412808, 25.113817], [121.4127704, 25.1139227], [121.4127744, 25.1142201], [121.4127811, 25.1142687], [121.4128147, 25.1143173], [121.4131647, 25.1147095], [121.4132854, 25.1148066], [121.4133303, 25.1148783], [121.41339, 25.1149487], [121.4134436, 25.1150325], [121.413453, 25.1151078], [121.4134463, 25.1151624], [121.4134061, 25.1152814], [121.4133632, 25.1153507], [121.4133189, 25.1154211], [121.4132297, 25.1154889], [121.4129897, 25.1155909], [121.4126697, 25.1156485], [121.4125075, 25.1156891], [121.4123728, 25.115807], [121.4123433, 25.1158702], [121.4122534, 25.116022], [121.4122065, 25.1162442], [121.4121931, 25.1162867], [121.4121408, 25.1163741], [121.4120884, 25.1164846], [121.412089, 25.1165229], [121.4121139, 25.1166], [121.4121381, 25.1166449], [121.4121971, 25.1167323], [121.412248, 25.1168113], [121.4122708, 25.1168319], [121.4122736, 25.1169384], [121.4122655, 25.1169886], [121.4122239, 25.1170456], [121.4120764, 25.1172217], [121.4119825, 25.1173395], [121.4119127, 25.1174753], [121.4119087, 25.1175921], [121.4119101, 25.1177766], [121.4119761, 25.1178861], [121.4120311, 25.1179638], [121.412129, 25.11801], [121.412373, 25.1180391], [121.4124559, 25.1180474], [121.412534, 25.1180683], [121.4125755, 25.1181011], [121.412597, 25.11818], [121.4126131, 25.1182201], [121.412656, 25.1182771], [121.4127955, 25.1183633], [121.4128502, 25.1184181], [121.4128647, 25.1184811], [121.4128666, 25.1186244], [121.4128827, 25.1187847], [121.4128894, 25.1189838], [121.4128987, 25.1190919], [121.4129108, 25.1191466], [121.4129403, 25.1191757], [121.412994, 25.1192012], [121.4131938, 25.1192243], [121.4132394, 25.1192352], [121.4132608, 25.119268], [121.4132635, 25.1193129], [121.4132313, 25.1193882], [121.4131992, 25.119455], [121.4131817, 25.1195011], [121.4131992, 25.1195788], [121.413222, 25.1196468], [121.4133386, 25.1198193], [121.4133708, 25.1199164], [121.4133547, 25.1200087], [121.4133091, 25.1200755], [121.4132126, 25.1201544], [121.4131831, 25.1202054], [121.4131871, 25.1202564], [121.413234, 25.1203038], [121.4133561, 25.1203633], [121.4134794, 25.1204252], [121.4135773, 25.1205029], [121.4136659, 25.1205697], [121.4137396, 25.1206535], [121.4137986, 25.1207797], [121.4137718, 25.1209255], [121.4137671, 25.1210007], [121.4137765, 25.1210523], [121.4138167, 25.1211264], [121.4139522, 25.1213395], [121.4140005, 25.1214367], [121.414038, 25.121572], [121.4140568, 25.1216261], [121.4140823, 25.1216668], [121.4141386, 25.1216977], [121.4145416, 25.1218531], [121.41472, 25.1219418], [121.4150324, 25.1221421], [121.4150807, 25.1222028], [121.4150995, 25.1222538], [121.4150982, 25.1223109], [121.4150485, 25.1223753], [121.4149399, 25.1224287], [121.4147709, 25.1224955], [121.4145872, 25.1225683], [121.4144477, 25.122646], [121.4143096, 25.1227614], [121.414142, 25.1228755], [121.4139911, 25.1229556]]}}, {"type": "Feature", "properties": {"county": "新北市", "district": "八里區", "highway": "residential", "name": "中正東路一段111巷"}, "geometry": {"type": "LineString", "coordinates": [[121.4555012, 25.1605859], [121.4555826, 25.1607315]]}}, {"type": "Feature", "properties": {"county": "新北市", "district": "八里區", "highway": "residential", "name": "中正東路一段111巷"}, "geometry": {"type": "LineString", "coordinates": [[121.4555826, 25.1607315], [121.4555353, 25.1607899], [121.4553547, 25.1611684], [121.4551749, 25.1612777]]}}, {"type": "Feature", "properties": {"county": "新北市", "district": "八里區", "highway": "residential", "name": null}, "geometry": {"type": "LineString", "coordinates": [[121.428929, 25.1487057], [121.4288968, 25.1486474], [121.428524, 25.1486814], [121.4284057, 25.1486599], [121.4282325, 25.1484365], [121.4278182, 25.1477947]]}}, {"type": "Feature", "properties": {"county": "新北市", "district": "八里區", "highway": "unclassified", "name": null}, "geometry": {"type": "LineString", "coordinates": [[121.423724, 25.1500347], [121.4237815, 25.1499967], [121.4238821, 25.1499689], [121.4240668, 25.1499552], [121.4241399, 25.1499095], [121.4242237, 25.1497824], [121.4243287, 25.1496126], [121.4244152, 25.1495531], [121.4245134, 25.1495227], [121.424668, 25.1494991], [121.4248625, 25.1493771], [121.4250529, 25.1493711], [121.4251709, 25.1492703], [121.4253636, 25.1490978], [121.4255685, 25.1489497], [121.4256687, 25.1488362], [121.4257516, 25.1487986], [121.4259139, 25.1487683], [121.4259754, 25.1487284], [121.4260745, 25.1485401], [121.4261207, 25.1485321], [121.426174, 25.148548], [121.4262461, 25.1486322], [121.4262347, 25.1487233], [121.4262691, 25.1487571]]}}, {"type": "Feature", "properties": {"county": "新北市", "district": "八里區", "highway": "residential", "name": null}, "geometry": {"type": "LineString", "coordinates": [[121.4282325, 25.1484365], [121.4284918, 25.1482953], [121.4280693, 25.1475936], [121.4278182, 25.1477947]]}}, {"type": "Feature", "properties": {"county": "新北市", "district": "八里區", "highway": "tertiary", "name": null}, "geometry": {"type": "LineString", "coordinates": [[121.4234905, 25.1124425], [121.4233712, 25.1125375]]}}, {"type": "Feature", "properties": {"county": "新北市", "district": "八里區", "highway": "tertiary", "name": "中直路"}, "geometry": {"type": "LineString", "coordinates": [[121.4302209, 25.1104763], [121.4300774, 25.11065], [121.4299465, 25.1107762], [121.4298039, 25.1109772], [121.4297367, 25.1109985], [121.4296911, 25.1110082], [121.429624, 25.1110024], [121.4295023, 25.1110505], [121.4293718, 25.1110986], [121.4291247, 25.1112353], [121.4289913, 25.1113171], [121.4288328, 25.1114089], [121.4286196, 25.1114784], [121.4284397, 25.1114833], [121.4280563, 25.1114502], [121.4279329, 25.1114405], [121.4277827, 25.1114114], [121.4275977, 25.1113907], [121.4273391, 25.1113832], [121.427072, 25.1114156], [121.4268842, 25.1113986], [121.4265248, 25.111333], [121.4262941, 25.1113476], [121.4260044, 25.111418], [121.4257362, 25.1115176], [121.4254948, 25.1116488], [121.4252561, 25.1117678], [121.4250174, 25.1118722], [121.4248323, 25.1119141], [121.4246392, 25.1119208], [121.4242985, 25.1119936], [121.4241349, 25.1120544], [121.4239069, 25.1121807], [121.4238418, 25.1122332], [121.4237067, 25.1123445], [121.4234905, 25.1124425]]}}, {"type": "Feature", "properties": {"county": "新北市", "district": "八里區", "highway": "residential", "name": "淡金路38巷"}, "geometry": {"type": "LineString", "coordinates": [[121.458386, 25.1615767], [121.4582999, 25.1615401], [121.4578071, 25.1613064], [121.4565816, 25.1608065]]}}, {"type": "Feature", "properties": {"county": "新北市", "district": "八里區", "highway": "residential", "name": null}, "geometry": {"type": "LineString", "coordinates": [[121.438428, 25.0869243], [121.4383436, 25.0870416]]}}, {"type": "Feature", "properties": {"county": "新北市", "district": "八里區", "highway": "residential", "name": null}, "geometry": {"type": "LineString", "coordinates": [[121.4383436, 25.0870416], [121.4383219, 25.0870718]]}}, {"type": "Feature", "properties": {"county": "新北市", "district": "八里區", "highway": "tertiary", "name": "水仙溪橋"}, "geometry": {"type": "LineString", "coordinates": [[121.3915899, 25.1415065], [121.3911259, 25.1418162]]}}, {"type": "Feature", "properties": {"county": "新北市", "district": "八里區", "highway": "tertiary", "name": "訊塘一路"}, "geometry": {"type": "LineString", "coordinates": [[121.3911259, 25.1418162], [121.3909936, 25.1419014], [121.3909139, 25.141954], [121.3908822, 25.1419749], [121.3907741, 25.1420463]]}}, {"type": "Feature", "properties": {"county": "新北市", "district": "八里區", "highway": "secondary", "name": "中湖路"}, "geometry": {"type": "LineString", "coordinates": [[121.3835822, 25.0911596], [121.3832068, 25.0927985], [121.3829295, 25.0940033], [121.3826444, 25.0952392], [121.3825211, 25.0957668], [121.3824504, 25.0960273], [121.3824155, 25.096292], [121.3824115, 25.0965034], [121.3824343, 25.0966303], [121.3824866, 25.096909], [121.3825818, 25.0971665], [121.3826208, 25.0972484], [121.3829532, 25.0979467], [121.383188, 25.0984277], [121.3834217, 25.0988109], [121.3835614, 25.0990581], [121.3837011, 25.0993033], [121.3837742, 25.0994688], [121.383886, 25.0997821], [121.3840665, 25.1002746], [121.3841529, 25.1006336], [121.3842169, 25.1008993], [121.3842574, 25.1010809]]}}, {"type": "Feature", "properties": {"county": "新北市", "district": "八里區", "highway": "secondary", "name": "後湖路"}, "geometry": {"type": "LineString", "coordinates": [[121.3842574, 25.1010809], [121.3843661, 25.1015139], [121.3844374, 25.1016694], [121.3845028, 25.1018688], [121.3845518, 25.1020874], [121.38463, 25.1025158], [121.3846985, 25.1029434], [121.3848381, 25.1040025], [121.3849045, 25.1046498], [121.3849421, 25.1051353], [121.3849668, 25.1056164], [121.3849676, 25.1059454], [121.3849645, 25.1061801], [121.3849575, 25.1064272], [121.3849523, 25.1067729], [121.38494, 25.107072], [121.3849247, 25.1073552], [121.3848987, 25.1076535], [121.3848603, 25.1079564], [121.3848183, 25.1082268], [121.3847763, 25.1084761], [121.3847513, 25.1086789], [121.3847318, 25.1088817], [121.3847267, 25.1090771], [121.3847406, 25.1092691], [121.3847782, 25.1094928], [121.3848292, 25.1097286], [121.3848979, 25.1100614], [121.3849622, 25.1103801], [121.3850346, 25.1107903], [121.3850795, 25.1110177], [121.3851298, 25.1112223], [121.3852039, 25.1114619], [121.3852997, 25.1117594], [121.3853797, 25.1120095], [121.385521, 25.1123973]]}}, {"type": "Feature", "properties": {"county": "新北市", "district": "八里區", "highway": "residential", "name": "永樂街38巷45弄"}, "geometry": {"type": "LineString", "coordinates": [[121.4583724, 25.0897328], [121.456585, 25.0904602], [121.4564906, 25.0904965]]}}, {"type": "Feature", "properties": {"county": "新北市", "district": "八里區", "highway": "tertiary", "name": "凌雲路三段田埔巷"}, "geometry": {"type": "LineString", "coordinates": [[121.4317372, 25.117147], [121.4318006, 25.1171347], [121.4319706, 25.1171235], [121.4322331, 25.1170997], [121.4323719, 25.1171058], [121.4324475, 25.1171375], [121.4325095, 25.1171962], [121.4325199, 25.1172704], [121.4325372, 25.1174158], [121.4325061, 25.1174862], [121.4324638, 25.1175463], [121.4324076, 25.1176552], [121.4324698, 25.1177772], [121.4328156, 25.1182312], [121.4331882, 25.1184157], [121.4334269, 25.1187188], [121.4335585, 25.1189865], [121.4336976, 25.1192696], [121.4338839, 25.1196544], [121.4341663, 25.1197968], [121.434766, 25.1199207], [121.4351619, 25.1199496], [121.4352754, 25.120034], [121.4354181, 25.1202501], [121.4356347, 25.1203514], [121.4356914, 25.1204119], [121.4357049, 25.1205883], [121.4356044, 25.1207983], [121.4355313, 25.1208681], [121.4354443, 25.1209512], [121.4354259, 25.1210379], [121.4354465, 25.1211187], [121.4356073, 25.1212728], [121.4357849, 25.1214256], [121.4358722, 25.1215258], [121.4360265, 25.1215653], [121.4366174, 25.1216444], [121.4369609, 25.1217867], [121.437581, 25.1218052], [121.4376443, 25.1218041], [121.4383204, 25.121792], [121.438725, 25.1220345], [121.4388997, 25.1220898], [121.4395081, 25.1222111], [121.4398746, 25.1224163], [121.4400761, 25.1223992], [121.4403905, 25.1221515]]}}, {"type": "Feature", "properties": {"county": "新北市", "district": "八里區", "highway": "unclassified", "name": null}, "geometry": {"type": "LineString", "coordinates": [[121.3715309, 25.1266749], [121.372034, 25.1268096], [121.3720918, 25.1268112], [121.3726108, 25.1267353], [121.3727076, 25.126925], [121.3727247, 25.1270771], [121.3726953, 25.1271581], [121.3723059, 25.1276106], [121.3722281, 25.1276571]]}}, {"type": "Feature", "properties": {"county": "新北市", "district": "八里區", "highway": "residential", "name": "龍米路二段65巷"}, "geometry": {"type": "LineString", "coordinates": [[121.4480937, 25.1407474], [121.4480204, 25.140739], [121.4479619, 25.140753], [121.4478695, 25.1408534], [121.4477709, 25.1409008], [121.4476014, 25.1409203], [121.4472163, 25.1408924], [121.4471054, 25.1408896], [121.4467665, 25.1410012], [121.4466455, 25.1410479], [121.4465292, 25.1410988], [121.4463813, 25.1412522], [121.4462642, 25.1412941], [121.4461333, 25.1413122], [121.4460054, 25.1413498], [121.4459276, 25.1414014], [121.4458314, 25.1415102], [121.4457436, 25.1415981], [121.4456573, 25.1416553], [121.4455587, 25.1417124], [121.4454909, 25.1417403]]}}, {"type": "Feature", "properties": {"county": "新北市", "district": "八里區", "highway": "residential", "name": "龍米路二段65巷15弄"}, "geometry": {"type": "LineString", "coordinates": [[121.4471054, 25.1408896], [121.4470914, 25.1408188], [121.4471036, 25.1407461], [121.4471392, 25.1406927], [121.4472307, 25.1405768], [121.4474146, 25.1402005], [121.4474085, 25.1401508], [121.4474583, 25.140022]]}}, {"type": "Feature", "properties": {"county": "新北市", "district": "八里區", "highway": "unclassified", "name": null}, "geometry": {"type": "LineString", "coordinates": [[121.3694595, 25.1188297], [121.3710279, 25.120291], [121.3715651, 25.1211004], [121.3720372, 25.1210955], [121.3728724, 25.1207508], [121.3728815, 25.120747], [121.3736074, 25.1204445], [121.3736276, 25.1201081], [121.3734923, 25.1193224], [121.3728113, 25.1187049], [121.3723885, 25.1185407], [121.3717468, 25.1185398], [121.3714251, 25.1183961], [121.3709825, 25.1184617], [121.3694595, 25.1188297], [121.3691733, 25.1188442], [121.3690843, 25.1188297], [121.3689136, 25.1188018], [121.3687521, 25.1188959], [121.368811, 25.1191579], [121.3696531, 25.120269], [121.3700969, 25.120803], [121.3703985, 25.1211224], [121.3707114, 25.1215535], [121.371093, 25.1217464], [121.3715968, 25.1217985], [121.3732414, 25.120792], [121.3736074, 25.1204445]]}}, {"type": "Feature", "properties": {"county": "新北市", "district": "八里區", "highway": "unclassified", "name": null}, "geometry": {"type": "LineString", "coordinates": [[121.3710279, 25.120291], [121.3728113, 25.1187049], [121.3731998, 25.1183108], [121.3734699, 25.1178661], [121.3735443, 25.1175755], [121.3735579, 25.1170982], [121.3741533, 25.1161442], [121.3740106, 25.1158271], [121.3739372, 25.1153849], [121.3739528, 25.11534], [121.3740255, 25.1150389], [121.374152, 25.1148974], [121.3744347, 25.1148772], [121.3745612, 25.1147761], [121.3745264, 25.114401]]}}, {"type": "Feature", "properties": {"county": "新北市", "district": "八里區", "highway": "trunk_link", "name": "五股二交流道"}, "geometry": {"type": "LineString", "coordinates": [[121.4438515, 25.0810754], [121.4447835, 25.0807707], [121.4452722, 25.0806311], [121.4460083, 25.0804257], [121.4465809, 25.080273], [121.4468587, 25.0801555], [121.447144, 25.0799838], [121.4473603, 25.079828], [121.4475838, 25.0796215], [121.4477598, 25.0793998]]}}, {"type": "Feature", "properties": {"county": "新北市", "district": "八里區", "highway": "tertiary", "name": "成子寮橋"}, "geometry": {"type": "LineString", "coordinates": [[121.4544537, 25.1015554], [121.4550951, 25.1008585]]}}, {"type": "Feature", "properties": {"county": "新北市", "district": "八里區", "highway": "tertiary", "name": "疏洪四路"}, "geometry": {"type": "LineString", "coordinates": [[121.4544678, 25.1003751], [121.4550743, 25.1007279], [121.4550944, 25.1007458], [121.455109, 25.1007678], [121.455116, 25.100791], [121.4551143, 25.1008146], [121.4551079, 25.1008363], [121.4550951, 25.1008585]]}}, {"type": "Feature", "properties": {"county": "新北市", "district": "八里區", "highway": "residential", "name": null}, "geometry": {"type": "LineString", "coordinates": [[121.4229342, 25.1118552], [121.4225845, 25.1117042], [121.4223774, 25.1117055], [121.4221884, 25.1117942], [121.42199, 25.1118671], [121.4217669, 25.1119532], [121.4215583, 25.1120467], [121.4214095, 25.1121402], [121.4213289, 25.1121982], [121.4211983, 25.1122638], [121.421107, 25.112289], [121.4210304, 25.1122818], [121.4209775, 25.112271], [121.4209034, 25.1122327], [121.4208611, 25.112198], [121.4208148, 25.1121489], [121.4207487, 25.1120723], [121.4207249, 25.1119921], [121.4207091, 25.111937], [121.4207064, 25.1118556], [121.4207236, 25.1117538], [121.4207553, 25.1116724], [121.4208492, 25.1115491], [121.420918, 25.1114832], [121.4210462, 25.1114294], [121.4212141, 25.1113731], [121.4213146, 25.1113252], [121.4213503, 25.1112665], [121.4213688, 25.1112031], [121.4213424, 25.1111312], [121.4212895, 25.1110558], [121.4212115, 25.110996], [121.4208293, 25.1107247], [121.4207476, 25.1105982], [121.4206361, 25.1104491], [121.4206361, 25.1103196], [121.4206579, 25.1101529], [121.4206628, 25.1100805]]}}, {"type": "Feature", "properties": {"county": "新北市", "district": "八里區", "highway": "residential", "name": null}, "geometry": {"type": "LineString", "coordinates": [[121.4242985, 25.1119936], [121.4241922, 25.1120307], [121.4239642, 25.1119093], [121.4239468, 25.1118316], [121.4238502, 25.1117198], [121.4236812, 25.1115158], [121.4234479, 25.11133], [121.4226712, 25.1110386], [121.4223857, 25.1106804], [121.4221577, 25.1103112], [121.4219968, 25.110163], [121.4217846, 25.1098733], [121.4212431, 25.1093008], [121.4211935, 25.1092085], [121.421172, 25.109163], [121.4211814, 25.1091235], [121.4212351, 25.1091065], [121.4213095, 25.1091382], [121.4213618, 25.1091855], [121.4214771, 25.1092389], [121.4216163, 25.1092602]]}}, {"type": "Feature", "properties": {"county": "新北市", "district": "八里區", "highway": "residential", "name": "民權一街"}, "geometry": {"type": "LineString", "coordinates": [[121.4593899, 25.1362797], [121.4593941, 25.1361006]]}}, {"type": "Feature", "properties": {"county": "新北市", "district": "八里區", "highway": "tertiary", "name": "商港三路"}, "geometry": {"type": "LineString", "coordinates": [[121.4030472, 25.1543991], [121.4015085, 25.1531644], [121.3993524, 25.1514829], [121.3975927, 25.1502312], [121.3975324, 25.1501883], [121.397466, 25.1501505], [121.3963628, 25.1495212], [121.3963363, 25.1495061], [121.396225, 25.1493491]]}}, {"type": "Feature", "properties": {"county": "新北市", "district": "八里區", "highway": "primary", "name": "中山路三段"}, "geometry": {"type": "LineString", "coordinates": [[121.3816545, 25.1404173], [121.3812324, 25.1402197], [121.3799936, 25.1394686], [121.3797597, 25.1393944], [121.378308, 25.139124], [121.3768912, 25.1388644], [121.3764797, 25.1387775]]}}, {"type": "Feature", "properties": {"county": "新北市", "district": "八里區", "highway": "primary", "name": "中山路三段"}, "geometry": {"type": "LineString", "coordinates": [[121.3816953, 25.1403317], [121.3823767, 25.1405153], [121.3833283, 25.1407718], [121.384928, 25.1414034], [121.386228, 25.1419435], [121.3867894, 25.1421471], [121.3872335, 25.1422431], [121.3877191, 25.1423044], [121.3883482, 25.1423011], [121.3888855, 25.1422608], [121.3896062, 25.1421517], [121.3898542, 25.1421141]]}}, {"type": "Feature", "properties": {"county": "新北市", "district": "八里區", "highway": "primary_link", "name": null}, "geometry": {"type": "LineString", "coordinates": [[121.3753032, 25.1389954], [121.3749734, 25.1388433], [121.3746877, 25.1387218], [121.374334, 25.1385813]]}}, {"type": "Feature", "properties": {"county": "新北市", "district": "八里區", "highway": "primary", "name": "中山路三段"}, "geometry": {"type": "LineString", "coordinates": [[121.374334, 25.1385813], [121.3738716, 25.138407], [121.3732896, 25.1382147], [121.372829, 25.1380586], [121.3718889, 25.1377401], [121.3709709, 25.1373298], [121.3709133, 25.1373004], [121.3696461, 25.1366544], [121.3687551, 25.1362323], [121.3686261, 25.136181]]}}, {"type": "Feature", "properties": {"county": "新北市", "district": "八里區", "highway": "unclassified", "name": null}, "geometry": {"type": "LineString", "coordinates": [[121.4486936, 25.169614], [121.4487002, 25.1697299], [121.448781, 25.1698546], [121.4488804, 25.1699711], [121.4489505, 25.1700226], [121.4490206, 25.1700547]]}}, {"type": "Feature", "properties": {"county": "新北市", "district": "八里區", "highway": "unclassified", "name": "馬偕街"}, "geometry": {"type": "LineString", "coordinates": [[121.4353605, 25.1734308], [121.4354168, 25.1735115]]}}, {"type": "Feature", "properties": {"county": "新北市", "district": "八里區", "highway": "unclassified", "name": "博物館路202巷"}, "geometry": {"type": "LineString", "coordinates": [[121.4048718, 25.156261], [121.4049172, 25.1562189], [121.4049963, 25.1561468]]}}, {"type": "Feature", "properties": {"county": "新北市", "district": "八里區", "highway": "residential", "name": "龍形一街19巷"}, "geometry": {"type": "LineString", "coordinates": [[121.4501284, 25.1300747], [121.4501023, 25.1301911], [121.4499924, 25.1304643]]}}, {"type": "Feature", "properties": {"county": "新北市", "district": "八里區", "highway": "secondary_link", "name": "迴轉道"}, "geometry": {"type": "LineString", "coordinates": [[121.441107, 25.0828926], [121.4411082, 25.0829425], [121.4410935, 25.0829705], [121.4410083, 25.0830264], [121.4409801, 25.08303], [121.4409486, 25.0830275], [121.4408927, 25.0829998]]}}, {"type": "Feature", "properties": {"county": "新北市", "district": "八里區", "highway": "secondary_link", "name": "迴轉道"}, "geometry": {"type": "LineString", "coordinates": [[121.4410931, 25.0832927], [121.4410543, 25.0832104], [121.4410465, 25.0831842], [121.4410479, 25.0831417], [121.4410841, 25.0830992], [121.4411464, 25.0830895], [121.4412095, 25.0831162], [121.4412918, 25.0831755]]}}, {"type": "Feature", "properties": {"county": "新北市", "district": "八里區", "highway": "trunk_link", "name": "八里一交流道"}, "geometry": {"type": "LineString", "coordinates": [[121.4127846, 25.1668657], [121.4117518, 25.1660536]]}}, {"type": "Feature", "properties": {"county": "新北市", "district": "八里區", "highway": "trunk_link", "name": "八里一交流道"}, "geometry": {"type": "LineString", "coordinates": [[121.4119928, 25.1658032], [121.4125071, 25.1661954], [121.4130489, 25.166603]]}}, {"type": "Feature", "properties": {"county": "新北市", "district": "八里區", "highway": "trunk_link", "name": "八里二交流道"}, "geometry": {"type": "LineString", "coordinates": [[121.4006406, 25.1567761], [121.4017555, 25.1578076], [121.4031352, 25.1591412]]}}, {"type": "Feature", "properties": {"county": "新北市", "district": "八里區", "highway": "trunk_link", "name": "八里二交流道"}, "geometry": {"type": "LineString", "coordinates": [[121.4030683, 25.1592134], [121.4020823, 25.15848], [121.4006418, 25.1571412], [121.4004405, 25.156954]]}}, {"type": "Feature", "properties": {"county": "新北市", "district": "八里區", "highway": "trunk_link", "name": "八里二交流道"}, "geometry": {"type": "LineString", "coordinates": [[121.3934933, 25.1494751], [121.3934961, 25.1496068], [121.3935181, 25.1497324], [121.3935492, 25.149839], [121.3935891, 25.1499302], [121.3936387, 25.1500177], [121.393702, 25.1501106], [121.3937789, 25.1502034], [121.3938627, 25.1502829], [121.3947759, 25.1510217], [121.3949962, 25.1511945], [121.3951552, 25.1513309], [121.395283, 25.1514611], [121.3953974, 25.1515931], [121.3954831, 25.1517082], [121.395612, 25.1519009], [121.395709, 25.1520828], [121.3958275, 25.1523617], [121.3959065, 25.1525247], [121.3959594, 25.1526182], [121.3960119, 25.1526962], [121.3960648, 25.1527635], [121.3961162, 25.152822], [121.3961833, 25.1528871], [121.396294, 25.1529807], [121.3966763, 25.1532869], [121.3972666, 25.1537632], [121.3979114, 25.1543161]]}}, {"type": "Feature", "properties": {"county": "新北市", "district": "八里區", "highway": "trunk_link", "name": "八里二交流道"}, "geometry": {"type": "LineString", "coordinates": [[121.3977358, 25.1544811], [121.3969905, 25.1539538], [121.3964158, 25.1535049], [121.3961788, 25.1533002], [121.3961391, 25.1532654], [121.396104, 25.1532348], [121.396065, 25.1531934], [121.3960357, 25.1531558], [121.3960164, 25.153126], [121.3959935, 25.1530874], [121.3959674, 25.1530258], [121.3959507, 25.1529796], [121.3958473, 25.1526126], [121.395783, 25.1524272], [121.3956932, 25.1522082], [121.3955756, 25.1519574], [121.3954253, 25.1517306], [121.3952777, 25.1515424], [121.3950683, 25.1513299], [121.3937327, 25.1502593], [121.3936076, 25.15015], [121.3935048, 25.1500466], [121.3934223, 25.1499368], [121.3933589, 25.1498455], [121.3933244, 25.1497792], [121.39329, 25.1496935]]}}, {"type": "Feature", "properties": {"county": "新北市", "district": "八里區", "highway": "trunk", "name": "淡江大橋"}, "geometry": {"type": "LineString", "coordinates": [[121.4138811, 25.1673826], [121.4144772, 25.1678437], [121.4150432, 25.1683123], [121.415479, 25.1687431], [121.4156413, 25.1689495], [121.4158317, 25.1691922], [121.4160842, 25.1695574], [121.4162783, 25.1699254], [121.4164259, 25.1702409], [121.4165712, 25.1705817], [121.4166523, 25.17084], [121.417006, 25.1721103], [121.4174227, 25.173553], [121.417748, 25.174591], [121.4180049, 25.175398], [121.418112, 25.1758521], [121.4183624, 25.1770111], [121.4185059, 25.177618], [121.4185297, 25.1777078], [121.418546, 25.1777624]]}}, {"type": "Feature", "properties": {"county": "新北市", "district": "八里區", "highway": "trunk", "name": "西部濱海快速公路"}, "geometry": {"type": "LineString", "coordinates": [[121.4085547, 25.1634132], [121.4037205, 25.1597295], [121.4030683, 25.1592134], [121.4022397, 25.1585208], [121.4018465, 25.1581608], [121.4010935, 25.1574562], [121.3999053, 25.1563679], [121.3986806, 25.1552384]]}}, {"type": "Feature", "properties": {"county": "新北市", "district": "八里區", "highway": "unclassified", "name": null}, "geometry": {"type": "LineString", "coordinates": [[121.3943154, 25.0816118], [121.3941608, 25.0810433]]}}, {"type": "Feature", "properties": {"county": "新北市", "district": "八里區", "highway": "unclassified", "name": "林蔭大道"}, "geometry": {"type": "LineString", "coordinates": [[121.3944945, 25.0815784], [121.3943154, 25.0816118]]}}, {"type": "Feature", "properties": {"county": "新北市", "district": "八里區", "highway": "residential", "name": "大智街46巷6弄"}, "geometry": {"type": "LineString", "coordinates": [[121.4429432, 25.1741782], [121.4429086, 25.1739768]]}}, {"type": "Feature", "properties": {"county": "新北市", "district": "八里區", "highway": "residential", "name": "46巷6弄"}, "geometry": {"type": "LineString", "coordinates": [[121.4428937, 25.1739223], [121.4429086, 25.1739768]]}}, {"type": "Feature", "properties": {"county": "新北市", "district": "八里區", "highway": "residential", "name": "46巷6弄"}, "geometry": {"type": "LineString", "coordinates": [[121.4428937, 25.1739223], [121.4430251, 25.1739799]]}}, {"type": "Feature", "properties": {"county": "新北市", "district": "八里區", "highway": "unclassified", "name": "八勢一街"}, "geometry": {"type": "LineString", "coordinates": [[121.4613285, 25.1549772], [121.4613055, 25.1549566], [121.4612825, 25.1549359], [121.4612642, 25.1549149], [121.4612342, 25.1548832], [121.461214, 25.1548595], [121.4611724, 25.154806], [121.4611621, 25.1547928], [121.4610224, 25.1546132], [121.4609365, 25.1544954], [121.4607711, 25.1543958], [121.4606536, 25.154317], [121.4606034, 25.1542723], [121.4605846, 25.1542556], [121.4605704, 25.1542429], [121.4605087, 25.1541167], [121.4604765, 25.1540256], [121.4605005, 25.1539175], [121.4606217, 25.1536466], [121.4607178, 25.1533906]]}}, {"type": "Feature", "properties": {"county": "新北市", "district": "八里區", "highway": "residential", "name": null}, "geometry": {"type": "LineString", "coordinates": [[121.4606455, 25.1576133], [121.4607421, 25.1575626], [121.4609916, 25.1573428]]}}, {"type": "Feature", "properties": {"county": "新北市", "district": "八里區", "highway": "residential", "name": null}, "geometry": {"type": "LineString", "coordinates": [[121.4597627, 25.1584868], [121.4596737, 25.158575], [121.4595909, 25.1586747]]}}, {"type": "Feature", "properties": {"county": "新北市", "district": "八里區", "highway": "residential", "name": null}, "geometry": {"type": "LineString", "coordinates": [[121.4435567, 25.1717817], [121.4435184, 25.1715734]]}}, {"type": "Feature", "properties": {"county": "新北市", "district": "八里區", "highway": "unclassified", "name": null}, "geometry": {"type": "LineString", "coordinates": [[121.4351775, 25.1567985], [121.435194, 25.1566847], [121.4352108, 25.1565724], [121.4351805, 25.1565087], [121.4351135, 25.1564152], [121.4350813, 25.1563533], [121.4350813, 25.1562659], [121.4351021, 25.1561749], [121.4351403, 25.1560814], [121.4351779, 25.1560037], [121.4352335, 25.1559551], [121.4352838, 25.1559456], [121.4353509, 25.1559692], [121.4354105, 25.1559948], [121.4354494, 25.1559679], [121.4354568, 25.1559309], [121.4354716, 25.1558507], [121.4354407, 25.1557682], [121.4353938, 25.1556936], [121.4353817, 25.1556056], [121.4353931, 25.1555151], [121.43543, 25.1553433], [121.4354515, 25.1552025], [121.4354975, 25.1550872], [121.4355809, 25.1549299], [121.4356947, 25.1547532], [121.435837, 25.1545545], [121.4359503, 25.1544233], [121.436089, 25.1542969], [121.4362069, 25.1541976], [121.4363208, 25.1540761], [121.4363815, 25.1539901], [121.4364415, 25.1539118], [121.4365202, 25.1536908], [121.4365302, 25.1536066], [121.4365013, 25.1535227], [121.4363276, 25.1534165], [121.4361708, 25.1533164], [121.4360794, 25.1531955], [121.4359936, 25.153034], [121.4358675, 25.1527536], [121.4357871, 25.1525351], [121.4357104, 25.152277], [121.4356637, 25.1520888], [121.4355819, 25.151882], [121.4355121, 25.1517205], [121.4354545, 25.151604], [121.4353003, 25.1513788], [121.435197, 25.1512732], [121.4350481, 25.1510116], [121.4349851, 25.1508538], [121.4349542, 25.150764], [121.4348939, 25.150483], [121.4348362, 25.150424], [121.4347183, 25.1503435], [121.4344909, 25.1501904], [121.4343796, 25.1501448], [121.4342883, 25.1501212], [121.4341308, 25.150106], [121.4340799, 25.1500981], [121.4340181, 25.1500727], [121.43388, 25.1499985], [121.4337191, 25.1498972], [121.4335474, 25.1498049], [121.4334542, 25.1497308], [121.4334086, 25.1496629], [121.4334039, 25.1495961], [121.4334093, 25.1495166], [121.4334253, 25.149428], [121.4334563, 25.1493709], [121.4336493, 25.1490945], [121.4338092, 25.1489151], [121.4339286, 25.1486917], [121.4339534, 25.1485575], [121.4339273, 25.1484799], [121.4338522, 25.1484503], [121.4336201, 25.1485061], [121.4334919, 25.1485244], [121.4333218, 25.1485284], [121.4331513, 25.1485466], [121.433029, 25.1485724], [121.4326841, 25.1486034], [121.4325332, 25.1485897], [121.4323775, 25.1485438], [121.4322088, 25.1484664], [121.4321297, 25.1484009], [121.4320418, 25.148325], [121.4319703, 25.1482395], [121.4318454, 25.1481477], [121.4314471, 25.147911], [121.4313186, 25.1478007], [121.4311388, 25.1475006], [121.4308623, 25.1470169], [121.4304565, 25.1466611], [121.4303849, 25.1466388], [121.4303161, 25.146615], [121.4302039, 25.1465962], [121.4300778, 25.1465756], [121.4300054, 25.1465538], [121.4299444, 25.1465264], [121.4298754, 25.1462217], [121.4297427, 25.145862]]}}, {"type": "Feature", "properties": {"county": "新北市", "district": "八里區", "highway": "residential", "name": "清水街"}, "geometry": {"type": "LineString", "coordinates": [[121.4414162, 25.1702185], [121.441258, 25.1701991], [121.4412053, 25.1702425], [121.4411926, 25.1702951], [121.441182, 25.1703388], [121.4410872, 25.1704245], [121.4409298, 25.1705406], [121.4404767, 25.1709242], [121.4404502, 25.1709754], [121.4403922, 25.1710877], [121.440259, 25.1713912], [121.4402012, 25.1716786], [121.4401546, 25.1719121], [121.4401585, 25.1719314], [121.440233, 25.1719439], [121.4402558, 25.1719694], [121.4402572, 25.1721114], [121.4402678, 25.1721913], [121.4403784, 25.1722697]]}}, {"type": "Feature", "properties": {"county": "新北市", "district": "八里區", "highway": "unclassified", "name": null}, "geometry": {"type": "LineString", "coordinates": [[121.4377938, 25.1337686], [121.4377683, 25.1336268], [121.4377529, 25.1334614], [121.4378957, 25.1332808], [121.4380531, 25.1331408], [121.4381508, 25.133081], [121.4382567, 25.1330949], [121.438366, 25.1330452], [121.4384588, 25.1329569], [121.4384905, 25.1328505], [121.4385952, 25.1327892], [121.4387168, 25.1327809], [121.4388134, 25.132743], [121.4388489, 25.1326479], [121.4389252, 25.132562], [121.4389997, 25.1324547], [121.4391307, 25.1323881], [121.4392718, 25.1323584], [121.4394041, 25.1322636], [121.4394697, 25.1321504], [121.4395748, 25.132079], [121.4397121, 25.1320702], [121.4398521, 25.1320961], [121.4400281, 25.1320416], [121.4401571, 25.1320063], [121.4402958, 25.1320152], [121.4405299, 25.1320821], [121.4406998, 25.1320962], [121.4409053, 25.1320595], [121.4411277, 25.1321547], [121.4413656, 25.1321638], [121.4415837, 25.13211], [121.4418283, 25.1321212], [121.442123, 25.1320258], [121.4423397, 25.1319455], [121.4425862, 25.1318813], [121.4429066, 25.1318199], [121.44315, 25.1317753], [121.4434955, 25.1315717], [121.4438591, 25.1313764], [121.4441532, 25.1312425], [121.4442733, 25.1311421], [121.4444212, 25.131117], [121.444566, 25.1311114], [121.444794, 25.1310947], [121.4449758, 25.1311086], [121.4451545, 25.1311895], [121.4452721, 25.1312035], [121.445494, 25.1311282], [121.4457405, 25.1310975], [121.4459309, 25.1310937], [121.4461194, 25.1310713], [121.4463264, 25.131075], [121.4465118, 25.1311304], [121.4466891, 25.1312117], [121.4468453, 25.1312796], [121.4469942, 25.1313332], [121.4471186, 25.1313429], [121.4472032, 25.1313122]]}}, {"type": "Feature", "properties": {"county": "新北市", "district": "八里區", "highway": "residential", "name": "成洲七路"}, "geometry": {"type": "LineString", "coordinates": [[121.4539102, 25.1056444], [121.4540632, 25.1053356], [121.4542555, 25.1050734], [121.4544344, 25.1047608], [121.454577, 25.1044434], [121.4546745, 25.1040789], [121.4547157, 25.1037278], [121.4547259, 25.1032911]]}}, {"type": "Feature", "properties": {"county": "新北市", "district": "八里區", "highway": "trunk", "name": "西部濱海快速公路"}, "geometry": {"type": "LineString", "coordinates": [[121.3987574, 25.1551761], [121.3999793, 25.1562913], [121.4011665, 25.1573853], [121.4022943, 25.1584609], [121.4031352, 25.1591412], [121.4037799, 25.1596599], [121.4085997, 25.1633687]]}}, {"type": "Feature", "properties": {"county": "新北市", "district": "八里區", "highway": "trunk_link", "name": "八里二交流道"}, "geometry": {"type": "LineString", "coordinates": [[121.3850003, 25.1449265], [121.386159, 25.1453282]]}}, {"type": "Feature", "properties": {"county": "新北市", "district": "八里區", "highway": "trunk_link", "name": "八里二交流道"}, "geometry": {"type": "LineString", "coordinates": [[121.3856408, 25.1453721], [121.3853076, 25.1452287], [121.3846611, 25.1449877], [121.3838774, 25.1447475], [121.3834758, 25.1446264], [121.3827423, 25.1443999]]}}, {"type": "Feature", "properties": {"county": "新北市", "district": "八里區", "highway": "trunk", "name": "西部濱海快速公路"}, "geometry": {"type": "LineString", "coordinates": [[121.3986806, 25.1552384], [121.3980268, 25.1546355], [121.3971543, 25.1538803], [121.3933317, 25.1508234], [121.3928987, 25.1504793], [121.3924149, 25.1500971], [121.3912429, 25.149153], [121.3894078, 25.1476589], [121.3889623, 25.1473067], [121.3883375, 25.146828], [121.3879632, 25.146568], [121.3873739, 25.1461661], [121.3868218, 25.1458417], [121.3862208, 25.1455303], [121.385836, 25.1453559], [121.3854281, 25.1451877], [121.3848934, 25.1449965], [121.3843351, 25.1448201]]}}, {"type": "Feature", "properties": {"county": "新北市", "district": "八里區", "highway": "tertiary", "name": "商港路"}, "geometry": {"type": "LineString", "coordinates": [[121.3927132, 25.150078], [121.3927375, 25.1499359]]}}, {"type": "Feature", "properties": {"county": "新北市", "district": "八里區", "highway": "tertiary", "name": "臨港大道"}, "geometry": {"type": "LineString", "coordinates": [[121.3927132, 25.150078], [121.3928024, 25.1501404]]}}, {"type": "Feature", "properties": {"county": "新北市", "district": "八里區", "highway": "tertiary", "name": "商港路"}, "geometry": {"type": "LineString", "coordinates": [[121.3928024, 25.1501404], [121.3927002, 25.1502875]]}}, {"type": "Feature", "properties": {"county": "新北市", "district": "八里區", "highway": "tertiary", "name": "臨港大道"}, "geometry": {"type": "LineString", "coordinates": [[121.4004095, 25.156543], [121.4001961, 25.1563457], [121.4000751, 25.1562339], [121.3981748, 25.1544794], [121.3974228, 25.1538365], [121.3964395, 25.1530536], [121.39616, 25.1528295], [121.3960728, 25.1527562], [121.395745, 25.1524835], [121.3928024, 25.1501404]]}}, {"type": "Feature", "properties": {"county": "新北市", "district": "八里區", "highway": "trunk_link", "name": "八里二交流道"}, "geometry": {"type": "LineString", "coordinates": [[121.389636, 25.1485095], [121.389632, 25.1484001], [121.3896173, 25.1483102], [121.3895802, 25.1481982], [121.3895405, 25.1481178], [121.3894914, 25.1480291], [121.3894075, 25.1479137], [121.3892714, 25.1477663], [121.3891292, 25.147632], [121.3889656, 25.1474857], [121.3887775, 25.1473278], [121.3885633, 25.1471541], [121.3882404, 25.1469104], [121.3875444, 25.1464183], [121.3871122, 25.1460946]]}}, {"type": "Feature", "properties": {"county": "新北市", "district": "八里區", "highway": "residential", "name": "中正東路一段72巷"}, "geometry": {"type": "LineString", "coordinates": [[121.4526214, 25.1611127], [121.4525179, 25.1609999]]}}, {"type": "Feature", "properties": {"county": "新北市", "district": "八里區", "highway": "residential", "name": "中正東路一段72巷"}, "geometry": {"type": "LineString", "coordinates": [[121.4524966, 25.1609805], [121.4524158, 25.1608814], [121.4524674, 25.1605226], [121.4527088, 25.16025], [121.4529294, 25.1600916]]}}, {"type": "Feature", "properties": {"county": "新北市", "district": "八里區", "highway": "residential", "name": null}, "geometry": {"type": "LineString", "coordinates": [[121.4307475, 25.1194307], [121.4308333, 25.1194963], [121.4309554, 25.1197075], [121.4310171, 25.119863], [121.4310537, 25.1199583], [121.4311898, 25.1200631]]}}, {"type": "Feature", "properties": {"county": "新北市", "district": "八里區", "highway": "unclassified", "name": "凌雲路三段"}, "geometry": {"type": "LineString", "coordinates": [[121.4226971, 25.1279052], [121.422882, 25.1276859], [121.4229642, 25.1275436], [121.4230335, 25.1274859], [121.4230844, 25.1275126], [121.4231257, 25.1276039], [121.423143, 25.1276331]]}}, {"type": "Feature", "properties": {"county": "新北市", "district": "八里區", "highway": "residential", "name": "芳洲二路"}, "geometry": {"type": "LineString", "coordinates": [[121.4444315, 25.085216], [121.4442475, 25.0858178], [121.4441532, 25.0861459], [121.4444618, 25.0865458], [121.4448648, 25.0871262], [121.4452592, 25.0877047], [121.4457543, 25.0884013], [121.4458181, 25.0884754], [121.4459155, 25.0885111], [121.4463191, 25.0885121]]}}, {"type": "Feature", "properties": {"county": "新北市", "district": "八里區", "highway": "residential", "name": "芳洲九路"}, "geometry": {"type": "LineString", "coordinates": [[121.4470393, 25.0877833], [121.4470472, 25.0892258]]}}, {"type": "Feature", "properties": {"county": "新北市", "district": "八里區", "highway": "unclassified", "name": "疏洪北路"}, "geometry": {"type": "LineString", "coordinates": [[121.4485531, 25.0931973], [121.4487058, 25.0929598], [121.4487307, 25.0928586], [121.4487398, 25.0928219], [121.4486022, 25.092515], [121.4485352, 25.0923449], [121.4483602, 25.0918798], [121.4481272, 25.0912268], [121.4480275, 25.0908145], [121.4478961, 25.0901915], [121.4477345, 25.0892161], [121.447695, 25.0887607], [121.4476735, 25.0884061], [121.4476654, 25.0880785], [121.4476706, 25.0876073], [121.4476842, 25.0868927], [121.4476798, 25.0864509], [121.4477093, 25.0860987], [121.4477442, 25.085744], [121.447753, 25.0856697], [121.4477833, 25.0854119]]}}, {"type": "Feature", "properties": {"county": "新北市", "district": "八里區", "highway": "residential", "name": "成洲三路"}, "geometry": {"type": "LineString", "coordinates": [[121.4506428, 25.0990298], [121.4513002, 25.0987356]]}}, {"type": "Feature", "properties": {"county": "新北市", "district": "八里區", "highway": "unclassified", "name": "凌雲路三段"}, "geometry": {"type": "LineString", "coordinates": [[121.4232145, 25.1249647], [121.4233254, 25.1250605], [121.4234101, 25.1251202], [121.4234602, 25.1251609], [121.4235233, 25.125227], [121.4235193, 25.1253361], [121.4234503, 25.1255569], [121.4234503, 25.1258119], [121.4235163, 25.1260568], [121.4235444, 25.1262911], [121.4235811, 25.1265157], [121.4236863, 25.1267002], [121.4238058, 25.1269521], [121.4237528, 25.1271572], [121.4237312, 25.1272404], [121.4236512, 25.1274847], [121.4236544, 25.1275093], [121.4236667, 25.1276022], [121.423712, 25.1277673], [121.4238026, 25.1278865], [121.4239244, 25.1280291], [121.4240772, 25.1281277], [121.4242701, 25.1282875], [121.4242758, 25.1283214], [121.4242737, 25.1283588], [121.4242638, 25.1283797], [121.4242545, 25.1283992], [121.4242008, 25.1284101], [121.4241118, 25.1284133], [121.4239994, 25.1283986], [121.4238701, 25.1283295], [121.423733, 25.1282466], [121.4235901, 25.1281601], [121.4233828, 25.1279525], [121.423143, 25.1276331]]}}, {"type": "Feature", "properties": {"county": "新北市", "district": "八里區", "highway": "unclassified", "name": "凌雲路三段"}, "geometry": {"type": "LineString", "coordinates": [[121.423143, 25.1276331], [121.4230751, 25.127598], [121.4229792, 25.1276755], [121.4228218, 25.1278333], [121.4226971, 25.1279052]]}}, {"type": "Feature", "properties": {"county": "新北市", "district": "八里區", "highway": "residential", "name": null}, "geometry": {"type": "LineString", "coordinates": [[121.4194626, 25.1258779], [121.4195931, 25.1258449], [121.4196568, 25.1258513], [121.4197162, 25.1258746], [121.4198243, 25.1259452], [121.4198618, 25.1259511], [121.4200039, 25.1259779]]}}, {"type": "Feature", "properties": {"county": "新北市", "district": "八里區", "highway": "secondary", "name": "粉寮路二段"}, "geometry": {"type": "LineString", "coordinates": [[121.4014627, 25.0851671], [121.4011363, 25.0849461], [121.401072, 25.0848895], [121.4009901, 25.084832], [121.4007505, 25.0843523], [121.4006231, 25.0840778], [121.4005172, 25.0838002], [121.4004782, 25.0836163]]}}, {"type": "Feature", "properties": {"county": "新北市", "district": "八里區", "highway": "secondary", "name": "粉寮路二段"}, "geometry": {"type": "LineString", "coordinates": [[121.4005762, 25.0835978], [121.4006136, 25.0837556], [121.4007263, 25.084044], [121.4010815, 25.084771], [121.4011946, 25.0849073], [121.4014627, 25.0851671]]}}, {"type": "Feature", "properties": {"county": "新北市", "district": "八里區", "highway": "secondary", "name": "粉寮路一段"}, "geometry": {"type": "LineString", "coordinates": [[121.4004782, 25.0836163], [121.4003495, 25.0828292], [121.4003119, 25.0826931], [121.4002529, 25.082562], [121.3995824, 25.0816631], [121.3993302, 25.0813959], [121.3988313, 25.0809538], [121.3983145, 25.080575], [121.3977907, 25.080191], [121.3977371, 25.0801512], [121.3975332, 25.079982], [121.3972864, 25.0796662], [121.3972567, 25.0796148], [121.397222, 25.0795545], [121.3971684, 25.0794184], [121.3969356, 25.0786788], [121.3968148, 25.0783174], [121.3968103, 25.0781362]]}}, {"type": "Feature", "properties": {"county": "新北市", "district": "八里區", "highway": "unclassified", "name": "東林街"}, "geometry": {"type": "LineString", "coordinates": [[121.3924322, 25.0812328], [121.3922177, 25.0813779], [121.3913904, 25.0818729], [121.3913351, 25.0818985], [121.3906166, 25.0822373]]}}, {"type": "Feature", "properties": {"county": "新北市", "district": "八里區", "highway": "unclassified", "name": "東林橋"}, "geometry": {"type": "LineString", "coordinates": [[121.3936818, 25.0804633], [121.3924322, 25.0812328]]}}, {"type": "Feature", "properties": {"county": "新北市", "district": "八里區", "highway": "unclassified", "name": "南堤聯外道路"}, "geometry": {"type": "LineString", "coordinates": [[121.3665536, 25.1400343], [121.365668, 25.1417019]]}}, {"type": "Feature", "properties": {"county": "新北市", "district": "八里區", "highway": "unclassified", "name": null}, "geometry": {"type": "LineString", "coordinates": [[121.4275969, 25.1221042], [121.4275825, 25.122232], [121.4276335, 25.1222745], [121.4277233, 25.1223024], [121.4278199, 25.1222903], [121.427962, 25.1222308], [121.4280519, 25.1221494]]}}, {"type": "Feature", "properties": {"county": "新北市", "district": "八里區", "highway": "unclassified", "name": "凌雲路三段84巷"}, "geometry": {"type": "LineString", "coordinates": [[121.4280519, 25.1221494], [121.4280693, 25.1221191], [121.4282207, 25.1218932], [121.4283349, 25.1216479], [121.4283992, 25.1214949], [121.4285159, 25.1214124], [121.4286192, 25.1214172], [121.4287144, 25.1214464], [121.4288405, 25.1214561], [121.4290534, 25.1214389], [121.4291949, 25.121361], [121.4294973, 25.1210435], [121.4294933, 25.1206702], [121.4295192, 25.120604], [121.4295751, 25.1205707], [121.4296651, 25.1205438], [121.4299968, 25.1205463], [121.4301357, 25.1205743], [121.4302389, 25.1206234], [121.4303036, 25.1206474], [121.4303224, 25.1206947], [121.4304095, 25.1207615], [121.4306201, 25.120906], [121.4306872, 25.1210614], [121.4307368, 25.1211477], [121.4308411, 25.1211948], [121.4308977, 25.1212108], [121.4309326, 25.1216479], [121.4308615, 25.1219309], [121.4308921, 25.1221941], [121.4309178, 25.122493], [121.4309259, 25.1225963], [121.4309755, 25.1226885], [121.4310439, 25.1227772], [121.4311187, 25.1228304], [121.4312596, 25.1227624], [121.431326, 25.1227216], [121.4314677, 25.1226643], [121.4315977, 25.1226748], [121.431756, 25.122627], [121.4318729, 25.1224938]]}}, {"type": "Feature", "properties": {"county": "新北市", "district": "八里區", "highway": "residential", "name": null}, "geometry": {"type": "LineString", "coordinates": [[121.4279919, 25.12232], [121.427958, 25.1223765], [121.4279419, 25.12251], [121.4278242, 25.1225583]]}}, {"type": "Feature", "properties": {"county": "新北市", "district": "八里區", "highway": "unclassified", "name": null}, "geometry": {"type": "LineString", "coordinates": [[121.4319618, 25.1248609], [121.4319778, 25.1249542], [121.4319674, 25.1250378], [121.4319345, 25.1251488], [121.4319961, 25.1250611], [121.4320732, 25.1248661], [121.4321503, 25.1247309], [121.4322965, 25.1245293], [121.432448, 25.1243338], [121.4325017, 25.1241711], [121.4322603, 25.1239987], [121.4322022, 25.1238962], [121.4321586, 25.1237931], [121.4321477, 25.1236545], [121.4321423, 25.1234499], [121.4320832, 25.1233746], [121.4320787, 25.1233133], [121.4320886, 25.1230771], [121.4320631, 25.122963], [121.4320121, 25.1228695], [121.4320408, 25.1226374], [121.4318729, 25.1224938], [121.4319, 25.1223714], [121.4320271, 25.1222289], [121.4321782, 25.1221742], [121.4323833, 25.12218], [121.4323935, 25.1221778]]}}, {"type": "Feature", "properties": {"county": "新北市", "district": "八里區", "highway": "residential", "name": null}, "geometry": {"type": "LineString", "coordinates": [[121.4319849, 25.1252461], [121.4318742, 25.1253005], [121.4318191, 25.1252977]]}}, {"type": "Feature", "properties": {"county": "新北市", "district": "八里區", "highway": "unclassified", "name": null}, "geometry": {"type": "LineString", "coordinates": [[121.4323985, 25.125779], [121.432374, 25.1258999], [121.4323736, 25.12602], [121.4323743, 25.126136], [121.4324352, 25.1263129], [121.4325499, 25.1265], [121.4325883, 25.1265865], [121.43263, 25.1267617], [121.4326266, 25.126938], [121.4326463, 25.1269705], [121.4326796, 25.1269636], [121.4327316, 25.1269102], [121.4328129, 25.1268001], [121.4328816, 25.1267383], [121.4329148, 25.1267309], [121.4329394, 25.126751], [121.4329109, 25.1268367], [121.4328716, 25.1269601], [121.4328356, 25.1271835]]}}, {"type": "Feature", "properties": {"county": "新北市", "district": "八里區", "highway": "trunk_link", "name": "五股二交流道"}, "geometry": {"type": "LineString", "coordinates": [[121.4423022, 25.0816964], [121.4414615, 25.0819401], [121.4413416, 25.0820307]]}}, {"type": "Feature", "properties": {"county": "新北市", "district": "八里區", "highway": "secondary", "name": "中興路三段"}, "geometry": {"type": "LineString", "coordinates": [[121.441306, 25.082042], [121.4411487, 25.0820836]]}}, {"type": "Feature", "properties": {"county": "新北市", "district": "八里區", "highway": "secondary", "name": "中興路三段"}, "geometry": {"type": "LineString", "coordinates": [[121.4411487, 25.0820836], [121.440876, 25.0821505], [121.4406531, 25.0821641]]}}, {"type": "Feature", "properties": {"county": "新北市", "district": "八里區", "highway": "secondary", "name": "中興路三段"}, "geometry": {"type": "LineString", "coordinates": [[121.441117, 25.0819226], [121.4412923, 25.0818717]]}}, {"type": "Feature", "properties": {"county": "新北市", "district": "八里區", "highway": "secondary", "name": "中興路三段"}, "geometry": {"type": "LineString", "coordinates": [[121.4412923, 25.0818717], [121.4421072, 25.0816355], [121.4447599, 25.0809172], [121.4451306, 25.0808169], [121.4453357, 25.0807613]]}}, {"type": "Feature", "properties": {"county": "新北市", "district": "八里區", "highway": "secondary", "name": "中興路三段"}, "geometry": {"type": "LineString", "coordinates": [[121.4412758, 25.0817102], [121.4413131, 25.0816987], [121.442034, 25.0814766], [121.4420762, 25.0814652], [121.4425047, 25.081349], [121.4429811, 25.0812184], [121.443719, 25.0810228], [121.4438145, 25.0809975], [121.4456785, 25.080462], [121.4459266, 25.0804009], [121.446049, 25.0803708], [121.4464607, 25.0802554]]}}, {"type": "Feature", "properties": {"county": "新北市", "district": "八里區", "highway": "secondary_link", "name": null}, "geometry": {"type": "LineString", "coordinates": [[121.4409194, 25.081783], [121.4411111, 25.0817609]]}}, {"type": "Feature", "properties": {"county": "新北市", "district": "八里區", "highway": "secondary_link", "name": null}, "geometry": {"type": "LineString", "coordinates": [[121.4449097, 25.08082], [121.4461918, 25.0804702], [121.4485061, 25.0798166], [121.4489213, 25.0797038], [121.4491544, 25.0796573], [121.4494232, 25.0796099], [121.4496631, 25.0796181]]}}, {"type": "Feature", "properties": {"county": "新北市", "district": "八里區", "highway": "secondary_link", "name": null}, "geometry": {"type": "LineString", "coordinates": [[121.4449437, 25.0809247], [121.444057, 25.0811736]]}}, {"type": "Feature", "properties": {"county": "新北市", "district": "八里區", "highway": "trunk_link", "name": "五股二交流道"}, "geometry": {"type": "LineString", "coordinates": [[121.447606, 25.0830413], [121.4477873, 25.0821017], [121.4477762, 25.081852], [121.4477564, 25.0817164], [121.447706, 25.0815936], [121.4476491, 25.0814735], [121.4475741, 25.0813539], [121.4474097, 25.0811258], [121.4471492, 25.0808908]]}}, {"type": "Feature", "properties": {"county": "新北市", "district": "八里區", "highway": "trunk_link", "name": "五股二交流道"}, "geometry": {"type": "LineString", "coordinates": [[121.4480232, 25.081225], [121.4481867, 25.0811961], [121.4484309, 25.0810726], [121.4486125, 25.0808519], [121.4486941, 25.0807005], [121.4487488, 25.0805454], [121.4489247, 25.0803175]]}}, {"type": "Feature", "properties": {"county": "新北市", "district": "八里區", "highway": "trunk_link", "name": "五股二交流道"}, "geometry": {"type": "LineString", "coordinates": [[121.4502775, 25.0797019], [121.4511901, 25.0800876]]}}, {"type": "Feature", "properties": {"county": "新北市", "district": "八里區", "highway": "trunk_link", "name": "五股二交流道"}, "geometry": {"type": "LineString", "coordinates": [[121.4482776, 25.0838788], [121.4481444, 25.0843228], [121.4479878, 25.0850443], [121.4479093, 25.0856768], [121.4478644, 25.0860411], [121.4478235, 25.086248], [121.4477574, 25.0865118]]}}, {"type": "Feature", "properties": {"county": "新北市", "district": "八里區", "highway": "trunk_link", "name": "五股二交流道"}, "geometry": {"type": "LineString", "coordinates": [[121.4508213, 25.07777], [121.4506135, 25.0781991], [121.4503936, 25.0786274], [121.450285, 25.0788678], [121.4502745, 25.0790569], [121.4502716, 25.07918], [121.4503373, 25.0793973], [121.4504634, 25.0795868], [121.4505934, 25.0797046], [121.4509085, 25.0798831], [121.4515294, 25.0801309], [121.4517962, 25.0802414], [121.4520428, 25.080366]]}}, {"type": "Feature", "properties": {"county": "新北市", "district": "八里區", "highway": "residential", "name": "竹林路446巷"}, "geometry": {"type": "LineString", "coordinates": [[121.38856, 25.0859521], [121.3883489, 25.085483], [121.3883627, 25.0852378]]}}, {"type": "Feature", "properties": {"county": "新北市", "district": "八里區", "highway": "residential", "name": null}, "geometry": {"type": "LineString", "coordinates": [[121.3899288, 25.0818934], [121.3901596, 25.0820625], [121.3904194, 25.0820235]]}}, {"type": "Feature", "properties": {"county": "新北市", "district": "八里區", "highway": "residential", "name": "渡船頭街11巷"}, "geometry": {"type": "LineString", "coordinates": [[121.4346606, 25.1584383], [121.4341789, 25.158926]]}}, {"type": "Feature", "properties": {"county": "新北市", "district": "八里區", "highway": "residential", "name": null}, "geometry": {"type": "LineString", "coordinates": [[121.4287949, 25.1603714], [121.4290792, 25.1603277]]}}, {"type": "Feature", "properties": {"county": "新北市", "district": "八里區", "highway": "residential", "name": null}, "geometry": {"type": "LineString", "coordinates": [[121.4287585, 25.1601029], [121.4287949, 25.1603714], [121.4285695, 25.1604006]]}}, {"type": "Feature", "properties": {"county": "新北市", "district": "八里區", "highway": "residential", "name": null}, "geometry": {"type": "LineString", "coordinates": [[121.4283659, 25.1601468], [121.428296, 25.1596795]]}}, {"type": "Feature", "properties": {"county": "新北市", "district": "八里區", "highway": "residential", "name": "忠孝路57巷"}, "geometry": {"type": "LineString", "coordinates": [[121.4280757, 25.1601839], [121.4280049, 25.1597208]]}}, {"type": "Feature", "properties": {"county": "新北市", "district": "八里區", "highway": "residential", "name": null}, "geometry": {"type": "LineString", "coordinates": [[121.426423, 25.1603777], [121.4264667, 25.1607623]]}}, {"type": "Feature", "properties": {"county": "新北市", "district": "八里區", "highway": "residential", "name": null}, "geometry": {"type": "LineString", "coordinates": [[121.4260194, 25.1604241], [121.4260617, 25.160789]]}}, {"type": "Feature", "properties": {"county": "新北市", "district": "八里區", "highway": "residential", "name": null}, "geometry": {"type": "LineString", "coordinates": [[121.4256015, 25.1604721], [121.4256432, 25.1608473], [121.425603, 25.1608734], [121.4256522, 25.1612009]]}}, {"type": "Feature", "properties": {"county": "新北市", "district": "八里區", "highway": "residential", "name": null}, "geometry": {"type": "LineString", "coordinates": [[121.4242941, 25.1597494], [121.4242713, 25.1595545], [121.4242351, 25.1595557], [121.4242096, 25.1593991]]}}, {"type": "Feature", "properties": {"county": "新北市", "district": "八里區", "highway": "residential", "name": null}, "geometry": {"type": "LineString", "coordinates": [[121.4234319, 25.1607213], [121.4233714, 25.16025]]}}, {"type": "Feature", "properties": {"county": "新北市", "district": "八里區", "highway": "residential", "name": null}, "geometry": {"type": "LineString", "coordinates": [[121.4226587, 25.1608103], [121.4226043, 25.1603666]]}}, {"type": "Feature", "properties": {"county": "新北市", "district": "八里區", "highway": "residential", "name": null}, "geometry": {"type": "LineString", "coordinates": [[121.4222902, 25.1608507], [121.4222288, 25.1604054]]}}, {"type": "Feature", "properties": {"county": "新北市", "district": "八里區", "highway": "residential", "name": null}, "geometry": {"type": "LineString", "coordinates": [[121.4219381, 25.1608894], [121.4219123, 25.1604443]]}}, {"type": "Feature", "properties": {"county": "新北市", "district": "八里區", "highway": "residential", "name": null}, "geometry": {"type": "LineString", "coordinates": [[121.4222728, 25.1599854], [121.4222074, 25.1595072]]}}, {"type": "Feature", "properties": {"county": "新北市", "district": "八里區", "highway": "residential", "name": null}, "geometry": {"type": "LineString", "coordinates": [[121.4220385, 25.1600127], [121.4219067, 25.1590525]]}}, {"type": "Feature", "properties": {"county": "新北市", "district": "八里區", "highway": "unclassified", "name": "頂寮二街"}, "geometry": {"type": "LineString", "coordinates": [[121.449924, 25.1257753], [121.4497531, 25.125794], [121.449533, 25.125859], [121.449392, 25.1259593], [121.4492826, 25.1259985], [121.4489728, 25.1260718], [121.4489195, 25.1260999], [121.4488959, 25.1261403], [121.4489238, 25.1262874], [121.4488189, 25.1263719], [121.4487352, 25.1264557]]}}, {"type": "Feature", "properties": {"county": "新北市", "district": "八里區", "highway": "residential", "name": "頂寮二街62巷"}, "geometry": {"type": "LineString", "coordinates": [[121.4513899, 25.1262055], [121.45001, 25.1256422], [121.4494472, 25.1254339]]}}, {"type": "Feature", "properties": {"county": "新北市", "district": "八里區", "highway": "unclassified", "name": "頂寮二街"}, "geometry": {"type": "LineString", "coordinates": [[121.4495175, 25.1268401], [121.4495427, 25.126865], [121.4495391, 25.1270342], [121.4498784, 25.1271241], [121.4498891, 25.1271702], [121.4499186, 25.127203], [121.4502421, 25.127328], [121.4505502, 25.127501]]}}, {"type": "Feature", "properties": {"county": "新北市", "district": "八里區", "highway": "residential", "name": "頂寮一街"}, "geometry": {"type": "LineString", "coordinates": [[121.4506117, 25.1237479], [121.4506005, 25.1238868], [121.4505585, 25.1240221], [121.4505118, 25.1241743], [121.4504511, 25.1243223], [121.450339, 25.1245041], [121.4502876, 25.124614], [121.450395, 25.1246901], [121.450551, 25.1247663]]}}, {"type": "Feature", "properties": {"county": "新北市", "district": "八里區", "highway": "unclassified", "name": "頂寮三街121巷"}, "geometry": {"type": "LineString", "coordinates": [[121.4468487, 25.1266788], [121.4468081, 25.1267388], [121.4467418, 25.1268003], [121.4466624, 25.1268445], [121.4466254, 25.1269282], [121.4465299, 25.1270063], [121.4463861, 25.1270415], [121.4462852, 25.1271209], [121.4462239, 25.1272309], [121.4462453, 25.1273438], [121.4463191, 25.1274557], [121.4463684, 25.1275784], [121.4463807, 25.1276788], [121.4464599, 25.1277457], [121.4465243, 25.1278137], [121.4466718, 25.127804], [121.4468434, 25.1277142], [121.44694, 25.1277263], [121.4470983, 25.1276486], [121.4471921, 25.1279691], [121.4472404, 25.1280104], [121.4472565, 25.1283164], [121.4472377, 25.1284208], [121.44729, 25.1285519], [121.4472927, 25.1286673], [121.4473061, 25.1287523], [121.4472686, 25.1288251], [121.4471948, 25.1288616], [121.4471479, 25.1288688]]}}, {"type": "Feature", "properties": {"county": "新北市", "district": "八里區", "highway": "secondary", "name": "民義路一段"}, "geometry": {"type": "LineString", "coordinates": [[121.43418, 25.0863633], [121.4340991, 25.0864949], [121.4340337, 25.0865724], [121.4339428, 25.0866627], [121.4338119, 25.0867458], [121.433668, 25.0868114], [121.4335373, 25.08688], [121.4334357, 25.086956], [121.4333168, 25.0870565], [121.4332109, 25.087184], [121.4331733, 25.087263], [121.4331547, 25.0873406]]}}, {"type": "Feature", "properties": {"county": "新北市", "district": "八里區", "highway": "tertiary", "name": "民義路二段"}, "geometry": {"type": "LineString", "coordinates": [[121.4072324, 25.1218536], [121.4071357, 25.1219872], [121.4070075, 25.1220144], [121.4068661, 25.1220068], [121.4066613, 25.1219588], [121.4062787, 25.1218406], [121.4058898, 25.1217225], [121.4055694, 25.1216701], [121.4053871, 25.1216099], [121.4051721, 25.1214826], [121.4050034, 25.1213258], [121.404867, 25.1211339], [121.4048078, 25.1210033], [121.404818, 25.1208655], [121.4048445, 25.1206641], [121.4049152, 25.1203346], [121.4048936, 25.1201239], [121.4047105, 25.1197642], [121.4046825, 25.1196434], [121.4047029, 25.1195008], [121.4047405, 25.1193447], [121.4047303, 25.119241], [121.4046684, 25.1191608], [121.4039836, 25.118611], [121.4039485, 25.1184876], [121.4039353, 25.1183745], [121.4040131, 25.1180834], [121.4039927, 25.117877], [121.4040426, 25.1177111], [121.4040828, 25.1176098], [121.4041762, 25.1174857], [121.4044398, 25.1172632], [121.4046333, 25.117087], [121.4047703, 25.1169143], [121.4048323, 25.116736], [121.4048208, 25.1165942], [121.4047097, 25.1161385], [121.4047033, 25.1159001], [121.4047347, 25.1157709], [121.4048647, 25.1155653], [121.4049125, 25.1154234], [121.404967, 25.1151462], [121.4050654, 25.1148562], [121.405152, 25.1146874], [121.4053856, 25.1143165], [121.4053814, 25.1142008], [121.405282, 25.1140724], [121.4051389, 25.1139699], [121.4049786, 25.1139475], [121.4044925, 25.1138916], [121.4043956, 25.1139209], [121.4043005, 25.1139938], [121.4038848, 25.1142712], [121.4033184, 25.1145946], [121.4028263, 25.1148705], [121.4027084, 25.1149043], [121.4026005, 25.1148597], [121.4024988, 25.1147339], [121.4024636, 25.1145395]]}}, {"type": "Feature", "properties": {"county": "新北市", "district": "八里區", "highway": "tertiary", "name": "荖阡坑路"}, "geometry": {"type": "LineString", "coordinates": [[121.4097181, 25.1262663], [121.4097632, 25.1263], [121.4098403, 25.1263072], [121.4099258, 25.1263003], [121.4100392, 25.1262646], [121.4102419, 25.1261449], [121.4103757, 25.1260476], [121.410403, 25.1259665], [121.4103719, 25.1258917], [121.4102979, 25.1258076], [121.4102489, 25.1257407], [121.410248, 25.1256644], [121.4102779, 25.1256013], [121.4103546, 25.1255335], [121.4104739, 25.1254562], [121.410712, 25.1253513], [121.4109726, 25.1252327], [121.4111461, 25.1251177], [121.4113086, 25.1250681], [121.4114069, 25.1250151], [121.4114668, 25.1249184], [121.4115128, 25.124812], [121.411532, 25.1247026], [121.4115095, 25.1246387], [121.4112052, 25.1243904], [121.4110247, 25.1242848], [121.4108377, 25.124216], [121.4105713, 25.1241801], [121.4104493, 25.1241452], [121.410374, 25.1240862], [121.4103599, 25.124], [121.4103889, 25.1239288], [121.4104728, 25.1238626], [121.4108187, 25.1237345], [121.4112132, 25.1236173], [121.4113546, 25.1235439], [121.4114131, 25.1234491], [121.411382, 25.1233417], [121.4112632, 25.1232313], [121.4111973, 25.1231853], [121.4111114, 25.1230895], [121.4110727, 25.1229801], [121.411016, 25.1229022], [121.4109372, 25.1228765], [121.410809, 25.1228512], [121.4107385, 25.1228116], [121.410695, 25.1227364], [121.4106671, 25.1225882], [121.4105955, 25.1224973], [121.410482, 25.122452], [121.4103687, 25.1224602], [121.4102431, 25.122451], [121.4101368, 25.1223952], [121.4100843, 25.1223218], [121.4100633, 25.122206], [121.4101179, 25.1219068], [121.4100892, 25.1217767], [121.4100368, 25.1217113], [121.4099658, 25.1216814], [121.4098595, 25.1216876], [121.4094459, 25.1218182], [121.4093489, 25.121825], [121.4092571, 25.1217881], [121.4091625, 25.1217402], [121.4090477, 25.1217277], [121.4089244, 25.1217551], [121.4086915, 25.1218649], [121.4085367, 25.1219159], [121.4084272, 25.1219177], [121.4083429, 25.1218886], [121.4082619, 25.121817], [121.4081589, 25.1217608], [121.4079931, 25.1217384], [121.407833, 25.1217537], [121.4077121, 25.1217949], [121.4075133, 25.1219272], [121.4073941, 25.1220034], [121.4073132, 25.1220064], [121.4072324, 25.1218536]]}}, {"type": "Feature", "properties": {"county": "新北市", "district": "八里區", "highway": "tertiary", "name": "華富山路"}, "geometry": {"type": "LineString", "coordinates": [[121.4190025, 25.1298014], [121.4190914, 25.1297044], [121.4191818, 25.1295986], [121.4192901, 25.1295258]]}}, {"type": "Feature", "properties": {"county": "新北市", "district": "八里區", "highway": "tertiary", "name": "華富山路"}, "geometry": {"type": "LineString", "coordinates": [[121.4192901, 25.1295258], [121.4193634, 25.1294955], [121.4194907, 25.1294429], [121.4196316, 25.1293436], [121.4196842, 25.1293068], [121.4197414, 25.1292553], [121.4198084, 25.1291731], [121.4198841, 25.1290507], [121.4198791, 25.1289388], [121.4198139, 25.1288451]]}}, {"type": "Feature", "properties": {"county": "新北市", "district": "八里區", "highway": "residential", "name": null}, "geometry": {"type": "LineString", "coordinates": [[121.4475822, 25.1269919], [121.4474843, 25.1268838], [121.4473556, 25.1267575], [121.4474146, 25.1266847], [121.4475502, 25.1266427]]}}, {"type": "Feature", "properties": {"county": "新北市", "district": "八里區", "highway": "residential", "name": "頂寮二街"}, "geometry": {"type": "LineString", "coordinates": [[121.449924, 25.1257753], [121.45001, 25.1256422], [121.450223, 25.1252991], [121.4504831, 25.1250033]]}}, {"type": "Feature", "properties": {"county": "新北市", "district": "八里區", "highway": "residential", "name": "頂寮二街"}, "geometry": {"type": "LineString", "coordinates": [[121.4504831, 25.1250033], [121.450551, 25.1247663], [121.4506721, 25.1245019], [121.4509873, 25.1238572]]}}, {"type": "Feature", "properties": {"county": "新北市", "district": "八里區", "highway": "unclassified", "name": null}, "geometry": {"type": "LineString", "coordinates": [[121.4321003, 25.091213], [121.4321299, 25.0912274], [121.4321526, 25.0912498], [121.4321661, 25.0912777], [121.4321688, 25.0913068], [121.4321612, 25.0913352], [121.4321442, 25.0913601], [121.4321193, 25.0913788], [121.4320892, 25.0913894], [121.432057, 25.091391], [121.4320287, 25.0913844], [121.4320037, 25.0913707], [121.4319841, 25.0913512], [121.4319714, 25.0913274], [121.4319667, 25.0913013], [121.4319705, 25.0912751], [121.4319823, 25.0912509], [121.4320047, 25.0912283], [121.4320341, 25.0912135], [121.4320671, 25.0912082], [121.4321003, 25.091213]]}}, {"type": "Feature", "properties": {"county": "新北市", "district": "八里區", "highway": "residential", "name": null}, "geometry": {"type": "LineString", "coordinates": [[121.430819, 25.1602859], [121.4309219, 25.1603526], [121.4311995, 25.160335], [121.4316139, 25.160267], [121.4318043, 25.160233], [121.4318781, 25.1602258], [121.4319706, 25.1601857]]}}, {"type": "Feature", "properties": {"county": "新北市", "district": "八里區", "highway": "residential", "name": null}, "geometry": {"type": "LineString", "coordinates": [[121.4311565, 25.1592413], [121.4312437, 25.159461]]}}, {"type": "Feature", "properties": {"county": "新北市", "district": "八里區", "highway": "residential", "name": null}, "geometry": {"type": "LineString", "coordinates": [[121.4314503, 25.1589524], [121.431575, 25.159353]]}}, {"type": "Feature", "properties": {"county": "新北市", "district": "八里區", "highway": "residential", "name": "龍米路二段232巷1弄"}, "geometry": {"type": "LineString", "coordinates": [[121.4317091, 25.1588905], [121.4314503, 25.1589524], [121.4310841, 25.1590471], [121.4311565, 25.1592413], [121.4308253, 25.1593493], [121.4307529, 25.1594428], [121.4306737, 25.1595339], [121.4306134, 25.1596164], [121.4305893, 25.1597002], [121.4306054, 25.1597718], [121.4306657, 25.1598701], [121.4307542, 25.1599891], [121.4308025, 25.1601189], [121.430819, 25.1602859]]}}, {"type": "Feature", "properties": {"county": "新北市", "district": "八里區", "highway": "tertiary_link", "name": null}, "geometry": {"type": "LineString", "coordinates": [[121.3940371, 25.1408142], [121.3941258, 25.1407974], [121.3942038, 25.1407611], [121.394256, 25.1406866], [121.3942757, 25.1406154], [121.3942688, 25.1405114]]}}, {"type": "Feature", "properties": {"county": "新北市", "district": "八里區", "highway": "unclassified", "name": "竹林路"}, "geometry": {"type": "LineString", "coordinates": [[121.3874954, 25.0845145], [121.3878335, 25.0845301], [121.3879279, 25.0845344], [121.388036, 25.0845394], [121.3883122, 25.0845521], [121.3883866, 25.0845261], [121.3888411, 25.0843671], [121.3889772, 25.08432], [121.3896715, 25.0840595], [121.3898846, 25.0839164], [121.3899199, 25.0838464], [121.3899536, 25.0837655], [121.3899426, 25.0836756], [121.3899174, 25.083602], [121.3896432, 25.0828234], [121.3896225, 25.0824411], [121.3896823, 25.0823342], [121.3897043, 25.0822949], [121.3899096, 25.0819277], [121.3899288, 25.0818934], [121.3900766, 25.081629]]}}, {"type": "Feature", "properties": {"county": "新北市", "district": "八里區", "highway": "residential", "name": "竹林一路"}, "geometry": {"type": "LineString", "coordinates": [[121.3875981, 25.0846302], [121.386682, 25.0851713], [121.3857587, 25.0854959]]}}, {"type": "Feature", "properties": {"county": "新北市", "district": "八里區", "highway": "residential", "name": "林口路124巷10弄"}, "geometry": {"type": "LineString", "coordinates": [[121.3893642, 25.0814206], [121.3889553, 25.0818569]]}}, {"type": "Feature", "properties": {"county": "新北市", "district": "八里區", "highway": "primary", "name": "中正東路一段"}, "geometry": {"type": "LineString", "coordinates": [[121.4573437, 25.1585487], [121.4572062, 25.1586287], [121.4570681, 25.1586979], [121.4569261, 25.1587584], [121.4567663, 25.1588206], [121.4564002, 25.1589577], [121.4559577, 25.1591155], [121.4559248, 25.1591278], [121.4557603, 25.1591894], [121.4554776, 25.1592952], [121.4549452, 25.1594778], [121.4545227, 25.1596132], [121.4542759, 25.1597006], [121.4540647, 25.1598177], [121.4538965, 25.1599478], [121.4537323, 25.1600778], [121.4535478, 25.1602722], [121.4534191, 25.1604381], [121.4532635, 25.1606591], [121.4531791, 25.160844], [121.4531374, 25.1610305], [121.4530973, 25.161191], [121.4530628, 25.1613653]]}}, {"type": "Feature", "properties": {"county": "新北市", "district": "八里區", "highway": "residential", "name": null}, "geometry": {"type": "LineString", "coordinates": [[121.4219873, 25.0804579], [121.4217513, 25.0809924], [121.421526, 25.0816435], [121.4214134, 25.081935], [121.4213865, 25.0820565], [121.421408, 25.082591], [121.4216387, 25.082693], [121.4217459, 25.0827853], [121.4218532, 25.0829894], [121.4218961, 25.0831206], [121.4219122, 25.0832469], [121.4219122, 25.0836842]]}}, {"type": "Feature", "properties": {"county": "新北市", "district": "八里區", "highway": "residential", "name": null}, "geometry": {"type": "LineString", "coordinates": [[121.4200134, 25.0855989], [121.4199973, 25.0850936], [121.4200187, 25.0848216], [121.4202494, 25.0842483], [121.420405, 25.0836896]]}}, {"type": "Feature", "properties": {"county": "新北市", "district": "八里區", "highway": "residential", "name": null}, "geometry": {"type": "LineString", "coordinates": [[121.4200134, 25.0855989], [121.4200185, 25.0859584]]}}, {"type": "Feature", "properties": {"county": "新北市", "district": "八里區", "highway": "residential", "name": null}, "geometry": {"type": "LineString", "coordinates": [[121.4202253, 25.0830897], [121.4208931, 25.0833398]]}}, {"type": "Feature", "properties": {"county": "新北市", "district": "八里區", "highway": "residential", "name": null}, "geometry": {"type": "LineString", "coordinates": [[121.4218532, 25.0829894], [121.4217459, 25.0829991], [121.4215528, 25.0829116], [121.4208984, 25.0826736]]}}, {"type": "Feature", "properties": {"county": "新北市", "district": "八里區", "highway": "residential", "name": "竹林路281巷"}, "geometry": {"type": "LineString", "coordinates": [[121.3892946, 25.0820617], [121.3893925, 25.0818848], [121.3896382, 25.0816444], [121.3898863, 25.0814017]]}}, {"type": "Feature", "properties": {"county": "新北市", "district": "八里區", "highway": "residential", "name": null}, "geometry": {"type": "LineString", "coordinates": [[121.4508171, 25.1305328], [121.4508312, 25.1302384], [121.4508351, 25.1301533]]}}, {"type": "Feature", "properties": {"county": "新北市", "district": "八里區", "highway": "residential", "name": "龍形一街19巷1弄"}, "geometry": {"type": "LineString", "coordinates": [[121.4501023, 25.1301911], [121.4508312, 25.1302384]]}}, {"type": "Feature", "properties": {"county": "新北市", "district": "八里區", "highway": "residential", "name": null}, "geometry": {"type": "LineString", "coordinates": [[121.4498097, 25.1311061], [121.4497302, 25.1312686], [121.4496905, 25.1315559]]}}, {"type": "Feature", "properties": {"county": "新北市", "district": "八里區", "highway": "residential", "name": "龍形一街12巷5弄"}, "geometry": {"type": "LineString", "coordinates": [[121.4498807, 25.1308521], [121.4496429, 25.1308291], [121.4492579, 25.1306117]]}}, {"type": "Feature", "properties": {"county": "新北市", "district": "八里區", "highway": "residential", "name": "龍米路一段195巷"}, "geometry": {"type": "LineString", "coordinates": [[121.4506746, 25.1311935], [121.4510384, 25.1311782], [121.4511457, 25.1310689], [121.4512798, 25.1310835], [121.4514215, 25.1310776]]}}, {"type": "Feature", "properties": {"county": "新北市", "district": "八里區", "highway": "residential", "name": "龍形五街35巷"}, "geometry": {"type": "LineString", "coordinates": [[121.4493868, 25.1330824], [121.4495706, 25.1327558], [121.4495749, 25.1327302]]}}, {"type": "Feature", "properties": {"county": "新北市", "district": "八里區", "highway": "residential", "name": "龍形三街6巷"}, "geometry": {"type": "LineString", "coordinates": [[121.4495967, 25.1326621], [121.4496242, 25.1326352], [121.4501434, 25.1322443], [121.4503202, 25.1318097]]}}, {"type": "Feature", "properties": {"county": "新北市", "district": "八里區", "highway": "residential", "name": "龍形三街6巷"}, "geometry": {"type": "LineString", "coordinates": [[121.4495749, 25.1327302], [121.4495967, 25.1326621]]}}, {"type": "Feature", "properties": {"county": "新北市", "district": "八里區", "highway": "residential", "name": "龍米路一段105巷"}, "geometry": {"type": "LineString", "coordinates": [[121.4521997, 25.1250814], [121.4529929, 25.125292]]}}, {"type": "Feature", "properties": {"county": "新北市", "district": "八里區", "highway": "residential", "name": "龍米路二段125巷"}, "geometry": {"type": "LineString", "coordinates": [[121.4462112, 25.1451848], [121.446256, 25.1450831], [121.4462748, 25.1448039], [121.4462587, 25.1446922], [121.4461219, 25.1444785], [121.4460412, 25.1444365], [121.445848, 25.1443562], [121.445666, 25.1443158], [121.4456767, 25.1447553], [121.4456611, 25.1451419], [121.4456096, 25.1455711]]}}, {"type": "Feature", "properties": {"county": "新北市", "district": "八里區", "highway": "residential", "name": "龍米路二段125巷"}, "geometry": {"type": "LineString", "coordinates": [[121.445848, 25.1443562], [121.4458698, 25.1447092], [121.4458457, 25.1449714], [121.4457867, 25.1455833]]}}, {"type": "Feature", "properties": {"county": "新北市", "district": "八里區", "highway": "residential", "name": "龍米路二段125巷"}, "geometry": {"type": "LineString", "coordinates": [[121.4460412, 25.1444365], [121.4460415, 25.1447796], [121.4460146, 25.1451559], [121.4460254, 25.1452118]]}}, {"type": "Feature", "properties": {"county": "新北市", "district": "八里區", "highway": "residential", "name": null}, "geometry": {"type": "LineString", "coordinates": [[121.438819, 25.1531335], [121.4390733, 25.1529635], [121.4394327, 25.1528955], [121.4396473, 25.1525651], [121.4396688, 25.1524485], [121.4396097, 25.1522931], [121.439481, 25.1520405], [121.4394573, 25.1519499], [121.439363, 25.1515887], [121.4393576, 25.1513215], [121.4394113, 25.1509183], [121.4394488, 25.150758], [121.4395507, 25.1505491], [121.4395722, 25.1504714], [121.439363, 25.1502042], [121.4393791, 25.1499273], [121.4394435, 25.1499225], [121.439658, 25.1499662], [121.4399806, 25.1499819]]}}, {"type": "Feature", "properties": {"county": "新北市", "district": "八里區", "highway": "residential", "name": null}, "geometry": {"type": "LineString", "coordinates": [[121.4410372, 25.1508106], [121.4408862, 25.1509646], [121.4408272, 25.1511491], [121.4407789, 25.1518241], [121.4408532, 25.1519115]]}}, {"type": "Feature", "properties": {"county": "新北市", "district": "八里區", "highway": "unclassified", "name": null}, "geometry": {"type": "LineString", "coordinates": [[121.4342879, 25.1510779], [121.434363, 25.1513984], [121.4343523, 25.1515392], [121.4342772, 25.1516557], [121.4339732, 25.1517946]]}}, {"type": "Feature", "properties": {"county": "新北市", "district": "八里區", "highway": "residential", "name": null}, "geometry": {"type": "LineString", "coordinates": [[121.437923, 25.1558007], [121.437861, 25.1556167], [121.4379414, 25.155471], [121.4379736, 25.1553642], [121.4376665, 25.1552234]]}}, {"type": "Feature", "properties": {"county": "新北市", "district": "八里區", "highway": "unclassified", "name": "龍米路二段201巷"}, "geometry": {"type": "LineString", "coordinates": [[121.4329327, 25.1583158], [121.4330341, 25.158252], [121.4336764, 25.1579193], [121.4339299, 25.1577762], [121.4341591, 25.1576232], [121.4343911, 25.1574642], [121.4345992, 25.1572773], [121.4347693, 25.1570873], [121.434857, 25.1568341]]}}, {"type": "Feature", "properties": {"county": "新北市", "district": "八里區", "highway": "residential", "name": null}, "geometry": {"type": "LineString", "coordinates": [[121.4280766, 25.1589158], [121.4278936, 25.1586295], [121.4277488, 25.1584728], [121.4280585, 25.1578844]]}}, {"type": "Feature", "properties": {"county": "新北市", "district": "八里區", "highway": "residential", "name": null}, "geometry": {"type": "LineString", "coordinates": [[121.3710848, 25.0822685], [121.3712934, 25.0824944]]}}, {"type": "Feature", "properties": {"county": "新北市", "district": "八里區", "highway": "residential", "name": "文化三路二段41巷"}, "geometry": {"type": "LineString", "coordinates": [[121.3726457, 25.0806464], [121.3722648, 25.0802246], [121.3718411, 25.0797278]]}}, {"type": "Feature", "properties": {"county": "新北市", "district": "八里區", "highway": "residential", "name": "凌雲路二段18巷"}, "geometry": {"type": "LineString", "coordinates": [[121.4418039, 25.1069775], [121.4415257, 25.1070524], [121.4412968, 25.1072844], [121.4411837, 25.1074241], [121.4410907, 25.107458], [121.4409857, 25.1074695], [121.4406816, 25.1075076], [121.4403437, 25.1076608], [121.4401633, 25.107774], [121.4398504, 25.1078712], [121.439614, 25.1079844], [121.4394225, 25.1081658], [121.4391392, 25.1082863], [121.4389374, 25.1083703], [121.4388303, 25.1084523], [121.4387217, 25.1086346], [121.4386876, 25.1086711], [121.4386127, 25.1086975], [121.4384739, 25.1087212], [121.4383648, 25.1087587], [121.4382707, 25.1088092], [121.4382375, 25.10881], [121.4382074, 25.1088012], [121.4381569, 25.1087703], [121.4380313, 25.1086862], [121.4379909, 25.1086674], [121.4379508, 25.1086664], [121.4378021, 25.108696], [121.4376397, 25.1087037], [121.4374791, 25.1086538], [121.437404, 25.1086435], [121.4373447, 25.1086554], [121.4372908, 25.1087052], [121.4372767, 25.1087938]]}}, {"type": "Feature", "properties": {"county": "新北市", "district": "八里區", "highway": "unclassified", "name": "頂寮一街"}, "geometry": {"type": "LineString", "coordinates": [[121.4530594, 25.1246334], [121.452983, 25.124607], [121.4528878, 25.1245524], [121.4526453, 25.1244841]]}}, {"type": "Feature", "properties": {"county": "新北市", "district": "八里區", "highway": "residential", "name": "龍形二街9巷"}, "geometry": {"type": "LineString", "coordinates": [[121.4498097, 25.1311061], [121.4506746, 25.1311935]]}}, {"type": "Feature", "properties": {"county": "新北市", "district": "八里區", "highway": "residential", "name": "龍形二街3巷"}, "geometry": {"type": "LineString", "coordinates": [[121.4503008, 25.1304861], [121.4502887, 25.1309961], [121.4506905, 25.1310087]]}}, {"type": "Feature", "properties": {"county": "新北市", "district": "八里區", "highway": "residential", "name": "龍形一街12巷"}, "geometry": {"type": "LineString", "coordinates": [[121.4499924, 25.1304643], [121.4498807, 25.1308521], [121.4498097, 25.1311061]]}}, {"type": "Feature", "properties": {"county": "新北市", "district": "八里區", "highway": "unclassified", "name": "龍形五街37巷"}, "geometry": {"type": "LineString", "coordinates": [[121.4492657, 25.1332155], [121.4491704, 25.1331713], [121.4491502, 25.133028], [121.4492052, 25.1327403], [121.449043, 25.1327099], [121.4486017, 25.1326019], [121.4485428, 25.1324783], [121.4484797, 25.1323675], [121.4485333, 25.132217], [121.4485467, 25.132115], [121.4484475, 25.1320421], [121.4482839, 25.1320033], [121.44808, 25.1320057], [121.4479421, 25.1320513], [121.4477126, 25.1321271], [121.4475275, 25.1321417], [121.4474604, 25.132107], [121.4473961, 25.1320737], [121.4472512, 25.1319863], [121.4470942, 25.1319577]]}}, {"type": "Feature", "properties": {"county": "新北市", "district": "八里區", "highway": "residential", "name": null}, "geometry": {"type": "LineString", "coordinates": [[121.4366041, 25.1401225], [121.4363319, 25.1401245], [121.4361374, 25.1402779], [121.4358652, 25.140437], [121.4357431, 25.1406446], [121.4353779, 25.1407703]]}}, {"type": "Feature", "properties": {"county": "新北市", "district": "八里區", "highway": "unclassified", "name": "龍米路二段117巷28弄"}, "geometry": {"type": "LineString", "coordinates": [[121.4446847, 25.1427412], [121.4446762, 25.1428918], [121.4447109, 25.1430287], [121.4444311, 25.1433003], [121.4443425, 25.143372], [121.4438168, 25.1435055], [121.4436103, 25.1435055], [121.443314, 25.1434371]]}}, {"type": "Feature", "properties": {"county": "新北市", "district": "八里區", "highway": "residential", "name": null}, "geometry": {"type": "LineString", "coordinates": [[121.4368241, 25.1374601], [121.4366564, 25.1375086], [121.4363238, 25.1374734], [121.4362675, 25.1375074], [121.4363171, 25.1375778], [121.4365263, 25.1376762], [121.4367087, 25.1376932], [121.436816, 25.137749]]}}, {"type": "Feature", "properties": {"county": "新北市", "district": "八里區", "highway": "unclassified", "name": null}, "geometry": {"type": "LineString", "coordinates": [[121.4374324, 25.1351423], [121.4374417, 25.1352092], [121.4374256, 25.1352978], [121.4373867, 25.135395], [121.4369441, 25.1353756]]}}, {"type": "Feature", "properties": {"county": "新北市", "district": "八里區", "highway": "unclassified", "name": "龍形五街"}, "geometry": {"type": "LineString", "coordinates": [[121.4365572, 25.1348898], [121.4363206, 25.1349135], [121.4362455, 25.1349244], [121.4360658, 25.1349887], [121.4359961, 25.1350057], [121.4359317, 25.1350009], [121.4356501, 25.1348236], [121.4356085, 25.1347253], [121.4353649, 25.1345608], [121.4351477, 25.1344904], [121.4350543, 25.1345205], [121.4348856, 25.1345589], [121.4346939, 25.1345905], [121.4345557, 25.1345869], [121.4344297, 25.1345638], [121.4342473, 25.1344995], [121.4341373, 25.134474], [121.4340071, 25.1344298]]}}, {"type": "Feature", "properties": {"county": "新北市", "district": "八里區", "highway": "residential", "name": null}, "geometry": {"type": "LineString", "coordinates": [[121.4395374, 25.1249562], [121.4393359, 25.1251328], [121.4390624, 25.1252785], [121.4390054, 25.1253113], [121.4389537, 25.1253902], [121.4389417, 25.1254812], [121.4389557, 25.125678]]}}, {"type": "Feature", "properties": {"county": "新北市", "district": "八里區", "highway": "residential", "name": null}, "geometry": {"type": "LineString", "coordinates": [[121.4463861, 25.1270415], [121.4463235, 25.1270454], [121.4461675, 25.1271289], [121.4459538, 25.1272741]]}}, {"type": "Feature", "properties": {"county": "新北市", "district": "八里區", "highway": "residential", "name": null}, "geometry": {"type": "LineString", "coordinates": [[121.4312596, 25.1227624], [121.4312987, 25.1228743], [121.4312813, 25.1230334], [121.4311109, 25.1233442]]}}, {"type": "Feature", "properties": {"county": "新北市", "district": "八里區", "highway": "residential", "name": null}, "geometry": {"type": "LineString", "coordinates": [[121.4324638, 25.1175463], [121.4323562, 25.1175571], [121.4323153, 25.1175953], [121.4323092, 25.1176597], [121.4323749, 25.1179438], [121.4325379, 25.1180652], [121.4326834, 25.1183215]]}}, {"type": "Feature", "properties": {"county": "新北市", "district": "八里區", "highway": "unclassified", "name": "凌雲路三段84巷"}, "geometry": {"type": "LineString", "coordinates": [[121.4305812, 25.1198921], [121.4305048, 25.12005], [121.4304927, 25.1201204], [121.4305034, 25.1202188], [121.4305504, 25.1203851], [121.430541, 25.1204519], [121.4304616, 25.12055], [121.4304018, 25.1206068], [121.4303036, 25.1206474]]}}, {"type": "Feature", "properties": {"county": "新北市", "district": "八里區", "highway": "unclassified", "name": null}, "geometry": {"type": "LineString", "coordinates": [[121.4090592, 25.1500192], [121.4094132, 25.1499099], [121.4097351, 25.1498274], [121.4099631, 25.1499099], [121.410183, 25.150041], [121.4102581, 25.150007], [121.4104271, 25.149757], [121.4105129, 25.1494219]]}}, {"type": "Feature", "properties": {"county": "新北市", "district": "八里區", "highway": "unclassified", "name": null}, "geometry": {"type": "LineString", "coordinates": [[121.4090592, 25.1500192], [121.4090082, 25.1498808], [121.4089733, 25.149706], [121.4090128, 25.149565], [121.4091259, 25.1495049], [121.4094304, 25.1494854], [121.4095484, 25.149449], [121.4097251, 25.1493076], [121.4100582, 25.1491017], [121.4101584, 25.1489423]]}}, {"type": "Feature", "properties": {"county": "新北市", "district": "八里區", "highway": "residential", "name": null}, "geometry": {"type": "LineString", "coordinates": [[121.4172573, 25.143721], [121.4171487, 25.1437027], [121.416973, 25.1437197]]}}, {"type": "Feature", "properties": {"county": "新北市", "district": "八里區", "highway": "unclassified", "name": null}, "geometry": {"type": "LineString", "coordinates": [[121.4174398, 25.1447752], [121.4172171, 25.1445963], [121.4171822, 25.1445137], [121.4170902, 25.1442958]]}}, {"type": "Feature", "properties": {"county": "新北市", "district": "八里區", "highway": "residential", "name": null}, "geometry": {"type": "LineString", "coordinates": [[121.4167611, 25.144345], [121.4168282, 25.1442005]]}}, {"type": "Feature", "properties": {"county": "新北市", "district": "八里區", "highway": "unclassified", "name": null}, "geometry": {"type": "LineString", "coordinates": [[121.4152858, 25.1444945], [121.4155783, 25.1444057], [121.4161389, 25.1443098], [121.4166968, 25.1443304], [121.4167611, 25.144345], [121.4169797, 25.1444008], [121.4171822, 25.1445137], [121.4172439, 25.1444773], [121.4173579, 25.1442357], [121.4173727, 25.1441155], [121.4172734, 25.1438023], [121.4172573, 25.143721], [121.4172868, 25.143585]]}}, {"type": "Feature", "properties": {"county": "新北市", "district": "八里區", "highway": "unclassified", "name": "博物館路202巷"}, "geometry": {"type": "LineString", "coordinates": [[121.4040135, 25.1569688], [121.4041896, 25.1568819], [121.4042425, 25.1568562], [121.4048718, 25.156261]]}}, {"type": "Feature", "properties": {"county": "新北市", "district": "八里區", "highway": "unclassified", "name": null}, "geometry": {"type": "LineString", "coordinates": [[121.4272312, 25.1469235], [121.4272814, 25.1469563], [121.4273485, 25.1470151]]}}, {"type": "Feature", "properties": {"county": "新北市", "district": "八里區", "highway": "unclassified", "name": "挖子尾街"}, "geometry": {"type": "LineString", "coordinates": [[121.4158428, 25.1640117], [121.4158766, 25.1640625], [121.4158884, 25.1641163], [121.4158735, 25.1642361]]}}, {"type": "Feature", "properties": {"county": "新北市", "district": "八里區", "highway": "residential", "name": null}, "geometry": {"type": "LineString", "coordinates": [[121.4429432, 25.1741782], [121.4430052, 25.1744259]]}}, {"type": "Feature", "properties": {"county": "新北市", "district": "八里區", "highway": "secondary", "name": "中湖路"}, "geometry": {"type": "LineString", "coordinates": [[121.3835249, 25.0910523], [121.3835822, 25.0911596]]}}, {"type": "Feature", "properties": {"county": "新北市", "district": "八里區", "highway": "residential", "name": "學府路73巷2弄"}, "geometry": {"type": "LineString", "coordinates": [[121.4480139, 25.1700189], [121.4482189, 25.1704264]]}}, {"type": "Feature", "properties": {"county": "新北市", "district": "八里區", "highway": "unclassified", "name": null}, "geometry": {"type": "LineString", "coordinates": [[121.4446615, 25.1426344], [121.4442604, 25.1427345], [121.4441585, 25.1427831], [121.4440244, 25.1428996]]}}, {"type": "Feature", "properties": {"county": "新北市", "district": "八里區", "highway": "unclassified", "name": null}, "geometry": {"type": "LineString", "coordinates": [[121.4357151, 25.149811], [121.4358221, 25.1499509], [121.4359314, 25.1500378], [121.4361573, 25.1501536], [121.4362276, 25.1501837], [121.4363097, 25.1502189], [121.4364546, 25.1503044]]}}, {"type": "Feature", "properties": {"county": "新北市", "district": "八里區", "highway": "residential", "name": "龍米路二段155巷"}, "geometry": {"type": "LineString", "coordinates": [[121.4400782, 25.1535783], [121.4400246, 25.1535244], [121.439828, 25.1534354], [121.4396644, 25.1533392], [121.4396183, 25.1532519], [121.4395469, 25.1531924], [121.4395511, 25.1531076], [121.4395805, 25.1530431], [121.439477, 25.1529481], [121.4394327, 25.1528955]]}}, {"type": "Feature", "properties": {"county": "新北市", "district": "八里區", "highway": "residential", "name": null}, "geometry": {"type": "LineString", "coordinates": [[121.4396644, 25.1533392], [121.4392134, 25.1535375]]}}, {"type": "Feature", "properties": {"county": "新北市", "district": "八里區", "highway": "residential", "name": null}, "geometry": {"type": "LineString", "coordinates": [[121.4394573, 25.1519499], [121.4395897, 25.1519178], [121.4398612, 25.151672], [121.4400805, 25.1516027]]}}, {"type": "Feature", "properties": {"county": "新北市", "district": "八里區", "highway": "residential", "name": null}, "geometry": {"type": "LineString", "coordinates": [[121.4387037, 25.1520228], [121.4388626, 25.1518603], [121.4390565, 25.1517468]]}}, {"type": "Feature", "properties": {"county": "新北市", "district": "八里區", "highway": "residential", "name": null}, "geometry": {"type": "LineString", "coordinates": [[121.4326253, 25.1336586], [121.4330904, 25.1337751]]}}, {"type": "Feature", "properties": {"county": "新北市", "district": "八里區", "highway": "unclassified", "name": null}, "geometry": {"type": "LineString", "coordinates": [[121.4369378, 25.1341053], [121.437147, 25.1340276], [121.4372198, 25.133958]]}}, {"type": "Feature", "properties": {"county": "新北市", "district": "八里區", "highway": "unclassified", "name": null}, "geometry": {"type": "LineString", "coordinates": [[121.4463741, 25.1246735], [121.4462668, 25.1244792], [121.446181, 25.1240955], [121.4462346, 25.123809], [121.4462239, 25.1237604], [121.446181, 25.1237264], [121.4460469, 25.1236778], [121.4459718, 25.1236827], [121.4458699, 25.1237556], [121.4457518, 25.1239255], [121.4456821, 25.1239498], [121.445489, 25.123843], [121.4452047, 25.123775], [121.4449848, 25.1236681], [121.4444483, 25.1234447], [121.4442767, 25.1233962], [121.4441694, 25.1233913], [121.4439977, 25.1234107], [121.443354, 25.123571], [121.4431985, 25.1236341], [121.4431019, 25.1236973], [121.4429946, 25.1237993], [121.4429302, 25.1238867], [121.4427908, 25.124217], [121.4426728, 25.1244064], [121.4425172, 25.1245764], [121.442249, 25.1247852], [121.4422436, 25.1248192], [121.4422061, 25.125062], [121.4421745, 25.1255578]]}}, {"type": "Feature", "properties": {"county": "新北市", "district": "八里區", "highway": "residential", "name": null}, "geometry": {"type": "LineString", "coordinates": [[121.439245, 25.1258197], [121.4400926, 25.1260722], [121.4401312, 25.1261539]]}}, {"type": "Feature", "properties": {"county": "新北市", "district": "八里區", "highway": "residential", "name": null}, "geometry": {"type": "LineString", "coordinates": [[121.4322323, 25.142352], [121.4321544, 25.1423035], [121.4320833, 25.1423345], [121.4320263, 25.1423843], [121.4319599, 25.142428], [121.4319155, 25.1424712]]}}, {"type": "Feature", "properties": {"county": "新北市", "district": "八里區", "highway": "residential", "name": null}, "geometry": {"type": "LineString", "coordinates": [[121.4087481, 25.1503015], [121.4086284, 25.1500794]]}}, {"type": "Feature", "properties": {"county": "新北市", "district": "八里區", "highway": "residential", "name": null}, "geometry": {"type": "LineString", "coordinates": [[121.4106919, 25.1514278], [121.4105069, 25.1516211], [121.4103895, 25.151669], [121.4100945, 25.1515428], [121.4099604, 25.1514408], [121.4095903, 25.1512999], [121.409322, 25.1511494], [121.4091397, 25.1510231], [121.4088661, 25.1507122], [121.4086316, 25.1504072]]}}, {"type": "Feature", "properties": {"county": "新北市", "district": "八里區", "highway": "residential", "name": null}, "geometry": {"type": "LineString", "coordinates": [[121.4062305, 25.1423169], [121.4062294, 25.1424972], [121.4063341, 25.1426963], [121.4063408, 25.1430926], [121.406328, 25.1431734], [121.4062449, 25.1433312], [121.4060149, 25.1436864], [121.405931, 25.1438842], [121.4058445, 25.143982], [121.4058217, 25.1441034], [121.4058124, 25.1442764], [121.4058211, 25.1443838], [121.4058519, 25.1444682], [121.4058593, 25.1445872], [121.405817, 25.1446794], [121.4058506, 25.1447049], [121.4059585, 25.1448051], [121.406031, 25.1448998], [121.4061892, 25.1451013]]}}, {"type": "Feature", "properties": {"county": "新北市", "district": "八里區", "highway": "residential", "name": null}, "geometry": {"type": "LineString", "coordinates": [[121.4047751, 25.1406984], [121.4050305, 25.1402048], [121.4051592, 25.1399669], [121.4052397, 25.1396949], [121.4054275, 25.1394959], [121.4055616, 25.1394085], [121.4057976, 25.1393162], [121.4067364, 25.1391268], [121.4073426, 25.138918], [121.4076322, 25.1387384], [121.4078468, 25.1385393], [121.4080185, 25.1384519], [121.4083779, 25.1384616], [121.4098531, 25.1381314], [121.4107114, 25.1378934]]}}, {"type": "Feature", "properties": {"county": "新北市", "district": "八里區", "highway": "residential", "name": null}, "geometry": {"type": "LineString", "coordinates": [[121.405057, 25.1408151], [121.4061947, 25.1405719], [121.4083484, 25.1401128], [121.4084718, 25.1401614], [121.4084476, 25.1402512], [121.4080989, 25.1405304], [121.4080962, 25.1406318]]}}, {"type": "Feature", "properties": {"county": "新北市", "district": "八里區", "highway": "residential", "name": null}, "geometry": {"type": "LineString", "coordinates": [[121.4038393, 25.1411281], [121.4041075, 25.1415989]]}}, {"type": "Feature", "properties": {"county": "新北市", "district": "八里區", "highway": "tertiary", "name": "渡船頭路"}, "geometry": {"type": "LineString", "coordinates": [[121.4006046, 25.1410146], [121.4004973, 25.1410328], [121.4002686, 25.1410983], [121.3999226, 25.1412649], [121.3996668, 25.141401]]}}, {"type": "Feature", "properties": {"county": "新北市", "district": "八里區", "highway": "tertiary", "name": "渡船頭路"}, "geometry": {"type": "LineString", "coordinates": [[121.4006937, 25.1410303], [121.4006046, 25.1410146]]}}, {"type": "Feature", "properties": {"county": "新北市", "district": "八里區", "highway": "tertiary", "name": "渡船頭路"}, "geometry": {"type": "LineString", "coordinates": [[121.4152631, 25.1444482], [121.4152186, 25.1444178], [121.4151341, 25.1444202], [121.4150134, 25.1444724], [121.4148471, 25.1445222], [121.4147733, 25.1445076], [121.4146741, 25.1444409], [121.4145561, 25.1443305], [121.4143599, 25.1442279], [121.4142423, 25.1442394], [121.4141427, 25.1443506], [121.4141993, 25.1445283], [121.4144005, 25.1447541], [121.4146, 25.1450755], [121.4146406, 25.145279], [121.4145789, 25.1453846], [121.4145212, 25.1454623], [121.414422, 25.1455218], [121.4141698, 25.1455752], [121.4135945, 25.1456043], [121.4132995, 25.145614], [121.4131761, 25.1456517], [121.413042, 25.145784], [121.412932, 25.145926], [121.4127523, 25.1462599], [121.4125753, 25.1465403], [121.4124197, 25.1467613], [121.4122212, 25.1470016], [121.4120522, 25.1471048], [121.4119349, 25.1471554], [121.4117666, 25.1471667], [121.4115711, 25.1471423], [121.4112628, 25.1470233], [121.4110901, 25.1468149], [121.4109472, 25.1464663], [121.4108678, 25.1459759], [121.4107728, 25.145784], [121.4106977, 25.1456735], [121.4105945, 25.1455691], [121.410408, 25.1454661], [121.4100598, 25.145265], [121.4094962, 25.1450163], [121.40923, 25.1448804], [121.4089578, 25.1447137], [121.4088096, 25.1445851], [121.4085815, 25.1442453], [121.4084412, 25.1437195], [121.4082424, 25.1430227], [121.4081335, 25.1426156], [121.4080249, 25.1424031], [121.4078827, 25.1422841], [121.4076145, 25.1421895], [121.4075166, 25.1421579], [121.4074482, 25.1420899], [121.4074281, 25.1420377], [121.4074161, 25.1419429], [121.4074522, 25.1416213], [121.40753, 25.1411964], [121.407587, 25.1408601], [121.4075743, 25.1407314], [121.4075086, 25.1406719], [121.4074013, 25.140633], [121.4072893, 25.1406324], [121.406952, 25.1407205], [121.4067817, 25.1407994], [121.4066449, 25.1408819], [121.4065859, 25.1409633], [121.4065725, 25.1410385], [121.4065778, 25.1411587], [121.4066275, 25.1413433], [121.4067052, 25.14158], [121.4068085, 25.1417743], [121.4068782, 25.1419697], [121.4069064, 25.1420875], [121.4068876, 25.1422089], [121.4068259, 25.1423072], [121.4067213, 25.1423825], [121.4065953, 25.1424043], [121.4064853, 25.1424031], [121.4063244, 25.1423667], [121.4062305, 25.1423169], [121.4061889, 25.1422599], [121.4061706, 25.1420879], [121.4061232, 25.1419624], [121.4058778, 25.141722], [121.4057155, 25.1416274], [121.4056578, 25.1416116], [121.4054567, 25.1415994], [121.4052394, 25.1415806], [121.4051382, 25.1415387], [121.405087, 25.141474], [121.4050597, 25.1414204], [121.4050208, 25.1411873], [121.4050523, 25.1409129], [121.405057, 25.1408151], [121.4050336, 25.140752], [121.405002, 25.1407083], [121.404935, 25.1406792], [121.4048552, 25.140684], [121.4047751, 25.1406984], [121.4046929, 25.1407132], [121.404479, 25.1408079], [121.4039955, 25.1410604], [121.4038393, 25.1411281], [121.4037743, 25.1411563], [121.4034309, 25.1412413], [121.4026008, 25.1413712], [121.4017398, 25.141461], [121.4016285, 25.1414926], [121.4015849, 25.1415415], [121.401545, 25.1416012], [121.4015286, 25.1416626], [121.4015259, 25.1420046], [121.4015393, 25.1420847], [121.4015085, 25.14216], [121.401479, 25.1421989], [121.4013502, 25.1422256], [121.4012349, 25.1422171], [121.4011316, 25.1421843], [121.401019, 25.1420753], [121.4009593, 25.1419979], [121.4009418, 25.1419573], [121.4009304, 25.1418777], [121.4009251, 25.1417709], [121.4009573, 25.1416698], [121.4010621, 25.1414622], [121.4010738, 25.1413529], [121.4010693, 25.1413017], [121.4010348, 25.1412294], [121.4009908, 25.1411918], [121.4006937, 25.1410303]]}}, {"type": "Feature", "properties": {"county": "新北市", "district": "八里區", "highway": "tertiary", "name": "渡船頭路"}, "geometry": {"type": "LineString", "coordinates": [[121.4152813, 25.1444824], [121.4152631, 25.1444482]]}}, {"type": "Feature", "properties": {"county": "新北市", "district": "八里區", "highway": "residential", "name": null}, "geometry": {"type": "LineString", "coordinates": [[121.4085888, 25.150006], [121.4084852, 25.1498139], [121.4084691, 25.1495081], [121.4085228, 25.1494013]]}}, {"type": "Feature", "properties": {"county": "新北市", "district": "八里區", "highway": "residential", "name": null}, "geometry": {"type": "LineString", "coordinates": [[121.4086284, 25.1500794], [121.4085888, 25.150006]]}}, {"type": "Feature", "properties": {"county": "新北市", "district": "八里區", "highway": "residential", "name": "中華路二段165巷"}, "geometry": {"type": "LineString", "coordinates": [[121.4089708, 25.1500994], [121.4087481, 25.1503015], [121.4086316, 25.1504072], [121.4084293, 25.1505234], [121.4082023, 25.1505859], [121.4078683, 25.1506156], [121.4077779, 25.1506507], [121.4076125, 25.1508382], [121.4075534, 25.1509053], [121.407467, 25.1510125], [121.4073988, 25.1510357], [121.4072917, 25.1510878]]}}, {"type": "Feature", "properties": {"county": "新北市", "district": "八里區", "highway": "residential", "name": "中華路二段165巷"}, "geometry": {"type": "LineString", "coordinates": [[121.409034, 25.1500421], [121.4089708, 25.1500994]]}}, {"type": "Feature", "properties": {"county": "新北市", "district": "八里區", "highway": "unclassified", "name": null}, "geometry": {"type": "LineString", "coordinates": [[121.3861691, 25.1366305], [121.3864035, 25.1366491], [121.3867241, 25.1366533], [121.3869575, 25.1366509], [121.3871477, 25.1366618], [121.3872793, 25.1366994], [121.3873993, 25.1367534], [121.3874785, 25.1368354], [121.3875491, 25.1369394], [121.3875737, 25.1370321], [121.3875797, 25.1370608], [121.3875886, 25.1371039], [121.3876113, 25.1377375], [121.3876367, 25.1382835], [121.3876403, 25.1383534], [121.3876951, 25.1386442], [121.3877188, 25.1388693], [121.3877296, 25.1389557], [121.3877356, 25.1389804], [121.3877456, 25.1390215], [121.3878245, 25.1396035], [121.3878294, 25.1396233], [121.3878884, 25.1398815], [121.3881087, 25.1405242], [121.3884619, 25.1415549], [121.3884444, 25.1418738], [121.3897645, 25.1420272], [121.3898542, 25.1421141], [121.38986, 25.1421901]]}}, {"type": "Feature", "properties": {"county": "新北市", "district": "八里區", "highway": "primary", "name": "淡金路"}, "geometry": {"type": "LineString", "coordinates": [[121.4596154, 25.1666207], [121.4593656, 25.166353], [121.4586477, 25.1656609], [121.4579691, 25.1650294], [121.4575535, 25.1646154]]}}, {"type": "Feature", "properties": {"county": "新北市", "district": "八里區", "highway": "primary", "name": "淡金路"}, "geometry": {"type": "LineString", "coordinates": [[121.4596746, 25.1666842], [121.4596154, 25.1666207]]}}, {"type": "Feature", "properties": {"county": "新北市", "district": "八里區", "highway": "primary", "name": "淡金路"}, "geometry": {"type": "LineString", "coordinates": [[121.459821, 25.1666283], [121.460174, 25.1669817], [121.4605755, 25.1675182], [121.4606801, 25.1677294], [121.4608226, 25.1681458], [121.4609085, 25.1685415], [121.4609273, 25.1689615]]}}, {"type": "Feature", "properties": {"county": "新北市", "district": "八里區", "highway": "primary", "name": "淡金路"}, "geometry": {"type": "LineString", "coordinates": [[121.459759, 25.1665662], [121.459821, 25.1666283]]}}, {"type": "Feature", "properties": {"county": "新北市", "district": "八里區", "highway": "unclassified", "name": "中直路崩山巷"}, "geometry": {"type": "LineString", "coordinates": [[121.4188606, 25.1259165], [121.4190035, 25.1259002], [121.4192229, 25.1259035], [121.4193718, 25.1258706], [121.4194626, 25.1258779], [121.4194293, 25.1259575], [121.4192511, 25.1260786], [121.419203, 25.1261476], [121.4191921, 25.12624], [121.4192293, 25.1263556], [121.4193167, 25.1264506], [121.4194297, 25.1265356], [121.4196117, 25.1265791], [121.419722, 25.1266037], [121.4199847, 25.1267491], [121.420189, 25.126826], [121.4203018, 25.1268295], [121.4205017, 25.1267888], [121.4205732, 25.126778], [121.4206338, 25.1268008], [121.4207342, 25.1269867]]}}, {"type": "Feature", "properties": {"county": "新北市", "district": "八里區", "highway": "unclassified", "name": null}, "geometry": {"type": "LineString", "coordinates": [[121.4188308, 25.1253207], [121.4187369, 25.1253586]]}}, {"type": "Feature", "properties": {"county": "新北市", "district": "八里區", "highway": "unclassified", "name": null}, "geometry": {"type": "LineString", "coordinates": [[121.432481, 25.1221587], [121.4326472, 25.1221224], [121.4328793, 25.1220332], [121.4333705, 25.121977], [121.4335518, 25.1220217], [121.4336455, 25.1220001], [121.433884, 25.1215855], [121.4341638, 25.1213797], [121.4343578, 25.1213419], [121.434508, 25.1213419], [121.4349428, 25.1214243], [121.4355088, 25.1215798], [121.4357814, 25.1215393], [121.4358722, 25.1215258]]}}, {"type": "Feature", "properties": {"county": "新北市", "district": "八里區", "highway": "unclassified", "name": null}, "geometry": {"type": "LineString", "coordinates": [[121.4323935, 25.1221778], [121.432481, 25.1221587]]}}, {"type": "Feature", "properties": {"county": "新北市", "district": "八里區", "highway": "unclassified", "name": null}, "geometry": {"type": "LineString", "coordinates": [[121.4254727, 25.1517807], [121.4251519, 25.151913], [121.4250297, 25.1519233], [121.4248842, 25.1518832], [121.4248166, 25.1518943], [121.4245276, 25.1522167], [121.4244309, 25.1522577], [121.4242594, 25.1522919], [121.4241305, 25.1524774], [121.4240368, 25.152587], [121.423668, 25.1529172], [121.4235152, 25.1531697], [121.4234065, 25.1534333], [121.4232845, 25.1536433], [121.4231905, 25.1536895], [121.4229731, 25.1537363], [121.4227816, 25.1536992], [121.4226794, 25.1537217], [121.4226162, 25.1537808], [121.4226117, 25.1538461], [121.422724, 25.1541114], [121.4228388, 25.1542599], [121.4229869, 25.1543799], [121.4230352, 25.1544469], [121.4230377, 25.1545195], [121.4229459, 25.1546734], [121.4228931, 25.1548196], [121.4228712, 25.1549176], [121.422856, 25.1550025], [121.4227583, 25.1551005], [121.4226834, 25.1552065], [121.4226658, 25.1552704], [121.4226964, 25.1555091], [121.4229261, 25.156045], [121.42299, 25.1562247], [121.4230871, 25.1562964], [121.4231957, 25.1563589], [121.4233628, 25.1565062], [121.4233952, 25.1566038], [121.4233866, 25.156846], [121.423459, 25.1569328], [121.4235965, 25.1570548], [121.4236495, 25.1571171], [121.4237141, 25.1571662], [121.4237938, 25.1572038], [121.4239947, 25.1572489], [121.4243209, 25.157446], [121.4246288, 25.1576122], [121.424711, 25.1577406], [121.4247633, 25.1578742], [121.424825, 25.157981], [121.4249155, 25.1580993], [121.4249745, 25.1581898], [121.4249685, 25.1582565], [121.424943, 25.1583257], [121.424809, 25.1584673], [121.4247678, 25.1585804], [121.4247104, 25.1587861], [121.4245945, 25.1590311]]}}, {"type": "Feature", "properties": {"county": "新北市", "district": "八里區", "highway": "residential", "name": null}, "geometry": {"type": "LineString", "coordinates": [[121.4178191, 25.1528832], [121.4175992, 25.1531601], [121.4172921, 25.1533502]]}}, {"type": "Feature", "properties": {"county": "新北市", "district": "八里區", "highway": "residential", "name": null}, "geometry": {"type": "LineString", "coordinates": [[121.4178191, 25.1528832], [121.417685, 25.1528492], [121.4173256, 25.1528638], [121.4172022, 25.1528201], [121.4170788, 25.1527327], [121.4170145, 25.1525967], [121.416934, 25.1520867], [121.4169876, 25.1517127], [121.4169769, 25.1516253], [121.4168696, 25.1514942], [121.4166122, 25.1513048], [121.4165156, 25.1511979], [121.4165102, 25.1511105], [121.4165531, 25.1509599], [121.4165531, 25.1508434], [121.4164995, 25.1507122], [121.4164298, 25.1506588], [121.416065, 25.1507462], [121.4160006, 25.1507317], [121.4159309, 25.1506637], [121.4159309, 25.1505714], [121.415947, 25.1505325], [121.416124, 25.1503674], [121.4162903, 25.1500808], [121.4163225, 25.1500517], [121.4165961, 25.1499254], [121.4166122, 25.1498526], [121.4165853, 25.1498186], [121.4164941, 25.1497749], [121.4162849, 25.14977], [121.4160167, 25.1498089], [121.4159202, 25.149838], [121.4157753, 25.14994], [121.4155715, 25.150144], [121.415491, 25.1501925], [121.4152765, 25.1501634], [121.415019, 25.1499157]]}}, {"type": "Feature", "properties": {"county": "新北市", "district": "八里區", "highway": "residential", "name": null}, "geometry": {"type": "LineString", "coordinates": [[121.4201753, 25.1568916], [121.4203063, 25.1568835], [121.4203633, 25.1568609], [121.4204713, 25.1566321], [121.4205015, 25.1566085], [121.4206946, 25.1565082], [121.4208663, 25.1563899], [121.4209186, 25.1563225], [121.4209918, 25.1562567], [121.4210949, 25.156189], [121.4212873, 25.1560029], [121.4214591, 25.1558021], [121.4214654, 25.1557502], [121.4214469, 25.1557198], [121.4213792, 25.1556749]]}}, {"type": "Feature", "properties": {"county": "新北市", "district": "八里區", "highway": "residential", "name": null}, "geometry": {"type": "LineString", "coordinates": [[121.4209918, 25.1562567], [121.420873, 25.1561337], [121.420767, 25.1559941]]}}, {"type": "Feature", "properties": {"county": "新北市", "district": "八里區", "highway": "residential", "name": null}, "geometry": {"type": "LineString", "coordinates": [[121.4228712, 25.1549176], [121.4227264, 25.1548207], [121.422634, 25.1547907], [121.4225071, 25.154844], [121.4223708, 25.154933], [121.422121, 25.1550797], [121.4220357, 25.1551007], [121.4219632, 25.1550996], [121.4218817, 25.1550489], [121.4217219, 25.1549083]]}}, {"type": "Feature", "properties": {"county": "新北市", "district": "八里區", "highway": "residential", "name": null}, "geometry": {"type": "LineString", "coordinates": [[121.422073, 25.1580562], [121.4222344, 25.1577737], [121.422198, 25.1577282], [121.4214888, 25.1573094]]}}, {"type": "Feature", "properties": {"county": "新北市", "district": "八里區", "highway": "residential", "name": null}, "geometry": {"type": "LineString", "coordinates": [[121.4222344, 25.1577737], [121.422449, 25.1578926], [121.4227246, 25.1580134], [121.4228131, 25.1580062], [121.4229812, 25.1578976], [121.4231634, 25.1576496]]}}, {"type": "Feature", "properties": {"county": "新北市", "district": "八里區", "highway": "residential", "name": null}, "geometry": {"type": "LineString", "coordinates": [[121.4318445, 25.155124], [121.4316809, 25.1553801], [121.4316809, 25.1555791], [121.4314717, 25.155652], [121.4314234, 25.1557151], [121.4314127, 25.1558947], [121.431579, 25.156322]]}}, {"type": "Feature", "properties": {"county": "新北市", "district": "八里區", "highway": "residential", "name": null}, "geometry": {"type": "LineString", "coordinates": [[121.4315139, 25.1549771], [121.4311388, 25.1551266]]}}, {"type": "Feature", "properties": {"county": "新北市", "district": "八里區", "highway": "residential", "name": null}, "geometry": {"type": "LineString", "coordinates": [[121.4311244, 25.1585478], [121.4309415, 25.1577745], [121.4310524, 25.1576375], [121.4310972, 25.1575249], [121.4311195, 25.157438], [121.4315173, 25.1573249]]}}, {"type": "Feature", "properties": {"county": "新北市", "district": "八里區", "highway": "residential", "name": null}, "geometry": {"type": "LineString", "coordinates": [[121.4323273, 25.1580056], [121.4324871, 25.1578681], [121.432996, 25.1577439]]}}, {"type": "Feature", "properties": {"county": "新北市", "district": "八里區", "highway": "residential", "name": null}, "geometry": {"type": "LineString", "coordinates": [[121.4315293, 25.1529986], [121.4313359, 25.1528579], [121.4312826, 25.1527785], [121.4312343, 25.1527475]]}}, {"type": "Feature", "properties": {"county": "新北市", "district": "八里區", "highway": "unclassified", "name": null}, "geometry": {"type": "LineString", "coordinates": [[121.4332157, 25.1537178], [121.4330188, 25.153444], [121.4328914, 25.1533797], [121.4326894, 25.1534473]]}}, {"type": "Feature", "properties": {"county": "新北市", "district": "八里區", "highway": "residential", "name": null}, "geometry": {"type": "LineString", "coordinates": [[121.4141427, 25.1443506], [121.4138936, 25.1441324], [121.4136039, 25.1434526], [121.4133893, 25.1428797], [121.4131855, 25.1423213], [121.4129098, 25.1420845], [121.412794, 25.1418093], [121.4129554, 25.1416084], [121.4129487, 25.1413223], [121.4130966, 25.1412371]]}}, {"type": "Feature", "properties": {"county": "新北市", "district": "八里區", "highway": "residential", "name": null}, "geometry": {"type": "LineString", "coordinates": [[121.4129934, 25.1435194], [121.4125654, 25.1434899]]}}, {"type": "Feature", "properties": {"county": "新北市", "district": "八里區", "highway": "unclassified", "name": null}, "geometry": {"type": "LineString", "coordinates": [[121.3984002, 25.1384777], [121.3984944, 25.1385139], [121.3988184, 25.1386601], [121.3989714, 25.1387436], [121.3995799, 25.1390758], [121.3996791, 25.1391207], [121.4002732, 25.13927]]}}, {"type": "Feature", "properties": {"county": "新北市", "district": "八里區", "highway": "residential", "name": null}, "geometry": {"type": "LineString", "coordinates": [[121.3925051, 25.139599], [121.3933799, 25.1392339]]}}, {"type": "Feature", "properties": {"county": "新北市", "district": "八里區", "highway": "residential", "name": null}, "geometry": {"type": "LineString", "coordinates": [[121.3880608, 25.136096], [121.3880877, 25.1363825], [121.3880769, 25.1364262], [121.3880287, 25.1364942], [121.3879052, 25.1365185], [121.3873993, 25.1367534]]}}, {"type": "Feature", "properties": {"county": "新北市", "district": "八里區", "highway": "residential", "name": null}, "geometry": {"type": "LineString", "coordinates": [[121.3880608, 25.136096], [121.3882433, 25.1358483]]}}, {"type": "Feature", "properties": {"county": "新北市", "district": "八里區", "highway": "residential", "name": null}, "geometry": {"type": "LineString", "coordinates": [[121.3852173, 25.1322502], [121.3859922, 25.132395], [121.3863836, 25.1325455]]}}, {"type": "Feature", "properties": {"county": "新北市", "district": "八里區", "highway": "residential", "name": null}, "geometry": {"type": "LineString", "coordinates": [[121.3869632, 25.1359359], [121.3872793, 25.1366994]]}}, {"type": "Feature", "properties": {"county": "新北市", "district": "八里區", "highway": "unclassified", "name": null}, "geometry": {"type": "LineString", "coordinates": [[121.3903234, 25.1385566], [121.3903975, 25.1385395], [121.3904257, 25.138533], [121.3905184, 25.1385072], [121.390577, 25.1384683], [121.3908591, 25.1380896], [121.3909543, 25.1380386], [121.3910737, 25.1380021], [121.391417, 25.1377156], [121.3915082, 25.1374206], [121.3915436, 25.13737], [121.3919776, 25.1370649], [121.3923205, 25.1369608], [121.3926319, 25.1369302]]}}, {"type": "Feature", "properties": {"county": "新北市", "district": "八里區", "highway": "unclassified", "name": "下罟江厝橋"}, "geometry": {"type": "LineString", "coordinates": [[121.3897894, 25.1386245], [121.3903234, 25.1385566]]}}, {"type": "Feature", "properties": {"county": "新北市", "district": "八里區", "highway": "residential", "name": null}, "geometry": {"type": "LineString", "coordinates": [[121.386231, 25.1133954], [121.3861229, 25.1130855], [121.3861153, 25.1127721], [121.3861651, 25.1126243], [121.3862925, 25.1124908], [121.3864642, 25.1123305], [121.3868558, 25.1121654], [121.3870972, 25.1119323], [121.3873868, 25.1117672], [121.3874834, 25.1116944], [121.3875263, 25.111607], [121.3874995, 25.1113253], [121.3875478, 25.1110922], [121.3875478, 25.1110193], [121.3875209, 25.1109368], [121.3874512, 25.1108979], [121.3872956, 25.1108688], [121.3870113, 25.1107814], [121.386829, 25.1106842], [121.3866734, 25.1105677], [121.3864642, 25.1103734], [121.3863432, 25.1103258], [121.3862597, 25.1102038], [121.386274, 25.1101085], [121.3862947, 25.1100722], [121.3863356, 25.1100002], [121.3863532, 25.1099691], [121.3866097, 25.1099226], [121.3867919, 25.109932], [121.3873176, 25.1099466], [121.3874517, 25.1099174], [121.3875054, 25.1098883], [121.3876073, 25.1097912], [121.3878219, 25.1094949], [121.3882242, 25.1091113], [121.3883761, 25.1088857], [121.3886265, 25.1085139], [121.3889698, 25.1078438], [121.3891897, 25.1077175], [121.3895384, 25.1076252], [121.3896618, 25.1075669], [121.389812, 25.1074115], [121.3900426, 25.1070813], [121.390343, 25.1067414], [121.3904932, 25.1066102], [121.3908795, 25.1064014], [121.3912347, 25.1062688], [121.3913467, 25.1062692]]}}, {"type": "Feature", "properties": {"county": "新北市", "district": "八里區", "highway": "residential", "name": null}, "geometry": {"type": "LineString", "coordinates": [[121.432444, 25.1583174], [121.4323676, 25.1581755], [121.4323273, 25.1580056], [121.4319277, 25.1579485], [121.4317332, 25.1579388], [121.4314295, 25.158025], [121.4313772, 25.1580299], [121.4313443, 25.1580152], [121.4312219, 25.1576856], [121.4310972, 25.1575249]]}}, {"type": "Feature", "properties": {"county": "新北市", "district": "八里區", "highway": "residential", "name": null}, "geometry": {"type": "LineString", "coordinates": [[121.3943674, 25.1158498], [121.3947206, 25.1156919]]}}, {"type": "Feature", "properties": {"county": "新北市", "district": "八里區", "highway": "residential", "name": null}, "geometry": {"type": "LineString", "coordinates": [[121.3945548, 25.118317], [121.3947307, 25.1183734], [121.3948326, 25.1184657], [121.3949399, 25.1185725], [121.395015, 25.1186162], [121.3950901, 25.1186405], [121.395133, 25.1186454], [121.3951652, 25.1186405], [121.3952189, 25.118592], [121.3953422, 25.1185725], [121.3954066, 25.1185677], [121.3954441, 25.1185482], [121.3954817, 25.1185288], [121.3955246, 25.1184754], [121.3955675, 25.1184219]]}}, {"type": "Feature", "properties": {"county": "新北市", "district": "八里區", "highway": "residential", "name": null}, "geometry": {"type": "LineString", "coordinates": [[121.3941464, 25.1194752], [121.3944196, 25.1195635], [121.3946771, 25.1195732], [121.3947254, 25.1195878], [121.394779, 25.1196412], [121.3949882, 25.1200007]]}}, {"type": "Feature", "properties": {"county": "新北市", "district": "八里區", "highway": "residential", "name": null}, "geometry": {"type": "LineString", "coordinates": [[121.3937633, 25.1201859], [121.3938824, 25.1203901], [121.3939729, 25.1204647], [121.3940492, 25.120512], [121.3942692, 25.1205163], [121.3944086, 25.12053], [121.3945253, 25.1205695], [121.3945954, 25.1205815], [121.3947367, 25.1205764], [121.3948219, 25.1205884], [121.394879, 25.1206167], [121.3950611, 25.1208992], [121.3951929, 25.1211637], [121.3952813, 25.1212511], [121.3952071, 25.1215372], [121.395219, 25.1216325], [121.3953115, 25.1216777], [121.3954256, 25.1220413], [121.3955286, 25.1221993], [121.3956748, 25.1222012], [121.3958572, 25.1221235], [121.3960396, 25.1220846], [121.3963033, 25.1220652], [121.3963623, 25.1220895], [121.3965265, 25.122253], [121.3966043, 25.1222761], [121.3970233, 25.1222628], [121.397123, 25.1222883], [121.3972981, 25.1223958], [121.3974754, 25.1224962], [121.3975361, 25.1225117], [121.3975997, 25.1225168], [121.3976585, 25.1225125], [121.3977163, 25.1224868], [121.3977381, 25.1224713], [121.397759, 25.1224361], [121.3977476, 25.1223949], [121.398034, 25.1223374]]}}, {"type": "Feature", "properties": {"county": "新北市", "district": "八里區", "highway": "residential", "name": null}, "geometry": {"type": "LineString", "coordinates": [[121.3962127, 25.1243617], [121.396029, 25.1241492], [121.3955248, 25.1240375], [121.3954336, 25.1241006], [121.3953961, 25.1241589], [121.3953585, 25.1243338], [121.3952995, 25.1243726], [121.3951815, 25.1243581], [121.394849, 25.1241346], [121.3947095, 25.1241104], [121.3946022, 25.1241346], [121.3945325, 25.1241735], [121.3944628, 25.1242658], [121.3944199, 25.1243678], [121.3942536, 25.1246301], [121.3941678, 25.1247175], [121.3941249, 25.1247369], [121.3938191, 25.1246495], [121.393552, 25.1246495]]}}, {"type": "Feature", "properties": {"county": "新北市", "district": "八里區", "highway": "residential", "name": null}, "geometry": {"type": "LineString", "coordinates": [[121.3954214, 25.1260121], [121.395484, 25.1259958], [121.3955191, 25.1259709], [121.395557, 25.1259263], [121.3955855, 25.1258807], [121.3956888, 25.125673], [121.3957068, 25.1255356], [121.3957125, 25.1253991], [121.3957448, 25.1252557], [121.3957875, 25.1251776], [121.3959269, 25.1250196], [121.3960065, 25.1249209], [121.3960094, 25.1248968], [121.3959202, 25.1248118], [121.3958842, 25.1247698], [121.3959088, 25.1246933], [121.3959629, 25.1246341], [121.3959923, 25.1246161], [121.3960539, 25.1245998], [121.3961203, 25.1245341], [121.3962127, 25.1243617]]}}, {"type": "Feature", "properties": {"county": "新北市", "district": "八里區", "highway": "residential", "name": null}, "geometry": {"type": "LineString", "coordinates": [[121.3962127, 25.1243617], [121.3965976, 25.1246543], [121.3968457, 25.1247928], [121.3972226, 25.1249591], [121.3974538, 25.1251122], [121.3978903, 25.1253926]]}}, {"type": "Feature", "properties": {"county": "新北市", "district": "八里區", "highway": "residential", "name": null}, "geometry": {"type": "LineString", "coordinates": [[121.4016476, 25.1485578], [121.4018646, 25.1482904]]}}, {"type": "Feature", "properties": {"county": "新北市", "district": "八里區", "highway": "unclassified", "name": null}, "geometry": {"type": "LineString", "coordinates": [[121.4114892, 25.1488629], [121.4117199, 25.1489083], [121.4118443, 25.1488874]]}}, {"type": "Feature", "properties": {"county": "新北市", "district": "八里區", "highway": "residential", "name": null}, "geometry": {"type": "LineString", "coordinates": [[121.4070958, 25.1139383], [121.4072084, 25.1143657], [121.4076376, 25.1146572], [121.4077073, 25.1147446], [121.4078468, 25.1151089], [121.4080077, 25.1158375], [121.408056, 25.1159444], [121.4082813, 25.1162067], [121.4084583, 25.1163475], [121.4089894, 25.116877], [121.4090216, 25.1169401], [121.4090055, 25.1173967], [121.409043, 25.1175035], [121.4091986, 25.117795], [121.40922, 25.1179116], [121.4092147, 25.1180718], [121.4092629, 25.1184313], [121.4093005, 25.1185964], [121.4094507, 25.1189607], [121.4095151, 25.1190773], [121.4097028, 25.1193202], [121.4099227, 25.1194562], [121.4100837, 25.1196165], [121.4103841, 25.1200682], [121.4105179, 25.1202528], [121.4105969, 25.1205727], [121.4104373, 25.120797], [121.4103081, 25.1209457]]}}, {"type": "Feature", "properties": {"county": "新北市", "district": "八里區", "highway": "residential", "name": null}, "geometry": {"type": "LineString", "coordinates": [[121.4145845, 25.1112292], [121.4145148, 25.111188], [121.4144826, 25.111103], [121.4145443, 25.1107799], [121.414536, 25.1106351], [121.4142141, 25.1106254], [121.4138762, 25.1104797], [121.4137235, 25.1104229], [121.4136296, 25.1104642], [121.4136296, 25.1105298], [121.4136806, 25.1106464], [121.4139405, 25.1111015], [121.4139461, 25.1111904], [121.4138254, 25.111392], [121.4137756, 25.1118387]]}}, {"type": "Feature", "properties": {"county": "新北市", "district": "八里區", "highway": "residential", "name": null}, "geometry": {"type": "LineString", "coordinates": [[121.413512, 25.1135], [121.4138976, 25.113608], [121.4141497, 25.1138266], [121.4143053, 25.1140695], [121.414434, 25.1141909], [121.4146164, 25.1143075], [121.4146647, 25.1143269], [121.4147505, 25.1143318], [121.4148203, 25.1143026], [121.4148739, 25.1142589], [121.4150241, 25.1140986]]}}, {"type": "Feature", "properties": {"county": "新北市", "district": "八里區", "highway": "residential", "name": null}, "geometry": {"type": "LineString", "coordinates": [[121.4134436, 25.1150325], [121.4129846, 25.1149912], [121.4125393, 25.1148297], [121.4120108, 25.1145941], [121.4118728, 25.114695], [121.4117239, 25.1149075], [121.4116676, 25.1149609], [121.4116113, 25.1149548], [121.4115791, 25.1149232], [121.4115804, 25.1148747], [121.411618, 25.1148382], [121.411732, 25.1147812], [121.411787, 25.1147435], [121.4117655, 25.1146027], [121.4116904, 25.1144327], [121.4114571, 25.1142238], [121.4111567, 25.1140708], [121.4110896, 25.1139081], [121.4110413, 25.1137089], [121.4106164, 25.1136888], [121.4105936, 25.1136414], [121.4106363, 25.113361], [121.4106913, 25.1133027]]}}, {"type": "Feature", "properties": {"county": "新北市", "district": "八里區", "highway": "residential", "name": null}, "geometry": {"type": "LineString", "coordinates": [[121.4188331, 25.11508], [121.4186936, 25.1151092], [121.4185166, 25.1150606], [121.4182216, 25.1152306], [121.4179802, 25.1153277], [121.4177174, 25.1153908], [121.4173473, 25.1155705], [121.4163067, 25.1155608]]}}, {"type": "Feature", "properties": {"county": "新北市", "district": "八里區", "highway": "residential", "name": null}, "geometry": {"type": "LineString", "coordinates": [[121.4188331, 25.11508], [121.418876, 25.115114], [121.4189082, 25.1151674], [121.4189672, 25.115352], [121.4190047, 25.1156336]]}}, {"type": "Feature", "properties": {"county": "新北市", "district": "八里區", "highway": "residential", "name": null}, "geometry": {"type": "LineString", "coordinates": [[121.418935, 25.1146576], [121.4186882, 25.1145896], [121.4185273, 25.1142885], [121.4183128, 25.1141234]]}}, {"type": "Feature", "properties": {"county": "新北市", "district": "八里區", "highway": "residential", "name": null}, "geometry": {"type": "LineString", "coordinates": [[121.418935, 25.1146576], [121.4188599, 25.1148421], [121.4188331, 25.11508]]}}, {"type": "Feature", "properties": {"county": "新北市", "district": "八里區", "highway": "residential", "name": null}, "geometry": {"type": "LineString", "coordinates": [[121.418935, 25.1146576], [121.4192879, 25.1144709], [121.4194368, 25.1144064], [121.4195442, 25.1143717], [121.4197944, 25.1142327], [121.4198575, 25.114129], [121.4200664, 25.1137828], [121.4201703, 25.1137795], [121.4202911, 25.1137266], [121.4203302, 25.1137527]]}}, {"type": "Feature", "properties": {"county": "新北市", "district": "八里區", "highway": "residential", "name": null}, "geometry": {"type": "LineString", "coordinates": [[121.429637, 25.1170824], [121.429755, 25.1173495], [121.4300075, 25.1178241]]}}, {"type": "Feature", "properties": {"county": "新北市", "district": "八里區", "highway": "residential", "name": "民義路二段22巷19弄"}, "geometry": {"type": "LineString", "coordinates": [[121.4203049, 25.0983195], [121.4202491, 25.098609], [121.4197288, 25.099221], [121.4197074, 25.0993181]]}}, {"type": "Feature", "properties": {"county": "新北市", "district": "八里區", "highway": "residential", "name": null}, "geometry": {"type": "LineString", "coordinates": [[121.4193039, 25.0959757], [121.4192677, 25.0959943], [121.4191808, 25.0960125], [121.419044, 25.0960019], [121.4186749, 25.0958983], [121.4182591, 25.0958813], [121.418007, 25.0959348], [121.4177898, 25.095908], [121.4175993, 25.0958959], [121.4171165, 25.0959566], [121.4168134, 25.0960125]]}}, {"type": "Feature", "properties": {"county": "新北市", "district": "八里區", "highway": "residential", "name": null}, "geometry": {"type": "LineString", "coordinates": [[121.4200077, 25.0969158], [121.4199796, 25.0967851]]}}, {"type": "Feature", "properties": {"county": "新北市", "district": "八里區", "highway": "residential", "name": null}, "geometry": {"type": "LineString", "coordinates": [[121.4285037, 25.0942736], [121.428426, 25.0943538], [121.4285333, 25.094601], [121.4285715, 25.0949514], [121.4282961, 25.0952998], [121.4281727, 25.095494], [121.4280386, 25.0957612], [121.427926, 25.0959263], [121.4277329, 25.0961206], [121.4275183, 25.0964751]]}}, {"type": "Feature", "properties": {"county": "新北市", "district": "八里區", "highway": "residential", "name": null}, "geometry": {"type": "LineString", "coordinates": [[121.4344114, 25.0907441], [121.4341111, 25.0907976], [121.4338643, 25.0907781], [121.43377, 25.0907263]]}}, {"type": "Feature", "properties": {"county": "新北市", "district": "八里區", "highway": "residential", "name": null}, "geometry": {"type": "LineString", "coordinates": [[121.4344114, 25.0907441], [121.4344865, 25.0908121], [121.4346421, 25.0908558], [121.4347708, 25.0908413], [121.434862, 25.0907295], [121.4345133, 25.0906858], [121.4344114, 25.0907441]]}}, {"type": "Feature", "properties": {"county": "新北市", "district": "八里區", "highway": "residential", "name": null}, "geometry": {"type": "LineString", "coordinates": [[121.3947206, 25.1156919], [121.3951271, 25.1155165]]}}, {"type": "Feature", "properties": {"county": "新北市", "district": "八里區", "highway": "unclassified", "name": null}, "geometry": {"type": "LineString", "coordinates": [[121.3844951, 25.1395691], [121.3847168, 25.1396647], [121.3848165, 25.1397382], [121.3850925, 25.1399597], [121.3852774, 25.1401674], [121.3853277, 25.1402404], [121.3854898, 25.14037], [121.3856947, 25.1406834], [121.3858492, 25.1408697], [121.3860379, 25.1409941], [121.386146, 25.1411305], [121.3861946, 25.1412544]]}}, {"type": "Feature", "properties": {"county": "新北市", "district": "八里區", "highway": "residential", "name": null}, "geometry": {"type": "LineString", "coordinates": [[121.3881087, 25.1405242], [121.3878106, 25.1408642], [121.3874673, 25.14101], [121.3873761, 25.1410682], [121.3872849, 25.1412237], [121.3872689, 25.1415783]]}}, {"type": "Feature", "properties": {"county": "新北市", "district": "八里區", "highway": "unclassified", "name": null}, "geometry": {"type": "LineString", "coordinates": [[121.3828111, 25.1307296], [121.3826931, 25.1305839], [121.382457, 25.1303896], [121.3822747, 25.1302974], [121.3821244, 25.1301759], [121.3819796, 25.1300302], [121.3819152, 25.1299331], [121.3816309, 25.1296077], [121.3816202, 25.1295543], [121.3817865, 25.1293746], [121.3821439, 25.129292]]}}, {"type": "Feature", "properties": {"county": "新北市", "district": "八里區", "highway": "unclassified", "name": null}, "geometry": {"type": "LineString", "coordinates": [[121.3834888, 25.1304695], [121.3836812, 25.1302085]]}}, {"type": "Feature", "properties": {"county": "新北市", "district": "八里區", "highway": "unclassified", "name": null}, "geometry": {"type": "LineString", "coordinates": [[121.3827466, 25.1300306], [121.383283, 25.1296951]]}}, {"type": "Feature", "properties": {"county": "新北市", "district": "八里區", "highway": "unclassified", "name": null}, "geometry": {"type": "LineString", "coordinates": [[121.3846238, 25.1309488], [121.3842112, 25.1316229], [121.3842112, 25.1317443], [121.3842917, 25.1318706], [121.384407, 25.1319795], [121.3846095, 25.1320633]]}}, {"type": "Feature", "properties": {"county": "新北市", "district": "八里區", "highway": "unclassified", "name": "下罟子產業道路"}, "geometry": {"type": "LineString", "coordinates": [[121.3785705, 25.1315638], [121.3777524, 25.1314096], [121.3773823, 25.1313027], [121.3768633, 25.1313003]]}}, {"type": "Feature", "properties": {"county": "新北市", "district": "八里區", "highway": "unclassified", "name": "下罟子產業道路"}, "geometry": {"type": "LineString", "coordinates": [[121.3785705, 25.1315638], [121.3797587, 25.131701], [121.3801296, 25.1318641], [121.3801935, 25.1322546], [121.3803195, 25.1325731], [121.3806871, 25.1327965], [121.3807994, 25.133004], [121.3809548, 25.1332909], [121.3813276, 25.1335666], [121.3814384, 25.1338286]]}}, {"type": "Feature", "properties": {"county": "新北市", "district": "八里區", "highway": "unclassified", "name": null}, "geometry": {"type": "LineString", "coordinates": [[121.3800593, 25.1265108], [121.3798716, 25.1265583], [121.3796945, 25.1265971], [121.379598, 25.1267331], [121.3795175, 25.1268933], [121.3795229, 25.1270002], [121.3795765, 25.127073], [121.3796731, 25.1271847], [121.3798501, 25.1273546], [121.3800003, 25.1275197], [121.3800808, 25.1276508], [121.3801612, 25.1277819], [121.3803126, 25.1279169], [121.3803971, 25.1280298], [121.3804239, 25.1281282], [121.3803515, 25.1283091], [121.3800082, 25.1285519], [121.3799223, 25.1286709], [121.3800403, 25.1289138], [121.3801503, 25.1290376], [121.3802871, 25.1290765], [121.3803703, 25.1291178], [121.38033, 25.1292635], [121.3802388, 25.1293994], [121.3802469, 25.1295476], [121.3803729, 25.1296933], [121.3804883, 25.1297807], [121.3807257, 25.1297288], [121.3810435, 25.1296593], [121.3813788, 25.1295354], [121.3816202, 25.1295543]]}}, {"type": "Feature", "properties": {"county": "新北市", "district": "八里區", "highway": "residential", "name": null}, "geometry": {"type": "LineString", "coordinates": [[121.3895901, 25.1281492], [121.389388, 25.1280735], [121.3893236, 25.127889], [121.3892539, 25.1278258], [121.3890393, 25.1276559], [121.3888595, 25.1275455], [121.3886902, 25.127239], [121.3884185, 25.1271726], [121.3882667, 25.1270524], [121.3880937, 25.1270209], [121.388022, 25.1270928], [121.3880133, 25.127298], [121.3879742, 25.1274158]]}}, {"type": "Feature", "properties": {"county": "新北市", "district": "八里區", "highway": "residential", "name": null}, "geometry": {"type": "LineString", "coordinates": [[121.3881338, 25.1285135], [121.3886478, 25.1288262], [121.3888685, 25.1290332]]}}, {"type": "Feature", "properties": {"county": "新北市", "district": "八里區", "highway": "residential", "name": null}, "geometry": {"type": "LineString", "coordinates": [[121.4163282, 25.1192092], [121.4166124, 25.119112], [121.4167465, 25.1190051], [121.4178445, 25.1184317]]}}, {"type": "Feature", "properties": {"county": "新北市", "district": "八里區", "highway": "residential", "name": null}, "geometry": {"type": "LineString", "coordinates": [[121.4162032, 25.1160186], [121.416045, 25.1162104], [121.4157312, 25.1164059], [121.4154737, 25.1168188], [121.415408, 25.1169645], [121.4155219, 25.1171345], [121.4157593, 25.1172644], [121.4157486, 25.1175097], [121.4159752, 25.1177562], [121.4161402, 25.1177404], [121.4166029, 25.1176748], [121.4164285, 25.1174842], [121.4170764, 25.117487], [121.4172668, 25.1174797], [121.4176906, 25.1172222], [121.4179105, 25.1171396], [121.4179641, 25.1171445], [121.4180231, 25.1172319], [121.4179963, 25.1177518], [121.4181411, 25.1181622]]}}, {"type": "Feature", "properties": {"county": "新北市", "district": "八里區", "highway": "residential", "name": null}, "geometry": {"type": "LineString", "coordinates": [[121.4145413, 25.1202921], [121.414477, 25.1204767], [121.4143536, 25.1206079], [121.4142463, 25.1206759], [121.4137986, 25.1207797]]}}, {"type": "Feature", "properties": {"county": "新北市", "district": "八里區", "highway": "unclassified", "name": null}, "geometry": {"type": "LineString", "coordinates": [[121.4208962, 25.1243988], [121.421304, 25.124421], [121.421567, 25.1244356]]}}, {"type": "Feature", "properties": {"county": "新北市", "district": "八里區", "highway": "unclassified", "name": null}, "geometry": {"type": "LineString", "coordinates": [[121.4416452, 25.117341], [121.4411973, 25.1174029], [121.4409023, 25.1175777]]}}, {"type": "Feature", "properties": {"county": "新北市", "district": "八里區", "highway": "residential", "name": null}, "geometry": {"type": "LineString", "coordinates": [[121.4462079, 25.1151466], [121.4457732, 25.1153132], [121.4450384, 25.1157162], [121.4448936, 25.1157162], [121.4447166, 25.1156336], [121.4445449, 25.1155802], [121.4444591, 25.1155802], [121.4443089, 25.1156142], [121.4439495, 25.1155317]]}}, {"type": "Feature", "properties": {"county": "新北市", "district": "八里區", "highway": "residential", "name": null}, "geometry": {"type": "LineString", "coordinates": [[121.4543782, 25.1102653], [121.4547481, 25.1100778], [121.4550163, 25.1100632]]}}, {"type": "Feature", "properties": {"county": "新北市", "district": "八里區", "highway": "residential", "name": "龍米路一段11巷"}, "geometry": {"type": "LineString", "coordinates": [[121.4577031, 25.1151332], [121.4572959, 25.1151824], [121.4570975, 25.1153086], [121.4569151, 25.115566], [121.4568346, 25.1160031], [121.4567488, 25.1163285], [121.4567703, 25.1165956], [121.457006, 25.1168639]]}}, {"type": "Feature", "properties": {"county": "新北市", "district": "八里區", "highway": "residential", "name": null}, "geometry": {"type": "LineString", "coordinates": [[121.4568346, 25.1160031], [121.456893, 25.1160175], [121.4571951, 25.1159656]]}}, {"type": "Feature", "properties": {"county": "新北市", "district": "八里區", "highway": "residential", "name": "御史路92巷"}, "geometry": {"type": "LineString", "coordinates": [[121.439851, 25.1006677], [121.4397919, 25.1006726], [121.4397329, 25.1006774], [121.4396471, 25.1006386], [121.4395666, 25.1005948], [121.4394915, 25.1005268], [121.4393521, 25.1003908], [121.4392931, 25.1003422], [121.439175, 25.1002547], [121.4390785, 25.1001721], [121.438998, 25.1000944], [121.4389229, 25.1000069], [121.4388478, 25.0998952], [121.4387888, 25.0997932], [121.4387888, 25.0997592], [121.4387995, 25.0997154], [121.4389444, 25.0995988], [121.4390892, 25.0994774], [121.4395613, 25.0992247], [121.4397973, 25.0991421], [121.4403981, 25.0990644], [121.4407629, 25.0989575], [121.4417285, 25.0988312], [121.4423347, 25.0988215], [121.4425224, 25.0985542], [121.4426244, 25.0984765], [121.4427209, 25.0984425], [121.4430964, 25.0987729], [121.4432305, 25.0988652], [121.4433432, 25.0988846], [121.44359, 25.0988846], [121.4437402, 25.0989041], [121.4444751, 25.0988749]]}}, {"type": "Feature", "properties": {"county": "新北市", "district": "八里區", "highway": "residential", "name": null}, "geometry": {"type": "LineString", "coordinates": [[121.4423347, 25.0988215], [121.4425011, 25.0991473]]}}, {"type": "Feature", "properties": {"county": "新北市", "district": "八里區", "highway": "residential", "name": null}, "geometry": {"type": "LineString", "coordinates": [[121.4430964, 25.0987729], [121.4431606, 25.0986811], [121.4431606, 25.0985791], [121.4434235, 25.0977487], [121.4432626, 25.0976467], [121.4429729, 25.0975496]]}}, {"type": "Feature", "properties": {"county": "新北市", "district": "八里區", "highway": "residential", "name": "御史路92巷"}, "geometry": {"type": "LineString", "coordinates": [[121.4387998, 25.099055], [121.4389017, 25.0992444], [121.4390251, 25.0994144], [121.4390892, 25.0994774]]}}, {"type": "Feature", "properties": {"county": "新北市", "district": "八里區", "highway": "residential", "name": null}, "geometry": {"type": "LineString", "coordinates": [[121.4387998, 25.099055], [121.4385369, 25.0991764], [121.4382687, 25.0993464], [121.4377752, 25.0997155], [121.4375874, 25.0998029]]}}, {"type": "Feature", "properties": {"county": "新北市", "district": "八里區", "highway": "residential", "name": "御史路92巷"}, "geometry": {"type": "LineString", "coordinates": [[121.4387998, 25.099055], [121.4392664, 25.0986859], [121.4397385, 25.0981906], [121.4397707, 25.0981226], [121.4397814, 25.0977244], [121.4399853, 25.0971805], [121.4400186, 25.0969355], [121.4399904, 25.0968808], [121.4399408, 25.0968553], [121.4398965, 25.0968578], [121.4398576, 25.0968906], [121.4397906, 25.0970278], [121.4397289, 25.0970776], [121.4396672, 25.097091], [121.4396082, 25.0970812], [121.4395492, 25.0970399], [121.4395224, 25.0969659], [121.4395304, 25.0966003], [121.4395586, 25.0965286], [121.4396203, 25.096293], [121.4398, 25.0960574], [121.4400494, 25.0958048], [121.4400883, 25.0957368], [121.440099, 25.0956821], [121.4400977, 25.0956105], [121.4400668, 25.095534], [121.4399931, 25.0954113], [121.439973, 25.0953542], [121.4399703, 25.0950907], [121.4399555, 25.0950309]]}}, {"type": "Feature", "properties": {"county": "新北市", "district": "八里區", "highway": "residential", "name": null}, "geometry": {"type": "LineString", "coordinates": [[121.4298089, 25.1028985], [121.4295032, 25.1027568], [121.429369, 25.1024653], [121.4293315, 25.1024264], [121.4290418, 25.1022661], [121.4287146, 25.1021349], [121.4286395, 25.1020669], [121.4286127, 25.1020086], [121.4286342, 25.1018482], [121.4288541, 25.1011826], [121.4289185, 25.1008668], [121.4289399, 25.1006773], [121.4289345, 25.0998708], [121.4289506, 25.0997396], [121.4290204, 25.0995938], [121.4292242, 25.0993849], [121.4292564, 25.0992683], [121.4292691, 25.0992189]]}}, {"type": "Feature", "properties": {"county": "新北市", "district": "八里區", "highway": "residential", "name": null}, "geometry": {"type": "LineString", "coordinates": [[121.4329415, 25.1027139], [121.4324158, 25.1022914], [121.4322978, 25.1022428], [121.4321852, 25.1022476], [121.4320028, 25.1023108], [121.4312871, 25.1027285]]}}, {"type": "Feature", "properties": {"county": "新北市", "district": "八里區", "highway": "residential", "name": null}, "geometry": {"type": "LineString", "coordinates": [[121.4223675, 25.1057421], [121.4224057, 25.105486], [121.4223628, 25.10518], [121.4223387, 25.1051232], [121.422336, 25.1051169], [121.4221375, 25.1049517], [121.4217674, 25.1042862], [121.4216333, 25.1040968], [121.4213812, 25.1038733], [121.4212953, 25.1037567], [121.421231, 25.1035964], [121.4211559, 25.1032952], [121.4210003, 25.1028678], [121.4209735, 25.1027463], [121.4209735, 25.1026395], [121.4209038, 25.1023917], [121.4209199, 25.1021343], [121.4212095, 25.1013862]]}}, {"type": "Feature", "properties": {"county": "新北市", "district": "八里區", "highway": "residential", "name": null}, "geometry": {"type": "LineString", "coordinates": [[121.4201129, 25.1064592], [121.4201418, 25.1060403], [121.419997, 25.1057585], [121.4196591, 25.1053552], [121.4195625, 25.1051414], [121.4194982, 25.1048791], [121.4194982, 25.1047576], [121.4195518, 25.1043106], [121.4195304, 25.1041989], [121.4193641, 25.1037714], [121.4189189, 25.1032272]]}}, {"type": "Feature", "properties": {"county": "新北市", "district": "八里區", "highway": "residential", "name": null}, "geometry": {"type": "LineString", "coordinates": [[121.4235268, 25.1065401], [121.4237092, 25.1062633], [121.4235161, 25.1058406], [121.4234667, 25.1056512]]}}, {"type": "Feature", "properties": {"county": "新北市", "district": "八里區", "highway": "residential", "name": null}, "geometry": {"type": "LineString", "coordinates": [[121.4189242, 25.1073192], [121.4189779, 25.1082849]]}}, {"type": "Feature", "properties": {"county": "新北市", "district": "八里區", "highway": "residential", "name": null}, "geometry": {"type": "LineString", "coordinates": [[121.3990787, 25.1092596], [121.399135, 25.1094101], [121.3991806, 25.1095], [121.3990867, 25.1097939], [121.3988748, 25.1099639], [121.3987756, 25.1100173], [121.3986012, 25.1101315], [121.3983437, 25.1102845], [121.398038, 25.1103719], [121.3975874, 25.1105468], [121.3973169, 25.1105783]]}}, {"type": "Feature", "properties": {"county": "新北市", "district": "八里區", "highway": "residential", "name": null}, "geometry": {"type": "LineString", "coordinates": [[121.4084799, 25.1050687], [121.4082064, 25.1052532], [121.4079288, 25.1054041], [121.4080115, 25.105495], [121.4081874, 25.1056432], [121.4082692, 25.1058432], [121.408449, 25.1060083]]}}, {"type": "Feature", "properties": {"county": "新北市", "district": "八里區", "highway": "residential", "name": null}, "geometry": {"type": "LineString", "coordinates": [[121.4027076, 25.1037242], [121.4035602, 25.1036999]]}}, {"type": "Feature", "properties": {"county": "新北市", "district": "八里區", "highway": "residential", "name": null}, "geometry": {"type": "LineString", "coordinates": [[121.397496, 25.109886], [121.3974286, 25.1097328], [121.3973169, 25.1096027], [121.3972809, 25.1094075], [121.3972465, 25.1087152], [121.3971753, 25.1085403], [121.3968724, 25.1084379], [121.3967502, 25.1084898], [121.396447, 25.1085585], [121.3961996, 25.108609], [121.3960303, 25.108706], [121.395953, 25.1088185], [121.3959907, 25.1091485], [121.396194, 25.1096132], [121.3962403, 25.1099385], [121.3962398, 25.1101889], [121.3962636, 25.1103184]]}}, {"type": "Feature", "properties": {"county": "新北市", "district": "八里區", "highway": "residential", "name": null}, "geometry": {"type": "LineString", "coordinates": [[121.3978207, 25.1119613], [121.3975042, 25.1117184], [121.3972628, 25.1116115], [121.3970858, 25.111597], [121.3968712, 25.111631], [121.3967164, 25.1113029]]}}, {"type": "Feature", "properties": {"county": "新北市", "district": "八里區", "highway": "residential", "name": null}, "geometry": {"type": "LineString", "coordinates": [[121.3957205, 25.1206759], [121.3956475, 25.120767], [121.3955946, 25.1209565], [121.3955831, 25.121059], [121.3956327, 25.1211507], [121.3956682, 25.1212922], [121.3956615, 25.1213729], [121.3956495, 25.121447], [121.3955998, 25.1215046], [121.3954818, 25.1215678], [121.395219, 25.1216325], [121.3951749, 25.1218832], [121.3950563, 25.1219999], [121.3949548, 25.1221158], [121.3948458, 25.1222962], [121.3947889, 25.1225254], [121.3947514, 25.1226104]]}}, {"type": "Feature", "properties": {"county": "新北市", "district": "八里區", "highway": "unclassified", "name": null}, "geometry": {"type": "LineString", "coordinates": [[121.3819374, 25.1287084], [121.3819417, 25.1288263], [121.3820608, 25.12914], [121.3821439, 25.129292], [121.3821789, 25.129356], [121.382325, 25.1296439], [121.3823797, 25.1297125], [121.3825932, 25.1298916], [121.3827466, 25.1300306], [121.3828048, 25.1300834], [121.3831756, 25.13024], [121.3833013, 25.1303578], [121.3833804, 25.1304161], [121.3834888, 25.1304695], [121.3841985, 25.1308157], [121.3844265, 25.1309005], [121.3846238, 25.1309488], [121.3848704, 25.1310147], [121.3850189, 25.1310694], [121.3852218, 25.1311919], [121.3853462, 25.1312483], [121.3854393, 25.1312628], [121.3855329, 25.1312138], [121.3856489, 25.13116], [121.3859808, 25.131164], [121.3861847, 25.1311373], [121.3863416, 25.1311326], [121.3867003, 25.131317], [121.3870365, 25.1314731]]}}, {"type": "Feature", "properties": {"county": "新北市", "district": "八里區", "highway": "unclassified", "name": null}, "geometry": {"type": "LineString", "coordinates": [[121.3819344, 25.1286273], [121.3819374, 25.1287084]]}}, {"type": "Feature", "properties": {"county": "新北市", "district": "八里區", "highway": "residential", "name": null}, "geometry": {"type": "LineString", "coordinates": [[121.4050183, 25.0951158], [121.4061355, 25.0948252]]}}, {"type": "Feature", "properties": {"county": "新北市", "district": "八里區", "highway": "residential", "name": null}, "geometry": {"type": "LineString", "coordinates": [[121.4047437, 25.0943238], [121.405288, 25.0942072], [121.4056527, 25.0940954]]}}, {"type": "Feature", "properties": {"county": "新北市", "district": "八里區", "highway": "residential", "name": null}, "geometry": {"type": "LineString", "coordinates": [[121.4048412, 25.0946056], [121.4043438, 25.0947417], [121.4039361, 25.0948777]]}}, {"type": "Feature", "properties": {"county": "新北市", "district": "八里區", "highway": "residential", "name": null}, "geometry": {"type": "LineString", "coordinates": [[121.4041561, 25.0916718], [121.4044404, 25.0918117], [121.4048374, 25.09187], [121.4051592, 25.0918554], [121.4053202, 25.0918166]]}}, {"type": "Feature", "properties": {"county": "新北市", "district": "八里區", "highway": "residential", "name": null}, "geometry": {"type": "LineString", "coordinates": [[121.4032817, 25.0940517], [121.4045736, 25.0936922]]}}, {"type": "Feature", "properties": {"county": "新北市", "district": "八里區", "highway": "residential", "name": "粉寮路二段160巷"}, "geometry": {"type": "LineString", "coordinates": [[121.4041963, 25.0906127], [121.404781, 25.0907147], [121.4048481, 25.0904329], [121.4052129, 25.0906078], [121.4053792, 25.0907123], [121.4055294, 25.0908605], [121.4058486, 25.0909673]]}}, {"type": "Feature", "properties": {"county": "新北市", "district": "八里區", "highway": "residential", "name": "粉寮路二段160巷"}, "geometry": {"type": "LineString", "coordinates": [[121.4048481, 25.0904329], [121.4042795, 25.090258]]}}, {"type": "Feature", "properties": {"county": "新北市", "district": "八里區", "highway": "residential", "name": "粉寮路二段88巷"}, "geometry": {"type": "LineString", "coordinates": [[121.4070019, 25.091237], [121.4070636, 25.0909188], [121.4071923, 25.0904256], [121.4072701, 25.0901536], [121.407301, 25.0894248], [121.4072742, 25.0888746], [121.40725, 25.08869], [121.4070777, 25.0884981]]}}, {"type": "Feature", "properties": {"county": "新北市", "district": "八里區", "highway": "residential", "name": "粉寮路二段88巷"}, "geometry": {"type": "LineString", "coordinates": [[121.4062884, 25.0900904], [121.4063407, 25.0899143], [121.4063796, 25.0898536], [121.4065164, 25.0897941], [121.4067337, 25.0897831], [121.4068732, 25.0894734], [121.406955, 25.0894309], [121.4072567, 25.0894491], [121.407301, 25.0894248], [121.4073627, 25.0894139], [121.408324, 25.089417], [121.4084313, 25.0893976], [121.4086244, 25.0893976], [121.4093432, 25.089349]]}}, {"type": "Feature", "properties": {"county": "新北市", "district": "八里區", "highway": "residential", "name": "粉寮路二段88巷18弄"}, "geometry": {"type": "LineString", "coordinates": [[121.4058673, 25.0884435], [121.405824, 25.0879695], [121.4056828, 25.0874532], [121.4055508, 25.087122]]}}, {"type": "Feature", "properties": {"county": "新北市", "district": "八里區", "highway": "residential", "name": "粉寮路二段88巷18弄"}, "geometry": {"type": "LineString", "coordinates": [[121.405824, 25.0879695], [121.4059545, 25.0877695], [121.4059998, 25.0875587]]}}, {"type": "Feature", "properties": {"county": "新北市", "district": "八里區", "highway": "residential", "name": null}, "geometry": {"type": "LineString", "coordinates": [[121.4022557, 25.0882634], [121.4034748, 25.087416], [121.4037086, 25.0872932]]}}, {"type": "Feature", "properties": {"county": "新北市", "district": "八里區", "highway": "residential", "name": null}, "geometry": {"type": "LineString", "coordinates": [[121.4051351, 25.0858855], [121.4049446, 25.0856038], [121.404848, 25.085458], [121.4047729, 25.085288], [121.4044296, 25.0850451]]}}, {"type": "Feature", "properties": {"county": "新北市", "district": "八里區", "highway": "residential", "name": "宏昌街8巷"}, "geometry": {"type": "LineString", "coordinates": [[121.4054434, 25.0843406], [121.4057492, 25.0847147], [121.406047, 25.0851616]]}}, {"type": "Feature", "properties": {"county": "新北市", "district": "八里區", "highway": "residential", "name": "宏昌街"}, "geometry": {"type": "LineString", "coordinates": [[121.4018057, 25.0854574], [121.4018462, 25.0854359], [121.4021605, 25.0852783], [121.402359, 25.0852297], [121.4026701, 25.085288], [121.4029169, 25.0853657], [121.4030885, 25.0853657], [121.4044296, 25.0850451], [121.4045315, 25.0849479], [121.4048802, 25.084705], [121.4054434, 25.0843406], [121.4060979, 25.0838839], [121.4067577, 25.0834224], [121.4069883, 25.0832718], [121.4070044, 25.0832718], [121.4071224, 25.0833933], [121.4074282, 25.0837479], [121.4077288, 25.0840928]]}}, {"type": "Feature", "properties": {"county": "新北市", "district": "八里區", "highway": "residential", "name": null}, "geometry": {"type": "LineString", "coordinates": [[121.4083455, 25.0853949], [121.4082811, 25.0853706], [121.4076857, 25.0848604], [121.4069375, 25.0845398]]}}, {"type": "Feature", "properties": {"county": "新北市", "district": "八里區", "highway": "residential", "name": null}, "geometry": {"type": "LineString", "coordinates": [[121.4105639, 25.088684], [121.4106685, 25.0883196], [121.4107758, 25.0880937], [121.4109957, 25.0877973], [121.4112237, 25.0876831], [121.4115456, 25.0876394], [121.4119052, 25.0877167]]}}, {"type": "Feature", "properties": {"county": "新北市", "district": "八里區", "highway": "residential", "name": null}, "geometry": {"type": "LineString", "coordinates": [[121.4070019, 25.091237], [121.4069938, 25.0915688], [121.4069295, 25.0917777], [121.4067697, 25.0924877]]}}, {"type": "Feature", "properties": {"county": "新北市", "district": "八里區", "highway": "residential", "name": null}, "geometry": {"type": "LineString", "coordinates": [[121.4026425, 25.0994095], [121.4030179, 25.0992395], [121.403522, 25.0990453], [121.4036829, 25.0991278], [121.4038384, 25.0991812], [121.4040842, 25.0992819]]}}, {"type": "Feature", "properties": {"county": "新北市", "district": "八里區", "highway": "residential", "name": null}, "geometry": {"type": "LineString", "coordinates": [[121.4030037, 25.100473], [121.4026264, 25.1005167], [121.4016826, 25.1005264]]}}, {"type": "Feature", "properties": {"county": "新北市", "district": "八里區", "highway": "residential", "name": null}, "geometry": {"type": "LineString", "coordinates": [[121.402257, 25.1016016], [121.4029079, 25.1016016]]}}, {"type": "Feature", "properties": {"county": "新北市", "district": "八里區", "highway": "tertiary", "name": "御史路"}, "geometry": {"type": "LineString", "coordinates": [[121.4310302, 25.1013176], [121.4311027, 25.1013224], [121.4312247, 25.1012392], [121.4313628, 25.1011226], [121.4315214, 25.100984], [121.43156, 25.1009714], [121.4315978, 25.1009844], [121.4316243, 25.1010066], [121.4316352, 25.1010422], [121.4316056, 25.1011038], [121.4315439, 25.1011767], [121.4314607, 25.101337], [121.4314379, 25.1014268], [121.4314486, 25.1015082], [121.4314755, 25.1015871], [121.4315459, 25.1017335], [121.4315526, 25.1017954], [121.4315392, 25.1018634], [121.4314929, 25.1019369], [121.4314406, 25.1020061], [121.4314218, 25.1020814], [121.4314071, 25.1021774], [121.43134, 25.1025198], [121.4312871, 25.1027285], [121.4312529, 25.1028635], [121.4312127, 25.1029595], [121.4311416, 25.1030736], [121.4310625, 25.1031586], [121.430916, 25.103213], [121.4307955, 25.1032278], [121.4306668, 25.1032193], [121.430589, 25.1031841], [121.4304589, 25.1030675], [121.4303369, 25.1029577], [121.4302081, 25.1028635], [121.4301169, 25.1028186], [121.4300579, 25.1028077], [121.4300123, 25.1028125], [121.4298997, 25.1028502], [121.4298089, 25.1028985], [121.4297629, 25.102923], [121.429661, 25.103002], [121.4294986, 25.1031623], [121.4294115, 25.1032631], [121.4293324, 25.1033493], [121.4286139, 25.1039126], [121.4285519, 25.1039316], [121.4285017, 25.1039354], [121.4284017, 25.1039073], [121.4282631, 25.103837], [121.4281509, 25.1037713], [121.4279726, 25.1036779], [121.4275907, 25.103531], [121.4274267, 25.1034664], [121.4272751, 25.1034234], [121.4269412, 25.103376], [121.4268393, 25.1033845], [121.4267145, 25.1034149], [121.4266247, 25.103427], [121.4265362, 25.1034307], [121.4264195, 25.1034161], [121.4262961, 25.1033809], [121.4260404, 25.1033157], [121.4259045, 25.1033007], [121.4257718, 25.103291], [121.4257127, 25.103308], [121.4256605, 25.1033493], [121.4256188, 25.103455], [121.42558, 25.1035546], [121.4255317, 25.1036541], [121.4254231, 25.1038071], [121.4253265, 25.1038921], [121.425234, 25.1039978], [121.4251401, 25.1041387], [121.425033, 25.1042643], [121.4249832, 25.1043312], [121.4249738, 25.1044014], [121.4250073, 25.104534], [121.425037, 25.1046813], [121.4250435, 25.1048485], [121.4250148, 25.1050073], [121.4250087, 25.1050647], [121.4249631, 25.1051108], [121.4248719, 25.1051328], [121.4247941, 25.1051266], [121.4247284, 25.1051145], [121.4246372, 25.1051011], [121.4245385, 25.1051103], [121.4244094, 25.105157], [121.4243699, 25.1052476], [121.424404, 25.1058112], [121.4244025, 25.1058799], [121.424379, 25.1059214], [121.4243381, 25.1059491], [121.4242797, 25.1059593], [121.4241611, 25.1059686], [121.4240468, 25.1059641], [121.4237574, 25.1058058], [121.4234667, 25.1056512], [121.4233486, 25.1056301], [121.4232277, 25.1056564], [121.423005, 25.1057002], [121.4227905, 25.1057172], [121.4225683, 25.105749], [121.4223675, 25.1057421], [121.4221943, 25.1059018], [121.4220871, 25.1060117], [121.4220241, 25.106073], [121.4219735, 25.1061084], [121.4219195, 25.1061258], [121.4218719, 25.1061222], [121.4218149, 25.1061112], [121.4217437, 25.1060843], [121.42167, 25.1060408], [121.4215767, 25.106019], [121.4214822, 25.1060211], [121.4212951, 25.1062077], [121.4212019, 25.1062169], [121.4211193, 25.1061811], [121.4208884, 25.1060453], [121.4207474, 25.1060125], [121.4205892, 25.1060913], [121.42051, 25.1061892], [121.4203946, 25.1064021], [121.4202967, 25.1064239], [121.4201129, 25.1064592], [121.4200057, 25.1064834], [121.4199627, 25.1065442], [121.4198657, 25.1066652], [121.4198568, 25.1067652], [121.419834, 25.1068502], [121.4198206, 25.1069316], [121.4197763, 25.1070044], [121.4197133, 25.1071016], [121.4196248, 25.1071501], [121.4193499, 25.1073032], [121.4192587, 25.1073517], [121.4191433, 25.1073775], [121.4190474, 25.1073545], [121.4189824, 25.1073356], [121.4189242, 25.1073192], [121.4188402, 25.1072956], [121.4187464, 25.1073141], [121.4182206, 25.1075837], [121.4182042, 25.1075942], [121.4180946, 25.1076735], [121.417943, 25.1078836], [121.4178934, 25.1080318], [121.4178867, 25.1080561], [121.4178304, 25.1081435], [121.4176266, 25.1081912], [121.4173637, 25.1082698], [121.4172564, 25.1083572], [121.4172231, 25.1084444], [121.4171209, 25.1087859], [121.4170767, 25.1088588], [121.416893, 25.1090373], [121.4168855, 25.109094], [121.4168795, 25.1091527], [121.4169292, 25.1092437], [121.4169922, 25.109398], [121.4170499, 25.1095036], [121.4170566, 25.109591], [121.417023, 25.1096457], [121.4168956, 25.1097671], [121.4167857, 25.1098606], [121.4166904, 25.1098703], [121.4165295, 25.1099274], [121.4163163, 25.1099748], [121.4162224, 25.1100027], [121.4161128, 25.1100564], [121.4160078, 25.1101278], [121.4158871, 25.1101642], [121.4156829, 25.1101925], [121.4155599, 25.1102334], [121.4155156, 25.1102942], [121.4155317, 25.1103816], [121.4157435, 25.1105077], [121.4159904, 25.1106184], [121.4160776, 25.1107107], [121.416087, 25.110783], [121.4160669, 25.1108607], [121.4159542, 25.1109851], [121.4154727, 25.1113397], [121.4153748, 25.1114187], [121.4153507, 25.1115073], [121.4153453, 25.1115991], [121.4153628, 25.1117514], [121.4153585, 25.1118976], [121.4153668, 25.111976], [121.4153085, 25.1120748], [121.4152083, 25.1121536], [121.4150704, 25.1121718], [121.4147432, 25.1121005], [121.4138415, 25.1119773]]}}, {"type": "Feature", "properties": {"county": "新北市", "district": "八里區", "highway": "tertiary", "name": "御史路"}, "geometry": {"type": "LineString", "coordinates": [[121.4309812, 25.101278], [121.4310302, 25.1013176]]}}, {"type": "Feature", "properties": {"county": "新北市", "district": "八里區", "highway": "secondary", "name": "民義路二段"}, "geometry": {"type": "LineString", "coordinates": [[121.4071369, 25.1067702], [121.4070406, 25.1068599], [121.4068226, 25.1070073], [121.4066076, 25.1071173], [121.4064212, 25.1071847], [121.4062094, 25.1073035], [121.4059565, 25.1075124], [121.4058238, 25.1077528], [121.4056658, 25.1080276], [121.405533, 25.1083209], [121.4054998, 25.1085027], [121.4054888, 25.1086901], [121.4054477, 25.1088332], [121.4053861, 25.1089134], [121.4052739, 25.1090193], [121.4051585, 25.1091223], [121.4050542, 25.109264], [121.4049388, 25.1094528], [121.4047682, 25.1096961], [121.4045643, 25.1100209], [121.4044726, 25.1101669], [121.4043747, 25.1102971], [121.4042024, 25.1104674], [121.4040981, 25.1106205], [121.40388, 25.1110827], [121.4036746, 25.1115005], [121.4035687, 25.1117638], [121.4035339, 25.1118711], [121.4035166, 25.1120443], [121.4034992, 25.1123061], [121.403496, 25.1124492], [121.4035071, 25.1125694], [121.4035679, 25.1127824], [121.4036189, 25.1129334], [121.4036297, 25.113009], [121.4035526, 25.1131333], [121.4034131, 25.1133058], [121.4032763, 25.1135073], [121.4031717, 25.1137405], [121.4029705, 25.1139518], [121.402815, 25.1141461], [121.4027077, 25.1142578], [121.4026031, 25.1143841], [121.4025307, 25.1145007], [121.4024636, 25.1145395]]}}, {"type": "Feature", "properties": {"county": "新北市", "district": "八里區", "highway": "secondary", "name": "民義路二段"}, "geometry": {"type": "LineString", "coordinates": [[121.4072008, 25.1067108], [121.4071369, 25.1067702]]}}, {"type": "Feature", "properties": {"county": "新北市", "district": "八里區", "highway": "secondary", "name": "民義路二段"}, "geometry": {"type": "LineString", "coordinates": [[121.4083314, 25.1060877], [121.4082562, 25.1061385], [121.4080635, 25.1062516], [121.4079035, 25.1062847], [121.4076348, 25.1063676], [121.4073785, 25.1065454], [121.4072008, 25.1067108]]}}, {"type": "Feature", "properties": {"county": "新北市", "district": "八里區", "highway": "secondary", "name": "民義路二段"}, "geometry": {"type": "LineString", "coordinates": [[121.4084032, 25.1060392], [121.4083314, 25.1060877]]}}, {"type": "Feature", "properties": {"county": "新北市", "district": "八里區", "highway": "secondary", "name": "民義路二段"}, "geometry": {"type": "LineString", "coordinates": [[121.4140399, 25.1012089], [121.4140372, 25.1012132], [121.4139527, 25.1013526], [121.4138885, 25.1014226], [121.4138119, 25.1014862], [121.4134659, 25.1017574], [121.4132679, 25.1019392], [121.4130413, 25.1020711], [121.4128424, 25.1021844], [121.4126524, 25.1023767], [121.4124893, 25.1025811], [121.4122792, 25.1027349], [121.4119015, 25.1030223], [121.411603, 25.1032618], [121.4112467, 25.1036456], [121.4108935, 25.1039844], [121.4106696, 25.1042115], [121.4102808, 25.1045079], [121.4098077, 25.1049223], [121.4093795, 25.1053216], [121.408449, 25.1060083], [121.4084032, 25.1060392]]}}, {"type": "Feature", "properties": {"county": "新北市", "district": "八里區", "highway": "secondary", "name": "民義路二段"}, "geometry": {"type": "LineString", "coordinates": [[121.4140644, 25.1011704], [121.4140399, 25.1012089]]}}, {"type": "Feature", "properties": {"county": "新北市", "district": "八里區", "highway": "tertiary", "name": null}, "geometry": {"type": "LineString", "coordinates": [[121.3970642, 25.1106234], [121.3970432, 25.1106815], [121.3970182, 25.1107686], [121.39699, 25.1108694], [121.3968183, 25.1111183], [121.3967164, 25.1113029], [121.3966131, 25.1113976], [121.3965394, 25.1114608], [121.396489, 25.1115416], [121.3964307, 25.1117024], [121.3963986, 25.1119125], [121.3964026, 25.1121104], [121.3963893, 25.1122871], [121.3963288, 25.1124407], [121.3962524, 25.1125695], [121.3962309, 25.1127407], [121.3962484, 25.1129192], [121.3962638, 25.1131651], [121.396247, 25.1132507], [121.3961853, 25.1133466], [121.3960016, 25.1135227], [121.3958425, 25.1137184], [121.3958098, 25.1137972], [121.3958051, 25.1139058], [121.3958742, 25.1142112], [121.3959546, 25.114515], [121.3959708, 25.1146484], [121.3959252, 25.114782], [121.3958447, 25.114952], [121.395707, 25.1151369], [121.395445, 25.1153163], [121.3952575, 25.1154428], [121.3951271, 25.1155165], [121.3949491, 25.1158799], [121.3948776, 25.1161141], [121.3947855, 25.1168343], [121.3947375, 25.1171887], [121.3947305, 25.1172433], [121.3947172, 25.1173469], [121.3946205, 25.1177511], [121.3945897, 25.1179843], [121.3945843, 25.1181956], [121.3945548, 25.118317], [121.3945186, 25.1183886], [121.3944583, 25.1184481], [121.3943657, 25.1186133], [121.3942973, 25.1189035], [121.3942504, 25.1191876], [121.3942118, 25.1193314], [121.3941464, 25.1194752], [121.3940311, 25.1197219], [121.3939493, 25.1198409], [121.3938487, 25.1200145], [121.3937633, 25.1201859], [121.393659, 25.1202805], [121.3934068, 25.1204747], [121.3932447, 25.1206217], [121.3931842, 25.1207358], [121.3931652, 25.1209009], [121.3931359, 25.1211389], [121.3931419, 25.1212562], [121.3931762, 25.1216902], [121.3932084, 25.1219403], [121.3932553, 25.1221006], [121.3933143, 25.1222949], [121.3933944, 25.122533], [121.3933931, 25.1225378]]}}, {"type": "Feature", "properties": {"county": "新北市", "district": "八里區", "highway": "residential", "name": null}, "geometry": {"type": "LineString", "coordinates": [[121.3971525, 25.11062], [121.3971315, 25.1105592]]}}, {"type": "Feature", "properties": {"county": "新北市", "district": "八里區", "highway": "residential", "name": null}, "geometry": {"type": "LineString", "coordinates": [[121.3973169, 25.1105783], [121.3971525, 25.11062]]}}, {"type": "Feature", "properties": {"county": "新北市", "district": "八里區", "highway": "residential", "name": null}, "geometry": {"type": "LineString", "coordinates": [[121.3957524, 25.1106911], [121.3959388, 25.1105277], [121.3961349, 25.1104326], [121.3962907, 25.1104034], [121.3967331, 25.1102565], [121.3968343, 25.110412], [121.3969309, 25.110602], [121.3970432, 25.1106815]]}}, {"type": "Feature", "properties": {"county": "新北市", "district": "八里區", "highway": "residential", "name": null}, "geometry": {"type": "LineString", "coordinates": [[121.3962636, 25.1103184], [121.3962907, 25.1104034]]}}, {"type": "Feature", "properties": {"county": "新北市", "district": "八里區", "highway": "unclassified", "name": "竹林路"}, "geometry": {"type": "LineString", "coordinates": [[121.3905172, 25.08213], [121.3904194, 25.0820235], [121.3902559, 25.0818386], [121.390119, 25.0816796], [121.3900883, 25.081643], [121.3900766, 25.081629], [121.3899526, 25.0814808], [121.3898863, 25.0814017], [121.3891788, 25.0805565], [121.3882279, 25.079076]]}}, {"type": "Feature", "properties": {"county": "新北市", "district": "八里區", "highway": "unclassified", "name": "竹林路"}, "geometry": {"type": "LineString", "coordinates": [[121.3906166, 25.0822373], [121.3905172, 25.08213]]}}, {"type": "Feature", "properties": {"county": "新北市", "district": "八里區", "highway": "residential", "name": "文林一街12巷"}, "geometry": {"type": "LineString", "coordinates": [[121.3775699, 25.0868425], [121.3781389, 25.0865219], [121.377753, 25.0859496], [121.3775166, 25.0855989], [121.3773235, 25.0853025], [121.3772753, 25.0852783], [121.3772055, 25.085322], [121.3767931, 25.0856787]]}}, {"type": "Feature", "properties": {"county": "新北市", "district": "八里區", "highway": "residential", "name": "文林一街11巷"}, "geometry": {"type": "LineString", "coordinates": [[121.3770827, 25.0870934], [121.3763793, 25.0860478], [121.376809, 25.0857012]]}}, {"type": "Feature", "properties": {"county": "新北市", "district": "八里區", "highway": "residential", "name": "文林一街97巷"}, "geometry": {"type": "LineString", "coordinates": [[121.3779608, 25.0874324], [121.3773979, 25.0876644]]}}, {"type": "Feature", "properties": {"county": "新北市", "district": "八里區", "highway": "residential", "name": "文林一街115巷"}, "geometry": {"type": "LineString", "coordinates": [[121.3786002, 25.0871994], [121.3788148, 25.0875371], [121.3788583, 25.0877268]]}}, {"type": "Feature", "properties": {"county": "新北市", "district": "八里區", "highway": "residential", "name": null}, "geometry": {"type": "LineString", "coordinates": [[121.3736368, 25.0910301], [121.3735412, 25.0908792], [121.3735466, 25.0908209], [121.3738792, 25.0905537], [121.3741635, 25.0902866], [121.3745872, 25.0899174], [121.3752489, 25.0890919]]}}, {"type": "Feature", "properties": {"county": "新北市", "district": "八里區", "highway": "residential", "name": null}, "geometry": {"type": "LineString", "coordinates": [[121.3703938, 25.0909774], [121.3703739, 25.0910426], [121.3703274, 25.0910881], [121.3703084, 25.0911354], [121.3703416, 25.0912599], [121.3703833, 25.0913424], [121.37039, 25.091381], [121.370371, 25.0914008], [121.3702771, 25.0914583], [121.3700505, 25.0915777], [121.3698494, 25.0917597], [121.3698314, 25.0917915], [121.3698257, 25.0918293], [121.3698362, 25.0918654], [121.3698494, 25.0919014], [121.3698978, 25.0919152], [121.3702411, 25.0919591], [121.3705647, 25.0919591], [121.3708404, 25.0917854], [121.3709145, 25.0917553]]}}, {"type": "Feature", "properties": {"county": "新北市", "district": "八里區", "highway": "residential", "name": null}, "geometry": {"type": "LineString", "coordinates": [[121.370998, 25.0917214], [121.371118, 25.0916596], [121.3712326, 25.0915467], [121.3712588, 25.0914629], [121.3713225, 25.0911993], [121.3713413, 25.0910026], [121.3713721, 25.0908264], [121.3713721, 25.0906607], [121.3713688, 25.090524], [121.3713855, 25.0904445], [121.3714358, 25.0903868], [121.3716316, 25.0902623], [121.3718053, 25.0901238], [121.3720299, 25.0898153], [121.372164, 25.0895038], [121.3723866, 25.0887947], [121.372425, 25.0887195], [121.3724862, 25.0886663], [121.37261, 25.0885701], [121.3728632, 25.0883459], [121.3733269, 25.0880384], [121.3734023, 25.0879878], [121.37349, 25.0879702], [121.3737584, 25.0880058], [121.3744109, 25.0881928], [121.3745756, 25.0881837]]}}, {"type": "Feature", "properties": {"county": "新北市", "district": "八里區", "highway": "residential", "name": null}, "geometry": {"type": "LineString", "coordinates": [[121.3709145, 25.0917553], [121.370998, 25.0917214]]}}, {"type": "Feature", "properties": {"county": "新北市", "district": "八里區", "highway": "residential", "name": null}, "geometry": {"type": "LineString", "coordinates": [[121.3840665, 25.1002746], [121.383388, 25.1001167], [121.3820977, 25.1001245], [121.3817582, 25.1001849]]}}, {"type": "Feature", "properties": {"county": "新北市", "district": "八里區", "highway": "residential", "name": null}, "geometry": {"type": "LineString", "coordinates": [[121.3846617, 25.0986333], [121.3857291, 25.0982155], [121.3871067, 25.0976432]]}}, {"type": "Feature", "properties": {"county": "新北市", "district": "八里區", "highway": "residential", "name": null}, "geometry": {"type": "LineString", "coordinates": [[121.386982, 25.0974889], [121.3879162, 25.097205]]}}, {"type": "Feature", "properties": {"county": "新北市", "district": "八里區", "highway": "residential", "name": null}, "geometry": {"type": "LineString", "coordinates": [[121.3892352, 25.0973891], [121.3895275, 25.0975355], [121.3896455, 25.0977882]]}}, {"type": "Feature", "properties": {"county": "新北市", "district": "八里區", "highway": "residential", "name": null}, "geometry": {"type": "LineString", "coordinates": [[121.3912024, 25.1114102], [121.3913276, 25.1114773], [121.391444, 25.1115475], [121.3914983, 25.1116353], [121.3914944, 25.111832], [121.3915138, 25.1120111], [121.3915797, 25.1121164], [121.3916379, 25.1121937], [121.3916883, 25.1123236], [121.3917077, 25.1125203], [121.3917155, 25.1126291], [121.3919288, 25.1129733], [121.3920296, 25.1131419], [121.3920917, 25.1132226], [121.3921459, 25.1133069], [121.3921227, 25.1134403], [121.3920645, 25.1135773], [121.3920296, 25.1137213], [121.3921266, 25.1138617], [121.3921537, 25.1139214], [121.3922701, 25.1142164], [121.3924523, 25.1145535], [121.3924717, 25.114687], [121.3924586, 25.1148095], [121.3926749, 25.1151673], [121.3927111, 25.115296], [121.3926226, 25.1154636], [121.3926333, 25.1155595], [121.3926843, 25.1157028], [121.3928305, 25.1159748], [121.3930531, 25.1164132], [121.3930973, 25.1164423], [121.3931537, 25.1164472], [121.3934323, 25.1162968]]}}, {"type": "Feature", "properties": {"county": "新北市", "district": "八里區", "highway": "residential", "name": null}, "geometry": {"type": "LineString", "coordinates": [[121.3913467, 25.1062692], [121.3914632, 25.106324]]}}, {"type": "Feature", "properties": {"county": "新北市", "district": "八里區", "highway": "residential", "name": null}, "geometry": {"type": "LineString", "coordinates": [[121.3751937, 25.1153488], [121.3753648, 25.1153286], [121.3754541, 25.115524], [121.3755133, 25.1156184], [121.3758776, 25.1154788], [121.3760204, 25.1154746]]}}, {"type": "Feature", "properties": {"county": "新北市", "district": "八里區", "highway": "residential", "name": null}, "geometry": {"type": "LineString", "coordinates": [[121.3761257, 25.1160538], [121.3763684, 25.1159056], [121.3765237, 25.1157368]]}}, {"type": "Feature", "properties": {"county": "新北市", "district": "八里區", "highway": "residential", "name": null}, "geometry": {"type": "LineString", "coordinates": [[121.3763459, 25.1155884], [121.3763318, 25.115482], [121.3762937, 25.115283]]}}, {"type": "Feature", "properties": {"county": "新北市", "district": "八里區", "highway": "residential", "name": null}, "geometry": {"type": "LineString", "coordinates": [[121.3763459, 25.1155884], [121.3765237, 25.1157368], [121.3767051, 25.1158665], [121.3768495, 25.1159698]]}}, {"type": "Feature", "properties": {"county": "新北市", "district": "八里區", "highway": "residential", "name": null}, "geometry": {"type": "LineString", "coordinates": [[121.3760624, 25.1136548], [121.3758973, 25.1134781], [121.3756422, 25.113205], [121.3757978, 25.1130253]]}}, {"type": "Feature", "properties": {"county": "新北市", "district": "八里區", "highway": "residential", "name": null}, "geometry": {"type": "LineString", "coordinates": [[121.3739476, 25.1129921], [121.3737856, 25.1129833], [121.3735826, 25.1129799], [121.3733843, 25.1130245], [121.3730926, 25.1130549], [121.3730075, 25.1130676], [121.3728941, 25.1130858], [121.3726274, 25.1131358], [121.3724604, 25.1131006], [121.3719297, 25.1129151], [121.3717956, 25.11284], [121.3715367, 25.1126104], [121.3713043, 25.1126705], [121.3709745, 25.1126039], [121.3705386, 25.112582], [121.3704783, 25.1126124], [121.3704877, 25.1126743], [121.3706593, 25.1128856]]}}, {"type": "Feature", "properties": {"county": "新北市", "district": "八里區", "highway": "residential", "name": null}, "geometry": {"type": "LineString", "coordinates": [[121.3754989, 25.1141128], [121.3747803, 25.1130348], [121.3746569, 25.1129231], [121.3745604, 25.1128988], [121.3739476, 25.1129921], [121.3736216, 25.1131562], [121.3733358, 25.1132254], [121.3731857, 25.1131905], [121.3730063, 25.1131663], [121.3728859, 25.1131741], [121.3727873, 25.1132015], [121.372665, 25.1133063], [121.3723691, 25.1134136], [121.3719158, 25.113472], [121.3715832, 25.1134768], [121.3713472, 25.1134428], [121.3711702, 25.1134428], [121.3704514, 25.1134963], [121.3695502, 25.1134526], [121.3689494, 25.1134914], [121.3685525, 25.1134866], [121.368472, 25.1134623], [121.3684398, 25.1133554], [121.3684559, 25.1130931], [121.3684934, 25.1128599], [121.368478, 25.1127139], [121.368294, 25.1127423], [121.3673383, 25.1129019], [121.3673165, 25.1128804], [121.3673298, 25.1127112]]}}, {"type": "Feature", "properties": {"county": "新北市", "district": "八里區", "highway": "residential", "name": null}, "geometry": {"type": "LineString", "coordinates": [[121.3784875, 25.1121496], [121.3787664, 25.1123503], [121.3789917, 25.1124135], [121.3790616, 25.1124086], [121.3791311, 25.1124038], [121.3795452, 25.1126075]]}}, {"type": "Feature", "properties": {"county": "新北市", "district": "八里區", "highway": "tertiary", "name": "荖阡坑路"}, "geometry": {"type": "LineString", "coordinates": [[121.4022594, 25.1351099], [121.4022853, 25.1350406], [121.4022777, 25.1347848], [121.4022777, 25.1344369], [121.4022675, 25.1343232], [121.4022558, 25.1341936], [121.4023335, 25.1339737], [121.4023215, 25.1337917], [121.4023952, 25.1335682], [121.402454, 25.1334906], [121.4026703, 25.1332412], [121.4027698, 25.1330591], [121.4029231, 25.1328753], [121.4032755, 25.1326843], [121.4033284, 25.1326537], [121.4033954, 25.1326149], [121.4035134, 25.1326343], [121.4035671, 25.1326101], [121.4036637, 25.1325365], [121.4036881, 25.1324854]]}}, {"type": "Feature", "properties": {"county": "新北市", "district": "八里區", "highway": "tertiary", "name": "荖阡坑路"}, "geometry": {"type": "LineString", "coordinates": [[121.4022459, 25.1351556], [121.4022594, 25.1351099]]}}, {"type": "Feature", "properties": {"county": "新北市", "district": "八里區", "highway": "tertiary", "name": "荖阡坑路"}, "geometry": {"type": "LineString", "coordinates": [[121.4037394, 25.1323779], [121.4038369, 25.132221], [121.4040002, 25.1320066], [121.4041555, 25.1318155], [121.4041893, 25.1316785], [121.4042271, 25.1313667], [121.4042414, 25.1311499], [121.4043467, 25.1309011], [121.4043934, 25.1308277], [121.4047567, 25.1303466], [121.4049598, 25.1300347], [121.4050354, 25.1299158], [121.4050593, 25.1296869], [121.4051091, 25.1294309], [121.4053597, 25.1293354], [121.4055314, 25.1292717], [121.4055583, 25.1292371]]}}, {"type": "Feature", "properties": {"county": "新北市", "district": "八里區", "highway": "tertiary", "name": "荖阡坑路"}, "geometry": {"type": "LineString", "coordinates": [[121.4036881, 25.1324854], [121.4037394, 25.1323779]]}}, {"type": "Feature", "properties": {"county": "新北市", "district": "八里區", "highway": "tertiary", "name": "荖阡坑路"}, "geometry": {"type": "LineString", "coordinates": [[121.4055877, 25.1291991], [121.4056032, 25.1291341], [121.4055962, 25.1290461], [121.4055328, 25.1288078], [121.4054658, 25.1286296], [121.4054489, 25.1285073], [121.4054841, 25.1283136], [121.4055418, 25.1281848], [121.4057037, 25.1281007], [121.4058487, 25.1280497], [121.4059959, 25.1279912], [121.4061578, 25.1278505], [121.4062284, 25.1277084], [121.4063192, 25.1274775], [121.4063539, 25.1273964], [121.4063595, 25.1272936], [121.40642, 25.1268241], [121.4064752, 25.1266382], [121.4065815, 25.1264595], [121.4066376, 25.1263829], [121.4067386, 25.1263366], [121.4073118, 25.1262414], [121.4077173, 25.1260933]]}}, {"type": "Feature", "properties": {"county": "新北市", "district": "八里區", "highway": "tertiary", "name": "荖阡坑路"}, "geometry": {"type": "LineString", "coordinates": [[121.4055583, 25.1292371], [121.4055877, 25.1291991]]}}, {"type": "Feature", "properties": {"county": "新北市", "district": "八里區", "highway": "tertiary", "name": "荖阡坑路"}, "geometry": {"type": "LineString", "coordinates": [[121.407807, 25.1260593], [121.4078688, 25.1260358], [121.408251, 25.1258608], [121.4085273, 25.1257103], [121.4087989, 25.1254637], [121.4088531, 25.1254097], [121.4090745, 25.1252108], [121.4093272, 25.1250443], [121.4095703, 25.1249507], [121.409734, 25.1249053], [121.4098432, 25.1248726], [121.4099308, 25.1248766], [121.4099928, 25.1249065], [121.410035, 25.1249528], [121.4100654, 25.125013], [121.4100655, 25.1251034], [121.4098975, 25.1254129], [121.409815, 25.1256317], [121.4096879, 25.1261224], [121.4096937, 25.1261762], [121.4097181, 25.1262663]]}}, {"type": "Feature", "properties": {"county": "新北市", "district": "八里區", "highway": "tertiary", "name": "荖阡坑路"}, "geometry": {"type": "LineString", "coordinates": [[121.4077173, 25.1260933], [121.407807, 25.1260593]]}}, {"type": "Feature", "properties": {"county": "新北市", "district": "八里區", "highway": "residential", "name": null}, "geometry": {"type": "LineString", "coordinates": [[121.4087989, 25.1254637], [121.4090482, 25.1255143], [121.4095829, 25.1255124], [121.4097003, 25.1254107], [121.4098178, 25.1253933], [121.4098975, 25.1254129]]}}, {"type": "Feature", "properties": {"county": "新北市", "district": "八里區", "highway": "residential", "name": null}, "geometry": {"type": "LineString", "coordinates": [[121.4109726, 25.1252327], [121.4112477, 25.1253926]]}}, {"type": "Feature", "properties": {"county": "新北市", "district": "八里區", "highway": "unclassified", "name": "中興路三段58巷"}, "geometry": {"type": "LineString", "coordinates": [[121.4480057, 25.0838695], [121.4479504, 25.0842118], [121.4479105, 25.0844357], [121.4474755, 25.0844603], [121.445978, 25.0844795], [121.4457866, 25.0844819], [121.4451202, 25.0844865], [121.4448151, 25.0844737], [121.4447323, 25.08446], [121.4443957, 25.084404], [121.444188, 25.0843497], [121.4440027, 25.0842938], [121.4438153, 25.084161], [121.443579, 25.0839654], [121.4431866, 25.0836406], [121.4427151, 25.08324], [121.4425865, 25.0831261], [121.4424518, 25.0830429], [121.4418407, 25.0827367], [121.4417053, 25.0826599], [121.441678, 25.0826444], [121.4416182, 25.0825774], [121.4415361, 25.0824046], [121.4413837, 25.0820315]]}}, {"type": "Feature", "properties": {"county": "新北市", "district": "八里區", "highway": "residential", "name": null}, "geometry": {"type": "LineString", "coordinates": [[121.4464758, 25.0863762], [121.4459072, 25.086109], [121.4455375, 25.0859955]]}}, {"type": "Feature", "properties": {"county": "新北市", "district": "八里區", "highway": "residential", "name": null}, "geometry": {"type": "LineString", "coordinates": [[121.4428926, 25.0888732], [121.4425989, 25.0890336], [121.4425331, 25.0891003]]}}, {"type": "Feature", "properties": {"county": "新北市", "district": "八里區", "highway": "residential", "name": "成泰路三段77巷"}, "geometry": {"type": "LineString", "coordinates": [[121.4436297, 25.0898044], [121.4434933, 25.0900586], [121.4431715, 25.0900829]]}}, {"type": "Feature", "properties": {"county": "新北市", "district": "八里區", "highway": "residential", "name": null}, "geometry": {"type": "LineString", "coordinates": [[121.4436137, 25.0914853], [121.4437511, 25.0914873], [121.4437734, 25.091558], [121.4438222, 25.0916311], [121.4439217, 25.0918204]]}}, {"type": "Feature", "properties": {"county": "新北市", "district": "八里區", "highway": "residential", "name": "西雲路110巷"}, "geometry": {"type": "LineString", "coordinates": [[121.4447434, 25.0928523], [121.4445288, 25.0929883], [121.4442632, 25.0932069]]}}, {"type": "Feature", "properties": {"county": "新北市", "district": "八里區", "highway": "residential", "name": "西雲路94巷"}, "geometry": {"type": "LineString", "coordinates": [[121.4444162, 25.0924394], [121.4439001, 25.0926483]]}}, {"type": "Feature", "properties": {"county": "新北市", "district": "八里區", "highway": "residential", "name": "西雲路100巷"}, "geometry": {"type": "LineString", "coordinates": [[121.4445449, 25.0926434], [121.4439994, 25.0928445]]}}, {"type": "Feature", "properties": {"county": "新北市", "district": "八里區", "highway": "residential", "name": null}, "geometry": {"type": "LineString", "coordinates": [[121.4447434, 25.0928523], [121.4447005, 25.0927843], [121.4445825, 25.0926629], [121.4445449, 25.0926434]]}}, {"type": "Feature", "properties": {"county": "新北市", "district": "八里區", "highway": "residential", "name": "成泰路三段261巷"}, "geometry": {"type": "LineString", "coordinates": [[121.4469048, 25.0938432], [121.4465629, 25.0941842]]}}, {"type": "Feature", "properties": {"county": "新北市", "district": "八里區", "highway": "residential", "name": null}, "geometry": {"type": "LineString", "coordinates": [[121.4416429, 25.0934218], [121.4420902, 25.0934061]]}}, {"type": "Feature", "properties": {"county": "新北市", "district": "八里區", "highway": "residential", "name": "御史路45巷"}, "geometry": {"type": "LineString", "coordinates": [[121.4417098, 25.0931398], [121.4422741, 25.093122]]}}, {"type": "Feature", "properties": {"county": "新北市", "district": "八里區", "highway": "residential", "name": "御史路43巷"}, "geometry": {"type": "LineString", "coordinates": [[121.44172, 25.0928535], [121.4423183, 25.0928379]]}}, {"type": "Feature", "properties": {"county": "新北市", "district": "八里區", "highway": "residential", "name": "御史路41巷"}, "geometry": {"type": "LineString", "coordinates": [[121.4417072, 25.0925378], [121.4423435, 25.0925216]]}}, {"type": "Feature", "properties": {"county": "新北市", "district": "八里區", "highway": "residential", "name": "御史路37巷"}, "geometry": {"type": "LineString", "coordinates": [[121.4416811, 25.0919694], [121.4422248, 25.0919596]]}}, {"type": "Feature", "properties": {"county": "新北市", "district": "八里區", "highway": "residential", "name": "御史路35巷"}, "geometry": {"type": "LineString", "coordinates": [[121.4416604, 25.0916768], [121.4421253, 25.0916705]]}}, {"type": "Feature", "properties": {"county": "新北市", "district": "八里區", "highway": "residential", "name": null}, "geometry": {"type": "LineString", "coordinates": [[121.4382612, 25.1495823], [121.4384336, 25.1494942], [121.4387422, 25.1496628], [121.438834, 25.1496905], [121.4389452, 25.149844], [121.4390926, 25.1498944], [121.4392511, 25.1498541], [121.4393373, 25.1498717], [121.4393791, 25.1499273]]}}, {"type": "Feature", "properties": {"county": "新北市", "district": "八里區", "highway": "residential", "name": null}, "geometry": {"type": "LineString", "coordinates": [[121.438834, 25.1496905], [121.4388841, 25.14962], [121.438973, 25.149547], [121.4391065, 25.1495848], [121.4392372, 25.1497006], [121.4392511, 25.1498541]]}}, {"type": "Feature", "properties": {"county": "新北市", "district": "八里區", "highway": "unclassified", "name": null}, "geometry": {"type": "LineString", "coordinates": [[121.435313, 25.1468836], [121.4353429, 25.1467304], [121.4353737, 25.1466782], [121.4354381, 25.1466005], [121.4354743, 25.146501], [121.435481, 25.146433], [121.4354582, 25.1463225], [121.4354355, 25.1462504], [121.4353872, 25.1460725], [121.4353926, 25.1458801], [121.4353893, 25.1456808], [121.4354065, 25.1454857], [121.4354252, 25.1452736], [121.4354412, 25.1448332]]}}, {"type": "Feature", "properties": {"county": "新北市", "district": "八里區", "highway": "unclassified", "name": null}, "geometry": {"type": "LineString", "coordinates": [[121.4352975, 25.1469622], [121.435313, 25.1468836]]}}, {"type": "Feature", "properties": {"county": "新北市", "district": "八里區", "highway": "unclassified", "name": null}, "geometry": {"type": "LineString", "coordinates": [[121.4355977, 25.1472811], [121.4355024, 25.1471766], [121.4353474, 25.1470483], [121.4352975, 25.1469622]]}}, {"type": "Feature", "properties": {"county": "新北市", "district": "八里區", "highway": "unclassified", "name": null}, "geometry": {"type": "LineString", "coordinates": [[121.4357026, 25.147299], [121.4355977, 25.1472811]]}}, {"type": "Feature", "properties": {"county": "新北市", "district": "八里區", "highway": "unclassified", "name": null}, "geometry": {"type": "LineString", "coordinates": [[121.4373907, 25.1501837], [121.43735, 25.1501231], [121.4372478, 25.1500581], [121.4371214, 25.1500251], [121.4369853, 25.1500125], [121.4369044, 25.1499792], [121.4368344, 25.1498968], [121.4368052, 25.1498138], [121.4368276, 25.1497448], [121.4368476, 25.1497108], [121.4369683, 25.1496319], [121.4370997, 25.1495408], [121.4371695, 25.1494546], [121.4372017, 25.1493672], [121.4371936, 25.1492373], [121.4371395, 25.1491408], [121.4370367, 25.1490771], [121.4368973, 25.1490309], [121.4368116, 25.1489639], [121.4367845, 25.148873], [121.4367813, 25.1487347], [121.436796, 25.1486525], [121.4366808, 25.1484592], [121.4364547, 25.1482941], [121.4363594, 25.1482297], [121.4362334, 25.1480233], [121.4361569, 25.1479311], [121.4359896, 25.1478027], [121.435933, 25.147726], [121.4357571, 25.1473945], [121.4357026, 25.147299]]}}, {"type": "Feature", "properties": {"county": "新北市", "district": "八里區", "highway": "unclassified", "name": null}, "geometry": {"type": "LineString", "coordinates": [[121.4373879, 25.1502523], [121.4373907, 25.1501837]]}}, {"type": "Feature", "properties": {"county": "新北市", "district": "八里區", "highway": "unclassified", "name": null}, "geometry": {"type": "LineString", "coordinates": [[121.4382778, 25.1510431], [121.4382397, 25.1508927], [121.4381016, 25.1507319], [121.4379192, 25.1505854], [121.4377353, 25.1504064], [121.437512, 25.1502978], [121.4373879, 25.1502523]]}}, {"type": "Feature", "properties": {"county": "新北市", "district": "八里區", "highway": "unclassified", "name": null}, "geometry": {"type": "LineString", "coordinates": [[121.4383536, 25.1511904], [121.4382778, 25.1510431]]}}, {"type": "Feature", "properties": {"county": "新北市", "district": "八里區", "highway": "residential", "name": "四維街"}, "geometry": {"type": "LineString", "coordinates": [[121.4171864, 25.1578347], [121.4172829, 25.1574484], [121.4173956, 25.1572154], [121.417594, 25.1568651]]}}, {"type": "Feature", "properties": {"county": "新北市", "district": "八里區", "highway": "residential", "name": null}, "geometry": {"type": "LineString", "coordinates": [[121.4167256, 25.1593634], [121.4167844, 25.1588025], [121.4168278, 25.1585163], [121.4167734, 25.158434], [121.4167412, 25.1584146], [121.4165964, 25.1583854], [121.4163979, 25.1583563], [121.4162692, 25.1583417], [121.4161833, 25.1583417], [121.4161297, 25.1583514], [121.4161029, 25.1583709], [121.4160707, 25.1584097], [121.4160278, 25.1584922], [121.4159902, 25.1586136], [121.4159849, 25.1589486], [121.41595, 25.1592716]]}}, {"type": "Feature", "properties": {"county": "新北市", "district": "八里區", "highway": "residential", "name": "中山路一段83巷"}, "geometry": {"type": "LineString", "coordinates": [[121.4171389, 25.1594173], [121.4171835, 25.1591082], [121.4170998, 25.1590404], [121.4169836, 25.1590082], [121.4169562, 25.1589225], [121.4169845, 25.1588293], [121.4171612, 25.1584687], [121.4174649, 25.1582456]]}}, {"type": "Feature", "properties": {"county": "新北市", "district": "八里區", "highway": "residential", "name": null}, "geometry": {"type": "LineString", "coordinates": [[121.4169845, 25.1588293], [121.4167844, 25.1588025]]}}, {"type": "Feature", "properties": {"county": "新北市", "district": "八里區", "highway": "residential", "name": null}, "geometry": {"type": "LineString", "coordinates": [[121.4138173, 25.15968], [121.4141284, 25.1593755], [121.4141606, 25.1592881], [121.4142679, 25.1588081], [121.4139782, 25.1586813], [121.4138065, 25.1586231], [121.4131235, 25.1582199]]}}, {"type": "Feature", "properties": {"county": "新北市", "district": "八里區", "highway": "residential", "name": null}, "geometry": {"type": "LineString", "coordinates": [[121.4130663, 25.1602008], [121.4129269, 25.1601037], [121.4128893, 25.1600649], [121.4128732, 25.1600066], [121.4133774, 25.1593297]]}}, {"type": "Feature", "properties": {"county": "新北市", "district": "八里區", "highway": "residential", "name": null}, "geometry": {"type": "LineString", "coordinates": [[121.422597, 25.1599475], [121.4225363, 25.1594652]]}}, {"type": "Feature", "properties": {"county": "新北市", "district": "八里區", "highway": "residential", "name": null}, "geometry": {"type": "LineString", "coordinates": [[121.4227874, 25.0963208], [121.4223091, 25.0959131], [121.4223415, 25.0957501], [121.4222511, 25.0955823]]}}, {"type": "Feature", "properties": {"county": "新北市", "district": "八里區", "highway": "residential", "name": null}, "geometry": {"type": "LineString", "coordinates": [[121.4071905, 25.0798726], [121.407035, 25.0802589], [121.4069787, 25.0803148], [121.4068767, 25.0803488], [121.406748, 25.0803755], [121.406689, 25.080412], [121.4065575, 25.080582], [121.4064871, 25.0807606], [121.4063746, 25.0810163], [121.4062679, 25.0811271], [121.4061163, 25.0812537], [121.4060077, 25.0814146], [121.4057663, 25.0817141], [121.4056751, 25.0817796], [121.40549, 25.081872], [121.4053894, 25.081889], [121.405258, 25.0818902], [121.4050877, 25.0819169], [121.4049455, 25.0820663], [121.4046867, 25.0823943]]}}, {"type": "Feature", "properties": {"county": "新北市", "district": "八里區", "highway": "unclassified", "name": null}, "geometry": {"type": "LineString", "coordinates": [[121.3897866, 25.0854143], [121.3891315, 25.0856086]]}}, {"type": "Feature", "properties": {"county": "新北市", "district": "八里區", "highway": "unclassified", "name": null}, "geometry": {"type": "LineString", "coordinates": [[121.3899557, 25.0857578], [121.3893316, 25.0860202]]}}, {"type": "Feature", "properties": {"county": "新北市", "district": "八里區", "highway": "unclassified", "name": null}, "geometry": {"type": "LineString", "coordinates": [[121.38856, 25.0859521], [121.3891686, 25.0856849]]}}, {"type": "Feature", "properties": {"county": "新北市", "district": "八里區", "highway": "residential", "name": null}, "geometry": {"type": "LineString", "coordinates": [[121.3986111, 25.0891239], [121.3985375, 25.0889136], [121.3983127, 25.0877565], [121.3983293, 25.0876067], [121.3984336, 25.087337], [121.3984757, 25.087001], [121.3984104, 25.086743], [121.3981097, 25.0864105], [121.3980614, 25.0862798], [121.3980421, 25.0859482], [121.3980287, 25.0858885], [121.3979764, 25.085819], [121.3979038, 25.0857673], [121.397626, 25.0855939], [121.3975593, 25.0855189], [121.3975176, 25.0854237], [121.3974902, 25.0852895], [121.3974103, 25.0851492], [121.3972719, 25.0850646], [121.3966657, 25.0850548], [121.3966442, 25.0849042], [121.3965906, 25.0848168], [121.3963975, 25.0847973], [121.3962955, 25.0847245], [121.3961883, 25.0846079], [121.3961078, 25.084569], [121.3952066, 25.0845204], [121.3951422, 25.0844621], [121.3950993, 25.0843261], [121.395051, 25.0842726], [121.3949115, 25.0841609], [121.3946058, 25.0838402], [121.3945467, 25.0837333], [121.394536, 25.0836119], [121.3944609, 25.083437], [121.394241, 25.0831163]]}}, {"type": "Feature", "properties": {"county": "新北市", "district": "八里區", "highway": "residential", "name": null}, "geometry": {"type": "LineString", "coordinates": [[121.3990837, 25.0900322], [121.398998, 25.0900281], [121.3988238, 25.0900197], [121.398525, 25.0899103], [121.3985173, 25.0898072], [121.3985351, 25.0896325], [121.3988378, 25.0895894]]}}, {"type": "Feature", "properties": {"county": "新北市", "district": "八里區", "highway": "tertiary", "name": null}, "geometry": {"type": "LineString", "coordinates": [[121.3933722, 25.1226126], [121.3933049, 25.1228535], [121.3932379, 25.1230344], [121.3932258, 25.1231607], [121.3932781, 25.123395], [121.3933639, 25.1236646], [121.393374, 25.1237957], [121.3933847, 25.123871], [121.393439, 25.1241357], [121.3935234, 25.1243384], [121.3935356, 25.1245242], [121.393552, 25.1246495], [121.3935607, 25.1247163], [121.3935678, 25.1249298], [121.3935409, 25.1251459], [121.3934779, 25.1254149], [121.3935128, 25.1259443], [121.393494, 25.1261531], [121.3933787, 25.1265344], [121.3932593, 25.1270978], [121.393199, 25.1272095], [121.3931161, 25.1272575], [121.3929817, 25.1272993], [121.3925754, 25.127309], [121.3923044, 25.127428], [121.3921623, 25.1275397], [121.391886, 25.1279222], [121.3918232, 25.1281134]]}}, {"type": "Feature", "properties": {"county": "新北市", "district": "八里區", "highway": "tertiary", "name": null}, "geometry": {"type": "LineString", "coordinates": [[121.3933931, 25.1225378], [121.3933722, 25.1226126]]}}, {"type": "Feature", "properties": {"county": "新北市", "district": "八里區", "highway": "residential", "name": null}, "geometry": {"type": "LineString", "coordinates": [[121.3649167, 25.1151005], [121.3651085, 25.1151248], [121.3651527, 25.1153616], [121.365201, 25.1154235], [121.3651847, 25.1155583], [121.365237, 25.1157163], [121.365532, 25.1167025], [121.365591, 25.1167705], [121.3658538, 25.1168822], [121.365945, 25.117175]]}}, {"type": "Feature", "properties": {"county": "新北市", "district": "八里區", "highway": "residential", "name": null}, "geometry": {"type": "LineString", "coordinates": [[121.3813465, 25.1043739], [121.3823846, 25.1040521], [121.3826018, 25.1041517], [121.3827305, 25.1041517], [121.3840068, 25.1040629], [121.3848381, 25.1040025]]}}, {"type": "Feature", "properties": {"county": "新北市", "district": "八里區", "highway": "residential", "name": null}, "geometry": {"type": "LineString", "coordinates": [[121.3801014, 25.0917385], [121.379952, 25.0914477]]}}, {"type": "Feature", "properties": {"county": "新北市", "district": "八里區", "highway": "residential", "name": null}, "geometry": {"type": "LineString", "coordinates": [[121.3821441, 25.0912108], [121.3828701, 25.0905148], [121.3834419, 25.0898883]]}}, {"type": "Feature", "properties": {"county": "新北市", "district": "八里區", "highway": "residential", "name": "中北二街"}, "geometry": {"type": "LineString", "coordinates": [[121.3824968, 25.0881303], [121.3825685, 25.0881052], [121.3831638, 25.0881147], [121.3838854, 25.0881411], [121.3839563, 25.0881687], [121.3840007, 25.0882249], [121.3841388, 25.0884504], [121.3841597, 25.0885027], [121.3841629, 25.0885719], [121.3840153, 25.0891717], [121.3838558, 25.0892482], [121.3833207, 25.0894953], [121.38323, 25.0895382]]}}, {"type": "Feature", "properties": {"county": "新北市", "district": "八里區", "highway": "residential", "name": null}, "geometry": {"type": "LineString", "coordinates": [[121.3840153, 25.0891717], [121.3842917, 25.0897881]]}}, {"type": "Feature", "properties": {"county": "新北市", "district": "八里區", "highway": "residential", "name": "中北二街19巷"}, "geometry": {"type": "LineString", "coordinates": [[121.3831638, 25.0881147], [121.383243, 25.0882683], [121.3838558, 25.0892482]]}}, {"type": "Feature", "properties": {"county": "新北市", "district": "八里區", "highway": "residential", "name": null}, "geometry": {"type": "LineString", "coordinates": [[121.3831638, 25.0881147], [121.3831845, 25.0875603], [121.383388, 25.0874434], [121.383542, 25.0874584], [121.3836608, 25.0873638]]}}, {"type": "Feature", "properties": {"county": "新北市", "district": "八里區", "highway": "residential", "name": "泰北路"}, "geometry": {"type": "LineString", "coordinates": [[121.380628, 25.0890805], [121.3807054, 25.0890411], [121.382406, 25.0881764], [121.3824968, 25.0881303]]}}, {"type": "Feature", "properties": {"county": "新北市", "district": "八里區", "highway": "residential", "name": "中華路223巷"}, "geometry": {"type": "LineString", "coordinates": [[121.3855094, 25.0898108], [121.3850456, 25.0890578], [121.3851319, 25.0885476], [121.3857605, 25.0885816]]}}, {"type": "Feature", "properties": {"county": "新北市", "district": "八里區", "highway": "residential", "name": null}, "geometry": {"type": "LineString", "coordinates": [[121.3869468, 25.0879064], [121.3862765, 25.0882076], [121.3861156, 25.0882367], [121.3858518, 25.0882597]]}}, {"type": "Feature", "properties": {"county": "新北市", "district": "八里區", "highway": "secondary", "name": "文化一路二段"}, "geometry": {"type": "LineString", "coordinates": [[121.3829626, 25.0809001], [121.3829022, 25.0808037]]}}, {"type": "Feature", "properties": {"county": "新北市", "district": "八里區", "highway": "secondary", "name": "中山路"}, "geometry": {"type": "LineString", "coordinates": [[121.3854054, 25.0796153], [121.384234, 25.0802135], [121.3830893, 25.080835]]}}, {"type": "Feature", "properties": {"county": "新北市", "district": "八里區", "highway": "secondary", "name": "中山路"}, "geometry": {"type": "LineString", "coordinates": [[121.3829022, 25.0808037], [121.3830291, 25.0807388]]}}, {"type": "Feature", "properties": {"county": "新北市", "district": "八里區", "highway": "secondary", "name": "文化一路二段"}, "geometry": {"type": "LineString", "coordinates": [[121.381742, 25.0787018], [121.3817764, 25.0787532], [121.3819663, 25.0790251], [121.3822895, 25.0795324], [121.3830291, 25.0807388]]}}, {"type": "Feature", "properties": {"county": "新北市", "district": "八里區", "highway": "residential", "name": "商港三路"}, "geometry": {"type": "LineString", "coordinates": [[121.3939272, 25.1480607], [121.3938821, 25.1480358], [121.3937728, 25.1479755], [121.3910126, 25.1464519]]}}, {"type": "Feature", "properties": {"county": "新北市", "district": "八里區", "highway": "residential", "name": "商港一路"}, "geometry": {"type": "LineString", "coordinates": [[121.3948571, 25.1466586], [121.3948221, 25.146639], [121.394728, 25.1465862], [121.3917839, 25.144934]]}}, {"type": "Feature", "properties": {"county": "新北市", "district": "八里區", "highway": "secondary", "name": "成泰路二段"}, "geometry": {"type": "LineString", "coordinates": [[121.4410808, 25.0875525], [121.4410858, 25.0875545]]}}, {"type": "Feature", "properties": {"county": "新北市", "district": "八里區", "highway": "secondary", "name": "洲子橋"}, "geometry": {"type": "LineString", "coordinates": [[121.4409142, 25.0874852], [121.4410808, 25.0875525]]}}, {"type": "Feature", "properties": {"county": "新北市", "district": "八里區", "highway": "residential", "name": "竹林路"}, "geometry": {"type": "LineString", "coordinates": [[121.3919863, 25.0854536], [121.3918312, 25.0848874], [121.3917416, 25.0845945], [121.3916486, 25.0843107], [121.3915248, 25.0839998]]}}, {"type": "Feature", "properties": {"county": "新北市", "district": "八里區", "highway": "secondary", "name": "文化一路二段"}, "geometry": {"type": "LineString", "coordinates": [[121.3857587, 25.0854959], [121.3859499, 25.0858325], [121.3863971, 25.0866288], [121.3874148, 25.0884152], [121.3874612, 25.088548], [121.3874459, 25.0886888], [121.3873735, 25.0888048], [121.387278, 25.0888982]]}}, {"type": "Feature", "properties": {"county": "新北市", "district": "八里區", "highway": "secondary_link", "name": "竹林一路"}, "geometry": {"type": "LineString", "coordinates": [[121.3857587, 25.0854959], [121.3856145, 25.0855466]]}}, {"type": "Feature", "properties": {"county": "新北市", "district": "八里區", "highway": "secondary", "name": "文化一路二段"}, "geometry": {"type": "LineString", "coordinates": [[121.3856145, 25.0855466], [121.3854825, 25.0853171], [121.3850426, 25.0845689], [121.3850171, 25.0845272], [121.3843909, 25.0834061], [121.3837914, 25.0823328], [121.3829626, 25.0809001]]}}, {"type": "Feature", "properties": {"county": "新北市", "district": "八里區", "highway": "secondary", "name": "中華路"}, "geometry": {"type": "LineString", "coordinates": [[121.3867783, 25.0890167], [121.3872115, 25.0887502]]}}, {"type": "Feature", "properties": {"county": "新北市", "district": "八里區", "highway": "primary", "name": "中山路三段"}, "geometry": {"type": "LineString", "coordinates": [[121.3666443, 25.1353431], [121.3668478, 25.1353901], [121.3677816, 25.1356412], [121.3681891, 25.1357883], [121.3685362, 25.1359041], [121.3687723, 25.135996], [121.3691088, 25.136134], [121.3696321, 25.1363595], [121.3701156, 25.136605], [121.3707264, 25.1369301], [121.3713812, 25.1372477], [121.3716619, 25.1373708], [121.3719425, 25.1374939], [121.3723518, 25.1376658], [121.3724418, 25.1376951], [121.3727756, 25.1378039], [121.3729234, 25.1378454], [121.3739723, 25.1381399], [121.3743796, 25.1382357], [121.3751868, 25.1384255], [121.3759137, 25.1385688], [121.3764985, 25.1386702], [121.3769114, 25.138753], [121.3798036, 25.1393101], [121.3798605, 25.1393212], [121.3800716, 25.1394032], [121.3802735, 25.1395008], [121.3812892, 25.1401498], [121.3816953, 25.1403317]]}}, {"type": "Feature", "properties": {"county": "新北市", "district": "八里區", "highway": "unclassified", "name": "商港一路"}, "geometry": {"type": "LineString", "coordinates": [[121.4027121, 25.1519976], [121.4003668, 25.1503132]]}}, {"type": "Feature", "properties": {"county": "新北市", "district": "八里區", "highway": "residential", "name": "頂罟二路"}, "geometry": {"type": "LineString", "coordinates": [[121.4027121, 25.1519976], [121.4034228, 25.1512942]]}}, {"type": "Feature", "properties": {"county": "新北市", "district": "八里區", "highway": "unclassified", "name": "商港八路"}, "geometry": {"type": "LineString", "coordinates": [[121.4003668, 25.1503132], [121.3999349, 25.1508156], [121.3994115, 25.1514171], [121.3993524, 25.1514829], [121.3992712, 25.1515777], [121.3979563, 25.1530874]]}}, {"type": "Feature", "properties": {"county": "新北市", "district": "八里區", "highway": "unclassified", "name": "商港一路"}, "geometry": {"type": "LineString", "coordinates": [[121.4003668, 25.1503132], [121.398517, 25.1489585], [121.3975901, 25.1482629], [121.3971561, 25.1479472], [121.3970892, 25.1478985]]}}, {"type": "Feature", "properties": {"county": "新北市", "district": "八里區", "highway": "trunk", "name": "淡江大橋"}, "geometry": {"type": "LineString", "coordinates": [[121.4183809, 25.1778804], [121.4183131, 25.1776643], [121.4177957, 25.1760044], [121.4176226, 25.1754713], [121.4174201, 25.1746755], [121.4165023, 25.1709158], [121.4164017, 25.1706269], [121.4162756, 25.170321], [121.4161067, 25.1699618], [121.4160101, 25.1697676], [121.4159068, 25.1695879], [121.4158036, 25.1694277], [121.4155394, 25.169066], [121.4153503, 25.1688378], [121.4150888, 25.1685708], [121.414838, 25.1683377], [121.4144343, 25.1680149], [121.4143418, 25.1679372], [121.4142443, 25.1678508]]}}, {"type": "Feature", "properties": {"county": "新北市", "district": "八里區", "highway": "unclassified", "name": "南堤聯外道路"}, "geometry": {"type": "LineString", "coordinates": [[121.3686261, 25.136181], [121.3680948, 25.137131]]}}, {"type": "Feature", "properties": {"county": "新北市", "district": "八里區", "highway": "unclassified", "name": "南堤聯外道路"}, "geometry": {"type": "LineString", "coordinates": [[121.3679627, 25.1370784], [121.3684559, 25.1361189]]}}, {"type": "Feature", "properties": {"county": "新北市", "district": "八里區", "highway": "unclassified", "name": "南堤橋"}, "geometry": {"type": "LineString", "coordinates": [[121.3664201, 25.1399787], [121.3679627, 25.1370784]]}}, {"type": "Feature", "properties": {"county": "新北市", "district": "八里區", "highway": "unclassified", "name": "南堤橋"}, "geometry": {"type": "LineString", "coordinates": [[121.3680948, 25.137131], [121.3665536, 25.1400343]]}}, {"type": "Feature", "properties": {"county": "新北市", "district": "八里區", "highway": "tertiary", "name": "商港三路"}, "geometry": {"type": "LineString", "coordinates": [[121.396225, 25.1493491], [121.396382, 25.1494268], [121.3964134, 25.1494447], [121.39752, 25.1500754], [121.3975901, 25.1501154], [121.3976646, 25.1501686], [121.3994115, 25.1514171], [121.4015733, 25.1530965], [121.4031213, 25.1543349], [121.4041247, 25.155226], [121.4042112, 25.1553018], [121.404831, 25.1558655], [121.4049691, 25.1559505]]}}, {"type": "Feature", "properties": {"county": "新北市", "district": "八里區", "highway": "unclassified", "name": "A1道路"}, "geometry": {"type": "LineString", "coordinates": [[121.4019716, 25.1584776], [121.401405, 25.1589765], [121.4011971, 25.1591562]]}}, {"type": "Feature", "properties": {"county": "新北市", "district": "八里區", "highway": "unclassified", "name": "博物館路"}, "geometry": {"type": "LineString", "coordinates": [[121.4057363, 25.156675], [121.4055972, 25.1566057], [121.4055274, 25.1565693], [121.4054067, 25.1564649], [121.4051653, 25.1562949], [121.4049963, 25.1561468]]}}, {"type": "Feature", "properties": {"county": "新北市", "district": "八里區", "highway": "unclassified", "name": "博物館路"}, "geometry": {"type": "LineString", "coordinates": [[121.4049691, 25.1559505], [121.4057363, 25.156675]]}}, {"type": "Feature", "properties": {"county": "新北市", "district": "八里區", "highway": "unclassified", "name": "商港三路"}, "geometry": {"type": "LineString", "coordinates": [[121.396225, 25.1493491], [121.3960786, 25.1492642], [121.3951814, 25.1487436], [121.3942872, 25.1482446], [121.3942325, 25.1482141]]}}, {"type": "Feature", "properties": {"county": "新北市", "district": "八里區", "highway": "tertiary", "name": "商港六路"}, "geometry": {"type": "LineString", "coordinates": [[121.3971561, 25.1479472], [121.3966909, 25.1486476], [121.396225, 25.1493491], [121.3961286, 25.1494903], [121.3952914, 25.150729], [121.3951894, 25.1508799]]}}, {"type": "Feature", "properties": {"county": "新北市", "district": "八里區", "highway": "residential", "name": "文昌二街"}, "geometry": {"type": "LineString", "coordinates": [[121.409699, 25.1551674], [121.4110834, 25.156232]]}}, {"type": "Feature", "properties": {"county": "新北市", "district": "八里區", "highway": "residential", "name": "狀元路"}, "geometry": {"type": "LineString", "coordinates": [[121.409699, 25.1551674], [121.410117, 25.1547606], [121.410521, 25.1543675], [121.4109114, 25.1539876], [121.4112364, 25.1536714], [121.411694, 25.1532261]]}}, {"type": "Feature", "properties": {"county": "新北市", "district": "八里區", "highway": "residential", "name": "中山路二段31巷7弄"}, "geometry": {"type": "LineString", "coordinates": [[121.4082254, 25.1540299], [121.4083078, 25.1540772], [121.409699, 25.1551674]]}}, {"type": "Feature", "properties": {"county": "新北市", "district": "八里區", "highway": "residential", "name": "埤頭二街"}, "geometry": {"type": "LineString", "coordinates": [[121.4129415, 25.1573454], [121.412908, 25.1573004], [121.412916, 25.1572495], [121.4132771, 25.1567538], [121.4136705, 25.1562155], [121.4140399, 25.1557117], [121.41442, 25.1551985], [121.4147786, 25.1547179], [121.4148173, 25.1546632], [121.4148326, 25.1546437]]}}, {"type": "Feature", "properties": {"county": "新北市", "district": "八里區", "highway": "tertiary_link", "name": "臨港大道"}, "geometry": {"type": "LineString", "coordinates": [[121.4003789, 25.1567603], [121.3999914, 25.1564015], [121.3999405, 25.1563543], [121.3987016, 25.1552159], [121.39732, 25.1539923], [121.397255, 25.1539392], [121.3965692, 25.153378], [121.3955396, 25.1525496], [121.3933522, 25.1508027], [121.3927002, 25.1502875], [121.3927132, 25.150078]]}}, {"type": "Feature", "properties": {"county": "新北市", "district": "八里區", "highway": "tertiary", "name": "商港九路"}, "geometry": {"type": "LineString", "coordinates": [[121.4005133, 25.1566389], [121.4004103, 25.1567319], [121.4003789, 25.1567603], [121.4002956, 25.1568355]]}}, {"type": "Feature", "properties": {"county": "新北市", "district": "八里區", "highway": "tertiary", "name": "臨港大道"}, "geometry": {"type": "LineString", "coordinates": [[121.4005133, 25.1566389], [121.4004095, 25.156543]]}}, {"type": "Feature", "properties": {"county": "新北市", "district": "八里區", "highway": "trunk_link", "name": "八里二交流道"}, "geometry": {"type": "LineString", "coordinates": [[121.4004405, 25.156954], [121.4003709, 25.1568991], [121.4002956, 25.1568355]]}}, {"type": "Feature", "properties": {"county": "新北市", "district": "八里區", "highway": "trunk_link", "name": "八里二交流道"}, "geometry": {"type": "LineString", "coordinates": [[121.4005133, 25.1566389], [121.4006406, 25.1567761]]}}, {"type": "Feature", "properties": {"county": "新北市", "district": "八里區", "highway": "unclassified", "name": "十三行路"}, "geometry": {"type": "LineString", "coordinates": [[121.407124, 25.1541039], [121.40835, 25.1530831], [121.408943, 25.1525901], [121.409439, 25.1521443]]}}, {"type": "Feature", "properties": {"county": "新北市", "district": "八里區", "highway": "tertiary", "name": "臨港大道"}, "geometry": {"type": "LineString", "coordinates": [[121.4005133, 25.1566389], [121.4006271, 25.156647], [121.4020686, 25.1580022], [121.4021129, 25.1580436], [121.4021783, 25.1581049], [121.4021988, 25.158134], [121.4022099, 25.1581588], [121.4022155, 25.1581869], [121.4022141, 25.158217], [121.4022101, 25.15824], [121.4021979, 25.1582633], [121.402188, 25.1582787], [121.402176, 25.1582965], [121.4021608, 25.1583134], [121.402131, 25.1583394], [121.4021064, 25.158361], [121.4020596, 25.158402], [121.4019716, 25.1584776]]}}, {"type": "Feature", "properties": {"county": "新北市", "district": "八里區", "highway": "tertiary", "name": "臨港大道"}, "geometry": {"type": "LineString", "coordinates": [[121.400199, 25.1567457], [121.3999743, 25.1565426], [121.3998529, 25.1564326], [121.3986962, 25.1553849], [121.397254, 25.1540923]]}}, {"type": "Feature", "properties": {"county": "新北市", "district": "八里區", "highway": "tertiary", "name": "臨港大道"}, "geometry": {"type": "LineString", "coordinates": [[121.4002956, 25.1568355], [121.400199, 25.1567457]]}}, {"type": "Feature", "properties": {"county": "新北市", "district": "八里區", "highway": "tertiary", "name": "商港路"}, "geometry": {"type": "LineString", "coordinates": [[121.3925259, 25.1502561], [121.3927132, 25.150078]]}}, {"type": "Feature", "properties": {"county": "新北市", "district": "八里區", "highway": "trunk_link", "name": "八里二交流道"}, "geometry": {"type": "LineString", "coordinates": [[121.3925259, 25.1502561], [121.392458, 25.1500957]]}}, {"type": "Feature", "properties": {"county": "新北市", "district": "八里區", "highway": "tertiary", "name": "商港路"}, "geometry": {"type": "LineString", "coordinates": [[121.3927002, 25.1502875], [121.3926253, 25.1503612], [121.3918094, 25.1510949]]}}, {"type": "Feature", "properties": {"county": "新北市", "district": "八里區", "highway": "unclassified", "name": "A1道路"}, "geometry": {"type": "LineString", "coordinates": [[121.4010908, 25.1590549], [121.4012957, 25.1588774], [121.4018639, 25.1583767], [121.4019968, 25.1582589]]}}, {"type": "Feature", "properties": {"county": "新北市", "district": "八里區", "highway": "unclassified", "name": "A11道路"}, "geometry": {"type": "LineString", "coordinates": [[121.3891045, 25.1499145], [121.3894927, 25.1490895]]}}, {"type": "Feature", "properties": {"county": "新北市", "district": "八里區", "highway": "unclassified", "name": null}, "geometry": {"type": "LineString", "coordinates": [[121.3921228, 25.1515609], [121.392046, 25.1514888], [121.3916734, 25.1511387], [121.3906389, 25.150167], [121.389591, 25.1491826], [121.3894927, 25.1490895]]}}, {"type": "Feature", "properties": {"county": "新北市", "district": "八里區", "highway": "primary", "name": "中山路三段"}, "geometry": {"type": "LineString", "coordinates": [[121.3686261, 25.136181], [121.3684559, 25.1361189]]}}, {"type": "Feature", "properties": {"county": "新北市", "district": "八里區", "highway": "unclassified", "name": null}, "geometry": {"type": "LineString", "coordinates": [[121.3687723, 25.135996], [121.3686261, 25.136181]]}}, {"type": "Feature", "properties": {"county": "新北市", "district": "八里區", "highway": "unclassified", "name": null}, "geometry": {"type": "LineString", "coordinates": [[121.3684559, 25.1361189], [121.3685362, 25.1359041]]}}, {"type": "Feature", "properties": {"county": "新北市", "district": "八里區", "highway": "primary", "name": "中山路三段"}, "geometry": {"type": "LineString", "coordinates": [[121.3684559, 25.1361189], [121.3680974, 25.1359925], [121.3675453, 25.1358132], [121.3666923, 25.1356091], [121.3666488, 25.1356011], [121.3664759, 25.1355727]]}}, {"type": "Feature", "properties": {"county": "新北市", "district": "八里區", "highway": "secondary", "name": "成泰路三段"}, "geometry": {"type": "LineString", "coordinates": [[121.4515635, 25.100829], [121.4515904, 25.1009247], [121.4516914, 25.1011771], [121.4517659, 25.10134], [121.4519241, 25.1016768], [121.4520951, 25.1020985], [121.4522895, 25.1025674]]}}, {"type": "Feature", "properties": {"county": "新北市", "district": "八里區", "highway": "residential", "name": "天乙路"}, "geometry": {"type": "LineString", "coordinates": [[121.4482792, 25.1041479], [121.4482066, 25.1045745], [121.4481583, 25.1046546], [121.4480687, 25.1047315], [121.4478595, 25.1048311], [121.4476341, 25.1049477], [121.4474977, 25.1050144], [121.4473659, 25.1050789], [121.4473123, 25.1051274], [121.4473793, 25.1054894], [121.4474249, 25.1060164], [121.4474369, 25.1062594], [121.4474343, 25.1063237], [121.4474276, 25.1064051], [121.4473498, 25.1066808], [121.4471728, 25.1071822], [121.4470178, 25.1072461], [121.4467998, 25.1073421], [121.4467154, 25.1073469], [121.4465679, 25.1074003], [121.4464901, 25.1074562], [121.4464244, 25.1075278], [121.4463359, 25.1076644], [121.4462876, 25.1077883], [121.4461409, 25.1084064], [121.4460993, 25.1085879], [121.4460698, 25.1088186], [121.44609, 25.1092267], [121.446094, 25.1095776], [121.446106, 25.109812], [121.4461288, 25.1100427], [121.4461369, 25.1101678], [121.4461342, 25.1102625], [121.4461114, 25.1103997], [121.4460953, 25.1104738], [121.4460564, 25.1105965], [121.4459961, 25.1107179], [121.4458539, 25.1109243], [121.4457922, 25.1110166], [121.4457775, 25.1110907], [121.4458003, 25.1111951], [121.4458794, 25.1113117], [121.4458781, 25.1115072], [121.4459089, 25.1118047], [121.4458982, 25.1119007], [121.4458861, 25.1119699], [121.4458566, 25.1120719], [121.4458472, 25.1122371], [121.4458915, 25.1123548], [121.4458807, 25.1125261], [121.4458955, 25.1126026], [121.445925, 25.1126718], [121.4459518, 25.1127592], [121.4460417, 25.1128272], [121.4460806, 25.1128807], [121.4461034, 25.1129754], [121.4461114, 25.113013], [121.4461074, 25.1130919], [121.4460967, 25.11316], [121.4460712, 25.1132097], [121.4460242, 25.1132692], [121.4459706, 25.1133166], [121.4458271, 25.1134271], [121.4457721, 25.1134781], [121.4457399, 25.1135461], [121.4457627, 25.1136329], [121.4458351, 25.1136997], [121.4459424, 25.1137817], [121.4461516, 25.1140385], [121.4462267, 25.1142201], [121.4462737, 25.1145285], [121.446263, 25.1148296], [121.4462469, 25.1149669], [121.4462093, 25.1150871], [121.4462079, 25.1151466], [121.446228, 25.1152], [121.4462763, 25.1152413], [121.4464319, 25.1153008], [121.4466116, 25.1153506], [121.4466854, 25.1153785], [121.4467162, 25.1154125], [121.4467388, 25.1154696], [121.4467645, 25.1155692], [121.4467833, 25.1156432], [121.4468209, 25.1157343], [121.4468772, 25.1158448], [121.4469099, 25.1161344], [121.4469979, 25.1168029], [121.4471031, 25.1173972], [121.4471025, 25.1174902], [121.4470649, 25.1175703], [121.4470193, 25.1176717], [121.4469992, 25.1178199], [121.4469952, 25.1179899], [121.4470341, 25.1181149], [121.4471025, 25.1181732], [121.4471695, 25.1181993]]}}, {"type": "Feature", "properties": {"county": "新北市", "district": "八里區", "highway": "secondary", "name": "成泰路三段"}, "geometry": {"type": "LineString", "coordinates": [[121.4527216, 25.1047127], [121.4527177, 25.1044513], [121.4527543, 25.1040404], [121.4528602, 25.1038064]]}}, {"type": "Feature", "properties": {"county": "新北市", "district": "八里區", "highway": "secondary", "name": "成泰路三段"}, "geometry": {"type": "LineString", "coordinates": [[121.4528602, 25.1038064], [121.452697, 25.1034153], [121.4526373, 25.1032722]]}}, {"type": "Feature", "properties": {"county": "新北市", "district": "八里區", "highway": "secondary", "name": "新五路二段"}, "geometry": {"type": "LineString", "coordinates": [[121.4385267, 25.0785378], [121.4386782, 25.078856], [121.4387394, 25.0789698], [121.4391009, 25.0796409], [121.4396813, 25.0805839], [121.4402658, 25.0815086], [121.4404655, 25.0818684], [121.440568, 25.0820316]]}}, {"type": "Feature", "properties": {"county": "新北市", "district": "八里區", "highway": "secondary", "name": "新五路二段"}, "geometry": {"type": "LineString", "coordinates": [[121.4402015, 25.0821424], [121.4399647, 25.0818201], [121.4397031, 25.0813794], [121.4394284, 25.0809232], [121.4392846, 25.080701], [121.4391066, 25.0804197], [121.4389138, 25.0800989], [121.4387094, 25.0797178], [121.438471, 25.0792963], [121.4383776, 25.0791353], [121.4382974, 25.0789885]]}}, {"type": "Feature", "properties": {"county": "新北市", "district": "八里區", "highway": "tertiary", "name": "工商路"}, "geometry": {"type": "LineString", "coordinates": [[121.4331547, 25.0873406], [121.4338151, 25.0870688]]}}, {"type": "Feature", "properties": {"county": "新北市", "district": "八里區", "highway": "secondary", "name": "成泰路三段"}, "geometry": {"type": "LineString", "coordinates": [[121.4440775, 25.0903261], [121.4443243, 25.0906285]]}}, {"type": "Feature", "properties": {"county": "新北市", "district": "八里區", "highway": "secondary", "name": "新五路二段"}, "geometry": {"type": "LineString", "coordinates": [[121.4443536, 25.0897235], [121.4442999, 25.0898228], [121.4442228, 25.0901097], [121.444186, 25.0902201], [121.44415, 25.0902805], [121.4440775, 25.0903261]]}}, {"type": "Feature", "properties": {"county": "新北市", "district": "八里區", "highway": "residential", "name": null}, "geometry": {"type": "LineString", "coordinates": [[121.4415174, 25.0834949], [121.4412512, 25.0835533]]}}, {"type": "Feature", "properties": {"county": "新北市", "district": "八里區", "highway": "residential", "name": "御成路"}, "geometry": {"type": "LineString", "coordinates": [[121.4408979, 25.0944376], [121.4409146, 25.0944637], [121.4409225, 25.0944931], [121.440921, 25.094522], [121.4409108, 25.0945495], [121.4408928, 25.0945734], [121.4408682, 25.0945919], [121.4408369, 25.094606], [121.4408073, 25.0946076], [121.4407756, 25.0946037], [121.4407451, 25.0945913], [121.4407197, 25.0945715], [121.4407017, 25.094546], [121.4406924, 25.0945168], [121.4406928, 25.0944865], [121.4407027, 25.0944576], [121.4407213, 25.0944324], [121.440747, 25.0944131], [121.4407778, 25.0944013], [121.4408109, 25.0943979], [121.4408438, 25.0944033], [121.4408736, 25.0944169], [121.4408979, 25.0944376]]}}, {"type": "Feature", "properties": {"county": "新北市", "district": "八里區", "highway": "tertiary", "name": "御史路"}, "geometry": {"type": "LineString", "coordinates": [[121.4428873, 25.0893262], [121.442468, 25.089865], [121.4423246, 25.0900811], [121.4422144, 25.0902472]]}}, {"type": "Feature", "properties": {"county": "新北市", "district": "八里區", "highway": "secondary", "name": "成泰路三段"}, "geometry": {"type": "LineString", "coordinates": [[121.4428873, 25.0893262], [121.4433734, 25.0896035], [121.4435746, 25.0897468], [121.4436297, 25.0898044], [121.443773, 25.0899545], [121.4438339, 25.0900288], [121.4440775, 25.0903261]]}}, {"type": "Feature", "properties": {"county": "新北市", "district": "八里區", "highway": "secondary", "name": "新五路二段"}, "geometry": {"type": "LineString", "coordinates": [[121.4402918, 25.0822153], [121.4402015, 25.0821424]]}}, {"type": "Feature", "properties": {"county": "新北市", "district": "八里區", "highway": "secondary", "name": "成泰路三段"}, "geometry": {"type": "LineString", "coordinates": [[121.4410858, 25.0875545], [121.441208, 25.0876323], [121.4413487, 25.0877452], [121.4419307, 25.0884277], [121.4420997, 25.0886269], [121.4422928, 25.0888456], [121.4424672, 25.0890375], [121.4425331, 25.0891003], [121.4426859, 25.0892113], [121.4428873, 25.0893262]]}}, {"type": "Feature", "properties": {"county": "新北市", "district": "八里區", "highway": "secondary", "name": "民義路一段"}, "geometry": {"type": "LineString", "coordinates": [[121.4293179, 25.090289], [121.4291205, 25.0904366], [121.4287691, 25.0906208], [121.4285103, 25.0907176], [121.4282312, 25.0907979]]}}, {"type": "Feature", "properties": {"county": "新北市", "district": "八里區", "highway": "primary", "name": "民權路"}, "geometry": {"type": "LineString", "coordinates": [[121.4603569, 25.127926], [121.460242, 25.1281187], [121.4598727, 25.1290029], [121.4597649, 25.1292219]]}}, {"type": "Feature", "properties": {"county": "新北市", "district": "八里區", "highway": "unclassified", "name": "商港一路"}, "geometry": {"type": "LineString", "coordinates": [[121.3970892, 25.1478985], [121.3961285, 25.1473604], [121.3959173, 25.1472435], [121.3952033, 25.1468483], [121.3951575, 25.146823], [121.3948571, 25.1466586]]}}, {"type": "Feature", "properties": {"county": "新北市", "district": "八里區", "highway": "primary_link", "name": null}, "geometry": {"type": "LineString", "coordinates": [[121.451426, 25.1325239], [121.4515054, 25.1325389]]}}, {"type": "Feature", "properties": {"county": "新北市", "district": "八里區", "highway": "residential", "name": "龍形三街9巷"}, "geometry": {"type": "LineString", "coordinates": [[121.4514496, 25.1317079], [121.451074, 25.1316602], [121.4509298, 25.1317003], [121.4508627, 25.1317501], [121.4507654, 25.1318584]]}}, {"type": "Feature", "properties": {"county": "新北市", "district": "八里區", "highway": "residential", "name": "龍米路一段330巷"}, "geometry": {"type": "LineString", "coordinates": [[121.4517921, 25.1304885], [121.4514939, 25.1304734]]}}, {"type": "Feature", "properties": {"county": "新北市", "district": "八里區", "highway": "primary_link", "name": null}, "geometry": {"type": "LineString", "coordinates": [[121.4304002, 25.1587664], [121.4303869, 25.1586837]]}}, {"type": "Feature", "properties": {"county": "新北市", "district": "八里區", "highway": "residential", "name": "龍米路二段226巷"}, "geometry": {"type": "LineString", "coordinates": [[121.4328873, 25.1583992], [121.4328664, 25.1589184]]}}, {"type": "Feature", "properties": {"county": "新北市", "district": "八里區", "highway": "residential", "name": "龍米路二段200巷"}, "geometry": {"type": "LineString", "coordinates": [[121.4336591, 25.1584363], [121.4337007, 25.1586049], [121.4337436, 25.1587299], [121.4337705, 25.1587846]]}}, {"type": "Feature", "properties": {"county": "新北市", "district": "八里區", "highway": "residential", "name": "龍米路一段227巷"}, "geometry": {"type": "LineString", "coordinates": [[121.4509338, 25.1326267], [121.4513134, 25.1328513]]}}, {"type": "Feature", "properties": {"county": "新北市", "district": "八里區", "highway": "primary", "name": "中華路二段"}, "geometry": {"type": "LineString", "coordinates": [[121.3983371, 25.1444391], [121.3990874, 25.1448896], [121.3997047, 25.1452682], [121.3998082, 25.1453338]]}}, {"type": "Feature", "properties": {"county": "新北市", "district": "八里區", "highway": "primary", "name": "中華路二段"}, "geometry": {"type": "LineString", "coordinates": [[121.3997524, 25.1453928], [121.3996497, 25.1453287], [121.3994361, 25.1452012], [121.3988845, 25.1448721], [121.398548, 25.1446561], [121.3982902, 25.1445165]]}}, {"type": "Feature", "properties": {"county": "新北市", "district": "八里區", "highway": "primary_link", "name": null}, "geometry": {"type": "LineString", "coordinates": [[121.4059316, 25.1499804], [121.4058687, 25.1500403]]}}, {"type": "Feature", "properties": {"county": "新北市", "district": "八里區", "highway": "primary_link", "name": null}, "geometry": {"type": "LineString", "coordinates": [[121.393447, 25.1438578], [121.3933921, 25.1439307]]}}, {"type": "Feature", "properties": {"county": "新北市", "district": "八里區", "highway": "secondary", "name": "文化北路二段"}, "geometry": {"type": "LineString", "coordinates": [[121.3757897, 25.0898371], [121.3752489, 25.0890919], [121.3751073, 25.0888968], [121.3750125, 25.0887662], [121.3748128, 25.0885277], [121.3745756, 25.0881837], [121.3739235, 25.0872834], [121.3738981, 25.0872483], [121.3737799, 25.0870851]]}}, {"type": "Feature", "properties": {"county": "新北市", "district": "八里區", "highway": "secondary", "name": "文化北路一段"}, "geometry": {"type": "LineString", "coordinates": [[121.3685892, 25.0805737], [121.3672862, 25.0792137], [121.3663978, 25.078278], [121.3661303, 25.0780074], [121.3657361, 25.0776114], [121.3653364, 25.0772299], [121.3649399, 25.0768496], [121.3645371, 25.0764696], [121.364, 25.0759867], [121.3639228, 25.0759206]]}}, {"type": "Feature", "properties": {"county": "新北市", "district": "八里區", "highway": "tertiary", "name": "文化北路二段"}, "geometry": {"type": "LineString", "coordinates": [[121.3737799, 25.0870851], [121.3737248, 25.0870083], [121.3736015, 25.0868365], [121.3732651, 25.0863678], [121.3727342, 25.0856259], [121.3722207, 25.0849593], [121.3715638, 25.0841066], [121.3708462, 25.0831751], [121.3702684, 25.082425], [121.3701482, 25.0822765], [121.3697136, 25.0817965], [121.3689158, 25.0809243]]}}, {"type": "Feature", "properties": {"county": "新北市", "district": "八里區", "highway": "unclassified", "name": "中正東路42巷"}, "geometry": {"type": "LineString", "coordinates": [[121.4496777, 25.1645666], [121.4498384, 25.1647321]]}}, {"type": "Feature", "properties": {"county": "新北市", "district": "八里區", "highway": "tertiary_link", "name": "臨港大道"}, "geometry": {"type": "LineString", "coordinates": [[121.395565, 25.1525242], [121.3966108, 25.1533574], [121.3972989, 25.1539123], [121.3973455, 25.1539537], [121.3987378, 25.1551904], [121.3999735, 25.1563247], [121.4000241, 25.1563718], [121.4004103, 25.1567319], [121.4019403, 25.1581584], [121.401962, 25.158179]]}}, {"type": "Feature", "properties": {"county": "新北市", "district": "八里區", "highway": "residential", "name": null}, "geometry": {"type": "LineString", "coordinates": [[121.3764916, 25.1152347], [121.3760122, 25.1147352], [121.3759179, 25.114594], [121.3758394, 25.1144618], [121.3758662, 25.1143476], [121.3758124, 25.1143065], [121.3756436, 25.1142505], [121.3754989, 25.1141128]]}}, {"type": "Feature", "properties": {"county": "新北市", "district": "八里區", "highway": "residential", "name": null}, "geometry": {"type": "LineString", "coordinates": [[121.3758973, 25.1134781], [121.3762645, 25.1131953]]}}, {"type": "Feature", "properties": {"county": "新北市", "district": "八里區", "highway": "residential", "name": null}, "geometry": {"type": "LineString", "coordinates": [[121.3786815, 25.1120756], [121.3781985, 25.1116344]]}}, {"type": "Feature", "properties": {"county": "新北市", "district": "八里區", "highway": "residential", "name": null}, "geometry": {"type": "LineString", "coordinates": [[121.3789041, 25.1118813], [121.3788671, 25.1118102], [121.378861, 25.1117627], [121.3788856, 25.111732], [121.3790335, 25.1115702]]}}, {"type": "Feature", "properties": {"county": "新北市", "district": "八里區", "highway": "residential", "name": null}, "geometry": {"type": "LineString", "coordinates": [[121.3790616, 25.1124086], [121.3791321, 25.1123486], [121.3792184, 25.1122649], [121.3792769, 25.112223], [121.3793971, 25.1121784], [121.3794708, 25.1121723]]}}, {"type": "Feature", "properties": {"county": "新北市", "district": "八里區", "highway": "residential", "name": null}, "geometry": {"type": "LineString", "coordinates": [[121.3745264, 25.114401], [121.3744546, 25.1142797], [121.3740113, 25.1137872], [121.3739737, 25.1137289], [121.3739737, 25.1136512], [121.3740059, 25.1135783], [121.3746335, 25.11318]]}}, {"type": "Feature", "properties": {"county": "新北市", "district": "八里區", "highway": "residential", "name": null}, "geometry": {"type": "LineString", "coordinates": [[121.3736787, 25.1138357], [121.3739737, 25.1136512]]}}, {"type": "Feature", "properties": {"county": "新北市", "district": "八里區", "highway": "tertiary", "name": "壟鉤路"}, "geometry": {"type": "LineString", "coordinates": [[121.4207174, 25.0964892], [121.4206492, 25.0963718], [121.4205472, 25.0963002], [121.4203776, 25.0962341], [121.4202415, 25.0961811], [121.4198174, 25.0960773], [121.4195119, 25.0960026], [121.4194031, 25.0959803], [121.4193039, 25.0959757], [121.4192157, 25.0958962], [121.4190318, 25.0956719], [121.4188822, 25.0954334], [121.4186937, 25.09525], [121.4185223, 25.0951583], [121.4183977, 25.0951202], [121.4183182, 25.0950666], [121.4182216, 25.0948493], [121.4181499, 25.0946786], [121.4181328, 25.0944655], [121.417991, 25.0940549], [121.4179396, 25.0939265], [121.4179256, 25.0937812], [121.4179489, 25.0936429], [121.4179785, 25.0935328], [121.4179832, 25.0934002], [121.4179505, 25.0932972], [121.4178555, 25.0931293], [121.4177573, 25.0929501], [121.4176872, 25.0928174], [121.4176716, 25.0927878], [121.4176451, 25.0926834], [121.417589, 25.0924943], [121.4174504, 25.0922841], [121.417346, 25.0921458], [121.4172696, 25.0921444], [121.4172026, 25.0920964], [121.4168941, 25.0916576], [121.4167243, 25.0914544], [121.4166916, 25.0913613], [121.4166682, 25.091182], [121.4166589, 25.0909873], [121.4166511, 25.0907982], [121.4165763, 25.0904808], [121.4164205, 25.0898825], [121.4162771, 25.0895311], [121.4161138, 25.0891128], [121.4159951, 25.0888256], [121.4158923, 25.0886915], [121.4157349, 25.0885533], [121.4156212, 25.0883966], [121.4156009, 25.088329], [121.4155682, 25.0882202], [121.415576, 25.0880594], [121.4156305, 25.0877786], [121.4156399, 25.0875923], [121.4156227, 25.0872226], [121.4155822, 25.0869474], [121.4155293, 25.0867838], [121.415442, 25.086589], [121.4154015, 25.0864649], [121.4153657, 25.0860091], [121.415375, 25.0856337], [121.4153984, 25.0855994]]}}, {"type": "Feature", "properties": {"county": "新北市", "district": "八里區", "highway": "residential", "name": null}, "geometry": {"type": "LineString", "coordinates": [[121.4197049, 25.0784374], [121.4197075, 25.0785127], [121.4193884, 25.0788139], [121.4191751, 25.0789901], [121.4191255, 25.0791225], [121.4191027, 25.0792986], [121.4189954, 25.0795367], [121.418919, 25.0796314], [121.4188854, 25.0797006], [121.4189136, 25.0798598], [121.4189887, 25.0799484], [121.4190079, 25.0800986], [121.4190021, 25.080348]]}}, {"type": "Feature", "properties": {"county": "新北市", "district": "八里區", "highway": "unclassified", "name": null}, "geometry": {"type": "LineString", "coordinates": [[121.3827303, 25.1391543], [121.383019, 25.1393498], [121.3831166, 25.1394197], [121.3832467, 25.1394897], [121.3833931, 25.1395044], [121.3834906, 25.1394823], [121.3835801, 25.139394]]}}, {"type": "Feature", "properties": {"county": "新北市", "district": "八里區", "highway": "unclassified", "name": null}, "geometry": {"type": "LineString", "coordinates": [[121.383583, 25.1383833], [121.3836564, 25.138443], [121.3836891, 25.1385276], [121.3837311, 25.1385825], [121.3838385, 25.1386671]]}}, {"type": "Feature", "properties": {"county": "新北市", "district": "八里區", "highway": "trunk", "name": "臨港大橋"}, "geometry": {"type": "LineString", "coordinates": [[121.3792811, 25.1426539], [121.3796, 25.1428777], [121.3798093, 25.1430232], [121.3800724, 25.1431819]]}}, {"type": "Feature", "properties": {"county": "新北市", "district": "八里區", "highway": "trunk", "name": "臨港大橋"}, "geometry": {"type": "LineString", "coordinates": [[121.3800087, 25.1432583], [121.3796229, 25.143006], [121.3792252, 25.1427172]]}}, {"type": "Feature", "properties": {"county": "新北市", "district": "八里區", "highway": "tertiary", "name": "文化北路一段"}, "geometry": {"type": "LineString", "coordinates": [[121.3690842, 25.0808854], [121.3690355, 25.0808326]]}}, {"type": "Feature", "properties": {"county": "新北市", "district": "八里區", "highway": "tertiary", "name": "商港九路"}, "geometry": {"type": "LineString", "coordinates": [[121.4005133, 25.1566389], [121.4007289, 25.1564469], [121.4008543, 25.1563341], [121.4012099, 25.1560158], [121.4013584, 25.1558829], [121.4014605, 25.155793], [121.402931, 25.1544986]]}}, {"type": "Feature", "properties": {"county": "新北市", "district": "八里區", "highway": "tertiary", "name": "商港九路"}, "geometry": {"type": "LineString", "coordinates": [[121.4030472, 25.1543991], [121.4031213, 25.1543349]]}}, {"type": "Feature", "properties": {"county": "新北市", "district": "八里區", "highway": "residential", "name": null}, "geometry": {"type": "LineString", "coordinates": [[121.4572665, 25.1623257], [121.4568347, 25.1622068]]}}, {"type": "Feature", "properties": {"county": "新北市", "district": "八里區", "highway": "residential", "name": "竿蓁二街19巷20弄"}, "geometry": {"type": "LineString", "coordinates": [[121.4531561, 25.1635133], [121.4536214, 25.1638005]]}}, {"type": "Feature", "properties": {"county": "新北市", "district": "八里區", "highway": "residential", "name": "竿蓁二街19巷7弄"}, "geometry": {"type": "LineString", "coordinates": [[121.4531359, 25.163542], [121.4528449, 25.1633599]]}}, {"type": "Feature", "properties": {"county": "新北市", "district": "八里區", "highway": "residential", "name": null}, "geometry": {"type": "LineString", "coordinates": [[121.453292, 25.1641945], [121.4535597, 25.1643383]]}}, {"type": "Feature", "properties": {"county": "新北市", "district": "八里區", "highway": "residential", "name": "中正東路一段3巷"}, "geometry": {"type": "LineString", "coordinates": [[121.4514539, 25.1651877], [121.4511297, 25.1656594]]}}, {"type": "Feature", "properties": {"county": "新北市", "district": "八里區", "highway": "unclassified", "name": null}, "geometry": {"type": "LineString", "coordinates": [[121.4474604, 25.132107], [121.4474947, 25.1319984], [121.4475372, 25.131904], [121.4476184, 25.131862], [121.4476995, 25.131876], [121.4477961, 25.131925], [121.4478617, 25.1318655], [121.4479042, 25.1317781], [121.4480077, 25.1316142]]}}, {"type": "Feature", "properties": {"county": "新北市", "district": "八里區", "highway": "unclassified", "name": null}, "geometry": {"type": "LineString", "coordinates": [[121.4539984, 25.1021906], [121.4539506, 25.1022366], [121.4538866, 25.1022979], [121.4535074, 25.1028973], [121.4532419, 25.1033551], [121.4531882, 25.1034438], [121.4530691, 25.1035791]]}}, {"type": "Feature", "properties": {"county": "新北市", "district": "八里區", "highway": "unclassified", "name": "頭湖二路"}, "geometry": {"type": "LineString", "coordinates": [[121.372353, 25.0848811], [121.3722207, 25.0849593], [121.3708279, 25.0857859], [121.3695053, 25.0865627], [121.3679054, 25.0875061], [121.3662966, 25.08843], [121.3653209, 25.0889535]]}}, {"type": "Feature", "properties": {"county": "新北市", "district": "八里區", "highway": "unclassified", "name": "新園一路"}, "geometry": {"type": "LineString", "coordinates": [[121.3723412, 25.0877146], [121.3708279, 25.0857859], [121.3694409, 25.0840048]]}}, {"type": "Feature", "properties": {"county": "新北市", "district": "八里區", "highway": "unclassified", "name": "仁愛路三段"}, "geometry": {"type": "LineString", "coordinates": [[121.3663754, 25.0824287], [121.3637567, 25.0840276], [121.3635789, 25.0841207]]}}, {"type": "Feature", "properties": {"county": "新北市", "district": "八里區", "highway": "unclassified", "name": "新園二路"}, "geometry": {"type": "LineString", "coordinates": [[121.3709665, 25.0884564], [121.3695053, 25.0865627], [121.3689887, 25.0858522], [121.3682027, 25.084878], [121.3681312, 25.084787], [121.3680664, 25.0847045], [121.3673528, 25.083798], [121.367289, 25.083712], [121.3672082, 25.0836033], [121.3663754, 25.0824287]]}}, {"type": "Feature", "properties": {"county": "新北市", "district": "八里區", "highway": "unclassified", "name": "頭湖北路"}, "geometry": {"type": "LineString", "coordinates": [[121.367289, 25.083712], [121.3671696, 25.0837906], [121.3645678, 25.0854264]]}}, {"type": "Feature", "properties": {"county": "新北市", "district": "八里區", "highway": "unclassified", "name": "頭湖三路"}, "geometry": {"type": "LineString", "coordinates": [[121.3709639, 25.0831061], [121.3708462, 25.0831751], [121.3694409, 25.0840048], [121.3682356, 25.0847246], [121.3681312, 25.084787]]}}, {"type": "Feature", "properties": {"county": "新北市", "district": "八里區", "highway": "unclassified", "name": "新園三路"}, "geometry": {"type": "LineString", "coordinates": [[121.3679054, 25.0875061], [121.3694352, 25.0894672]]}}, {"type": "Feature", "properties": {"county": "新北市", "district": "八里區", "highway": "unclassified", "name": "新園北路"}, "geometry": {"type": "LineString", "coordinates": [[121.3662966, 25.08843], [121.3678711, 25.0904996]]}}, {"type": "Feature", "properties": {"county": "新北市", "district": "八里區", "highway": "residential", "name": "民權路"}, "geometry": {"type": "LineString", "coordinates": [[121.3736374, 25.0832623], [121.3734181, 25.0829808], [121.3734133, 25.0829353], [121.3733997, 25.0828708], [121.3733924, 25.0827694], [121.3733941, 25.0824836]]}}, {"type": "Feature", "properties": {"county": "新北市", "district": "八里區", "highway": "residential", "name": "民權路"}, "geometry": {"type": "LineString", "coordinates": [[121.3736231, 25.0827455], [121.3736702, 25.0828589], [121.3736567, 25.0829309], [121.3736319, 25.0831076], [121.3736374, 25.0832623]]}}, {"type": "Feature", "properties": {"county": "新北市", "district": "八里區", "highway": "residential", "name": "民權路"}, "geometry": {"type": "LineString", "coordinates": [[121.3736231, 25.0827455], [121.3738246, 25.0829846], [121.373889, 25.0830277], [121.373951, 25.0830503]]}}, {"type": "Feature", "properties": {"county": "新北市", "district": "八里區", "highway": "residential", "name": "民權路"}, "geometry": {"type": "LineString", "coordinates": [[121.3733941, 25.0824836], [121.3736231, 25.0827455]]}}, {"type": "Feature", "properties": {"county": "新北市", "district": "八里區", "highway": "tertiary", "name": "中華路"}, "geometry": {"type": "LineString", "coordinates": [[121.3787845, 25.093948], [121.3789207, 25.0938649]]}}, {"type": "Feature", "properties": {"county": "新北市", "district": "八里區", "highway": "tertiary", "name": "文化北路二段"}, "geometry": {"type": "LineString", "coordinates": [[121.3789207, 25.0938649], [121.3789427, 25.0940275]]}}, {"type": "Feature", "properties": {"county": "新北市", "district": "八里區", "highway": "tertiary", "name": "文化北路二段"}, "geometry": {"type": "LineString", "coordinates": [[121.3789427, 25.0940275], [121.3787845, 25.093948]]}}, {"type": "Feature", "properties": {"county": "新北市", "district": "八里區", "highway": "secondary", "name": "文化北路二段"}, "geometry": {"type": "LineString", "coordinates": [[121.373922, 25.0870219], [121.3740321, 25.0871727], [121.3747953, 25.0882182]]}}, {"type": "Feature", "properties": {"county": "新北市", "district": "八里區", "highway": "unclassified", "name": null}, "geometry": {"type": "LineString", "coordinates": [[121.447753, 25.0856697], [121.4479669, 25.0854307], [121.4480213, 25.085359], [121.4480539, 25.0852738], [121.4480744, 25.0851877], [121.4480959, 25.0850381], [121.4481291, 25.0847425]]}}, {"type": "Feature", "properties": {"county": "新北市", "district": "八里區", "highway": "unclassified", "name": "疏左五股橋"}, "geometry": {"type": "LineString", "coordinates": [[121.4481291, 25.0847425], [121.4481856, 25.084427]]}}, {"type": "Feature", "properties": {"county": "新北市", "district": "八里區", "highway": "unclassified", "name": null}, "geometry": {"type": "LineString", "coordinates": [[121.4478289, 25.0851602], [121.4480744, 25.0851877]]}}, {"type": "Feature", "properties": {"county": "新北市", "district": "八里區", "highway": "unclassified", "name": null}, "geometry": {"type": "LineString", "coordinates": [[121.4481856, 25.084427], [121.4481964, 25.0843376], [121.4481903, 25.0842595], [121.4481749, 25.0842491], [121.4480057, 25.0838695]]}}, {"type": "Feature", "properties": {"county": "新北市", "district": "八里區", "highway": "unclassified", "name": null}, "geometry": {"type": "LineString", "coordinates": [[121.4481749, 25.0842491], [121.4479504, 25.0842118]]}}, {"type": "Feature", "properties": {"county": "新北市", "district": "八里區", "highway": "unclassified", "name": "新五路二段372巷"}, "geometry": {"type": "LineString", "coordinates": [[121.4477833, 25.0854119], [121.4478289, 25.0851602], [121.4478754, 25.0847261], [121.4476501, 25.0847223]]}}, {"type": "Feature", "properties": {"county": "新北市", "district": "八里區", "highway": "unclassified", "name": "疏洪北路"}, "geometry": {"type": "LineString", "coordinates": [[121.4505254, 25.0975069], [121.4496818, 25.0957639], [121.4495046, 25.0953874]]}}, {"type": "Feature", "properties": {"county": "新北市", "district": "八里區", "highway": "unclassified", "name": null}, "geometry": {"type": "LineString", "coordinates": [[121.4477833, 25.0854119], [121.4479669, 25.0854307]]}}, {"type": "Feature", "properties": {"county": "新北市", "district": "八里區", "highway": "trunk_link", "name": "八里二交流道"}, "geometry": {"type": "LineString", "coordinates": [[121.3903287, 25.1482833], [121.3909458, 25.1487341], [121.3911607, 25.1489025], [121.3913964, 25.1490619], [121.3916459, 25.1491759], [121.3919436, 25.1492658], [121.3922413, 25.1492803], [121.3925691, 25.1492269], [121.3928823, 25.1491323], [121.3931532, 25.1490157], [121.3933732, 25.1488555], [121.3935796, 25.1486458], [121.3940458, 25.1479971]]}}, {"type": "Feature", "properties": {"county": "新北市", "district": "八里區", "highway": "trunk_link", "name": "八里二交流道"}, "geometry": {"type": "LineString", "coordinates": [[121.3902457, 25.1474351], [121.3898703, 25.1471842], [121.3896737, 25.1470787], [121.3894719, 25.1470026], [121.3892657, 25.1469437], [121.3890256, 25.1469129], [121.3888027, 25.1469083], [121.3885426, 25.1469149], [121.3882891, 25.1469156], [121.3881017, 25.1468985], [121.38795, 25.1468538], [121.3878018, 25.1467651], [121.387644, 25.1466338], [121.3874738, 25.1464874], [121.3872763, 25.1463354], [121.3870524, 25.1461811]]}}, {"type": "Feature", "properties": {"county": "新北市", "district": "八里區", "highway": "trunk_link", "name": "八里二交流道"}, "geometry": {"type": "LineString", "coordinates": [[121.3940411, 25.1483347], [121.3937314, 25.1487989], [121.3935817, 25.1490201], [121.3934884, 25.1491236], [121.3933973, 25.1491911], [121.3932993, 25.1492435], [121.3931692, 25.1492749], [121.3930034, 25.1493005], [121.3928519, 25.1493061], [121.3926926, 25.1492903], [121.3925417, 25.1492609], [121.3924189, 25.1492085], [121.3923215, 25.1491478], [121.3922386, 25.1490813], [121.3902457, 25.1474351]]}}, {"type": "Feature", "properties": {"county": "新北市", "district": "八里區", "highway": "trunk_link", "name": "八里二交流道"}, "geometry": {"type": "LineString", "coordinates": [[121.3940458, 25.1479971], [121.3951952, 25.1462722]]}}, {"type": "Feature", "properties": {"county": "新北市", "district": "八里區", "highway": "trunk_link", "name": "八里二交流道"}, "geometry": {"type": "LineString", "coordinates": [[121.3870524, 25.1461811], [121.3868661, 25.1460705], [121.3863136, 25.1457792], [121.3855626, 25.1454296], [121.3851553, 25.1452598], [121.3846693, 25.1450504], [121.3838774, 25.1447475]]}}, {"type": "Feature", "properties": {"county": "新北市", "district": "八里區", "highway": "residential", "name": null}, "geometry": {"type": "LineString", "coordinates": [[121.4422146, 25.0862246], [121.4428474, 25.0858544]]}}, {"type": "Feature", "properties": {"county": "新北市", "district": "八里區", "highway": "tertiary", "name": "壟鉤路"}, "geometry": {"type": "LineString", "coordinates": [[121.4166135, 25.0832784], [121.4166129, 25.0831404], [121.4165682, 25.0826006], [121.4165384, 25.0824256], [121.4163299, 25.0820732], [121.4160555, 25.0819251], [121.4156247, 25.0815877], [121.4154666, 25.0813114], [121.4154578, 25.0806731], [121.4158272, 25.0798942], [121.4158736, 25.0795759], [121.4159569, 25.0791972], [121.4159551, 25.0786657]]}}, {"type": "Feature", "properties": {"county": "新北市", "district": "八里區", "highway": "tertiary", "name": "壟鉤路"}, "geometry": {"type": "LineString", "coordinates": [[121.4153984, 25.0855994], [121.4154457, 25.0855303]]}}, {"type": "Feature", "properties": {"county": "新北市", "district": "八里區", "highway": "tertiary", "name": "壟鉤路"}, "geometry": {"type": "LineString", "coordinates": [[121.4154457, 25.0855303], [121.4154655, 25.0855013], [121.415575, 25.0852459], [121.4155903, 25.0850763], [121.4156136, 25.0849574], [121.4157028, 25.0848438], [121.4158459, 25.084776], [121.4159033, 25.0846972], [121.4159994, 25.084522], [121.416035, 25.0844434]]}}, {"type": "Feature", "properties": {"county": "新北市", "district": "八里區", "highway": "tertiary", "name": "壟鉤路"}, "geometry": {"type": "LineString", "coordinates": [[121.416035, 25.0844434], [121.4160589, 25.0843905]]}}, {"type": "Feature", "properties": {"county": "新北市", "district": "八里區", "highway": "tertiary", "name": "壟鉤路"}, "geometry": {"type": "LineString", "coordinates": [[121.4160589, 25.0843905], [121.4160725, 25.0843604], [121.4160979, 25.0842667], [121.4161432, 25.0840326], [121.4162001, 25.0838847], [121.4163458, 25.083692], [121.4164907, 25.0835652], [121.4166141, 25.0834284], [121.4166138, 25.0833627]]}}, {"type": "Feature", "properties": {"county": "新北市", "district": "八里區", "highway": "tertiary", "name": "壟鉤路"}, "geometry": {"type": "LineString", "coordinates": [[121.4166138, 25.0833627], [121.4166135, 25.0832784]]}}, {"type": "Feature", "properties": {"county": "新北市", "district": "八里區", "highway": "residential", "name": "文林北路二段550巷"}, "geometry": {"type": "LineString", "coordinates": [[121.3790579, 25.0918606], [121.3785631, 25.0921665]]}}, {"type": "Feature", "properties": {"county": "新北市", "district": "八里區", "highway": "residential", "name": "文林北路二段550巷19弄"}, "geometry": {"type": "LineString", "coordinates": [[121.3785631, 25.0921665], [121.3791501, 25.092985]]}}, {"type": "Feature", "properties": {"county": "新北市", "district": "八里區", "highway": "residential", "name": "文林北路二段550巷30弄"}, "geometry": {"type": "LineString", "coordinates": [[121.3783943, 25.0909188], [121.3790579, 25.0918606]]}}, {"type": "Feature", "properties": {"county": "新北市", "district": "八里區", "highway": "residential", "name": "文林一街"}, "geometry": {"type": "LineString", "coordinates": [[121.3779608, 25.0874324], [121.3775699, 25.0868425]]}}, {"type": "Feature", "properties": {"county": "新北市", "district": "八里區", "highway": "residential", "name": "文林一街11巷"}, "geometry": {"type": "LineString", "coordinates": [[121.3770827, 25.0870934], [121.3775699, 25.0868425]]}}, {"type": "Feature", "properties": {"county": "新北市", "district": "八里區", "highway": "residential", "name": "中北一街49巷"}, "geometry": {"type": "LineString", "coordinates": [[121.3848053, 25.0874634], [121.3849462, 25.0876566], [121.3850409, 25.0877809], [121.3851262, 25.0878195], [121.3858552, 25.0878587], [121.3859157, 25.0878522]]}}, {"type": "Feature", "properties": {"county": "新北市", "district": "八里區", "highway": "residential", "name": "中北一街"}, "geometry": {"type": "LineString", "coordinates": [[121.3856052, 25.0870346], [121.3853122, 25.0865938], [121.3852624, 25.0865583]]}}, {"type": "Feature", "properties": {"county": "新北市", "district": "八里區", "highway": "residential", "name": "中北一街"}, "geometry": {"type": "LineString", "coordinates": [[121.3863971, 25.0866288], [121.3862683, 25.0866871], [121.3856052, 25.0870346]]}}, {"type": "Feature", "properties": {"county": "新北市", "district": "八里區", "highway": "residential", "name": "中北三街"}, "geometry": {"type": "LineString", "coordinates": [[121.3830732, 25.0826564], [121.3826216, 25.0818884]]}}, {"type": "Feature", "properties": {"county": "新北市", "district": "八里區", "highway": "residential", "name": "文化一路二段197巷"}, "geometry": {"type": "LineString", "coordinates": [[121.3839134, 25.0822776], [121.3837914, 25.0823328], [121.3830732, 25.0826564]]}}, {"type": "Feature", "properties": {"county": "新北市", "district": "八里區", "highway": "residential", "name": "文化二路二段178巷"}, "geometry": {"type": "LineString", "coordinates": [[121.3815896, 25.0833903], [121.3810296, 25.0836731], [121.3805634, 25.0839084], [121.3804593, 25.0839344], [121.3803541, 25.0839567]]}}, {"type": "Feature", "properties": {"county": "新北市", "district": "八里區", "highway": "residential", "name": "文化二路二段178巷15弄"}, "geometry": {"type": "LineString", "coordinates": [[121.3810296, 25.0836731], [121.3811811, 25.0839672]]}}, {"type": "Feature", "properties": {"county": "新北市", "district": "八里區", "highway": "residential", "name": "文林四街33巷"}, "geometry": {"type": "LineString", "coordinates": [[121.3738149, 25.085886], [121.373672, 25.0857035], [121.3736869, 25.0856685], [121.3745132, 25.0851471]]}}, {"type": "Feature", "properties": {"county": "新北市", "district": "八里區", "highway": "residential", "name": null}, "geometry": {"type": "LineString", "coordinates": [[121.3735891, 25.0809768], [121.3733941, 25.0806924], [121.3730715, 25.0803327]]}}, {"type": "Feature", "properties": {"county": "新北市", "district": "八里區", "highway": "unclassified", "name": "文林六街27巷"}, "geometry": {"type": "LineString", "coordinates": [[121.3712434, 25.0807996], [121.3704005, 25.0814019]]}}, {"type": "Feature", "properties": {"county": "新北市", "district": "八里區", "highway": "unclassified", "name": "文化北路一段542巷13弄"}, "geometry": {"type": "LineString", "coordinates": [[121.369601, 25.0796985], [121.3692043, 25.0800172], [121.3691289, 25.0800365], [121.3690675, 25.07999], [121.3683916, 25.0794183]]}}, {"type": "Feature", "properties": {"county": "新北市", "district": "八里區", "highway": "residential", "name": "竹林路"}, "geometry": {"type": "LineString", "coordinates": [[121.3920531, 25.0859626], [121.3920628, 25.0857821], [121.3919863, 25.0854536]]}}, {"type": "Feature", "properties": {"county": "新北市", "district": "八里區", "highway": "primary", "name": "中山路三段"}, "geometry": {"type": "LineString", "coordinates": [[121.3911135, 25.142266], [121.3910008, 25.1422079], [121.3908859, 25.1421644], [121.3907474, 25.1421296]]}}, {"type": "Feature", "properties": {"county": "新北市", "district": "八里區", "highway": "secondary", "name": "中華路三段"}, "geometry": {"type": "LineString", "coordinates": [[121.3973266, 25.1439223], [121.3971043, 25.1437814], [121.3969997, 25.1437138], [121.3969077, 25.1436444]]}}, {"type": "Feature", "properties": {"county": "新北市", "district": "八里區", "highway": "primary_link", "name": "商港路"}, "geometry": {"type": "LineString", "coordinates": [[121.3971181, 25.1441322], [121.3971732, 25.1440817], [121.3973266, 25.1439223]]}}, {"type": "Feature", "properties": {"county": "新北市", "district": "八里區", "highway": "residential", "name": "民富街"}, "geometry": {"type": "LineString", "coordinates": [[121.4595986, 25.1402608], [121.4597294, 25.1402613], [121.4600818, 25.1402625], [121.4603893, 25.1402756]]}}, {"type": "Feature", "properties": {"county": "新北市", "district": "八里區", "highway": "primary", "name": "民權路"}, "geometry": {"type": "LineString", "coordinates": [[121.4595902, 25.1424493], [121.4595865, 25.1421514], [121.4595931, 25.1414386], [121.4595986, 25.1402608]]}}, {"type": "Feature", "properties": {"county": "新北市", "district": "八里區", "highway": "residential", "name": null}, "geometry": {"type": "LineString", "coordinates": [[121.4602726, 25.1393295], [121.4597247, 25.1393319]]}}, {"type": "Feature", "properties": {"county": "新北市", "district": "八里區", "highway": "primary", "name": "民權路"}, "geometry": {"type": "LineString", "coordinates": [[121.4597247, 25.1393319], [121.4597294, 25.1402613], [121.4597168, 25.1409166], [121.4597141, 25.141359], [121.4597137, 25.1414338], [121.4597153, 25.1424493]]}}, {"type": "Feature", "properties": {"county": "新北市", "district": "八里區", "highway": "tertiary", "name": "荖阡坑路"}, "geometry": {"type": "LineString", "coordinates": [[121.3982902, 25.1445165], [121.3983371, 25.1444391]]}}, {"type": "Feature", "properties": {"county": "新北市", "district": "八里區", "highway": "secondary", "name": "中華路三段"}, "geometry": {"type": "LineString", "coordinates": [[121.396718, 25.1434115], [121.3959445, 25.142487], [121.3958375, 25.142359], [121.3954159, 25.1418566], [121.394929, 25.1412763], [121.394768, 25.1410912]]}}, {"type": "Feature", "properties": {"county": "新北市", "district": "八里區", "highway": "primary", "name": "中山路三段"}, "geometry": {"type": "LineString", "coordinates": [[121.3907474, 25.1421296], [121.3905955, 25.1421098], [121.3904122, 25.1421054], [121.38986, 25.1421901]]}}, {"type": "Feature", "properties": {"county": "新北市", "district": "八里區", "highway": "primary", "name": "中山路三段"}, "geometry": {"type": "LineString", "coordinates": [[121.3898542, 25.1421141], [121.3904075, 25.1420303], [121.3906198, 25.1420309], [121.3907741, 25.1420463]]}}, {"type": "Feature", "properties": {"county": "新北市", "district": "八里區", "highway": "tertiary", "name": "訊塘一路"}, "geometry": {"type": "LineString", "coordinates": [[121.3907741, 25.1420463], [121.3907474, 25.1421296]]}}, {"type": "Feature", "properties": {"county": "新北市", "district": "八里區", "highway": "primary", "name": "中山路三段"}, "geometry": {"type": "LineString", "coordinates": [[121.3907741, 25.1420463], [121.3909146, 25.1420803], [121.3910362, 25.1421265], [121.3911181, 25.1421669], [121.3911686, 25.1421998]]}}, {"type": "Feature", "properties": {"county": "新北市", "district": "八里區", "highway": "tertiary_link", "name": "臨港大道"}, "geometry": {"type": "LineString", "coordinates": [[121.401962, 25.158179], [121.402131, 25.1583394]]}}, {"type": "Feature", "properties": {"county": "新北市", "district": "八里區", "highway": "tertiary_link", "name": null}, "geometry": {"type": "LineString", "coordinates": [[121.4488722, 25.0935988], [121.4486342, 25.0934669]]}}, {"type": "Feature", "properties": {"county": "新北市", "district": "八里區", "highway": "tertiary_link", "name": null}, "geometry": {"type": "LineString", "coordinates": [[121.4482354, 25.0925815], [121.4483535, 25.0926167], [121.4484595, 25.0926361], [121.448544, 25.0926094], [121.4486022, 25.092515]]}}, {"type": "Feature", "properties": {"county": "新北市", "district": "八里區", "highway": "secondary", "name": "中華路三段"}, "geometry": {"type": "LineString", "coordinates": [[121.3919639, 25.1338941], [121.3919724, 25.1334035], [121.3919932, 25.1326255], [121.3920028, 25.1324071], [121.3920279, 25.1321949], [121.3922937, 25.1300037], [121.3923147, 25.1297519], [121.3923029, 25.1295413], [121.392268, 25.1292144], [121.392215, 25.1288523], [121.3921759, 25.1285855], [121.3921298, 25.1284005], [121.3920646, 25.128275], [121.3919107, 25.1281652], [121.3918232, 25.1281134]]}}, {"type": "Feature", "properties": {"county": "新北市", "district": "八里區", "highway": "secondary", "name": "中華路三段"}, "geometry": {"type": "LineString", "coordinates": [[121.396718, 25.1434115], [121.3969055, 25.1435469], [121.3970573, 25.1436479], [121.3973989, 25.1438543]]}}, {"type": "Feature", "properties": {"county": "新北市", "district": "八里區", "highway": "tertiary", "name": "鄧公路"}, "geometry": {"type": "LineString", "coordinates": [[121.4480474, 25.1693023], [121.4481439, 25.1693303], [121.448581, 25.1695679], [121.4486936, 25.169614], [121.4488518, 25.1697001], [121.4491831, 25.169909], [121.4493614, 25.169989], [121.4496391, 25.1700425], [121.449745, 25.1700255], [121.4500019, 25.1699582], [121.4500766, 25.1699416], [121.450217, 25.1699478], [121.4505416, 25.1700424], [121.4506784, 25.1700643], [121.4510208, 25.1700921]]}}, {"type": "Feature", "properties": {"county": "新北市", "district": "八里區", "highway": "unclassified", "name": "學府路"}, "geometry": {"type": "LineString", "coordinates": [[121.449198, 25.1709761], [121.4494735, 25.1713517], [121.4495553, 25.1714632], [121.4499015, 25.1719351]]}}, {"type": "Feature", "properties": {"county": "新北市", "district": "八里區", "highway": "unclassified", "name": "學府路"}, "geometry": {"type": "LineString", "coordinates": [[121.4485009, 25.1734019], [121.4482971, 25.1734346], [121.4479159, 25.1734886], [121.4474653, 25.1735517], [121.4473746, 25.1735428], [121.4472814, 25.1735193]]}}, {"type": "Feature", "properties": {"county": "新北市", "district": "八里區", "highway": "residential", "name": "水源街二段"}, "geometry": {"type": "LineString", "coordinates": [[121.4553209, 25.1754351], [121.4556695, 25.1755881], [121.4559632, 25.1757531], [121.4562529, 25.1758709], [121.456345, 25.1758804], [121.4566405, 25.1759595], [121.45678, 25.1759947]]}}, {"type": "Feature", "properties": {"county": "新北市", "district": "八里區", "highway": "unclassified", "name": "學府路"}, "geometry": {"type": "LineString", "coordinates": [[121.4480474, 25.1693023], [121.448152, 25.1694868], [121.4484269, 25.1698764], [121.4490344, 25.1707212], [121.449198, 25.1709761]]}}, {"type": "Feature", "properties": {"county": "新北市", "district": "八里區", "highway": "residential", "name": "原德路"}, "geometry": {"type": "LineString", "coordinates": [[121.4424605, 25.1724475], [121.4424566, 25.172434], [121.4423869, 25.1722141], [121.4423209, 25.1719723], [121.4422077, 25.171424], [121.442097, 25.1711582], [121.441827, 25.1709155]]}}, {"type": "Feature", "properties": {"county": "新北市", "district": "八里區", "highway": "unclassified", "name": null}, "geometry": {"type": "LineString", "coordinates": [[121.4473916, 25.1673597], [121.4474404, 25.1674322]]}}, {"type": "Feature", "properties": {"county": "新北市", "district": "八里區", "highway": "residential", "name": null}, "geometry": {"type": "LineString", "coordinates": [[121.3776394, 25.1098669], [121.3777312, 25.1098774], [121.3784875, 25.10996], [121.3788361, 25.1099648], [121.3794798, 25.1100231], [121.3797158, 25.1100717], [121.3798392, 25.1101252], [121.3799357, 25.1102029], [121.3799854, 25.1103515], [121.3800093, 25.1106182], [121.3805183, 25.1108393]]}}, {"type": "Feature", "properties": {"county": "新北市", "district": "八里區", "highway": "residential", "name": null}, "geometry": {"type": "LineString", "coordinates": [[121.3958051, 25.1139058], [121.3960313, 25.1136875], [121.3960979, 25.1136179], [121.3962099, 25.1135586], [121.3962757, 25.1135607], [121.3964742, 25.1137452], [121.396619, 25.113789], [121.39715, 25.1137355], [121.3975523, 25.1136481], [121.398387, 25.1137316], [121.3985715, 25.1137501], [121.3991444, 25.1135571]]}}, {"type": "Feature", "properties": {"county": "新北市", "district": "八里區", "highway": "trunk", "name": "西部濱海快速公路"}, "geometry": {"type": "LineString", "coordinates": [[121.4142443, 25.1678508], [121.4114605, 25.1656908], [121.4098956, 25.1644586]]}}, {"type": "Feature", "properties": {"county": "新北市", "district": "八里區", "highway": "trunk", "name": "西部濱海快速公路"}, "geometry": {"type": "LineString", "coordinates": [[121.4099551, 25.1643921], [121.4115617, 25.1655879], [121.4138811, 25.1673826]]}}, {"type": "Feature", "properties": {"county": "新北市", "district": "八里區", "highway": "trunk", "name": "西部濱海快速公路"}, "geometry": {"type": "LineString", "coordinates": [[121.4098956, 25.1644586], [121.4087403, 25.1635643], [121.4085547, 25.1634132]]}}, {"type": "Feature", "properties": {"county": "新北市", "district": "八里區", "highway": "trunk_link", "name": "八里二交流道"}, "geometry": {"type": "LineString", "coordinates": [[121.3986806, 25.1552384], [121.3982746, 25.1549058], [121.3977358, 25.1544811]]}}, {"type": "Feature", "properties": {"county": "新北市", "district": "八里區", "highway": "trunk_link", "name": "八里二交流道"}, "geometry": {"type": "LineString", "coordinates": [[121.3979114, 25.1543161], [121.3987574, 25.1551761]]}}, {"type": "Feature", "properties": {"county": "新北市", "district": "八里區", "highway": "trunk", "name": "西部濱海快速公路"}, "geometry": {"type": "LineString", "coordinates": [[121.4085997, 25.1633687], [121.4087929, 25.1635091], [121.4099551, 25.1643921]]}}, {"type": "Feature", "properties": {"county": "新北市", "district": "八里區", "highway": "trunk_link", "name": "八里二交流道"}, "geometry": {"type": "LineString", "coordinates": [[121.39329, 25.1496935], [121.3932626, 25.1496096], [121.3932446, 25.1495256], [121.3932336, 25.1494325], [121.3932361, 25.1493407], [121.3932509, 25.1492474], [121.3932706, 25.1491781], [121.3933092, 25.1491039], [121.3936871, 25.1485354], [121.3940458, 25.1479971]]}}, {"type": "Feature", "properties": {"county": "新北市", "district": "八里區", "highway": "trunk", "name": "東西向快速公路 八里新店線"}, "geometry": {"type": "LineString", "coordinates": [[121.4225617, 25.1112219], [121.4235073, 25.1108561]]}}, {"type": "Feature", "properties": {"county": "新北市", "district": "八里區", "highway": "trunk", "name": "東西向快速公路 八里新店線"}, "geometry": {"type": "LineString", "coordinates": [[121.423566, 25.1109896], [121.4226345, 25.1113731]]}}, {"type": "Feature", "properties": {"county": "新北市", "district": "八里區", "highway": "trunk_link", "name": "觀音山交流道"}, "geometry": {"type": "LineString", "coordinates": [[121.4304576, 25.1087186], [121.4306154, 25.1087694]]}}, {"type": "Feature", "properties": {"county": "新北市", "district": "八里區", "highway": "trunk_link", "name": "觀音山交流道"}, "geometry": {"type": "LineString", "coordinates": [[121.4332158, 25.1078599], [121.4321312, 25.1080537], [121.431254, 25.1082337], [121.4305589, 25.1084048], [121.4300667, 25.1085484]]}}, {"type": "Feature", "properties": {"county": "新北市", "district": "八里區", "highway": "trunk", "name": "東西向快速公路 八里新店線"}, "geometry": {"type": "LineString", "coordinates": [[121.4345002, 25.1073445], [121.4351696, 25.1071494]]}}, {"type": "Feature", "properties": {"county": "新北市", "district": "八里區", "highway": "trunk_link", "name": "觀音山交流道"}, "geometry": {"type": "LineString", "coordinates": [[121.4304576, 25.1087186], [121.4306249, 25.1086906], [121.4307456, 25.1086371]]}}, {"type": "Feature", "properties": {"county": "新北市", "district": "八里區", "highway": "trunk_link", "name": null}, "geometry": {"type": "LineString", "coordinates": [[121.4307456, 25.1086371], [121.4308189, 25.1085734]]}}, {"type": "Feature", "properties": {"county": "新北市", "district": "八里區", "highway": "trunk_link", "name": null}, "geometry": {"type": "LineString", "coordinates": [[121.4306154, 25.1087694], [121.4307266, 25.1088126], [121.4308194, 25.1088355]]}}, {"type": "Feature", "properties": {"county": "新北市", "district": "八里區", "highway": "trunk_link", "name": "觀音山交流道"}, "geometry": {"type": "LineString", "coordinates": [[121.4298717, 25.1087879], [121.4296486, 25.1088477], [121.4294837, 25.1089099], [121.429323, 25.1089918], [121.4291895, 25.1090772], [121.4290762, 25.1091728], [121.4290031, 25.1092474], [121.4289313, 25.1093491], [121.4288956, 25.1094485], [121.4288831, 25.1095537], [121.4288902, 25.1096637], [121.4289267, 25.1097688], [121.4289909, 25.1098583], [121.4290836, 25.1099375], [121.4291893, 25.1100001], [121.4292851, 25.110025]]}}, {"type": "Feature", "properties": {"county": "新北市", "district": "八里區", "highway": "trunk_link", "name": "觀音山交流道"}, "geometry": {"type": "LineString", "coordinates": [[121.4308083, 25.1089355], [121.4307085, 25.1089092], [121.4305667, 25.1088468], [121.4304343, 25.108799]]}}, {"type": "Feature", "properties": {"county": "新北市", "district": "八里區", "highway": "trunk_link", "name": "觀音山交流道"}, "geometry": {"type": "LineString", "coordinates": [[121.4304343, 25.108799], [121.4302618, 25.1087741], [121.4300495, 25.1087708], [121.4298717, 25.1087879]]}}, {"type": "Feature", "properties": {"county": "新北市", "district": "八里區", "highway": "trunk_link", "name": "觀音山交流道"}, "geometry": {"type": "LineString", "coordinates": [[121.4279667, 25.1088336], [121.4287759, 25.1086007], [121.4299703, 25.108257]]}}, {"type": "Feature", "properties": {"county": "新北市", "district": "八里區", "highway": "trunk", "name": "東西向快速公路 八里新店線"}, "geometry": {"type": "LineString", "coordinates": [[121.441873, 25.1063191], [121.4426876, 25.1064707]]}}, {"type": "Feature", "properties": {"county": "新北市", "district": "八里區", "highway": "trunk", "name": "東西向快速公路 八里新店線"}, "geometry": {"type": "LineString", "coordinates": [[121.4426876, 25.1064707], [121.4430402, 25.1065363]]}}, {"type": "Feature", "properties": {"county": "新北市", "district": "八里區", "highway": "trunk", "name": "東西向快速公路 八里新店線"}, "geometry": {"type": "LineString", "coordinates": [[121.4418509, 25.1064053], [121.4415613, 25.1063554], [121.4412416, 25.1063101], [121.4408932, 25.1062694]]}}, {"type": "Feature", "properties": {"county": "新北市", "district": "八里區", "highway": "trunk", "name": "東西向快速公路 八里新店線"}, "geometry": {"type": "LineString", "coordinates": [[121.4430143, 25.1066397], [121.4426618, 25.1065757]]}}, {"type": "Feature", "properties": {"county": "新北市", "district": "八里區", "highway": "trunk", "name": "東西向快速公路 八里新店線"}, "geometry": {"type": "LineString", "coordinates": [[121.4426618, 25.1065757], [121.4418509, 25.1064053]]}}, {"type": "Feature", "properties": {"county": "新北市", "district": "八里區", "highway": "trunk", "name": "東西向快速公路 八里新店線"}, "geometry": {"type": "LineString", "coordinates": [[121.4408932, 25.1062694], [121.4406312, 25.1062415], [121.4403693, 25.1062235]]}}, {"type": "Feature", "properties": {"county": "新北市", "district": "八里區", "highway": "trunk", "name": "東西向快速公路 八里新店線"}, "geometry": {"type": "LineString", "coordinates": [[121.4409088, 25.1061756], [121.44124, 25.1062155], [121.4415716, 25.1062673], [121.441873, 25.1063191]]}}, {"type": "Feature", "properties": {"county": "新北市", "district": "八里區", "highway": "trunk", "name": "東西向快速公路 八里新店線"}, "geometry": {"type": "LineString", "coordinates": [[121.4403778, 25.1061346], [121.4406419, 25.1061502], [121.4409088, 25.1061756]]}}, {"type": "Feature", "properties": {"county": "新北市", "district": "八里區", "highway": "trunk_link", "name": "八里一交流道"}, "geometry": {"type": "LineString", "coordinates": [[121.4100061, 25.164646], [121.4098414, 25.1645132], [121.4089762, 25.1638559]]}}, {"type": "Feature", "properties": {"county": "新北市", "district": "八里區", "highway": "trunk_link", "name": "八里一交流道"}, "geometry": {"type": "LineString", "coordinates": [[121.4090786, 25.163575], [121.4100268, 25.1643027], [121.4102078, 25.1644323]]}}, {"type": "Feature", "properties": {"county": "新北市", "district": "八里區", "highway": "trunk_link", "name": "八里一交流道"}, "geometry": {"type": "LineString", "coordinates": [[121.4107083, 25.1648088], [121.4109939, 25.1650193], [121.4111377, 25.1651191]]}}, {"type": "Feature", "properties": {"county": "新北市", "district": "八里區", "highway": "trunk_link", "name": "八里一交流道"}, "geometry": {"type": "LineString", "coordinates": [[121.4108973, 25.1653869], [121.4104673, 25.1650536]]}}, {"type": "Feature", "properties": {"county": "新北市", "district": "八里區", "highway": "unclassified", "name": null}, "geometry": {"type": "LineString", "coordinates": [[121.3982459, 25.1418364], [121.3982915, 25.1414844], [121.3983319, 25.1411718], [121.3983528, 25.1408327], [121.398366, 25.1407503], [121.3983824, 25.1406929], [121.398422, 25.1406478], [121.3984925, 25.1406058], [121.3985563, 25.1405941], [121.3985754, 25.1405944], [121.3986838, 25.1405963], [121.3987424, 25.1406006], [121.3988333, 25.1406454], [121.3988737, 25.1406955], [121.398899, 25.1407647], [121.3989038, 25.1408431], [121.3988554, 25.1413416], [121.3988407, 25.1414937], [121.3988304, 25.1415955], [121.3987977, 25.1418296], [121.3987492, 25.1420739], [121.3987049, 25.1422484], [121.3986549, 25.1424177], [121.3985675, 25.142673], [121.3984426, 25.1429645], [121.398311, 25.1431591], [121.3981254, 25.1433862]]}}, {"type": "Feature", "properties": {"county": "新北市", "district": "八里區", "highway": "trunk_link", "name": "八里交流道"}, "geometry": {"type": "LineString", "coordinates": [[121.3984749, 25.1426444], [121.3983531, 25.1429459]]}}, {"type": "Feature", "properties": {"county": "新北市", "district": "八里區", "highway": "unclassified", "name": null}, "geometry": {"type": "LineString", "coordinates": [[121.3978646, 25.143272], [121.3979794, 25.1430565], [121.398045, 25.1428717]]}}, {"type": "Feature", "properties": {"county": "新北市", "district": "八里區", "highway": "unclassified", "name": null}, "geometry": {"type": "LineString", "coordinates": [[121.398045, 25.1428717], [121.3981112, 25.1425104], [121.398181, 25.142189], [121.3982459, 25.1418364]]}}, {"type": "Feature", "properties": {"county": "新北市", "district": "八里區", "highway": "trunk_link", "name": "八里交流道"}, "geometry": {"type": "LineString", "coordinates": [[121.3983531, 25.1429459], [121.3982577, 25.1431454], [121.3981254, 25.1433862]]}}, {"type": "Feature", "properties": {"county": "新北市", "district": "八里區", "highway": "unclassified", "name": null}, "geometry": {"type": "LineString", "coordinates": [[121.3983571, 25.1388581], [121.3985436, 25.1388445], [121.3986156, 25.1388472], [121.3986815, 25.1388716], [121.3987324, 25.1389177], [121.3987682, 25.1389815], [121.3988387, 25.1395969], [121.3988351, 25.1396409], [121.3988126, 25.1396865], [121.3987806, 25.1397189], [121.3987468, 25.1397364], [121.3985803, 25.1397535], [121.3985472, 25.1397569], [121.3985066, 25.1397557], [121.3984692, 25.1397422], [121.3984361, 25.1397177], [121.3984125, 25.1396836], [121.3984024, 25.1396373], [121.3983922, 25.1394269], [121.3983571, 25.1388581]]}}, {"type": "Feature", "properties": {"county": "新北市", "district": "八里區", "highway": "unclassified", "name": null}, "geometry": {"type": "LineString", "coordinates": [[121.3983571, 25.1388581], [121.3983427, 25.1386247], [121.3983514, 25.1385693], [121.3984002, 25.1384777]]}}, {"type": "Feature", "properties": {"county": "新北市", "district": "八里區", "highway": "unclassified", "name": null}, "geometry": {"type": "LineString", "coordinates": [[121.3985859, 25.1401282], [121.3985804, 25.1405199], [121.3985754, 25.1405944]]}}, {"type": "Feature", "properties": {"county": "新北市", "district": "八里區", "highway": "unclassified", "name": null}, "geometry": {"type": "LineString", "coordinates": [[121.3984944, 25.1385139], [121.3984657, 25.137996], [121.398439, 25.1374613], [121.3984321, 25.1371351]]}}, {"type": "Feature", "properties": {"county": "新北市", "district": "八里區", "highway": "residential", "name": "林口路113巷6弄"}, "geometry": {"type": "LineString", "coordinates": [[121.3886254, 25.0805525], [121.3885904, 25.0805823], [121.3884309, 25.0807183], [121.3884602, 25.0807477], [121.3880631, 25.0810781]]}}, {"type": "Feature", "properties": {"county": "新北市", "district": "八里區", "highway": "unclassified", "name": null}, "geometry": {"type": "LineString", "coordinates": [[121.3707515, 25.124254], [121.3712509, 25.1247825], [121.3712876, 25.1248043], [121.3713205, 25.1247925], [121.3713666, 25.1247609], [121.3715482, 25.1246753]]}}, {"type": "Feature", "properties": {"county": "新北市", "district": "八里區", "highway": "secondary", "name": "文化北路一段"}, "geometry": {"type": "LineString", "coordinates": [[121.3689158, 25.0809243], [121.3685892, 25.0805737]]}}, {"type": "Feature", "properties": {"county": "新北市", "district": "八里區", "highway": "secondary", "name": "仁愛路二段"}, "geometry": {"type": "LineString", "coordinates": [[121.3708015, 25.0796224], [121.3704536, 25.079885], [121.3692404, 25.08075], [121.3691171, 25.0807708]]}}, {"type": "Feature", "properties": {"county": "新北市", "district": "八里區", "highway": "tertiary", "name": "文化三路二段"}, "geometry": {"type": "LineString", "coordinates": [[121.3774223, 25.0841796], [121.3787487, 25.0859273], [121.3793231, 25.0869073], [121.379558, 25.0872688], [121.3798758, 25.0877578], [121.3801093, 25.0881171]]}}, {"type": "Feature", "properties": {"county": "新北市", "district": "八里區", "highway": "tertiary", "name": "文化三路二段"}, "geometry": {"type": "LineString", "coordinates": [[121.3773557, 25.0840971], [121.3774223, 25.0841796]]}}, {"type": "Feature", "properties": {"county": "新北市", "district": "八里區", "highway": "secondary", "name": "中山路"}, "geometry": {"type": "LineString", "coordinates": [[121.3774223, 25.0841796], [121.3773225, 25.0842584]]}}, {"type": "Feature", "properties": {"county": "新北市", "district": "八里區", "highway": "secondary", "name": "文化一路二段"}, "geometry": {"type": "LineString", "coordinates": [[121.3830291, 25.0807388], [121.3830893, 25.080835]]}}, {"type": "Feature", "properties": {"county": "新北市", "district": "八里區", "highway": "secondary", "name": "中山路"}, "geometry": {"type": "LineString", "coordinates": [[121.3830893, 25.080835], [121.3829626, 25.0809001]]}}, {"type": "Feature", "properties": {"county": "新北市", "district": "八里區", "highway": "residential", "name": "信義路"}, "geometry": {"type": "LineString", "coordinates": [[121.375625, 25.0820037], [121.3757175, 25.0819451]]}}, {"type": "Feature", "properties": {"county": "新北市", "district": "八里區", "highway": "tertiary", "name": "文化三路二段"}, "geometry": {"type": "LineString", "coordinates": [[121.3757175, 25.0819451], [121.3765367, 25.0830171], [121.3773557, 25.0840971]]}}, {"type": "Feature", "properties": {"county": "新北市", "district": "八里區", "highway": "secondary", "name": null}, "geometry": {"type": "LineString", "coordinates": [[121.3689158, 25.0809243], [121.3690355, 25.0808326]]}}, {"type": "Feature", "properties": {"county": "新北市", "district": "八里區", "highway": "secondary", "name": "文化北路一段"}, "geometry": {"type": "LineString", "coordinates": [[121.3690355, 25.0808326], [121.3689841, 25.080778], [121.3687055, 25.0804825]]}}, {"type": "Feature", "properties": {"county": "新北市", "district": "八里區", "highway": "unclassified", "name": "藍海街"}, "geometry": {"type": "LineString", "coordinates": [[121.3806705, 25.1423441], [121.3802326, 25.1422744], [121.379933, 25.1422031], [121.3797263, 25.1421394], [121.3794778, 25.1420518], [121.3790684, 25.1419057], [121.3789428, 25.1418771], [121.3788119, 25.1418557], [121.3786617, 25.1418495], [121.3785189, 25.1418378], [121.3783594, 25.1417962], [121.3782174, 25.1417279], [121.3780868, 25.1416224]]}}, {"type": "Feature", "properties": {"county": "新北市", "district": "八里區", "highway": "trunk_link", "name": "八里三交流道"}, "geometry": {"type": "LineString", "coordinates": [[121.3767571, 25.1397679], [121.376953, 25.1399938]]}}, {"type": "Feature", "properties": {"county": "新北市", "district": "八里區", "highway": "unclassified", "name": "藍海街"}, "geometry": {"type": "LineString", "coordinates": [[121.3780868, 25.1416224], [121.3780421, 25.1415826], [121.3780026, 25.1415531], [121.3779675, 25.1415329], [121.3779322, 25.1415147], [121.3778852, 25.1414967], [121.3778483, 25.1414787], [121.3778086, 25.1414529], [121.3777744, 25.1414192], [121.3767728, 25.1401688], [121.3766594, 25.140048], [121.376512, 25.1399474]]}}, {"type": "Feature", "properties": {"county": "新北市", "district": "八里區", "highway": "unclassified", "name": "藍海街"}, "geometry": {"type": "LineString", "coordinates": [[121.3767571, 25.1397679], [121.3768532, 25.1399332], [121.3769588, 25.1400762], [121.3774996, 25.1407539], [121.3779505, 25.1413148], [121.3779798, 25.1413564], [121.3780015, 25.1414005], [121.3780139, 25.141449], [121.378024, 25.1415022], [121.3780386, 25.1415419], [121.3780571, 25.141578], [121.3780868, 25.1416224]]}}, {"type": "Feature", "properties": {"county": "新北市", "district": "八里區", "highway": "tertiary", "name": "忠孝路"}, "geometry": {"type": "LineString", "coordinates": [[121.4108973, 25.1653869], [121.4109448, 25.1653388], [121.4110145, 25.1652595]]}}, {"type": "Feature", "properties": {"county": "新北市", "district": "八里區", "highway": "trunk", "name": "東西向快速公路 八里新店線"}, "geometry": {"type": "LineString", "coordinates": [[121.4462695, 25.1070018], [121.4468569, 25.1070504], [121.4473263, 25.1070722], [121.4478278, 25.1070601], [121.4484609, 25.1070139], [121.4491957, 25.1069386], [121.4498208, 25.1068512]]}}, {"type": "Feature", "properties": {"county": "新北市", "district": "八里區", "highway": "trunk_link", "name": "五股一交流道"}, "geometry": {"type": "LineString", "coordinates": [[121.4522291, 25.0994811], [121.4526796, 25.1000819], [121.4531325, 25.1007921]]}}, {"type": "Feature", "properties": {"county": "新北市", "district": "八里區", "highway": "trunk_link", "name": "五股一交流道"}, "geometry": {"type": "LineString", "coordinates": [[121.4497401, 25.0950961], [121.4498421, 25.095199]]}}, {"type": "Feature", "properties": {"county": "新北市", "district": "八里區", "highway": "trunk_link", "name": "五股一交流道"}, "geometry": {"type": "LineString", "coordinates": [[121.4506221, 25.0974639], [121.4499724, 25.096125]]}}, {"type": "Feature", "properties": {"county": "新北市", "district": "八里區", "highway": "trunk_link", "name": "五股一交流道"}, "geometry": {"type": "LineString", "coordinates": [[121.4508894, 25.0978563], [121.4508385, 25.0977934], [121.4507707, 25.0977517], [121.4507326, 25.0977333], [121.4507008, 25.0977102], [121.4506639, 25.0976732], [121.4505652, 25.0974911]]}}, {"type": "Feature", "properties": {"county": "新北市", "district": "八里區", "highway": "trunk_link", "name": "五股一交流道"}, "geometry": {"type": "LineString", "coordinates": [[121.450648, 25.0968984], [121.4507705, 25.0971398], [121.4508739, 25.0974002]]}}, {"type": "Feature", "properties": {"county": "新北市", "district": "八里區", "highway": "trunk_link", "name": "五股一交流道"}, "geometry": {"type": "LineString", "coordinates": [[121.4481423, 25.0902236], [121.4482434, 25.0904877], [121.4487501, 25.0920937]]}}, {"type": "Feature", "properties": {"county": "新北市", "district": "八里區", "highway": "trunk_link", "name": "五股一交流道"}, "geometry": {"type": "LineString", "coordinates": [[121.4483964, 25.0921722], [121.4481206, 25.0909472], [121.4480761, 25.0905328]]}}, {"type": "Feature", "properties": {"county": "新北市", "district": "八里區", "highway": "trunk_link", "name": "五股一交流道"}, "geometry": {"type": "LineString", "coordinates": [[121.4532508, 25.1011754], [121.4529775, 25.1009132], [121.4519481, 25.0996604]]}}, {"type": "Feature", "properties": {"county": "新北市", "district": "八里區", "highway": "trunk_link", "name": "觀音山交流道"}, "geometry": {"type": "LineString", "coordinates": [[121.4331581, 25.1075836], [121.4336382, 25.107487], [121.4345002, 25.1073445]]}}, {"type": "Feature", "properties": {"county": "新北市", "district": "八里區", "highway": "primary", "name": "文化路"}, "geometry": {"type": "LineString", "coordinates": [[121.438584, 25.1728492], [121.4388409, 25.1728496]]}}, {"type": "Feature", "properties": {"county": "新北市", "district": "八里區", "highway": "trunk_link", "name": "八里二交流道"}, "geometry": {"type": "LineString", "coordinates": [[121.3951952, 25.1462722], [121.3957252, 25.1455733]]}}, {"type": "Feature", "properties": {"county": "新北市", "district": "八里區", "highway": "trunk_link", "name": "八里二交流道"}, "geometry": {"type": "LineString", "coordinates": [[121.3958132, 25.1456224], [121.3953906, 25.1463677]]}}, {"type": "Feature", "properties": {"county": "新北市", "district": "八里區", "highway": "trunk_link", "name": "八里二交流道"}, "geometry": {"type": "LineString", "coordinates": [[121.3953906, 25.1463677], [121.3944154, 25.147832], [121.3936817, 25.1489336], [121.3936141, 25.149054], [121.393553, 25.1491997], [121.3935133, 25.1493238], [121.3934933, 25.1494751]]}}, {"type": "Feature", "properties": {"county": "新北市", "district": "八里區", "highway": "residential", "name": "永平街32巷45弄"}, "geometry": {"type": "LineString", "coordinates": [[121.4596805, 25.0923148], [121.4582447, 25.0930895]]}}, {"type": "Feature", "properties": {"county": "新北市", "district": "八里區", "highway": "residential", "name": null}, "geometry": {"type": "LineString", "coordinates": [[121.4584443, 25.0900989], [121.4588986, 25.0898421]]}}, {"type": "Feature", "properties": {"county": "新北市", "district": "八里區", "highway": "residential", "name": null}, "geometry": {"type": "LineString", "coordinates": [[121.3701625, 25.0935732], [121.3700812, 25.0935663], [121.3690951, 25.0937597], [121.3688085, 25.0938161], [121.3685379, 25.093987], [121.3681996, 25.0940803], [121.3680523, 25.0940596], [121.3679614, 25.0939959], [121.3679225, 25.0938853], [121.3679694, 25.0934833], [121.367948, 25.0933522], [121.3677978, 25.0932295], [121.3676382, 25.0931991], [121.3673257, 25.0931918], [121.3671537, 25.0932556], [121.3670298, 25.0933408], [121.3667474, 25.0937961], [121.3666548, 25.0938556], [121.3659276, 25.0941255], [121.3657563, 25.0941859], [121.3655814, 25.0942269], [121.365126, 25.0942612], [121.3647332, 25.0942536], [121.3645171, 25.0941203], [121.3642881, 25.0940361]]}}, {"type": "Feature", "properties": {"county": "新北市", "district": "八里區", "highway": "residential", "name": "成洲八路"}, "geometry": {"type": "LineString", "coordinates": [[121.4541288, 25.1050503], [121.4542555, 25.1050734]]}}, {"type": "Feature", "properties": {"county": "新北市", "district": "八里區", "highway": "primary_link", "name": "關渡大橋"}, "geometry": {"type": "LineString", "coordinates": [[121.4555526, 25.1223136], [121.4555213, 25.1224339], [121.455427, 25.1226211], [121.4553211, 25.1227692], [121.4551335, 25.1229673], [121.4549952, 25.1230898]]}}, {"type": "Feature", "properties": {"county": "新北市", "district": "八里區", "highway": "primary_link", "name": "關渡大橋"}, "geometry": {"type": "LineString", "coordinates": [[121.4555532, 25.1220735], [121.4555873, 25.1221949], [121.4555526, 25.1223136]]}}, {"type": "Feature", "properties": {"county": "新北市", "district": "八里區", "highway": "primary", "name": "八仙橋"}, "geometry": {"type": "LineString", "coordinates": [[121.3914358, 25.1424792], [121.3911135, 25.142266]]}}, {"type": "Feature", "properties": {"county": "新北市", "district": "八里區", "highway": "primary", "name": "八仙橋"}, "geometry": {"type": "LineString", "coordinates": [[121.3911686, 25.1421998], [121.3914904, 25.1424235]]}}, {"type": "Feature", "properties": {"county": "新北市", "district": "八里區", "highway": "tertiary", "name": "中華路"}, "geometry": {"type": "LineString", "coordinates": [[121.3835822, 25.0911596], [121.3824476, 25.091861]]}}, {"type": "Feature", "properties": {"county": "新北市", "district": "八里區", "highway": "tertiary", "name": "文化三路二段"}, "geometry": {"type": "LineString", "coordinates": [[121.3824701, 25.0916967], [121.3824476, 25.091861]]}}, {"type": "Feature", "properties": {"county": "新北市", "district": "八里區", "highway": "tertiary", "name": "中華路"}, "geometry": {"type": "LineString", "coordinates": [[121.3824701, 25.0916967], [121.38254, 25.091654], [121.3835249, 25.0910523]]}}, {"type": "Feature", "properties": {"county": "新北市", "district": "八里區", "highway": "tertiary_link", "name": "臨港大道"}, "geometry": {"type": "LineString", "coordinates": [[121.4021064, 25.158361], [121.4019968, 25.1582589], [121.401936, 25.1582023], [121.4019149, 25.1581826], [121.4004284, 25.1568061], [121.4004103, 25.1567319]]}}, {"type": "Feature", "properties": {"county": "新北市", "district": "八里區", "highway": "residential", "name": "蓬萊路"}, "geometry": {"type": "LineString", "coordinates": [[121.4362723, 25.0794729], [121.4360112, 25.0795125], [121.4357444, 25.0794202], [121.4354949, 25.0794643], [121.434756, 25.0795757], [121.4337931, 25.0799206], [121.4337193, 25.0799862], [121.4336952, 25.0800858], [121.4338194, 25.080279], [121.4340036, 25.0805458]]}}, {"type": "Feature", "properties": {"county": "新北市", "district": "八里區", "highway": "tertiary", "name": "商港路"}, "geometry": {"type": "LineString", "coordinates": [[121.3916734, 25.1511387], [121.3914782, 25.1513069]]}}, {"type": "Feature", "properties": {"county": "新北市", "district": "八里區", "highway": "tertiary", "name": "商港路"}, "geometry": {"type": "LineString", "coordinates": [[121.3916734, 25.1511387], [121.3917093, 25.1510014]]}}, {"type": "Feature", "properties": {"county": "新北市", "district": "八里區", "highway": "tertiary", "name": "商港路"}, "geometry": {"type": "LineString", "coordinates": [[121.3918094, 25.1510949], [121.3916734, 25.1511387]]}}, {"type": "Feature", "properties": {"county": "新北市", "district": "八里區", "highway": "primary", "name": "民權路"}, "geometry": {"type": "LineString", "coordinates": [[121.4607777, 25.1270838], [121.4605676, 25.1274646]]}}, {"type": "Feature", "properties": {"county": "新北市", "district": "八里區", "highway": "primary", "name": "民權路"}, "geometry": {"type": "LineString", "coordinates": [[121.4604603, 25.1274094], [121.4606505, 25.1270629]]}}, {"type": "Feature", "properties": {"county": "新北市", "district": "八里區", "highway": "primary", "name": "民權路"}, "geometry": {"type": "LineString", "coordinates": [[121.4606505, 25.1270629], [121.4607213, 25.126963], [121.460876, 25.1267175], [121.4611197, 25.1263678]]}}, {"type": "Feature", "properties": {"county": "新北市", "district": "八里區", "highway": "primary", "name": "民權路"}, "geometry": {"type": "LineString", "coordinates": [[121.4611866, 25.1264122], [121.4608964, 25.1268443], [121.4607777, 25.1270838]]}}, {"type": "Feature", "properties": {"county": "新北市", "district": "八里區", "highway": "tertiary", "name": "頭湖一路"}, "geometry": {"type": "LineString", "coordinates": [[121.3734441, 25.0871573], [121.3723412, 25.0877146], [121.3709665, 25.0884564], [121.3694352, 25.0894672], [121.3678711, 25.0904996], [121.3669307, 25.0911203], [121.3667806, 25.0911981], [121.3666089, 25.0912467], [121.3664452, 25.0912611], [121.3634281, 25.0913737], [121.3625373, 25.091407], [121.362312, 25.0914264], [121.3621135, 25.0914701], [121.3619097, 25.0915527], [121.3617219, 25.0917033], [121.3616115, 25.0918369]]}}, {"type": "Feature", "properties": {"county": "新北市", "district": "八里區", "highway": "tertiary_link", "name": null}, "geometry": {"type": "LineString", "coordinates": [[121.4545797, 25.1024514], [121.4545078, 25.1024866], [121.4544708, 25.1025217], [121.4544526, 25.1025615], [121.4544509, 25.1026035], [121.4544617, 25.1026445], [121.4546604, 25.1031566], [121.4546931, 25.1032275], [121.4547259, 25.1032911]]}}, {"type": "Feature", "properties": {"county": "新北市", "district": "八里區", "highway": "secondary_link", "name": null}, "geometry": {"type": "LineString", "coordinates": [[121.452697, 25.1034153], [121.4530346, 25.1033399], [121.4531041, 25.1033197]]}}, {"type": "Feature", "properties": {"county": "新北市", "district": "八里區", "highway": "residential", "name": "成泰路三段577巷"}, "geometry": {"type": "LineString", "coordinates": [[121.4482792, 25.1041479], [121.4481502, 25.1040829], [121.4480798, 25.1040474], [121.4479591, 25.1039454]]}}, {"type": "Feature", "properties": {"county": "新北市", "district": "八里區", "highway": "residential", "name": "西雲路12巷"}, "geometry": {"type": "LineString", "coordinates": [[121.4431715, 25.0900829], [121.4428764, 25.0901759]]}}, {"type": "Feature", "properties": {"county": "新北市", "district": "八里區", "highway": "trunk_link", "name": "八里一交流道"}, "geometry": {"type": "LineString", "coordinates": [[121.4104673, 25.1650536], [121.4100061, 25.164646]]}}, {"type": "Feature", "properties": {"county": "新北市", "district": "八里區", "highway": "trunk_link", "name": "八里一交流道"}, "geometry": {"type": "LineString", "coordinates": [[121.4102078, 25.1644323], [121.4107083, 25.1648088]]}}, {"type": "Feature", "properties": {"county": "新北市", "district": "八里區", "highway": "tertiary", "name": "A3計畫道路"}, "geometry": {"type": "LineString", "coordinates": [[121.383388, 25.1001167], [121.3808194, 25.0965982], [121.3792531, 25.0944527], [121.3789427, 25.0940275]]}}, {"type": "Feature", "properties": {"county": "新北市", "district": "八里區", "highway": "primary_link", "name": "關渡大橋"}, "geometry": {"type": "LineString", "coordinates": [[121.4596273, 25.1290875], [121.4598534, 25.1285739]]}}, {"type": "Feature", "properties": {"county": "新北市", "district": "八里區", "highway": "primary_link", "name": "關渡大橋"}, "geometry": {"type": "LineString", "coordinates": [[121.4538681, 25.1236588], [121.4536711, 25.123563], [121.45353, 25.1234995], [121.4533679, 25.123421], [121.4532249, 25.1233732], [121.4530183, 25.1233416]]}}, {"type": "Feature", "properties": {"county": "新北市", "district": "八里區", "highway": "primary_link", "name": "關渡大橋"}, "geometry": {"type": "LineString", "coordinates": [[121.4541612, 25.123792], [121.4540311, 25.1237528], [121.4538681, 25.1236588]]}}, {"type": "Feature", "properties": {"county": "新北市", "district": "八里區", "highway": "primary", "name": "關渡大橋"}, "geometry": {"type": "LineString", "coordinates": [[121.4530324, 25.1232496], [121.4532112, 25.123286], [121.4533518, 25.1233296], [121.4535451, 25.1234159], [121.4537087, 25.1234945], [121.4539071, 25.1236085]]}}, {"type": "Feature", "properties": {"county": "新北市", "district": "八里區", "highway": "primary", "name": "關渡大橋"}, "geometry": {"type": "LineString", "coordinates": [[121.4539071, 25.1236085], [121.4540693, 25.1237152], [121.4541612, 25.123792]]}}, {"type": "Feature", "properties": {"county": "新北市", "district": "八里區", "highway": "unclassified", "name": "紅樹林路 / 坪頂路52巷"}, "geometry": {"type": "LineString", "coordinates": [[121.458084, 25.1625319], [121.4581806, 25.1622976], [121.4582396, 25.1621896], [121.4583233, 25.1620952], [121.4583375, 25.1620791]]}}, {"type": "Feature", "properties": {"county": "新北市", "district": "八里區", "highway": "primary", "name": "民權路"}, "geometry": {"type": "LineString", "coordinates": [[121.4595986, 25.1402608], [121.459596, 25.1391655], [121.4596065, 25.1388502], [121.4596159, 25.1386074], [121.4596669, 25.1383476], [121.459725, 25.1382239], [121.4597324, 25.1381994]]}}, {"type": "Feature", "properties": {"county": "新北市", "district": "八里區", "highway": "primary", "name": "竹圍橋"}, "geometry": {"type": "LineString", "coordinates": [[121.4597324, 25.1381994], [121.4597553, 25.1381241]]}}, {"type": "Feature", "properties": {"county": "新北市", "district": "八里區", "highway": "primary", "name": "民權路"}, "geometry": {"type": "LineString", "coordinates": [[121.459862, 25.1382373], [121.4598253, 25.13834], [121.459777, 25.1385391], [121.4597355, 25.138788], [121.4597247, 25.1393319]]}}, {"type": "Feature", "properties": {"county": "新北市", "district": "八里區", "highway": "primary", "name": "竹圍橋"}, "geometry": {"type": "LineString", "coordinates": [[121.459886, 25.1381582], [121.459862, 25.1382373]]}}, {"type": "Feature", "properties": {"county": "新北市", "district": "八里區", "highway": "secondary_link", "name": null}, "geometry": {"type": "LineString", "coordinates": [[121.4564315, 25.0807984], [121.4564696, 25.0806497], [121.4565755, 25.0801113], [121.4566079, 25.0798924], [121.4567031, 25.0793512], [121.4567719, 25.0792219]]}}, {"type": "Feature", "properties": {"county": "新北市", "district": "八里區", "highway": "unclassified", "name": null}, "geometry": {"type": "LineString", "coordinates": [[121.4043467, 25.1309011], [121.40428, 25.1308579], [121.404251, 25.1308226], [121.4042436, 25.1307755], [121.4042577, 25.1306684], [121.4042656, 25.1306183], [121.404261, 25.1305837], [121.4042153, 25.1305019], [121.4042043, 25.1304487], [121.4041944, 25.1303131], [121.4041932, 25.1302599], [121.4042058, 25.1301072], [121.4042018, 25.1300232], [121.404177, 25.1299613], [121.4041133, 25.1298651]]}}, {"type": "Feature", "properties": {"county": "新北市", "district": "八里區", "highway": "residential", "name": "荖阡坑路"}, "geometry": {"type": "LineString", "coordinates": [[121.3996668, 25.141401], [121.3997072, 25.1413232], [121.3997226, 25.1412967], [121.3999391, 25.140959], [121.3999932, 25.140877]]}}, {"type": "Feature", "properties": {"county": "新北市", "district": "八里區", "highway": "tertiary_link", "name": null}, "geometry": {"type": "LineString", "coordinates": [[121.3734441, 25.0871573], [121.3735215, 25.0871162], [121.3735744, 25.0870881], [121.3737248, 25.0870083]]}}, {"type": "Feature", "properties": {"county": "新北市", "district": "八里區", "highway": "tertiary", "name": null}, "geometry": {"type": "LineString", "coordinates": [[121.3970796, 25.1105753], [121.3970642, 25.1106234]]}}, {"type": "Feature", "properties": {"county": "新北市", "district": "八里區", "highway": "residential", "name": null}, "geometry": {"type": "LineString", "coordinates": [[121.3968724, 25.1084379], [121.3971474, 25.1081691], [121.3973439, 25.1079051], [121.3974345, 25.1077222], [121.3974693, 25.1075497], [121.3974479, 25.1073093], [121.3974264, 25.1070202], [121.3973714, 25.1067956], [121.3974023, 25.1067288], [121.3974693, 25.1066608], [121.3975646, 25.106611], [121.3976383, 25.1065284], [121.3976745, 25.106339], [121.3977416, 25.1062442], [121.3978264, 25.1061948]]}}, {"type": "Feature", "properties": {"county": "新北市", "district": "八里區", "highway": "tertiary", "name": null}, "geometry": {"type": "LineString", "coordinates": [[121.3975484, 25.1046305], [121.3975675, 25.1046677], [121.3977634, 25.1050489], [121.397792, 25.105514], [121.3978264, 25.1061948], [121.3978346, 25.1066026], [121.3979341, 25.1068061], [121.3980672, 25.1069598], [121.3980924, 25.1070987], [121.3980298, 25.1072076], [121.3978814, 25.1073214], [121.3978238, 25.107393], [121.3977916, 25.1074683], [121.3977433, 25.1075813], [121.3977245, 25.1077124], [121.3977178, 25.1078266], [121.3977383, 25.1079743], [121.3977817, 25.1081032], [121.3978152, 25.1082669], [121.3977959, 25.1084001], [121.3976972, 25.1086331], [121.3976148, 25.1088847], [121.3975747, 25.1091086], [121.3975492, 25.1092968], [121.3975184, 25.1095044], [121.3975036, 25.1096732], [121.3975372, 25.1097522], [121.3975326, 25.1098235], [121.397496, 25.109886], [121.3973977, 25.1100099], [121.397194, 25.1103139], [121.3970796, 25.1105753]]}}, {"type": "Feature", "properties": {"county": "新北市", "district": "八里區", "highway": "tertiary", "name": null}, "geometry": {"type": "LineString", "coordinates": [[121.3975595, 25.1044611], [121.3975234, 25.1045436], [121.3975484, 25.1046305]]}}, {"type": "Feature", "properties": {"county": "新北市", "district": "八里區", "highway": "residential", "name": null}, "geometry": {"type": "LineString", "coordinates": [[121.3967465, 25.1050699], [121.3967358, 25.1051513], [121.3967496, 25.105285], [121.3967559, 25.1056552], [121.396772, 25.1062552], [121.3969034, 25.1066171], [121.3971448, 25.1074331], [121.3971421, 25.1075861], [121.3970643, 25.1077586], [121.3969839, 25.107914], [121.396715, 25.1081041]]}}, {"type": "Feature", "properties": {"county": "新北市", "district": "八里區", "highway": "residential", "name": null}, "geometry": {"type": "LineString", "coordinates": [[121.3967639, 25.1049764], [121.3967465, 25.1050699]]}}, {"type": "Feature", "properties": {"county": "新北市", "district": "八里區", "highway": "residential", "name": null}, "geometry": {"type": "LineString", "coordinates": [[121.3968436, 25.1047738], [121.3967854, 25.1048088], [121.3967639, 25.1049764]]}}, {"type": "Feature", "properties": {"county": "新北市", "district": "八里區", "highway": "residential", "name": null}, "geometry": {"type": "LineString", "coordinates": [[121.3975234, 25.1045436], [121.3973965, 25.1045673], [121.3968436, 25.1047738]]}}, {"type": "Feature", "properties": {"county": "新北市", "district": "八里區", "highway": "residential", "name": null}, "geometry": {"type": "LineString", "coordinates": [[121.398998, 25.0900281], [121.3989446, 25.0898851], [121.3988378, 25.0895894], [121.3986579, 25.0892207]]}}, {"type": "Feature", "properties": {"county": "新北市", "district": "八里區", "highway": "residential", "name": null}, "geometry": {"type": "LineString", "coordinates": [[121.3986579, 25.0892207], [121.3986111, 25.0891239]]}}, {"type": "Feature", "properties": {"county": "新北市", "district": "八里區", "highway": "unclassified", "name": "商港一路"}, "geometry": {"type": "LineString", "coordinates": [[121.4058549, 25.1551796], [121.4051533, 25.154488]]}}, {"type": "Feature", "properties": {"county": "新北市", "district": "八里區", "highway": "unclassified", "name": "商港一路"}, "geometry": {"type": "LineString", "coordinates": [[121.4062911, 25.1555984], [121.4058549, 25.1551796]]}}, {"type": "Feature", "properties": {"county": "新北市", "district": "八里區", "highway": "residential", "name": "中山路二段447巷"}, "geometry": {"type": "LineString", "coordinates": [[121.3975662, 25.145169], [121.3978848, 25.1452724]]}}, {"type": "Feature", "properties": {"county": "新北市", "district": "八里區", "highway": "residential", "name": "永平街32巷22弄"}, "geometry": {"type": "LineString", "coordinates": [[121.4603541, 25.0919827], [121.4602205, 25.0920515], [121.4596805, 25.0923148]]}}, {"type": "Feature", "properties": {"county": "新北市", "district": "八里區", "highway": "residential", "name": null}, "geometry": {"type": "LineString", "coordinates": [[121.4218641, 25.0837058], [121.4217874, 25.0837402]]}}, {"type": "Feature", "properties": {"county": "新北市", "district": "八里區", "highway": "residential", "name": null}, "geometry": {"type": "LineString", "coordinates": [[121.4219122, 25.0836842], [121.4218641, 25.0837058]]}}, {"type": "Feature", "properties": {"county": "新北市", "district": "八里區", "highway": "unclassified", "name": "忠孝路"}, "geometry": {"type": "LineString", "coordinates": [[121.4194007, 25.1612157], [121.4185219, 25.1613473], [121.4181785, 25.1613764], [121.4178245, 25.1613619], [121.4163594, 25.1611713], [121.4159952, 25.1611239], [121.4157126, 25.1610898], [121.41543, 25.1610975], [121.4149344, 25.1612248], [121.4143071, 25.1615461]]}}, {"type": "Feature", "properties": {"county": "新北市", "district": "八里區", "highway": "tertiary", "name": "凌雲路三段"}, "geometry": {"type": "LineString", "coordinates": [[121.4317372, 25.117147], [121.4317211, 25.1172724], [121.4316517, 25.117475], [121.4315928, 25.1176209], [121.4315248, 25.1177359], [121.431436, 25.1178502], [121.4313472, 25.1179403], [121.4312386, 25.1180132], [121.4311568, 25.118058], [121.4310627, 25.1181003], [121.4309689, 25.1181296], [121.4308779, 25.1181516], [121.430788, 25.1181751], [121.4306812, 25.1182106], [121.4305981, 25.118247]]}}, {"type": "Feature", "properties": {"county": "新北市", "district": "八里區", "highway": "tertiary", "name": "凌雲路三段"}, "geometry": {"type": "LineString", "coordinates": [[121.4305981, 25.118247], [121.4305061, 25.118278]]}}, {"type": "Feature", "properties": {"county": "新北市", "district": "八里區", "highway": "tertiary", "name": "凌雲路三段"}, "geometry": {"type": "LineString", "coordinates": [[121.4305061, 25.118278], [121.4304859, 25.1182849]]}}, {"type": "Feature", "properties": {"county": "新北市", "district": "八里區", "highway": "residential", "name": null}, "geometry": {"type": "LineString", "coordinates": [[121.4257331, 25.1253464], [121.42568, 25.1254483], [121.4256417, 25.1255346], [121.4255757, 25.1256224], [121.4255386, 25.1257281], [121.4255141, 25.1258237], [121.4255321, 25.1258824]]}}, {"type": "Feature", "properties": {"county": "新北市", "district": "八里區", "highway": "tertiary", "name": "觀音路"}, "geometry": {"type": "LineString", "coordinates": [[121.4354412, 25.1448332], [121.4351821, 25.14458], [121.435034, 25.1444029], [121.4348766, 25.1443506]]}}, {"type": "Feature", "properties": {"county": "新北市", "district": "八里區", "highway": "tertiary", "name": "牛寮埔橋"}, "geometry": {"type": "LineString", "coordinates": [[121.4348766, 25.1443506], [121.4347589, 25.1443625]]}}, {"type": "Feature", "properties": {"county": "新北市", "district": "八里區", "highway": "unclassified", "name": "凌雲路二段田埔巷"}, "geometry": {"type": "LineString", "coordinates": [[121.4357814, 25.1215393], [121.4357815, 25.1218023], [121.4359682, 25.1221037], [121.4360996, 25.1222075], [121.4364625, 25.1225558]]}}, {"type": "Feature", "properties": {"county": "新北市", "district": "八里區", "highway": "primary", "name": "中正東路一段"}, "geometry": {"type": "LineString", "coordinates": [[121.4529638, 25.1613943], [121.4530167, 25.1611106], [121.4530838, 25.1608679], [121.453175, 25.1606251], [121.4533037, 25.1604017], [121.4534825, 25.1601755], [121.4536515, 25.160008], [121.4538241, 25.1598749], [121.4540164, 25.1597534], [121.4542095, 25.1596502], [121.4544804, 25.159541], [121.4549009, 25.1593807]]}}, {"type": "Feature", "properties": {"county": "新北市", "district": "八里區", "highway": "residential", "name": "中正東路一段72巷"}, "geometry": {"type": "LineString", "coordinates": [[121.4525179, 25.1609999], [121.4524966, 25.1609805]]}}, {"type": "Feature", "properties": {"county": "新北市", "district": "八里區", "highway": "primary", "name": "龍米路二段"}, "geometry": {"type": "LineString", "coordinates": [[121.4392052, 25.1541189], [121.4385796, 25.1543964], [121.4383208, 25.1545263], [121.4381075, 25.1546307], [121.4379573, 25.1547581], [121.4378483, 25.1548981], [121.4376665, 25.1552234], [121.4375738, 25.1553894], [121.4373994, 25.1556224], [121.4371969, 25.1558155], [121.4368687, 25.156092], [121.4360757, 25.1566057], [121.4359524, 25.1567065], [121.4357686, 25.1569444], [121.4356157, 25.1572054], [121.4354562, 25.1574773], [121.4353757, 25.1576047], [121.4352402, 25.1577795], [121.435082, 25.1579228], [121.4349286, 25.1580246], [121.4346508, 25.1581658], [121.4344114, 25.1582755], [121.4342934, 25.1583112], [121.4340024, 25.1583938], [121.4338334, 25.1584217], [121.4336591, 25.1584363], [121.4335558, 25.1584423], [121.433417, 25.1584405], [121.4328873, 25.1583992], [121.432747, 25.1583925], [121.4324168, 25.1584141], [121.4320135, 25.1584678], [121.4316594, 25.1585326], [121.4309232, 25.1586657], [121.4304002, 25.1587664], [121.4294111, 25.1589722]]}}, {"type": "Feature", "properties": {"county": "新北市", "district": "八里區", "highway": "primary", "name": "龍米路二段"}, "geometry": {"type": "LineString", "coordinates": [[121.4392691, 25.1540875], [121.4392052, 25.1541189]]}}, {"type": "Feature", "properties": {"county": "新北市", "district": "八里區", "highway": "primary", "name": "龍米路二段"}, "geometry": {"type": "LineString", "coordinates": [[121.429408, 25.1588758], [121.4296787, 25.1588223], [121.4302741, 25.1587045], [121.4303869, 25.1586837], [121.4311244, 25.1585478], [121.431642, 25.1584524], [121.4320149, 25.1583853], [121.432263, 25.158344], [121.432444, 25.1583174], [121.4326727, 25.1582989], [121.4329327, 25.1583158], [121.4334049, 25.1583652], [121.4336497, 25.1583616], [121.4338535, 25.1583379], [121.4340151, 25.1583072], [121.4341774, 25.1582633], [121.4343629, 25.1581941], [121.4345093, 25.1581316], [121.4347413, 25.1580315], [121.4350056, 25.1578814], [121.4351464, 25.1577431], [121.4352387, 25.1576221], [121.4353261, 25.1575076], [121.4354427, 25.1573256], [121.4356386, 25.1569869], [121.4358716, 25.1566567]]}}, {"type": "Feature", "properties": {"county": "新北市", "district": "八里區", "highway": "primary", "name": "龍米路二段"}, "geometry": {"type": "LineString", "coordinates": [[121.4391075, 25.1540703], [121.4391952, 25.1540296]]}}, {"type": "Feature", "properties": {"county": "新北市", "district": "八里區", "highway": "unclassified", "name": null}, "geometry": {"type": "LineString", "coordinates": [[121.4353003, 25.1513788], [121.4356069, 25.151036], [121.4356325, 25.1509345], [121.4356329, 25.1505988], [121.435611, 25.1504611], [121.4355537, 25.1503349], [121.435322, 25.1501333], [121.4352957, 25.1500939], [121.4352985, 25.1500125], [121.435327, 25.149886], [121.4353815, 25.1498365], [121.4356177, 25.1497915], [121.4357151, 25.149811], [121.435782, 25.1497211], [121.4358267, 25.1496201], [121.4358366, 25.1495039], [121.4359148, 25.1492082], [121.4359845, 25.1488889], [121.435766, 25.1487663], [121.4356613, 25.1485648], [121.4356332, 25.1484022], [121.4356318, 25.1482103], [121.43566, 25.1481545], [121.435774, 25.148129], [121.4357941, 25.1480963], [121.4357445, 25.1478947], [121.4357099, 25.147807], [121.4355945, 25.1476341], [121.435561, 25.147418], [121.4355977, 25.1472811]]}}, {"type": "Feature", "properties": {"county": "新北市", "district": "八里區", "highway": "unclassified", "name": null}, "geometry": {"type": "LineString", "coordinates": [[121.4347589, 25.1443625], [121.4346407, 25.1442424], [121.4344992, 25.1440884], [121.4344481, 25.1439851], [121.4343933, 25.1438666], [121.4343014, 25.143766], [121.4342987, 25.1437277]]}}, {"type": "Feature", "properties": {"county": "新北市", "district": "八里區", "highway": "unclassified", "name": null}, "geometry": {"type": "LineString", "coordinates": [[121.4342987, 25.1437277], [121.4343094, 25.1436721]]}}, {"type": "Feature", "properties": {"county": "新北市", "district": "八里區", "highway": "unclassified", "name": null}, "geometry": {"type": "LineString", "coordinates": [[121.4343094, 25.1436721], [121.4343111, 25.1435708], [121.4343262, 25.1434155], [121.4343142, 25.1433289], [121.4342261, 25.1431988], [121.4342071, 25.1431047], [121.434239, 25.1429776]]}}, {"type": "Feature", "properties": {"county": "新北市", "district": "八里區", "highway": "unclassified", "name": null}, "geometry": {"type": "LineString", "coordinates": [[121.4343155, 25.1429373], [121.4343631, 25.1427558], [121.4343626, 25.142483], [121.4343693, 25.1423579], [121.4343827, 25.1423106], [121.4344136, 25.1422499], [121.4344243, 25.1422001], [121.4344122, 25.1421382], [121.4343546, 25.1420823], [121.4342795, 25.1420532], [121.4341574, 25.142001], [121.4341038, 25.1419634], [121.4340493, 25.1419026], [121.4339877, 25.1419829], [121.4337626, 25.1423033]]}}, {"type": "Feature", "properties": {"county": "新北市", "district": "八里區", "highway": "unclassified", "name": null}, "geometry": {"type": "LineString", "coordinates": [[121.4324157, 25.1433783], [121.4324466, 25.1433429], [121.4324613, 25.1432985], [121.4324677, 25.1431719], [121.4324373, 25.1430512], [121.4323816, 25.1429089], [121.4323702, 25.1427692], [121.4324005, 25.1425549]]}}, {"type": "Feature", "properties": {"county": "新北市", "district": "八里區", "highway": "unclassified", "name": null}, "geometry": {"type": "LineString", "coordinates": [[121.4337626, 25.1423033], [121.4336258, 25.142279], [121.4334934, 25.1422313], [121.4334079, 25.1422276]]}}, {"type": "Feature", "properties": {"county": "新北市", "district": "八里區", "highway": "unclassified", "name": null}, "geometry": {"type": "LineString", "coordinates": [[121.4334079, 25.1422276], [121.4333495, 25.1422383]]}}, {"type": "Feature", "properties": {"county": "新北市", "district": "八里區", "highway": "unclassified", "name": null}, "geometry": {"type": "LineString", "coordinates": [[121.434239, 25.1429776], [121.4343155, 25.1429373]]}}, {"type": "Feature", "properties": {"county": "新北市", "district": "八里區", "highway": "tertiary", "name": "商港路"}, "geometry": {"type": "LineString", "coordinates": [[121.3932821, 25.1496517], [121.3931566, 25.1498414], [121.3931164, 25.1499021]]}}, {"type": "Feature", "properties": {"county": "新北市", "district": "八里區", "highway": "tertiary", "name": "商港五路"}, "geometry": {"type": "LineString", "coordinates": [[121.3979563, 25.1530874], [121.3983792, 25.1534349], [121.4012271, 25.1557752], [121.4013584, 25.1558829]]}}, {"type": "Feature", "properties": {"county": "新北市", "district": "八里區", "highway": "secondary", "name": "中山路二段"}, "geometry": {"type": "LineString", "coordinates": [[121.4016476, 25.1485578], [121.401377, 25.1483346], [121.4010082, 25.1480445], [121.4007454, 25.1478429], [121.4004545, 25.1477223], [121.3995342, 25.1473777], [121.3990119, 25.1471765], [121.3983407, 25.146918], [121.3982604, 25.146887], [121.3976809, 25.1465656], [121.3975126, 25.1464723]]}}, {"type": "Feature", "properties": {"county": "新北市", "district": "八里區", "highway": "secondary", "name": "中山路二段"}, "geometry": {"type": "LineString", "coordinates": [[121.4087324, 25.1560913], [121.4075138, 25.15456], [121.407124, 25.1541039]]}}, {"type": "Feature", "properties": {"county": "新北市", "district": "八里區", "highway": "tertiary", "name": "商港九路"}, "geometry": {"type": "LineString", "coordinates": [[121.402931, 25.1544986], [121.4030472, 25.1543991]]}}, {"type": "Feature", "properties": {"county": "新北市", "district": "八里區", "highway": "secondary", "name": "中山路二段"}, "geometry": {"type": "LineString", "coordinates": [[121.4055871, 25.1521398], [121.4054477, 25.1518437]]}}, {"type": "Feature", "properties": {"county": "新北市", "district": "八里區", "highway": "residential", "name": "盧卡小丘社區停車場"}, "geometry": {"type": "LineString", "coordinates": [[121.4585091, 25.1614188], [121.458546, 25.1614348]]}}, {"type": "Feature", "properties": {"county": "新北市", "district": "八里區", "highway": "unclassified", "name": "頂寮二街"}, "geometry": {"type": "LineString", "coordinates": [[121.4486674, 25.126588], [121.4486264, 25.1266341]]}}, {"type": "Feature", "properties": {"county": "新北市", "district": "八里區", "highway": "unclassified", "name": "頂寮二街"}, "geometry": {"type": "LineString", "coordinates": [[121.4487352, 25.1264557], [121.4486674, 25.126588]]}}, {"type": "Feature", "properties": {"county": "新北市", "district": "八里區", "highway": "unclassified", "name": null}, "geometry": {"type": "LineString", "coordinates": [[121.4510266, 25.1657954], [121.4507017, 25.1652337], [121.450708, 25.1649434], [121.4505411, 25.1647328]]}}, {"type": "Feature", "properties": {"county": "新北市", "district": "八里區", "highway": "unclassified", "name": "臨港大道"}, "geometry": {"type": "LineString", "coordinates": [[121.3925259, 25.1502561], [121.3924017, 25.1501552], [121.3906296, 25.1487278], [121.3905434, 25.1486584], [121.3905045, 25.1486271], [121.3902007, 25.1483842]]}}, {"type": "Feature", "properties": {"county": "新北市", "district": "八里區", "highway": "unclassified", "name": "A12道路"}, "geometry": {"type": "LineString", "coordinates": [[121.3886346, 25.1508375], [121.3888376, 25.150392]]}}, {"type": "Feature", "properties": {"county": "新北市", "district": "八里區", "highway": "tertiary_link", "name": null}, "geometry": {"type": "LineString", "coordinates": [[121.3904075, 25.1420303], [121.390633, 25.1419865], [121.3908449, 25.1419428], [121.3909936, 25.1419014]]}}, {"type": "Feature", "properties": {"county": "新北市", "district": "八里區", "highway": "residential", "name": "中華路三段32巷"}, "geometry": {"type": "LineString", "coordinates": [[121.3958375, 25.142359], [121.3950339, 25.1429274]]}}, {"type": "Feature", "properties": {"county": "新北市", "district": "八里區", "highway": "unclassified", "name": "新園一路"}, "geometry": {"type": "LineString", "coordinates": [[121.3675126, 25.081887], [121.3672879, 25.0815324], [121.3672417, 25.081491], [121.3671789, 25.0814594]]}}, {"type": "Feature", "properties": {"county": "新北市", "district": "八里區", "highway": "unclassified", "name": "新園二路"}, "geometry": {"type": "LineString", "coordinates": [[121.3671789, 25.0814594], [121.3671085, 25.0814593], [121.3670274, 25.081486], [121.3661394, 25.0818797], [121.3661056, 25.081952], [121.3661273, 25.0820369], [121.3663754, 25.0824287]]}}, {"type": "Feature", "properties": {"county": "新北市", "district": "八里區", "highway": "unclassified", "name": "新園一路"}, "geometry": {"type": "LineString", "coordinates": [[121.3684059, 25.082782], [121.3675126, 25.081887]]}}, {"type": "Feature", "properties": {"county": "新北市", "district": "八里區", "highway": "unclassified", "name": "新園一路"}, "geometry": {"type": "LineString", "coordinates": [[121.3694409, 25.0840048], [121.3688131, 25.0831921], [121.3686439, 25.0830169], [121.3684059, 25.082782]]}}, {"type": "Feature", "properties": {"county": "新北市", "district": "八里區", "highway": "unclassified", "name": "仁愛路三段"}, "geometry": {"type": "LineString", "coordinates": [[121.3689158, 25.0809243], [121.3675126, 25.081887], [121.3663754, 25.0824287]]}}, {"type": "Feature", "properties": {"county": "新北市", "district": "八里區", "highway": "unclassified", "name": "南堤聯外道路"}, "geometry": {"type": "LineString", "coordinates": [[121.3655419, 25.1416435], [121.3664201, 25.1399787]]}}, {"type": "Feature", "properties": {"county": "新北市", "district": "八里區", "highway": "residential", "name": null}, "geometry": {"type": "LineString", "coordinates": [[121.4190795, 25.1241378], [121.4190202, 25.1240722]]}}, {"type": "Feature", "properties": {"county": "新北市", "district": "八里區", "highway": "residential", "name": null}, "geometry": {"type": "LineString", "coordinates": [[121.419535, 25.1251545], [121.419535, 25.1249777], [121.4194871, 25.1248902], [121.4194409, 25.1247607], [121.4194471, 25.1245473], [121.4194525, 25.1244999], [121.4194095, 25.1244417], [121.4192102, 25.124258], [121.4190795, 25.1241378]]}}, {"type": "Feature", "properties": {"county": "新北市", "district": "八里區", "highway": "unclassified", "name": null}, "geometry": {"type": "LineString", "coordinates": [[121.4187909, 25.1259182], [121.4188606, 25.1259165]]}}, {"type": "Feature", "properties": {"county": "新北市", "district": "八里區", "highway": "unclassified", "name": "中直路崩山巷"}, "geometry": {"type": "LineString", "coordinates": [[121.4187369, 25.1253586], [121.4186729, 25.1253641], [121.4185929, 25.1253963], [121.4185565, 25.1254755], [121.4185929, 25.1257048], [121.4187197, 25.1258857], [121.4187909, 25.1259182]]}}, {"type": "Feature", "properties": {"county": "新北市", "district": "八里區", "highway": "residential", "name": "龍形二街"}, "geometry": {"type": "LineString", "coordinates": [[121.4505729, 25.1323978], [121.4505253, 25.1329749], [121.4495706, 25.1327558]]}}, {"type": "Feature", "properties": {"county": "新北市", "district": "八里區", "highway": "residential", "name": "龍形二街"}, "geometry": {"type": "LineString", "coordinates": [[121.4505756, 25.1323435], [121.4505729, 25.1323978]]}}, {"type": "Feature", "properties": {"county": "新北市", "district": "八里區", "highway": "primary", "name": "龍米路一段"}, "geometry": {"type": "LineString", "coordinates": [[121.4483836, 25.1400621], [121.4490706, 25.1386431], [121.4491269, 25.1385287], [121.4493586, 25.1380488]]}}, {"type": "Feature", "properties": {"county": "新北市", "district": "八里區", "highway": "primary", "name": "龍米路一段"}, "geometry": {"type": "LineString", "coordinates": [[121.4493586, 25.1380488], [121.4494308, 25.1378685], [121.4494796, 25.1377055], [121.4495771, 25.1373234], [121.4498346, 25.1362915], [121.4499272, 25.1359559], [121.4500239, 25.1356545], [121.45007, 25.1355351]]}}, {"type": "Feature", "properties": {"county": "新北市", "district": "八里區", "highway": "primary", "name": "龍米路一段"}, "geometry": {"type": "LineString", "coordinates": [[121.45007, 25.1355351], [121.4501158, 25.1354229], [121.4504116, 25.1347839], [121.4505314, 25.1345251], [121.4505454, 25.134495], [121.4508859, 25.1337798], [121.4509113, 25.1337259]]}}, {"type": "Feature", "properties": {"county": "新北市", "district": "八里區", "highway": "primary", "name": "龍米路一段"}, "geometry": {"type": "LineString", "coordinates": [[121.451338, 25.1327982], [121.4513778, 25.1326907]]}}, {"type": "Feature", "properties": {"county": "新北市", "district": "八里區", "highway": "primary", "name": "龍米路一段"}, "geometry": {"type": "LineString", "coordinates": [[121.4494466, 25.1380668], [121.4493633, 25.1382412], [121.4492078, 25.1385593], [121.4491541, 25.1386755], [121.4484763, 25.1400892]]}}, {"type": "Feature", "properties": {"county": "新北市", "district": "八里區", "highway": "primary", "name": "龍米路一段"}, "geometry": {"type": "LineString", "coordinates": [[121.4501536, 25.1355579], [121.4501063, 25.1356797], [121.4500546, 25.1358381], [121.4499802, 25.1360898], [121.4499167, 25.1363332], [121.4495728, 25.1376972], [121.4495127, 25.137898], [121.4494466, 25.1380668]]}}, {"type": "Feature", "properties": {"county": "新北市", "district": "八里區", "highway": "primary", "name": "龍米路一段"}, "geometry": {"type": "LineString", "coordinates": [[121.4509938, 25.1337528], [121.4509652, 25.1338123], [121.4508382, 25.1340714], [121.4506115, 25.1345572], [121.4504917, 25.1348139], [121.4504482, 25.1349072], [121.4502091, 25.1354252], [121.4501536, 25.1355579]]}}, {"type": "Feature", "properties": {"county": "新北市", "district": "八里區", "highway": "primary", "name": "龍米路一段"}, "geometry": {"type": "LineString", "coordinates": [[121.4514632, 25.1327026], [121.451424, 25.1328135]]}}, {"type": "Feature", "properties": {"county": "新北市", "district": "八里區", "highway": "residential", "name": "龍米路一段386巷"}, "geometry": {"type": "LineString", "coordinates": [[121.4522836, 25.1322976], [121.452338, 25.1320408], [121.4523327, 25.1320032], [121.4523083, 25.1317189], [121.4522427, 25.131162]]}}, {"type": "Feature", "properties": {"county": "新北市", "district": "八里區", "highway": "residential", "name": "龍米路一段386巷"}, "geometry": {"type": "LineString", "coordinates": [[121.4522573, 25.1323963], [121.4522836, 25.1322976]]}}, {"type": "Feature", "properties": {"county": "新北市", "district": "八里區", "highway": "primary", "name": "龍米路一段"}, "geometry": {"type": "LineString", "coordinates": [[121.4520796, 25.1271699], [121.4521096, 25.1270576], [121.4521414, 25.1269595], [121.4521957, 25.1268192], [121.4522858, 25.1266325], [121.4523124, 25.1265803]]}}, {"type": "Feature", "properties": {"county": "新北市", "district": "八里區", "highway": "primary", "name": "艋舺橋"}, "geometry": {"type": "LineString", "coordinates": [[121.4519724, 25.1276755], [121.4520796, 25.1271699]]}}, {"type": "Feature", "properties": {"county": "新北市", "district": "八里區", "highway": "primary", "name": "龍米路一段"}, "geometry": {"type": "LineString", "coordinates": [[121.4523971, 25.1266137], [121.4523701, 25.1266655], [121.452313, 25.1267782], [121.4522494, 25.1269237], [121.452216, 25.1270201], [121.4521885, 25.1271136]]}}, {"type": "Feature", "properties": {"county": "新北市", "district": "八里區", "highway": "primary", "name": "艋舺橋"}, "geometry": {"type": "LineString", "coordinates": [[121.4521885, 25.1271136], [121.4521669, 25.1272045]]}}, {"type": "Feature", "properties": {"county": "新北市", "district": "八里區", "highway": "tertiary", "name": "頭湖一路"}, "geometry": {"type": "LineString", "coordinates": [[121.3737799, 25.0870851], [121.3735991, 25.087124], [121.3735362, 25.0871375], [121.3734441, 25.0871573]]}}, {"type": "Feature", "properties": {"county": "新北市", "district": "八里區", "highway": "residential", "name": "中正東路二段143巷"}, "geometry": {"type": "LineString", "coordinates": [[121.4607769, 25.1472784], [121.4606924, 25.1473382], [121.4606375, 25.1473839]]}}, {"type": "Feature", "properties": {"county": "新北市", "district": "八里區", "highway": "residential", "name": "八勢路"}, "geometry": {"type": "LineString", "coordinates": [[121.4592917, 25.1534023], [121.4594368, 25.1533943], [121.4595048, 25.1533928], [121.4598441, 25.1533854], [121.4598836, 25.1533845], [121.4602146, 25.1533739], [121.4603946, 25.153353], [121.4605448, 25.1533384], [121.4607178, 25.1533906]]}}, {"type": "Feature", "properties": {"county": "新北市", "district": "八里區", "highway": "unclassified", "name": "八勢路"}, "geometry": {"type": "LineString", "coordinates": [[121.4607178, 25.1533906], [121.4609618, 25.1536067], [121.4613192, 25.1538765], [121.4614011, 25.1539087], [121.4615854, 25.1539975], [121.4616375, 25.1540171], [121.4617716, 25.1540438], [121.461946, 25.154022], [121.46222, 25.153903]]}}, {"type": "Feature", "properties": {"county": "新北市", "district": "八里區", "highway": "tertiary", "name": "坪頂路"}, "geometry": {"type": "LineString", "coordinates": [[121.4563768, 25.1613921], [121.4562453, 25.1610735], [121.4561607, 25.1609991], [121.4560195, 25.1607911], [121.4557672, 25.1602984], [121.45558, 25.1598987], [121.4554983, 25.1597953], [121.4553683, 25.1596891], [121.4549452, 25.1594778], [121.4549009, 25.1593807]]}}, {"type": "Feature", "properties": {"county": "新北市", "district": "八里區", "highway": "tertiary", "name": "坪頂路"}, "geometry": {"type": "LineString", "coordinates": [[121.458084, 25.1625319], [121.4577226, 25.1624045], [121.4573407, 25.1622418], [121.4571125, 25.1621373], [121.4569072, 25.1620015], [121.4567074, 25.1618071], [121.4565075, 25.1615499], [121.4563768, 25.1613921]]}}, {"type": "Feature", "properties": {"county": "新北市", "district": "八里區", "highway": "residential", "name": "中正東路二段143巷"}, "geometry": {"type": "LineString", "coordinates": [[121.4610908, 25.1473211], [121.4607769, 25.1472784]]}}, {"type": "Feature", "properties": {"county": "新北市", "district": "八里區", "highway": "unclassified", "name": "紅樹林路"}, "geometry": {"type": "LineString", "coordinates": [[121.4583375, 25.1620791], [121.4585118, 25.1619505], [121.4587465, 25.1617927], [121.458882, 25.1617271]]}}, {"type": "Feature", "properties": {"county": "新北市", "district": "八里區", "highway": "primary_link", "name": null}, "geometry": {"type": "LineString", "coordinates": [[121.4411127, 25.1525308], [121.4411787, 25.1525834]]}}, {"type": "Feature", "properties": {"county": "新北市", "district": "八里區", "highway": "trunk_link", "name": null}, "geometry": {"type": "LineString", "coordinates": [[121.4300667, 25.1085484], [121.4299703, 25.108257]]}}, {"type": "Feature", "properties": {"county": "新北市", "district": "八里區", "highway": "tertiary", "name": "凌雲路三段"}, "geometry": {"type": "LineString", "coordinates": [[121.4306783, 25.1097489], [121.4306428, 25.1098215], [121.4305777, 25.1098843], [121.4305027, 25.1099396], [121.4303134, 25.110069], [121.4302229, 25.1101278], [121.4301861, 25.1101863], [121.4301639, 25.1102711], [121.4301796, 25.1103567], [121.4302209, 25.1104763]]}}, {"type": "Feature", "properties": {"county": "新北市", "district": "八里區", "highway": "tertiary", "name": "凌雲路三段"}, "geometry": {"type": "LineString", "coordinates": [[121.4314436, 25.1076275], [121.4314188, 25.1077494], [121.4313632, 25.1079042], [121.4313012, 25.1080055]]}}, {"type": "Feature", "properties": {"county": "新北市", "district": "八里區", "highway": "tertiary", "name": "凌雲路三段"}, "geometry": {"type": "LineString", "coordinates": [[121.4313012, 25.1080055], [121.4312194, 25.1081671], [121.4311457, 25.1082898], [121.4310679, 25.1083943], [121.4309928, 25.1084866], [121.4309097, 25.1086031], [121.4308695, 25.108676], [121.4308386, 25.1087598], [121.4308194, 25.1088355], [121.4308083, 25.1089355]]}}, {"type": "Feature", "properties": {"county": "新北市", "district": "八里區", "highway": "tertiary", "name": "凌雲路三段"}, "geometry": {"type": "LineString", "coordinates": [[121.4308189, 25.1085734], [121.4309042, 25.108452], [121.4310202, 25.1083275], [121.4313012, 25.1080055]]}}, {"type": "Feature", "properties": {"county": "新北市", "district": "八里區", "highway": "tertiary", "name": "凌雲路三段"}, "geometry": {"type": "LineString", "coordinates": [[121.4307085, 25.1089092], [121.4307266, 25.1088126], [121.4307647, 25.1086898], [121.4308189, 25.1085734]]}}, {"type": "Feature", "properties": {"county": "新北市", "district": "八里區", "highway": "tertiary", "name": "凌雲路三段"}, "geometry": {"type": "LineString", "coordinates": [[121.4308083, 25.1089355], [121.4308024, 25.1090258], [121.430797, 25.1093123], [121.4307917, 25.1094484], [121.4307729, 25.1095431], [121.430738, 25.1096378], [121.4306783, 25.1097489]]}}, {"type": "Feature", "properties": {"county": "新北市", "district": "八里區", "highway": "secondary", "name": "中華路三段"}, "geometry": {"type": "LineString", "coordinates": [[121.394768, 25.1410912], [121.3944489, 25.1407226], [121.3942688, 25.1405114], [121.3940907, 25.1402858]]}}, {"type": "Feature", "properties": {"county": "新北市", "district": "八里區", "highway": "primary", "name": "淡金路一段"}, "geometry": {"type": "LineString", "coordinates": [[121.4607554, 25.1690834], [121.4607643, 25.1689834]]}}, {"type": "Feature", "properties": {"county": "新北市", "district": "八里區", "highway": "primary", "name": "淡金路一段"}, "geometry": {"type": "LineString", "coordinates": [[121.4607473, 25.1691517], [121.4607554, 25.1690834]]}}, {"type": "Feature", "properties": {"county": "新北市", "district": "八里區", "highway": "trunk_link", "name": "八里一交流道"}, "geometry": {"type": "LineString", "coordinates": [[121.4111377, 25.1651191], [121.411559, 25.1654623], [121.4119928, 25.1658032]]}}, {"type": "Feature", "properties": {"county": "新北市", "district": "八里區", "highway": "trunk_link", "name": "八里一交流道"}, "geometry": {"type": "LineString", "coordinates": [[121.4117518, 25.1660536], [121.4110457, 25.1654914], [121.4108973, 25.1653869]]}}, {"type": "Feature", "properties": {"county": "新北市", "district": "八里區", "highway": "secondary", "name": "獅子橋"}, "geometry": {"type": "LineString", "coordinates": [[121.4528895, 25.1057629], [121.4529069, 25.1060889]]}}, {"type": "Feature", "properties": {"county": "新北市", "district": "八里區", "highway": "secondary", "name": "獅子橋"}, "geometry": {"type": "LineString", "coordinates": [[121.4527764, 25.106061], [121.4527577, 25.1057307]]}}, {"type": "Feature", "properties": {"county": "新北市", "district": "八里區", "highway": "secondary", "name": "成泰路三段"}, "geometry": {"type": "LineString", "coordinates": [[121.4529069, 25.1060889], [121.4529091, 25.1061432], [121.4529101, 25.1062452]]}}, {"type": "Feature", "properties": {"county": "新北市", "district": "八里區", "highway": "secondary", "name": "成泰路三段"}, "geometry": {"type": "LineString", "coordinates": [[121.4528052, 25.106281], [121.4527789, 25.1061936], [121.4527764, 25.106061]]}}, {"type": "Feature", "properties": {"county": "新北市", "district": "八里區", "highway": "tertiary", "name": "文化二路二段"}, "geometry": {"type": "LineString", "coordinates": [[121.3764709, 25.0787706], [121.3781171, 25.0805679]]}}, {"type": "Feature", "properties": {"county": "新北市", "district": "八里區", "highway": "tertiary", "name": "文化二路二段"}, "geometry": {"type": "LineString", "coordinates": [[121.3780136, 25.0806203], [121.3774437, 25.0799911], [121.3763857, 25.0788229]]}}, {"type": "Feature", "properties": {"county": "新北市", "district": "八里區", "highway": "tertiary", "name": "文化二路二段"}, "geometry": {"type": "LineString", "coordinates": [[121.3796485, 25.0825574], [121.3795765, 25.0824721], [121.3790949, 25.0819015], [121.3786316, 25.0813525], [121.3785044, 25.0812018], [121.3780136, 25.0806203]]}}, {"type": "Feature", "properties": {"county": "新北市", "district": "八里區", "highway": "tertiary", "name": "文化二路二段"}, "geometry": {"type": "LineString", "coordinates": [[121.3781171, 25.0805679], [121.3787338, 25.0812979], [121.3792134, 25.0818657], [121.3797506, 25.0825017]]}}, {"type": "Feature", "properties": {"county": "新北市", "district": "八里區", "highway": "primary", "name": "關渡大橋"}, "geometry": {"type": "LineString", "coordinates": [[121.4598635, 25.1270575], [121.4594804, 25.1268372]]}}, {"type": "Feature", "properties": {"county": "新北市", "district": "八里區", "highway": "primary_link", "name": "關渡大橋"}, "geometry": {"type": "LineString", "coordinates": [[121.4598534, 25.1285739], [121.4600664, 25.1281584], [121.4601568, 25.127934]]}}, {"type": "Feature", "properties": {"county": "新北市", "district": "八里區", "highway": "trunk", "name": "東西向快速公路 八里新店線"}, "geometry": {"type": "LineString", "coordinates": [[121.3939595, 25.1483971], [121.3932955, 25.1493911]]}}, {"type": "Feature", "properties": {"county": "新北市", "district": "八里區", "highway": "trunk", "name": "東西向快速公路 八里新店線"}, "geometry": {"type": "LineString", "coordinates": [[121.3932131, 25.1493371], [121.3938801, 25.1483523]]}}, {"type": "Feature", "properties": {"county": "新北市", "district": "八里區", "highway": "trunk_link", "name": "八里二交流道"}, "geometry": {"type": "LineString", "coordinates": [[121.394526, 25.147612], [121.394162, 25.1481535], [121.3940411, 25.1483347]]}}, {"type": "Feature", "properties": {"county": "新北市", "district": "八里區", "highway": "trunk_link", "name": "八里二交流道"}, "geometry": {"type": "LineString", "coordinates": [[121.3948245, 25.1471081], [121.394526, 25.147612]]}}, {"type": "Feature", "properties": {"county": "新北市", "district": "八里區", "highway": "trunk", "name": "東西向快速公路 八里新店線"}, "geometry": {"type": "LineString", "coordinates": [[121.3944954, 25.1475971], [121.3941062, 25.1481775], [121.3939595, 25.1483971]]}}, {"type": "Feature", "properties": {"county": "新北市", "district": "八里區", "highway": "trunk", "name": "東西向快速公路 八里新店線"}, "geometry": {"type": "LineString", "coordinates": [[121.3938801, 25.1483523], [121.3940155, 25.1481428], [121.3944156, 25.1475484]]}}, {"type": "Feature", "properties": {"county": "新北市", "district": "八里區", "highway": "trunk_link", "name": "八里二交流道"}, "geometry": {"type": "LineString", "coordinates": [[121.3890436, 25.14991], [121.3894774, 25.1489852], [121.3895354, 25.1488654], [121.3895801, 25.1487676], [121.3896115, 25.1486855], [121.3896268, 25.148613], [121.389636, 25.1485095]]}}, {"type": "Feature", "properties": {"county": "新北市", "district": "八里區", "highway": "trunk_link", "name": "八里二交流道"}, "geometry": {"type": "LineString", "coordinates": [[121.3945947, 25.1517456], [121.395565, 25.1525242]]}}, {"type": "Feature", "properties": {"county": "新北市", "district": "八里區", "highway": "trunk_link", "name": "八里二交流道"}, "geometry": {"type": "LineString", "coordinates": [[121.3922474, 25.1499266], [121.3914424, 25.1492799]]}}, {"type": "Feature", "properties": {"county": "新北市", "district": "八里區", "highway": "trunk_link", "name": "八里二交流道"}, "geometry": {"type": "LineString", "coordinates": [[121.392458, 25.1500957], [121.3922474, 25.1499266]]}}, {"type": "Feature", "properties": {"county": "新北市", "district": "八里區", "highway": "secondary", "name": "民義路一段"}, "geometry": {"type": "LineString", "coordinates": [[121.4282312, 25.0907979], [121.4280533, 25.0908383], [121.4277371, 25.0910324], [121.4275507, 25.0911708], [121.4272664, 25.0913579], [121.4268831, 25.0916668], [121.4266985, 25.0918565], [121.4265684, 25.0920083], [121.4263342, 25.0923593], [121.4262613, 25.0924394], [121.4261303, 25.0925354], [121.4259493, 25.0926544], [121.4258138, 25.0927291], [121.4256717, 25.0928147], [121.4256463, 25.092832]]}}, {"type": "Feature", "properties": {"county": "新北市", "district": "八里區", "highway": "secondary", "name": "冷水坑橋"}, "geometry": {"type": "LineString", "coordinates": [[121.4256463, 25.092832], [121.4256025, 25.0928618]]}}, {"type": "Feature", "properties": {"county": "新北市", "district": "八里區", "highway": "residential", "name": "御史路39巷"}, "geometry": {"type": "LineString", "coordinates": [[121.4423069, 25.0922739], [121.4416952, 25.0922745]]}}, {"type": "Feature", "properties": {"county": "新北市", "district": "八里區", "highway": "residential", "name": "西雲路36巷"}, "geometry": {"type": "LineString", "coordinates": [[121.4437817, 25.0905267], [121.443408, 25.0908392]]}}, {"type": "Feature", "properties": {"county": "新北市", "district": "八里區", "highway": "residential", "name": "壟鉤路"}, "geometry": {"type": "LineString", "coordinates": [[121.4151652, 25.085451], [121.4151116, 25.0853948], [121.4150177, 25.0853791], [121.4148716, 25.0854093], [121.4147213, 25.0853985], [121.4145826, 25.0853417], [121.4144659, 25.0852398], [121.4143424, 25.0851623], [121.4142002, 25.0851113], [121.4139904, 25.0850645], [121.4136173, 25.085034], [121.4135022, 25.0850329], [121.4131454, 25.0850396], [121.4128449, 25.0850729], [121.4124905, 25.0852286], [121.4123498, 25.0853736], [121.4123121, 25.0855287], [121.412221, 25.0856919], [121.4122202, 25.08571]]}}, {"type": "Feature", "properties": {"county": "新北市", "district": "八里區", "highway": "residential", "name": "壟鉤路"}, "geometry": {"type": "LineString", "coordinates": [[121.4122202, 25.08571], [121.4122147, 25.0858425]]}}, {"type": "Feature", "properties": {"county": "新北市", "district": "八里區", "highway": "residential", "name": "壟鉤路"}, "geometry": {"type": "LineString", "coordinates": [[121.415375, 25.0856337], [121.4152712, 25.0855594], [121.4152133, 25.0855002]]}}, {"type": "Feature", "properties": {"county": "新北市", "district": "八里區", "highway": "residential", "name": "壟鉤路"}, "geometry": {"type": "LineString", "coordinates": [[121.4152133, 25.0855002], [121.4151652, 25.085451]]}}, {"type": "Feature", "properties": {"county": "新北市", "district": "八里區", "highway": "residential", "name": "成泰路二段11巷"}, "geometry": {"type": "LineString", "coordinates": [[121.4368297, 25.0815513], [121.4365212, 25.0816434], [121.43653, 25.0822044]]}}, {"type": "Feature", "properties": {"county": "新北市", "district": "八里區", "highway": "residential", "name": "成泰路二段11巷4弄"}, "geometry": {"type": "LineString", "coordinates": [[121.4368297, 25.0815513], [121.4368392, 25.0821797]]}}, {"type": "Feature", "properties": {"county": "新北市", "district": "八里區", "highway": "trunk", "name": "臨港大橋"}, "geometry": {"type": "LineString", "coordinates": [[121.3827685, 25.1442999], [121.383609, 25.1445179], [121.384365, 25.1447254], [121.3850003, 25.1449265]]}}, {"type": "Feature", "properties": {"county": "新北市", "district": "八里區", "highway": "trunk", "name": "臨港大橋"}, "geometry": {"type": "LineString", "coordinates": [[121.3843351, 25.1448201], [121.3836675, 25.1446333], [121.3835495, 25.1446003], [121.3833146, 25.144542], [121.3827423, 25.1443999]]}}, {"type": "Feature", "properties": {"county": "新北市", "district": "八里區", "highway": "residential", "name": null}, "geometry": {"type": "LineString", "coordinates": [[121.4244396, 25.159082], [121.4243947, 25.1592868], [121.4238971, 25.1591606]]}}, {"type": "Feature", "properties": {"county": "新北市", "district": "八里區", "highway": "residential", "name": "龍米路三段117巷"}, "geometry": {"type": "LineString", "coordinates": [[121.4278657, 25.1592228], [121.4278923, 25.1591345], [121.4280766, 25.1589158], [121.4281605, 25.1587867], [121.4282492, 25.1586214], [121.4283629, 25.1581885], [121.4282598, 25.1580978], [121.4282499, 25.1580399], [121.4280585, 25.1578844]]}}, {"type": "Feature", "properties": {"county": "新北市", "district": "八里區", "highway": "residential", "name": "龍米路二段206巷"}, "geometry": {"type": "LineString", "coordinates": [[121.4328329, 25.1593146], [121.4328905, 25.1591529], [121.4330495, 25.1589917], [121.4333456, 25.1588352], [121.4334052, 25.158757], [121.4334294, 25.1586999], [121.4334481, 25.1586314], [121.433417, 25.1584405]]}}, {"type": "Feature", "properties": {"county": "新北市", "district": "八里區", "highway": "residential", "name": null}, "geometry": {"type": "LineString", "coordinates": [[121.4319862, 25.1430334], [121.4319503, 25.1432453], [121.4319157, 25.1434618], [121.4318885, 25.143679]]}}, {"type": "Feature", "properties": {"county": "新北市", "district": "八里區", "highway": "residential", "name": null}, "geometry": {"type": "LineString", "coordinates": [[121.4203633, 25.1568609], [121.4204848, 25.1568512], [121.4205974, 25.1567996], [121.420757, 25.1567692], [121.420938, 25.1566915], [121.4210144, 25.1566922], [121.4211901, 25.1565853], [121.4212577, 25.1565942], [121.4213001, 25.1566254]]}}, {"type": "Feature", "properties": {"county": "新北市", "district": "八里區", "highway": "trunk_link", "name": "八里一交流道"}, "geometry": {"type": "LineString", "coordinates": [[121.4089762, 25.1638559], [121.4087545, 25.1636748], [121.4085547, 25.1634132]]}}, {"type": "Feature", "properties": {"county": "新北市", "district": "八里區", "highway": "trunk_link", "name": "八里一交流道"}, "geometry": {"type": "LineString", "coordinates": [[121.4085997, 25.1633687], [121.4089062, 25.1634486], [121.4090786, 25.163575]]}}, {"type": "Feature", "properties": {"county": "新北市", "district": "八里區", "highway": "trunk_link", "name": "八里一交流道"}, "geometry": {"type": "LineString", "coordinates": [[121.4142443, 25.1678508], [121.4141875, 25.1678462], [121.4141346, 25.1678261], [121.4140601, 25.1677903], [121.4138375, 25.1676204], [121.413523, 25.1673977], [121.4132857, 25.1672381], [121.4130422, 25.1670633], [121.4127846, 25.1668657]]}}, {"type": "Feature", "properties": {"county": "新北市", "district": "八里區", "highway": "trunk_link", "name": "八里一交流道"}, "geometry": {"type": "LineString", "coordinates": [[121.4130489, 25.166603], [121.4133154, 25.1668225], [121.4134922, 25.1669753], [121.4137592, 25.1671823], [121.4138811, 25.1673826]]}}, {"type": "Feature", "properties": {"county": "新北市", "district": "八里區", "highway": "secondary", "name": null}, "geometry": {"type": "LineString", "coordinates": [[121.3737799, 25.0870851], [121.373922, 25.0870219]]}}, {"type": "Feature", "properties": {"county": "新北市", "district": "八里區", "highway": "secondary", "name": "成泰路三段"}, "geometry": {"type": "LineString", "coordinates": [[121.4527545, 25.1056411], [121.4527216, 25.1047127]]}}, {"type": "Feature", "properties": {"county": "新北市", "district": "八里區", "highway": "primary", "name": "中正東路二段"}, "geometry": {"type": "LineString", "coordinates": [[121.459531, 25.1476401], [121.4595363, 25.146539], [121.4595369, 25.1465098], [121.459547, 25.1459781], [121.4595631, 25.1448297], [121.4595712, 25.143419], [121.4595691, 25.1433535], [121.4595902, 25.1424493]]}}, {"type": "Feature", "properties": {"county": "新北市", "district": "八里區", "highway": "tertiary", "name": "渡船頭路"}, "geometry": {"type": "LineString", "coordinates": [[121.4359524, 25.1567065], [121.4358716, 25.1566567]]}}, {"type": "Feature", "properties": {"county": "新北市", "district": "八里區", "highway": "primary", "name": "龍米路二段"}, "geometry": {"type": "LineString", "coordinates": [[121.4358716, 25.1566567], [121.4361924, 25.1564139], [121.4366417, 25.1561359], [121.4368036, 25.1560155], [121.4371148, 25.155779], [121.4373231, 25.1555764], [121.4373914, 25.1554938], [121.4374893, 25.1553493], [121.4375697, 25.1552012], [121.4377682, 25.1548492], [121.4378463, 25.1547218], [121.438021, 25.1545653], [121.4381872, 25.1544868], [121.4385026, 25.1543456], [121.4390866, 25.1540809], [121.4391075, 25.1540703]]}}, {"type": "Feature", "properties": {"county": "新北市", "district": "八里區", "highway": "secondary_link", "name": null}, "geometry": {"type": "LineString", "coordinates": [[121.4451306, 25.0808169], [121.4449169, 25.0809408]]}}, {"type": "Feature", "properties": {"county": "新北市", "district": "八里區", "highway": "secondary", "name": "永安大橋"}, "geometry": {"type": "LineString", "coordinates": [[121.4574382, 25.0815139], [121.4572529, 25.0816167]]}}, {"type": "Feature", "properties": {"county": "新北市", "district": "八里區", "highway": "secondary", "name": "永安大橋"}, "geometry": {"type": "LineString", "coordinates": [[121.4572463, 25.081571], [121.4574382, 25.0815139]]}}, {"type": "Feature", "properties": {"county": "新北市", "district": "八里區", "highway": "tertiary", "name": "疏洪一路"}, "geometry": {"type": "LineString", "coordinates": [[121.4561141, 25.078071], [121.4560219, 25.0782639], [121.4559906, 25.0783666], [121.4559061, 25.0786445], [121.4556537, 25.0794739], [121.4554784, 25.0799981], [121.4554202, 25.0801597], [121.4553529, 25.0803183], [121.4552995, 25.0804172]]}}, {"type": "Feature", "properties": {"county": "新北市", "district": "八里區", "highway": "tertiary", "name": "疏洪一路"}, "geometry": {"type": "LineString", "coordinates": [[121.4550481, 25.0803818], [121.4552299, 25.0801586], [121.455324, 25.080009], [121.4554237, 25.0797707], [121.4559148, 25.0782383], [121.455987, 25.0780774]]}}, {"type": "Feature", "properties": {"county": "新北市", "district": "八里區", "highway": "tertiary", "name": "疏洪一路"}, "geometry": {"type": "LineString", "coordinates": [[121.4534629, 25.0820223], [121.4537254, 25.0816998], [121.4538864, 25.0815152], [121.454015, 25.081347], [121.4544116, 25.0808997], [121.4547753, 25.080618], [121.4550481, 25.0803818]]}}, {"type": "Feature", "properties": {"county": "新北市", "district": "八里區", "highway": "tertiary", "name": "疏洪一路"}, "geometry": {"type": "LineString", "coordinates": [[121.4552995, 25.0804172], [121.4552479, 25.0804937], [121.4551301, 25.0806807], [121.4548657, 25.0811096], [121.4545421, 25.0815737], [121.4544108, 25.0816916], [121.4543014, 25.0817669], [121.4541827, 25.0818324], [121.4539366, 25.0819479], [121.4537183, 25.0820678], [121.4535256, 25.0822123], [121.453304, 25.0824664], [121.4532457, 25.0825766]]}}, {"type": "Feature", "properties": {"county": "新北市", "district": "八里區", "highway": "tertiary", "name": "疏洪一路"}, "geometry": {"type": "LineString", "coordinates": [[121.4524524, 25.0841605], [121.4526825, 25.0836102], [121.4531271, 25.0825571], [121.4532174, 25.0823502], [121.4534195, 25.0820756], [121.4534629, 25.0820223]]}}, {"type": "Feature", "properties": {"county": "新北市", "district": "八里區", "highway": "tertiary", "name": "疏洪一路"}, "geometry": {"type": "LineString", "coordinates": [[121.4532457, 25.0825766], [121.4532093, 25.0826454], [121.452783, 25.0836436], [121.4526315, 25.0840058], [121.452257, 25.0849013], [121.4520525, 25.0853954]]}}, {"type": "Feature", "properties": {"county": "新北市", "district": "八里區", "highway": "tertiary", "name": "疏洪一路"}, "geometry": {"type": "LineString", "coordinates": [[121.452577, 25.0888763], [121.451801, 25.0869241], [121.45177, 25.0868015], [121.4517442, 25.0866595], [121.4517281, 25.0863524], [121.4517324, 25.0861376], [121.4517479, 25.0859775], [121.4517902, 25.0857805], [121.4518435, 25.0856166], [121.4524524, 25.0841605]]}}, {"type": "Feature", "properties": {"county": "新北市", "district": "八里區", "highway": "tertiary", "name": "疏洪一路"}, "geometry": {"type": "LineString", "coordinates": [[121.4535219, 25.0912536], [121.452577, 25.0888763]]}}, {"type": "Feature", "properties": {"county": "新北市", "district": "八里區", "highway": "tertiary", "name": "疏洪一路"}, "geometry": {"type": "LineString", "coordinates": [[121.4520525, 25.0853954], [121.4519382, 25.0856717], [121.4518847, 25.0858345], [121.4518566, 25.0860168], [121.4518375, 25.0862475], [121.4518423, 25.0865213], [121.451869, 25.0867686], [121.4519226, 25.0869504], [121.4534144, 25.0906924]]}}, {"type": "Feature", "properties": {"county": "新北市", "district": "八里區", "highway": "tertiary", "name": "疏洪一路"}, "geometry": {"type": "LineString", "coordinates": [[121.4534144, 25.0906924], [121.4536243, 25.0912188], [121.4537363, 25.0914865], [121.4543231, 25.0929474]]}}, {"type": "Feature", "properties": {"county": "新北市", "district": "八里區", "highway": "tertiary", "name": "疏洪一路"}, "geometry": {"type": "LineString", "coordinates": [[121.455354, 25.0974681], [121.4552898, 25.0974194], [121.4552498, 25.097361], [121.4552267, 25.09729], [121.4552129, 25.0972177], [121.4551412, 25.0966427]]}}, {"type": "Feature", "properties": {"county": "新北市", "district": "八里區", "highway": "tertiary", "name": "疏洪一路"}, "geometry": {"type": "LineString", "coordinates": [[121.4552689, 25.0968223], [121.4552988, 25.0970614], [121.455313, 25.0971499], [121.4553313, 25.0972338], [121.455348, 25.0972766], [121.4553815, 25.0973288], [121.4554257, 25.0973688]]}}, {"type": "Feature", "properties": {"county": "新北市", "district": "八里區", "highway": "tertiary", "name": "一號越堤道"}, "geometry": {"type": "LineString", "coordinates": [[121.4544537, 25.1015554], [121.4544382, 25.1015842], [121.4544282, 25.1016106], [121.4544198, 25.1016403], [121.4544137, 25.1016738], [121.4544124, 25.1017037], [121.4544151, 25.1017345], [121.454423, 25.1017635]]}}, {"type": "Feature", "properties": {"county": "新北市", "district": "八里區", "highway": "primary", "name": "中正東路二段"}, "geometry": {"type": "LineString", "coordinates": [[121.4593124, 25.1559778], [121.4592335, 25.1561727], [121.4592221, 25.1562008], [121.4591379, 25.1563793], [121.4590773, 25.1565552], [121.458985, 25.1567289], [121.4587852, 25.1571041]]}}, {"type": "Feature", "properties": {"county": "新北市", "district": "八里區", "highway": "primary", "name": "中正東路二段"}, "geometry": {"type": "LineString", "coordinates": [[121.4589636, 25.156457], [121.4591058, 25.1561359], [121.4591877, 25.1559508]]}}, {"type": "Feature", "properties": {"county": "新北市", "district": "八里區", "highway": "residential", "name": "八勢一街"}, "geometry": {"type": "LineString", "coordinates": [[121.4591877, 25.1559508], [121.4593124, 25.1559778]]}}, {"type": "Feature", "properties": {"county": "新北市", "district": "八里區", "highway": "residential", "name": "八勢一街"}, "geometry": {"type": "LineString", "coordinates": [[121.4590657, 25.1559166], [121.4591877, 25.1559508]]}}, {"type": "Feature", "properties": {"county": "新北市", "district": "八里區", "highway": "primary", "name": "民權路"}, "geometry": {"type": "LineString", "coordinates": [[121.4597553, 25.1381241], [121.4597648, 25.1380859], [121.4597876, 25.1380222], [121.4598291, 25.1378713], [121.4598667, 25.1376859]]}}, {"type": "Feature", "properties": {"county": "新北市", "district": "八里區", "highway": "primary", "name": "民權路"}, "geometry": {"type": "LineString", "coordinates": [[121.4601214, 25.1370605], [121.4601175, 25.1371824], [121.4601072, 25.137292], [121.4600769, 25.1374943], [121.4600098, 25.1377323]]}}, {"type": "Feature", "properties": {"county": "新北市", "district": "八里區", "highway": "residential", "name": "民族路"}, "geometry": {"type": "LineString", "coordinates": [[121.4601214, 25.1370605], [121.4599726, 25.1370778]]}}, {"type": "Feature", "properties": {"county": "新北市", "district": "八里區", "highway": "primary", "name": "中正東路"}, "geometry": {"type": "LineString", "coordinates": [[121.4501463, 25.1650653], [121.4503479, 25.1648444], [121.45051, 25.1645963]]}}, {"type": "Feature", "properties": {"county": "新北市", "district": "八里區", "highway": "unclassified", "name": null}, "geometry": {"type": "LineString", "coordinates": [[121.3985803, 25.1397535], [121.3985877, 25.1400019], [121.3985871, 25.1400454]]}}, {"type": "Feature", "properties": {"county": "新北市", "district": "八里區", "highway": "unclassified", "name": null}, "geometry": {"type": "LineString", "coordinates": [[121.3985871, 25.1400454], [121.3985859, 25.1401282]]}}, {"type": "Feature", "properties": {"county": "新北市", "district": "八里區", "highway": "secondary", "name": "中華路三段"}, "geometry": {"type": "LineString", "coordinates": [[121.3969077, 25.1436444], [121.3968426, 25.1435713], [121.396718, 25.1434115]]}}, {"type": "Feature", "properties": {"county": "新北市", "district": "八里區", "highway": "primary", "name": null}, "geometry": {"type": "LineString", "coordinates": [[121.3961435, 25.1452752], [121.3959395, 25.1451318]]}}, {"type": "Feature", "properties": {"county": "新北市", "district": "八里區", "highway": "secondary", "name": "仁愛路二段"}, "geometry": {"type": "LineString", "coordinates": [[121.3690355, 25.0808326], [121.3691171, 25.0807708]]}}, {"type": "Feature", "properties": {"county": "新北市", "district": "八里區", "highway": "primary", "name": "中山路三段"}, "geometry": {"type": "LineString", "coordinates": [[121.3959395, 25.1451318], [121.3958601, 25.1450823]]}}, {"type": "Feature", "properties": {"county": "新北市", "district": "八里區", "highway": "residential", "name": null}, "geometry": {"type": "LineString", "coordinates": [[121.3667929, 25.1171683], [121.3666428, 25.1169318], [121.3667608, 25.1168638], [121.3671953, 25.1168201], [121.367324, 25.1167812], [121.3673884, 25.1167181], [121.3673991, 25.116621], [121.3673616, 25.1165141], [121.3672704, 25.1164461], [121.367206, 25.1164316], [121.3670397, 25.1164364], [121.3669539, 25.1164559], [121.3668359, 25.116451], [121.3665623, 25.1162227], [121.3659079, 25.1159896]]}}, {"type": "Feature", "properties": {"county": "新北市", "district": "八里區", "highway": "residential", "name": null}, "geometry": {"type": "LineString", "coordinates": [[121.3690116, 25.1171178], [121.368901, 25.1169367], [121.3688259, 25.1169415], [121.3687883, 25.1169367], [121.3687669, 25.1169269], [121.3687508, 25.1168929], [121.3687347, 25.1168492], [121.3687347, 25.1168055], [121.36874, 25.116757], [121.3687508, 25.1167278], [121.3687615, 25.1167035], [121.3687991, 25.1166793], [121.3688634, 25.1166501], [121.3689224, 25.1165967], [121.3690619, 25.1164656], [121.3691209, 25.116417], [121.3691531, 25.1163879], [121.3691638, 25.1163684], [121.3691638, 25.116315], [121.3690565, 25.1160916], [121.3689546, 25.1158682], [121.368901, 25.1156982], [121.3688527, 25.1155234]]}}, {"type": "Feature", "properties": {"county": "新北市", "district": "八里區", "highway": "tertiary", "name": null}, "geometry": {"type": "LineString", "coordinates": [[121.4010815, 25.084771], [121.4009901, 25.084832], [121.4001535, 25.0854055], [121.4000509, 25.085495], [121.4000269, 25.0855159], [121.3999984, 25.0855563], [121.399446, 25.0863395], [121.3993969, 25.0864623], [121.3993565, 25.086721], [121.3993681, 25.0870476], [121.3993796, 25.0871822], [121.3994734, 25.0873651], [121.399495, 25.0874487], [121.3994806, 25.0875088], [121.3994532, 25.0875611], [121.3994142, 25.0875767], [121.3993435, 25.0875663], [121.3992931, 25.0874866], [121.399257, 25.0874095], [121.399218, 25.087288], [121.3991993, 25.0871639], [121.399156, 25.0870163], [121.3991171, 25.0869444], [121.3990377, 25.0869366], [121.3989959, 25.0869548], [121.3989598, 25.0870267], [121.3989483, 25.0871038], [121.3989699, 25.0872005], [121.3990536, 25.0874761], [121.3990781, 25.0879818], [121.3991127, 25.0881803], [121.3991618, 25.0882783], [121.3992152, 25.0883541], [121.3993003, 25.0884665], [121.3994839, 25.0886567], [121.399521, 25.0886914]]}}, {"type": "Feature", "properties": {"county": "新北市", "district": "八里區", "highway": "tertiary", "name": null}, "geometry": {"type": "LineString", "coordinates": [[121.399521, 25.0886914], [121.3995415, 25.0887594]]}}, {"type": "Feature", "properties": {"county": "新北市", "district": "八里區", "highway": "residential", "name": null}, "geometry": {"type": "LineString", "coordinates": [[121.3961421, 25.1071455], [121.3965122, 25.1072232], [121.3969333, 25.1073883], [121.3971448, 25.1074331]]}}, {"type": "Feature", "properties": {"county": "新北市", "district": "八里區", "highway": "primary", "name": "關渡大橋"}, "geometry": {"type": "LineString", "coordinates": [[121.4530478, 25.1251358], [121.4530769, 25.1249593], [121.4530967, 25.1248263], [121.4530594, 25.1246334], [121.4529602, 25.1244946], [121.452757, 25.1243697]]}}, {"type": "Feature", "properties": {"county": "新北市", "district": "八里區", "highway": "secondary", "name": "龍米路一段"}, "geometry": {"type": "LineString", "coordinates": [[121.4557221, 25.1210414], [121.455604, 25.1213998], [121.4555719, 25.1215907], [121.4555691, 25.1218637], [121.4555532, 25.1220735]]}}, {"type": "Feature", "properties": {"county": "新北市", "district": "八里區", "highway": "primary", "name": "民權路"}, "geometry": {"type": "LineString", "coordinates": [[121.4597649, 25.1292219], [121.4596573, 25.1293952], [121.4595344, 25.129556], [121.4592688, 25.1298434], [121.4592041, 25.1299432]]}}, {"type": "Feature", "properties": {"county": "新北市", "district": "八里區", "highway": "primary", "name": "民權路"}, "geometry": {"type": "LineString", "coordinates": [[121.4590429, 25.1299211], [121.4593012, 25.1296272], [121.4594172, 25.1295146]]}}, {"type": "Feature", "properties": {"county": "新北市", "district": "八里區", "highway": "secondary", "name": "龍米路一段"}, "geometry": {"type": "LineString", "coordinates": [[121.453783, 25.123885], [121.4541388, 25.1235888], [121.4541692, 25.1235635]]}}, {"type": "Feature", "properties": {"county": "新北市", "district": "八里區", "highway": "secondary", "name": "龍米路一段"}, "geometry": {"type": "LineString", "coordinates": [[121.4542329, 25.1236273], [121.4542042, 25.123652], [121.453885, 25.1239264]]}}, {"type": "Feature", "properties": {"county": "新北市", "district": "八里區", "highway": "primary", "name": "關渡大橋"}, "geometry": {"type": "LineString", "coordinates": [[121.4603414, 25.1273224], [121.4605287, 25.1273888], [121.4607254, 25.1274826]]}}, {"type": "Feature", "properties": {"county": "新北市", "district": "八里區", "highway": "primary", "name": "關渡大橋"}, "geometry": {"type": "LineString", "coordinates": [[121.4606714, 25.1275425], [121.4604952, 25.1274434], [121.4603414, 25.1273224]]}}, {"type": "Feature", "properties": {"county": "新北市", "district": "八里區", "highway": "primary", "name": "民權路"}, "geometry": {"type": "LineString", "coordinates": [[121.460216, 25.1279359], [121.4604603, 25.1274094]]}}, {"type": "Feature", "properties": {"county": "新北市", "district": "八里區", "highway": "residential", "name": "龍米路二段32巷"}, "geometry": {"type": "LineString", "coordinates": [[121.4487948, 25.1411945], [121.4491341, 25.1403253], [121.4484763, 25.1400892]]}}, {"type": "Feature", "properties": {"county": "新北市", "district": "八里區", "highway": "residential", "name": "頂寮一街28巷"}, "geometry": {"type": "LineString", "coordinates": [[121.4514597, 25.1240697], [121.4512613, 25.124728]]}}, {"type": "Feature", "properties": {"county": "新北市", "district": "八里區", "highway": "unclassified", "name": "荖阡坑二號橋"}, "geometry": {"type": "LineString", "coordinates": [[121.4004036, 25.1387638], [121.4003438, 25.1387022]]}}, {"type": "Feature", "properties": {"county": "新北市", "district": "八里區", "highway": "unclassified", "name": null}, "geometry": {"type": "LineString", "coordinates": [[121.4004497, 25.1388113], [121.4004036, 25.1387638]]}}, {"type": "Feature", "properties": {"county": "新北市", "district": "八里區", "highway": "secondary", "name": "成泰路四段"}, "geometry": {"type": "LineString", "coordinates": [[121.4529101, 25.1062452], [121.4529359, 25.1063132], [121.4529659, 25.1063885], [121.4531244, 25.1065959], [121.4532096, 25.1066856], [121.4533585, 25.1068114]]}}, {"type": "Feature", "properties": {"county": "新北市", "district": "八里區", "highway": "primary", "name": "龍米路二段"}, "geometry": {"type": "LineString", "coordinates": [[121.4454854, 25.1474054], [121.4455348, 25.1473545], [121.445667, 25.1472101], [121.4458061, 25.1470085], [121.445917, 25.1467728], [121.445985, 25.1465784], [121.4460671, 25.1462278], [121.4461523, 25.1459332], [121.446205, 25.1457869], [121.4464678, 25.1451602], [121.4466583, 25.1445931]]}}, {"type": "Feature", "properties": {"county": "新北市", "district": "八里區", "highway": "primary", "name": "龍米路二段"}, "geometry": {"type": "LineString", "coordinates": [[121.4391952, 25.1540296], [121.43923, 25.1540122], [121.4398221, 25.1537227], [121.4399495, 25.1536577], [121.4400782, 25.1535783], [121.4401815, 25.1535023], [121.4402895, 25.1534125], [121.4403948, 25.1533075], [121.4410268, 25.1526189], [121.4411127, 25.1525308], [121.4423816, 25.1511546], [121.4431789, 25.1501725], [121.4434653, 25.1498526], [121.4439031, 25.1494301], [121.4440359, 25.1493023], [121.444113, 25.1492298], [121.4442209, 25.1490941], [121.4443065, 25.1489727], [121.44442, 25.1487807], [121.4445737, 25.1484496], [121.4446868, 25.1482483], [121.4448176, 25.1480635], [121.4449366, 25.1479144], [121.4450615, 25.1477747], [121.4454429, 25.1474437], [121.4454854, 25.1474054]]}}, {"type": "Feature", "properties": {"county": "新北市", "district": "八里區", "highway": "primary", "name": "龍米路二段"}, "geometry": {"type": "LineString", "coordinates": [[121.4455482, 25.1474675], [121.4455021, 25.1475062], [121.4452036, 25.1477603], [121.4451252, 25.1478424], [121.4449604, 25.1480234], [121.4448509, 25.1481713], [121.4447435, 25.1483212], [121.444634, 25.1485319], [121.4444782, 25.1488569], [121.4444475, 25.1489148], [121.4443511, 25.1490644], [121.444181, 25.1492826], [121.444108, 25.1493542], [121.443654, 25.1497894], [121.443414, 25.1500347], [121.4432434, 25.1502332], [121.4431719, 25.1503169], [121.4428416, 25.1507252], [121.4424614, 25.1511959], [121.4423937, 25.1512672], [121.4420331, 25.1516569], [121.4411787, 25.1525834], [121.4404517, 25.1533707], [121.4403518, 25.1534707], [121.4402338, 25.1535728], [121.440134, 25.1536444], [121.4400574, 25.1536959], [121.4399287, 25.1537676], [121.4392836, 25.1540806], [121.4392691, 25.1540875]]}}, {"type": "Feature", "properties": {"county": "新北市", "district": "八里區", "highway": "primary", "name": "龍米路二段"}, "geometry": {"type": "LineString", "coordinates": [[121.4467408, 25.1446184], [121.4465608, 25.1451544], [121.4463209, 25.1457191], [121.4462208, 25.1459978], [121.4461467, 25.1462631], [121.4460683, 25.1466115], [121.4460037, 25.146787], [121.4458899, 25.147037], [121.4457429, 25.1472484], [121.4455992, 25.1474167], [121.4455482, 25.1474675]]}}, {"type": "Feature", "properties": {"county": "新北市", "district": "八里區", "highway": "primary", "name": "龍米路一段"}, "geometry": {"type": "LineString", "coordinates": [[121.451424, 25.1328135], [121.4510243, 25.133695], [121.4509938, 25.1337528]]}}, {"type": "Feature", "properties": {"county": "新北市", "district": "八里區", "highway": "primary", "name": "龍米路一段"}, "geometry": {"type": "LineString", "coordinates": [[121.4509113, 25.1337259], [121.450943, 25.1336617], [121.4513134, 25.1328513], [121.451338, 25.1327982]]}}, {"type": "Feature", "properties": {"county": "新北市", "district": "八里區", "highway": "residential", "name": "龍米路一段386巷"}, "geometry": {"type": "LineString", "coordinates": [[121.4520144, 25.1333347], [121.4521093, 25.1330474], [121.4521501, 25.1328802], [121.4521958, 25.1326443], [121.4522573, 25.1323963]]}}, {"type": "Feature", "properties": {"county": "新北市", "district": "八里區", "highway": "residential", "name": "龍米路一段356巷"}, "geometry": {"type": "LineString", "coordinates": [[121.4522427, 25.131162], [121.4521667, 25.1303475], [121.4521435, 25.130176]]}}, {"type": "Feature", "properties": {"county": "新北市", "district": "八里區", "highway": "unclassified", "name": "民生路"}, "geometry": {"type": "LineString", "coordinates": [[121.4598667, 25.1376859], [121.4600098, 25.1377323]]}}, {"type": "Feature", "properties": {"county": "新北市", "district": "八里區", "highway": "primary", "name": "民權路"}, "geometry": {"type": "LineString", "coordinates": [[121.4598667, 25.1376859], [121.4599258, 25.1374831], [121.4599623, 25.1372757], [121.4599685, 25.1371975], [121.4599726, 25.1370778]]}}, {"type": "Feature", "properties": {"county": "新北市", "district": "八里區", "highway": "primary", "name": "民權路"}, "geometry": {"type": "LineString", "coordinates": [[121.4600098, 25.1377323], [121.4599733, 25.1379052], [121.459886, 25.1381582]]}}, {"type": "Feature", "properties": {"county": "新北市", "district": "八里區", "highway": "secondary", "name": "中山路一段"}, "geometry": {"type": "LineString", "coordinates": [[121.42386, 25.1589631], [121.4233376, 25.1589554], [121.4229715, 25.1589554], [121.4227356, 25.1589596], [121.4225237, 25.1589681], [121.4219067, 25.1590525], [121.4217712, 25.1590707], [121.4214667, 25.1591617], [121.4210456, 25.1593086], [121.4209799, 25.1593462], [121.4209263, 25.1593717], [121.4204959, 25.1595459], [121.4204057, 25.1595686], [121.4198334, 25.1597013], [121.4195168, 25.1597146], [121.4191656, 25.1597013]]}}, {"type": "Feature", "properties": {"county": "新北市", "district": "八里區", "highway": "residential", "name": null}, "geometry": {"type": "LineString", "coordinates": [[121.3990867, 25.1097939], [121.3991323, 25.1099202], [121.3990867, 25.1101752], [121.398848, 25.1104593]]}}, {"type": "Feature", "properties": {"county": "新北市", "district": "八里區", "highway": "residential", "name": null}, "geometry": {"type": "LineString", "coordinates": [[121.4198188, 25.096038], [121.4198182, 25.0959669]]}}, {"type": "Feature", "properties": {"county": "新北市", "district": "八里區", "highway": "residential", "name": null}, "geometry": {"type": "LineString", "coordinates": [[121.4198174, 25.0960773], [121.4198188, 25.096038]]}}, {"type": "Feature", "properties": {"county": "新北市", "district": "八里區", "highway": "residential", "name": null}, "geometry": {"type": "LineString", "coordinates": [[121.4198282, 25.0957234], [121.4200348, 25.0957672], [121.4201783, 25.0957429], [121.4204599, 25.0955692]]}}, {"type": "Feature", "properties": {"county": "新北市", "district": "八里區", "highway": "residential", "name": null}, "geometry": {"type": "LineString", "coordinates": [[121.4198182, 25.0959669], [121.4198282, 25.0957234], [121.4196499, 25.0956056], [121.4195305, 25.0954332], [121.4192797, 25.0952643], [121.4191711, 25.0951538], [121.4190169, 25.0950287], [121.4189753, 25.0948806], [121.4189914, 25.0947482], [121.4190195, 25.0946656], [121.4189176, 25.0944069], [121.4187339, 25.0940268], [121.4185958, 25.0936357], [121.4184107, 25.0932312], [121.4179185, 25.0927211], [121.4176872, 25.0928174]]}}, {"type": "Feature", "properties": {"county": "新北市", "district": "八里區", "highway": "residential", "name": null}, "geometry": {"type": "LineString", "coordinates": [[121.4213372, 25.096114], [121.421168, 25.0959481], [121.421058, 25.0958558], [121.4209829, 25.0957501]]}}, {"type": "Feature", "properties": {"county": "新北市", "district": "八里區", "highway": "residential", "name": null}, "geometry": {"type": "LineString", "coordinates": [[121.4213372, 25.096114], [121.4214215, 25.0962019], [121.4214758, 25.096256], [121.4218231, 25.0962693], [121.4219727, 25.0962135]]}}, {"type": "Feature", "properties": {"county": "新北市", "district": "八里區", "highway": "residential", "name": null}, "geometry": {"type": "LineString", "coordinates": [[121.4156103, 25.097786], [121.4151719, 25.0981136], [121.4151049, 25.0981306], [121.4148501, 25.0978342], [121.4152417, 25.0975209], [121.4149681, 25.0972561], [121.4148474, 25.0972683], [121.4145094, 25.0975209], [121.4141849, 25.0971808]]}}, {"type": "Feature", "properties": {"county": "新北市", "district": "八里區", "highway": "residential", "name": null}, "geometry": {"type": "LineString", "coordinates": [[121.4155367, 25.0984147], [121.4158458, 25.0981607], [121.4162743, 25.0977954]]}}, {"type": "Feature", "properties": {"county": "新北市", "district": "八里區", "highway": "residential", "name": null}, "geometry": {"type": "LineString", "coordinates": [[121.4160514, 25.0984004], [121.4168322, 25.0977662]]}}, {"type": "Feature", "properties": {"county": "新北市", "district": "八里區", "highway": "residential", "name": null}, "geometry": {"type": "LineString", "coordinates": [[121.3960733, 25.1155073], [121.3962409, 25.1152778], [121.3963938, 25.1151649], [121.3966298, 25.115154]]}}, {"type": "Feature", "properties": {"county": "新北市", "district": "八里區", "highway": "residential", "name": null}, "geometry": {"type": "LineString", "coordinates": [[121.395445, 25.1153163], [121.3955851, 25.1153968], [121.3957177, 25.1154345], [121.3958506, 25.1154466], [121.3960733, 25.1155073], [121.39634, 25.1156045], [121.3965024, 25.1156822], [121.3966446, 25.1157441], [121.3967584, 25.1157551], [121.3968685, 25.1157684], [121.3971555, 25.1157623]]}}, {"type": "Feature", "properties": {"county": "新北市", "district": "八里區", "highway": "residential", "name": null}, "geometry": {"type": "LineString", "coordinates": [[121.4062332, 25.1082321], [121.4061584, 25.1081903], [121.4061181, 25.1080822], [121.4061014, 25.1079486], [121.4061014, 25.1078661], [121.4061349, 25.1078357], [121.4061919, 25.1078576], [121.4063588, 25.1078501]]}}, {"type": "Feature", "properties": {"county": "新北市", "district": "八里區", "highway": "residential", "name": null}, "geometry": {"type": "LineString", "coordinates": [[121.4061074, 25.109047], [121.4061664, 25.1092085], [121.4062455, 25.1092863], [121.40633, 25.1093251]]}}, {"type": "Feature", "properties": {"county": "新北市", "district": "八里區", "highway": "trunk", "name": "東西向快速公路 八里新店線"}, "geometry": {"type": "LineString", "coordinates": [[121.4498208, 25.1068512], [121.4503357, 25.1067565], [121.4509661, 25.1065938], [121.4514053, 25.1064591], [121.4518047, 25.106339], [121.4522156, 25.1061907], [121.4525286, 25.1060804], [121.4525773, 25.1060599]]}}, {"type": "Feature", "properties": {"county": "新北市", "district": "八里區", "highway": "residential", "name": null}, "geometry": {"type": "LineString", "coordinates": [[121.4608915, 25.145264], [121.4610712, 25.1450272]]}}, {"type": "Feature", "properties": {"county": "新北市", "district": "八里區", "highway": "residential", "name": null}, "geometry": {"type": "LineString", "coordinates": [[121.4607856, 25.1455213], [121.4608915, 25.145264], [121.4609666, 25.1450212], [121.4610176, 25.1449605], [121.4610605, 25.1449435], [121.4611155, 25.1448779]]}}, {"type": "Feature", "properties": {"county": "新北市", "district": "八里區", "highway": "residential", "name": null}, "geometry": {"type": "LineString", "coordinates": [[121.4607027, 25.1456344], [121.4608808, 25.1457132], [121.4608124, 25.1458594], [121.460803, 25.1460148]]}}, {"type": "Feature", "properties": {"county": "新北市", "district": "八里區", "highway": "residential", "name": null}, "geometry": {"type": "LineString", "coordinates": [[121.4454668, 25.1751542], [121.4454914, 25.1752624], [121.4455324, 25.1753164]]}}, {"type": "Feature", "properties": {"county": "新北市", "district": "八里區", "highway": "residential", "name": null}, "geometry": {"type": "LineString", "coordinates": [[121.4449163, 25.1754952], [121.4446521, 25.175267], [121.4446038, 25.1751966], [121.4443088, 25.1747888], [121.4443624, 25.1745526]]}}, {"type": "Feature", "properties": {"county": "新北市", "district": "八里區", "highway": "residential", "name": null}, "geometry": {"type": "LineString", "coordinates": [[121.4607654, 25.1717618], [121.4607199, 25.1718674]]}}, {"type": "Feature", "properties": {"county": "新北市", "district": "八里區", "highway": "residential", "name": "粉寮路二段88巷"}, "geometry": {"type": "LineString", "coordinates": [[121.4072701, 25.0901536], [121.4101562, 25.0900394]]}}, {"type": "Feature", "properties": {"county": "新北市", "district": "八里區", "highway": "residential", "name": null}, "geometry": {"type": "LineString", "coordinates": [[121.4142144, 25.0847608], [121.4144678, 25.0847426], [121.4146113, 25.0846964], [121.4148286, 25.0847717]]}}, {"type": "Feature", "properties": {"county": "新北市", "district": "八里區", "highway": "residential", "name": null}, "geometry": {"type": "LineString", "coordinates": [[121.4136173, 25.085034], [121.4138603, 25.0848774], [121.4142144, 25.0847608], [121.4144155, 25.0846296], [121.4146234, 25.084558]]}}, {"type": "Feature", "properties": {"county": "新北市", "district": "八里區", "highway": "residential", "name": "中正東路二段143巷"}, "geometry": {"type": "LineString", "coordinates": [[121.4601164, 25.1476119], [121.4601559, 25.1476091]]}}, {"type": "Feature", "properties": {"county": "新北市", "district": "八里區", "highway": "residential", "name": null}, "geometry": {"type": "LineString", "coordinates": [[121.3934323, 25.1162968], [121.3938376, 25.1160781], [121.3943674, 25.1158498]]}}, {"type": "Feature", "properties": {"county": "新北市", "district": "八里區", "highway": "residential", "name": null}, "geometry": {"type": "LineString", "coordinates": [[121.3914632, 25.106324], [121.3914711, 25.1064532], [121.391433, 25.1069219], [121.3915229, 25.1072388], [121.3915537, 25.1073372], [121.3915376, 25.1074016], [121.3914759, 25.1074938], [121.391378, 25.1079164], [121.3913378, 25.1080767], [121.3913029, 25.1082735], [121.3913512, 25.1085941], [121.3914323, 25.1086749], [121.3915603, 25.1088048], [121.391572, 25.10884], [121.3914156, 25.109075], [121.3913897, 25.1091771], [121.3912888, 25.1096477], [121.3912453, 25.1099275], [121.3912104, 25.1100914], [121.3912268, 25.110206], [121.3911997, 25.110293], [121.3910772, 25.1103784], [121.3910207, 25.1104799], [121.3911376, 25.1107328], [121.3913276, 25.1109189], [121.3912158, 25.1111382], [121.3911688, 25.1112584], [121.3911715, 25.1113361], [121.3912024, 25.1114102]]}}, {"type": "Feature", "properties": {"county": "新北市", "district": "八里區", "highway": "unclassified", "name": "A12道路"}, "geometry": {"type": "LineString", "coordinates": [[121.3888376, 25.150392], [121.3889456, 25.1502522], [121.3891045, 25.1499145]]}}, {"type": "Feature", "properties": {"county": "新北市", "district": "八里區", "highway": "secondary", "name": "新五路二段"}, "geometry": {"type": "LineString", "coordinates": [[121.4440775, 25.0903261], [121.4441619, 25.0900348], [121.4442678, 25.0893738], [121.4443035, 25.0884499], [121.4442785, 25.0882505]]}}, {"type": "Feature", "properties": {"county": "新北市", "district": "八里區", "highway": "residential", "name": "新城五路"}, "geometry": {"type": "LineString", "coordinates": [[121.4459188, 25.0926799], [121.4464041, 25.0923382]]}}, {"type": "Feature", "properties": {"county": "新北市", "district": "八里區", "highway": "secondary", "name": "成泰路三段"}, "geometry": {"type": "LineString", "coordinates": [[121.4443243, 25.0906285], [121.4447015, 25.091152], [121.445204, 25.0918115], [121.4456747, 25.0924054], [121.4459188, 25.0926799], [121.446187, 25.0929981], [121.4465829, 25.0934932], [121.4469048, 25.0938432], [121.447221, 25.0941871]]}}, {"type": "Feature", "properties": {"county": "新北市", "district": "八里區", "highway": "residential", "name": "新城三路"}, "geometry": {"type": "LineString", "coordinates": [[121.4477, 25.093824], [121.447221, 25.0941871]]}}, {"type": "Feature", "properties": {"county": "新北市", "district": "八里區", "highway": "residential", "name": "新城八路"}, "geometry": {"type": "LineString", "coordinates": [[121.4477, 25.093824], [121.4464041, 25.0923382]]}}, {"type": "Feature", "properties": {"county": "新北市", "district": "八里區", "highway": "residential", "name": "新城五路"}, "geometry": {"type": "LineString", "coordinates": [[121.4474945, 25.091641], [121.4475738, 25.0915891], [121.4481272, 25.0912268]]}}, {"type": "Feature", "properties": {"county": "新北市", "district": "八里區", "highway": "residential", "name": "新城五路"}, "geometry": {"type": "LineString", "coordinates": [[121.4473823, 25.0917203], [121.4474945, 25.091641]]}}, {"type": "Feature", "properties": {"county": "新北市", "district": "八里區", "highway": "tertiary", "name": "新五路三段"}, "geometry": {"type": "LineString", "coordinates": [[121.4485531, 25.0931973], [121.4484583, 25.0930735], [121.4479307, 25.0923845], [121.4474166, 25.0917619], [121.4473823, 25.0917203]]}}, {"type": "Feature", "properties": {"county": "新北市", "district": "八里區", "highway": "tertiary", "name": "新五路三段"}, "geometry": {"type": "LineString", "coordinates": [[121.4474945, 25.091641], [121.4475317, 25.0916882], [121.4482354, 25.0925815], [121.4482676, 25.0926326], [121.4486372, 25.0929085], [121.4487058, 25.0929598]]}}, {"type": "Feature", "properties": {"county": "新北市", "district": "八里區", "highway": "secondary", "name": "新五路二段"}, "geometry": {"type": "LineString", "coordinates": [[121.443927, 25.0871627], [121.4439848, 25.087298], [121.4442307, 25.0877537], [121.444347, 25.0880039], [121.4443984, 25.0881344], [121.4444389, 25.0882673], [121.4444564, 25.0884636], [121.4444472, 25.0887699], [121.4444277, 25.0890662], [121.4444031, 25.0893895], [121.4443536, 25.0897235]]}}, {"type": "Feature", "properties": {"county": "新北市", "district": "八里區", "highway": "residential", "name": "竹林路430巷"}, "geometry": {"type": "LineString", "coordinates": [[121.3894883, 25.0863427], [121.3897904, 25.0869509]]}}, {"type": "Feature", "properties": {"county": "新北市", "district": "八里區", "highway": "unclassified", "name": null}, "geometry": {"type": "LineString", "coordinates": [[121.3893316, 25.0860202], [121.3891195, 25.0860931]]}}, {"type": "Feature", "properties": {"county": "新北市", "district": "八里區", "highway": "unclassified", "name": "竹林路309巷"}, "geometry": {"type": "LineString", "coordinates": [[121.3892731, 25.0864308], [121.3894883, 25.0863427]]}}, {"type": "Feature", "properties": {"county": "新北市", "district": "八里區", "highway": "residential", "name": "竹林路430巷"}, "geometry": {"type": "LineString", "coordinates": [[121.3893316, 25.0860202], [121.3894883, 25.0863427]]}}, {"type": "Feature", "properties": {"county": "新北市", "district": "八里區", "highway": "residential", "name": "竹林路446巷"}, "geometry": {"type": "LineString", "coordinates": [[121.388827, 25.0865452], [121.38856, 25.0859521]]}}, {"type": "Feature", "properties": {"county": "新北市", "district": "八里區", "highway": "residential", "name": null}, "geometry": {"type": "LineString", "coordinates": [[121.3923878, 25.0817852], [121.392381, 25.0817852], [121.3920887, 25.0819067]]}}, {"type": "Feature", "properties": {"county": "新北市", "district": "八里區", "highway": "residential", "name": "林口路187巷"}, "geometry": {"type": "LineString", "coordinates": [[121.387706, 25.0808231], [121.3879856, 25.0811229]]}}, {"type": "Feature", "properties": {"county": "新北市", "district": "八里區", "highway": "secondary_link", "name": null}, "geometry": {"type": "LineString", "coordinates": [[121.4534856, 25.0808293], [121.4541876, 25.0809882], [121.4551042, 25.0812618], [121.4556592, 25.0814082]]}}, {"type": "Feature", "properties": {"county": "新北市", "district": "八里區", "highway": "residential", "name": "成泰路二段11巷"}, "geometry": {"type": "LineString", "coordinates": [[121.4371043, 25.0814693], [121.4368297, 25.0815513]]}}, {"type": "Feature", "properties": {"county": "新北市", "district": "八里區", "highway": "unclassified", "name": "挖子尾街"}, "geometry": {"type": "LineString", "coordinates": [[121.4158735, 25.1642361], [121.4158364, 25.1643367]]}}, {"type": "Feature", "properties": {"county": "新北市", "district": "八里區", "highway": "tertiary", "name": "A3計畫道路"}, "geometry": {"type": "LineString", "coordinates": [[121.3843661, 25.1015139], [121.3843116, 25.1014122], [121.3841864, 25.1012217], [121.3841113, 25.1011116], [121.3840686, 25.101049], [121.3837808, 25.1006548]]}}, {"type": "Feature", "properties": {"county": "新北市", "district": "八里區", "highway": "tertiary", "name": "A3計畫道路"}, "geometry": {"type": "LineString", "coordinates": [[121.3837808, 25.1006548], [121.383388, 25.1001167]]}}, {"type": "Feature", "properties": {"county": "新北市", "district": "八里區", "highway": "trunk_link", "name": "觀音山交流道"}, "geometry": {"type": "LineString", "coordinates": [[121.4300667, 25.1085484], [121.4302153, 25.1088369], [121.4302202, 25.1090096], [121.430219, 25.1091298], [121.4302037, 25.1092796], [121.430166, 25.1094119], [121.4301083, 25.1095456], [121.430036, 25.1096753], [121.4299528, 25.1097889], [121.4298244, 25.1099279], [121.4297108, 25.1100134], [121.4295945, 25.1100751], [121.4294787, 25.1101095], [121.4293682, 25.1101222], [121.429299, 25.1101188]]}}, {"type": "Feature", "properties": {"county": "新北市", "district": "八里區", "highway": "trunk_link", "name": "觀音山交流道"}, "geometry": {"type": "LineString", "coordinates": [[121.4292851, 25.110025], [121.4293106, 25.1100316], [121.4294336, 25.1100319], [121.4295669, 25.1099959], [121.4296922, 25.1099235], [121.4297926, 25.1098281], [121.4298935, 25.1097153], [121.4299737, 25.1095981], [121.4300337, 25.109487], [121.4300803, 25.1093668], [121.4301164, 25.1092304], [121.4301281, 25.1091039], [121.430127, 25.1089693], [121.4301227, 25.1088423], [121.4300667, 25.1085484]]}}, {"type": "Feature", "properties": {"county": "新北市", "district": "八里區", "highway": "trunk_link", "name": "八里三交流道"}, "geometry": {"type": "LineString", "coordinates": [[121.3767099, 25.1401753], [121.376512, 25.1399474]]}}, {"type": "Feature", "properties": {"county": "新北市", "district": "八里區", "highway": "tertiary", "name": "忠孝路"}, "geometry": {"type": "LineString", "coordinates": [[121.4110145, 25.1652595], [121.4111377, 25.1651191]]}}, {"type": "Feature", "properties": {"county": "新北市", "district": "八里區", "highway": "tertiary", "name": "忠孝路"}, "geometry": {"type": "LineString", "coordinates": [[121.4143071, 25.1615461], [121.4132712, 25.1620708], [121.4130841, 25.1621703]]}}, {"type": "Feature", "properties": {"county": "新北市", "district": "八里區", "highway": "unclassified", "name": "博物館路"}, "geometry": {"type": "LineString", "coordinates": [[121.4130841, 25.1621703], [121.4134081, 25.1623866], [121.4136825, 25.1625698], [121.4148272, 25.1633338], [121.4151014, 25.1635168], [121.4154139, 25.1637254], [121.4158428, 25.1640117]]}}, {"type": "Feature", "properties": {"county": "新北市", "district": "八里區", "highway": "unclassified", "name": "十三行路"}, "geometry": {"type": "LineString", "coordinates": [[121.4049691, 25.1559505], [121.4058549, 25.1551796], [121.407124, 25.1541039]]}}, {"type": "Feature", "properties": {"county": "新北市", "district": "八里區", "highway": "secondary", "name": "中山路二段"}, "geometry": {"type": "LineString", "coordinates": [[121.407124, 25.1541039], [121.4064588, 25.1533173], [121.4063864, 25.1532347], [121.4058768, 25.1526618], [121.4057306, 25.1524263], [121.4055871, 25.1521398]]}}, {"type": "Feature", "properties": {"county": "新北市", "district": "八里區", "highway": "unclassified", "name": "十三行路"}, "geometry": {"type": "LineString", "coordinates": [[121.4048729, 25.1560362], [121.4049691, 25.1559505]]}}, {"type": "Feature", "properties": {"county": "新北市", "district": "八里區", "highway": "primary", "name": "西部濱海公路"}, "geometry": {"type": "LineString", "coordinates": [[121.3664759, 25.1355727], [121.3658002, 25.1354619], [121.3650455, 25.1353129], [121.3646693, 25.1352374], [121.3645665, 25.135216], [121.3642788, 25.135156], [121.3634245, 25.1349259], [121.3626933, 25.1346433], [121.3626504, 25.1346267], [121.3621788, 25.1344554], [121.3620463, 25.1343999]]}}, {"type": "Feature", "properties": {"county": "新北市", "district": "八里區", "highway": "tertiary", "name": "忠孝路"}, "geometry": {"type": "LineString", "coordinates": [[121.4111942, 25.165043], [121.4111377, 25.1651191]]}}]}