{"type": "FeatureCollection", "features": [{"type": "Feature", "properties": {"county": "新北市", "district": "土城區", "highway": "primary", "name": "介壽路三段"}, "geometry": {"type": "LineString", "coordinates": [[121.4077209, 24.9494997], [121.4073944, 24.9492526], [121.4072328, 24.9491069], [121.4070137, 24.9489012], [121.4068605, 24.9486735], [121.4067205, 24.9483798], [121.4066491, 24.9481825], [121.4065971, 24.9480271], [121.4065287, 24.9478265], [121.4063723, 24.9474199], [121.4063417, 24.9473778], [121.406247, 24.9472605], [121.4060599, 24.9470732], [121.4049006, 24.9461886], [121.4045077, 24.9457923], [121.4042158, 24.945498], [121.4035315, 24.9448135], [121.4031118, 24.9445529]]}}, {"type": "Feature", "properties": {"county": "新北市", "district": "土城區", "highway": "secondary", "name": "四川路二段"}, "geometry": {"type": "LineString", "coordinates": [[121.4467008, 24.9939258], [121.446871, 24.9938986], [121.4479988, 24.9936857]]}}, {"type": "Feature", "properties": {"county": "新北市", "district": "土城區", "highway": "secondary", "name": "金城路一段"}, "geometry": {"type": "LineString", "coordinates": [[121.443605, 24.9721604], [121.4437976, 24.9723986], [121.4438453, 24.9724575], [121.4441894, 24.9728583], [121.4445416, 24.9732257], [121.4446973, 24.9733897], [121.4447549, 24.9734448], [121.4448115, 24.973499], [121.4450772, 24.9737685], [121.445848, 24.9745535], [121.445886, 24.9745886], [121.4459292, 24.9746318], [121.4459827, 24.9746928], [121.4466492, 24.9753529], [121.4468622, 24.975535], [121.4469956, 24.975649]]}}, {"type": "Feature", "properties": {"county": "新北市", "district": "土城區", "highway": "secondary", "name": "金城路一段"}, "geometry": {"type": "LineString", "coordinates": [[121.438187, 24.9682489], [121.4384147, 24.9684124], [121.4385586, 24.9685001], [121.4386024, 24.9685234], [121.4386818, 24.9685656], [121.4388317, 24.9686365], [121.4396971, 24.9689785], [121.4404298, 24.9692675], [121.4404944, 24.9692947]]}}, {"type": "Feature", "properties": {"county": "新北市", "district": "土城區", "highway": "primary", "name": "中華路二段"}, "geometry": {"type": "LineString", "coordinates": [[121.4378081, 24.9688441], [121.4377536, 24.9689998], [121.4377232, 24.9691919], [121.4376697, 24.9699063], [121.437619, 24.9711355], [121.4376113, 24.971322], [121.4375871, 24.9717682], [121.4375674, 24.9722462], [121.4375863, 24.9724519], [121.4376125, 24.9726863], [121.4376982, 24.9730612], [121.4377849, 24.9733133], [121.4378427, 24.9734324], [121.4378638, 24.9734957], [121.4378916, 24.973574], [121.4384289, 24.9746774], [121.4386576, 24.9751653]]}}, {"type": "Feature", "properties": {"county": "新北市", "district": "土城區", "highway": "primary", "name": "中央路一段"}, "geometry": {"type": "LineString", "coordinates": [[121.4479342, 24.9903989], [121.4480532, 24.9905066], [121.4480816, 24.9905323], [121.4482042, 24.9906784]]}}, {"type": "Feature", "properties": {"county": "新北市", "district": "土城區", "highway": "primary", "name": "中華路二段"}, "geometry": {"type": "LineString", "coordinates": [[121.439663, 24.9795048], [121.4393844, 24.9789276], [121.4393303, 24.9787603], [121.4392793, 24.9786118], [121.439233, 24.9783065], [121.4391556, 24.9777394], [121.4389504, 24.9768458], [121.4387635, 24.9760597], [121.4386388, 24.9755411], [121.4386033, 24.9754488], [121.438573, 24.9753702]]}}, {"type": "Feature", "properties": {"county": "新北市", "district": "土城區", "highway": "motorway", "name": "福爾摩沙高速公路"}, "geometry": {"type": "LineString", "coordinates": [[121.4796829, 24.9885967], [121.479172, 24.9883825], [121.4787198, 24.9881633], [121.4780605, 24.9877743], [121.4770705, 24.9871402], [121.4761561, 24.9864283], [121.4752361, 24.9856649], [121.4732488, 24.9839973], [121.47245, 24.9833821], [121.4703977, 24.981723], [121.4694782, 24.9809409], [121.4674569, 24.9792999], [121.4664965, 24.9785147], [121.4659319, 24.9780625], [121.4649801, 24.9773677], [121.4643745, 24.9769814], [121.4640484, 24.9767977], [121.4637357, 24.9766333], [121.4630817, 24.9763229], [121.4626614, 24.9761536], [121.4621891, 24.9759669], [121.4615483, 24.9757584], [121.46091, 24.975582], [121.4602406, 24.9754198], [121.4595945, 24.975328], [121.4590552, 24.9752581], [121.4583102, 24.9752363], [121.4575863, 24.9752222], [121.4575586, 24.9752225]]}}, {"type": "Feature", "properties": {"county": "新北市", "district": "土城區", "highway": "secondary", "name": "浮洲橋"}, "geometry": {"type": "LineString", "coordinates": [[121.4318807, 24.9962149], [121.4311487, 24.9967474]]}}, {"type": "Feature", "properties": {"county": "新北市", "district": "土城區", "highway": "secondary", "name": null}, "geometry": {"type": "LineString", "coordinates": [[121.4349684, 24.9956431], [121.4337897, 24.9957753], [121.4327498, 24.9958948]]}}, {"type": "Feature", "properties": {"county": "新北市", "district": "土城區", "highway": "residential", "name": "鎮前街"}, "geometry": {"type": "LineString", "coordinates": [[121.4231011, 24.9883816], [121.4228225, 24.9879608], [121.4225452, 24.9876137], [121.4222327, 24.9872965], [121.4219037, 24.9869888], [121.4215288, 24.9867302], [121.4214626, 24.9866957], [121.4213902, 24.986658], [121.420833, 24.9863876], [121.4205435, 24.9862436], [121.4199873, 24.985967], [121.4192749, 24.9856082], [121.4182732, 24.9851145], [121.4182324, 24.9850944], [121.4181962, 24.9850764], [121.4177791, 24.9848683], [121.4177496, 24.9848543], [121.4176729, 24.9848162], [121.4175039, 24.9847321], [121.4174439, 24.9847023], [121.4174, 24.9846805], [121.4167141, 24.9843394], [121.4164254, 24.9841958], [121.4159634, 24.9839661], [121.4150093, 24.9834916], [121.4145675, 24.983272], [121.4142463, 24.9831123], [121.4137764, 24.9828786], [121.4126597, 24.9823233]]}}, {"type": "Feature", "properties": {"county": "新北市", "district": "土城區", "highway": "residential", "name": "東陽街"}, "geometry": {"type": "LineString", "coordinates": [[121.413776, 24.9802894], [121.413744, 24.9803833]]}}, {"type": "Feature", "properties": {"county": "新北市", "district": "土城區", "highway": "tertiary", "name": "員福街"}, "geometry": {"type": "LineString", "coordinates": [[121.439663, 24.9795048], [121.4389404, 24.9798301], [121.4385496, 24.9799988], [121.4382585, 24.9801274]]}}, {"type": "Feature", "properties": {"county": "新北市", "district": "土城區", "highway": "secondary", "name": "篤行路一段"}, "geometry": {"type": "LineString", "coordinates": [[121.4327498, 24.9958948], [121.4324511, 24.9959834]]}}, {"type": "Feature", "properties": {"county": "新北市", "district": "土城區", "highway": "secondary", "name": "中山路一段"}, "geometry": {"type": "LineString", "coordinates": [[121.4251393, 24.9942343], [121.4248801, 24.9938285]]}}, {"type": "Feature", "properties": {"county": "新北市", "district": "土城區", "highway": "secondary", "name": "大觀路三段"}, "geometry": {"type": "LineString", "coordinates": [[121.4319074, 24.9936194], [121.4318135, 24.9935164]]}}, {"type": "Feature", "properties": {"county": "新北市", "district": "土城區", "highway": "tertiary", "name": "保安街一段"}, "geometry": {"type": "LineString", "coordinates": [[121.4251393, 24.9942343], [121.4247219, 24.9944142]]}}, {"type": "Feature", "properties": {"county": "新北市", "district": "土城區", "highway": "secondary", "name": "保安街一段"}, "geometry": {"type": "LineString", "coordinates": [[121.428694, 24.9925199], [121.4286176, 24.9925657], [121.4285786, 24.9925923], [121.4280443, 24.9929416], [121.4279086, 24.9930304], [121.4277774, 24.9931157], [121.4277231, 24.9931411], [121.4273921, 24.9932958], [121.42705, 24.9934558], [121.4266641, 24.9936362], [121.4265739, 24.9936784], [121.4265149, 24.9937019]]}}, {"type": "Feature", "properties": {"county": "新北市", "district": "土城區", "highway": "secondary", "name": "保安街地下道"}, "geometry": {"type": "LineString", "coordinates": [[121.4263884, 24.9937569], [121.425432, 24.9941081]]}}, {"type": "Feature", "properties": {"county": "新北市", "district": "土城區", "highway": "secondary", "name": "保安街一段"}, "geometry": {"type": "LineString", "coordinates": [[121.425432, 24.9941081], [121.4251393, 24.9942343]]}}, {"type": "Feature", "properties": {"county": "新北市", "district": "土城區", "highway": "secondary", "name": null}, "geometry": {"type": "LineString", "coordinates": [[121.4114015, 24.9828967], [121.411469, 24.9829854], [121.4115419, 24.9830942]]}}, {"type": "Feature", "properties": {"county": "新北市", "district": "土城區", "highway": "secondary", "name": "中山路二段"}, "geometry": {"type": "LineString", "coordinates": [[121.410411, 24.9805469], [121.410494, 24.9806657]]}}, {"type": "Feature", "properties": {"county": "新北市", "district": "土城區", "highway": "secondary", "name": null}, "geometry": {"type": "LineString", "coordinates": [[121.410494, 24.9806657], [121.4105185, 24.9807381], [121.4105509, 24.9808335]]}}, {"type": "Feature", "properties": {"county": "新北市", "district": "土城區", "highway": "secondary", "name": "中山地下道"}, "geometry": {"type": "LineString", "coordinates": [[121.4105509, 24.9808335], [121.4109507, 24.9818357], [121.4111821, 24.9823859], [121.4114015, 24.9828967]]}}, {"type": "Feature", "properties": {"county": "新北市", "district": "土城區", "highway": "motorway_link", "name": "中和交流道"}, "geometry": {"type": "LineString", "coordinates": [[121.4799799, 24.9884315], [121.4805496, 24.988573], [121.4809501, 24.9886634], [121.4814397, 24.9887663], [121.4818438, 24.9887981], [121.4823194, 24.9888006], [121.4827988, 24.9887281], [121.4831721, 24.9886561]]}}, {"type": "Feature", "properties": {"county": "新北市", "district": "土城區", "highway": "residential", "name": null}, "geometry": {"type": "LineString", "coordinates": [[121.4191728, 24.9657673], [121.4193507, 24.9657591], [121.4200038, 24.9658953]]}}, {"type": "Feature", "properties": {"county": "新北市", "district": "土城區", "highway": "residential", "name": "成功街"}, "geometry": {"type": "LineString", "coordinates": [[121.4274954, 24.965931], [121.4263917, 24.9670968], [121.4260203, 24.9674807], [121.4255267, 24.9679933]]}}, {"type": "Feature", "properties": {"county": "新北市", "district": "土城區", "highway": "tertiary", "name": "亞洲路"}, "geometry": {"type": "LineString", "coordinates": [[121.4370315, 24.9753095], [121.4370366, 24.9752128], [121.4370155, 24.9751645], [121.4367049, 24.9747957], [121.4361236, 24.9741825], [121.4357502, 24.9737978], [121.4354009, 24.9734128], [121.4352464, 24.9732572], [121.4350691, 24.9730702]]}}, {"type": "Feature", "properties": {"county": "新北市", "district": "土城區", "highway": "tertiary", "name": "城林路"}, "geometry": {"type": "LineString", "coordinates": [[121.4387192, 24.9753253], [121.438573, 24.9753702]]}}, {"type": "Feature", "properties": {"county": "新北市", "district": "土城區", "highway": "tertiary", "name": "篤行路二段"}, "geometry": {"type": "LineString", "coordinates": [[121.4318135, 24.9935164], [121.4317913, 24.9933367], [121.4317821, 24.9932627], [121.431755, 24.9930438], [121.4317113, 24.9926903], [121.431674, 24.9924686], [121.4315735, 24.9919277], [121.431567, 24.9918929], [121.4315449, 24.9917799], [121.4315048, 24.9916179], [121.4314151, 24.991311], [121.431397, 24.9912493], [121.4313647, 24.9911679], [121.4312553, 24.9908918], [121.4311145, 24.9906056], [121.4310988, 24.9905736], [121.431067, 24.9905151], [121.4309538, 24.9903068], [121.4304141, 24.989314], [121.4299767, 24.9886458], [121.4299205, 24.98856]]}}, {"type": "Feature", "properties": {"county": "新北市", "district": "土城區", "highway": "tertiary", "name": "中華路"}, "geometry": {"type": "LineString", "coordinates": [[121.4259445, 24.9846158], [121.4258926, 24.9845896], [121.4258653, 24.9845758], [121.4258615, 24.9845739], [121.4247988, 24.9840377], [121.4247011, 24.9839884]]}}, {"type": "Feature", "properties": {"county": "新北市", "district": "土城區", "highway": "tertiary", "name": "鎮前街"}, "geometry": {"type": "LineString", "coordinates": [[121.4263137, 24.9933657], [121.4260623, 24.9929492], [121.4256411, 24.9922127], [121.4253776, 24.9917908], [121.4252853, 24.9916341], [121.4252773, 24.9916206], [121.4250696, 24.991238], [121.4250239, 24.9911557], [121.4249904, 24.9910984], [121.4249625, 24.9910424], [121.42495, 24.9910173], [121.4249411, 24.9909995], [121.4249023, 24.9909215], [121.4247757, 24.9906671], [121.4247568, 24.9906289], [121.4244939, 24.9900884], [121.4243789, 24.9898533], [121.4243464, 24.9897914]]}}, {"type": "Feature", "properties": {"county": "新北市", "district": "土城區", "highway": "motorway_link", "name": "中和交流道"}, "geometry": {"type": "LineString", "coordinates": [[121.484537, 24.9913953], [121.4841451, 24.9912673], [121.4836751, 24.991064], [121.4833313, 24.9908984], [121.4830676, 24.9907344], [121.4825174, 24.9902752], [121.482354, 24.990114], [121.482056, 24.9898486], [121.4816762, 24.9896077]]}}, {"type": "Feature", "properties": {"county": "新北市", "district": "土城區", "highway": "motorway", "name": "福爾摩沙高速公路"}, "geometry": {"type": "LineString", "coordinates": [[121.4826341, 24.9893379], [121.4821647, 24.9892832], [121.481584, 24.9891762], [121.4810489, 24.9890316], [121.4803607, 24.9888452], [121.4796829, 24.9885967]]}}, {"type": "Feature", "properties": {"county": "新北市", "district": "土城區", "highway": "tertiary_link", "name": "大觀路三段50巷"}, "geometry": {"type": "LineString", "coordinates": [[121.432281, 24.9960417], [121.4321719, 24.9961001], [121.4321097, 24.9961356], [121.4309748, 24.9969449], [121.4308393, 24.9970594], [121.4306694, 24.9971946], [121.4303405, 24.9974499], [121.4302857, 24.997498]]}}, {"type": "Feature", "properties": {"county": "新北市", "district": "土城區", "highway": "motorway_link", "name": "土城交流道"}, "geometry": {"type": "LineString", "coordinates": [[121.4256367, 24.9590608], [121.4265503, 24.9591999], [121.4269178, 24.9592526], [121.4272606, 24.9592775], [121.4275384, 24.9593046], [121.4277373, 24.9593175]]}}, {"type": "Feature", "properties": {"county": "新北市", "district": "土城區", "highway": "motorway_link", "name": "土城交流道"}, "geometry": {"type": "LineString", "coordinates": [[121.4327866, 24.9648606], [121.4328128, 24.9649343], [121.4328436, 24.9650483], [121.4329041, 24.9651711], [121.4329794, 24.9652478], [121.4330388, 24.9652989], [121.4331167, 24.965362], [121.4331821, 24.9654026]]}}, {"type": "Feature", "properties": {"county": "新北市", "district": "土城區", "highway": "motorway_link", "name": "土城交流道"}, "geometry": {"type": "LineString", "coordinates": [[121.4322869, 24.9625995], [121.4321812, 24.9622267], [121.4321228, 24.9620056], [121.431954, 24.9616002], [121.4318266, 24.9613507], [121.4316843, 24.961133], [121.4315332, 24.9609599], [121.4313513, 24.9607599], [121.4310699, 24.9605376], [121.4307946, 24.9603768], [121.4305215, 24.9602506], [121.4303141, 24.9601658]]}}, {"type": "Feature", "properties": {"county": "新北市", "district": "土城區", "highway": "motorway_link", "name": "土城交流道"}, "geometry": {"type": "LineString", "coordinates": [[121.4389579, 24.9636392], [121.4384531, 24.9633358], [121.4377386, 24.9628849], [121.437072, 24.9624978], [121.4368493, 24.9623909], [121.4363504, 24.962155], [121.434959, 24.9614124]]}}, {"type": "Feature", "properties": {"county": "新北市", "district": "土城區", "highway": "residential", "name": "三民路"}, "geometry": {"type": "LineString", "coordinates": [[121.4193327, 24.9648052], [121.4194285, 24.9646763], [121.4196164, 24.9644236], [121.4198224, 24.9641465], [121.4200296, 24.9638678], [121.4202491, 24.9635727], [121.4207819, 24.962856], [121.4216485, 24.9616905], [121.4217496, 24.9615563], [121.4217956, 24.9614963]]}}, {"type": "Feature", "properties": {"county": "新北市", "district": "土城區", "highway": "unclassified", "name": "中山路"}, "geometry": {"type": "LineString", "coordinates": [[121.4118217, 24.9602217], [121.4119355, 24.9602756], [121.4123656, 24.960518], [121.4125981, 24.9606638], [121.4129106, 24.9608598], [121.4129229, 24.9608675], [121.4131585, 24.9610073], [121.4134358, 24.9611842], [121.413854, 24.9614292], [121.4146686, 24.9616039], [121.416339, 24.9619321]]}}, {"type": "Feature", "properties": {"county": "新北市", "district": "土城區", "highway": "residential", "name": "民生街"}, "geometry": {"type": "LineString", "coordinates": [[121.4128825, 24.9627634], [121.413854, 24.9614292], [121.4145441, 24.9605097], [121.4146958, 24.9603076], [121.4151196, 24.9597556], [121.415393, 24.9593684], [121.4154413, 24.9593271], [121.4154886, 24.9593108]]}}, {"type": "Feature", "properties": {"county": "新北市", "district": "土城區", "highway": "unclassified", "name": "中興路"}, "geometry": {"type": "LineString", "coordinates": [[121.4245573, 24.9656349], [121.4237862, 24.9650268], [121.4236867, 24.9649347], [121.4236115, 24.9648651], [121.4235784, 24.964703], [121.4236542, 24.9645474], [121.4245628, 24.9636338]]}}, {"type": "Feature", "properties": {"county": "新北市", "district": "土城區", "highway": "secondary", "name": "樹新路"}, "geometry": {"type": "LineString", "coordinates": [[121.4275651, 24.99524], [121.4272554, 24.9948346], [121.4271812, 24.9947374], [121.4269633, 24.9944522], [121.4266981, 24.9940725], [121.4265392, 24.9937468], [121.4265149, 24.9937019]]}}, {"type": "Feature", "properties": {"county": "新北市", "district": "土城區", "highway": "tertiary", "name": "大觀路三段"}, "geometry": {"type": "LineString", "coordinates": [[121.4335926, 24.9955057], [121.4335084, 24.9954299], [121.4333425, 24.9952806], [121.4332598, 24.9951832], [121.4331213, 24.99502], [121.4330259, 24.9949078], [121.432771, 24.9946233], [121.4325679, 24.9943696]]}}, {"type": "Feature", "properties": {"county": "新北市", "district": "土城區", "highway": "motorway_link", "name": "土城交流道"}, "geometry": {"type": "LineString", "coordinates": [[121.4324713, 24.9653953], [121.432495, 24.9647077], [121.4324756, 24.9641709]]}}, {"type": "Feature", "properties": {"county": "新北市", "district": "土城區", "highway": "tertiary", "name": "大安路"}, "geometry": {"type": "LineString", "coordinates": [[121.4326754, 24.9653871], [121.4326639, 24.9655006], [121.4326591, 24.965563], [121.4326625, 24.9656177], [121.4326808, 24.9659102], [121.4327399, 24.9667856], [121.4328751, 24.967368], [121.4335253, 24.9687667], [121.4339402, 24.9697473], [121.43398, 24.9698672], [121.4339936, 24.9699876]]}}, {"type": "Feature", "properties": {"county": "新北市", "district": "土城區", "highway": "motorway_link", "name": "土城交流道"}, "geometry": {"type": "LineString", "coordinates": [[121.4304335, 24.9585145], [121.4306191, 24.9584983], [121.4307628, 24.9584905], [121.4309156, 24.9585051], [121.4310527, 24.9585313], [121.4311928, 24.9585742], [121.4314683, 24.9587142], [121.4316943, 24.9588939], [121.4318485, 24.9590663], [121.431949, 24.9592107], [121.4320335, 24.9593754], [121.4321142, 24.9596528], [121.4321953, 24.9599515]]}}, {"type": "Feature", "properties": {"county": "新北市", "district": "土城區", "highway": "tertiary", "name": "保安街一段"}, "geometry": {"type": "LineString", "coordinates": [[121.4247219, 24.9944142], [121.4245868, 24.9944725], [121.4244078, 24.9945447]]}}, {"type": "Feature", "properties": {"county": "新北市", "district": "土城區", "highway": "motorway_link", "name": "中和交流道"}, "geometry": {"type": "LineString", "coordinates": [[121.481345, 24.989393], [121.4808443, 24.9891646], [121.4801959, 24.9888803], [121.4796829, 24.9885967]]}}, {"type": "Feature", "properties": {"county": "新北市", "district": "土城區", "highway": "unclassified", "name": "石門路"}, "geometry": {"type": "LineString", "coordinates": [[121.4593396, 24.9678106], [121.459315, 24.9675033], [121.4593298, 24.967355], [121.4593754, 24.9671982], [121.4594798, 24.9669681], [121.4596127, 24.9666814], [121.4597213, 24.9663836], [121.4597227, 24.9662207], [121.459661, 24.9660943], [121.4595953, 24.9659848], [121.4594217, 24.9658289], [121.4592625, 24.9657231], [121.4583197, 24.9653778], [121.4582031, 24.9653195], [121.4581252, 24.9652599], [121.4578785, 24.9649351], [121.457747, 24.9646694], [121.4577189, 24.9646025], [121.4576954, 24.964505], [121.4577142, 24.9643931], [121.4577142, 24.9642679], [121.4576874, 24.9641451], [121.457613, 24.9639675], [121.4575644, 24.963933], [121.4572569, 24.9637007], [121.4572192, 24.9634916], [121.4571726, 24.9632757], [121.4571, 24.9630636], [121.4569369, 24.9628092], [121.456759, 24.9626277], [121.4563793, 24.9623744], [121.4561935, 24.9622203], [121.4561705, 24.9621755], [121.4561664, 24.9620376], [121.4561372, 24.9617561], [121.4560923, 24.9615695], [121.4560871, 24.961461], [121.4561425, 24.9613829], [121.4563033, 24.9612846], [121.4563684, 24.9612127], [121.4563901, 24.9610098], [121.4563852, 24.9608191], [121.4564035, 24.9607085], [121.4564535, 24.9606308], [121.4564833, 24.9605772], [121.4566324, 24.96047], [121.4568805, 24.9601855], [121.4572248, 24.9597724], [121.4573499, 24.9596748], [121.4575349, 24.9595262], [121.4576452, 24.9594395], [121.4580677, 24.9590218], [121.4582571, 24.9589015], [121.4585539, 24.958871], [121.4588757, 24.9589436], [121.4597931, 24.9592232], [121.460431, 24.9593727], [121.4606852, 24.9593922], [121.4611378, 24.9592927], [121.4614069, 24.9592923], [121.4616563, 24.9593073], [121.4628418, 24.9594915], [121.4628843, 24.9596116], [121.4628984, 24.9597277], [121.4629085, 24.9598207], [121.4629601, 24.9598779], [121.4630842, 24.9599296], [121.4639479, 24.9601517], [121.4647538, 24.960425], [121.464838, 24.9604123], [121.464895, 24.9603502], [121.4649252, 24.9602925], [121.4649299, 24.9602274], [121.4648755, 24.9600068], [121.4648823, 24.959839], [121.4649956, 24.9594773], [121.4651049, 24.9591028], [121.4651639, 24.9589964], [121.4652571, 24.9588918], [121.465363, 24.9588025], [121.465658, 24.9586852], [121.4660014, 24.9585593], [121.4660564, 24.9585283], [121.4661037, 24.9584766], [121.4662727, 24.9582614], [121.4663289, 24.9581732], [121.4663578, 24.9580918], [121.4663541, 24.9578493], [121.4663903, 24.9577799], [121.4664916, 24.9576936], [121.4668852, 24.9574553], [121.4669482, 24.9574553], [121.4670012, 24.9574899], [121.4670005, 24.9575933], [121.4669288, 24.9580376], [121.4668684, 24.9585326], [121.4668725, 24.9589909], [121.466906, 24.9591514], [121.4670052, 24.9592329], [121.4672493, 24.9593192], [121.4675323, 24.9593776], [121.4676999, 24.9593994], [121.4678085, 24.9593642], [121.4678863, 24.9591551], [121.4679413, 24.9584645], [121.4679708, 24.9583137], [121.4681532, 24.9577337], [121.4681867, 24.9575927], [121.4681894, 24.9573203], [121.46818, 24.9571063], [121.4682095, 24.9570139], [121.4682927, 24.9568741], [121.4685314, 24.9565665]]}}, {"type": "Feature", "properties": {"county": "新北市", "district": "土城區", "highway": "tertiary", "name": "信義路"}, "geometry": {"type": "LineString", "coordinates": [[121.4570406, 24.9961769], [121.4569934, 24.9966893], [121.456926, 24.996802]]}}, {"type": "Feature", "properties": {"county": "新北市", "district": "土城區", "highway": "tertiary", "name": "民德路"}, "geometry": {"type": "LineString", "coordinates": [[121.4688812, 25.0011512], [121.4688878, 25.0010624], [121.4688497, 25.0008887], [121.4688216, 25.0007654], [121.4687871, 25.0006299], [121.4687384, 25.000422], [121.4686625, 25.0001161], [121.4686039, 24.9998627], [121.4685475, 24.9996053], [121.4685215, 24.9994802], [121.4684656, 24.9992395], [121.46839, 24.9989131], [121.4683557, 24.9987814], [121.4682652, 24.9983815], [121.4681638, 24.9979796], [121.4680393, 24.9974389], [121.4679019, 24.9968069], [121.4678549, 24.996593], [121.4678121, 24.9964265], [121.4677714, 24.9962576], [121.467568, 24.9956589], [121.4675465, 24.9956048], [121.4674621, 24.9954129], [121.4673671, 24.9951723], [121.4671217, 24.9947643], [121.4670244, 24.9946246], [121.4667369, 24.9942725]]}}, {"type": "Feature", "properties": {"county": "新北市", "district": "土城區", "highway": "tertiary", "name": "明德路二段"}, "geometry": {"type": "LineString", "coordinates": [[121.4443493, 24.9844237], [121.4450148, 24.9842132], [121.4453338, 24.9841014], [121.4454246, 24.9840653], [121.4459671, 24.9838695], [121.4463362, 24.9837362], [121.4465799, 24.9836487], [121.4466437, 24.9836289], [121.446725, 24.9835963], [121.4471617, 24.9834348], [121.447856, 24.9831797], [121.4478684, 24.9831746], [121.4489656, 24.9827167], [121.4490835, 24.9826665], [121.4491765, 24.9826209], [121.4492356, 24.9825889], [121.4495274, 24.9824626], [121.4495826, 24.9824277]]}}, {"type": "Feature", "properties": {"county": "新北市", "district": "土城區", "highway": "residential", "name": "四川路二段130巷"}, "geometry": {"type": "LineString", "coordinates": [[121.4495548, 24.9941228], [121.4495114, 24.9942673], [121.4494914, 24.9943906], [121.4495354, 24.9945139], [121.4495673, 24.9945567], [121.4496354, 24.9946481], [121.4498515, 24.9948983], [121.4499465, 24.9949752]]}}, {"type": "Feature", "properties": {"county": "新北市", "district": "土城區", "highway": "unclassified", "name": "海山路"}, "geometry": {"type": "LineString", "coordinates": [[121.4490835, 24.9826665], [121.44912, 24.9827432], [121.4491548, 24.9828707], [121.4491796, 24.9830658], [121.4491534, 24.9832597], [121.4490743, 24.9834305], [121.4489828, 24.9836242], [121.4488783, 24.9837715], [121.4487066, 24.9840134], [121.4486337, 24.9841973], [121.4486373, 24.9842463]]}}, {"type": "Feature", "properties": {"county": "新北市", "district": "土城區", "highway": "residential", "name": "延吉街"}, "geometry": {"type": "LineString", "coordinates": [[121.4669636, 24.9847357], [121.4674515, 24.9849046], [121.4675475, 24.9849362], [121.4677732, 24.985014], [121.4684218, 24.9852873], [121.4691534, 24.9856099], [121.4698438, 24.9859248], [121.4703192, 24.9861794], [121.4705887, 24.9863171], [121.470656, 24.9863523], [121.4709999, 24.9865323], [121.4712727, 24.9866751], [121.4715029, 24.9868137], [121.4715613, 24.9868536], [121.4716223, 24.9868991], [121.4717476, 24.9869967], [121.471796, 24.9870443], [121.4719899, 24.9872417], [121.4720185, 24.9872791], [121.4721604, 24.987499], [121.472197, 24.9875676], [121.4722978, 24.9877807], [121.4723116, 24.9878109], [121.4723752, 24.9879497], [121.4724611, 24.9883727], [121.4724476, 24.9884638], [121.4723449, 24.9886641], [121.4723323, 24.9886887], [121.4722238, 24.9888848], [121.472106, 24.9890976], [121.4719829, 24.9893202], [121.4718565, 24.9895486], [121.4717187, 24.9898019]]}}, {"type": "Feature", "properties": {"county": "新北市", "district": "土城區", "highway": "tertiary", "name": "裕民路"}, "geometry": {"type": "LineString", "coordinates": [[121.4465197, 24.9893557], [121.4466188, 24.9892708], [121.4470855, 24.9889773], [121.4471433, 24.9889409]]}}, {"type": "Feature", "properties": {"county": "新北市", "district": "土城區", "highway": "tertiary", "name": "學府路一段"}, "geometry": {"type": "LineString", "coordinates": [[121.4557376, 24.9876514], [121.4554462, 24.9874657], [121.4552227, 24.987312], [121.455105, 24.9872375], [121.4549808, 24.9871566], [121.454586, 24.9868995], [121.4541516, 24.9866264], [121.4539935, 24.9865089], [121.4535882, 24.9862523], [121.4535148, 24.9862001], [121.4532718, 24.9860419], [121.4530043, 24.9858258], [121.452619, 24.9854966]]}}, {"type": "Feature", "properties": {"county": "新北市", "district": "土城區", "highway": "unclassified", "name": "延和路"}, "geometry": {"type": "LineString", "coordinates": [[121.4702029, 24.9891606], [121.4700847, 24.9893532], [121.4699365, 24.9895913], [121.4698566, 24.9897303], [121.469811, 24.989788], [121.4697441, 24.9898676], [121.4696905, 24.9899235], [121.4696317, 24.9899746], [121.4695762, 24.9900277], [121.469484, 24.9900949], [121.4693834, 24.9901618], [121.4692935, 24.9902104], [121.4692225, 24.9902432], [121.4691272, 24.9902736], [121.4690226, 24.9903064], [121.4689247, 24.990332], [121.4688117, 24.9903605], [121.468678, 24.9903806], [121.4685814, 24.9903927], [121.4684746, 24.9903937], [121.4683803, 24.990394]]}}, {"type": "Feature", "properties": {"county": "新北市", "district": "土城區", "highway": "residential", "name": "學士路"}, "geometry": {"type": "LineString", "coordinates": [[121.4541952, 24.98336], [121.4538347, 24.9831199], [121.4536494, 24.9829824], [121.4535473, 24.9828805], [121.4531674, 24.9825219], [121.4528849, 24.982252], [121.452227, 24.9816352], [121.4515407, 24.9809917]]}}, {"type": "Feature", "properties": {"county": "新北市", "district": "土城區", "highway": "residential", "name": "德興街"}, "geometry": {"type": "LineString", "coordinates": [[121.4533111, 24.9951583], [121.4533252, 24.9950626], [121.4533402, 24.994971], [121.45338, 24.9946921], [121.4534122, 24.994466], [121.4534221, 24.9943969], [121.4534411, 24.9942637], [121.4534576, 24.9940935], [121.4534668, 24.993998], [121.4534943, 24.9937145], [121.4535399, 24.9931554], [121.4535533, 24.9930649], [121.4535632, 24.9929986], [121.4535612, 24.9929808], [121.4536452, 24.9928276], [121.4537292, 24.9927152], [121.4539093, 24.9925447], [121.4545094, 24.9921463], [121.4552104, 24.991681], [121.4553475, 24.99159]]}}, {"type": "Feature", "properties": {"county": "新北市", "district": "土城區", "highway": "residential", "name": "學成路"}, "geometry": {"type": "LineString", "coordinates": [[121.4531411, 24.9867348], [121.4529346, 24.9869471], [121.4527939, 24.9870842], [121.4524521, 24.9874375], [121.4516196, 24.9880074], [121.4515211, 24.9880673], [121.4514836, 24.9880934], [121.4512189, 24.9882776], [121.4509085, 24.9884936], [121.450801, 24.9885684], [121.4506332, 24.9886823], [121.4503778, 24.9888557], [121.4502378, 24.9889507], [121.4498266, 24.9892474], [121.4497441, 24.9893069], [121.4495395, 24.9894241], [121.4494446, 24.9894785], [121.4493703, 24.9895089], [121.4491642, 24.9895589], [121.4491188, 24.9895559], [121.448995, 24.98955], [121.448767, 24.9895369], [121.4486982, 24.9895286], [121.4486433, 24.9895111], [121.4486318, 24.9895048]]}}, {"type": "Feature", "properties": {"county": "新北市", "district": "土城區", "highway": "residential", "name": "五權街"}, "geometry": {"type": "LineString", "coordinates": [[121.4650924, 24.9929912], [121.4649015, 24.9932492], [121.4648508, 24.9933246], [121.4647598, 24.9934598], [121.4646949, 24.9935562], [121.4645352, 24.9937934], [121.4644795, 24.9938762], [121.4643613, 24.9940653], [121.4641602, 24.9943701], [121.4637972, 24.9949316], [121.4633755, 24.9955778]]}}, {"type": "Feature", "properties": {"county": "新北市", "district": "土城區", "highway": "residential", "name": "大同街"}, "geometry": {"type": "LineString", "coordinates": [[121.4193315, 24.9625552], [121.4197455, 24.9619975], [121.4197491, 24.9618898], [121.4174257, 24.9604729], [121.4166043, 24.9599925], [121.4161339, 24.9596904], [121.4155683, 24.9593285], [121.4154886, 24.9593108]]}}, {"type": "Feature", "properties": {"county": "新北市", "district": "土城區", "highway": "residential", "name": "福安街"}, "geometry": {"type": "LineString", "coordinates": [[121.4157597, 24.9627265], [121.4160978, 24.9629249], [121.4163103, 24.9631129], [121.4165964, 24.9634398], [121.4166108, 24.9634551], [121.4168771, 24.963726], [121.4169106, 24.9637503], [121.4171198, 24.9638634], [121.4172928, 24.9639181], [121.4174797, 24.9639978], [121.4180549, 24.9642899], [121.4183517, 24.964466], [121.4184889, 24.9644849], [121.419085, 24.9647146], [121.4193327, 24.9648052]]}}, {"type": "Feature", "properties": {"county": "新北市", "district": "土城區", "highway": "residential", "name": "民族路"}, "geometry": {"type": "LineString", "coordinates": [[121.4193315, 24.9625552], [121.4191052, 24.9628633], [121.4188941, 24.9631507], [121.418677, 24.9634361], [121.4184766, 24.9636996], [121.4182713, 24.9639869], [121.4180549, 24.9642899]]}}, {"type": "Feature", "properties": {"county": "新北市", "district": "土城區", "highway": "residential", "name": "和平路"}, "geometry": {"type": "LineString", "coordinates": [[121.4645254, 24.9970623], [121.4645604, 24.9969769], [121.4645618, 24.996931], [121.4645524, 24.9968839], [121.4644757, 24.9967252], [121.4644024, 24.9966328], [121.4642598, 24.9964529], [121.4639996, 24.9961758], [121.4637416, 24.9959167], [121.4636189, 24.995823], [121.4634918, 24.9956834], [121.4634233, 24.9956183], [121.4633755, 24.9955778], [121.4630499, 24.995266], [121.4628978, 24.9951275], [121.4625597, 24.994959], [121.4622263, 24.9948218], [121.462139, 24.9947943], [121.4618138, 24.9947062], [121.4616071, 24.9946592], [121.4614205, 24.9946182], [121.4612277, 24.9945712], [121.4603727, 24.9944828], [121.4603136, 24.9944787]]}}, {"type": "Feature", "properties": {"county": "新北市", "district": "土城區", "highway": "residential", "name": null}, "geometry": {"type": "LineString", "coordinates": [[121.4624594, 24.9936036], [121.463043, 24.9938402], [121.4635418, 24.994046], [121.4636237, 24.9940889]]}}, {"type": "Feature", "properties": {"county": "新北市", "district": "土城區", "highway": "residential", "name": "廣和街"}, "geometry": {"type": "LineString", "coordinates": [[121.4622263, 24.9948218], [121.4623847, 24.9940039], [121.4624109, 24.9938457], [121.4624594, 24.9936036], [121.4624818, 24.9934521], [121.462528, 24.9930905], [121.4625598, 24.9929422], [121.4625986, 24.9926576], [121.4626158, 24.9925135], [121.4626611, 24.9921341], [121.4626756, 24.9920125], [121.4627211, 24.9917163], [121.4627528, 24.9916353]]}}, {"type": "Feature", "properties": {"county": "新北市", "district": "土城區", "highway": "residential", "name": "和平路安樂巷"}, "geometry": {"type": "LineString", "coordinates": [[121.462528, 24.9930905], [121.4622651, 24.9930482], [121.4622066, 24.9930419], [121.462076, 24.9930278], [121.461957, 24.9930568], [121.4616943, 24.9933861], [121.4614623, 24.9938449], [121.4614381, 24.9938928], [121.4614188, 24.9939551], [121.4613612, 24.9941409], [121.4612277, 24.9945712]]}}, {"type": "Feature", "properties": {"county": "新北市", "district": "土城區", "highway": "primary", "name": "四川路二段"}, "geometry": {"type": "LineString", "coordinates": [[121.456518, 24.9964307], [121.4563527, 24.9963552], [121.4562033, 24.9963039], [121.4559653, 24.9962233], [121.4550287, 24.9958275], [121.4549141, 24.9957831], [121.4548528, 24.9957568], [121.4544177, 24.9955778]]}}, {"type": "Feature", "properties": {"county": "新北市", "district": "土城區", "highway": "residential", "name": "國慶路167巷"}, "geometry": {"type": "LineString", "coordinates": [[121.4622111, 24.9961651], [121.4619278, 24.9970034], [121.4618599, 24.9970891], [121.4617492, 24.9975717], [121.4616354, 24.9981347], [121.4615338, 24.9987192]]}}, {"type": "Feature", "properties": {"county": "新北市", "district": "土城區", "highway": "tertiary", "name": "中央路一段"}, "geometry": {"type": "LineString", "coordinates": [[121.447927, 24.990192], [121.4480968, 24.9904735], [121.4480993, 24.9904783], [121.4482042, 24.9906784]]}}, {"type": "Feature", "properties": {"county": "新北市", "district": "土城區", "highway": "primary", "name": "中央路三段"}, "geometry": {"type": "LineString", "coordinates": [[121.4331821, 24.9654026], [121.4337359, 24.9655086], [121.4341964, 24.965601], [121.434502, 24.9656567], [121.4345679, 24.9656681], [121.4345897, 24.9656724], [121.434614, 24.965678]]}}, {"type": "Feature", "properties": {"county": "新北市", "district": "土城區", "highway": "primary", "name": "中華路一段"}, "geometry": {"type": "LineString", "coordinates": [[121.4479398, 24.9906079], [121.447919, 24.9905893], [121.4477115, 24.990404], [121.4476229, 24.9903297], [121.4474749, 24.9902055], [121.4469523, 24.9897704], [121.4465197, 24.9893557], [121.4461347, 24.9889766], [121.4458158, 24.9886495], [121.4457323, 24.9885626], [121.4453122, 24.9881231], [121.4447258, 24.9874674], [121.4445606, 24.9872541], [121.4437777, 24.9862596], [121.4429077, 24.9851605], [121.4421645, 24.9841633], [121.4416929, 24.9835564], [121.4415679, 24.9833532], [121.4410748, 24.9823674], [121.4406021, 24.9814133], [121.439663, 24.9795048]]}}, {"type": "Feature", "properties": {"county": "新北市", "district": "土城區", "highway": "residential", "name": "五權街30巷37弄"}, "geometry": {"type": "LineString", "coordinates": [[121.4636032, 24.9921025], [121.4634837, 24.9924789], [121.4633886, 24.9927439]]}}, {"type": "Feature", "properties": {"county": "新北市", "district": "土城區", "highway": "residential", "name": "國慶路149巷"}, "geometry": {"type": "LineString", "coordinates": [[121.4614243, 24.9960116], [121.4613088, 24.9965461], [121.461241, 24.996872], [121.4611571, 24.9971839], [121.4611139, 24.9974347], [121.4610326, 24.9977301], [121.4609684, 24.9980287], [121.4609076, 24.9983026], [121.4608721, 24.9984996], [121.4610958, 24.998677]]}}, {"type": "Feature", "properties": {"county": "新北市", "district": "土城區", "highway": "primary", "name": "四川路二段"}, "geometry": {"type": "LineString", "coordinates": [[121.4544177, 24.9955778], [121.454333, 24.9955791], [121.4539247, 24.9954119], [121.453629, 24.9952855], [121.4533111, 24.9951583]]}}, {"type": "Feature", "properties": {"county": "新北市", "district": "土城區", "highway": "primary_link", "name": "中華路二段"}, "geometry": {"type": "LineString", "coordinates": [[121.4376165, 24.9689183], [121.4376232, 24.9686501], [121.4375957, 24.9684185], [121.4375451, 24.96818], [121.4375123, 24.9680831], [121.4374799, 24.9679872], [121.4373652, 24.9677726]]}}, {"type": "Feature", "properties": {"county": "新北市", "district": "土城區", "highway": "unclassified", "name": null}, "geometry": {"type": "LineString", "coordinates": [[121.4544177, 24.9955778], [121.4535852, 24.9967252]]}}, {"type": "Feature", "properties": {"county": "新北市", "district": "土城區", "highway": "primary", "name": "中央路四段"}, "geometry": {"type": "LineString", "coordinates": [[121.4218563, 24.9614076], [121.4220161, 24.9615126], [121.422185, 24.9616285], [121.4222697, 24.9616834], [121.4224268, 24.961773], [121.4228564, 24.9619224], [121.4236603, 24.9621633], [121.4244328, 24.962395], [121.4251957, 24.9626283], [121.4252413, 24.9626423], [121.4254249, 24.9627083]]}}, {"type": "Feature", "properties": {"county": "新北市", "district": "土城區", "highway": "residential", "name": "裕生路"}, "geometry": {"type": "LineString", "coordinates": [[121.4466437, 24.9836289], [121.4466768, 24.9837088], [121.4467952, 24.9839599], [121.4468949, 24.9842418], [121.4469055, 24.9842712], [121.447014, 24.9845647], [121.4470668, 24.9846886], [121.4471125, 24.9848], [121.4472202, 24.9850719], [121.4473288, 24.9853543], [121.4473958, 24.9855484], [121.4474365, 24.9856549], [121.4476034, 24.9861151], [121.447616, 24.9861386], [121.4476487, 24.986211], [121.4477638, 24.986526], [121.4479103, 24.9868508], [121.4481956, 24.9873788], [121.4482173, 24.9874159], [121.448558, 24.9880007], [121.4486178, 24.9881025]]}}, {"type": "Feature", "properties": {"county": "新北市", "district": "土城區", "highway": "residential", "name": "國慶路182巷"}, "geometry": {"type": "LineString", "coordinates": [[121.4633755, 24.9955778], [121.4632393, 24.9957459], [121.4629208, 24.9961716], [121.4628166, 24.9963107]]}}, {"type": "Feature", "properties": {"county": "新北市", "district": "土城區", "highway": "residential", "name": "和平路"}, "geometry": {"type": "LineString", "coordinates": [[121.4425089, 24.975036], [121.4425238, 24.9749896], [121.4425455, 24.9749222], [121.4426629, 24.9745575], [121.4427055, 24.9744252], [121.4428396, 24.974016], [121.442861, 24.9739473], [121.4429091, 24.9737932], [121.4429896, 24.9735432], [121.4435034, 24.9724097], [121.4435496, 24.9722978], [121.443605, 24.9721604]]}}, {"type": "Feature", "properties": {"county": "新北市", "district": "土城區", "highway": "unclassified", "name": "千歲路"}, "geometry": {"type": "LineString", "coordinates": [[121.4421477, 24.9683624], [121.4421046, 24.9684098], [121.4416883, 24.9688687], [121.4412516, 24.9693645], [121.4411625, 24.9694775], [121.4411073, 24.9695363]]}}, {"type": "Feature", "properties": {"county": "新北市", "district": "土城區", "highway": "secondary", "name": "連城路"}, "geometry": {"type": "LineString", "coordinates": [[121.4754392, 24.9912933], [121.4758671, 24.9914766], [121.4761742, 24.991597], [121.4769949, 24.9919327], [121.4771996, 24.9920617], [121.477292, 24.9921283], [121.477473, 24.9923086], [121.47771, 24.9926582], [121.4780945, 24.9931871], [121.478131, 24.9932372], [121.4785575, 24.9938382]]}}, {"type": "Feature", "properties": {"county": "新北市", "district": "土城區", "highway": "residential", "name": "和平路"}, "geometry": {"type": "LineString", "coordinates": [[121.4596428, 24.9956722], [121.4596229, 24.9946694], [121.4596182, 24.9944305]]}}, {"type": "Feature", "properties": {"county": "新北市", "district": "土城區", "highway": "residential", "name": "國慶路49巷"}, "geometry": {"type": "LineString", "coordinates": [[121.4595883, 24.9967417], [121.4596048, 24.996617], [121.459633, 24.9962819], [121.4596428, 24.9956722]]}}, {"type": "Feature", "properties": {"county": "新北市", "district": "土城區", "highway": "tertiary", "name": "中央路一段"}, "geometry": {"type": "LineString", "coordinates": [[121.447927, 24.990192], [121.4479244, 24.9901876], [121.447651, 24.9897271], [121.4471975, 24.9890197], [121.4471433, 24.9889409]]}}, {"type": "Feature", "properties": {"county": "新北市", "district": "土城區", "highway": "primary", "name": "中華路一段"}, "geometry": {"type": "LineString", "coordinates": [[121.4398023, 24.9794344], [121.440256, 24.9803903], [121.4403982, 24.9806836], [121.4405962, 24.9810919], [121.4407298, 24.9813675], [121.4411898, 24.9823141], [121.4417006, 24.9833152], [121.4418334, 24.9835022], [121.442289, 24.9841225], [121.4423806, 24.9842413], [121.4424102, 24.9842816], [121.4426821, 24.9846418], [121.4429366, 24.9849893], [121.4430306, 24.9850976], [121.443349, 24.9855115], [121.4436539, 24.9859074], [121.4440466, 24.9864018], [121.4446507, 24.9871761], [121.4448365, 24.9874119], [121.4451489, 24.9877319], [121.4458224, 24.9884513], [121.4462389, 24.9889003], [121.4466188, 24.9892708], [121.4469101, 24.989534], [121.447734, 24.9902299], [121.4479342, 24.9903989]]}}, {"type": "Feature", "properties": {"county": "新北市", "district": "土城區", "highway": "tertiary", "name": "中央路一段"}, "geometry": {"type": "LineString", "coordinates": [[121.4479398, 24.9906079], [121.447939, 24.990577], [121.4479342, 24.9903989], [121.447927, 24.990192]]}}, {"type": "Feature", "properties": {"county": "新北市", "district": "土城區", "highway": "unclassified", "name": "中央路二段278巷"}, "geometry": {"type": "LineString", "coordinates": [[121.4410391, 24.9740474], [121.4408956, 24.9741921], [121.4407025, 24.9743756], [121.4405536, 24.9744963], [121.4403606, 24.9746184], [121.4397319, 24.9750874]]}}, {"type": "Feature", "properties": {"county": "新北市", "district": "土城區", "highway": "residential", "name": "中華路二段89巷"}, "geometry": {"type": "LineString", "coordinates": [[121.44146, 24.9768411], [121.4413889, 24.9770259], [121.4413259, 24.9770915], [121.4410255, 24.9772689], [121.4407392, 24.9774505], [121.4406107, 24.9775292], [121.4404543, 24.9776248], [121.4402026, 24.9777789], [121.4400935, 24.9778456], [121.4397746, 24.9780408], [121.439373, 24.9782773]]}}, {"type": "Feature", "properties": {"county": "新北市", "district": "土城區", "highway": "residential", "name": "中正路"}, "geometry": {"type": "LineString", "coordinates": [[121.4425089, 24.975036], [121.4428795, 24.9751274], [121.4429779, 24.9751517], [121.4430625, 24.9751726], [121.4435484, 24.9752924], [121.4439295, 24.9753864], [121.4445609, 24.9755421], [121.4452493, 24.9757222], [121.4453193, 24.975735]]}}, {"type": "Feature", "properties": {"county": "新北市", "district": "土城區", "highway": "residential", "name": "福仁街"}, "geometry": {"type": "LineString", "coordinates": [[121.4419984, 24.9769319], [121.44146, 24.9768411], [121.4413112, 24.9767953], [121.4411018, 24.9767309], [121.4408833, 24.976615], [121.4407521, 24.9765512], [121.440513, 24.9763769], [121.4403148, 24.9761232], [121.440089, 24.9757324], [121.4399988, 24.9755762], [121.4399666, 24.9755205], [121.4399301, 24.9754573], [121.4397319, 24.9750874], [121.4395241, 24.9746718], [121.4393082, 24.97424], [121.4391866, 24.9739969]]}}, {"type": "Feature", "properties": {"county": "新北市", "district": "土城區", "highway": "residential", "name": "壽德街"}, "geometry": {"type": "LineString", "coordinates": [[121.4648041, 24.9957382], [121.465827, 24.9951977], [121.4659743, 24.9950841], [121.4660989, 24.9949706], [121.4667369, 24.9942725]]}}, {"type": "Feature", "properties": {"county": "新北市", "district": "土城區", "highway": "residential", "name": null}, "geometry": {"type": "LineString", "coordinates": [[121.4636237, 24.9940889], [121.463877, 24.9942217], [121.4641602, 24.9943701]]}}, {"type": "Feature", "properties": {"county": "新北市", "district": "土城區", "highway": "residential", "name": "和平路 190, 200巷"}, "geometry": {"type": "LineString", "coordinates": [[121.4637416, 24.9959167], [121.4643228, 24.9952738], [121.4644972, 24.9951138], [121.4647383, 24.994856], [121.465139, 24.9944287], [121.464999, 24.9943206]]}}, {"type": "Feature", "properties": {"county": "新北市", "district": "土城區", "highway": "residential", "name": "五權街30巷37弄"}, "geometry": {"type": "LineString", "coordinates": [[121.4633886, 24.9927439], [121.463234, 24.9932343], [121.463043, 24.9938402]]}}, {"type": "Feature", "properties": {"county": "新北市", "district": "土城區", "highway": "residential", "name": "太平路"}, "geometry": {"type": "LineString", "coordinates": [[121.4182324, 24.9850944], [121.4182711, 24.9850366], [121.4185576, 24.9846053], [121.4188372, 24.9841847]]}}, {"type": "Feature", "properties": {"county": "新北市", "district": "土城區", "highway": "residential", "name": "文化街"}, "geometry": {"type": "LineString", "coordinates": [[121.4158291, 24.9897308], [121.4159483, 24.9896714]]}}, {"type": "Feature", "properties": {"county": "新北市", "district": "土城區", "highway": "residential", "name": "太元街"}, "geometry": {"type": "LineString", "coordinates": [[121.4174927, 24.9812276], [121.4178594, 24.9805916], [121.417875, 24.9805645], [121.4179118, 24.9805003], [121.4179567, 24.9804256], [121.4183018, 24.9798508], [121.4185023, 24.9795096], [121.418675, 24.9792322], [121.4188415, 24.9789648], [121.4192243, 24.9783499]]}}, {"type": "Feature", "properties": {"county": "新北市", "district": "土城區", "highway": "tertiary", "name": "大安路"}, "geometry": {"type": "LineString", "coordinates": [[121.4115419, 24.9830942], [121.4116808, 24.9832342], [121.4127134, 24.9842935], [121.4129592, 24.98459], [121.4130311, 24.9846768], [121.4130575, 24.9847118], [121.4132103, 24.9849141], [121.4136559, 24.9855044], [121.413784, 24.9856741], [121.413909, 24.9858705], [121.4140286, 24.9860751], [121.4140871, 24.9861798], [121.4141085, 24.9862263], [121.4143837, 24.9866946], [121.4144051, 24.9867359], [121.4147109, 24.9873255], [121.4149771, 24.9878387], [121.4150591, 24.9879967], [121.4151197, 24.9881135], [121.4151715, 24.9882056]]}}, {"type": "Feature", "properties": {"county": "新北市", "district": "土城區", "highway": "residential", "name": "廣明街"}, "geometry": {"type": "LineString", "coordinates": [[121.4544529, 24.9947909], [121.4545766, 24.9945598], [121.4547509, 24.9942342], [121.4548898, 24.9939824], [121.4550463, 24.9936987], [121.4553347, 24.9931431], [121.455622, 24.9925896], [121.4557654, 24.9923133], [121.4558889, 24.9920753], [121.4560932, 24.9916817]]}}, {"type": "Feature", "properties": {"county": "新北市", "district": "土城區", "highway": "residential", "name": "干城路"}, "geometry": {"type": "LineString", "coordinates": [[121.4596182, 24.9944305], [121.4596453, 24.9940961], [121.4596415, 24.993835], [121.459641, 24.9937956], [121.4596409, 24.993735], [121.459651, 24.9935794], [121.4596588, 24.9935224], [121.4597931, 24.9931383], [121.4599826, 24.9928496], [121.4603193, 24.9924481], [121.4603353, 24.9924226], [121.4606143, 24.9921042], [121.4607536, 24.991915]]}}, {"type": "Feature", "properties": {"county": "新北市", "district": "土城區", "highway": "residential", "name": "廣福街"}, "geometry": {"type": "LineString", "coordinates": [[121.4562033, 24.9963039], [121.4561844, 24.9961977], [121.4561776, 24.9959846], [121.4561882, 24.995722], [121.4561662, 24.9954943], [121.4561073, 24.9948219]]}}, {"type": "Feature", "properties": {"county": "新北市", "district": "土城區", "highway": "residential", "name": "和平路安樂巷1弄"}, "geometry": {"type": "LineString", "coordinates": [[121.4623847, 24.9940039], [121.4619564, 24.9939295], [121.4614623, 24.9938449]]}}, {"type": "Feature", "properties": {"county": "新北市", "district": "土城區", "highway": "residential", "name": null}, "geometry": {"type": "LineString", "coordinates": [[121.4640034, 24.9950443], [121.4637972, 24.9949316]]}}, {"type": "Feature", "properties": {"county": "新北市", "district": "土城區", "highway": "residential", "name": "和平路174巷1弄"}, "geometry": {"type": "LineString", "coordinates": [[121.4643228, 24.9952738], [121.4642627, 24.9952211], [121.4640913, 24.9950858]]}}, {"type": "Feature", "properties": {"county": "新北市", "district": "土城區", "highway": "residential", "name": "民德路298巷"}, "geometry": {"type": "LineString", "coordinates": [[121.4674621, 24.9954129], [121.466791, 24.9956583], [121.4662452, 24.9958547]]}}, {"type": "Feature", "properties": {"county": "新北市", "district": "土城區", "highway": "residential", "name": "民德路306巷"}, "geometry": {"type": "LineString", "coordinates": [[121.4673671, 24.9951723], [121.4666959, 24.9954394], [121.4663216, 24.995594], [121.4662163, 24.9956583], [121.4662114, 24.995725], [121.4662452, 24.9958547]]}}, {"type": "Feature", "properties": {"county": "新北市", "district": "土城區", "highway": "residential", "name": "華順街135巷"}, "geometry": {"type": "LineString", "coordinates": [[121.465104, 24.9962669], [121.4656554, 24.9960704], [121.4658591, 24.995993], [121.4662452, 24.9958547]]}}, {"type": "Feature", "properties": {"county": "新北市", "district": "土城區", "highway": "unclassified", "name": "華安街"}, "geometry": {"type": "LineString", "coordinates": [[121.4689709, 24.9947366], [121.4688973, 24.9950005], [121.4687975, 24.9952277], [121.4687297, 24.9953819], [121.4683089, 24.9961166], [121.468049, 24.9965258], [121.4679019, 24.9968069], [121.4678624, 24.9968623], [121.467596, 24.9972608], [121.4673605, 24.9974895], [121.467214, 24.9976156], [121.4669893, 24.997829], [121.4668969, 24.9979166], [121.4668226, 24.9979872], [121.4665577, 24.9981982], [121.4663069, 24.9983361], [121.4660198, 24.9984735], [121.465733, 24.9986349]]}}, {"type": "Feature", "properties": {"county": "新北市", "district": "土城區", "highway": "tertiary", "name": "中央路三段"}, "geometry": {"type": "LineString", "coordinates": [[121.4396216, 24.9707115], [121.4389618, 24.9697952], [121.4388734, 24.9696096], [121.4388429, 24.9695554], [121.438365, 24.9687385], [121.4383402, 24.9687006], [121.4383238, 24.9686741], [121.4382415, 24.9684366]]}}, {"type": "Feature", "properties": {"county": "新北市", "district": "土城區", "highway": "tertiary", "name": "青雲路"}, "geometry": {"type": "LineString", "coordinates": [[121.4599184, 24.9883575], [121.460197, 24.9893477]]}}, {"type": "Feature", "properties": {"county": "新北市", "district": "土城區", "highway": "unclassified", "name": "忠承路"}, "geometry": {"type": "LineString", "coordinates": [[121.4408972, 24.9672008], [121.4410086, 24.9673011], [121.4414695, 24.9676846], [121.4419488, 24.9680877], [121.4421067, 24.9682422], [121.4421352, 24.9682949], [121.4421477, 24.9683624]]}}, {"type": "Feature", "properties": {"county": "新北市", "district": "土城區", "highway": "tertiary", "name": "明德路一段"}, "geometry": {"type": "LineString", "coordinates": [[121.458903, 24.9770368], [121.4592939, 24.9770961], [121.4594472, 24.9771285], [121.459839, 24.9772115], [121.4600096, 24.9772536], [121.4601674, 24.9772915], [121.4604005, 24.9773521], [121.4605305, 24.9773859], [121.4606382, 24.9774145], [121.46086, 24.9774765], [121.4618261, 24.9778716], [121.461862, 24.9778865], [121.4621622, 24.978031], [121.4624809, 24.9781843], [121.462727, 24.9783043], [121.4627813, 24.9783373], [121.4631566, 24.9785652], [121.4637708, 24.9789805], [121.4641179, 24.9791989], [121.4644991, 24.9794959], [121.4646843, 24.9796509], [121.4649531, 24.9799549], [121.465064, 24.9801622], [121.4651777, 24.9804017], [121.4652792, 24.9806769], [121.4654008, 24.9812123], [121.4655066, 24.9817496], [121.4655776, 24.9823273], [121.465578, 24.9823326], [121.4655865, 24.9825385], [121.4655827, 24.9828616], [121.4655639, 24.983082], [121.4655588, 24.983116], [121.4655159, 24.9834127], [121.4654986, 24.9835132], [121.4654897, 24.9835664], [121.4654699, 24.9836805], [121.465432, 24.9838737], [121.4653524, 24.9842311]]}}, {"type": "Feature", "properties": {"county": "新北市", "district": "土城區", "highway": "unclassified", "name": "承天路"}, "geometry": {"type": "LineString", "coordinates": [[121.4494861, 24.9494775], [121.4495677, 24.9494622], [121.4496236, 24.9494335], [121.449657, 24.9494163], [121.4497412, 24.9493572], [121.4501157, 24.9494013], [121.4504094, 24.9493879], [121.4507904, 24.9494568], [121.4509942, 24.9494621], [121.4511538, 24.9494426], [121.4516195, 24.9494938], [121.4516878, 24.9495607], [121.4516435, 24.9496723], [121.4515136, 24.9497844], [121.4514743, 24.9498639], [121.4514971, 24.9499083], [121.4515581, 24.9499138], [121.451733, 24.9498079], [121.4518585, 24.9497873], [121.4520812, 24.9498199], [121.4521961, 24.9498424], [121.4523777, 24.9498263], [121.4524211, 24.9498439], [121.4524312, 24.9498834], [121.4523812, 24.949938], [121.4522792, 24.9499868], [121.451954, 24.9500373], [121.4518802, 24.9500628], [121.4518125, 24.950109], [121.45174, 24.9501795], [121.451658, 24.9503297], [121.4515811, 24.9503771], [121.4512868, 24.9505207], [121.4511423, 24.9505663], [121.4510693, 24.9506063], [121.4509199, 24.9507139], [121.4508292, 24.9507341], [121.4507208, 24.9507778], [121.4506448, 24.9508538], [121.4505773, 24.9509741], [121.4505653, 24.9510849], [121.4505666, 24.9512241], [121.4505673, 24.9513401], [121.4506068, 24.9513803], [121.450653, 24.951359], [121.4507838, 24.9511529], [121.4508533, 24.9510799], [121.4509782, 24.9509985], [121.4512035, 24.9509097], [121.451322, 24.9508714], [121.4516744, 24.950824], [121.4519217, 24.9507834], [121.4522076, 24.9506916], [121.4525433, 24.9507053], [121.4526587, 24.9507099], [121.4527814, 24.9506905], [121.4528811, 24.9506549], [121.4529396, 24.9506236], [121.4530132, 24.9505723], [121.4530611, 24.9505209], [121.4531229, 24.9504631], [121.4531611, 24.9504015], [121.4532156, 24.9503143], [121.4533052, 24.9502517], [121.4533914, 24.9502202], [121.4538357, 24.9500764], [121.454042, 24.9500055], [121.4540966, 24.9499584], [121.454136, 24.9498672], [121.4541521, 24.9497702], [121.4541407, 24.9496562], [121.4540838, 24.9495804], [121.4538984, 24.9494844], [121.4537923, 24.9494057], [121.4536247, 24.9493502], [121.4535085, 24.9493444], [121.4534424, 24.9493141], [121.4534012, 24.9492721], [121.4533686, 24.9491125], [121.4533789, 24.9490109], [121.4534477, 24.9489155], [121.4535192, 24.9488445], [121.4535354, 24.948594], [121.4537599, 24.9483957], [121.4537977, 24.9482346], [121.4538176, 24.9480656], [121.4538078, 24.947992], [121.4537857, 24.9479318], [121.4537264, 24.9478626], [121.4535367, 24.9477302], [121.4534712, 24.9476612], [121.4534343, 24.9475886], [121.4534, 24.9474427]]}}, {"type": "Feature", "properties": {"county": "新北市", "district": "土城區", "highway": "unclassified", "name": "忠義路"}, "geometry": {"type": "LineString", "coordinates": [[121.4435546, 24.9601651], [121.4434571, 24.9600791]]}}, {"type": "Feature", "properties": {"county": "新北市", "district": "土城區", "highway": "residential", "name": "興城路"}, "geometry": {"type": "LineString", "coordinates": [[121.4429896, 24.9735432], [121.442812, 24.9734589], [121.4423778, 24.9732173], [121.4423534, 24.9731161], [121.4423097, 24.9730155], [121.4421568, 24.9729596], [121.4419954, 24.9729136], [121.4418618, 24.9728939], [121.4416847, 24.9728623], [121.4416259, 24.9728409], [121.441505, 24.9727773], [121.4414192, 24.9726897], [121.4413065, 24.9725292], [121.4411987, 24.9723381], [121.4408747, 24.9717779], [121.4408597, 24.9717375], [121.4408433, 24.9716426], [121.4408412, 24.9715773], [121.440846, 24.9714432], [121.4408299, 24.9713144], [121.4406871, 24.9711763], [121.4403023, 24.9708792], [121.4401936, 24.9708157]]}}, {"type": "Feature", "properties": {"county": "新北市", "district": "土城區", "highway": "unclassified", "name": "忠義路"}, "geometry": {"type": "LineString", "coordinates": [[121.4434571, 24.9600791], [121.4434435, 24.9600729], [121.4433441, 24.9600273]]}}, {"type": "Feature", "properties": {"county": "新北市", "district": "土城區", "highway": "tertiary", "name": "明德路一段"}, "geometry": {"type": "LineString", "coordinates": [[121.4525863, 24.9800043], [121.4526608, 24.979931], [121.4526812, 24.979911], [121.4527604, 24.9798331], [121.4528143, 24.9797801]]}}, {"type": "Feature", "properties": {"county": "新北市", "district": "土城區", "highway": "tertiary", "name": "清水路"}, "geometry": {"type": "LineString", "coordinates": [[121.4590576, 24.9814731], [121.4583126, 24.9815886], [121.4576132, 24.981666], [121.4576078, 24.9816666]]}}, {"type": "Feature", "properties": {"county": "新北市", "district": "土城區", "highway": "tertiary", "name": "青雲路"}, "geometry": {"type": "LineString", "coordinates": [[121.4595601, 24.9695367], [121.4593827, 24.9699653], [121.459325, 24.9701464], [121.4592995, 24.9705136], [121.4593398, 24.9708054], [121.4594886, 24.9711324], [121.4595155, 24.9712552], [121.4594786, 24.9714017], [121.4594165, 24.971516], [121.459392, 24.9715466], [121.4593746, 24.9715674], [121.4589772, 24.9720434]]}}, {"type": "Feature", "properties": {"county": "新北市", "district": "土城區", "highway": "residential", "name": "錦秀路"}, "geometry": {"type": "LineString", "coordinates": [[121.4789861, 24.9459817], [121.4790446, 24.9455769], [121.4791519, 24.945279]]}}, {"type": "Feature", "properties": {"county": "新北市", "district": "土城區", "highway": "residential", "name": "錦秀路52巷"}, "geometry": {"type": "LineString", "coordinates": [[121.4790701, 24.9433123], [121.4787683, 24.9433714], [121.4784562, 24.9434372], [121.4782127, 24.9434877], [121.4781421, 24.943291], [121.4781137, 24.9432819]]}}, {"type": "Feature", "properties": {"county": "新北市", "district": "土城區", "highway": "residential", "name": "錦秀路"}, "geometry": {"type": "LineString", "coordinates": [[121.4794295, 24.9448409], [121.479328, 24.9444093], [121.4792037, 24.9438803], [121.4791297, 24.9435658], [121.4790701, 24.9433123], [121.479001, 24.9430185], [121.4789234, 24.9426885], [121.4788572, 24.9424102], [121.4787657, 24.9420177], [121.4786881, 24.9416861]]}}, {"type": "Feature", "properties": {"county": "新北市", "district": "土城區", "highway": "trunk_link", "name": "土城交流道"}, "geometry": {"type": "LineString", "coordinates": [[121.4322892, 24.9605932], [121.4323175, 24.9609393], [121.4325461, 24.9627175], [121.4325989, 24.9631242]]}}, {"type": "Feature", "properties": {"county": "新北市", "district": "土城區", "highway": "trunk", "name": "五股土城線"}, "geometry": {"type": "LineString", "coordinates": [[121.4386074, 24.9807526], [121.4391064, 24.9822735], [121.4392666, 24.9828398], [121.4397415, 24.9847641], [121.440257, 24.9869157], [121.4403991, 24.9873537], [121.4405965, 24.9876735], [121.4408575, 24.9879521], [121.4414144, 24.9884092], [121.4416488, 24.9886351], [121.4418297, 24.9888904], [121.4420029, 24.9892106], [121.4423237, 24.9899465], [121.4426222, 24.9904805], [121.4428181, 24.9907637], [121.4436208, 24.9917328], [121.4443293, 24.9927732], [121.445175, 24.9938497], [121.4460207, 24.9946198], [121.4473517, 24.9956837], [121.447793, 24.9960585], [121.4481658, 24.9963599], [121.4492924, 24.9972497], [121.4495767, 24.9974721], [121.4501896, 24.9979899], [121.4505114, 24.9983168], [121.4507005, 24.998515], [121.4508977, 24.9987459], [121.4511659, 24.9990923], [121.4512799, 24.9992564], [121.451701, 24.9999492], [121.451866, 25.0003005], [121.4519974, 25.0006359]]}}, {"type": "Feature", "properties": {"county": "新北市", "district": "土城區", "highway": "motorway_link", "name": "中和交流道"}, "geometry": {"type": "LineString", "coordinates": [[121.4817218, 24.9895629], [121.481345, 24.989393]]}}, {"type": "Feature", "properties": {"county": "新北市", "district": "土城區", "highway": "motorway_link", "name": "中和交流道"}, "geometry": {"type": "LineString", "coordinates": [[121.4816762, 24.9896077], [121.481345, 24.989393]]}}, {"type": "Feature", "properties": {"county": "新北市", "district": "土城區", "highway": "trunk", "name": "五股土城線"}, "geometry": {"type": "LineString", "coordinates": [[121.43291, 24.9678749], [121.4328357, 24.9676844], [121.4327575, 24.9674671], [121.4327093, 24.9673253], [121.4326692, 24.9671852], [121.432631, 24.967006], [121.4326006, 24.9668208], [121.4325843, 24.9666531], [121.4325674, 24.9664124], [121.4325346, 24.9658868], [121.4325404, 24.9654566], [121.4325593, 24.9649838]]}}, {"type": "Feature", "properties": {"county": "新北市", "district": "土城區", "highway": "trunk", "name": "五股土城線"}, "geometry": {"type": "LineString", "coordinates": [[121.4518364, 25.000659], [121.4517815, 25.0005083], [121.4516232, 25.0001498], [121.4513738, 24.9996769], [121.4511042, 24.9992369], [121.4508092, 24.9988237], [121.4504967, 24.998453], [121.4500367, 24.9979947], [121.449507, 24.9975474], [121.4492162, 24.9973141], [121.4487814, 24.9969652], [121.4480346, 24.9963542], [121.4459266, 24.9946548], [121.4451167, 24.993896], [121.44486, 24.9936382], [121.4443073, 24.9929117], [121.4437075, 24.9920439], [121.4427562, 24.9908744], [121.4424975, 24.9904817], [121.4423337, 24.9901533], [121.4420709, 24.9896039], [121.4418412, 24.9890439], [121.4415282, 24.9886351], [121.4407562, 24.9879858], [121.4405224, 24.9877291], [121.4403959, 24.9875578], [121.4402945, 24.9873589], [121.4402238, 24.987162], [121.4397731, 24.9852488], [121.4392671, 24.9831986], [121.4390264, 24.9823276], [121.4387942, 24.9816335], [121.4386941, 24.9813069], [121.4384632, 24.980775]]}}, {"type": "Feature", "properties": {"county": "新北市", "district": "土城區", "highway": "residential", "name": "信義路54巷"}, "geometry": {"type": "LineString", "coordinates": [[121.4567818, 24.9941223], [121.4568024, 24.9939522]]}}, {"type": "Feature", "properties": {"county": "新北市", "district": "土城區", "highway": "residential", "name": "國慶路"}, "geometry": {"type": "LineString", "coordinates": [[121.4570258, 24.9951679], [121.4571088, 24.9951882]]}}, {"type": "Feature", "properties": {"county": "新北市", "district": "土城區", "highway": "unclassified", "name": null}, "geometry": {"type": "LineString", "coordinates": [[121.4613918, 24.9915331], [121.4612295, 24.9916013], [121.4611145, 24.9916679], [121.4609658, 24.9917806], [121.4607536, 24.991915]]}}, {"type": "Feature", "properties": {"county": "新北市", "district": "土城區", "highway": "primary", "name": "中央路四段"}, "geometry": {"type": "LineString", "coordinates": [[121.4217956, 24.9614963], [121.4217116, 24.9614368], [121.4207161, 24.9607271], [121.420363, 24.9604817], [121.4202947, 24.9604384], [121.4202535, 24.9603969], [121.4197626, 24.9600396], [121.419436, 24.9598238], [121.4191634, 24.9596408], [121.4191009, 24.9595973], [121.4190404, 24.9595562], [121.4185657, 24.9592559], [121.4182764, 24.9590649], [121.4180708, 24.9589242], [121.4177375, 24.9587078], [121.4176457, 24.9585747]]}}, {"type": "Feature", "properties": {"county": "新北市", "district": "土城區", "highway": "primary", "name": "中央路三段"}, "geometry": {"type": "LineString", "coordinates": [[121.4373652, 24.9677726], [121.4370184, 24.9675116], [121.4366389, 24.967228], [121.4365833, 24.9671864], [121.4364788, 24.9671083], [121.4364219, 24.9670657], [121.4363322, 24.9669989], [121.4361943, 24.9668963], [121.4358862, 24.9666671], [121.4358111, 24.9666117], [121.4357279, 24.9665465], [121.4356206, 24.9664623]]}}, {"type": "Feature", "properties": {"county": "新北市", "district": "土城區", "highway": "tertiary", "name": "清水路"}, "geometry": {"type": "LineString", "coordinates": [[121.4590576, 24.9814731], [121.4596085, 24.9815171], [121.4598803, 24.9816118], [121.4601733, 24.9817544], [121.4603091, 24.9818306], [121.4604611, 24.9819209], [121.4606662, 24.9820757], [121.4607583, 24.9821626], [121.4608206, 24.9822372], [121.460978, 24.9824363], [121.4611077, 24.9826456], [121.4612376, 24.98284], [121.4613925, 24.9830567], [121.4614684, 24.9831415], [121.4618897, 24.9834234], [121.4619923, 24.9834907], [121.4622295, 24.9836588], [121.4624424, 24.9838399], [121.4625887, 24.9839961]]}}, {"type": "Feature", "properties": {"county": "新北市", "district": "土城區", "highway": "residential", "name": "仁愛路"}, "geometry": {"type": "LineString", "coordinates": [[121.462727, 24.9783043], [121.4624395, 24.97859], [121.4618111, 24.9792281], [121.4617041, 24.9793427], [121.4615589, 24.9794853], [121.4607586, 24.9803234], [121.4606792, 24.9804058], [121.460565, 24.9805244], [121.4603334, 24.9807634], [121.4601373, 24.9809683], [121.4599906, 24.9811205], [121.4596085, 24.9815171]]}}, {"type": "Feature", "properties": {"county": "新北市", "district": "土城區", "highway": "residential", "name": "高爾富路"}, "geometry": {"type": "LineString", "coordinates": [[121.4549141, 24.9957831], [121.4540092, 24.9977197], [121.4537639, 24.9982612], [121.4542932, 25.0000946], [121.4543208, 25.0001885], [121.4543187, 25.0002672]]}}, {"type": "Feature", "properties": {"county": "新北市", "district": "土城區", "highway": "unclassified", "name": "承天路71巷"}, "geometry": {"type": "LineString", "coordinates": [[121.4408691, 24.963875], [121.4408114, 24.9638401], [121.4407048, 24.9637757], [121.4405878, 24.9636758], [121.440496, 24.9635958], [121.4402676, 24.9633679], [121.4400304, 24.9631706]]}}, {"type": "Feature", "properties": {"county": "新北市", "district": "土城區", "highway": "unclassified", "name": "忠義路"}, "geometry": {"type": "LineString", "coordinates": [[121.4408691, 24.963875], [121.4409207, 24.9637521], [121.441005, 24.9636729], [121.4411121, 24.963628], [121.441498, 24.9635066], [121.4417007, 24.9633662], [121.4418029, 24.9633163], [121.4419484, 24.9632926], [121.4420395, 24.9632657], [121.4420985, 24.963219], [121.4421158, 24.9631936], [121.4424138, 24.9627968], [121.4424347, 24.9627666], [121.4424828, 24.9627343], [121.4427362, 24.9626405], [121.4429071, 24.9625801], [121.4429682, 24.9625247], [121.4431963, 24.9621982], [121.443461, 24.961875], [121.4435023, 24.9617996], [121.4435148, 24.9617551], [121.4436111, 24.9614117], [121.4436781, 24.9610907], [121.4436886, 24.9610404], [121.443691, 24.9606313], [121.443683, 24.9605557], [121.443614, 24.9602727], [121.4435882, 24.9602177], [121.4435546, 24.9601651]]}}, {"type": "Feature", "properties": {"county": "新北市", "district": "土城區", "highway": "unclassified", "name": "忠義路"}, "geometry": {"type": "LineString", "coordinates": [[121.4403813, 24.9652506], [121.4403545, 24.9650902], [121.4404377, 24.9648311], [121.4405566, 24.9645977]]}}, {"type": "Feature", "properties": {"county": "新北市", "district": "土城區", "highway": "unclassified", "name": "承天路 ("}, "geometry": {"type": "LineString", "coordinates": [[121.4356206, 24.9664623], [121.435704, 24.9663723]]}}, {"type": "Feature", "properties": {"county": "新北市", "district": "土城區", "highway": "unclassified", "name": "承天路"}, "geometry": {"type": "LineString", "coordinates": [[121.4393906, 24.9635001], [121.4400304, 24.9631706]]}}, {"type": "Feature", "properties": {"county": "新北市", "district": "土城區", "highway": "unclassified", "name": "承天路"}, "geometry": {"type": "LineString", "coordinates": [[121.4388176, 24.963759], [121.4393906, 24.9635001]]}}, {"type": "Feature", "properties": {"county": "新北市", "district": "土城區", "highway": "unclassified", "name": "承天路"}, "geometry": {"type": "LineString", "coordinates": [[121.4400304, 24.9631706], [121.4399975, 24.9630995], [121.4400495, 24.9630099], [121.4401479, 24.9629109], [121.4402453, 24.9628348], [121.4404451, 24.9627547], [121.4405243, 24.9627229], [121.440873, 24.962526], [121.4410166, 24.9624485], [121.4411141, 24.9623958], [121.4412512, 24.9623217], [121.4415945, 24.9621466], [121.4418899, 24.9619994], [121.4421993, 24.9618451], [121.4425346, 24.9616676], [121.4427747, 24.9614633], [121.4428181, 24.9613814], [121.442831, 24.961315], [121.442831, 24.9611934], [121.4428216, 24.9610414], [121.4428015, 24.9609235], [121.4427854, 24.9608019], [121.4428275, 24.96072], [121.4428685, 24.9606657], [121.4429571, 24.9605879], [121.4430348, 24.960532], [121.4431475, 24.9604007], [121.443228, 24.960284], [121.4433041, 24.960187], [121.4433406, 24.9601257], [121.4433441, 24.9600273]]}}, {"type": "Feature", "properties": {"county": "新北市", "district": "土城區", "highway": "unclassified", "name": null}, "geometry": {"type": "LineString", "coordinates": [[121.4607536, 24.991915], [121.460817, 24.9917474], [121.4608196, 24.9915923], [121.4607723, 24.9914468], [121.4606685, 24.9912772]]}}, {"type": "Feature", "properties": {"county": "新北市", "district": "土城區", "highway": "tertiary", "name": "裕民路"}, "geometry": {"type": "LineString", "coordinates": [[121.4471433, 24.9889409], [121.4472496, 24.9888799], [121.4476978, 24.9886228], [121.4477603, 24.9885869], [121.4478258, 24.9885499], [121.4479412, 24.9884847], [121.4485557, 24.9881368], [121.4486178, 24.9881025], [121.448675, 24.9880702], [121.4487546, 24.9880188], [121.4488982, 24.9879314], [121.4489148, 24.9879222], [121.4489719, 24.987887], [121.449165, 24.9877736], [121.4491893, 24.9877594], [121.4493825, 24.9876407], [121.4494242, 24.9876157], [121.4495474, 24.9875418], [121.4502003, 24.9871368], [121.4503068, 24.9870777], [121.4503413, 24.9870586], [121.4508996, 24.9867188], [121.4509662, 24.9866746], [121.4515935, 24.9862587], [121.4517111, 24.9861808], [121.4517997, 24.9861221], [121.45217, 24.9858642], [121.452619, 24.9854966]]}}, {"type": "Feature", "properties": {"county": "新北市", "district": "土城區", "highway": "secondary", "name": null}, "geometry": {"type": "LineString", "coordinates": [[121.4432965, 24.9946493], [121.443044, 24.994685], [121.4428644, 24.9947166]]}}, {"type": "Feature", "properties": {"county": "新北市", "district": "土城區", "highway": "secondary", "name": "浮洲橋"}, "geometry": {"type": "LineString", "coordinates": [[121.4428644, 24.9947166], [121.4426377, 24.9947372], [121.4419472, 24.9948498], [121.4416345, 24.9948963], [121.4413156, 24.9949392], [121.4382396, 24.9952537]]}}, {"type": "Feature", "properties": {"county": "新北市", "district": "土城區", "highway": "secondary_link", "name": null}, "geometry": {"type": "LineString", "coordinates": [[121.4489674, 24.9934944], [121.4491167, 24.9934102], [121.4493135, 24.9932061], [121.4494996, 24.9929924], [121.4495411, 24.9929073], [121.4495925, 24.9928021]]}}, {"type": "Feature", "properties": {"county": "新北市", "district": "土城區", "highway": "secondary", "name": null}, "geometry": {"type": "LineString", "coordinates": [[121.4334244, 24.9955745], [121.4335411, 24.9955794], [121.4352026, 24.9954035], [121.4355346, 24.9954168]]}}, {"type": "Feature", "properties": {"county": "新北市", "district": "土城區", "highway": "residential", "name": "廣福街"}, "geometry": {"type": "LineString", "coordinates": [[121.4560336, 24.9934218], [121.4561624, 24.9931471], [121.4562738, 24.9928672], [121.4563556, 24.992613], [121.4564009, 24.9923624], [121.4564264, 24.9921229], [121.4564337, 24.9919184], [121.4564433, 24.9917252], [121.4565029, 24.9913897], [121.456645, 24.9905907], [121.4567226, 24.9901542], [121.4567308, 24.9901099], [121.4567476, 24.990019], [121.4567529, 24.9899903], [121.456822, 24.9894781], [121.4568471, 24.9894163], [121.4568783, 24.9893395], [121.4569561, 24.9892156], [121.4570988, 24.989047], [121.4571408, 24.9889973], [121.4573182, 24.9887877], [121.4574389, 24.9886613], [121.4576294, 24.9884643]]}}, {"type": "Feature", "properties": {"county": "新北市", "district": "土城區", "highway": "unclassified", "name": "和城路一段"}, "geometry": {"type": "LineString", "coordinates": [[121.4854945, 24.9936183], [121.4854382, 24.9936912], [121.4834575, 24.9936508], [121.4824153, 24.9936207], [121.4823697, 24.9936207], [121.4809642, 24.9935891], [121.4808382, 24.9935842], [121.4801301, 24.9935574], [121.479776, 24.9935158], [121.4792986, 24.9934287], [121.4792044, 24.993415], [121.4791101, 24.9933965], [121.4789016, 24.993325], [121.4786606, 24.993217], [121.478443, 24.9930858], [121.4783318, 24.9930145], [121.4782793, 24.9929787], [121.4781877, 24.9929017], [121.4780241, 24.9927461], [121.4779383, 24.9926464], [121.4772865, 24.9917421], [121.4772391, 24.9916716], [121.4767715, 24.9909763], [121.4766618, 24.9908077]]}}, {"type": "Feature", "properties": {"county": "新北市", "district": "土城區", "highway": "residential", "name": "延吉街111巷"}, "geometry": {"type": "LineString", "coordinates": [[121.4712727, 24.9866751], [121.4712972, 24.986644], [121.4714968, 24.9863871], [121.4715777, 24.9862829], [121.4717792, 24.9860492], [121.4718948, 24.9859773], [121.4719415, 24.9859483]]}}, {"type": "Feature", "properties": {"county": "新北市", "district": "土城區", "highway": "unclassified", "name": null}, "geometry": {"type": "LineString", "coordinates": [[121.4780322, 24.9932726], [121.4780945, 24.9931871], [121.4782735, 24.993021], [121.4783318, 24.9930145]]}}, {"type": "Feature", "properties": {"county": "新北市", "district": "土城區", "highway": "residential", "name": "延吉街23巷"}, "geometry": {"type": "LineString", "coordinates": [[121.4730105, 24.9880377], [121.4729708, 24.9881806], [121.4728287, 24.9883701], [121.4727478, 24.9884037], [121.4726361, 24.9884261], [121.4724895, 24.9884554], [121.4724476, 24.9884638]]}}, {"type": "Feature", "properties": {"county": "新北市", "district": "土城區", "highway": "residential", "name": "立德路13巷"}, "geometry": {"type": "LineString", "coordinates": [[121.4615163, 24.9888581], [121.4613601, 24.9881657]]}}, {"type": "Feature", "properties": {"county": "新北市", "district": "土城區", "highway": "tertiary", "name": "永豐路"}, "geometry": {"type": "LineString", "coordinates": [[121.4615163, 24.9888581], [121.4612, 24.9889976], [121.4610446, 24.989057]]}}, {"type": "Feature", "properties": {"county": "新北市", "district": "土城區", "highway": "residential", "name": "信義路279巷"}, "geometry": {"type": "LineString", "coordinates": [[121.4610617, 24.9892019], [121.4606754, 24.9898148], [121.4604766, 24.9900924], [121.4604273, 24.9901448]]}}, {"type": "Feature", "properties": {"county": "新北市", "district": "土城區", "highway": "unclassified", "name": "廣福街68巷"}, "geometry": {"type": "LineString", "coordinates": [[121.458538, 24.9903434], [121.4583264, 24.9903627], [121.4582346, 24.9903711], [121.4577135, 24.9902967], [121.4567701, 24.990162], [121.4567226, 24.9901542]]}}, {"type": "Feature", "properties": {"county": "新北市", "district": "土城區", "highway": "residential", "name": "華東街"}, "geometry": {"type": "LineString", "coordinates": [[121.4519872, 24.99874], [121.4515721, 24.9975605], [121.4514333, 24.9972938], [121.451418, 24.9972699], [121.4513108, 24.9970677], [121.4510358, 24.9966567], [121.4507944, 24.9963638], [121.4503774, 24.9959517], [121.4501327, 24.9957402], [121.4491835, 24.9949196], [121.4491456, 24.9948868]]}}, {"type": "Feature", "properties": {"county": "新北市", "district": "土城區", "highway": "unclassified", "name": "廣福街77巷"}, "geometry": {"type": "LineString", "coordinates": [[121.4567226, 24.9901542], [121.4564189, 24.9900987], [121.4551718, 24.9899042], [121.4550004, 24.9899146], [121.4548746, 24.9899628]]}}, {"type": "Feature", "properties": {"county": "新北市", "district": "土城區", "highway": "unclassified", "name": "廣福街68巷18弄"}, "geometry": {"type": "LineString", "coordinates": [[121.458538, 24.9903434], [121.458666, 24.9903667], [121.4587425, 24.990419], [121.458831, 24.9904518], [121.4590858, 24.9904925], [121.4592522, 24.9904884], [121.4593567, 24.9904858], [121.4595686, 24.9905004], [121.4598288, 24.9905545], [121.4598615, 24.9905664], [121.4600594, 24.9906384], [121.4601559, 24.9906942], [121.4602319, 24.9907154]]}}, {"type": "Feature", "properties": {"county": "新北市", "district": "土城區", "highway": "unclassified", "name": "廣福街68巷"}, "geometry": {"type": "LineString", "coordinates": [[121.4567529, 24.9899903], [121.4570464, 24.9900355], [121.4581999, 24.9902081], [121.458538, 24.9903434]]}}, {"type": "Feature", "properties": {"county": "新北市", "district": "土城區", "highway": "unclassified", "name": "廣福街77巷"}, "geometry": {"type": "LineString", "coordinates": [[121.4548204, 24.9898045], [121.4550538, 24.9897526], [121.4554615, 24.9897964], [121.4557946, 24.989852], [121.4558958, 24.9898629], [121.4562526, 24.9899285], [121.4567529, 24.9899903]]}}, {"type": "Feature", "properties": {"county": "新北市", "district": "土城區", "highway": "secondary", "name": "浮洲橋"}, "geometry": {"type": "LineString", "coordinates": [[121.4318302, 24.9961669], [121.4320382, 24.9960209], [121.4322152, 24.9959085], [121.4323937, 24.9958281], [121.4326208, 24.995753], [121.4328764, 24.9957033], [121.435208, 24.9954688], [121.4355346, 24.9954168]]}}, {"type": "Feature", "properties": {"county": "新北市", "district": "土城區", "highway": "unclassified", "name": "浮洲橋機車道"}, "geometry": {"type": "LineString", "coordinates": [[121.4428644, 24.9947166], [121.4426535, 24.9948068], [121.4421423, 24.9948926], [121.4419226, 24.9949309], [121.4412336, 24.9950156], [121.4407764, 24.995126], [121.4402323, 24.9952393], [121.4399182, 24.9952749], [121.439543, 24.9953166], [121.4391915, 24.9953498], [121.438945, 24.9953569], [121.4388244, 24.9953557], [121.4385212, 24.9953715], [121.43743, 24.9954054], [121.4369252, 24.9954574], [121.4357055, 24.9955794], [121.4350938, 24.9956446], [121.4349684, 24.9956431]]}}, {"type": "Feature", "properties": {"county": "新北市", "district": "土城區", "highway": "secondary_link", "name": "四川路二段140巷"}, "geometry": {"type": "LineString", "coordinates": [[121.4500929, 24.9934585], [121.4499499, 24.9934117], [121.4498883, 24.9934128], [121.4498585, 24.9934133], [121.449639, 24.9934413], [121.449426, 24.9934793], [121.4493803, 24.9934844]]}}, {"type": "Feature", "properties": {"county": "新北市", "district": "土城區", "highway": "tertiary", "name": "永豐路"}, "geometry": {"type": "LineString", "coordinates": [[121.4683298, 24.9802107], [121.4679898, 24.9802552], [121.4678504, 24.9802856], [121.4676479, 24.9803816], [121.4675875, 24.9804363], [121.4675379, 24.9806989], [121.4674413, 24.9808691], [121.4672729, 24.981029], [121.4671879, 24.9811098], [121.4670994, 24.9811961], [121.4670698, 24.9812654], [121.4670725, 24.9813432], [121.4671275, 24.9815499], [121.4671397, 24.9816255], [121.467153, 24.9817079], [121.467145, 24.9817795], [121.4671141, 24.982058], [121.467114, 24.9821241], [121.4671132, 24.9825106], [121.4671128, 24.9827144], [121.4670752, 24.9828664], [121.4670175, 24.9829758], [121.4667414, 24.9833182], [121.4665255, 24.9836002], [121.4664065, 24.9837427], [121.4662848, 24.983904], [121.4661947, 24.9840008], [121.4658366, 24.9843751], [121.4656819, 24.9845322], [121.4653112, 24.9848935], [121.4651376, 24.9849629]]}}, {"type": "Feature", "properties": {"county": "新北市", "district": "土城區", "highway": "residential", "name": "永豐路202巷"}, "geometry": {"type": "LineString", "coordinates": [[121.4667414, 24.9833182], [121.4666612, 24.9833066], [121.4662346, 24.9832175]]}}, {"type": "Feature", "properties": {"county": "新北市", "district": "土城區", "highway": "tertiary", "name": "永豐路"}, "geometry": {"type": "LineString", "coordinates": [[121.4628514, 24.9880321], [121.461762, 24.988714], [121.4615163, 24.9888581]]}}, {"type": "Feature", "properties": {"county": "新北市", "district": "土城區", "highway": "tertiary", "name": "永豐路"}, "geometry": {"type": "LineString", "coordinates": [[121.4628514, 24.9880321], [121.4628786, 24.9877852]]}}, {"type": "Feature", "properties": {"county": "新北市", "district": "土城區", "highway": "tertiary", "name": "員山路"}, "geometry": {"type": "LineString", "coordinates": [[121.4799983, 25.005933], [121.4800508, 25.005781], [121.4801009, 25.0056134], [121.4801519, 25.0054007], [121.480238, 25.0051311], [121.4803048, 25.0049218], [121.4804341, 25.0046625], [121.4804617, 25.0045949], [121.4805164, 25.0044858], [121.4806022, 25.004315], [121.4807943, 25.0038948], [121.4809102, 25.0036567], [121.480937, 25.0036032], [121.4810028, 25.0034578], [121.4810322, 25.0033949], [121.4811227, 25.0032013], [121.4811369, 25.0031686], [121.4811798, 25.0030744], [121.4812053, 25.0030082], [121.4812368, 25.002928], [121.4812596, 25.002784], [121.4812697, 25.002632], [121.481267, 25.0025141], [121.4812697, 25.0024375], [121.4812712, 25.0023811], [121.4812771, 25.0020635], [121.4812818, 25.001813], [121.4812865, 25.0012901], [121.481286, 25.0011848], [121.4812863, 25.0011063], [121.4812896, 25.0009894], [121.4812951, 25.0007944], [121.4813007, 24.9999755], [121.4813016, 24.9996167], [121.4813001, 24.9993091], [121.4813035, 24.9991426], [121.4812987, 24.9987803], [121.4812993, 24.99858], [121.4812984, 24.9985476], [121.4812969, 24.998479], [121.4812965, 24.9983338], [121.4812965, 24.9982793], [121.4812927, 24.9979277], [121.4812945, 24.9978122], [121.4812754, 24.9974992], [121.4812495, 24.9971599], [121.481245, 24.997101], [121.4812378, 24.9970354], [121.4812354, 24.9970132], [121.4812084, 24.9967928], [121.4811739, 24.9965404], [121.4811521, 24.9963738], [121.4811489, 24.9963496], [121.4811383, 24.9962819], [121.481125, 24.9961878]]}}, {"type": "Feature", "properties": {"county": "新北市", "district": "土城區", "highway": "residential", "name": "延和路18巷"}, "geometry": {"type": "LineString", "coordinates": [[121.4644362, 24.9882757], [121.4646678, 24.9879817], [121.4648864, 24.9876813]]}}, {"type": "Feature", "properties": {"county": "新北市", "district": "土城區", "highway": "residential", "name": "立德路135巷"}, "geometry": {"type": "LineString", "coordinates": [[121.4652533, 24.9871512], [121.4649527, 24.9869731], [121.4647183, 24.9868348], [121.4643032, 24.9866104]]}}, {"type": "Feature", "properties": {"county": "新北市", "district": "土城區", "highway": "unclassified", "name": "樟坑湖路"}, "geometry": {"type": "LineString", "coordinates": [[121.4479733, 24.9421922], [121.4479768, 24.9421429], [121.4479498, 24.9419964], [121.4478933, 24.9418256], [121.4478637, 24.941745], [121.447861, 24.9416694], [121.4479068, 24.9414034], [121.4479525, 24.9411983], [121.4480037, 24.9410787], [121.4480952, 24.9409201], [121.4481086, 24.9408444], [121.4480898, 24.9407785], [121.4480494, 24.9407175], [121.4479687, 24.9406663], [121.4479041, 24.9406467], [121.4478341, 24.9406443], [121.4477722, 24.9406589], [121.447678, 24.9407102], [121.4476376, 24.94072], [121.4475918, 24.9407151], [121.447538, 24.9406956], [121.4474565, 24.9406644], [121.4472969, 24.9405963], [121.4471996, 24.9405589], [121.447148, 24.9405391], [121.447085, 24.9405221], [121.4470045, 24.9405039], [121.4466411, 24.9404467], [121.4466022, 24.9404333], [121.44657, 24.9404127], [121.4465271, 24.9403738], [121.4460135, 24.9398496], [121.4457117, 24.939525], [121.4456701, 24.9394836], [121.4455479, 24.9393756], [121.4454033, 24.9392477], [121.4451324, 24.9389887], [121.4451055, 24.9389595], [121.4450787, 24.9389218], [121.4449768, 24.9388282], [121.4449433, 24.9387905], [121.4449258, 24.9387588], [121.4449232, 24.9387321], [121.4449258, 24.9387017], [121.4449835, 24.9385472], [121.4449915, 24.9385047], [121.4449848, 24.9384731], [121.4449594, 24.9384439], [121.4449325, 24.938422], [121.4448816, 24.9383995], [121.4447448, 24.9383436], [121.4446952, 24.9383181], [121.4446496, 24.9382779], [121.4446214, 24.9382366], [121.4446013, 24.9381916], [121.4445959, 24.9381357], [121.4446019, 24.9380439], [121.4446609, 24.9378827], [121.4446764, 24.9378365], [121.4446817, 24.9378037], [121.4446737, 24.9377441], [121.4446361, 24.9375836], [121.4445543, 24.9372552], [121.4445382, 24.9370838], [121.444545, 24.9369451], [121.444561, 24.9368746], [121.4445758, 24.9368381], [121.444608, 24.9368065], [121.4446576, 24.9367797], [121.4447287, 24.936753], [121.444777, 24.936742], [121.4451297, 24.9366533], [121.4452262, 24.9366156], [121.4452785, 24.9365888], [121.4453067, 24.9365681], [121.4455454, 24.9363663], [121.4456782, 24.9362568], [121.4457251, 24.936207], [121.4457439, 24.9361766], [121.4457506, 24.9361498], [121.4457439, 24.9361206], [121.4457278, 24.9361012], [121.4456675, 24.9360708], [121.4453282, 24.9359577], [121.4452866, 24.9359467], [121.4450827, 24.9359102], [121.4449915, 24.9358871], [121.4449459, 24.9358652], [121.4449218, 24.9358446], [121.4449057, 24.9358166], [121.4449044, 24.935785], [121.4449178, 24.9357351], [121.4449486, 24.935633], [121.4449567, 24.9355904], [121.4449526, 24.9355454], [121.4449366, 24.9354797], [121.4449205, 24.935408], [121.4449205, 24.9353533], [121.4449339, 24.9353107], [121.444954, 24.9352754], [121.4449822, 24.9352511], [121.4450519, 24.9352244], [121.4452343, 24.9351636], [121.445304, 24.9351502], [121.4453818, 24.9351453], [121.4454596, 24.9351502], [121.4455615, 24.9351745], [121.4456272, 24.9351781], [121.4456621, 24.9351696], [121.4456809, 24.9351502], [121.4456929, 24.935121], [121.4456943, 24.9350796], [121.4456782, 24.9350371], [121.4456031, 24.9349325], [121.4455266, 24.9348449], [121.4454891, 24.934817], [121.4453496, 24.9347562], [121.4452826, 24.9347197], [121.4452236, 24.9346686], [121.4452021, 24.9346358], [121.445194, 24.9345823], [121.4451981, 24.9345312], [121.4452128, 24.9344959], [121.4452624, 24.9344011], [121.4452906, 24.9343354], [121.4452973, 24.934243], [121.4452839, 24.9341603], [121.4452557, 24.9341092], [121.4452115, 24.9340703], [121.4451672, 24.9340447], [121.4450975, 24.9340302], [121.4450465, 24.9340168], [121.4450009, 24.93399], [121.444958, 24.9339414], [121.4449138, 24.9338733], [121.444903, 24.933821], [121.4449097, 24.9337711], [121.4449366, 24.9337298], [121.4450546, 24.9336155], [121.4450854, 24.9335729], [121.4450975, 24.9335328], [121.4450975, 24.9334975], [121.445072, 24.9334209], [121.4450371, 24.933337], [121.4450304, 24.9332895], [121.4450438, 24.9332348], [121.4450666, 24.9332032], [121.4451042, 24.9331667], [121.4451364, 24.9331497], [121.4452303, 24.9331241], [121.4452772, 24.9331059], [121.4453161, 24.9330792], [121.4453764, 24.9330281], [121.4455333, 24.9328615], [121.4455736, 24.9328238], [121.4456554, 24.9327715], [121.4457587, 24.9327192], [121.4457895, 24.9326997], [121.445811, 24.9326742], [121.4458177, 24.9326438], [121.4458069, 24.9326182], [121.4457654, 24.9325878], [121.4457251, 24.9325757], [121.4456862, 24.9325781], [121.4456366, 24.9325976], [121.4455776, 24.9326316], [121.4454931, 24.9326888], [121.4454529, 24.9327082], [121.4454086, 24.9327228], [121.4453134, 24.9327228], [121.4449674, 24.9326876], [121.4447206, 24.9326523], [121.4445745, 24.9326182], [121.4445369, 24.932617], [121.44449, 24.9326219], [121.4444082, 24.9326438], [121.4443357, 24.9326645], [121.4442808, 24.9326888], [121.4439334, 24.9328955], [121.4436424, 24.9330573], [121.4434211, 24.9332068], [121.4433044, 24.9333102], [121.4430603, 24.933613], [121.4430013, 24.9336763], [121.4429598, 24.933703], [121.4429169, 24.933714], [121.4428739, 24.9337127], [121.4428149, 24.9336982], [121.4425856, 24.9336069], [121.4423911, 24.9335267], [121.4423402, 24.9335157], [121.4422879, 24.9335084], [121.4420746, 24.9335279], [121.4419754, 24.9335425], [121.4419392, 24.9335388], [121.4419083, 24.933523], [121.4418842, 24.9334938], [121.4418681, 24.9334452], [121.4418627, 24.9333771], [121.4418721, 24.9333236], [121.4419003, 24.9332604], [121.4420036, 24.9331241], [121.4420746, 24.9330269], [121.4421055, 24.9329612], [121.4421149, 24.9329223], [121.4421216, 24.9328639], [121.4421296, 24.9328201], [121.4421484, 24.9327715], [121.4422517, 24.9325514], [121.4423227, 24.932437], [121.4423509, 24.9324042], [121.4423965, 24.932375], [121.4425454, 24.9323093], [121.4426084, 24.9322741], [121.4426594, 24.9322206], [121.4427076, 24.9321488], [121.4427626, 24.9320199], [121.4428283, 24.9319032], [121.442941, 24.9317499], [121.4431019, 24.9315432], [121.4431247, 24.9315104], [121.4431341, 24.9314714], [121.4431341, 24.9314277], [121.4431153, 24.9313316], [121.4430979, 24.9312161], [121.4431301, 24.9310932], [121.4431971, 24.9309728], [121.4432763, 24.930895], [121.4433272, 24.9308549], [121.4433581, 24.9308305], [121.4433715, 24.9308135], [121.4433782, 24.9307795], [121.4433728, 24.9307345], [121.4433393, 24.930625], [121.4433105, 24.930535], [121.4432857, 24.9304961], [121.4432213, 24.9304207], [121.4431797, 24.9303368], [121.443169, 24.9302845], [121.4431757, 24.9302261], [121.4432079, 24.9301355], [121.4432347, 24.9300419], [121.443232, 24.9299896], [121.4432146, 24.9299507], [121.4431998, 24.9299373], [121.4431757, 24.9299288], [121.4431167, 24.9299276], [121.4429477, 24.9299507], [121.4428994, 24.9299494], [121.4428645, 24.9299361], [121.4428404, 24.9299142], [121.4427988, 24.9298461], [121.4427707, 24.929784], [121.4427063, 24.9296527], [121.4426258, 24.9295457], [121.4424837, 24.9293353], [121.4424595, 24.9292939], [121.4423992, 24.9291638], [121.4423777, 24.9291212], [121.4423536, 24.9290908], [121.442308, 24.9290544], [121.4417648, 24.928653], [121.4417219, 24.928636], [121.4416777, 24.9286323], [121.4416415, 24.928636], [121.4416079, 24.9286591], [121.4415382, 24.928743], [121.4414899, 24.9287941], [121.4412861, 24.9289887], [121.4412646, 24.9290191], [121.4412579, 24.9290495], [121.4412579, 24.9290835], [121.4412686, 24.929148], [121.441278, 24.9292307], [121.44127, 24.9292769], [121.4412485, 24.9293231], [121.441215, 24.9293706], [121.4411774, 24.9294022], [121.4408234, 24.9296357], [121.4406906, 24.9297549], [121.440633, 24.9297889], [121.44059, 24.9297901], [121.4405565, 24.9297707], [121.4405418, 24.9297366], [121.4405592, 24.9296819], [121.4405981, 24.9296199], [121.4407416, 24.9294849], [121.4408489, 24.9293973], [121.4409736, 24.9292745], [121.4409897, 24.929238], [121.4409857, 24.9292039], [121.4409629, 24.9291723], [121.4409307, 24.9291602], [121.4408904, 24.929165], [121.4408475, 24.9291893], [121.4407268, 24.9292818], [121.4406598, 24.9293183], [121.4406075, 24.929328], [121.4405592, 24.9293256], [121.4405216, 24.9293073], [121.4404948, 24.9292696], [121.4403661, 24.9289461], [121.4403392, 24.9288634], [121.4403232, 24.9288014], [121.4402883, 24.928529], [121.4402776, 24.9284597], [121.4402615, 24.9283952], [121.4402065, 24.9282602], [121.4401421, 24.9281362], [121.4401206, 24.9280681], [121.4401086, 24.928006], [121.4401059, 24.9279562], [121.440118, 24.9279172], [121.4401381, 24.9278966], [121.4401662, 24.9278856], [121.4401984, 24.9278905], [121.4402239, 24.9279063], [121.4402534, 24.9279428], [121.4402709, 24.9279854], [121.4403245, 24.928152], [121.4403647, 24.9282347], [121.4403956, 24.9282748], [121.4404371, 24.9282979], [121.4404841, 24.9282985], [121.4405297, 24.9282718], [121.4405619, 24.9282255], [121.4405833, 24.9281477], [121.4406048, 24.9279726], [121.4406182, 24.9277342], [121.4406128, 24.9276394], [121.4405967, 24.9275396], [121.440578, 24.9273134], [121.4405833, 24.927114], [121.4406021, 24.9268902], [121.4406611, 24.9266348], [121.4406853, 24.9264706], [121.4406961, 24.926383], [121.4406834, 24.9263296], [121.4406359, 24.926264]]}}, {"type": "Feature", "properties": {"county": "新北市", "district": "土城區", "highway": "tertiary", "name": "城林橋"}, "geometry": {"type": "LineString", "coordinates": [[121.4284541, 24.9809276], [121.4285681, 24.9807923], [121.4286331, 24.9807211], [121.4287548, 24.9806125], [121.4321679, 24.9780585], [121.4324129, 24.9778801]]}}, {"type": "Feature", "properties": {"county": "新北市", "district": "土城區", "highway": "tertiary", "name": "溪城路"}, "geometry": {"type": "LineString", "coordinates": [[121.4285761, 24.9809626], [121.4285494, 24.9810049], [121.4282061, 24.9815481], [121.4280265, 24.9818047], [121.4277591, 24.9821866], [121.4272277, 24.9829459], [121.4268705, 24.983496], [121.4268097, 24.9835896]]}}, {"type": "Feature", "properties": {"county": "新北市", "district": "土城區", "highway": "tertiary", "name": "城林橋"}, "geometry": {"type": "LineString", "coordinates": [[121.4345964, 24.9764047], [121.4344067, 24.976535], [121.4329283, 24.9776394], [121.432923, 24.9776433], [121.4288744, 24.9806677], [121.4287227, 24.98079], [121.4285761, 24.9809626]]}}, {"type": "Feature", "properties": {"county": "新北市", "district": "土城區", "highway": "tertiary", "name": "柑城橋"}, "geometry": {"type": "LineString", "coordinates": [[121.411487, 24.9601731], [121.4094923, 24.960142], [121.4093408, 24.9600915]]}}, {"type": "Feature", "properties": {"county": "新北市", "district": "土城區", "highway": "tertiary", "name": "城林路"}, "geometry": {"type": "LineString", "coordinates": [[121.4366243, 24.975461], [121.4370315, 24.9753095], [121.4382669, 24.9753001], [121.4385171, 24.9752199]]}}, {"type": "Feature", "properties": {"county": "新北市", "district": "土城區", "highway": "residential", "name": "長壽街"}, "geometry": {"type": "LineString", "coordinates": [[121.424379, 24.9930576], [121.4242993, 24.993093], [121.4239843, 24.9932288], [121.4238164, 24.9933015], [121.4227945, 24.9937476], [121.4222292, 24.9939855], [121.4220119, 24.9940759], [121.4219312, 24.9941075], [121.4215272, 24.9942655], [121.4212048, 24.9943205], [121.42109, 24.9944985], [121.4208615, 24.9947921], [121.4207524, 24.9948351], [121.4206856, 24.9948702], [121.4204603, 24.995134], [121.420379, 24.9952395], [121.4203215, 24.9953141], [121.4202485, 24.9954203], [121.4202083, 24.9954775], [121.4199788, 24.9958584], [121.4196512, 24.9964717], [121.4198276, 24.99667], [121.4198866, 24.9967362]]}}, {"type": "Feature", "properties": {"county": "新北市", "district": "土城區", "highway": "residential", "name": "大安路145巷"}, "geometry": {"type": "LineString", "coordinates": [[121.4218334, 24.997045], [121.4219047, 24.9969903], [121.4226686, 24.9964045], [121.4233375, 24.9963025], [121.4236278, 24.9962392]]}}, {"type": "Feature", "properties": {"county": "新北市", "district": "土城區", "highway": "residential", "name": "啟智街"}, "geometry": {"type": "LineString", "coordinates": [[121.4145458, 24.9866421], [121.4145772, 24.9867015], [121.4146737, 24.9868126], [121.4149296, 24.9870603], [121.4151979, 24.9872864], [121.4155122, 24.9874643], [121.4155454, 24.9874836], [121.4156646, 24.9875389], [121.415725, 24.9875675], [121.41589, 24.9876624], [121.4160776, 24.987775], [121.4162233, 24.987865], [121.4163905, 24.987959], [121.4168524, 24.9881938], [121.417106, 24.9883156], [121.4174152, 24.9887336], [121.4174542, 24.9887869]]}}, {"type": "Feature", "properties": {"county": "新北市", "district": "土城區", "highway": "unclassified", "name": "光明街"}, "geometry": {"type": "LineString", "coordinates": [[121.4106726, 24.988726], [121.4110535, 24.9894], [121.4110678, 24.9894255]]}}, {"type": "Feature", "properties": {"county": "新北市", "district": "土城區", "highway": "residential", "name": "備內街"}, "geometry": {"type": "LineString", "coordinates": [[121.4139604, 24.9862477], [121.4139095, 24.9862809], [121.4132518, 24.9867099], [121.4131724, 24.9867617], [121.4128773, 24.9869862]]}}, {"type": "Feature", "properties": {"county": "新北市", "district": "土城區", "highway": "residential", "name": "東榮街"}, "geometry": {"type": "LineString", "coordinates": [[121.4183845, 24.9837586], [121.4182468, 24.9836922]]}}, {"type": "Feature", "properties": {"county": "新北市", "district": "土城區", "highway": "residential", "name": "樹德街"}, "geometry": {"type": "LineString", "coordinates": [[121.419015, 24.993029], [121.4193833, 24.9927875], [121.4194962, 24.9927228], [121.4197288, 24.9925601], [121.4198052, 24.9925102], [121.4199948, 24.9923848], [121.4201279, 24.9922999], [121.4207559, 24.9919894], [121.421182, 24.9917783]]}}, {"type": "Feature", "properties": {"county": "新北市", "district": "土城區", "highway": "residential", "name": "樹中街"}, "geometry": {"type": "LineString", "coordinates": [[121.4205435, 24.9862436], [121.4205996, 24.9861344], [121.4210773, 24.9854616], [121.4211794, 24.9853068], [121.4214308, 24.9849216]]}}, {"type": "Feature", "properties": {"county": "新北市", "district": "土城區", "highway": "tertiary", "name": "板林路"}, "geometry": {"type": "LineString", "coordinates": [[121.4251066, 24.9894361], [121.425139, 24.989483], [121.4252199, 24.989565], [121.4255647, 24.9899223], [121.4255819, 24.9899401], [121.4260209, 24.9903248], [121.4263553, 24.9905543], [121.4264189, 24.9905979]]}}, {"type": "Feature", "properties": {"county": "新北市", "district": "土城區", "highway": "tertiary", "name": "八德街"}, "geometry": {"type": "LineString", "coordinates": [[121.4150329, 24.9881665], [121.4151197, 24.9881135], [121.4151655, 24.9880457], [121.4155454, 24.9874836], [121.415866, 24.9870038], [121.4162317, 24.9865291], [121.4162651, 24.9864888]]}}, {"type": "Feature", "properties": {"county": "新北市", "district": "土城區", "highway": "tertiary", "name": "環漢路四段"}, "geometry": {"type": "LineString", "coordinates": [[121.4351953, 24.9953431], [121.4351936, 24.9952801], [121.4351098, 24.9921034], [121.4350577, 24.9904632], [121.4350414, 24.9901957], [121.4349423, 24.9894466], [121.4348453, 24.9889412], [121.434731, 24.9884962], [121.4343686, 24.9873971], [121.4338966, 24.9861983], [121.4334431, 24.985278], [121.4330708, 24.9845852], [121.4326418, 24.9838969], [121.4322558, 24.9833299], [121.4318453, 24.9827689], [121.431392, 24.9822055], [121.4309177, 24.9816545], [121.430797, 24.9815318], [121.4307644, 24.9814987], [121.4307145, 24.981448], [121.4304083, 24.9811368], [121.4297871, 24.9805329], [121.4291657, 24.9799834], [121.4281989, 24.9791192], [121.427133, 24.9781424]]}}, {"type": "Feature", "properties": {"county": "新北市", "district": "土城區", "highway": "residential", "name": "大觀路三段160巷"}, "geometry": {"type": "LineString", "coordinates": [[121.4299897, 24.9939154], [121.429444, 24.9942006], [121.4293149, 24.9942679]]}}, {"type": "Feature", "properties": {"county": "新北市", "district": "土城區", "highway": "residential", "name": "大觀路三段160巷34弄"}, "geometry": {"type": "LineString", "coordinates": [[121.4303296, 24.9944757], [121.4299897, 24.9939154]]}}, {"type": "Feature", "properties": {"county": "新北市", "district": "土城區", "highway": "residential", "name": "中華路12巷"}, "geometry": {"type": "LineString", "coordinates": [[121.4200495, 24.9842161], [121.4203535, 24.9837366], [121.4211386, 24.9825008], [121.4212669, 24.9822989], [121.4212863, 24.9822683], [121.4213196, 24.9822152]]}}, {"type": "Feature", "properties": {"county": "新北市", "district": "土城區", "highway": "residential", "name": "保順街"}, "geometry": {"type": "LineString", "coordinates": [[121.4293149, 24.9942679], [121.4290391, 24.9944517], [121.4287684, 24.9946237], [121.4284952, 24.9948211], [121.4284534, 24.9948523], [121.4281799, 24.9950292], [121.4277581, 24.995302], [121.4276621, 24.995364]]}}, {"type": "Feature", "properties": {"county": "新北市", "district": "土城區", "highway": "residential", "name": "樹中二街"}, "geometry": {"type": "LineString", "coordinates": [[121.4236473, 24.9833943], [121.4236153, 24.9834415], [121.4235926, 24.9834721], [121.4229385, 24.9843542], [121.4225662, 24.9849181], [121.4222734, 24.9853591], [121.4214308, 24.9849216]]}}, {"type": "Feature", "properties": {"county": "新北市", "district": "土城區", "highway": "tertiary_link", "name": "大觀路三段"}, "geometry": {"type": "LineString", "coordinates": [[121.4335926, 24.9955057], [121.4337295, 24.9954895], [121.4338453, 24.99548], [121.4346357, 24.9953992], [121.4350362, 24.9953591], [121.4351953, 24.9953431]]}}, {"type": "Feature", "properties": {"county": "新北市", "district": "土城區", "highway": "tertiary", "name": "鎮前街97巷"}, "geometry": {"type": "LineString", "coordinates": [[121.4251066, 24.9894361], [121.42506, 24.9894612], [121.425022, 24.9894814], [121.4250043, 24.989491]]}}, {"type": "Feature", "properties": {"county": "新北市", "district": "土城區", "highway": "residential", "name": "樹中街"}, "geometry": {"type": "LineString", "coordinates": [[121.4214308, 24.9849216], [121.4200795, 24.9842314], [121.4200495, 24.9842161], [121.4190999, 24.9837311], [121.4190268, 24.9836938], [121.4189755, 24.9836676], [121.4186411, 24.9834968], [121.4185795, 24.9834653]]}}, {"type": "Feature", "properties": {"county": "新北市", "district": "土城區", "highway": "residential", "name": "保順街(保安街一段14巷)"}, "geometry": {"type": "LineString", "coordinates": [[121.4290391, 24.9944517], [121.4290232, 24.994789], [121.4290374, 24.9950933], [121.4291118, 24.9953242], [121.4292633, 24.9955575], [121.4293997, 24.9957398], [121.4294826, 24.9958276]]}}, {"type": "Feature", "properties": {"county": "新北市", "district": "土城區", "highway": "unclassified", "name": "保安街一段289巷"}, "geometry": {"type": "LineString", "coordinates": [[121.4184324, 24.9976522], [121.4183645, 24.9975738], [121.4183486, 24.9975575], [121.418059, 24.9973072], [121.4179036, 24.9971661], [121.4177034, 24.9970134], [121.4172798, 24.9968253], [121.4171895, 24.9967752], [121.4171145, 24.9966788], [121.4170881, 24.9966203], [121.4170948, 24.9964507], [121.4171364, 24.9963435], [121.4170311, 24.9962845], [121.4168463, 24.9962041], [121.4165449, 24.9960506], [121.4164911, 24.9960053], [121.4163652, 24.9959091], [121.4162857, 24.9958438], [121.4161811, 24.9957881], [121.4160561, 24.9957276], [121.4159766, 24.9957179], [121.4159036, 24.9957237], [121.4156976, 24.9958265], [121.4153748, 24.9958669], [121.415296, 24.995876], [121.4151401, 24.995887], [121.4148929, 24.9958485], [121.4146239, 24.9958206], [121.4145645, 24.995772], [121.4147688, 24.995248], [121.4148223, 24.9951811], [121.414974, 24.9951527], [121.4151067, 24.9949559], [121.4151263, 24.994906], [121.4150007, 24.9946988], [121.4149819, 24.9946373], [121.4150163, 24.9945639], [121.4150627, 24.9945262], [121.4151485, 24.99452], [121.4152362, 24.9945154], [121.4154247, 24.9943985], [121.4156262, 24.9942198], [121.4156628, 24.9941548], [121.415649, 24.994088], [121.4155877, 24.994057], [121.4154759, 24.9940353]]}}, {"type": "Feature", "properties": {"county": "新北市", "district": "土城區", "highway": "tertiary", "name": "板林路"}, "geometry": {"type": "LineString", "coordinates": [[121.4260454, 24.9846667], [121.4259951, 24.9847162], [121.4258055, 24.9849773], [121.4256705, 24.9851949], [121.4252387, 24.9859159], [121.4251395, 24.9860639], [121.4245452, 24.9869755], [121.4245389, 24.9869875], [121.4245103, 24.9870606]]}}, {"type": "Feature", "properties": {"county": "新北市", "district": "土城區", "highway": "residential", "name": "金門街"}, "geometry": {"type": "LineString", "coordinates": [[121.426692, 24.9835291], [121.4268097, 24.9835896]]}}, {"type": "Feature", "properties": {"county": "新北市", "district": "土城區", "highway": "tertiary", "name": "環漢路五段"}, "geometry": {"type": "LineString", "coordinates": [[121.4046742, 24.9693096], [121.4048222, 24.9693114], [121.4057724, 24.9693678], [121.406621, 24.9694349], [121.4071296, 24.9694772], [121.4075143, 24.9695151], [121.4077584, 24.9695346], [121.4083635, 24.9696182], [121.4088098, 24.9696829], [121.4101268, 24.9698993], [121.410646, 24.970017], [121.4108107, 24.9700476], [121.4113166, 24.9701629], [121.4118302, 24.9702845], [121.4119576, 24.9703127], [121.4120492, 24.9703357], [121.4120876, 24.9703452], [121.4123975, 24.9704182], [121.4130922, 24.9705908], [121.4140002, 24.9708304], [121.4143003, 24.9709205], [121.4146194, 24.9710859], [121.4148716, 24.9711831], [121.4155596, 24.9713899], [121.4164487, 24.9716792], [121.4168553, 24.9718139], [121.4176037, 24.9721105], [121.4179212, 24.9722481], [121.4187554, 24.9726372], [121.4193455, 24.9729484], [121.419403, 24.972979], [121.419453, 24.9730057]]}}, {"type": "Feature", "properties": {"county": "新北市", "district": "土城區", "highway": "residential", "name": "日新街"}, "geometry": {"type": "LineString", "coordinates": [[121.4197782, 24.9874133], [121.4198017, 24.9874498], [121.4201315, 24.987963], [121.4202944, 24.9882148], [121.4205817, 24.9886589], [121.4206858, 24.9888198], [121.4208066, 24.9890068], [121.4209504, 24.9892295], [121.4211678, 24.9895736], [121.4215083, 24.9901316], [121.4218739, 24.990723], [121.4219907, 24.990912], [121.4221612, 24.9911879]]}}, {"type": "Feature", "properties": {"county": "新北市", "district": "土城區", "highway": "residential", "name": "樹德街"}, "geometry": {"type": "LineString", "coordinates": [[121.421182, 24.9917783], [121.4214452, 24.9917387], [121.4221501, 24.9916327], [121.4224032, 24.9915999], [121.422586, 24.9915553], [121.4230708, 24.9913667], [121.4232521, 24.9912896], [121.4233004, 24.9912645]]}}, {"type": "Feature", "properties": {"county": "新北市", "district": "土城區", "highway": "residential", "name": "日新街18巷"}, "geometry": {"type": "LineString", "coordinates": [[121.421471, 24.9929462], [121.4224908, 24.992158], [121.4226898, 24.992069]]}}, {"type": "Feature", "properties": {"county": "新北市", "district": "土城區", "highway": "residential", "name": "啟智街"}, "geometry": {"type": "LineString", "coordinates": [[121.4174542, 24.9887869], [121.4175627, 24.9887753], [121.4176161, 24.9887696], [121.418089, 24.9894483], [121.4181615, 24.9896738], [121.4186224, 24.9901259], [121.4187322, 24.990284], [121.4188579, 24.9904649]]}}, {"type": "Feature", "properties": {"county": "新北市", "district": "土城區", "highway": "tertiary", "name": "八德地下道"}, "geometry": {"type": "LineString", "coordinates": [[121.4163768, 24.9864575], [121.4171338, 24.9853768]]}}, {"type": "Feature", "properties": {"county": "新北市", "district": "土城區", "highway": "tertiary", "name": "水源街"}, "geometry": {"type": "LineString", "coordinates": [[121.427133, 24.9781424], [121.4262968, 24.9790712], [121.4262215, 24.9791634], [121.4261892, 24.9792029], [121.4259843, 24.9794536], [121.4259355, 24.9795133], [121.4258915, 24.9798226], [121.425846, 24.9802802], [121.425736, 24.9809628], [121.4256414, 24.9813474], [121.4255716, 24.9816313], [121.425461, 24.9820814], [121.4253009, 24.98249], [121.4251784, 24.9827905], [121.4249604, 24.9833376], [121.4247488, 24.9838687], [121.4247211, 24.9839382]]}}, {"type": "Feature", "properties": {"county": "新北市", "district": "土城區", "highway": "tertiary", "name": "環漢路四段"}, "geometry": {"type": "LineString", "coordinates": [[121.4352116, 24.9957046], [121.4352135, 24.995779], [121.4352271, 24.9960273], [121.435262, 24.9976505]]}}, {"type": "Feature", "properties": {"county": "新北市", "district": "土城區", "highway": "residential", "name": "立仁街"}, "geometry": {"type": "LineString", "coordinates": [[121.4228884, 24.9886366], [121.4218819, 24.9887027], [121.4217977, 24.9887061]]}}, {"type": "Feature", "properties": {"county": "新北市", "district": "土城區", "highway": "unclassified", "name": "海明街"}, "geometry": {"type": "LineString", "coordinates": [[121.4103071, 24.9889545], [121.4106892, 24.989628]]}}, {"type": "Feature", "properties": {"county": "新北市", "district": "土城區", "highway": "secondary", "name": null}, "geometry": {"type": "LineString", "coordinates": [[121.4114573, 24.9831236], [121.4113919, 24.9830254], [121.4113294, 24.9829315]]}}, {"type": "Feature", "properties": {"county": "新北市", "district": "土城區", "highway": "tertiary", "name": "環漢路四段"}, "geometry": {"type": "LineString", "coordinates": [[121.4351953, 24.9953431], [121.4352116, 24.9957046]]}}, {"type": "Feature", "properties": {"county": "新北市", "district": "土城區", "highway": "secondary", "name": null}, "geometry": {"type": "LineString", "coordinates": [[121.4104336, 24.980859], [121.4103886, 24.9807397], [121.4103609, 24.9806664]]}}, {"type": "Feature", "properties": {"county": "新北市", "district": "土城區", "highway": "secondary", "name": "中山地下道"}, "geometry": {"type": "LineString", "coordinates": [[121.4113294, 24.9829315], [121.4108558, 24.9818608], [121.4104336, 24.980859]]}}, {"type": "Feature", "properties": {"county": "新北市", "district": "土城區", "highway": "residential", "name": "忠孝街"}, "geometry": {"type": "LineString", "coordinates": [[121.4230431, 24.9831532], [121.4230733, 24.9831035], [121.4231079, 24.9830466], [121.4233571, 24.9826366], [121.4235164, 24.9823741], [121.4236705, 24.9821204], [121.4239186, 24.9817119], [121.4241284, 24.9813665], [121.4244234, 24.980881]]}}, {"type": "Feature", "properties": {"county": "新北市", "district": "土城區", "highway": "residential", "name": "國凱街"}, "geometry": {"type": "LineString", "coordinates": [[121.4185414, 24.9780224], [121.4192243, 24.9783499], [121.4197332, 24.9786025], [121.4202738, 24.9788643], [121.420731, 24.9790865], [121.4208351, 24.9791371], [121.4212078, 24.9793226], [121.4212457, 24.979341], [121.4213014, 24.9793665], [121.4213916, 24.9794106], [121.421408, 24.9794194], [121.4218025, 24.9795869], [121.4218292, 24.9795983], [121.4219002, 24.9796311], [121.4219723, 24.9796675], [121.4220076, 24.979686], [121.4227934, 24.9800889], [121.4229796, 24.9801793], [121.4233208, 24.9803451], [121.4235244, 24.9804441], [121.4238564, 24.9806055], [121.4244234, 24.980881]]}}, {"type": "Feature", "properties": {"county": "新北市", "district": "土城區", "highway": "residential", "name": "千歲街"}, "geometry": {"type": "LineString", "coordinates": [[121.4293191, 25.0012719], [121.429263, 25.0012523], [121.4288632, 25.0011121], [121.428063, 25.0006852], [121.4280054, 25.0006293], [121.4279204, 25.0003962], [121.4277863, 24.9999295], [121.4276567, 24.9994336], [121.4275539, 24.9992401], [121.4271388, 24.9987316], [121.4270597, 24.9986373], [121.4267259, 24.9982113], [121.4265198, 24.9979228], [121.4262206, 24.9974666], [121.4261325, 24.9973386], [121.425905, 24.9969958], [121.425759, 24.9967752], [121.4256151, 24.996551], [121.4252998, 24.9960814], [121.4251314, 24.9958226], [121.4249803, 24.9955903], [121.4248075, 24.9953346], [121.4245651, 24.9949743], [121.424429, 24.9947447]]}}, {"type": "Feature", "properties": {"county": "新北市", "district": "土城區", "highway": "residential", "name": "保安二街"}, "geometry": {"type": "LineString", "coordinates": [[121.4256298, 24.9939568], [121.4254346, 24.9938959], [121.4252203, 24.9938668], [121.4249734, 24.9938465], [121.4248801, 24.9938285]]}}, {"type": "Feature", "properties": {"county": "新北市", "district": "土城區", "highway": "residential", "name": "鎮前街"}, "geometry": {"type": "LineString", "coordinates": [[121.4243464, 24.9897914], [121.424277, 24.9897926], [121.4241592, 24.9896703], [121.4239784, 24.9893209], [121.423804, 24.9891958], [121.4236555, 24.9890733], [121.4234986, 24.988947], [121.4233987, 24.9888529], [121.4233582, 24.9887946], [121.4232078, 24.9885758], [121.4231011, 24.9883816]]}}, {"type": "Feature", "properties": {"county": "新北市", "district": "土城區", "highway": "residential", "name": "中洲路"}, "geometry": {"type": "LineString", "coordinates": [[121.4121976, 24.9577495], [121.4126006, 24.9578279], [121.4126475, 24.9578425], [121.4132134, 24.9579653], [121.4133441, 24.9579887], [121.4134809, 24.9578935], [121.4136975, 24.9577426], [121.4138995, 24.9575964], [121.4139719, 24.9575793], [121.4140853, 24.9576187], [121.4142536, 24.9577012], [121.4144957, 24.9574133], [121.4146123, 24.957291], [121.4147004, 24.9571975], [121.4150646, 24.9567946]]}}, {"type": "Feature", "properties": {"county": "新北市", "district": "土城區", "highway": "residential", "name": "永寧路"}, "geometry": {"type": "LineString", "coordinates": [[121.4306311, 24.9649953], [121.430517, 24.9648316], [121.430477, 24.9642832], [121.430472, 24.9641888], [121.4304673, 24.9641011], [121.4304444, 24.9637555], [121.4304299, 24.9636372], [121.4304234, 24.9631212], [121.4304153, 24.9628306], [121.4303843, 24.9627156], [121.4302375, 24.9623726], [121.4301635, 24.9621998], [121.4299673, 24.9617777], [121.4299082, 24.9616564], [121.4298942, 24.9616277], [121.4297672, 24.9614533], [121.4295364, 24.961101], [121.4293685, 24.9607617], [121.4292942, 24.9605756], [121.4290823, 24.9599882]]}}, {"type": "Feature", "properties": {"county": "新北市", "district": "土城區", "highway": "unclassified", "name": "中央路三段76巷"}, "geometry": {"type": "LineString", "coordinates": [[121.4365125, 24.966976], [121.4364219, 24.9670657], [121.4363351, 24.9671636], [121.4362223, 24.967291], [121.4361399, 24.9674909], [121.4359751, 24.9678952], [121.4358272, 24.968205], [121.4357981, 24.9685346], [121.435736, 24.9687069], [121.4357133, 24.9687697], [121.4357362, 24.9688716], [121.4357147, 24.9689919], [121.4356289, 24.9691342], [121.4355851, 24.969271], [121.4355485, 24.9693476], [121.4355, 24.9695255], [121.4353764, 24.969598], [121.4351728, 24.9693805], [121.4349038, 24.9691212]]}}, {"type": "Feature", "properties": {"county": "新北市", "district": "土城區", "highway": "unclassified", "name": "中央路四段125巷"}, "geometry": {"type": "LineString", "coordinates": [[121.4162622, 24.9576189], [121.4166243, 24.9572394], [121.4175175, 24.956286]]}}, {"type": "Feature", "properties": {"county": "新北市", "district": "土城區", "highway": "residential", "name": "大暖路"}, "geometry": {"type": "LineString", "coordinates": [[121.423397, 24.9604257], [121.4234192, 24.9604024], [121.423647, 24.9601661], [121.4235176, 24.9599594], [121.4234899, 24.9598756], [121.42346, 24.9597107], [121.4234092, 24.9596151], [121.4230709, 24.9592806], [121.4226565, 24.9588616], [121.4224129, 24.9586278], [121.42217, 24.958395], [121.422088, 24.9583057], [121.4220768, 24.9582384], [121.4222196, 24.958081]]}}, {"type": "Feature", "properties": {"county": "新北市", "district": "土城區", "highway": "unclassified", "name": null}, "geometry": {"type": "LineString", "coordinates": [[121.4288455, 24.9594523], [121.4287934, 24.959292]]}}, {"type": "Feature", "properties": {"county": "新北市", "district": "土城區", "highway": "unclassified", "name": null}, "geometry": {"type": "LineString", "coordinates": [[121.4149365, 24.9581363], [121.4151446, 24.9578602], [121.4153467, 24.957659]]}}, {"type": "Feature", "properties": {"county": "新北市", "district": "土城區", "highway": "unclassified", "name": null}, "geometry": {"type": "LineString", "coordinates": [[121.4287934, 24.959292], [121.4287591, 24.9591022]]}}, {"type": "Feature", "properties": {"county": "新北市", "district": "土城區", "highway": "residential", "name": "三合橋"}, "geometry": {"type": "LineString", "coordinates": [[121.4233209, 24.9605096], [121.423397, 24.9604257]]}}, {"type": "Feature", "properties": {"county": "新北市", "district": "土城區", "highway": "unclassified", "name": null}, "geometry": {"type": "LineString", "coordinates": [[121.4290823, 24.9599882], [121.4288455, 24.9594523]]}}, {"type": "Feature", "properties": {"county": "新北市", "district": "土城區", "highway": "residential", "name": "永平街"}, "geometry": {"type": "LineString", "coordinates": [[121.427126, 24.9639179], [121.4272078, 24.9638245], [121.4274336, 24.9634945], [121.4277862, 24.96309], [121.4282116, 24.9626124], [121.4283686, 24.9624386], [121.428439, 24.9623274], [121.428441, 24.9622618], [121.4284048, 24.9621524], [121.4283384, 24.9620138], [121.4282425, 24.9618594], [121.4281406, 24.961719], [121.4278277, 24.9611424], [121.4277553, 24.9609893], [121.4277332, 24.9608872], [121.4277412, 24.9607505], [121.4277955, 24.9605445], [121.4277834, 24.9604934], [121.4273712, 24.9599574], [121.4272586, 24.9597842], [121.4271505, 24.9597541], [121.4269201, 24.959715], [121.4267398, 24.959684]]}}, {"type": "Feature", "properties": {"county": "新北市", "district": "土城區", "highway": "unclassified", "name": "承天路4巷"}, "geometry": {"type": "LineString", "coordinates": [[121.4356525, 24.959428], [121.4357507, 24.9594979], [121.435777, 24.9595311], [121.4359049, 24.9596924], [121.4360994, 24.9599204], [121.4361597, 24.9600328], [121.4361195, 24.9602152], [121.4360926, 24.9603051], [121.436096, 24.9604857], [121.4361416, 24.9605635], [121.4362871, 24.9608261], [121.436334, 24.9610054], [121.4363312, 24.9611762], [121.4363307, 24.9612091], [121.4363114, 24.9613911], [121.4363039, 24.9614249]]}}, {"type": "Feature", "properties": {"county": "新北市", "district": "土城區", "highway": "unclassified", "name": "永寧路"}, "geometry": {"type": "LineString", "coordinates": [[121.4287591, 24.9591022], [121.4287625, 24.9590195], [121.4287546, 24.958793], [121.4287653, 24.9586054], [121.428813, 24.9584011], [121.4289361, 24.9579267], [121.4290246, 24.9574976], [121.4290977, 24.957086], [121.4291285, 24.9568209], [121.4291516, 24.9564546], [121.4291619, 24.9561186], [121.4291767, 24.9560171], [121.4292667, 24.9559647], [121.4294479, 24.955865], [121.4295845, 24.9557807], [121.4298127, 24.9556065], [121.4299039, 24.9554385], [121.4299575, 24.9552152], [121.4300019, 24.9550004], [121.4300289, 24.954815], [121.4301463, 24.9546922], [121.4303273, 24.9545099], [121.4304867, 24.9544522], [121.4306599, 24.9543894], [121.4308093, 24.9543688]]}}, {"type": "Feature", "properties": {"county": "新北市", "district": "土城區", "highway": "residential", "name": "大暖路"}, "geometry": {"type": "LineString", "coordinates": [[121.4222047, 24.9617827], [121.4222697, 24.9616834], [121.4223249, 24.9616194], [121.422684, 24.9612031], [121.4232678, 24.9605686], [121.4233209, 24.9605096]]}}, {"type": "Feature", "properties": {"county": "新北市", "district": "土城區", "highway": "unclassified", "name": "復興街"}, "geometry": {"type": "LineString", "coordinates": [[121.4260203, 24.9674807], [121.4284593, 24.969378]]}}, {"type": "Feature", "properties": {"county": "新北市", "district": "土城區", "highway": "unclassified", "name": "頂埔街105巷"}, "geometry": {"type": "LineString", "coordinates": [[121.4142536, 24.9577012], [121.4142651, 24.9577086], [121.4142848, 24.9577211], [121.4149365, 24.9581363], [121.4153003, 24.9583711], [121.415354, 24.9583069], [121.4156624, 24.9584999], [121.4162019, 24.9588376], [121.4162498, 24.9588675], [121.4169308, 24.9593859], [121.4170358, 24.9595129], [121.417332, 24.9597781], [121.4177162, 24.9601421]]}}, {"type": "Feature", "properties": {"county": "新北市", "district": "土城區", "highway": "unclassified", "name": "自強街"}, "geometry": {"type": "LineString", "coordinates": [[121.4288469, 24.9689724], [121.4298008, 24.9697048], [121.430191, 24.9700104], [121.4305888, 24.9703092], [121.4309773, 24.9706178], [121.4313485, 24.9709045], [121.4317423, 24.9712087], [121.43215, 24.9715341], [121.4326259, 24.9718193], [121.4327233, 24.9718737], [121.4329442, 24.9722369], [121.4334675, 24.9730975], [121.4335154, 24.9733431]]}}, {"type": "Feature", "properties": {"county": "新北市", "district": "土城區", "highway": "unclassified", "name": "勝利街"}, "geometry": {"type": "LineString", "coordinates": [[121.4299192, 24.9678276], [121.4288469, 24.9689724], [121.4285287, 24.9693054], [121.4284593, 24.969378], [121.4281372, 24.969714]]}}, {"type": "Feature", "properties": {"county": "新北市", "district": "土城區", "highway": "unclassified", "name": null}, "geometry": {"type": "LineString", "coordinates": [[121.4357537, 24.9530792], [121.4357029, 24.9529999], [121.4356899, 24.9528583], [121.4356766, 24.9528028], [121.4356273, 24.95271]]}}, {"type": "Feature", "properties": {"county": "新北市", "district": "土城區", "highway": "unclassified", "name": "忠承路"}, "geometry": {"type": "LineString", "coordinates": [[121.437803, 24.9645063], [121.4388367, 24.9653995], [121.4389782, 24.9655218], [121.4394993, 24.9659742], [121.4399904, 24.9664072], [121.4400976, 24.9665017], [121.4403532, 24.9667269], [121.4405025, 24.9668585], [121.440751, 24.9670598]]}}, {"type": "Feature", "properties": {"county": "新北市", "district": "土城區", "highway": "unclassified", "name": "承天路8巷"}, "geometry": {"type": "LineString", "coordinates": [[121.4365721, 24.963057], [121.4369561, 24.963377], [121.4370835, 24.9634771], [121.4367966, 24.9641661], [121.4367061, 24.9643828], [121.4367495, 24.9644619], [121.4372492, 24.9649215]]}}, {"type": "Feature", "properties": {"county": "新北市", "district": "土城區", "highway": "unclassified", "name": null}, "geometry": {"type": "LineString", "coordinates": [[121.4255267, 24.9679933], [121.4262946, 24.9684853], [121.4274747, 24.9692975], [121.4281372, 24.969714], [121.4289813, 24.9702478], [121.429174, 24.9703881], [121.4295982, 24.9706633], [121.429772, 24.9707931], [121.4299996, 24.970956], [121.4303937, 24.9712319], [121.430792, 24.9715186], [121.4311868, 24.9718028], [121.4313922, 24.9719505], [121.4316065, 24.9721267]]}}, {"type": "Feature", "properties": {"county": "新北市", "district": "土城區", "highway": "unclassified", "name": "永和街"}, "geometry": {"type": "LineString", "coordinates": [[121.4346202, 24.9649674], [121.4346506, 24.9648483], [121.4347117, 24.9646901], [121.4348396, 24.9645636], [121.434941, 24.9644931], [121.4350084, 24.9644539], [121.4350786, 24.9644016], [121.4351158, 24.9642605], [121.4352011, 24.9639821], [121.4352615, 24.96375], [121.4352693, 24.9636045], [121.435189, 24.9634515], [121.4351362, 24.9633353], [121.4351217, 24.9631165], [121.4350809, 24.9629795], [121.4349501, 24.9628055], [121.4348251, 24.9626368], [121.434764, 24.9625367], [121.434703, 24.9623891], [121.4346969, 24.9622941], [121.4346728, 24.9620066], [121.4346604, 24.9618301], [121.4346586, 24.9616277], [121.4346565, 24.9614507], [121.4346448, 24.9607179], [121.4347001, 24.9606151], [121.4348367, 24.960515], [121.4351798, 24.9603015], [121.4353455, 24.9601723], [121.4353949, 24.9600431], [121.4354774, 24.9596536], [121.4354909, 24.9595898], [121.4355399, 24.9593478], [121.4357634, 24.9583805], [121.4358154, 24.958093], [121.4358264, 24.9577968], [121.4358485, 24.9571621], [121.4358689, 24.9570672], [121.4358892, 24.9569354], [121.4358727, 24.956756], [121.4358689, 24.956656], [121.435834, 24.9563212], [121.4357423, 24.9558811], [121.4356508, 24.9556306], [121.4355607, 24.9554646], [121.4355381, 24.9552819], [121.4355696, 24.9551193], [121.4355868, 24.9550323], [121.4355079, 24.9547778], [121.4354788, 24.9544603], [121.4355415, 24.9542375], [121.4356438, 24.9539081], [121.4356817, 24.9535946], [121.4357413, 24.9532159], [121.4357537, 24.9530792], [121.435886, 24.9530278], [121.4360112, 24.952961], [121.4361346, 24.9528743], [121.4361743, 24.9527721], [121.4362115, 24.9525964], [121.436283, 24.952516], [121.4365183, 24.9523666], [121.4366137, 24.9523264], [121.436947, 24.9522064], [121.4370711, 24.9521162], [121.4373277, 24.9519077], [121.4375667, 24.9517032], [121.4377528, 24.9515146], [121.43778, 24.9514535], [121.4377751, 24.95138], [121.437734, 24.9512901], [121.4376913, 24.9511547], [121.437652, 24.9510044], [121.4376769, 24.9507153], [121.4376871, 24.9505392], [121.4375907, 24.9502489], [121.4375776, 24.9501703], [121.4375728, 24.9500736], [121.4375818, 24.9500019], [121.4376264, 24.9499519], [121.4377081, 24.9499258], [121.437839, 24.9499314], [121.4379103, 24.9499417], [121.4380896, 24.9500349], [121.4381577, 24.9500678], [121.4383033, 24.9500925], [121.4384239, 24.9500736], [121.4386913, 24.9499865], [121.4387941, 24.9499983], [121.4388518, 24.9500296]]}}, {"type": "Feature", "properties": {"county": "新北市", "district": "土城區", "highway": "unclassified", "name": "田尾街"}, "geometry": {"type": "LineString", "coordinates": [[121.4060755, 24.9617849], [121.4061924, 24.9618637], [121.4063334, 24.9619588], [121.4066391, 24.962185], [121.4070555, 24.962536], [121.4072131, 24.9626299], [121.4074001, 24.9626802], [121.4079035, 24.9627279], [121.4082361, 24.9629237], [121.4083488, 24.9629662], [121.408448, 24.9629686], [121.4085017, 24.9629334], [121.4087082, 24.9627255], [121.4089844, 24.9623972], [121.4091035, 24.9623407], [121.4092162, 24.9622458], [121.4092296, 24.9621558], [121.4092299, 24.9616787], [121.4091733, 24.9612415], [121.4091408, 24.9609179], [121.4091464, 24.9605558], [121.4091599, 24.9602956], [121.4091564, 24.9601222], [121.4091528, 24.9599619], [121.4091491, 24.9597874], [121.4091642, 24.9595874], [121.4091974, 24.9594251], [121.4093479, 24.9588287], [121.4093449, 24.9585205], [121.4091679, 24.9581484], [121.4086076, 24.9573113], [121.4082935, 24.9570322], [121.4078456, 24.9566091], [121.407639, 24.9564024], [121.4072234, 24.9558789], [121.4068196, 24.9553293], [121.406532, 24.9550729], [121.4064193, 24.9549416], [121.4062416, 24.9547926], [121.4056998, 24.9544181], [121.4051231, 24.9540436], [121.4049139, 24.9538782], [121.4048039, 24.9536837], [121.4046672, 24.9535086], [121.4044472, 24.9532216], [121.4043138, 24.9530278], [121.40387, 24.9526111], [121.4035829, 24.9521857], [121.4034377, 24.9519679], [121.4032087, 24.9516279], [121.4031722, 24.9515468], [121.4030095, 24.9512888], [121.4026502, 24.9509669]]}}, {"type": "Feature", "properties": {"county": "新北市", "district": "土城區", "highway": "residential", "name": "東華街"}, "geometry": {"type": "LineString", "coordinates": [[121.4159426, 24.9801669], [121.4159197, 24.9802332]]}}, {"type": "Feature", "properties": {"county": "新北市", "district": "土城區", "highway": "residential", "name": "忠義路"}, "geometry": {"type": "LineString", "coordinates": [[121.4405082, 24.9694398], [121.4404944, 24.9692947]]}}, {"type": "Feature", "properties": {"county": "新北市", "district": "土城區", "highway": "unclassified", "name": "龍泉路"}, "geometry": {"type": "LineString", "coordinates": [[121.4452341, 24.9422986], [121.4448389, 24.9423312], [121.4446883, 24.942357], [121.4442471, 24.9424875], [121.4441592, 24.9425008], [121.4437831, 24.9425018], [121.4435269, 24.9425005], [121.4432975, 24.9425273], [121.4430696, 24.9425686], [121.4427182, 24.9426538], [121.4425385, 24.9427303], [121.442273, 24.942807], [121.4418746, 24.9428921], [121.4416377, 24.9428942], [121.4415656, 24.9428657], [121.441523, 24.9428145], [121.4415051, 24.9427644], [121.4414663, 24.9425984], [121.44147, 24.9423941], [121.4414858, 24.94214], [121.4414505, 24.9421032], [121.4414321, 24.9420874], [121.4414083, 24.942091], [121.4413946, 24.942109], [121.4413838, 24.9421832], [121.4413483, 24.9424248], [121.4412309, 24.9429006], [121.4411706, 24.9429893], [121.4409721, 24.9430209], [121.440846, 24.9430405], [121.4407333, 24.9430125], [121.4403096, 24.9428349], [121.4399284, 24.9426359], [121.439741, 24.9425467], [121.4391833, 24.9422709], [121.4389863, 24.9421878], [121.4387908, 24.9420513], [121.4386855, 24.9419862], [121.4385641, 24.9419661], [121.4384655, 24.9419752], [121.4382845, 24.9420409], [121.4380337, 24.9420549], [121.4378192, 24.9421333], [121.437551, 24.9423036], [121.4373239, 24.9423729], [121.4363874, 24.942331], [121.4360427, 24.9422609], [121.4359988, 24.9422636]]}}, {"type": "Feature", "properties": {"county": "新北市", "district": "土城區", "highway": "residential", "name": "民利街"}, "geometry": {"type": "LineString", "coordinates": [[121.4813035, 24.9991426], [121.481226, 24.9991426], [121.4810627, 24.9991464], [121.4808512, 24.9991536], [121.4808234, 24.9991536], [121.4806581, 24.9991536], [121.4802504, 24.9990892], [121.4799712, 24.9990291], [121.47995, 24.9990249], [121.4795852, 24.9988961], [121.4794779, 24.9988532], [121.4791131, 24.9986815], [121.4786528, 24.9984554], [121.4786196, 24.9984455], [121.4782272, 24.9982026], [121.478169, 24.9981666], [121.4781099, 24.9981223], [121.4780831, 24.9981022], [121.4778686, 24.997952], [121.4776267, 24.9977609], [121.4773107, 24.9975228], [121.4772874, 24.997495], [121.4772034, 24.9973941], [121.4770746, 24.9970722], [121.4771591, 24.996894], [121.4770948, 24.9968633], [121.4770317, 24.9968362], [121.4768788, 24.9967162], [121.4767313, 24.9966002], [121.476109, 24.9962568]]}}, {"type": "Feature", "properties": {"county": "新北市", "district": "土城區", "highway": "residential", "name": null}, "geometry": {"type": "LineString", "coordinates": [[121.4653358, 24.9905018], [121.464782, 24.9913772], [121.464415, 24.9919474], [121.4641281, 24.9923933]]}}, {"type": "Feature", "properties": {"county": "新北市", "district": "土城區", "highway": "residential", "name": "永豐路13巷"}, "geometry": {"type": "LineString", "coordinates": [[121.4627398, 24.9885262], [121.4622332, 24.9886959], [121.4619745, 24.9887761], [121.4617923, 24.9888098], [121.4617304, 24.9888217], [121.4615163, 24.9888581]]}}, {"type": "Feature", "properties": {"county": "新北市", "district": "土城區", "highway": "residential", "name": null}, "geometry": {"type": "LineString", "coordinates": [[121.4627398, 24.9885262], [121.4628804, 24.9884637], [121.462926, 24.9884223], [121.4629421, 24.9883591], [121.4629273, 24.9882789], [121.4629052, 24.9881665], [121.4628514, 24.9880321]]}}, {"type": "Feature", "properties": {"county": "新北市", "district": "土城區", "highway": "unclassified", "name": null}, "geometry": {"type": "LineString", "coordinates": [[121.4685314, 24.9565665], [121.4685871, 24.9564846], [121.4684835, 24.9562919], [121.4684878, 24.9561084], [121.4685261, 24.9560674], [121.4686028, 24.9559959], [121.4687122, 24.9559414], [121.4688197, 24.9558908], [121.4690119, 24.9557086], [121.469085, 24.9556693], [121.4691842, 24.9556363], [121.4693287, 24.9556254], [121.4694528, 24.9556007], [121.4695687, 24.9556175]]}}, {"type": "Feature", "properties": {"county": "新北市", "district": "土城區", "highway": "unclassified", "name": "中山路二段151巷"}, "geometry": {"type": "LineString", "coordinates": [[121.4063015, 24.9789175], [121.4063689, 24.9788324], [121.4066175, 24.9785186], [121.4067687, 24.9783365], [121.4069929, 24.9780997], [121.4071549, 24.9780107], [121.4072246, 24.9779753], [121.4073148, 24.9779295], [121.4075358, 24.97786], [121.4076373, 24.9778558], [121.4077385, 24.9778517], [121.4081865, 24.9779219]]}}, {"type": "Feature", "properties": {"county": "新北市", "district": "土城區", "highway": "unclassified", "name": "東豐街"}, "geometry": {"type": "LineString", "coordinates": [[121.4046336, 24.9740913], [121.4048056, 24.9741105], [121.4050448, 24.9741725], [121.4056207, 24.974422], [121.4058406, 24.9744852], [121.4064457, 24.9744721], [121.4069779, 24.9745338], [121.4079585, 24.9746547], [121.4082707, 24.9746554], [121.4084937, 24.9746156], [121.4086361, 24.9745569], [121.4088165, 24.9744859], [121.4090699, 24.9743327], [121.4093347, 24.9741508], [121.4094041, 24.9741032], [121.4095645, 24.9739931], [121.4097665, 24.9739047], [121.4099993, 24.9738186], [121.4104619, 24.9736983], [121.4107693, 24.9736375], [121.4108667, 24.9736182], [121.4114936, 24.9736259], [121.4120255, 24.9736488], [121.4122257, 24.973696], [121.4122758, 24.9737078], [121.4123895, 24.9737718], [121.4126613, 24.9739263], [121.4128651, 24.9741159], [121.4129743, 24.9742618], [121.4130562, 24.9744881], [121.4131059, 24.9746564], [121.4132309, 24.9750567], [121.4133175, 24.9753279], [121.4134685, 24.9755161], [121.4136199, 24.9756087], [121.4137628, 24.9756689], [121.4139066, 24.9756902], [121.4140372, 24.975696], [121.4150397, 24.9755888], [121.4160381, 24.9754821], [121.4162352, 24.9754425], [121.4168038, 24.9753253], [121.4174032, 24.9751174], [121.4178161, 24.9749592], [121.4179142, 24.9748901], [121.418346, 24.9745496], [121.4186265, 24.9743251], [121.4187792, 24.9741922], [121.4189898, 24.9739892], [121.4190297, 24.9739266], [121.4192419, 24.9735929], [121.4194172, 24.9731077], [121.419453, 24.9730057]]}}, {"type": "Feature", "properties": {"county": "新北市", "district": "土城區", "highway": "residential", "name": "太平路150巷"}, "geometry": {"type": "LineString", "coordinates": [[121.4185414, 24.9780224], [121.4180333, 24.9777761], [121.417528, 24.9775346], [121.4173013, 24.9774213], [121.4169829, 24.9772669], [121.4167628, 24.9771602], [121.4166851, 24.9771382], [121.4166587, 24.9771393], [121.4166485, 24.9771397], [121.4166142, 24.9771602]]}}, {"type": "Feature", "properties": {"county": "新北市", "district": "土城區", "highway": "unclassified", "name": "東順街"}, "geometry": {"type": "LineString", "coordinates": [[121.4128993, 24.9790815], [121.4120744, 24.9786], [121.4116128, 24.9783409], [121.4111305, 24.9780638], [121.4106817, 24.9778032], [121.4105755, 24.9777416], [121.4105221, 24.9777112], [121.4094247, 24.9770862]]}}, {"type": "Feature", "properties": {"county": "新北市", "district": "土城區", "highway": "residential", "name": "名園街"}, "geometry": {"type": "LineString", "coordinates": [[121.4191925, 24.9795885], [121.4193881, 24.9792317], [121.4195703, 24.9788996], [121.4197332, 24.9786025], [121.4198713, 24.9783506], [121.4199202, 24.9782598], [121.4201838, 24.9777698], [121.4202799, 24.9776055], [121.4203808, 24.9774215], [121.4204076, 24.977399], [121.4205075, 24.9771439]]}}, {"type": "Feature", "properties": {"county": "新北市", "district": "土城區", "highway": "unclassified", "name": "中華路379巷"}, "geometry": {"type": "LineString", "coordinates": [[121.4121482, 24.9805499], [121.4121456, 24.9804007], [121.4121519, 24.9803471], [121.4121596, 24.9802864], [121.4128993, 24.9790815], [121.4132837, 24.9784784], [121.4133777, 24.9783309], [121.4136405, 24.9779186], [121.4139055, 24.9775014], [121.4143776, 24.9767583]]}}, {"type": "Feature", "properties": {"county": "新北市", "district": "土城區", "highway": "unclassified", "name": "東興街"}, "geometry": {"type": "LineString", "coordinates": [[121.4088966, 24.9802324], [121.4089361, 24.9801629], [121.409001, 24.9800709], [121.4092546, 24.9797111], [121.4092941, 24.9796529], [121.4095758, 24.9792379], [121.410103, 24.9784674], [121.4101134, 24.9784459], [121.4105478, 24.9777838], [121.4105755, 24.9777416], [121.4106325, 24.9776515], [121.4107858, 24.9774093], [121.4108484, 24.9773256], [121.4114385, 24.9764629], [121.4115795, 24.9762519], [121.411617, 24.9761692]]}}, {"type": "Feature", "properties": {"county": "新北市", "district": "土城區", "highway": "residential", "name": "太平路56巷"}, "geometry": {"type": "LineString", "coordinates": [[121.419021, 24.981992], [121.4186087, 24.9817886], [121.4174927, 24.9812276]]}}, {"type": "Feature", "properties": {"county": "新北市", "district": "土城區", "highway": "residential", "name": "福順街"}, "geometry": {"type": "LineString", "coordinates": [[121.4166142, 24.9771602], [121.4161776, 24.978031], [121.4160361, 24.9782871], [121.4154867, 24.9792689], [121.4153374, 24.979552], [121.4149922, 24.9801769], [121.4149974, 24.9802245], [121.4150017, 24.980288]]}}, {"type": "Feature", "properties": {"county": "新北市", "district": "土城區", "highway": "residential", "name": "備前街"}, "geometry": {"type": "LineString", "coordinates": [[121.4169125, 24.985956], [121.4170066, 24.9859529], [121.4172444, 24.9859449], [121.4173682, 24.9858444], [121.4175235, 24.9857059], [121.4179479, 24.985347], [121.4179965, 24.9853059]]}}, {"type": "Feature", "properties": {"county": "新北市", "district": "土城區", "highway": "residential", "name": null}, "geometry": {"type": "LineString", "coordinates": [[121.4175315, 24.9850803], [121.4174925, 24.9851407], [121.4174849, 24.9851524], [121.4173318, 24.9853891], [121.4169125, 24.985956], [121.416487, 24.9865326], [121.4164181, 24.9866261]]}}, {"type": "Feature", "properties": {"county": "新北市", "district": "土城區", "highway": "residential", "name": null}, "geometry": {"type": "LineString", "coordinates": [[121.4162651, 24.9864888], [121.4163144, 24.9864149], [121.4163403, 24.9863784], [121.4170082, 24.9854416], [121.4171382, 24.9852592], [121.4172702, 24.985049], [121.4172777, 24.985037], [121.4173191, 24.9849711]]}}, {"type": "Feature", "properties": {"county": "新北市", "district": "土城區", "highway": "tertiary", "name": "八德街"}, "geometry": {"type": "LineString", "coordinates": [[121.4164181, 24.9866261], [121.4163834, 24.9866664], [121.4161413, 24.9869728], [121.416015, 24.9871293], [121.4159204, 24.9871803], [121.4156646, 24.9875389], [121.4152104, 24.98815], [121.4151715, 24.9882056]]}}, {"type": "Feature", "properties": {"county": "新北市", "district": "土城區", "highway": "tertiary", "name": "八德街"}, "geometry": {"type": "LineString", "coordinates": [[121.4162651, 24.9864888], [121.4163768, 24.9864575]]}}, {"type": "Feature", "properties": {"county": "新北市", "district": "土城區", "highway": "tertiary", "name": "備前街"}, "geometry": {"type": "LineString", "coordinates": [[121.4158839, 24.9861465], [121.4151911, 24.9864104], [121.4149484, 24.9864975], [121.4146056, 24.9866206], [121.4145458, 24.9866421], [121.4144679, 24.98667], [121.414436, 24.9866793], [121.4143837, 24.9866946], [121.4142236, 24.9866953], [121.4141306, 24.9867021], [121.4138636, 24.9867218], [121.4133038, 24.9868716], [121.4128773, 24.9869862]]}}, {"type": "Feature", "properties": {"county": "新北市", "district": "土城區", "highway": "tertiary", "name": "太平路"}, "geometry": {"type": "LineString", "coordinates": [[121.4186265, 24.9743251], [121.418452, 24.9741406], [121.418173, 24.9738707], [121.4181274, 24.9737929], [121.4181315, 24.973726], [121.418235, 24.9735138]]}}, {"type": "Feature", "properties": {"county": "新北市", "district": "土城區", "highway": "tertiary", "name": "四維路"}, "geometry": {"type": "LineString", "coordinates": [[121.4205642, 24.9805341], [121.420925, 24.9803257], [121.4209579, 24.9803034], [121.4217722, 24.979724], [121.4218289, 24.9796829], [121.4219002, 24.9796311], [121.4219567, 24.979591], [121.4219957, 24.9795589], [121.4224599, 24.9792267], [121.4226815, 24.9790604], [121.4231549, 24.9787296], [121.423633, 24.9783419], [121.4236892, 24.9783002], [121.4237578, 24.9782494], [121.4242477, 24.9778861], [121.4246084, 24.9775954], [121.4247604, 24.9774578], [121.4249138, 24.9773189], [121.4253852, 24.9768018]]}}, {"type": "Feature", "properties": {"county": "新北市", "district": "土城區", "highway": "tertiary", "name": "八德街"}, "geometry": {"type": "LineString", "coordinates": [[121.418235, 24.9735138], [121.4179761, 24.9733528], [121.4175771, 24.9731028], [121.4174697, 24.9730379], [121.4155288, 24.9718309], [121.4146931, 24.9713112], [121.4142621, 24.9710468], [121.4141419, 24.9710108], [121.4136452, 24.970862], [121.4131339, 24.9707249], [121.4130015, 24.9706894], [121.4120166, 24.970466], [121.4107371, 24.9701751], [121.4092313, 24.9698577], [121.4089907, 24.9698156], [121.4084809, 24.9697507], [121.4079504, 24.9696715], [121.4077605, 24.9696527], [121.4076487, 24.9696436], [121.407541, 24.9696415], [121.4074641, 24.9696509], [121.4073872, 24.9696679], [121.4072428, 24.9697155], [121.4064878, 24.9699514], [121.4055481, 24.9701036], [121.4047661, 24.9702302], [121.4046702, 24.9702457], [121.4045319, 24.9702709], [121.4038108, 24.970402], [121.4033784, 24.9704795], [121.4026697, 24.9704282], [121.4015584, 24.9703478], [121.4011663, 24.970328], [121.4005073, 24.9702708], [121.3998323, 24.9702346]]}}, {"type": "Feature", "properties": {"county": "新北市", "district": "土城區", "highway": "tertiary", "name": "八德街"}, "geometry": {"type": "LineString", "coordinates": [[121.4198035, 24.9815197], [121.4198391, 24.9814674]]}}, {"type": "Feature", "properties": {"county": "新北市", "district": "土城區", "highway": "tertiary", "name": "八德街"}, "geometry": {"type": "LineString", "coordinates": [[121.4191244, 24.9826991], [121.4190711, 24.9827729], [121.4187419, 24.983243], [121.4185795, 24.9834653], [121.4184528, 24.9836527], [121.4184242, 24.983695], [121.4183845, 24.9837586]]}}, {"type": "Feature", "properties": {"county": "新北市", "district": "土城區", "highway": "residential", "name": "東佳路"}, "geometry": {"type": "LineString", "coordinates": [[121.4114573, 24.9831236], [121.4113941, 24.9831076], [121.411354, 24.9830602], [121.4113467, 24.9830488], [121.411236, 24.9828746], [121.4111193, 24.9826506], [121.4109157, 24.9821829], [121.4108428, 24.9820076], [121.4108128, 24.9819355], [121.4107773, 24.9818746]]}}, {"type": "Feature", "properties": {"county": "新北市", "district": "土城區", "highway": "tertiary", "name": "柑園街一段"}, "geometry": {"type": "LineString", "coordinates": [[121.3896187, 24.9562093], [121.3900156, 24.956286], [121.3906133, 24.9564015], [121.3912158, 24.9564527], [121.3913026, 24.9564477], [121.3919053, 24.956357], [121.3924743, 24.956278], [121.3926147, 24.956283], [121.393722, 24.9563164], [121.3937918, 24.956325], [121.3944032, 24.9563818], [121.3954855, 24.9565629], [121.3961051, 24.9566395], [121.3970774, 24.956738], [121.397398, 24.956755], [121.3975213, 24.9567684], [121.3976595, 24.9568012], [121.3977332, 24.956811], [121.3978915, 24.9567879], [121.3981852, 24.9567347], [121.3984105, 24.9567064], [121.3985169, 24.9567054], [121.3988632, 24.9568104], [121.3990649, 24.9569], [121.3995442, 24.9571275], [121.399681, 24.957198], [121.3997937, 24.9573609], [121.3998361, 24.9575393], [121.4003543, 24.9584163], [121.4007164, 24.9589537], [121.4009988, 24.9593196], [121.4010704, 24.9594765], [121.401114, 24.9596347], [121.4011463, 24.9599446], [121.4011927, 24.9600225], [121.4012725, 24.9600715], [121.4023193, 24.9602768], [121.4025483, 24.9603073], [121.4028182, 24.9603149], [121.4030385, 24.9602744], [121.4032416, 24.9602182], [121.4033283, 24.9601972], [121.4034103, 24.9601714], [121.4036271, 24.9601495], [121.4039438, 24.9601839], [121.4042537, 24.9603025], [121.4045118, 24.9604179], [121.4047287, 24.9605677], [121.4048216, 24.9606458], [121.4048934, 24.9607689], [121.4049599, 24.9609036], [121.4051568, 24.9612384], [121.405431, 24.9615401], [121.4057145, 24.9617747], [121.4058285, 24.9618222], [121.4059425, 24.961825], [121.4060755, 24.9617849], [121.4061551, 24.9617356], [121.4066717, 24.9609853], [121.4070467, 24.9604786], [121.407154, 24.9603473], [121.407221, 24.9602805], [121.4073355, 24.9601841], [121.4074568, 24.9601108], [121.4075796, 24.9600771], [121.4077179, 24.960058], [121.4078996, 24.9600464], [121.4085925, 24.9600629]]}}, {"type": "Feature", "properties": {"county": "新北市", "district": "土城區", "highway": "residential", "name": null}, "geometry": {"type": "LineString", "coordinates": [[121.4155539, 24.9808637], [121.4161432, 24.9808561], [121.4165181, 24.9809132], [121.4169339, 24.9809765], [121.4169906, 24.9809851]]}}, {"type": "Feature", "properties": {"county": "新北市", "district": "土城區", "highway": "residential", "name": null}, "geometry": {"type": "LineString", "coordinates": [[121.4189721, 24.9797743], [121.4185023, 24.9795096]]}}, {"type": "Feature", "properties": {"county": "新北市", "district": "土城區", "highway": "unclassified", "name": null}, "geometry": {"type": "LineString", "coordinates": [[121.423832, 24.9888447], [121.423712, 24.9887339], [121.4235497, 24.9886263], [121.423463, 24.9885938], [121.423433, 24.9885826], [121.423362, 24.9885524], [121.4232724, 24.9885121], [121.4231011, 24.9883816]]}}, {"type": "Feature", "properties": {"county": "新北市", "district": "土城區", "highway": "residential", "name": "育英街"}, "geometry": {"type": "LineString", "coordinates": [[121.4189485, 24.9894623], [121.4197009, 24.9893676], [121.4204717, 24.9892829], [121.4206409, 24.989264], [121.4209504, 24.9892295], [121.4218804, 24.9891133], [121.4219504, 24.9891059], [121.4220214, 24.9890984]]}}, {"type": "Feature", "properties": {"county": "新北市", "district": "土城區", "highway": "unclassified", "name": "東順街"}, "geometry": {"type": "LineString", "coordinates": [[121.4045692, 24.9743782], [121.4046126, 24.974417], [121.4054012, 24.9746504], [121.406297, 24.9749202], [121.4076698, 24.975336], [121.4084111, 24.9756474], [121.4085828, 24.9758155], [121.409752, 24.9765506], [121.4100196, 24.9766415], [121.410138, 24.9765815], [121.4103096, 24.9763329], [121.4103705, 24.9763135], [121.4107299, 24.9763305], [121.4110196, 24.9764253], [121.4113267, 24.9764703], [121.4114385, 24.9764629], [121.4118839, 24.9764643], [121.4122601, 24.9763864], [121.4124059, 24.9763283]]}}, {"type": "Feature", "properties": {"county": "新北市", "district": "土城區", "highway": "residential", "name": "太順街"}, "geometry": {"type": "LineString", "coordinates": [[121.4143776, 24.9767583], [121.4144985, 24.9768388], [121.4145889, 24.976957], [121.4146487, 24.9770625], [121.4148901, 24.9772375], [121.4153297, 24.9774866], [121.4155072, 24.9775872], [121.4156626, 24.9776752], [121.4158491, 24.9777675], [121.4159297, 24.9778714], [121.4159702, 24.9778903], [121.4161776, 24.978031], [121.4167714, 24.9784008], [121.4171378, 24.9786185], [121.4172336, 24.9787367], [121.4173273, 24.9789067], [121.4173516, 24.9789507], [121.4175753, 24.9790947], [121.417905, 24.9792272], [121.4185023, 24.9795096]]}}, {"type": "Feature", "properties": {"county": "新北市", "district": "土城區", "highway": "residential", "name": "啟智街151巷"}, "geometry": {"type": "LineString", "coordinates": [[121.416015, 24.9871293], [121.4160741, 24.9871834], [121.4161426, 24.987309], [121.4165122, 24.9877021], [121.4167998, 24.9880959], [121.4168524, 24.9881938]]}}, {"type": "Feature", "properties": {"county": "新北市", "district": "土城區", "highway": "residential", "name": "中山路二段"}, "geometry": {"type": "LineString", "coordinates": [[121.4124742, 24.9825945], [121.4123975, 24.9825561], [121.4122916, 24.982503], [121.4112903, 24.9822029]]}}, {"type": "Feature", "properties": {"county": "新北市", "district": "土城區", "highway": "secondary", "name": "中山路一段"}, "geometry": {"type": "LineString", "coordinates": [[121.4207082, 24.9868623], [121.4206691, 24.9868069], [121.420509, 24.9866128], [121.420382, 24.9864934], [121.420262, 24.9864127], [121.4201982, 24.9863763], [121.419687, 24.986126], [121.4192143, 24.9858967], [121.4180959, 24.9853541], [121.4180628, 24.985338], [121.4179965, 24.9853059], [121.4179204, 24.985269], [121.4178959, 24.9852571], [121.4176405, 24.9851332], [121.4176305, 24.9851283], [121.4175315, 24.9850803]]}}, {"type": "Feature", "properties": {"county": "新北市", "district": "土城區", "highway": "tertiary", "name": "城林路"}, "geometry": {"type": "LineString", "coordinates": [[121.4259445, 24.9846158], [121.4259847, 24.9845578]]}}, {"type": "Feature", "properties": {"county": "新北市", "district": "土城區", "highway": "residential", "name": "和平街"}, "geometry": {"type": "LineString", "coordinates": [[121.4218598, 24.9812182], [121.4215446, 24.9813191], [121.4211649, 24.9814558], [121.4209049, 24.9815423], [121.4208022, 24.9815679], [121.4204041, 24.9817016], [121.4203449, 24.9817215], [121.4203137, 24.9817728]]}}, {"type": "Feature", "properties": {"county": "新北市", "district": "土城區", "highway": "tertiary", "name": "博愛街"}, "geometry": {"type": "LineString", "coordinates": [[121.4247011, 24.9839884], [121.4247257, 24.9840356], [121.4247254, 24.9840465], [121.4245216, 24.984651], [121.4242226, 24.9854908], [121.4241851, 24.9856454], [121.424165, 24.9856969], [121.4240951, 24.9864271], [121.4240635, 24.9870506]]}}, {"type": "Feature", "properties": {"county": "新北市", "district": "土城區", "highway": "unclassified", "name": null}, "geometry": {"type": "LineString", "coordinates": [[121.4107627, 24.9721089], [121.4107618, 24.9724563], [121.4107623, 24.9727831]]}}, {"type": "Feature", "properties": {"county": "新北市", "district": "土城區", "highway": "unclassified", "name": "東豐街49巷"}, "geometry": {"type": "LineString", "coordinates": [[121.4150397, 24.9755888], [121.4149571, 24.9751016], [121.4149117, 24.9746844], [121.4151716, 24.9746591], [121.4153559, 24.974621], [121.4153891, 24.9744753], [121.4151448, 24.9743527], [121.4143804, 24.9738518]]}}, {"type": "Feature", "properties": {"county": "新北市", "district": "土城區", "highway": "unclassified", "name": "東豐街49巷"}, "geometry": {"type": "LineString", "coordinates": [[121.415432, 24.9749978], [121.4153559, 24.974621]]}}, {"type": "Feature", "properties": {"county": "新北市", "district": "土城區", "highway": "unclassified", "name": "東豐街49巷"}, "geometry": {"type": "LineString", "coordinates": [[121.4159148, 24.9749176], [121.4158236, 24.9745142], [121.4156198, 24.9745045], [121.4153891, 24.9744753]]}}, {"type": "Feature", "properties": {"county": "新北市", "district": "土城區", "highway": "unclassified", "name": "東順街57巷"}, "geometry": {"type": "LineString", "coordinates": [[121.4128196, 24.9782291], [121.4114141, 24.9771885]]}}, {"type": "Feature", "properties": {"county": "新北市", "district": "土城區", "highway": "unclassified", "name": "中華路379巷19弄"}, "geometry": {"type": "LineString", "coordinates": [[121.4142036, 24.9789634], [121.4132837, 24.9784784]]}}, {"type": "Feature", "properties": {"county": "新北市", "district": "土城區", "highway": "residential", "name": "太平橋"}, "geometry": {"type": "LineString", "coordinates": [[121.4188372, 24.9841847], [121.418873, 24.9841163]]}}, {"type": "Feature", "properties": {"county": "新北市", "district": "土城區", "highway": "tertiary", "name": "太平路"}, "geometry": {"type": "LineString", "coordinates": [[121.4186265, 24.9743251], [121.4186653, 24.9743667], [121.4187053, 24.9744087], [121.4188431, 24.9746191], [121.4188544, 24.9747526], [121.4188525, 24.9749829], [121.4188473, 24.9750786], [121.4188448, 24.975124], [121.4188364, 24.9752795], [121.4188025, 24.9754784], [121.4187158, 24.9756085], [121.4186076, 24.9757106], [121.4184997, 24.9758151], [121.4184284, 24.9759401], [121.4183877, 24.9760415], [121.4183568, 24.9761185], [121.4182917, 24.9763064], [121.4184015, 24.9766712], [121.418493, 24.9769969]]}}, {"type": "Feature", "properties": {"county": "新北市", "district": "土城區", "highway": "residential", "name": "和平街"}, "geometry": {"type": "LineString", "coordinates": [[121.4246553, 24.9826111], [121.4243624, 24.9824651], [121.4236705, 24.9821204], [121.4236223, 24.9820926], [121.4231073, 24.9818395], [121.4222351, 24.9814051], [121.4218598, 24.9812182]]}}, {"type": "Feature", "properties": {"county": "新北市", "district": "土城區", "highway": "unclassified", "name": "備內街1巷"}, "geometry": {"type": "LineString", "coordinates": [[121.4113871, 24.9855037], [121.4118004, 24.9856301], [121.4121595, 24.9858733], [121.4122939, 24.9861407], [121.4125105, 24.9862925], [121.4128091, 24.9865004], [121.4129323, 24.986588], [121.4131264, 24.9867358], [121.4131724, 24.9867617], [121.4133038, 24.9868716]]}}, {"type": "Feature", "properties": {"county": "新北市", "district": "土城區", "highway": "trunk_link", "name": "土城一交流道"}, "geometry": {"type": "LineString", "coordinates": [[121.4384632, 24.980775], [121.4384037, 24.9805271], [121.4383051, 24.9802918], [121.4382339, 24.9800763]]}}, {"type": "Feature", "properties": {"county": "新北市", "district": "土城區", "highway": "trunk_link", "name": "土城一交流道"}, "geometry": {"type": "LineString", "coordinates": [[121.4370306, 24.9754519], [121.437032, 24.9755508], [121.4370234, 24.9756362]]}}, {"type": "Feature", "properties": {"county": "新北市", "district": "土城區", "highway": "trunk_link", "name": "土城一交流道"}, "geometry": {"type": "LineString", "coordinates": [[121.4370234, 24.9756362], [121.4369501, 24.9761592], [121.4368299, 24.9769767], [121.4368235, 24.9772468], [121.4368604, 24.9774477], [121.4369172, 24.977616], [121.4370664, 24.9778682], [121.4373731, 24.9783888]]}}, {"type": "Feature", "properties": {"county": "新北市", "district": "土城區", "highway": "trunk_link", "name": null}, "geometry": {"type": "LineString", "coordinates": [[121.4336166, 24.9740969], [121.43417, 24.9745089]]}}, {"type": "Feature", "properties": {"county": "新北市", "district": "土城區", "highway": "trunk_link", "name": "土城一交流道"}, "geometry": {"type": "LineString", "coordinates": [[121.43417, 24.9745089], [121.4347144, 24.9749344], [121.4351626, 24.9753189], [121.4358672, 24.9760907], [121.436042, 24.9763142], [121.436096, 24.9763862], [121.4361856, 24.9764932], [121.4362926, 24.9765819], [121.4364328, 24.9766144], [121.4365424, 24.9766136], [121.436628, 24.9765832], [121.4367041, 24.9765317], [121.4367729, 24.9764685], [121.4368222, 24.9764033], [121.4368608, 24.9763183], [121.4368785, 24.9762356], [121.4368836, 24.9761668], [121.4368855, 24.9760934], [121.4368676, 24.9760058], [121.4368328, 24.9759145], [121.4367791, 24.9758226], [121.436709, 24.9757618], [121.436609, 24.9757191], [121.4364409, 24.9757258]]}}, {"type": "Feature", "properties": {"county": "新北市", "district": "土城區", "highway": "unclassified", "name": null}, "geometry": {"type": "LineString", "coordinates": [[121.4324129, 24.9778801], [121.4325868, 24.9776768]]}}, {"type": "Feature", "properties": {"county": "新北市", "district": "土城區", "highway": "trunk_link", "name": "土城一交流道"}, "geometry": {"type": "LineString", "coordinates": [[121.4333554, 24.9770139], [121.4334522, 24.9768966], [121.4337052, 24.9766434], [121.4345927, 24.975892], [121.4347107, 24.9757449], [121.434771, 24.975578], [121.4347733, 24.9754144], [121.4347416, 24.9752706], [121.4346712, 24.9751418], [121.4344965, 24.9749722], [121.4336389, 24.9743284]]}}, {"type": "Feature", "properties": {"county": "新北市", "district": "土城區", "highway": "trunk_link", "name": "土城一交流道"}, "geometry": {"type": "LineString", "coordinates": [[121.4325868, 24.9776768], [121.4333554, 24.9770139]]}}, {"type": "Feature", "properties": {"county": "新北市", "district": "土城區", "highway": "unclassified", "name": "機車道"}, "geometry": {"type": "LineString", "coordinates": [[121.4370306, 24.9754519], [121.4367449, 24.9756077], [121.4366372, 24.9756914]]}}, {"type": "Feature", "properties": {"county": "新北市", "district": "土城區", "highway": "trunk_link", "name": "土城一交流道"}, "geometry": {"type": "LineString", "coordinates": [[121.436265, 24.9766294], [121.4372672, 24.9781054]]}}, {"type": "Feature", "properties": {"county": "新北市", "district": "土城區", "highway": "unclassified", "name": "機車道"}, "geometry": {"type": "LineString", "coordinates": [[121.4325868, 24.9776768], [121.4326583, 24.9775663], [121.4328813, 24.9773451], [121.4333639, 24.9769217], [121.4335771, 24.9767063], [121.4337245, 24.9765808], [121.4339532, 24.9764437], [121.4342867, 24.9763086], [121.4345639, 24.976198], [121.4348481, 24.9760758], [121.4351801, 24.975942], [121.4353633, 24.9759204]]}}, {"type": "Feature", "properties": {"county": "新北市", "district": "土城區", "highway": "trunk_link", "name": "土城一交流道"}, "geometry": {"type": "LineString", "coordinates": [[121.4364409, 24.9757258], [121.4363, 24.9757568], [121.4358994, 24.9759051]]}}, {"type": "Feature", "properties": {"county": "新北市", "district": "土城區", "highway": "unclassified", "name": null}, "geometry": {"type": "LineString", "coordinates": [[121.4350772, 24.9762533], [121.4345964, 24.9764047]]}}, {"type": "Feature", "properties": {"county": "新北市", "district": "土城區", "highway": "secondary", "name": "篤行路一段"}, "geometry": {"type": "LineString", "coordinates": [[121.4319074, 24.9936194], [121.4319872, 24.9940808], [121.4320005, 24.9941576]]}}, {"type": "Feature", "properties": {"county": "新北市", "district": "土城區", "highway": "tertiary_link", "name": null}, "geometry": {"type": "LineString", "coordinates": [[121.4321097, 24.9961356], [121.4317801, 24.9963341]]}}, {"type": "Feature", "properties": {"county": "新北市", "district": "土城區", "highway": "trunk_link", "name": "土城二交流道"}, "geometry": {"type": "LineString", "coordinates": [[121.4336219, 24.9692756], [121.4330702, 24.9680806], [121.4329676, 24.9678594]]}}, {"type": "Feature", "properties": {"county": "新北市", "district": "土城區", "highway": "trunk_link", "name": "土城二交流道"}, "geometry": {"type": "LineString", "coordinates": [[121.4337918, 24.969628], [121.4336219, 24.9692756]]}}, {"type": "Feature", "properties": {"county": "新北市", "district": "土城區", "highway": "trunk_link", "name": "土城二交流道"}, "geometry": {"type": "LineString", "coordinates": [[121.4339936, 24.9699876], [121.4337918, 24.969628]]}}, {"type": "Feature", "properties": {"county": "新北市", "district": "土城區", "highway": "residential", "name": "中山路一段108巷"}, "geometry": {"type": "LineString", "coordinates": [[121.421182, 24.9917783], [121.422022, 24.9912527], [121.4220935, 24.991208], [121.4221612, 24.9911879]]}}, {"type": "Feature", "properties": {"county": "新北市", "district": "土城區", "highway": "residential", "name": null}, "geometry": {"type": "LineString", "coordinates": [[121.4271793, 24.9922418], [121.4274552, 24.9920593], [121.4278955, 24.9918026], [121.4279537, 24.9917687]]}}, {"type": "Feature", "properties": {"county": "新北市", "district": "土城區", "highway": "tertiary", "name": "立人地下道"}, "geometry": {"type": "LineString", "coordinates": [[121.4227618, 24.9886058], [121.4230999, 24.9885927], [121.4232905, 24.9886154], [121.4234563, 24.9886568]]}}, {"type": "Feature", "properties": {"county": "新北市", "district": "土城區", "highway": "tertiary", "name": "立人地下道"}, "geometry": {"type": "LineString", "coordinates": [[121.4217609, 24.9886551], [121.4218502, 24.9886486], [121.4218698, 24.9886472], [121.4227618, 24.9886058]]}}, {"type": "Feature", "properties": {"county": "新北市", "district": "土城區", "highway": "unclassified", "name": "東大街"}, "geometry": {"type": "LineString", "coordinates": [[121.4084111, 24.9756474], [121.4085067, 24.9755258], [121.4085577, 24.9754973], [121.4086572, 24.9755087], [121.4100091, 24.9758236], [121.411617, 24.9761692], [121.4124059, 24.9763283]]}}, {"type": "Feature", "properties": {"county": "新北市", "district": "土城區", "highway": "residential", "name": "中山路一段137巷"}, "geometry": {"type": "LineString", "coordinates": [[121.4231403, 24.9893332], [121.4224314, 24.9896783], [121.4223767, 24.9897053]]}}, {"type": "Feature", "properties": {"county": "新北市", "district": "土城區", "highway": "tertiary", "name": "板城路"}, "geometry": {"type": "LineString", "coordinates": [[121.4458118, 24.9947877], [121.4456787, 24.9946393], [121.4456842, 24.9945799], [121.445723, 24.9944937], [121.4459786, 24.9944249], [121.4461429, 24.9944243], [121.4463269, 24.9944468], [121.4464209, 24.9944562], [121.4467928, 24.9947189], [121.4470401, 24.9949152], [121.4474529, 24.9952372]]}}, {"type": "Feature", "properties": {"county": "新北市", "district": "土城區", "highway": "unclassified", "name": "石門路（雙號）"}, "geometry": {"type": "LineString", "coordinates": [[121.4564833, 24.9605772], [121.4564846, 24.9604584]]}}, {"type": "Feature", "properties": {"county": "新北市", "district": "土城區", "highway": "unclassified", "name": null}, "geometry": {"type": "LineString", "coordinates": [[121.4679708, 24.9583137], [121.4685871, 24.9587113], [121.4686608, 24.9588389], [121.4686729, 24.9589337], [121.4685254, 24.959183], [121.4685146, 24.9592402], [121.4685254, 24.9593557], [121.4685801, 24.9594647], [121.4686917, 24.9597897], [121.4687117, 24.9598262], [121.4687935, 24.9598323], [121.4688607, 24.9597958], [121.4688942, 24.9597739], [121.4690997, 24.9596597], [121.4691369, 24.959639], [121.4691919, 24.9596171]]}}, {"type": "Feature", "properties": {"county": "新北市", "district": "土城區", "highway": "residential", "name": "青雲路"}, "geometry": {"type": "LineString", "coordinates": [[121.4595601, 24.9695367], [121.4595916, 24.9695233], [121.4601843, 24.968321], [121.4602527, 24.9682322], [121.4606537, 24.967876], [121.4611593, 24.9675733], [121.4613176, 24.9674614], [121.4618902, 24.9669423], [121.4621115, 24.9668037], [121.4625688, 24.9665702], [121.462711, 24.9664499], [121.462939, 24.9663867], [121.4632045, 24.9664207], [121.4635264, 24.966518], [121.4636618, 24.9665253], [121.4637436, 24.9664766], [121.4638228, 24.9663526], [121.4638657, 24.9662578], [121.4640883, 24.9660669], [121.4646215, 24.9657765], [121.4647991, 24.9655211], [121.4650579, 24.9653643], [121.4654085, 24.9651966], [121.4655488, 24.9651199], [121.4657406, 24.9649485], [121.4658251, 24.9649315], [121.4662287, 24.9649217], [121.4667504, 24.9649691], [121.4668416, 24.964946], [121.4669596, 24.9649242], [121.4672158, 24.9649108], [121.4673365, 24.964946], [121.4674545, 24.964946], [121.4676436, 24.9649473], [121.4680499, 24.9649728], [121.4681304, 24.9649643], [121.4682149, 24.9649351], [121.4682873, 24.9648938], [121.4684885, 24.9647309], [121.4686749, 24.9646081], [121.468758, 24.9646068], [121.4690652, 24.9646105], [121.4691926, 24.9645619], [121.4692703, 24.9645132], [121.4694031, 24.9644609], [121.469552, 24.9644804], [121.4696687, 24.9645327], [121.4698819, 24.9645898], [121.4699731, 24.9646032], [121.4700965, 24.9645935], [121.4704277, 24.9644901], [121.4707026, 24.964354], [121.4707992, 24.9643333], [121.4709132, 24.9643941], [121.4709856, 24.964495], [121.4710647, 24.9647503], [121.4712029, 24.9648646], [121.4713571, 24.964895], [121.471518, 24.9649278], [121.4716803, 24.9649144], [121.4718184, 24.9648622], [121.4719485, 24.9647831], [121.472037, 24.9647005], [121.472139, 24.9645995], [121.4722711, 24.9645386], [121.4724199, 24.9644403]]}}, {"type": "Feature", "properties": {"county": "新北市", "district": "土城區", "highway": "unclassified", "name": "承天路"}, "geometry": {"type": "LineString", "coordinates": [[121.4433441, 24.9600273], [121.4433255, 24.9597236], [121.4432718, 24.9595253], [121.4433181, 24.9593636], [121.4434363, 24.9592554], [121.4436132, 24.959179], [121.4440783, 24.9590844], [121.4442411, 24.9590484], [121.4443059, 24.9590124], [121.4443381, 24.9589782], [121.4443696, 24.9589062], [121.4444095, 24.9587591], [121.4444958, 24.9584901], [121.4445427, 24.9582569]]}}, {"type": "Feature", "properties": {"county": "新北市", "district": "土城區", "highway": "unclassified", "name": "青雲路587巷"}, "geometry": {"type": "LineString", "coordinates": [[121.4594786, 24.9714017], [121.4598695, 24.971347], [121.4601324, 24.9712667], [121.4603165, 24.9712437], [121.4609555, 24.9711504], [121.4611053, 24.9710599], [121.461264, 24.9709611], [121.4613656, 24.9709343], [121.4614545, 24.9709438], [121.4616449, 24.9710474], [121.4618269, 24.9711069], [121.4620619, 24.9710849], [121.4623243, 24.9710455], [121.4625645, 24.9711501], [121.4627074, 24.9711837], [121.462828, 24.9711261], [121.4628936, 24.9710695], [121.4630439, 24.9707026], [121.4630842, 24.9706795], [121.4631861, 24.9706771], [121.4632585, 24.9706977], [121.4633671, 24.9707451], [121.4634208, 24.9707889], [121.4634775, 24.9708071], [121.4637064, 24.9708059], [121.4643264, 24.9708939], [121.4648323, 24.9706625], [121.4653432, 24.970502], [121.4654103, 24.9704631], [121.4655162, 24.9703416], [121.4655699, 24.9703099], [121.4656356, 24.9702978], [121.465873, 24.9703695], [121.4660902, 24.9704121], [121.4662351, 24.9704157], [121.4663598, 24.9704169], [121.4664081, 24.9704364], [121.4665583, 24.9705385], [121.4665918, 24.9706224], [121.4665998, 24.970671], [121.4666749, 24.9707683], [121.4668422, 24.9708439], [121.4668996, 24.9708652]]}}, {"type": "Feature", "properties": {"county": "新北市", "district": "土城區", "highway": "unclassified", "name": "永豐路"}, "geometry": {"type": "LineString", "coordinates": [[121.4742149, 24.9749986], [121.4741723, 24.9748428], [121.474237, 24.9746929], [121.4744071, 24.9745387], [121.4745461, 24.9740805], [121.4745036, 24.9737908], [121.4743974, 24.9735139], [121.4744071, 24.9731488], [121.4744574, 24.9725798], [121.4740813, 24.9721021], [121.4737387, 24.9718567], [121.4737531, 24.9717394], [121.4743089, 24.9714701], [121.4744886, 24.9713202], [121.4745581, 24.9712355], [121.4754373, 24.9709358], [121.4759236, 24.9706383], [121.4760482, 24.9702387], [121.4762398, 24.9699716], [121.4763956, 24.9698586], [121.4764597, 24.9696741], [121.4764832, 24.9696062]]}}, {"type": "Feature", "properties": {"county": "新北市", "district": "土城區", "highway": "unclassified", "name": null}, "geometry": {"type": "LineString", "coordinates": [[121.4737084, 24.9483936], [121.4735535, 24.9485116], [121.4733269, 24.9486478], [121.4731834, 24.948756], [121.4731391, 24.9488752], [121.4731378, 24.9489955], [121.4732223, 24.9490527], [121.4732558, 24.9491402], [121.4732424, 24.9491986], [121.4732062, 24.9492679], [121.4731525, 24.9493214], [121.4730519, 24.9493786], [121.472883, 24.9495135], [121.4728333, 24.9495914], [121.4726714, 24.949833], [121.4726214, 24.9499075], [121.4724565, 24.9501398], [121.4723827, 24.9502905], [121.4723599, 24.9504437], [121.4723814, 24.9504936], [121.4723934, 24.9505435], [121.4723921, 24.9505982], [121.4723505, 24.9506699], [121.4722808, 24.9507927], [121.4722017, 24.9512195], [121.4721212, 24.9513679], [121.4720045, 24.95165], [121.4719361, 24.9518834], [121.4718892, 24.951977], [121.4718248, 24.9520731], [121.4717698, 24.9521837], [121.471747, 24.9522822], [121.4717457, 24.9523455], [121.4716921, 24.9524172], [121.471621, 24.9524683], [121.4715566, 24.9524841], [121.4712683, 24.9525315], [121.4712267, 24.9525388], [121.4712012, 24.9525558], [121.4711865, 24.9525777], [121.4711891, 24.9526069], [121.4713112, 24.952782], [121.4713756, 24.9528525], [121.4713947, 24.9529036], [121.4713866, 24.9529522], [121.4713712, 24.9529899], [121.471345, 24.9530264], [121.4713008, 24.9530501], [121.4712324, 24.9530416], [121.4711982, 24.95303], [121.4711251, 24.9529571], [121.4709756, 24.9528355], [121.4708247, 24.9527346], [121.4707771, 24.9526902], [121.4707228, 24.9526744], [121.4706101, 24.9527145], [121.4705075, 24.9527814], [121.4704076, 24.9528081], [121.4702815, 24.9528908], [121.4701924, 24.9529528], [121.470132, 24.95301], [121.4701005, 24.9530513], [121.4700784, 24.953103], [121.4700542, 24.9531565], [121.4700462, 24.95323], [121.4700294, 24.9532653], [121.4699939, 24.9532884], [121.4699201, 24.9533218], [121.4698598, 24.9533261], [121.4698115, 24.9533407], [121.4697632, 24.9533796], [121.469729, 24.9533851], [121.4696901, 24.9533753], [121.4696552, 24.9533449], [121.469613, 24.9532161], [121.4695848, 24.9531826], [121.469505, 24.9531382], [121.4693421, 24.9531206], [121.4692864, 24.9531267], [121.4690324, 24.9531218]]}}, {"type": "Feature", "properties": {"county": "新北市", "district": "土城區", "highway": "unclassified", "name": "安康路三段660巷"}, "geometry": {"type": "LineString", "coordinates": [[121.4761244, 24.9447063], [121.4763014, 24.944868], [121.4763296, 24.9449361], [121.4763296, 24.9449957], [121.4763068, 24.9450285], [121.4761364, 24.9451501], [121.4760533, 24.9452693], [121.4757871, 24.9457817], [121.4756181, 24.9461027], [121.4755189, 24.9461806], [121.4754009, 24.9462681], [121.4753875, 24.9463314], [121.4754492, 24.9465697], [121.4754438, 24.9466402], [121.4752829, 24.9469053], [121.4752721, 24.9469734], [121.4752936, 24.9472433], [121.4751863, 24.9475814], [121.4751085, 24.9476373], [121.4747223, 24.9477589], [121.4744299, 24.9478465], [121.4741724, 24.9479851], [121.4738371, 24.9482307], [121.4737084, 24.9483936]]}}, {"type": "Feature", "properties": {"county": "新北市", "district": "土城區", "highway": "secondary", "name": "安康路三段"}, "geometry": {"type": "LineString", "coordinates": [[121.4697713, 24.9394853], [121.4695581, 24.9394196], [121.4693701, 24.9392936], [121.4692382, 24.9391474], [121.4691493, 24.9390203], [121.4690792, 24.9389154], [121.4689636, 24.9387979], [121.468855, 24.9387361], [121.4687838, 24.9387179], [121.4686779, 24.9387252], [121.4685827, 24.9387593], [121.4685009, 24.9388237], [121.4683996, 24.93898], [121.4682445, 24.9391163], [121.467535, 24.9395494], [121.4674043, 24.9396021], [121.4672476, 24.9396325], [121.4670709, 24.9396266], [121.4666858, 24.9395692], [121.4659852, 24.9394647], [121.4658012, 24.9394679], [121.4656533, 24.9394944], [121.4654074, 24.9395776], [121.4652634, 24.9396111], [121.4651485, 24.9395889], [121.4650412, 24.9395278], [121.4645602, 24.939098], [121.464162, 24.9389201], [121.4639509, 24.9387848], [121.4638503, 24.9386583], [121.4638298, 24.9384668], [121.4638709, 24.9382721], [121.4638794, 24.938232], [121.4638959, 24.9380077], [121.46381, 24.9377876], [121.4636692, 24.9376283], [121.4635095, 24.9375169], [121.4630535, 24.9372199], [121.4628699, 24.9371516], [121.4627506, 24.9371504], [121.4625039, 24.9372405], [121.4623048, 24.9372609], [121.4620832, 24.9372111], [121.461547, 24.9369439], [121.4614377, 24.9368194], [121.4613887, 24.9366869], [121.4613615, 24.9363836], [121.4613021, 24.936271], [121.4612219, 24.9361933], [121.4611171, 24.9361228], [121.4609549, 24.9360777], [121.4607236, 24.9360386], [121.4605928, 24.9360092], [121.4605123, 24.9359343], [121.460464, 24.935836], [121.4602548, 24.9352521], [121.4601663, 24.9351001], [121.4600134, 24.9349833], [121.4598651, 24.9349158]]}}, {"type": "Feature", "properties": {"county": "新北市", "district": "土城區", "highway": "residential", "name": "中央路二段61巷"}, "geometry": {"type": "LineString", "coordinates": [[121.4424343, 24.9788858], [121.4425505, 24.9789195], [121.4427402, 24.9788503], [121.4429354, 24.9787793], [121.4430606, 24.9787337], [121.4431644, 24.978696], [121.4432193, 24.978676], [121.4432548, 24.9786631], [121.443304, 24.9786452], [121.4436106, 24.9785336], [121.4440175, 24.9783861], [121.444411, 24.9782425], [121.4448976, 24.9780654], [121.4449509, 24.9780381]]}}, {"type": "Feature", "properties": {"county": "新北市", "district": "土城區", "highway": "unclassified", "name": null}, "geometry": {"type": "LineString", "coordinates": [[121.4724199, 24.9644403], [121.4724092, 24.9643417]]}}, {"type": "Feature", "properties": {"county": "新北市", "district": "土城區", "highway": "tertiary", "name": null}, "geometry": {"type": "LineString", "coordinates": [[121.4239638, 24.9870486], [121.4240495, 24.9870503], [121.4240635, 24.9870506]]}}, {"type": "Feature", "properties": {"county": "新北市", "district": "土城區", "highway": "residential", "name": "復興路"}, "geometry": {"type": "LineString", "coordinates": [[121.4158839, 24.9861465], [121.4155028, 24.9858045], [121.4150253, 24.9853758], [121.4148463, 24.9852152], [121.4147311, 24.985109], [121.4146936, 24.9850781], [121.4145693, 24.9849698], [121.4145141, 24.9849169], [121.4141018, 24.9845468], [121.4136376, 24.9841301], [121.4133886, 24.9839254], [121.4133779, 24.9838671], [121.4134637, 24.9837042], [121.4137253, 24.9832659], [121.4137603, 24.9832072]]}}, {"type": "Feature", "properties": {"county": "新北市", "district": "土城區", "highway": "residential", "name": "復興路"}, "geometry": {"type": "LineString", "coordinates": [[121.4181802, 24.98836], [121.4181335, 24.9882939], [121.4178241, 24.9878883], [121.4171486, 24.9872672], [121.4169043, 24.9870625], [121.4164639, 24.9866672], [121.4164181, 24.9866261]]}}, {"type": "Feature", "properties": {"county": "新北市", "district": "土城區", "highway": "residential", "name": "文化街"}, "geometry": {"type": "LineString", "coordinates": [[121.4181802, 24.98836], [121.4193205, 24.9876845], [121.4197782, 24.9874133], [121.4200624, 24.9872449], [121.4202841, 24.9871136], [121.4207082, 24.9868623]]}}, {"type": "Feature", "properties": {"county": "新北市", "district": "土城區", "highway": "tertiary", "name": "中華路"}, "geometry": {"type": "LineString", "coordinates": [[121.413744, 24.9803833], [121.4136282, 24.9803922], [121.4121482, 24.9805499], [121.411542, 24.980601], [121.4111982, 24.9806303], [121.4107678, 24.9806662], [121.4106744, 24.9806698], [121.4106563, 24.9806705], [121.4105473, 24.9806748], [121.410494, 24.9806657]]}}, {"type": "Feature", "properties": {"county": "新北市", "district": "土城區", "highway": "tertiary", "name": "八德街"}, "geometry": {"type": "LineString", "coordinates": [[121.4205642, 24.9805341], [121.4205722, 24.9806017], [121.4204274, 24.9807736], [121.4202668, 24.9810073], [121.4200166, 24.9814054], [121.4199906, 24.9814468], [121.4199843, 24.9814559], [121.4199437, 24.9815201]]}}, {"type": "Feature", "properties": {"county": "新北市", "district": "土城區", "highway": "tertiary", "name": "中華路"}, "geometry": {"type": "LineString", "coordinates": [[121.4198035, 24.9815197], [121.4197455, 24.9814901], [121.4197248, 24.9814796], [121.4191496, 24.9811885], [121.4191345, 24.9811809], [121.4190816, 24.9811541]]}}, {"type": "Feature", "properties": {"county": "新北市", "district": "土城區", "highway": "tertiary", "name": "備內街"}, "geometry": {"type": "LineString", "coordinates": [[121.4128773, 24.9869862], [121.4127916, 24.9870396], [121.4116134, 24.9877739], [121.4114625, 24.9878997], [121.4113357, 24.9880233], [121.4111689, 24.9882165], [121.4107933, 24.9886002], [121.4106726, 24.988726], [121.4104265, 24.988881], [121.4103351, 24.9889373], [121.4103071, 24.9889545], [121.4092944, 24.9894676], [121.4092093, 24.989503], [121.4091501, 24.9895183]]}}, {"type": "Feature", "properties": {"county": "新北市", "district": "土城區", "highway": "tertiary", "name": "太平路"}, "geometry": {"type": "LineString", "coordinates": [[121.418493, 24.9769969], [121.4185508, 24.9773452], [121.4185696, 24.9776226], [121.4185414, 24.9780224], [121.4185219, 24.9783011], [121.4185061, 24.9785021], [121.418499, 24.9787763], [121.4185402, 24.9789802], [121.418675, 24.9792322], [121.4188198, 24.9794948], [121.4189448, 24.9797242], [121.4189721, 24.9797743], [121.4190009, 24.9798273], [121.4190118, 24.9798656], [121.4191332, 24.9802296], [121.4192028, 24.9804412], [121.4192071, 24.980506], [121.4191945, 24.9805807], [121.4191006, 24.981054], [121.4190932, 24.9810916]]}}, {"type": "Feature", "properties": {"county": "新北市", "district": "土城區", "highway": "unclassified", "name": "東興街16巷"}, "geometry": {"type": "LineString", "coordinates": [[121.4081865, 24.9779219], [121.4086646, 24.9780388], [121.4090958, 24.9781442], [121.4094268, 24.9782194], [121.4094672, 24.9782286], [121.4097462, 24.978292], [121.4097985, 24.9783039], [121.4099701, 24.9783671], [121.4101134, 24.9784459]]}}, {"type": "Feature", "properties": {"county": "新北市", "district": "土城區", "highway": "unclassified", "name": "東順街90巷"}, "geometry": {"type": "LineString", "coordinates": [[121.4094247, 24.9770862], [121.408486, 24.9765396], [121.4080774, 24.976303], [121.4080298, 24.9762559], [121.4080488, 24.9762061], [121.4084111, 24.9756474]]}}, {"type": "Feature", "properties": {"county": "新北市", "district": "土城區", "highway": "unclassified", "name": "東大街"}, "geometry": {"type": "LineString", "coordinates": [[121.4124059, 24.9763283], [121.4131824, 24.9764849], [121.4142142, 24.9766929], [121.4143776, 24.9767583]]}}, {"type": "Feature", "properties": {"county": "新北市", "district": "土城區", "highway": "tertiary", "name": "中華路"}, "geometry": {"type": "LineString", "coordinates": [[121.410411, 24.9805469], [121.4106621, 24.980527], [121.4106825, 24.9805254], [121.4108208, 24.9805207], [121.4113066, 24.9804783], [121.4115571, 24.9804565], [121.4121456, 24.9804007], [121.4135458, 24.9802959], [121.413627, 24.9802944], [121.413776, 24.9802894]]}}, {"type": "Feature", "properties": {"county": "新北市", "district": "土城區", "highway": "secondary", "name": "中山路二段"}, "geometry": {"type": "LineString", "coordinates": [[121.4063015, 24.9789175], [121.4071449, 24.979363], [121.4079436, 24.9797427], [121.4085406, 24.9799954], [121.4089361, 24.9801629], [121.4090108, 24.9801839], [121.4099169, 24.9804393], [121.4102496, 24.9805185], [121.410411, 24.9805469]]}}, {"type": "Feature", "properties": {"county": "新北市", "district": "土城區", "highway": "secondary", "name": null}, "geometry": {"type": "LineString", "coordinates": [[121.4103609, 24.9806664], [121.410411, 24.9805469]]}}, {"type": "Feature", "properties": {"county": "新北市", "district": "土城區", "highway": "unclassified", "name": "東豐街49巷22弄"}, "geometry": {"type": "LineString", "coordinates": [[121.4149117, 24.9746844], [121.4133828, 24.9748593]]}}, {"type": "Feature", "properties": {"county": "新北市", "district": "土城區", "highway": "unclassified", "name": "東豐街49巷8弄"}, "geometry": {"type": "LineString", "coordinates": [[121.4133828, 24.9748593], [121.4134389, 24.9749727], [121.4136106, 24.9752353], [121.413675, 24.9752548], [121.4149571, 24.9751016]]}}, {"type": "Feature", "properties": {"county": "新北市", "district": "土城區", "highway": "motorway", "name": "福爾摩沙高速公路"}, "geometry": {"type": "LineString", "coordinates": [[121.4799799, 24.9884315], [121.4811257, 24.9887805], [121.4814826, 24.9888579], [121.482114, 24.9889756], [121.4826746, 24.9890267]]}}, {"type": "Feature", "properties": {"county": "新北市", "district": "土城區", "highway": "residential", "name": "樹人街"}, "geometry": {"type": "LineString", "coordinates": [[121.421471, 24.9929462], [121.4212287, 24.9930841], [121.4208397, 24.9933236], [121.4206839, 24.9934257], [121.419786, 24.994014], [121.4194753, 24.9942214], [121.4194291, 24.9942522], [121.4193463, 24.994296]]}}, {"type": "Feature", "properties": {"county": "新北市", "district": "土城區", "highway": "residential", "name": "啟智街"}, "geometry": {"type": "LineString", "coordinates": [[121.4208397, 24.9933236], [121.4209507, 24.9934757], [121.4210156, 24.9936629], [121.4210868, 24.9938683], [121.4210997, 24.9939196], [121.4211565, 24.9941454], [121.4212048, 24.9943205]]}}, {"type": "Feature", "properties": {"county": "新北市", "district": "土城區", "highway": "residential", "name": "太順街"}, "geometry": {"type": "LineString", "coordinates": [[121.4205642, 24.9805341], [121.4204736, 24.9804894], [121.4204136, 24.9804619], [121.4200176, 24.9802801], [121.4199938, 24.9802685], [121.4189721, 24.9797743]]}}, {"type": "Feature", "properties": {"county": "新北市", "district": "土城區", "highway": "residential", "name": "保順街"}, "geometry": {"type": "LineString", "coordinates": [[121.4300057, 24.9953086], [121.4296039, 24.9947025], [121.4293149, 24.9942679]]}}, {"type": "Feature", "properties": {"county": "新北市", "district": "土城區", "highway": "residential", "name": "太平路247巷"}, "geometry": {"type": "LineString", "coordinates": [[121.4198924, 24.9746559], [121.4199322, 24.9746129], [121.4201016, 24.9745052], [121.4202031, 24.9744761], [121.4203027, 24.9744677], [121.4206261, 24.9744652]]}}, {"type": "Feature", "properties": {"county": "新北市", "district": "土城區", "highway": "residential", "name": "明峯街"}, "geometry": {"type": "LineString", "coordinates": [[121.4689939, 24.9872104], [121.4688169, 24.9871136], [121.4684028, 24.9868893], [121.4677512, 24.9865518], [121.4678315, 24.9863927], [121.4676659, 24.9863727], [121.4675865, 24.9863629], [121.4674105, 24.9863508], [121.4672318, 24.9862667], [121.4664788, 24.9860258], [121.4662247, 24.9859392], [121.4661579, 24.9859184], [121.4656735, 24.9857431], [121.4655495, 24.985695], [121.4653417, 24.9856255], [121.464953, 24.9854814]]}}, {"type": "Feature", "properties": {"county": "新北市", "district": "土城區", "highway": "residential", "name": "德峯街"}, "geometry": {"type": "LineString", "coordinates": [[121.468772, 24.9862635], [121.4690205, 24.9864023], [121.4693875, 24.98661]]}}, {"type": "Feature", "properties": {"county": "新北市", "district": "土城區", "highway": "residential", "name": "延和路146巷"}, "geometry": {"type": "LineString", "coordinates": [[121.4676932, 24.9901743], [121.4679501, 24.989793], [121.4681365, 24.9895378], [121.4682448, 24.9893888]]}}, {"type": "Feature", "properties": {"county": "新北市", "district": "土城區", "highway": "residential", "name": "立清街"}, "geometry": {"type": "LineString", "coordinates": [[121.4604799, 24.9883017], [121.4603149, 24.9873875], [121.4601964, 24.9867716], [121.4598869, 24.9848474], [121.4598889, 24.9847196]]}}, {"type": "Feature", "properties": {"county": "新北市", "district": "土城區", "highway": "residential", "name": "立雲街"}, "geometry": {"type": "LineString", "coordinates": [[121.4590484, 24.9835744], [121.4596156, 24.9837424], [121.460061, 24.9838968], [121.4601414, 24.9839225]]}}, {"type": "Feature", "properties": {"county": "新北市", "district": "土城區", "highway": "residential", "name": "立仁街"}, "geometry": {"type": "LineString", "coordinates": [[121.459899, 24.984609], [121.4601414, 24.9839225]]}}, {"type": "Feature", "properties": {"county": "新北市", "district": "土城區", "highway": "residential", "name": null}, "geometry": {"type": "LineString", "coordinates": [[121.459899, 24.984609], [121.4598889, 24.9847196]]}}, {"type": "Feature", "properties": {"county": "新北市", "district": "土城區", "highway": "residential", "name": "立仁街"}, "geometry": {"type": "LineString", "coordinates": [[121.4601414, 24.9839225], [121.4602941, 24.9835295], [121.4604369, 24.983162], [121.4605168, 24.9829561], [121.4605794, 24.9828052], [121.4608206, 24.9822372]]}}, {"type": "Feature", "properties": {"county": "新北市", "district": "土城區", "highway": "residential", "name": "金城路二段242巷"}, "geometry": {"type": "LineString", "coordinates": [[121.4590484, 24.9835744], [121.4587856, 24.9835252], [121.4584447, 24.9834448], [121.4581598, 24.9833855], [121.4579472, 24.9833333], [121.4579357, 24.9833305], [121.4576461, 24.9831061], [121.4571834, 24.9827421]]}}, {"type": "Feature", "properties": {"county": "新北市", "district": "土城區", "highway": "residential", "name": "南天母路135巷"}, "geometry": {"type": "LineString", "coordinates": [[121.4475992, 24.9539027], [121.4477133, 24.9540054], [121.4477749, 24.9541257], [121.447809, 24.9543051], [121.4478622, 24.9544322], [121.4480069, 24.9544992], [121.4484246, 24.9546228], [121.4490189, 24.9548158], [121.4491527, 24.9548288], [121.4492073, 24.9548124], [121.4492482, 24.9547897], [121.449305, 24.9546654], [121.4492701, 24.9545469], [121.4491438, 24.9544679], [121.4489478, 24.9544126], [121.448669, 24.9543242], [121.4485842, 24.9542078], [121.4485312, 24.9537787]]}}, {"type": "Feature", "properties": {"county": "新北市", "district": "土城區", "highway": "secondary", "name": null}, "geometry": {"type": "LineString", "coordinates": [[121.4433342, 24.9945007], [121.4435478, 24.9944084], [121.443707, 24.994331], [121.4437484, 24.9942884], [121.4437662, 24.9942268], [121.4437566, 24.9941793], [121.4437353, 24.9941529], [121.4437016, 24.9941197], [121.4436543, 24.9940994], [121.4436032, 24.9940932], [121.4435519, 24.994102], [121.4435137, 24.9941179], [121.4434582, 24.9941597], [121.443392, 24.994231], [121.443319, 24.9943087], [121.4432157, 24.9943722], [121.4430938, 24.9944175], [121.44291, 24.9944593], [121.4424747, 24.9945277]]}}, {"type": "Feature", "properties": {"county": "新北市", "district": "土城區", "highway": "secondary_link", "name": null}, "geometry": {"type": "LineString", "coordinates": [[121.4455151, 24.994603], [121.4452599, 24.9944878], [121.4450763, 24.9944004], [121.4440986, 24.9940695], [121.4440534, 24.9940585], [121.4440095, 24.9940572], [121.4439504, 24.9940634], [121.4438953, 24.9940732], [121.4438441, 24.9940685], [121.4437975, 24.9940383], [121.4437733, 24.9939847], [121.4437701, 24.9939347], [121.443771, 24.9939148], [121.4437729, 24.9938579]]}}, {"type": "Feature", "properties": {"county": "新北市", "district": "土城區", "highway": "secondary", "name": null}, "geometry": {"type": "LineString", "coordinates": [[121.4419877, 24.9945761], [121.4413417, 24.9946765], [121.4411585, 24.9946975], [121.4410027, 24.9947071]]}}, {"type": "Feature", "properties": {"county": "新北市", "district": "土城區", "highway": "unclassified", "name": null}, "geometry": {"type": "LineString", "coordinates": [[121.4419479, 24.9947298], [121.4423068, 24.9946069], [121.4457133, 24.994025], [121.4464007, 24.9939801]]}}, {"type": "Feature", "properties": {"county": "新北市", "district": "土城區", "highway": "secondary_link", "name": null}, "geometry": {"type": "LineString", "coordinates": [[121.4447763, 24.9938508], [121.4449963, 24.9938169], [121.4452108, 24.9937957], [121.4453881, 24.9937928], [121.4455124, 24.9938197], [121.4456176, 24.993868], [121.4457123, 24.9939189], [121.4457931, 24.9939801], [121.4461232, 24.9942232], [121.4464209, 24.9944562]]}}, {"type": "Feature", "properties": {"county": "新北市", "district": "土城區", "highway": "secondary", "name": "新興橋"}, "geometry": {"type": "LineString", "coordinates": [[121.4440655, 24.994394], [121.44614, 24.9940345], [121.4464007, 24.9939801], [121.4465323, 24.9939527]]}}, {"type": "Feature", "properties": {"county": "新北市", "district": "土城區", "highway": "secondary", "name": "四川路二段"}, "geometry": {"type": "LineString", "coordinates": [[121.4499749, 24.9931216], [121.4498703, 24.993186], [121.4497697, 24.9932473], [121.4493803, 24.9934844]]}}, {"type": "Feature", "properties": {"county": "新北市", "district": "土城區", "highway": "tertiary", "name": null}, "geometry": {"type": "LineString", "coordinates": [[121.4458118, 24.9947877], [121.4455151, 24.994603], [121.4451542, 24.9944951], [121.4449899, 24.9944744], [121.4447712, 24.9944787], [121.4445038, 24.9945177], [121.4439004, 24.9946209], [121.443708, 24.9946384], [121.4432965, 24.9946493]]}}, {"type": "Feature", "properties": {"county": "新北市", "district": "土城區", "highway": "unclassified", "name": null}, "geometry": {"type": "LineString", "coordinates": [[121.4087076, 24.9541222], [121.4090543, 24.9549011], [121.4093035, 24.9559721], [121.4093772, 24.9567266], [121.409433, 24.9576049], [121.4094282, 24.9578841], [121.4094176, 24.9581138], [121.4093638, 24.9583364], [121.4093449, 24.9585205]]}}, {"type": "Feature", "properties": {"county": "新北市", "district": "土城區", "highway": "tertiary", "name": "擺接堡路"}, "geometry": {"type": "LineString", "coordinates": [[121.4116698, 24.9601379], [121.4116762, 24.9602412], [121.4116931, 24.9604356], [121.4117365, 24.9607595], [121.4117853, 24.9609947], [121.4118733, 24.9613047], [121.4119911, 24.9616435], [121.4121223, 24.9619189], [121.4123263, 24.9622762], [121.412626, 24.9627095]]}}, {"type": "Feature", "properties": {"county": "新北市", "district": "土城區", "highway": "tertiary", "name": "擺接堡路"}, "geometry": {"type": "LineString", "coordinates": [[121.4320329, 24.9726852], [121.4319166, 24.97264], [121.4315538, 24.9723531], [121.4297977, 24.971099], [121.4286591, 24.9703076], [121.4272825, 24.9694008], [121.4261322, 24.9686459], [121.4251567, 24.9680049], [121.4249449, 24.9678871], [121.4246271, 24.9677497], [121.4223197, 24.96694], [121.4207204, 24.9663813], [121.4179474, 24.9654158], [121.4158049, 24.9646669]]}}, {"type": "Feature", "properties": {"county": "新北市", "district": "土城區", "highway": "tertiary", "name": "擺接堡路"}, "geometry": {"type": "LineString", "coordinates": [[121.4191728, 24.9657673], [121.4199426, 24.9660384], [121.4209108, 24.9663734], [121.424033, 24.967467], [121.4247444, 24.9677205], [121.425014, 24.9678457], [121.4252361, 24.9679732], [121.4262217, 24.9686183], [121.4274179, 24.9694073], [121.428877, 24.9703666], [121.4300424, 24.971186], [121.4310483, 24.9718991], [121.431564, 24.9722705], [121.4318979, 24.9725372], [121.4319921, 24.9726183], [121.4320329, 24.9726852]]}}, {"type": "Feature", "properties": {"county": "新北市", "district": "土城區", "highway": "residential", "name": null}, "geometry": {"type": "LineString", "coordinates": [[121.4118217, 24.9602217], [121.4118554, 24.9604671], [121.4118943, 24.9607978], [121.4119569, 24.9610311], [121.412019, 24.9612136], [121.4121223, 24.9614786], [121.4122001, 24.961644], [121.4123376, 24.9619726], [121.4124589, 24.9621729], [121.4126145, 24.9624015], [121.4127124, 24.9625255], [121.4128078, 24.9626575], [121.4128825, 24.9627634]]}}, {"type": "Feature", "properties": {"county": "新北市", "district": "土城區", "highway": "residential", "name": "亞洲路"}, "geometry": {"type": "LineString", "coordinates": [[121.4332452, 24.9711631], [121.4342779, 24.9722919], [121.4347037, 24.9727195], [121.4350691, 24.9730702]]}}, {"type": "Feature", "properties": {"county": "新北市", "district": "土城區", "highway": "residential", "name": "復興路390巷"}, "geometry": {"type": "LineString", "coordinates": [[121.4139604, 24.9862477], [121.4140871, 24.9861798], [121.4141381, 24.9861294], [121.414253, 24.986037], [121.4143613, 24.98595], [121.414528, 24.9858159], [121.4150253, 24.9853758]]}}, {"type": "Feature", "properties": {"county": "新北市", "district": "土城區", "highway": "residential", "name": "樹新路50巷"}, "geometry": {"type": "LineString", "coordinates": [[121.4287416, 24.9967278], [121.4288164, 24.9966729], [121.4289776, 24.9965637], [121.4290396, 24.9965374], [121.429099, 24.9965318], [121.4292006, 24.9964815], [121.4294478, 24.9963199], [121.4296483, 24.9961762], [121.4297522, 24.9960994]]}}, {"type": "Feature", "properties": {"county": "新北市", "district": "土城區", "highway": "tertiary_link", "name": "大觀路三段"}, "geometry": {"type": "LineString", "coordinates": [[121.4352116, 24.9957046], [121.4350706, 24.9957084], [121.4350295, 24.9957113], [121.4346469, 24.9957399], [121.4344225, 24.9957576], [121.4343987, 24.9957599], [121.4338612, 24.9958127], [121.4337912, 24.9958196]]}}, {"type": "Feature", "properties": {"county": "新北市", "district": "土城區", "highway": "tertiary", "name": null}, "geometry": {"type": "LineString", "coordinates": [[121.4337912, 24.9958196], [121.4336626, 24.9955927], [121.4335926, 24.9955057]]}}, {"type": "Feature", "properties": {"county": "新北市", "district": "土城區", "highway": "secondary", "name": "浮洲橋"}, "geometry": {"type": "LineString", "coordinates": [[121.4355346, 24.9954168], [121.4396115, 24.9950078], [121.4410759, 24.9948592], [121.4413275, 24.994813]]}}, {"type": "Feature", "properties": {"county": "新北市", "district": "土城區", "highway": "secondary", "name": "中山路二段"}, "geometry": {"type": "LineString", "coordinates": [[121.4147977, 24.9837157], [121.4147584, 24.9836959], [121.4138224, 24.9832376], [121.4137603, 24.9832072], [121.4137113, 24.9831822], [121.4134715, 24.9830599], [121.4128647, 24.9827451], [121.412589, 24.9826388], [121.4124742, 24.9825945], [121.4123625, 24.9826551], [121.4122536, 24.9827142], [121.4120933, 24.9828012], [121.411654, 24.9830346], [121.4115902, 24.9830685], [121.4115419, 24.9830942]]}}, {"type": "Feature", "properties": {"county": "新北市", "district": "土城區", "highway": "secondary", "name": "中山路一段"}, "geometry": {"type": "LineString", "coordinates": [[121.4248801, 24.9938285], [121.4248595, 24.9938008], [121.4247015, 24.9935903]]}}, {"type": "Feature", "properties": {"county": "新北市", "district": "土城區", "highway": "tertiary_link", "name": "保安二街"}, "geometry": {"type": "LineString", "coordinates": [[121.4248801, 24.9938285], [121.4247219, 24.9944142]]}}, {"type": "Feature", "properties": {"county": "新北市", "district": "土城區", "highway": "tertiary", "name": "保安二街"}, "geometry": {"type": "LineString", "coordinates": [[121.4247219, 24.9944142], [121.424696, 24.9945445], [121.424665, 24.9946934], [121.4246627, 24.9947045], [121.4246216, 24.9949068], [121.4245651, 24.9949743], [121.4244673, 24.9950513], [121.4243229, 24.9951312], [121.423946, 24.9952687], [121.4232085, 24.9954687], [121.4230973, 24.9954988], [121.4228019, 24.9955457], [121.4224069, 24.9955618], [121.4220971, 24.995551], [121.4216419, 24.9955301]]}}, {"type": "Feature", "properties": {"county": "新北市", "district": "土城區", "highway": "residential", "name": "自由街"}, "geometry": {"type": "LineString", "coordinates": [[121.4233108, 24.9670217], [121.4235523, 24.9667505], [121.4240202, 24.9662248], [121.4245573, 24.9656349]]}}, {"type": "Feature", "properties": {"county": "新北市", "district": "土城區", "highway": "tertiary", "name": "中華路"}, "geometry": {"type": "LineString", "coordinates": [[121.4247011, 24.9839884], [121.4245784, 24.9839266], [121.4237842, 24.9835265], [121.4236153, 24.9834415], [121.4235176, 24.9833965], [121.4235041, 24.9833896], [121.4233149, 24.9832926], [121.4231054, 24.9831851], [121.4230922, 24.9831783], [121.4230431, 24.9831532], [121.4229943, 24.9831286], [121.4225535, 24.9829066], [121.4225412, 24.9829004], [121.4224905, 24.9828763]]}}, {"type": "Feature", "properties": {"county": "新北市", "district": "土城區", "highway": "tertiary", "name": "鎮前街97巷"}, "geometry": {"type": "LineString", "coordinates": [[121.4243464, 24.9897914], [121.4244061, 24.989765], [121.4248596, 24.9895644], [121.4249115, 24.9895401], [121.4249212, 24.9895356]]}}, {"type": "Feature", "properties": {"county": "新北市", "district": "土城區", "highway": "unclassified", "name": "博愛街"}, "geometry": {"type": "LineString", "coordinates": [[121.4249212, 24.9895356], [121.4249604, 24.9895808], [121.4252439, 24.9899337], [121.4253629, 24.9900818], [121.4255742, 24.9903249], [121.4257602, 24.9905295], [121.4260256, 24.9908462]]}}, {"type": "Feature", "properties": {"county": "新北市", "district": "土城區", "highway": "secondary", "name": "樹新路"}, "geometry": {"type": "LineString", "coordinates": [[121.4276621, 24.995364], [121.4282891, 24.9961651], [121.4283714, 24.9962675], [121.4285462, 24.9964849], [121.4287416, 24.9967278], [121.4288689, 24.9968862], [121.4291363, 24.9972253], [121.4293232, 24.9974578], [121.4295174, 24.9976992], [121.4295747, 24.9977705], [121.4297127, 24.9979356], [121.4297701, 24.9980067]]}}, {"type": "Feature", "properties": {"county": "新北市", "district": "土城區", "highway": "secondary", "name": "中山路二段"}, "geometry": {"type": "LineString", "coordinates": [[121.4103609, 24.9806664], [121.4102295, 24.9806271], [121.4089756, 24.9802558], [121.4088966, 24.9802324], [121.4086605, 24.9801288], [121.4078297, 24.9797641], [121.4070223, 24.9793757], [121.4066747, 24.9791547], [121.4063015, 24.9789175]]}}, {"type": "Feature", "properties": {"county": "新北市", "district": "土城區", "highway": "residential", "name": "鎮前街"}, "geometry": {"type": "LineString", "coordinates": [[121.4108681, 24.9814563], [121.4109504, 24.9814959], [121.4125753, 24.9822775], [121.4126597, 24.9823233]]}}, {"type": "Feature", "properties": {"county": "新北市", "district": "土城區", "highway": "tertiary", "name": "保安街一段"}, "geometry": {"type": "LineString", "coordinates": [[121.4207861, 24.9960875], [121.4207, 24.9961522], [121.4206429, 24.9961937], [121.4199844, 24.9966694], [121.4198866, 24.9967362], [121.4198493, 24.9967609], [121.4193973, 24.9970665], [121.4193421, 24.9971022], [121.4192657, 24.9971516], [121.4191599, 24.9972201], [121.4190998, 24.9972589], [121.4186185, 24.9975435]]}}, {"type": "Feature", "properties": {"county": "新北市", "district": "土城區", "highway": "tertiary", "name": "大安路"}, "geometry": {"type": "LineString", "coordinates": [[121.4207861, 24.9960875], [121.420708, 24.9959936], [121.4202772, 24.995456], [121.4202485, 24.9954203], [121.4202248, 24.9953908], [121.4193463, 24.994296], [121.4188892, 24.9937398], [121.4182671, 24.9929814], [121.4182195, 24.9929234], [121.4176661, 24.9922239], [121.4173541, 24.991864], [121.4173205, 24.9918252], [121.4172944, 24.9917929], [121.4172168, 24.9916968], [121.4165419, 24.9908354], [121.4159375, 24.9899188], [121.4158291, 24.9897308]]}}, {"type": "Feature", "properties": {"county": "新北市", "district": "土城區", "highway": "tertiary", "name": "大安路"}, "geometry": {"type": "LineString", "coordinates": [[121.4158291, 24.9897308], [121.4157998, 24.9896776], [121.4157643, 24.9896112], [121.4151007, 24.9882944], [121.4150828, 24.9882606]]}}, {"type": "Feature", "properties": {"county": "新北市", "district": "土城區", "highway": "tertiary", "name": "大安路"}, "geometry": {"type": "LineString", "coordinates": [[121.4159483, 24.9896714], [121.4166021, 24.9907845], [121.4168557, 24.9911084], [121.4173054, 24.9916774], [121.41736, 24.9917409], [121.4173928, 24.9917791], [121.417426, 24.9918179], [121.4177237, 24.9921666], [121.4184756, 24.9930883], [121.4189562, 24.9936814], [121.419207, 24.9939878], [121.4194291, 24.9942522], [121.4194894, 24.9943263], [121.419976, 24.9948913], [121.4202905, 24.9952762], [121.4203215, 24.9953141], [121.4203467, 24.9953448], [121.4208149, 24.9959234], [121.4208922, 24.9960122]]}}, {"type": "Feature", "properties": {"county": "新北市", "district": "土城區", "highway": "residential", "name": "文化街"}, "geometry": {"type": "LineString", "coordinates": [[121.4159483, 24.9896714], [121.4160121, 24.989633], [121.4163517, 24.9894351], [121.4163912, 24.9894118], [121.4166497, 24.9892599], [121.4169036, 24.9891106], [121.4174542, 24.9887869], [121.4178844, 24.988534], [121.4179604, 24.9884893], [121.4181802, 24.98836]]}}, {"type": "Feature", "properties": {"county": "新北市", "district": "土城區", "highway": "tertiary", "name": "博愛街"}, "geometry": {"type": "LineString", "coordinates": [[121.4249212, 24.9895356], [121.424878, 24.9894797], [121.4246575, 24.9891314], [121.4245637, 24.9889624], [121.4244313, 24.9887239], [121.4243682, 24.9886736]]}}, {"type": "Feature", "properties": {"county": "新北市", "district": "土城區", "highway": "secondary", "name": "保安街一段"}, "geometry": {"type": "LineString", "coordinates": [[121.4265149, 24.9937019], [121.4263884, 24.9937569]]}}, {"type": "Feature", "properties": {"county": "新北市", "district": "土城區", "highway": "tertiary", "name": "保安街一段"}, "geometry": {"type": "LineString", "coordinates": [[121.4208922, 24.9960122], [121.4207861, 24.9960875]]}}, {"type": "Feature", "properties": {"county": "新北市", "district": "土城區", "highway": "tertiary", "name": "大安路"}, "geometry": {"type": "LineString", "coordinates": [[121.4208922, 24.9960122], [121.4209783, 24.9961111], [121.4218334, 24.997045], [121.422259, 24.997509], [121.422575, 24.9978427], [121.4226196, 24.9978916], [121.424194, 24.9996185], [121.4248485, 25.0003384], [121.4252496, 25.0008077], [121.425311, 25.0008752]]}}, {"type": "Feature", "properties": {"county": "新北市", "district": "土城區", "highway": "secondary", "name": "中山路二段"}, "geometry": {"type": "LineString", "coordinates": [[121.4173191, 24.9849711], [121.4172449, 24.984934], [121.4172281, 24.9849256], [121.4159445, 24.9842836], [121.4153806, 24.9840007], [121.4147977, 24.9837157]]}}, {"type": "Feature", "properties": {"county": "新北市", "district": "土城區", "highway": "tertiary", "name": "保安街一段"}, "geometry": {"type": "LineString", "coordinates": [[121.4229765, 24.9950743], [121.4229046, 24.995097], [121.4222784, 24.9952944], [121.4220737, 24.9953701], [121.4216419, 24.9955301], [121.4215792, 24.9955632], [121.4214943, 24.9956094], [121.4210405, 24.9959093], [121.4208922, 24.9960122]]}}, {"type": "Feature", "properties": {"county": "新北市", "district": "土城區", "highway": "residential", "name": "復興路"}, "geometry": {"type": "LineString", "coordinates": [[121.4229765, 24.9950743], [121.4229382, 24.9950229], [121.4228826, 24.994946], [121.4226448, 24.9945928], [121.422585, 24.9945052], [121.4222292, 24.9939855], [121.4218777, 24.9935204], [121.421471, 24.9929462], [121.4207559, 24.9919894], [121.4205794, 24.9917416], [121.420434, 24.9915375], [121.4202196, 24.9912376], [121.4200336, 24.9909754], [121.419916, 24.9908103], [121.4196143, 24.9903868], [121.4192945, 24.9899378], [121.4191993, 24.9898042], [121.4189485, 24.9894623], [121.4188437, 24.9893089], [121.4185981, 24.9889492], [121.4183431, 24.9885885], [121.4182316, 24.9884321], [121.4181802, 24.98836]]}}, {"type": "Feature", "properties": {"county": "新北市", "district": "土城區", "highway": "tertiary", "name": "八德街"}, "geometry": {"type": "LineString", "coordinates": [[121.4182101, 24.9837993], [121.4182342, 24.983729], [121.4182468, 24.9836922]]}}, {"type": "Feature", "properties": {"county": "新北市", "district": "土城區", "highway": "residential", "name": "啟智街"}, "geometry": {"type": "LineString", "coordinates": [[121.4188579, 24.9904649], [121.4190738, 24.9907199], [121.419014, 24.990749]]}}, {"type": "Feature", "properties": {"county": "新北市", "district": "土城區", "highway": "residential", "name": "日新街"}, "geometry": {"type": "LineString", "coordinates": [[121.4221612, 24.9911879], [121.4224032, 24.9915999], [121.4226898, 24.992069], [121.4227055, 24.9920948], [121.4229478, 24.9924951], [121.4231326, 24.9928073], [121.4231837, 24.9928359], [121.4232158, 24.9928539], [121.4235341, 24.9929606], [121.4235943, 24.9929862], [121.4237598, 24.9931903], [121.4238164, 24.9933015]]}}, {"type": "Feature", "properties": {"county": "新北市", "district": "土城區", "highway": "residential", "name": "中山路一段108巷"}, "geometry": {"type": "LineString", "coordinates": [[121.4221612, 24.9911879], [121.4222429, 24.9911625], [121.4223263, 24.9911224], [121.4229659, 24.990815], [121.4230138, 24.990792]]}}, {"type": "Feature", "properties": {"county": "新北市", "district": "土城區", "highway": "tertiary", "name": "中華路"}, "geometry": {"type": "LineString", "coordinates": [[121.4199069, 24.9815754], [121.4198035, 24.9815197]]}}, {"type": "Feature", "properties": {"county": "新北市", "district": "土城區", "highway": "secondary", "name": "中山路二段"}, "geometry": {"type": "LineString", "coordinates": [[121.4175315, 24.9850803], [121.4173191, 24.9849711]]}}, {"type": "Feature", "properties": {"county": "新北市", "district": "土城區", "highway": "tertiary", "name": "復興路"}, "geometry": {"type": "LineString", "coordinates": [[121.4164181, 24.9866261], [121.4162651, 24.9864888]]}}, {"type": "Feature", "properties": {"county": "新北市", "district": "土城區", "highway": "residential", "name": "日和街"}, "geometry": {"type": "LineString", "coordinates": [[121.4421645, 24.9841633], [121.442289, 24.9841225], [121.4439262, 24.9836399]]}}, {"type": "Feature", "properties": {"county": "新北市", "district": "土城區", "highway": "tertiary", "name": "擺接堡路"}, "geometry": {"type": "LineString", "coordinates": [[121.4320329, 24.9726852], [121.4325843, 24.9730962], [121.4337973, 24.9740925]]}}, {"type": "Feature", "properties": {"county": "新北市", "district": "土城區", "highway": "residential", "name": "自由街"}, "geometry": {"type": "LineString", "coordinates": [[121.4200038, 24.9658953], [121.4208555, 24.966167], [121.4210035, 24.9662179], [121.4219527, 24.9665447], [121.4221783, 24.9666196], [121.4225804, 24.9667587], [121.4230214, 24.9669116], [121.4233108, 24.9670217]]}}, {"type": "Feature", "properties": {"county": "新北市", "district": "土城區", "highway": "tertiary", "name": "擺接堡路"}, "geometry": {"type": "LineString", "coordinates": [[121.4116475, 24.9596853], [121.4115999, 24.9595819], [121.4115758, 24.9593172], [121.4115744, 24.9590756], [121.411602, 24.9588793], [121.4116669, 24.9586598], [121.4117588, 24.9584257], [121.4119968, 24.9578084], [121.4120681, 24.9575485], [121.4121296, 24.9572012], [121.4121432, 24.9568403], [121.4121084, 24.9564871], [121.4120554, 24.9561958], [121.4119492, 24.9558627], [121.4117985, 24.9555327], [121.4115129, 24.954986], [121.4113637, 24.9545957], [121.4112258, 24.9541329], [121.410954, 24.9531893], [121.4108713, 24.9529469], [121.4107837, 24.9527598], [121.4106663, 24.9525798], [121.4105618, 24.9524554], [121.4104284, 24.9523232], [121.410262, 24.9521923], [121.4101014, 24.9520846], [121.4098967, 24.9519681], [121.4097646, 24.9518982], [121.4092682, 24.9516924], [121.4091309, 24.9516258], [121.4090169, 24.9515346], [121.4089323, 24.9514359]]}}, {"type": "Feature", "properties": {"county": "新北市", "district": "土城區", "highway": "residential", "name": null}, "geometry": {"type": "LineString", "coordinates": [[121.4687844, 24.9799463], [121.4689554, 24.9800887], [121.4690051, 24.9801148], [121.4690902, 24.9801166], [121.4691942, 24.9801087], [121.4694624, 24.9800692], [121.4695241, 24.9800832], [121.4695784, 24.9801051], [121.4697098, 24.9801817], [121.4699539, 24.9804242], [121.4700277, 24.9804637], [121.4701329, 24.9804868], [121.4702986, 24.9804795], [121.4704254, 24.9804537]]}}, {"type": "Feature", "properties": {"county": "新北市", "district": "土城區", "highway": "residential", "name": "永豐路195巷7弄"}, "geometry": {"type": "LineString", "coordinates": [[121.4704254, 24.9804537], [121.4708221, 24.9796196], [121.4710954, 24.9791071], [121.4711209, 24.9790646], [121.4711558, 24.9790621], [121.471204, 24.9790658], [121.4716602, 24.9792386], [121.4719981, 24.9785855]]}}, {"type": "Feature", "properties": {"county": "新北市", "district": "土城區", "highway": "unclassified", "name": "東佳路"}, "geometry": {"type": "LineString", "coordinates": [[121.4107773, 24.9818746], [121.4107005, 24.9818224], [121.4096288, 24.9815524], [121.4082783, 24.9812254], [121.4078237, 24.9810917], [121.4073651, 24.9809701], [121.4065725, 24.980682], [121.4052967, 24.9802426], [121.4051884, 24.980197], [121.404939, 24.9800292], [121.4048277, 24.9799125], [121.404592, 24.9795672], [121.4045202, 24.97948], [121.4041974, 24.979222], [121.4028268, 24.9781771], [121.4027704, 24.978103], [121.4027141, 24.9780179], [121.4023323, 24.9771912], [121.4022489, 24.9770974], [121.4020157, 24.9768874], [121.4018679, 24.9767542], [121.4017177, 24.9766022], [121.4015929, 24.9763846], [121.401542, 24.9762241], [121.4015554, 24.9760953], [121.4015728, 24.9759774], [121.4016444, 24.9758005]]}}, {"type": "Feature", "properties": {"county": "新北市", "district": "土城區", "highway": "residential", "name": "青仁路"}, "geometry": {"type": "LineString", "coordinates": [[121.4589916, 24.9785387], [121.4592852, 24.9785365], [121.4595218, 24.9785497], [121.4597461, 24.9785852], [121.4597879, 24.9785946], [121.4598404, 24.9786065], [121.4599901, 24.9786416], [121.4604079, 24.9787958], [121.4604439, 24.9788079], [121.4606226, 24.9788954], [121.4608447, 24.9790136], [121.4610995, 24.9791623], [121.4612994, 24.9792839], [121.4614613, 24.9793986], [121.4615589, 24.9794853]]}}, {"type": "Feature", "properties": {"county": "新北市", "district": "土城區", "highway": "residential", "name": "華順街"}, "geometry": {"type": "LineString", "coordinates": [[121.4653535, 24.9983513], [121.4653542, 24.9983342], [121.4653561, 24.9982826], [121.4653607, 24.9977776], [121.4653547, 24.9973746], [121.4652937, 24.9968511], [121.465205, 24.9965031], [121.465104, 24.9962669], [121.4649217, 24.9958814], [121.4648041, 24.9957382], [121.4646832, 24.9955909], [121.4644595, 24.9953814], [121.4643228, 24.9952738]]}}, {"type": "Feature", "properties": {"county": "新北市", "district": "土城區", "highway": "residential", "name": "海山路"}, "geometry": {"type": "LineString", "coordinates": [[121.4489719, 24.987887], [121.4490202, 24.9877628], [121.4491672, 24.9873157], [121.4492886, 24.9869607], [121.4493072, 24.9869145], [121.4493365, 24.9868085], [121.449344, 24.9867753], [121.4493584, 24.9867117], [121.4493584, 24.986667], [121.4493309, 24.9865874], [121.4492732, 24.9865069], [121.4492529, 24.9864786], [121.4490735, 24.9862923], [121.4489816, 24.9861968], [121.4488743, 24.986051], [121.4488486, 24.9857495]]}}, {"type": "Feature", "properties": {"county": "新北市", "district": "土城區", "highway": "residential", "name": "篤行路三段玉平巷76弄"}, "geometry": {"type": "LineString", "coordinates": [[121.4270908, 24.9862294], [121.4272868, 24.9860577], [121.4275032, 24.9858739], [121.4275339, 24.9858458]]}}, {"type": "Feature", "properties": {"county": "新北市", "district": "土城區", "highway": "residential", "name": "金門街369巷"}, "geometry": {"type": "LineString", "coordinates": [[121.4280905, 24.9814711], [121.4282061, 24.9815481], [121.4282321, 24.9815857], [121.4283221, 24.9817158], [121.4283809, 24.9821954], [121.428398, 24.9823363], [121.4284318, 24.982614], [121.4284373, 24.9826575], [121.4284456, 24.9827176], [121.4286424, 24.9831272], [121.4288912, 24.9835437], [121.429104, 24.9838873], [121.4289803, 24.9840134], [121.4289602, 24.9840863], [121.4289455, 24.9841921], [121.4289512, 24.9844255], [121.4289071, 24.9845321], [121.4287219, 24.9845801], [121.4284279, 24.9846467], [121.4283126, 24.9846816]]}}, {"type": "Feature", "properties": {"county": "新北市", "district": "土城區", "highway": "unclassified", "name": null}, "geometry": {"type": "LineString", "coordinates": [[121.4112814, 24.9810435], [121.4115927, 24.9810264], [121.4130543, 24.9809463], [121.4132126, 24.9809025], [121.4135478, 24.9807666]]}}, {"type": "Feature", "properties": {"county": "新北市", "district": "土城區", "highway": "residential", "name": "太元街2巷"}, "geometry": {"type": "LineString", "coordinates": [[121.4174927, 24.9812276], [121.4169906, 24.9809851], [121.4165535, 24.9817172], [121.4163303, 24.9820997]]}}, {"type": "Feature", "properties": {"county": "新北市", "district": "土城區", "highway": "residential", "name": "東榮街91巷"}, "geometry": {"type": "LineString", "coordinates": [[121.4163303, 24.9820997], [121.4161742, 24.9823691], [121.4160592, 24.9825677]]}}, {"type": "Feature", "properties": {"county": "新北市", "district": "土城區", "highway": "residential", "name": "四德街"}, "geometry": {"type": "LineString", "coordinates": [[121.4256411, 24.9922127], [121.4261776, 24.9921284], [121.4265827, 24.9920249], [121.4269224, 24.9918803]]}}, {"type": "Feature", "properties": {"county": "新北市", "district": "土城區", "highway": "tertiary", "name": "博愛街"}, "geometry": {"type": "LineString", "coordinates": [[121.4243682, 24.9886736], [121.4243223, 24.9885304], [121.4242106, 24.988125], [121.4241746, 24.987889], [121.4240286, 24.9874236], [121.4239793, 24.9872197], [121.4239733, 24.9871266], [121.4239638, 24.9870486]]}}, {"type": "Feature", "properties": {"county": "新北市", "district": "土城區", "highway": "residential", "name": "啟智街124巷"}, "geometry": {"type": "LineString", "coordinates": [[121.4162233, 24.987865], [121.4157855, 24.9880764], [121.4154182, 24.9883413]]}}, {"type": "Feature", "properties": {"county": "新北市", "district": "土城區", "highway": "residential", "name": "啟智街120巷"}, "geometry": {"type": "LineString", "coordinates": [[121.4163905, 24.987959], [121.4161708, 24.9882051], [121.4159709, 24.9883243], [121.4158977, 24.9883646], [121.4157239, 24.988521], [121.4155472, 24.988667]]}}, {"type": "Feature", "properties": {"county": "新北市", "district": "土城區", "highway": "residential", "name": "啟智街173巷"}, "geometry": {"type": "LineString", "coordinates": [[121.41589, 24.9876624], [121.4161426, 24.987309]]}}, {"type": "Feature", "properties": {"county": "新北市", "district": "土城區", "highway": "residential", "name": null}, "geometry": {"type": "LineString", "coordinates": [[121.4162233, 24.987865], [121.4165122, 24.9877021]]}}, {"type": "Feature", "properties": {"county": "新北市", "district": "土城區", "highway": "residential", "name": null}, "geometry": {"type": "LineString", "coordinates": [[121.4157465, 24.9880266], [121.4157855, 24.9880764], [121.4159709, 24.9883243], [121.4160751, 24.9884751]]}}, {"type": "Feature", "properties": {"county": "新北市", "district": "土城區", "highway": "unclassified", "name": "博愛一街"}, "geometry": {"type": "LineString", "coordinates": [[121.4260256, 24.9908462], [121.4259406, 24.9908714], [121.425784, 24.9909177], [121.4251033, 24.9911309], [121.4250239, 24.9911557]]}}, {"type": "Feature", "properties": {"county": "新北市", "district": "土城區", "highway": "residential", "name": "溪北路"}, "geometry": {"type": "LineString", "coordinates": [[121.4311148, 24.9878748], [121.4310582, 24.9879073], [121.4307837, 24.9880648], [121.4300453, 24.9884884], [121.4299902, 24.98852]]}}, {"type": "Feature", "properties": {"county": "新北市", "district": "土城區", "highway": "residential", "name": "滿平二街30巷"}, "geometry": {"type": "LineString", "coordinates": [[121.4258568, 24.9875278], [121.4254605, 24.9874721], [121.4251584, 24.9874344]]}}, {"type": "Feature", "properties": {"county": "新北市", "district": "土城區", "highway": "residential", "name": "金門街324巷"}, "geometry": {"type": "LineString", "coordinates": [[121.4279393, 24.9854665], [121.4283547, 24.9850892], [121.4285403, 24.9849206]]}}, {"type": "Feature", "properties": {"county": "新北市", "district": "土城區", "highway": "residential", "name": "金門街361巷"}, "geometry": {"type": "LineString", "coordinates": [[121.4285403, 24.9849206], [121.428666, 24.9847799]]}}, {"type": "Feature", "properties": {"county": "新北市", "district": "土城區", "highway": "residential", "name": "滿平街84巷"}, "geometry": {"type": "LineString", "coordinates": [[121.4258568, 24.9875278], [121.4258979, 24.9874221], [121.4259571, 24.9872738], [121.426049, 24.9871547], [121.4263098, 24.9869109], [121.4265609, 24.9866811], [121.4266359, 24.9866126], [121.4267917, 24.9864814], [121.4270212, 24.9862881], [121.4270908, 24.9862294]]}}, {"type": "Feature", "properties": {"county": "新北市", "district": "土城區", "highway": "residential", "name": "溪崑二街"}, "geometry": {"type": "LineString", "coordinates": [[121.4291637, 24.9922478], [121.4291316, 24.9921875], [121.4290992, 24.9921265], [121.4288438, 24.9916461], [121.4287281, 24.9914847], [121.4286729, 24.9914077]]}}, {"type": "Feature", "properties": {"county": "新北市", "district": "土城區", "highway": "residential", "name": "大觀路二段265巷"}, "geometry": {"type": "LineString", "coordinates": [[121.4430066, 24.9990583], [121.4429338, 24.9987188], [121.4429001, 24.9985903], [121.4428546, 24.9984168], [121.4428443, 24.9983749], [121.4428238, 24.9982899], [121.4427712, 24.9980587], [121.4427457, 24.9979463], [121.4426879, 24.9976926], [121.442556, 24.9971138], [121.4424992, 24.9968644], [121.4424909, 24.9968281], [121.4424327, 24.9965995], [121.4423703, 24.9963388], [121.442324, 24.9961731], [121.4422549, 24.9959019], [121.4421936, 24.9957146], [121.4420899, 24.9953976], [121.4419247, 24.9949692]]}}, {"type": "Feature", "properties": {"county": "新北市", "district": "土城區", "highway": "residential", "name": "大觀路三段160巷31弄"}, "geometry": {"type": "LineString", "coordinates": [[121.4299897, 24.9939154], [121.4298392, 24.9935758], [121.4296417, 24.9931891], [121.4295495, 24.9929828], [121.4293365, 24.9925542], [121.4293179, 24.9925212], [121.4292008, 24.9923135], [121.4291637, 24.9922478]]}}, {"type": "Feature", "properties": {"county": "新北市", "district": "土城區", "highway": "residential", "name": null}, "geometry": {"type": "LineString", "coordinates": [[121.4128825, 24.9627634], [121.4129247, 24.9628102], [121.4130691, 24.9629622], [121.413437, 24.9633069], [121.4137991, 24.9635865], [121.4141719, 24.9638029], [121.4147758, 24.964076]]}}, {"type": "Feature", "properties": {"county": "新北市", "district": "土城區", "highway": "residential", "name": null}, "geometry": {"type": "LineString", "coordinates": [[121.4209338, 24.9807296], [121.4207348, 24.9806244], [121.4207042, 24.9806163], [121.4205642, 24.9805341]]}}, {"type": "Feature", "properties": {"county": "新北市", "district": "土城區", "highway": "residential", "name": "溪崑二街112巷"}, "geometry": {"type": "LineString", "coordinates": [[121.4251066, 24.9894361], [121.4251451, 24.9894155], [121.4251816, 24.989396], [121.4252148, 24.9893761], [121.4253587, 24.9892935], [121.4256063, 24.9890992], [121.4263816, 24.9885109]]}}, {"type": "Feature", "properties": {"county": "新北市", "district": "土城區", "highway": "residential", "name": "啟智街"}, "geometry": {"type": "LineString", "coordinates": [[121.4196868, 24.9917325], [121.4197489, 24.9917392], [121.4198355, 24.9917486], [121.4199403, 24.9918054], [121.4200124, 24.9919573], [121.4201279, 24.9922999], [121.4204862, 24.9928194], [121.4205312, 24.9928885], [121.4208397, 24.9933236]]}}, {"type": "Feature", "properties": {"county": "新北市", "district": "土城區", "highway": "residential", "name": "文德街2巷"}, "geometry": {"type": "LineString", "coordinates": [[121.4194173, 24.9913178], [121.4196868, 24.9917325]]}}, {"type": "Feature", "properties": {"county": "新北市", "district": "土城區", "highway": "residential", "name": "文德街"}, "geometry": {"type": "LineString", "coordinates": [[121.4182054, 24.9920912], [121.418711, 24.9917335], [121.4191146, 24.9914815], [121.4194173, 24.9913178], [121.4197863, 24.991117], [121.4200336, 24.9909754]]}}, {"type": "Feature", "properties": {"county": "新北市", "district": "土城區", "highway": "residential", "name": "文德街1巷"}, "geometry": {"type": "LineString", "coordinates": [[121.419014, 24.990749], [121.4194173, 24.9913178]]}}, {"type": "Feature", "properties": {"county": "新北市", "district": "土城區", "highway": "tertiary", "name": "員山路"}, "geometry": {"type": "LineString", "coordinates": [[121.4820598, 24.9899939], [121.4818513, 24.9895378], [121.4818116, 24.9894569], [121.4814482, 24.9884952]]}}, {"type": "Feature", "properties": {"county": "新北市", "district": "土城區", "highway": "tertiary", "name": "員山路"}, "geometry": {"type": "LineString", "coordinates": [[121.4814482, 24.9884952], [121.4813771, 24.9883483], [121.4811131, 24.98769], [121.4810739, 24.9876015], [121.4808677, 24.9871355], [121.4808782, 24.9869431], [121.4809104, 24.9867681], [121.4809965, 24.9865641], [121.4810472, 24.9864555], [121.4810874, 24.9863694], [121.4811598, 24.986311], [121.4818792, 24.9858044], [121.4827982, 24.9851573]]}}, {"type": "Feature", "properties": {"county": "新北市", "district": "土城區", "highway": "residential", "name": "錦秀路"}, "geometry": {"type": "LineString", "coordinates": [[121.4792732, 24.9450227], [121.4793383, 24.944885], [121.4794295, 24.9448409]]}}, {"type": "Feature", "properties": {"county": "新北市", "district": "土城區", "highway": "secondary", "name": "安康路三段"}, "geometry": {"type": "LineString", "coordinates": [[121.4789861, 24.9459817], [121.4784928, 24.9457782], [121.4782198, 24.9456353], [121.4773897, 24.9450632], [121.4769652, 24.9446868], [121.4768083, 24.9445768], [121.4764161, 24.9443536], [121.4762502, 24.9443049], [121.4760452, 24.9442448], [121.4759353, 24.9442035], [121.4758602, 24.9441609], [121.4757837, 24.9440977], [121.4756644, 24.9438678], [121.4755349, 24.9434432], [121.4755179, 24.9433873]]}}, {"type": "Feature", "properties": {"county": "新北市", "district": "土城區", "highway": "secondary", "name": "浮洲橋"}, "geometry": {"type": "LineString", "coordinates": [[121.4419833, 24.9987955], [121.4417794, 24.9987184], [121.4414589, 24.9986315], [121.441265, 24.998557], [121.441127, 24.9984616], [121.4410357, 24.9983608], [121.4409545, 24.9982023], [121.4409264, 24.9980536], [121.4409579, 24.9964813], [121.4409565, 24.9958571], [121.440953, 24.9956868], [121.4409354, 24.9955885], [121.4409104, 24.9955076], [121.4408767, 24.9954492], [121.440845, 24.9954064], [121.4407721, 24.9953271], [121.4407311, 24.9952923], [121.4406852, 24.9952634], [121.4405886, 24.9952174], [121.4404991, 24.9951911], [121.4403986, 24.9951765], [121.4402913, 24.9951761], [121.4402213, 24.9951807], [121.4391843, 24.9952831]]}}, {"type": "Feature", "properties": {"county": "新北市", "district": "土城區", "highway": "residential", "name": "滿平街"}, "geometry": {"type": "LineString", "coordinates": [[121.4293905, 24.9878919], [121.4293587, 24.9879089], [121.4291636, 24.9880131], [121.4288308, 24.9882274], [121.4283561, 24.9885776], [121.4282464, 24.9886629], [121.4280784, 24.9887751], [121.4279796, 24.988852], [121.4276453, 24.9890962], [121.4274227, 24.9892706], [121.4271842, 24.9894584], [121.4267151, 24.9897795]]}}, {"type": "Feature", "properties": {"county": "新北市", "district": "土城區", "highway": "residential", "name": "溪崑一街"}, "geometry": {"type": "LineString", "coordinates": [[121.4291636, 24.9880131], [121.4292152, 24.988137], [121.4292658, 24.9886488], [121.4292907, 24.9889012]]}}, {"type": "Feature", "properties": {"county": "新北市", "district": "土城區", "highway": "residential", "name": "沙崙街"}, "geometry": {"type": "LineString", "coordinates": [[121.4303296, 24.9944757], [121.4310505, 24.9942944], [121.4312717, 24.9942508], [121.4318628, 24.9941756], [121.4319149, 24.994169]]}}, {"type": "Feature", "properties": {"county": "新北市", "district": "土城區", "highway": "residential", "name": "大觀路三段133巷"}, "geometry": {"type": "LineString", "coordinates": [[121.4323427, 24.9941159], [121.4327204, 24.9940617], [121.4333476, 24.9939663]]}}, {"type": "Feature", "properties": {"county": "新北市", "district": "土城區", "highway": "residential", "name": "存德街"}, "geometry": {"type": "LineString", "coordinates": [[121.4293562, 24.9921413], [121.4296276, 24.9919884], [121.4304398, 24.9916011], [121.4308026, 24.9914641], [121.4313608, 24.9912624], [121.431397, 24.9912493], [121.4314791, 24.9912248], [121.4315328, 24.9912088], [121.4318808, 24.991105], [121.4321352, 24.9910291], [121.4322976, 24.9909807], [121.4327295, 24.9908519]]}}, {"type": "Feature", "properties": {"county": "新北市", "district": "土城區", "highway": "residential", "name": "溪崑一街"}, "geometry": {"type": "LineString", "coordinates": [[121.4288403, 24.9891725], [121.4289223, 24.9892674], [121.4293224, 24.9898901], [121.4295772, 24.9902421], [121.429722, 24.9904382], [121.4301067, 24.990963], [121.4301412, 24.9909936], [121.4302717, 24.9912576], [121.4304398, 24.9916011], [121.4306558, 24.9919637], [121.4307065, 24.9920487], [121.4309228, 24.9924117], [121.430965, 24.9926175]]}}, {"type": "Feature", "properties": {"county": "新北市", "district": "土城區", "highway": "residential", "name": "篤行路二段131巷"}, "geometry": {"type": "LineString", "coordinates": [[121.4324432, 24.9900001], [121.4319022, 24.9902321], [121.4315209, 24.9903956], [121.43123, 24.9905203], [121.4311766, 24.9905432]]}}, {"type": "Feature", "properties": {"county": "新北市", "district": "土城區", "highway": "residential", "name": "篤行路二段130巷"}, "geometry": {"type": "LineString", "coordinates": [[121.4310988, 24.9905736], [121.4310629, 24.9905891], [121.4307474, 24.990725], [121.4306166, 24.9907772]]}}, {"type": "Feature", "properties": {"county": "新北市", "district": "土城區", "highway": "secondary", "name": "新興橋"}, "geometry": {"type": "LineString", "coordinates": [[121.4466133, 24.9940201], [121.446252, 24.9940734], [121.4438875, 24.9944899]]}}, {"type": "Feature", "properties": {"county": "新北市", "district": "土城區", "highway": "secondary", "name": null}, "geometry": {"type": "LineString", "coordinates": [[121.4425682, 24.994634], [121.4433342, 24.9945007]]}}, {"type": "Feature", "properties": {"county": "新北市", "district": "土城區", "highway": "residential", "name": null}, "geometry": {"type": "LineString", "coordinates": [[121.4479988, 24.9936857], [121.4477045, 24.9933245], [121.447439, 24.9930376], [121.4473692, 24.9929307], [121.4473175, 24.9926427]]}}, {"type": "Feature", "properties": {"county": "新北市", "district": "土城區", "highway": "residential", "name": "溪崑二街22巷"}, "geometry": {"type": "LineString", "coordinates": [[121.4279537, 24.9917687], [121.4279907, 24.991747], [121.4283303, 24.9915781], [121.4286729, 24.9914077]]}}, {"type": "Feature", "properties": {"county": "新北市", "district": "土城區", "highway": "residential", "name": "滿平街110巷"}, "geometry": {"type": "LineString", "coordinates": [[121.4265609, 24.9866811], [121.4265958, 24.9867037], [121.4272219, 24.987356], [121.427467, 24.9875938], [121.4276826, 24.9878281], [121.4277779, 24.9879298], [121.4278653, 24.9880306], [121.4279689, 24.9881529], [121.427985, 24.9881691], [121.4280811, 24.9882768], [121.4282061, 24.9884179], [121.4283561, 24.9885776]]}}, {"type": "Feature", "properties": {"county": "新北市", "district": "土城區", "highway": "unclassified", "name": null}, "geometry": {"type": "LineString", "coordinates": [[121.431102, 24.995041], [121.4311628, 24.995111], [121.4317843, 24.9947892], [121.4319546, 24.9946999], [121.4319972, 24.9946649]]}}, {"type": "Feature", "properties": {"county": "新北市", "district": "土城區", "highway": "trunk_link", "name": "土城交流道"}, "geometry": {"type": "LineString", "coordinates": [[121.4345537, 24.9612378], [121.4341902, 24.9611127], [121.4339569, 24.9610665], [121.4337054, 24.9610545], [121.4334583, 24.961098], [121.4332242, 24.9611807]]}}, {"type": "Feature", "properties": {"county": "新北市", "district": "土城區", "highway": "trunk_link", "name": "土城交流道"}, "geometry": {"type": "LineString", "coordinates": [[121.4325593, 24.9649838], [121.4326197, 24.9645066], [121.4326417, 24.9641257], [121.432619, 24.9637053], [121.432579, 24.9632632], [121.4325635, 24.9631282]]}}, {"type": "Feature", "properties": {"county": "新北市", "district": "土城區", "highway": "trunk", "name": "五股土城線"}, "geometry": {"type": "LineString", "coordinates": [[121.4336389, 24.9743284], [121.4329878, 24.9738802], [121.4327554, 24.9737063], [121.4326061, 24.973581], [121.4325094, 24.9734658], [121.4324071, 24.9733004], [121.4323398, 24.9731407], [121.4322981, 24.9729897], [121.4322811, 24.9728919], [121.4322699, 24.9727898], [121.4322675, 24.9727083], [121.4322731, 24.9726194], [121.4322827, 24.9725327], [121.4323016, 24.9724474], [121.4323268, 24.9723724], [121.4323614, 24.972287], [121.4323996, 24.9722102], [121.4324431, 24.9721359], [121.4326225, 24.9718719], [121.4332386, 24.9710015], [121.4336002, 24.9705261], [121.4336476, 24.9704578], [121.4336923, 24.9703895], [121.4337299, 24.9703125], [121.43376, 24.9702242], [121.433783, 24.9701374], [121.4337992, 24.9700433], [121.4338058, 24.9699548], [121.4338041, 24.9698613], [121.4337928, 24.9697716], [121.4337821, 24.9697062], [121.4337634, 24.9696346], [121.433733, 24.9695508], [121.4336948, 24.969466], [121.4336528, 24.9693886], [121.4335686, 24.9692398], [121.4334827, 24.9690944], [121.4334044, 24.9689499], [121.4333443, 24.9688314], [121.43329, 24.9687177], [121.4330309, 24.9681486], [121.4329642, 24.9679998], [121.43291, 24.9678749]]}}, {"type": "Feature", "properties": {"county": "新北市", "district": "土城區", "highway": "unclassified", "name": "大安路"}, "geometry": {"type": "LineString", "coordinates": [[121.4339936, 24.9699876], [121.4339077, 24.9702199], [121.433729, 24.9705132], [121.4335625, 24.9707327], [121.4332452, 24.9711631]]}}, {"type": "Feature", "properties": {"county": "新北市", "district": "土城區", "highway": "unclassified", "name": "大安路"}, "geometry": {"type": "LineString", "coordinates": [[121.4321515, 24.9725605], [121.4322717, 24.9723286], [121.4326259, 24.9718193], [121.4331516, 24.971068], [121.4336612, 24.97034], [121.4336768, 24.9702983], [121.433719, 24.970185], [121.4337415, 24.9700476], [121.4337545, 24.9699563], [121.4337588, 24.9697702]]}}, {"type": "Feature", "properties": {"county": "新北市", "district": "土城區", "highway": "unclassified", "name": null}, "geometry": {"type": "LineString", "coordinates": [[121.4329442, 24.9722369], [121.4324268, 24.972778], [121.4322501, 24.9726582], [121.4321515, 24.9725605], [121.4316065, 24.9721267]]}}, {"type": "Feature", "properties": {"county": "新北市", "district": "土城區", "highway": "tertiary", "name": "員安路"}, "geometry": {"type": "LineString", "coordinates": [[121.4339936, 24.9699876], [121.4339175, 24.9699236], [121.4338097, 24.9698464], [121.4337588, 24.9697702]]}}, {"type": "Feature", "properties": {"county": "新北市", "district": "土城區", "highway": "tertiary", "name": "大安路"}, "geometry": {"type": "LineString", "coordinates": [[121.4337588, 24.9697702], [121.4330378, 24.9682644], [121.4326632, 24.9674369], [121.4325798, 24.9671945], [121.4325306, 24.967001], [121.4325126, 24.9668177], [121.4324856, 24.9664115], [121.4324738, 24.9658969], [121.4324714, 24.9656619], [121.432471, 24.9656206], [121.43247, 24.965528]]}}, {"type": "Feature", "properties": {"county": "新北市", "district": "土城區", "highway": "tertiary", "name": "篤行路三段"}, "geometry": {"type": "LineString", "coordinates": [[121.4293905, 24.9878919], [121.4290062, 24.9874219], [121.4288767, 24.9872636], [121.4288006, 24.9871786], [121.4286684, 24.9870413], [121.4284343, 24.9867808], [121.4278256, 24.9861232], [121.4275841, 24.9858935], [121.4275339, 24.9858458]]}}, {"type": "Feature", "properties": {"county": "新北市", "district": "土城區", "highway": "tertiary", "name": "中華路"}, "geometry": {"type": "LineString", "coordinates": [[121.4225225, 24.9828252], [121.4225361, 24.9828314], [121.4225734, 24.9828503], [121.4225811, 24.9828542], [121.4225922, 24.9828598], [121.4227706, 24.9829502], [121.422863, 24.982997], [121.4230223, 24.9830777], [121.4230733, 24.9831035], [121.4231214, 24.9831278], [121.4231344, 24.9831344], [121.4235372, 24.9833384], [121.4235523, 24.9833461], [121.4236473, 24.9833943], [121.4238157, 24.9834796], [121.4246069, 24.9838804], [121.4247211, 24.9839382]]}}, {"type": "Feature", "properties": {"county": "新北市", "district": "土城區", "highway": "tertiary", "name": "中華路"}, "geometry": {"type": "LineString", "coordinates": [[121.413776, 24.9802894], [121.4138306, 24.9802848], [121.4138435, 24.9802837], [121.4143321, 24.9802586], [121.4149082, 24.9802291], [121.4149222, 24.9802284], [121.4149974, 24.9802245], [121.4150446, 24.980222], [121.4150571, 24.9802214], [121.4157917, 24.9801765], [121.415874, 24.9801713], [121.4159426, 24.9801669]]}}, {"type": "Feature", "properties": {"county": "新北市", "district": "土城區", "highway": "tertiary", "name": "八德地下道"}, "geometry": {"type": "LineString", "coordinates": [[121.4182772, 24.9838364], [121.4177664, 24.984563]]}}, {"type": "Feature", "properties": {"county": "新北市", "district": "土城區", "highway": "tertiary", "name": "八德街"}, "geometry": {"type": "LineString", "coordinates": [[121.4164333, 24.986496], [121.4164181, 24.9866261]]}}, {"type": "Feature", "properties": {"county": "新北市", "district": "土城區", "highway": "unclassified", "name": null}, "geometry": {"type": "LineString", "coordinates": [[121.4227616, 24.9761735], [121.4231274, 24.9752747]]}}, {"type": "Feature", "properties": {"county": "新北市", "district": "土城區", "highway": "tertiary", "name": "大觀路三段"}, "geometry": {"type": "LineString", "coordinates": [[121.4325679, 24.9943696], [121.4323427, 24.9941159], [121.4319074, 24.9936194]]}}, {"type": "Feature", "properties": {"county": "新北市", "district": "土城區", "highway": "tertiary", "name": "大觀路三段"}, "geometry": {"type": "LineString", "coordinates": [[121.4325679, 24.9943696], [121.432754, 24.9945205], [121.4330197, 24.9947399], [121.4331371, 24.994848], [121.4334307, 24.9951185], [121.4335055, 24.9951848], [121.4336997, 24.9953671], [121.4337828, 24.9954364], [121.4338453, 24.99548]]}}, {"type": "Feature", "properties": {"county": "新北市", "district": "土城區", "highway": "tertiary_link", "name": null}, "geometry": {"type": "LineString", "coordinates": [[121.4346357, 24.9953992], [121.4346925, 24.9954329], [121.4347103, 24.9954529], [121.434714, 24.9955594], [121.4347167, 24.9956469], [121.4347167, 24.9957222], [121.4346469, 24.9957399]]}}, {"type": "Feature", "properties": {"county": "新北市", "district": "土城區", "highway": "tertiary_link", "name": null}, "geometry": {"type": "LineString", "coordinates": [[121.4324511, 24.9959834], [121.432281, 24.9960417]]}}, {"type": "Feature", "properties": {"county": "新北市", "district": "土城區", "highway": "tertiary", "name": "中華路"}, "geometry": {"type": "LineString", "coordinates": [[121.4247211, 24.9839382], [121.4248278, 24.9839905], [121.4258949, 24.9845124], [121.425904, 24.9845172], [121.4259847, 24.9845578]]}}, {"type": "Feature", "properties": {"county": "新北市", "district": "土城區", "highway": "tertiary", "name": "篤行路三段"}, "geometry": {"type": "LineString", "coordinates": [[121.4261011, 24.9846239], [121.4261698, 24.9846716], [121.4263268, 24.9847806], [121.4267146, 24.9850469], [121.4271181, 24.985394], [121.4274634, 24.9856872], [121.4275882, 24.985794]]}}, {"type": "Feature", "properties": {"county": "新北市", "district": "土城區", "highway": "tertiary", "name": "篤行路二段"}, "geometry": {"type": "LineString", "coordinates": [[121.4294656, 24.9878394], [121.4296447, 24.988053], [121.4298197, 24.9882676], [121.429946, 24.9884546], [121.4299902, 24.98852]]}}, {"type": "Feature", "properties": {"county": "新北市", "district": "土城區", "highway": "residential", "name": "大觀路三段36巷"}, "geometry": {"type": "LineString", "coordinates": [[121.4337912, 24.9958196], [121.4338088, 24.9958529], [121.4339985, 24.9962131], [121.4340303, 24.9962735], [121.4341685, 24.9965082], [121.434294, 24.9967214], [121.4343167, 24.9967598], [121.4344015, 24.996879], [121.4344546, 24.9969536], [121.4345035, 24.9970222], [121.4345473, 24.9973508], [121.4345548, 24.9974074], [121.4346394, 24.9976547], [121.4346875, 24.9977952], [121.4347416, 24.9979534], [121.4348864, 24.9982497], [121.4349944, 24.9985646], [121.4350358, 24.9986856], [121.4350147, 24.998847], [121.434984, 24.9990825], [121.4349563, 24.999294], [121.4349579, 24.9993649]]}}, {"type": "Feature", "properties": {"county": "新北市", "district": "土城區", "highway": "tertiary_link", "name": null}, "geometry": {"type": "LineString", "coordinates": [[121.4337912, 24.9958196], [121.4327624, 24.995943], [121.432281, 24.9960417]]}}, {"type": "Feature", "properties": {"county": "新北市", "district": "土城區", "highway": "residential", "name": "金安街"}, "geometry": {"type": "LineString", "coordinates": [[121.4204715, 24.9652312], [121.4209123, 24.9647033], [121.4212726, 24.9642719], [121.4222819, 24.9631361]]}}, {"type": "Feature", "properties": {"county": "新北市", "district": "土城區", "highway": "residential", "name": "三民路23巷"}, "geometry": {"type": "LineString", "coordinates": [[121.4194873, 24.9631167], [121.4197141, 24.9632556], [121.4198469, 24.9633369], [121.4200475, 24.9634511], [121.4202491, 24.9635727]]}}, {"type": "Feature", "properties": {"county": "新北市", "district": "土城區", "highway": "unclassified", "name": "民權街"}, "geometry": {"type": "LineString", "coordinates": [[121.416339, 24.9619321], [121.4157597, 24.9627265], [121.4152325, 24.9634639], [121.4147758, 24.964076]]}}, {"type": "Feature", "properties": {"county": "新北市", "district": "土城區", "highway": "residential", "name": null}, "geometry": {"type": "LineString", "coordinates": [[121.4261396, 24.9632784], [121.426133, 24.963367], [121.4261427, 24.9637989]]}}, {"type": "Feature", "properties": {"county": "新北市", "district": "土城區", "highway": "motorway_link", "name": "土城交流道"}, "geometry": {"type": "LineString", "coordinates": [[121.4328558, 24.9639266], [121.4328695, 24.9641238], [121.4328636, 24.9642915]]}}, {"type": "Feature", "properties": {"county": "新北市", "district": "土城區", "highway": "motorway_link", "name": "土城交流道"}, "geometry": {"type": "LineString", "coordinates": [[121.4324756, 24.9641709], [121.4324531, 24.9638239], [121.4324364, 24.9636522]]}}, {"type": "Feature", "properties": {"county": "新北市", "district": "土城區", "highway": "unclassified", "name": null}, "geometry": {"type": "LineString", "coordinates": [[121.4360671, 24.9634073], [121.4364324, 24.9635608]]}}, {"type": "Feature", "properties": {"county": "新北市", "district": "土城區", "highway": "residential", "name": "永和街2巷"}, "geometry": {"type": "LineString", "coordinates": [[121.432604, 24.9639658], [121.4327443, 24.9640356], [121.4329224, 24.9640925], [121.4329728, 24.9641086], [121.4330868, 24.9641292], [121.4333067, 24.9642435], [121.433432, 24.96432], [121.4335366, 24.9643528], [121.4337919, 24.9644002], [121.4339769, 24.9644621], [121.4345118, 24.9648796], [121.4346202, 24.9649674]]}}, {"type": "Feature", "properties": {"county": "新北市", "district": "土城區", "highway": "residential", "name": "永寧路27巷"}, "geometry": {"type": "LineString", "coordinates": [[121.4315773, 24.9637372], [121.4314269, 24.9637671], [121.4310406, 24.9638328], [121.4309628, 24.9638279], [121.4308824, 24.9638133], [121.4307831, 24.9637598], [121.4306329, 24.9636723], [121.4304299, 24.9636372]]}}, {"type": "Feature", "properties": {"county": "新北市", "district": "土城區", "highway": "residential", "name": null}, "geometry": {"type": "LineString", "coordinates": [[121.4289872, 24.9643397], [121.4291899, 24.9641091], [121.4293417, 24.9640091], [121.4295244, 24.9639232], [121.4296703, 24.9638877], [121.4298685, 24.9638398], [121.4300512, 24.9637348], [121.4301645, 24.9636917], [121.4304299, 24.9636372]]}}, {"type": "Feature", "properties": {"county": "新北市", "district": "土城區", "highway": "residential", "name": null}, "geometry": {"type": "LineString", "coordinates": [[121.433432, 24.96432], [121.4333639, 24.9645279]]}}, {"type": "Feature", "properties": {"county": "新北市", "district": "土城區", "highway": "trunk_link", "name": "土城交流道"}, "geometry": {"type": "LineString", "coordinates": [[121.4325635, 24.9631282], [121.4325286, 24.9628234], [121.4323593, 24.9616438], [121.4322837, 24.9610196], [121.4322379, 24.9607938], [121.4321726, 24.9605324]]}}, {"type": "Feature", "properties": {"county": "新北市", "district": "土城區", "highway": "trunk_link", "name": "土城交流道"}, "geometry": {"type": "LineString", "coordinates": [[121.4325593, 24.9649838], [121.4325768, 24.9644961], [121.4325822, 24.9640966], [121.4325558, 24.9637658], [121.4324642, 24.9630291], [121.432404, 24.9624443], [121.4323552, 24.9621786], [121.4322618, 24.9618636], [121.4322, 24.9616954], [121.4321272, 24.9615311], [121.4320121, 24.9613332], [121.431876, 24.9611465], [121.4316815, 24.960946], [121.4315351, 24.9607925]]}}, {"type": "Feature", "properties": {"county": "新北市", "district": "土城區", "highway": "residential", "name": "中央路三段281巷"}, "geometry": {"type": "LineString", "coordinates": [[121.4266088, 24.9635864], [121.4266838, 24.9634961], [121.4268523, 24.963237], [121.426901, 24.9631665], [121.4268668, 24.963141], [121.4261936, 24.9626395], [121.4259375, 24.9624478], [121.4257424, 24.9622635]]}}, {"type": "Feature", "properties": {"county": "新北市", "district": "土城區", "highway": "residential", "name": "永寧路32巷"}, "geometry": {"type": "LineString", "coordinates": [[121.4277553, 24.9609893], [121.4279808, 24.9609285], [121.4289581, 24.9606742], [121.4292942, 24.9605756]]}}, {"type": "Feature", "properties": {"county": "新北市", "district": "土城區", "highway": "primary", "name": "中央路三段"}, "geometry": {"type": "LineString", "coordinates": [[121.4261609, 24.9631727], [121.4262352, 24.9632136], [121.4262513, 24.9632231]]}}, {"type": "Feature", "properties": {"county": "新北市", "district": "土城區", "highway": "primary", "name": "中央路四段"}, "geometry": {"type": "LineString", "coordinates": [[121.4247206, 24.9625851], [121.4243949, 24.9624877], [121.4224994, 24.9619144], [121.4223354, 24.9618527], [121.4222047, 24.9617827]]}}, {"type": "Feature", "properties": {"county": "新北市", "district": "土城區", "highway": "residential", "name": "大暖路"}, "geometry": {"type": "LineString", "coordinates": [[121.4225594, 24.95768], [121.4228336, 24.9572862], [121.4234203, 24.9563607], [121.4239808, 24.9555326], [121.4237481, 24.9553696]]}}, {"type": "Feature", "properties": {"county": "新北市", "district": "土城區", "highway": "residential", "name": "大暖路"}, "geometry": {"type": "LineString", "coordinates": [[121.4222196, 24.958081], [121.4225594, 24.95768]]}}, {"type": "Feature", "properties": {"county": "新北市", "district": "土城區", "highway": "primary", "name": "中央路四段"}, "geometry": {"type": "LineString", "coordinates": [[121.4176457, 24.9585747], [121.4172914, 24.9583314], [121.4169792, 24.9581168], [121.4166931, 24.9579144], [121.4165146, 24.9577932], [121.4163571, 24.9576848], [121.4162622, 24.9576189], [121.4159642, 24.9574156], [121.4150646, 24.9567946], [121.4148486, 24.9566501], [121.4142728, 24.9562568], [121.4141983, 24.9562049], [121.4141258, 24.9561423], [121.4140227, 24.9560252], [121.4139535, 24.9559381], [121.4138688, 24.9558267], [121.4133488, 24.9551081], [121.41287, 24.9544464], [121.4127065, 24.9542206], [121.4126306, 24.9541136], [121.4124568, 24.9538714], [121.412433, 24.9538382], [121.4113119, 24.9522717], [121.4108076, 24.9515801], [121.4104535, 24.9510956], [121.410303, 24.9508961], [121.4102268, 24.9507925]]}}, {"type": "Feature", "properties": {"county": "新北市", "district": "土城區", "highway": "residential", "name": "延平街"}, "geometry": {"type": "LineString", "coordinates": [[121.4674491, 24.9935175], [121.4675219, 24.9934551], [121.4675422, 24.9934378], [121.4675741, 24.9933738], [121.4676706, 24.9931903], [121.4677886, 24.9929326], [121.4678601, 24.9927023], [121.4680686, 24.9918612], [121.4680799, 24.9918157], [121.4681985, 24.9912792], [121.4682083, 24.9912429], [121.4682371, 24.9910846], [121.4683803, 24.990394]]}}, {"type": "Feature", "properties": {"county": "新北市", "district": "土城區", "highway": "residential", "name": "延和路"}, "geometry": {"type": "LineString", "coordinates": [[121.4683803, 24.990394], [121.4681831, 24.9903587], [121.4680316, 24.9903174], [121.4676932, 24.9901743], [121.4670206, 24.9898222], [121.4663791, 24.989476], [121.4661365, 24.9893251], [121.46607, 24.9892821], [121.4657436, 24.9890875], [121.4656524, 24.9890363], [121.4651522, 24.9887319], [121.4650755, 24.988681], [121.4644362, 24.9882757], [121.4643606, 24.9882208], [121.4639924, 24.9879736]]}}, {"type": "Feature", "properties": {"county": "新北市", "district": "土城區", "highway": "residential", "name": null}, "geometry": {"type": "LineString", "coordinates": [[121.467305, 24.9931961], [121.4674092, 24.9933403], [121.4675219, 24.9934551]]}}, {"type": "Feature", "properties": {"county": "新北市", "district": "土城區", "highway": "residential", "name": "延和路"}, "geometry": {"type": "LineString", "coordinates": [[121.4639924, 24.9879736], [121.4637297, 24.9877329], [121.463466, 24.9874928]]}}, {"type": "Feature", "properties": {"county": "新北市", "district": "土城區", "highway": "tertiary", "name": "永豐路"}, "geometry": {"type": "LineString", "coordinates": [[121.4642222, 24.9858831], [121.4643682, 24.9858479], [121.4650718, 24.9851582]]}}, {"type": "Feature", "properties": {"county": "新北市", "district": "土城區", "highway": "residential", "name": null}, "geometry": {"type": "LineString", "coordinates": [[121.4632033, 24.987263], [121.463466, 24.9874928]]}}, {"type": "Feature", "properties": {"county": "新北市", "district": "土城區", "highway": "residential", "name": "281巷2弄"}, "geometry": {"type": "LineString", "coordinates": [[121.4268668, 24.963141], [121.4270699, 24.9628754], [121.4272471, 24.9626437], [121.4270085, 24.9624636]]}}, {"type": "Feature", "properties": {"county": "新北市", "district": "土城區", "highway": "secondary", "name": "金城路二段"}, "geometry": {"type": "LineString", "coordinates": [[121.4525863, 24.9800043], [121.4526757, 24.9800814], [121.4536644, 24.9809348], [121.4540026, 24.9812036], [121.4545324, 24.9815781], [121.4553701, 24.9821532]]}}, {"type": "Feature", "properties": {"county": "新北市", "district": "土城區", "highway": "tertiary", "name": "明德路二段"}, "geometry": {"type": "LineString", "coordinates": [[121.4525164, 24.9800775], [121.4525863, 24.9800043]]}}, {"type": "Feature", "properties": {"county": "新北市", "district": "土城區", "highway": "secondary", "name": "金城路二段"}, "geometry": {"type": "LineString", "coordinates": [[121.4525164, 24.9800775], [121.452445, 24.9800169], [121.4514141, 24.9791251], [121.4509719, 24.978735], [121.4500365, 24.9780029], [121.4484542, 24.976848], [121.4479304, 24.9764726], [121.4477974, 24.9763773], [121.4470237, 24.9758096], [121.4469187, 24.9757215]]}}, {"type": "Feature", "properties": {"county": "新北市", "district": "土城區", "highway": "unclassified", "name": "中央路四段185巷"}, "geometry": {"type": "LineString", "coordinates": [[121.4153787, 24.9557389], [121.4155358, 24.9557591], [121.4156562, 24.9557741], [121.4158017, 24.9557905], [121.4160405, 24.9557955], [121.4161828, 24.9558309], [121.4166495, 24.9559402], [121.4167004, 24.9559524], [121.4167866, 24.9559686], [121.4170326, 24.9560336], [121.4175175, 24.956286], [121.4182408, 24.9566866]]}}, {"type": "Feature", "properties": {"county": "新北市", "district": "土城區", "highway": "residential", "name": "中央路四段271巷"}, "geometry": {"type": "LineString", "coordinates": [[121.41287, 24.9544464], [121.4133753, 24.9540546], [121.4134971, 24.9539833], [121.4136415, 24.9539657], [121.4140729, 24.9540475]]}}, {"type": "Feature", "properties": {"county": "新北市", "district": "土城區", "highway": "unclassified", "name": null}, "geometry": {"type": "LineString", "coordinates": [[121.4102268, 24.9507925], [121.4100917, 24.9507246]]}}, {"type": "Feature", "properties": {"county": "新北市", "district": "土城區", "highway": "unclassified", "name": null}, "geometry": {"type": "LineString", "coordinates": [[121.409429, 24.950455], [121.4091211, 24.9505063], [121.4085469, 24.9506138], [121.4084907, 24.9506243]]}}, {"type": "Feature", "properties": {"county": "新北市", "district": "土城區", "highway": "primary", "name": "中央路四段"}, "geometry": {"type": "LineString", "coordinates": [[121.4102268, 24.9507925], [121.4101243, 24.9507186]]}}, {"type": "Feature", "properties": {"county": "新北市", "district": "土城區", "highway": "primary", "name": "中央路四段"}, "geometry": {"type": "LineString", "coordinates": [[121.4093608, 24.9499181], [121.4095803, 24.9500454], [121.4098997, 24.9503191], [121.4099763, 24.9504133]]}}, {"type": "Feature", "properties": {"county": "新北市", "district": "土城區", "highway": "tertiary_link", "name": null}, "geometry": {"type": "LineString", "coordinates": [[121.4082277, 24.9496845], [121.4081147, 24.9496851], [121.4080651, 24.9497155], [121.4080313, 24.9497765], [121.4080456, 24.9498705]]}}, {"type": "Feature", "properties": {"county": "新北市", "district": "土城區", "highway": "motorway", "name": "福爾摩沙高速公路"}, "geometry": {"type": "LineString", "coordinates": [[121.4039057, 24.9504323], [121.406284, 24.9502154], [121.4072921, 24.9501227], [121.4083744, 24.9500442], [121.4090879, 24.9500181], [121.4101669, 24.9500492]]}}, {"type": "Feature", "properties": {"county": "新北市", "district": "土城區", "highway": "motorway", "name": "福爾摩沙高速公路"}, "geometry": {"type": "LineString", "coordinates": [[121.4101669, 24.9500492], [121.4109206, 24.9500565], [121.4116824, 24.9501465], [121.4124549, 24.9502899], [121.4128009, 24.9503726], [121.4131469, 24.9504772], [121.4136431, 24.9506401], [121.4143592, 24.9509368], [121.4150088, 24.9512554], [121.4154939, 24.9515563], [121.4158613, 24.9517758], [121.4163923, 24.952126], [121.4169663, 24.9526197], [121.4176262, 24.953252], [121.4181757, 24.9538763], [121.4192812, 24.9551943], [121.4197787, 24.9557427], [121.4200553, 24.9560565], [121.4203245, 24.9563185], [121.42059, 24.9565592], [121.4208716, 24.9567878], [121.420997, 24.9568728], [121.4215514, 24.9572836], [121.4221462, 24.9576677], [121.42295, 24.9581081], [121.4237884, 24.9584773], [121.4243741, 24.9586894], [121.4249626, 24.9588744], [121.4256367, 24.9590608]]}}, {"type": "Feature", "properties": {"county": "新北市", "district": "土城區", "highway": "motorway", "name": "福爾摩沙高速公路"}, "geometry": {"type": "LineString", "coordinates": [[121.4101665, 24.9501837], [121.4091251, 24.9501916], [121.4083955, 24.9502144], [121.4073125, 24.9502891], [121.4063067, 24.9503852], [121.4049964, 24.9504958], [121.4041904, 24.9505797]]}}, {"type": "Feature", "properties": {"county": "新北市", "district": "土城區", "highway": "residential", "name": null}, "geometry": {"type": "LineString", "coordinates": [[121.4267398, 24.959684], [121.4268247, 24.9591004]]}}, {"type": "Feature", "properties": {"county": "新北市", "district": "土城區", "highway": "residential", "name": null}, "geometry": {"type": "LineString", "coordinates": [[121.4268247, 24.9591004], [121.4268735, 24.9590335], [121.4269524, 24.9590335], [121.427285, 24.9590821], [121.427808, 24.9591429], [121.4280843, 24.9591429], [121.4285725, 24.9590821], [121.4287625, 24.9590195]]}}, {"type": "Feature", "properties": {"county": "新北市", "district": "土城區", "highway": "unclassified", "name": null}, "geometry": {"type": "LineString", "coordinates": [[121.4308093, 24.9543688], [121.4309333, 24.9544455], [121.431011, 24.9545647], [121.4310338, 24.954693], [121.4310741, 24.9547216], [121.4311545, 24.9547307], [121.431527, 24.9548362], [121.4316928, 24.9548311], [121.4318637, 24.9547223], [121.4320146, 24.9546455], [121.4323179, 24.9545608], [121.4326941, 24.9546035], [121.4329221, 24.9545651], [121.4330532, 24.9543699], [121.4331657, 24.9541242], [121.4333093, 24.9540021], [121.4334471, 24.9539129], [121.4336791, 24.9537298], [121.4339367, 24.9535415], [121.4340402, 24.9534184], [121.4340913, 24.9533391], [121.434088, 24.9531612], [121.434044, 24.9530059], [121.4338585, 24.9527091], [121.4338191, 24.9526532], [121.4338824, 24.952425], [121.4338082, 24.9519966], [121.4338255, 24.9518757], [121.4339109, 24.9515956], [121.4340783, 24.9513305], [121.4341559, 24.9510744], [121.4342658, 24.9509636], [121.4344207, 24.950816], [121.4345354, 24.9506874], [121.4346646, 24.9504903], [121.4347592, 24.9503345], [121.4347525, 24.9502314], [121.4346421, 24.9500855], [121.4348946, 24.9500583], [121.4350058, 24.9500167], [121.4353836, 24.9497972], [121.4355222, 24.9495588], [121.4356445, 24.9492746], [121.4357097, 24.9491315], [121.4358567, 24.9489743], [121.4360104, 24.9487829], [121.4360599, 24.9486468], [121.4360493, 24.9484625], [121.436014, 24.948341], [121.4360124, 24.9480783], [121.4360113, 24.9479859], [121.4357553, 24.9473823], [121.4356716, 24.9472052], [121.4356712, 24.947176], [121.4356608, 24.9470458], [121.4356102, 24.9469401], [121.4355399, 24.9467991], [121.4354955, 24.9466495], [121.4355447, 24.946569], [121.4355509, 24.9464976], [121.4356875, 24.9464424], [121.4357478, 24.9464458]]}}, {"type": "Feature", "properties": {"county": "新北市", "district": "土城區", "highway": "unclassified", "name": "博愛街"}, "geometry": {"type": "LineString", "coordinates": [[121.4260256, 24.9908462], [121.4260822, 24.9909111], [121.4264778, 24.9913643], [121.4269224, 24.9918803], [121.4271291, 24.9921721], [121.4271793, 24.9922418], [121.427697, 24.9929839]]}}, {"type": "Feature", "properties": {"county": "新北市", "district": "土城區", "highway": "tertiary", "name": "立人地下道"}, "geometry": {"type": "LineString", "coordinates": [[121.4243464, 24.9897914], [121.4242262, 24.9896801], [121.4238501, 24.9889702], [121.4237249, 24.9888304]]}}, {"type": "Feature", "properties": {"county": "新北市", "district": "土城區", "highway": "residential", "name": "慶安街"}, "geometry": {"type": "LineString", "coordinates": [[121.4401325, 24.9718138], [121.4403028, 24.9720545], [121.440509, 24.972389], [121.4406261, 24.9726019], [121.4407489, 24.9728249], [121.4409247, 24.9731151], [121.4411026, 24.9732247], [121.4412851, 24.9732892], [121.4413963, 24.9733103], [121.4415568, 24.9733514], [121.4419466, 24.9734561], [121.4421877, 24.973523]]}}, {"type": "Feature", "properties": {"county": "新北市", "district": "土城區", "highway": "residential", "name": "慶利街"}, "geometry": {"type": "LineString", "coordinates": [[121.4405698, 24.9732754], [121.4399624, 24.9735354], [121.4398325, 24.973584], [121.4398015, 24.9736006], [121.439691, 24.9736599], [121.4395397, 24.973741], [121.4393886, 24.9738221], [121.4392062, 24.9739677], [121.4391866, 24.9739969], [121.4391031, 24.9741665], [121.4390597, 24.9743928], [121.4387634, 24.9744853], [121.4385235, 24.9746348], [121.4384289, 24.9746774]]}}, {"type": "Feature", "properties": {"county": "新北市", "district": "土城區", "highway": "residential", "name": "福祥街"}, "geometry": {"type": "LineString", "coordinates": [[121.4405377, 24.9790787], [121.4407226, 24.9795927], [121.4409373, 24.9801807], [121.4410885, 24.9805329], [121.4412581, 24.9809278], [121.4413449, 24.9811274], [121.4414305, 24.9813442], [121.4415047, 24.9815324], [121.4415564, 24.9816635], [121.4416027, 24.9817808], [121.4416228, 24.9818318], [121.4417564, 24.9819134], [121.4418355, 24.9819617], [121.4419434, 24.9820047]]}}, {"type": "Feature", "properties": {"county": "新北市", "district": "土城區", "highway": "residential", "name": "裕生路102巷"}, "geometry": {"type": "LineString", "coordinates": [[121.4457621, 24.9849124], [121.4457961, 24.9849691], [121.4458667, 24.9849955], [121.4463663, 24.9848223], [121.447014, 24.9845647]]}}, {"type": "Feature", "properties": {"county": "新北市", "district": "土城區", "highway": "residential", "name": "慶祥街"}, "geometry": {"type": "LineString", "coordinates": [[121.4383607, 24.9748718], [121.4375359, 24.9747783], [121.437204, 24.9747806], [121.4371149, 24.9746874], [121.4361383, 24.9734493], [121.4357328, 24.9729353], [121.4356935, 24.9728854], [121.4351211, 24.9721598]]}}, {"type": "Feature", "properties": {"county": "新北市", "district": "土城區", "highway": "residential", "name": "水源街"}, "geometry": {"type": "LineString", "coordinates": [[121.4389504, 24.9768458], [121.4391081, 24.9768132], [121.4392997, 24.9767192], [121.4393446, 24.9766932], [121.4394048, 24.9766584], [121.4396255, 24.9765307], [121.4401148, 24.9762475], [121.4403148, 24.9761232], [121.4404832, 24.9759414], [121.4408644, 24.9755573], [121.4410619, 24.9753583], [121.4417128, 24.9745381]]}}, {"type": "Feature", "properties": {"county": "新北市", "district": "土城區", "highway": "residential", "name": "日新街"}, "geometry": {"type": "LineString", "coordinates": [[121.4458662, 24.9868514], [121.4453884, 24.9870953], [121.4453142, 24.9871355], [121.4448365, 24.9874119], [121.4447258, 24.9874674], [121.4445015, 24.9875857], [121.4444636, 24.9876095], [121.4442268, 24.9877582], [121.4439272, 24.9878646], [121.4435606, 24.9879948], [121.4429309, 24.9883079], [121.4428499, 24.9883482], [121.4428158, 24.9883645], [121.4427462, 24.9884062], [121.4427327, 24.988502], [121.4428212, 24.9886248], [121.443017, 24.9888241]]}}, {"type": "Feature", "properties": {"county": "新北市", "district": "土城區", "highway": "residential", "name": "慶樂街"}, "geometry": {"type": "LineString", "coordinates": [[121.4403029, 24.9723636], [121.4398595, 24.9725187], [121.4391976, 24.9727679], [121.4383854, 24.9731527], [121.4378427, 24.9734324]]}}, {"type": "Feature", "properties": {"county": "新北市", "district": "土城區", "highway": "tertiary", "name": "信義路"}, "geometry": {"type": "LineString", "coordinates": [[121.460197, 24.9893477], [121.4604034, 24.990024], [121.4604273, 24.9901448]]}}, {"type": "Feature", "properties": {"county": "新北市", "district": "土城區", "highway": "secondary", "name": "金城路三段"}, "geometry": {"type": "LineString", "coordinates": [[121.4646404, 24.9860375], [121.465421, 24.9864274], [121.4658482, 24.9866669], [121.4659675, 24.9867337], [121.4661501, 24.9868358], [121.4664488, 24.9870076], [121.4678706, 24.9877486], [121.4684326, 24.9880541], [121.4685933, 24.9881447], [121.4694403, 24.9885913], [121.4702844, 24.989054]]}}, {"type": "Feature", "properties": {"county": "新北市", "district": "土城區", "highway": "tertiary", "name": "永豐路"}, "geometry": {"type": "LineString", "coordinates": [[121.4641838, 24.9859592], [121.4640264, 24.9861193], [121.4638064, 24.9863722], [121.4637461, 24.9864233], [121.463662, 24.9865413], [121.4634658, 24.9868716], [121.4633737, 24.9870268], [121.4632033, 24.987263], [121.4631083, 24.9874417], [121.4629728, 24.9877393]]}}, {"type": "Feature", "properties": {"county": "新北市", "district": "土城區", "highway": "residential", "name": "國際路"}, "geometry": {"type": "LineString", "coordinates": [[121.4664925, 24.9780844], [121.4665337, 24.9776382], [121.4666316, 24.977203], [121.4667282, 24.9767981], [121.4667353, 24.9767443]]}}, {"type": "Feature", "properties": {"county": "新北市", "district": "土城區", "highway": "residential", "name": "國際路"}, "geometry": {"type": "LineString", "coordinates": [[121.4663888, 24.9785712], [121.4664925, 24.9780844]]}}, {"type": "Feature", "properties": {"county": "新北市", "district": "土城區", "highway": "residential", "name": "青山路"}, "geometry": {"type": "LineString", "coordinates": [[121.4620488, 24.9760457], [121.462621, 24.9756489]]}}, {"type": "Feature", "properties": {"county": "新北市", "district": "土城區", "highway": "residential", "name": "青山路"}, "geometry": {"type": "LineString", "coordinates": [[121.4605305, 24.9773859], [121.4609819, 24.9769977], [121.4610801, 24.976906], [121.4612425, 24.9767544], [121.461499, 24.976515], [121.4616871, 24.9763544], [121.4620259, 24.9760653], [121.4620488, 24.9760457]]}}, {"type": "Feature", "properties": {"county": "新北市", "district": "土城區", "highway": "residential", "name": "裕民路114巷"}, "geometry": {"type": "LineString", "coordinates": [[121.4497974, 24.9852529], [121.4499085, 24.9853689], [121.4500948, 24.9855632], [121.4503045, 24.9858349], [121.4503018, 24.9858361], [121.4503259, 24.9858677], [121.4505106, 24.9861001], [121.450688, 24.9863211], [121.4509662, 24.9866746]]}}, {"type": "Feature", "properties": {"county": "新北市", "district": "土城區", "highway": "residential", "name": "青山路"}, "geometry": {"type": "LineString", "coordinates": [[121.462621, 24.9756489], [121.4629292, 24.9754816], [121.4630909, 24.9754132], [121.4631733, 24.9753783], [121.4634657, 24.9752895], [121.4634958, 24.9752797], [121.4638801, 24.9751546], [121.4644181, 24.9745834], [121.4645273, 24.9743481], [121.4647433, 24.9743007]]}}, {"type": "Feature", "properties": {"county": "新北市", "district": "土城區", "highway": "residential", "name": "延吉街381巷"}, "geometry": {"type": "LineString", "coordinates": [[121.4636559, 24.9834128], [121.4635584, 24.9836554], [121.4635039, 24.9838237], [121.4634584, 24.9839156]]}}, {"type": "Feature", "properties": {"county": "新北市", "district": "土城區", "highway": "residential", "name": "明德路二段99巷"}, "geometry": {"type": "LineString", "coordinates": [[121.451025, 24.9804633], [121.450407, 24.980976]]}}, {"type": "Feature", "properties": {"county": "新北市", "district": "土城區", "highway": "residential", "name": "裕民路92巷26弄"}, "geometry": {"type": "LineString", "coordinates": [[121.4488743, 24.986051], [121.4490276, 24.9859236], [121.4490604, 24.9858939], [121.4492394, 24.9857362]]}}, {"type": "Feature", "properties": {"county": "新北市", "district": "土城區", "highway": "residential", "name": "國際路"}, "geometry": {"type": "LineString", "coordinates": [[121.465064, 24.9801622], [121.4652545, 24.9800107], [121.465734, 24.9795204], [121.4658597, 24.9793845], [121.4659837, 24.979258], [121.4661588, 24.9790609], [121.4662191, 24.9790004], [121.4662687, 24.9789229], [121.4663231, 24.9788093], [121.4663849, 24.9786033], [121.4663888, 24.9785712]]}}, {"type": "Feature", "properties": {"county": "新北市", "district": "土城區", "highway": "unclassified", "name": null}, "geometry": {"type": "LineString", "coordinates": [[121.4486373, 24.9842463], [121.4487388, 24.9846507], [121.4487732, 24.984795], [121.4487154, 24.9848684], [121.4486776, 24.9848738], [121.4486229, 24.9848815], [121.4485419, 24.9848291], [121.4485188, 24.9847426], [121.4485849, 24.9843317], [121.4486031, 24.9843067], [121.4486373, 24.9842463]]}}, {"type": "Feature", "properties": {"county": "新北市", "district": "土城區", "highway": "residential", "name": "延峯街"}, "geometry": {"type": "LineString", "coordinates": [[121.4683229, 24.9870167], [121.4684028, 24.9868893], [121.4684612, 24.9867846], [121.4686325, 24.9864772], [121.468772, 24.9862635], [121.4689439, 24.985958], [121.4690624, 24.9857612], [121.4691534, 24.9856099], [121.4693, 24.9853472], [121.4694264, 24.9851233], [121.469573, 24.9848532], [121.4696878, 24.9846521], [121.4697864, 24.984494], [121.4698613, 24.9843619]]}}, {"type": "Feature", "properties": {"county": "新北市", "district": "土城區", "highway": "residential", "name": "和城路二段255巷"}, "geometry": {"type": "LineString", "coordinates": [[121.4727951, 24.9875837], [121.4729014, 24.9875319], [121.4729279, 24.987519]]}}, {"type": "Feature", "properties": {"county": "新北市", "district": "土城區", "highway": "tertiary", "name": "永豐路"}, "geometry": {"type": "LineString", "coordinates": [[121.4683298, 24.9802107], [121.4687844, 24.9799463]]}}, {"type": "Feature", "properties": {"county": "新北市", "district": "土城區", "highway": "tertiary", "name": "永豐路"}, "geometry": {"type": "LineString", "coordinates": [[121.4700212, 24.9783831], [121.4701041, 24.9782463], [121.4702114, 24.978171], [121.4708565, 24.9778962], [121.4717485, 24.9776836], [121.472133, 24.9776137], [121.4731625, 24.9775106], [121.4732946, 24.9774897], [121.4737028, 24.977287], [121.4738864, 24.977139], [121.4740805, 24.9769826], [121.4743396, 24.9766605], [121.4745408, 24.9763298], [121.474634, 24.9760429], [121.4746313, 24.9760095], [121.4746179, 24.97588], [121.4746226, 24.9758058], [121.474632, 24.9756022], [121.4745368, 24.9753475], [121.4745059, 24.9753062], [121.4744778, 24.9752788], [121.47428, 24.9751366], [121.474237, 24.9750934], [121.4742149, 24.9749986]]}}, {"type": "Feature", "properties": {"county": "新北市", "district": "土城區", "highway": "unclassified", "name": null}, "geometry": {"type": "LineString", "coordinates": [[121.4763446, 24.9723404], [121.47649, 24.9724078], [121.4767435, 24.9723441], [121.4770396, 24.9721858], [121.4772947, 24.9721564], [121.4775133, 24.97216], [121.4777276, 24.9721124], [121.4780407, 24.9721375], [121.4783516, 24.9720699], [121.4785157, 24.9719077], [121.4785157, 24.9715544], [121.4784177, 24.9712918], [121.4783772, 24.9711547]]}}, {"type": "Feature", "properties": {"county": "新北市", "district": "土城區", "highway": "unclassified", "name": null}, "geometry": {"type": "LineString", "coordinates": [[121.4764597, 24.9696741], [121.4765441, 24.9696979], [121.4765556, 24.9697856], [121.4766136, 24.9698413], [121.4769442, 24.9701497], [121.4773443, 24.97028], [121.4778186, 24.9702039], [121.4782762, 24.9702778], [121.4785565, 24.9706296], [121.4785709, 24.9708989], [121.4783772, 24.9711547]]}}, {"type": "Feature", "properties": {"county": "新北市", "district": "土城區", "highway": "primary", "name": "四川路二段"}, "geometry": {"type": "LineString", "coordinates": [[121.4510176, 24.9942259], [121.4507676, 24.9940886], [121.4505122, 24.9939015], [121.4504245, 24.993817], [121.4502362, 24.9936355], [121.4500929, 24.9934585]]}}, {"type": "Feature", "properties": {"county": "新北市", "district": "土城區", "highway": "primary", "name": "四川路二段"}, "geometry": {"type": "LineString", "coordinates": [[121.4500929, 24.9934585], [121.4498703, 24.993186], [121.4497899, 24.9930839]]}}, {"type": "Feature", "properties": {"county": "新北市", "district": "土城區", "highway": "secondary", "name": "四川路二段"}, "geometry": {"type": "LineString", "coordinates": [[121.4493803, 24.9934844], [121.4489701, 24.9936006], [121.4485705, 24.9936896], [121.4480864, 24.9937845]]}}, {"type": "Feature", "properties": {"county": "新北市", "district": "土城區", "highway": "secondary", "name": "四川路二段"}, "geometry": {"type": "LineString", "coordinates": [[121.4480864, 24.9937845], [121.447429, 24.9938883], [121.4468847, 24.9939742], [121.4466133, 24.9940201]]}}, {"type": "Feature", "properties": {"county": "新北市", "district": "土城區", "highway": "primary", "name": "四川路二段"}, "geometry": {"type": "LineString", "coordinates": [[121.4499749, 24.9931216], [121.4501404, 24.9933175], [121.4502029, 24.9933871], [121.4503482, 24.9935632]]}}, {"type": "Feature", "properties": {"county": "新北市", "district": "土城區", "highway": "primary", "name": "四川路二段"}, "geometry": {"type": "LineString", "coordinates": [[121.4510393, 24.9941069], [121.451315, 24.9942353], [121.4513279, 24.9942413], [121.4516302, 24.9943664], [121.4525583, 24.9947504], [121.4527892, 24.994844], [121.4530455, 24.9949473], [121.4533252, 24.9950626], [121.4536658, 24.995209], [121.4539307, 24.9953204], [121.4543779, 24.9954975], [121.4544177, 24.9955778]]}}, {"type": "Feature", "properties": {"county": "新北市", "district": "土城區", "highway": "tertiary", "name": "南雅南路二段"}, "geometry": {"type": "LineString", "coordinates": [[121.4510393, 24.9941069], [121.4510176, 24.9942259]]}}, {"type": "Feature", "properties": {"county": "新北市", "district": "土城區", "highway": "residential", "name": "華東街"}, "geometry": {"type": "LineString", "coordinates": [[121.4480864, 24.9937845], [121.4479988, 24.9936857]]}}, {"type": "Feature", "properties": {"county": "新北市", "district": "土城區", "highway": "residential", "name": "華東街"}, "geometry": {"type": "LineString", "coordinates": [[121.4491456, 24.9948868], [121.4488689, 24.9946318], [121.4486029, 24.9943438], [121.4480864, 24.9937845]]}}, {"type": "Feature", "properties": {"county": "新北市", "district": "土城區", "highway": "secondary", "name": "四川路二段"}, "geometry": {"type": "LineString", "coordinates": [[121.4489674, 24.9934944], [121.4490989, 24.9934595], [121.449439, 24.9932859], [121.4496878, 24.9931427], [121.4497899, 24.9930839], [121.4498998, 24.9930163]]}}, {"type": "Feature", "properties": {"county": "新北市", "district": "土城區", "highway": "primary", "name": "中央路三段"}, "geometry": {"type": "LineString", "coordinates": [[121.43247, 24.965528], [121.4322101, 24.9655337], [121.4320919, 24.9655363], [121.4317334, 24.9655], [121.4312644, 24.965308], [121.4309368, 24.9651332], [121.430669, 24.9650124], [121.4306311, 24.9649953], [121.4303, 24.964884], [121.4296528, 24.9646665], [121.4289114, 24.9644248], [121.4285032, 24.9643324], [121.4280321, 24.964264], [121.427898, 24.9642412], [121.4276993, 24.9641925], [121.427322, 24.9640206], [121.4272042, 24.9639589], [121.427126, 24.9639179], [121.4266088, 24.9635864], [121.4265086, 24.9635201], [121.4263513, 24.963416], [121.4262863, 24.9633738]]}}, {"type": "Feature", "properties": {"county": "新北市", "district": "土城區", "highway": "tertiary", "name": "中央路三段"}, "geometry": {"type": "LineString", "coordinates": [[121.4382415, 24.9684366], [121.438187, 24.9682489]]}}, {"type": "Feature", "properties": {"county": "新北市", "district": "土城區", "highway": "tertiary", "name": "中央路二段"}, "geometry": {"type": "LineString", "coordinates": [[121.4420065, 24.9749064], [121.441943, 24.9747841], [121.4418197, 24.9746382], [121.4417128, 24.9745381], [121.4416725, 24.9745177], [121.4413656, 24.9742802], [121.4412022, 24.9741604], [121.4410391, 24.9740474], [121.4409305, 24.9739416], [121.4408071, 24.9737812], [121.4406918, 24.9735477], [121.4405698, 24.9732754], [121.4405577, 24.973228], [121.4405389, 24.9731696], [121.4404772, 24.9729618], [121.4403981, 24.9726797], [121.4403552, 24.972535], [121.4403029, 24.9723636], [121.4402318, 24.972118], [121.4401661, 24.9719235], [121.4401325, 24.9718138], [121.4400617, 24.9716571], [121.4399331, 24.9713726], [121.4397615, 24.9710177], [121.4396611, 24.9707979], [121.4396216, 24.9707115]]}}, {"type": "Feature", "properties": {"county": "新北市", "district": "土城區", "highway": "motorway_link", "name": "土城交流道"}, "geometry": {"type": "LineString", "coordinates": [[121.4321726, 24.9605324], [121.4320831, 24.9599476]]}}, {"type": "Feature", "properties": {"county": "新北市", "district": "土城區", "highway": "motorway_link", "name": "土城交流道"}, "geometry": {"type": "LineString", "coordinates": [[121.4327866, 24.9648606], [121.4327423, 24.9650759], [121.4326866, 24.9653351], [121.4326754, 24.9653871]]}}, {"type": "Feature", "properties": {"county": "新北市", "district": "土城區", "highway": "motorway_link", "name": "土城交流道"}, "geometry": {"type": "LineString", "coordinates": [[121.4321953, 24.9599515], [121.4322592, 24.9604534]]}}, {"type": "Feature", "properties": {"county": "新北市", "district": "土城區", "highway": "motorway_link", "name": "土城交流道"}, "geometry": {"type": "LineString", "coordinates": [[121.4304331, 24.9586273], [121.4302972, 24.9586983], [121.4301716, 24.9588166], [121.4300976, 24.9589479], [121.4300699, 24.9590987], [121.4300945, 24.9592356], [121.4301531, 24.9593808], [121.4302547, 24.9594926], [121.4304365, 24.9596043], [121.4307015, 24.9597048], [121.4309471, 24.9597572], [121.4313646, 24.9598343], [121.4316622, 24.9599216], [121.4318624, 24.960025]]}}, {"type": "Feature", "properties": {"county": "新北市", "district": "土城區", "highway": "residential", "name": "中正路"}, "geometry": {"type": "LineString", "coordinates": [[121.4425089, 24.975036], [121.4422702, 24.9749734], [121.4420065, 24.9749064]]}}, {"type": "Feature", "properties": {"county": "新北市", "district": "土城區", "highway": "motorway_link", "name": "土城交流道"}, "geometry": {"type": "LineString", "coordinates": [[121.4322869, 24.9625995], [121.4321948, 24.9619888], [121.4321676, 24.961417], [121.4321664, 24.9609405], [121.4321637, 24.9607143], [121.4321726, 24.9605324]]}}, {"type": "Feature", "properties": {"county": "新北市", "district": "土城區", "highway": "motorway_link", "name": "土城交流道"}, "geometry": {"type": "LineString", "coordinates": [[121.4322892, 24.9605932], [121.4324584, 24.961174], [121.4325459, 24.9614367], [121.4326089, 24.9617049], [121.4327045, 24.9625196]]}}, {"type": "Feature", "properties": {"county": "新北市", "district": "土城區", "highway": "tertiary", "name": "大安路"}, "geometry": {"type": "LineString", "coordinates": [[121.43247, 24.965528], [121.4324713, 24.9653953]]}}, {"type": "Feature", "properties": {"county": "新北市", "district": "土城區", "highway": "motorway", "name": "福爾摩沙高速公路"}, "geometry": {"type": "LineString", "coordinates": [[121.4282203, 24.9597119], [121.4276013, 24.9596078], [121.4268935, 24.9594955], [121.4264526, 24.9594061], [121.4255723, 24.9592344], [121.4248954, 24.9590663], [121.4243478, 24.958894], [121.4237493, 24.95867], [121.4229153, 24.9583209], [121.4225712, 24.9581485], [121.4220947, 24.9579026], [121.4217212, 24.9576286], [121.4214333, 24.9574355], [121.4208739, 24.9570219], [121.4202234, 24.9564721], [121.4196395, 24.9558672], [121.4191112, 24.9553073], [121.4180262, 24.9539664], [121.4174892, 24.9533885], [121.4168286, 24.9527554], [121.416323, 24.9522966], [121.4157894, 24.9519165], [121.4154299, 24.9516618], [121.4149401, 24.9513872], [121.4142874, 24.9510822], [121.4135966, 24.950807], [121.4130808, 24.9506222], [121.4124201, 24.950453], [121.4116578, 24.9503043], [121.4109136, 24.9502146], [121.4101665, 24.9501837]]}}, {"type": "Feature", "properties": {"county": "新北市", "district": "土城區", "highway": "motorway", "name": "福爾摩沙高速公路"}, "geometry": {"type": "LineString", "coordinates": [[121.4277906, 24.9594441], [121.4284616, 24.9595331], [121.4289321, 24.959589], [121.4299585, 24.9597201], [121.4308633, 24.9598501], [121.4318624, 24.960025]]}}, {"type": "Feature", "properties": {"county": "新北市", "district": "土城區", "highway": "secondary", "name": "中央路三段"}, "geometry": {"type": "LineString", "coordinates": [[121.4382415, 24.9684366], [121.4381051, 24.9683346], [121.4380039, 24.9682619], [121.4379062, 24.9681881], [121.4373652, 24.9677726]]}}, {"type": "Feature", "properties": {"county": "新北市", "district": "土城區", "highway": "unclassified", "name": "承天路4巷"}, "geometry": {"type": "LineString", "coordinates": [[121.4361228, 24.962133], [121.4362405, 24.9624651], [121.4362703, 24.9625494], [121.4364547, 24.9628685], [121.4365721, 24.963057], [121.4365614, 24.9632309], [121.4364977, 24.9634162], [121.4364324, 24.9635608], [121.4363347, 24.9637189], [121.4362394, 24.9638897], [121.4360926, 24.9642484], [121.4360055, 24.9644733], [121.435858, 24.964765], [121.4357932, 24.9648864], [121.4357842, 24.9649049], [121.4358139, 24.9649397], [121.4361671, 24.9653546], [121.4363852, 24.9656086], [121.436426, 24.9656519]]}}, {"type": "Feature", "properties": {"county": "新北市", "district": "土城區", "highway": "unclassified", "name": "承天路4巷"}, "geometry": {"type": "LineString", "coordinates": [[121.4363039, 24.9614249], [121.4361228, 24.962133]]}}, {"type": "Feature", "properties": {"county": "新北市", "district": "土城區", "highway": "motorway", "name": "福爾摩沙高速公路"}, "geometry": {"type": "LineString", "coordinates": [[121.4325348, 24.9604026], [121.4321775, 24.9603097], [121.4318201, 24.9602313]]}}, {"type": "Feature", "properties": {"county": "新北市", "district": "土城區", "highway": "motorway", "name": "福爾摩沙高速公路"}, "geometry": {"type": "LineString", "coordinates": [[121.4318624, 24.960025], [121.4325755, 24.9602094]]}}, {"type": "Feature", "properties": {"county": "新北市", "district": "土城區", "highway": "motorway", "name": "福爾摩沙高速公路"}, "geometry": {"type": "LineString", "coordinates": [[121.4318201, 24.9602313], [121.4309317, 24.9600583], [121.4299393, 24.9598926], [121.4292092, 24.9597995], [121.4282203, 24.9597119]]}}, {"type": "Feature", "properties": {"county": "新北市", "district": "土城區", "highway": "motorway", "name": "福爾摩沙高速公路"}, "geometry": {"type": "LineString", "coordinates": [[121.4325755, 24.9602094], [121.4332968, 24.9604136], [121.433632, 24.9605325], [121.4339799, 24.9606541], [121.4345371, 24.9608631]]}}, {"type": "Feature", "properties": {"county": "新北市", "district": "土城區", "highway": "residential", "name": "安祥路104巷"}, "geometry": {"type": "LineString", "coordinates": [[121.4833565, 24.9638161], [121.4832831, 24.9638237], [121.4830343, 24.9637907], [121.4829074, 24.9637191], [121.4827525, 24.9635697], [121.4825712, 24.9633875], [121.4824196, 24.9633337], [121.4812849, 24.963281]]}}, {"type": "Feature", "properties": {"county": "新北市", "district": "土城區", "highway": "trunk_link", "name": "土城交流道"}, "geometry": {"type": "LineString", "coordinates": [[121.4315351, 24.9607925], [121.4313844, 24.9606749], [121.4311509, 24.9605167], [121.4309113, 24.9603752], [121.4306909, 24.9602767], [121.4304903, 24.9602081], [121.4303141, 24.9601658]]}}, {"type": "Feature", "properties": {"county": "新北市", "district": "土城區", "highway": "motorway_link", "name": "土城交流道"}, "geometry": {"type": "LineString", "coordinates": [[121.4345537, 24.9612378], [121.4342369, 24.9611973], [121.4339465, 24.9611839], [121.4337178, 24.9611963], [121.433497, 24.9612402], [121.4332488, 24.9613327], [121.433047, 24.9614847], [121.4329128, 24.9616182], [121.4328109, 24.9617803], [121.4327408, 24.9620334], [121.4327045, 24.9625196]]}}, {"type": "Feature", "properties": {"county": "新北市", "district": "土城區", "highway": "motorway_link", "name": "土城交流道"}, "geometry": {"type": "LineString", "coordinates": [[121.434959, 24.9614124], [121.4345537, 24.9612378]]}}, {"type": "Feature", "properties": {"county": "新北市", "district": "土城區", "highway": "motorway", "name": "福爾摩沙高速公路"}, "geometry": {"type": "LineString", "coordinates": [[121.4349338, 24.9612166], [121.434474, 24.961027]]}}, {"type": "Feature", "properties": {"county": "新北市", "district": "土城區", "highway": "motorway", "name": "福爾摩沙高速公路"}, "geometry": {"type": "LineString", "coordinates": [[121.4345371, 24.9608631], [121.4350304, 24.961053]]}}, {"type": "Feature", "properties": {"county": "新北市", "district": "土城區", "highway": "motorway", "name": "福爾摩沙高速公路"}, "geometry": {"type": "LineString", "coordinates": [[121.434474, 24.961027], [121.4338917, 24.9608133], [121.4335614, 24.9607163], [121.4332397, 24.9606097], [121.4325348, 24.9604026]]}}, {"type": "Feature", "properties": {"county": "新北市", "district": "土城區", "highway": "motorway", "name": "福爾摩沙高速公路"}, "geometry": {"type": "LineString", "coordinates": [[121.4350304, 24.961053], [121.435857, 24.9614437], [121.4366675, 24.9618688], [121.4371875, 24.9621686], [121.4376286, 24.9624464], [121.4381848, 24.962827], [121.438806, 24.9632694], [121.4392625, 24.9636244]]}}, {"type": "Feature", "properties": {"county": "新北市", "district": "土城區", "highway": "residential", "name": null}, "geometry": {"type": "LineString", "coordinates": [[121.4224905, 24.9828763], [121.4224746, 24.9829024], [121.4224562, 24.9829327]]}}, {"type": "Feature", "properties": {"county": "新北市", "district": "土城區", "highway": "tertiary", "name": "學府路一段"}, "geometry": {"type": "LineString", "coordinates": [[121.4599184, 24.9883575], [121.4594616, 24.9884387], [121.459323, 24.9884571], [121.4592829, 24.9884583], [121.4588829, 24.9884706], [121.4586421, 24.9884819], [121.4584246, 24.9884755], [121.4582208, 24.9884707], [121.4580348, 24.9884663], [121.4578836, 24.9884656], [121.4576294, 24.9884643], [121.4575049, 24.9884492], [121.4573634, 24.9884253], [121.4573365, 24.9884208], [121.4570491, 24.9883479], [121.4568556, 24.988296], [121.4567657, 24.9882639], [121.4565606, 24.9881622], [121.4563785, 24.9880603], [121.4561445, 24.9879012], [121.4561191, 24.987886], [121.4560697, 24.9878536], [121.4557376, 24.9876514]]}}, {"type": "Feature", "properties": {"county": "新北市", "district": "土城區", "highway": "residential", "name": null}, "geometry": {"type": "LineString", "coordinates": [[121.4741094, 24.9554855], [121.4743303, 24.9554451], [121.4746844, 24.9554172], [121.474964, 24.9553685], [121.4750096, 24.9553673], [121.4750384, 24.955377], [121.4751353, 24.9554495]]}}, {"type": "Feature", "properties": {"county": "新北市", "district": "土城區", "highway": "residential", "name": "安祥路110巷"}, "geometry": {"type": "LineString", "coordinates": [[121.4751672, 24.9569501], [121.4749352, 24.9570048], [121.4748158, 24.956989], [121.4747032, 24.9569343], [121.4742593, 24.9562668], [121.4741949, 24.9560576], [121.474164, 24.9559056], [121.4741064, 24.9558339], [121.4740259, 24.9558242], [121.4739709, 24.9558242], [121.4739253, 24.9558461], [121.4737081, 24.9561561], [121.4735646, 24.9563579], [121.4735391, 24.956437], [121.4735471, 24.9564953], [121.4735914, 24.9566169], [121.4739683, 24.957144]]}}, {"type": "Feature", "properties": {"county": "新北市", "district": "土城區", "highway": "residential", "name": "安祥路145巷"}, "geometry": {"type": "LineString", "coordinates": [[121.4746844, 24.9554172], [121.47471, 24.955526], [121.4747461, 24.9555924], [121.4753673, 24.9564427], [121.475657, 24.9568756]]}}, {"type": "Feature", "properties": {"county": "新北市", "district": "土城區", "highway": "residential", "name": null}, "geometry": {"type": "LineString", "coordinates": [[121.4743772, 24.9557955], [121.4747461, 24.9555924]]}}, {"type": "Feature", "properties": {"county": "新北市", "district": "土城區", "highway": "residential", "name": "安祥路147巷"}, "geometry": {"type": "LineString", "coordinates": [[121.4751353, 24.9554495], [121.4760332, 24.9567966], [121.4761459, 24.9569656], [121.476225, 24.95703], [121.4763215, 24.9570422], [121.4764154, 24.9569996], [121.4764785, 24.9569473], [121.4765214, 24.9568489], [121.4765227, 24.9567881], [121.4755532, 24.9553435]]}}, {"type": "Feature", "properties": {"county": "新北市", "district": "土城區", "highway": "residential", "name": "安祥路109巷"}, "geometry": {"type": "LineString", "coordinates": [[121.4775854, 24.960144], [121.4776925, 24.9601502], [121.477773, 24.9601144], [121.4778253, 24.9600639], [121.478011, 24.959842], [121.4782128, 24.9596067], [121.4782222, 24.959552], [121.4782142, 24.9594572], [121.4781874, 24.9594061], [121.4779875, 24.9592748], [121.4766357, 24.9583994], [121.4764935, 24.9582924], [121.4764625, 24.9582469], [121.4764064, 24.9581647], [121.4763889, 24.9580383], [121.4764292, 24.9579362], [121.4764788, 24.9578985], [121.4765552, 24.9578681], [121.4766022, 24.9578669], [121.4766692, 24.9579021], [121.4773867, 24.9584663], [121.4775195, 24.9585538], [121.4776442, 24.9585708], [121.4777528, 24.9585186], [121.4777744, 24.9584956], [121.4777917, 24.9584772], [121.4778132, 24.958369], [121.4777984, 24.9583289], [121.4777622, 24.9582936], [121.4775557, 24.9581052], [121.4774806, 24.9579957], [121.477384, 24.9577453]]}}, {"type": "Feature", "properties": {"county": "新北市", "district": "土城區", "highway": "residential", "name": "安祥路109巷3弄"}, "geometry": {"type": "LineString", "coordinates": [[121.4792485, 24.9604651], [121.4784988, 24.9611557], [121.4784049, 24.961208], [121.4782856, 24.9612542], [121.4781622, 24.9612615], [121.478004, 24.9612494], [121.4777934, 24.9611898], [121.4776124, 24.9611047], [121.47583, 24.9599411], [121.4754304, 24.9596663], [121.4753486, 24.9595411], [121.4753432, 24.9594621], [121.4753808, 24.9593624], [121.4754802, 24.9592788]]}}, {"type": "Feature", "properties": {"county": "新北市", "district": "土城區", "highway": "residential", "name": "安祥路69巷2弄"}, "geometry": {"type": "LineString", "coordinates": [[121.4812438, 24.9604938], [121.4812635, 24.9610779], [121.4812863, 24.9611229], [121.4813359, 24.9611594], [121.4818339, 24.9613024], [121.4819001, 24.9612793]]}}, {"type": "Feature", "properties": {"county": "新北市", "district": "土城區", "highway": "residential", "name": "裕民路92巷"}, "geometry": {"type": "LineString", "coordinates": [[121.4503413, 24.9870586], [121.4500881, 24.9867266], [121.449897, 24.986476], [121.4497159, 24.9862385], [121.4495268, 24.9859956], [121.44949, 24.9859448], [121.4493458, 24.9858231], [121.4492394, 24.9857362]]}}, {"type": "Feature", "properties": {"county": "新北市", "district": "土城區", "highway": "unclassified", "name": "樂利街"}, "geometry": {"type": "LineString", "coordinates": [[121.4502003, 24.9871368], [121.4495723, 24.9867316], [121.4495381, 24.9867094]]}}, {"type": "Feature", "properties": {"county": "新北市", "district": "土城區", "highway": "unclassified", "name": null}, "geometry": {"type": "LineString", "coordinates": [[121.4495381, 24.9867094], [121.4495093, 24.9866954], [121.4494351, 24.9866695], [121.4493584, 24.986667]]}}, {"type": "Feature", "properties": {"county": "新北市", "district": "土城區", "highway": "residential", "name": "樂利街"}, "geometry": {"type": "LineString", "coordinates": [[121.4488743, 24.986051], [121.4487636, 24.9861083], [121.4487256, 24.9860928], [121.4485202, 24.9858704], [121.4483104, 24.9859554], [121.4482863, 24.9859652], [121.4482159, 24.9860031], [121.4479969, 24.9860856], [121.4477262, 24.9861831], [121.4476487, 24.986211]]}}, {"type": "Feature", "properties": {"county": "新北市", "district": "土城區", "highway": "residential", "name": null}, "geometry": {"type": "LineString", "coordinates": [[121.4492394, 24.9857362], [121.4495792, 24.9854363], [121.4497974, 24.9852529], [121.4500297, 24.9850576], [121.4503257, 24.9848075]]}}, {"type": "Feature", "properties": {"county": "新北市", "district": "土城區", "highway": "residential", "name": "學享街"}, "geometry": {"type": "LineString", "coordinates": [[121.4503068, 24.9870777], [121.4504154, 24.9871132], [121.4505809, 24.9871132], [121.4506862, 24.987161], [121.4508216, 24.9872496], [121.450836, 24.9872626], [121.4508893, 24.987311], [121.4509495, 24.9873314], [121.4511, 24.9873587], [121.451258, 24.9873894], [121.4512881, 24.9874131], [121.4513313, 24.9874015], [121.451905, 24.9869223], [121.4519598, 24.9868705], [121.4520855, 24.9867518], [121.452215, 24.9866241], [121.4524133, 24.9864285], [121.4527413, 24.9861051], [121.4528115, 24.9860358], [121.4530043, 24.9858258]]}}, {"type": "Feature", "properties": {"county": "新北市", "district": "土城區", "highway": "primary_link", "name": "中華路二段"}, "geometry": {"type": "LineString", "coordinates": [[121.4376165, 24.9689183], [121.4376848, 24.9687423], [121.437753, 24.9686005], [121.4378106, 24.9684945], [121.4378732, 24.9683959], [121.4379057, 24.9683559], [121.4380039, 24.9682619], [121.4380941, 24.9681748]]}}, {"type": "Feature", "properties": {"county": "新北市", "district": "土城區", "highway": "residential", "name": null}, "geometry": {"type": "LineString", "coordinates": [[121.4548204, 24.9898045], [121.4546723, 24.98977], [121.4541746, 24.9895674], [121.4538408, 24.9894809], [121.4537465, 24.9894689], [121.4536292, 24.9894539], [121.4532626, 24.9894242], [121.4527083, 24.9894188], [121.4526367, 24.9894199], [121.4524692, 24.9894253]]}}, {"type": "Feature", "properties": {"county": "新北市", "district": "土城區", "highway": "residential", "name": null}, "geometry": {"type": "LineString", "coordinates": [[121.4537465, 24.9894689], [121.4534874, 24.990177]]}}, {"type": "Feature", "properties": {"county": "新北市", "district": "土城區", "highway": "residential", "name": null}, "geometry": {"type": "LineString", "coordinates": [[121.4454694, 24.9857164], [121.4454148, 24.9855728]]}}, {"type": "Feature", "properties": {"county": "新北市", "district": "土城區", "highway": "residential", "name": null}, "geometry": {"type": "LineString", "coordinates": [[121.4486982, 24.9895286], [121.4486876, 24.989934], [121.4487191, 24.9900406], [121.4487962, 24.9901685]]}}, {"type": "Feature", "properties": {"county": "新北市", "district": "土城區", "highway": "residential", "name": null}, "geometry": {"type": "LineString", "coordinates": [[121.4541397, 24.9855279], [121.4545444, 24.9857923]]}}, {"type": "Feature", "properties": {"county": "新北市", "district": "土城區", "highway": "residential", "name": null}, "geometry": {"type": "LineString", "coordinates": [[121.4577049, 24.9838607], [121.4575079, 24.9841199], [121.4574147, 24.9842768], [121.4573615, 24.9844389], [121.4573387, 24.9845423], [121.4573368, 24.9847975], [121.4573995, 24.9848526], [121.4574025, 24.9848789]]}}, {"type": "Feature", "properties": {"county": "新北市", "district": "土城區", "highway": "tertiary", "name": "八德街"}, "geometry": {"type": "LineString", "coordinates": [[121.4199437, 24.9815201], [121.4199069, 24.9815754]]}}, {"type": "Feature", "properties": {"county": "新北市", "district": "土城區", "highway": "tertiary", "name": "八德地下道"}, "geometry": {"type": "LineString", "coordinates": [[121.4177165, 24.9845218], [121.4182101, 24.9837993]]}}, {"type": "Feature", "properties": {"county": "新北市", "district": "土城區", "highway": "tertiary", "name": "八德地下道"}, "geometry": {"type": "LineString", "coordinates": [[121.4177664, 24.984563], [121.4172155, 24.9854042]]}}, {"type": "Feature", "properties": {"county": "新北市", "district": "土城區", "highway": "tertiary", "name": "八德地下道"}, "geometry": {"type": "LineString", "coordinates": [[121.4171338, 24.9853768], [121.4177165, 24.9845218]]}}, {"type": "Feature", "properties": {"county": "新北市", "district": "土城區", "highway": "tertiary", "name": "八德地下道"}, "geometry": {"type": "LineString", "coordinates": [[121.4172155, 24.9854042], [121.4170291, 24.985655], [121.4164333, 24.986496]]}}, {"type": "Feature", "properties": {"county": "新北市", "district": "土城區", "highway": "secondary", "name": "浮洲橋"}, "geometry": {"type": "LineString", "coordinates": [[121.4355538, 24.9955268], [121.4353209, 24.9955302], [121.4329376, 24.9957657], [121.4326391, 24.9958146]]}}, {"type": "Feature", "properties": {"county": "新北市", "district": "土城區", "highway": "tertiary", "name": "水源街"}, "geometry": {"type": "LineString", "coordinates": [[121.4247211, 24.9839382], [121.4247011, 24.9839884]]}}, {"type": "Feature", "properties": {"county": "新北市", "district": "土城區", "highway": "primary", "name": "中華路二段"}, "geometry": {"type": "LineString", "coordinates": [[121.438573, 24.9753702], [121.4385171, 24.9752199]]}}, {"type": "Feature", "properties": {"county": "新北市", "district": "土城區", "highway": "primary", "name": "中華路二段"}, "geometry": {"type": "LineString", "coordinates": [[121.4386576, 24.9751653], [121.4387192, 24.9753253]]}}, {"type": "Feature", "properties": {"county": "新北市", "district": "土城區", "highway": "tertiary", "name": null}, "geometry": {"type": "LineString", "coordinates": [[121.4259847, 24.9845578], [121.4261011, 24.9846239]]}}, {"type": "Feature", "properties": {"county": "新北市", "district": "土城區", "highway": "tertiary", "name": "南雅南路二段"}, "geometry": {"type": "LineString", "coordinates": [[121.4526439, 24.9985462], [121.4523729, 24.9977269], [121.4523562, 24.9976707], [121.4523326, 24.9975954], [121.4521651, 24.9970394], [121.4521469, 24.9969903], [121.4521179, 24.9969119], [121.4520688, 24.9967794], [121.4520538, 24.9967273], [121.4520176, 24.9966325], [121.4518993, 24.996324], [121.4518899, 24.9962953], [121.4518854, 24.9962916], [121.4518473, 24.9961882], [121.4517503, 24.9959749], [121.45163, 24.9957106], [121.4514848, 24.9953915], [121.451307, 24.9950009], [121.4511535, 24.9946134], [121.4510661, 24.9944245], [121.4510444, 24.9943668], [121.451033, 24.9943364], [121.4510176, 24.9942259]]}}, {"type": "Feature", "properties": {"county": "新北市", "district": "土城區", "highway": "tertiary", "name": "溪城路"}, "geometry": {"type": "LineString", "coordinates": [[121.426692, 24.9835291], [121.4267584, 24.9834317], [121.4276188, 24.982168], [121.4276467, 24.982129], [121.4279098, 24.981739], [121.4279381, 24.981697], [121.4280905, 24.9814711], [121.4284541, 24.9809276]]}}, {"type": "Feature", "properties": {"county": "新北市", "district": "土城區", "highway": "tertiary", "name": "城林路"}, "geometry": {"type": "LineString", "coordinates": [[121.438573, 24.9753702], [121.4382798, 24.9754444], [121.4374469, 24.9754428], [121.4370306, 24.9754519], [121.4368882, 24.9754783], [121.4367169, 24.9755373]]}}, {"type": "Feature", "properties": {"county": "新北市", "district": "土城區", "highway": "residential", "name": "高爾富路"}, "geometry": {"type": "LineString", "coordinates": [[121.4536842, 24.9982804], [121.4538305, 24.9979411], [121.4539518, 24.9976596], [121.4540027, 24.9975562], [121.4542198, 24.9970996], [121.4548528, 24.9957568]]}}, {"type": "Feature", "properties": {"county": "新北市", "district": "土城區", "highway": "primary", "name": "中央路三段"}, "geometry": {"type": "LineString", "coordinates": [[121.4380941, 24.9681748], [121.438187, 24.9682489]]}}, {"type": "Feature", "properties": {"county": "新北市", "district": "土城區", "highway": "primary", "name": "中央路三段"}, "geometry": {"type": "LineString", "coordinates": [[121.435704, 24.9663723], [121.4358128, 24.9664536], [121.4364122, 24.9669018], [121.4365125, 24.966976], [121.4365358, 24.9669936], [121.4365736, 24.9670222], [121.4369171, 24.9672817], [121.437564, 24.9677703], [121.4379609, 24.9680699], [121.4379955, 24.968096], [121.4380941, 24.9681748]]}}, {"type": "Feature", "properties": {"county": "新北市", "district": "土城區", "highway": "primary", "name": "中央路三段"}, "geometry": {"type": "LineString", "coordinates": [[121.4350641, 24.9660462], [121.4348415, 24.9659107], [121.4347584, 24.9658774], [121.4346789, 24.9658455], [121.4345313, 24.965812], [121.4342452, 24.9657471], [121.4339244, 24.9656846], [121.4335967, 24.9656196], [121.4330423, 24.9655014], [121.4327914, 24.9655009], [121.4326639, 24.9655006], [121.43247, 24.965528]]}}, {"type": "Feature", "properties": {"county": "新北市", "district": "土城區", "highway": "secondary", "name": "中山路二段"}, "geometry": {"type": "LineString", "coordinates": [[121.4115419, 24.9830942], [121.4114573, 24.9831236]]}}, {"type": "Feature", "properties": {"county": "新北市", "district": "土城區", "highway": "primary", "name": "中華路二段"}, "geometry": {"type": "LineString", "coordinates": [[121.4385171, 24.9752199], [121.4384161, 24.9749705], [121.4383607, 24.9748718], [121.4382733, 24.9747022], [121.4380572, 24.9742846], [121.4377269, 24.9736179], [121.4377118, 24.9735709], [121.4376911, 24.9735175], [121.4376075, 24.9732993], [121.4375399, 24.9730976], [121.4375044, 24.9729434], [121.4374631, 24.9727127], [121.4374225, 24.9724677], [121.4374131, 24.9723737], [121.4374119, 24.9721679], [121.4374243, 24.9717687], [121.437446, 24.9713392], [121.4374788, 24.9705523], [121.4375217, 24.9699427], [121.4375539, 24.9692534], [121.4375638, 24.9691491], [121.4376165, 24.9689183]]}}, {"type": "Feature", "properties": {"county": "新北市", "district": "土城區", "highway": "primary", "name": "中華路二段"}, "geometry": {"type": "LineString", "coordinates": [[121.4387192, 24.9753253], [121.4387411, 24.9753764], [121.4387497, 24.9754058], [121.4387604, 24.975442], [121.4389122, 24.9760062], [121.4389433, 24.9761342], [121.4391081, 24.9768132], [121.4392, 24.9772296], [121.4392863, 24.977624], [121.439373, 24.9782773], [121.4394623, 24.9786748], [121.4398023, 24.9794344]]}}, {"type": "Feature", "properties": {"county": "新北市", "district": "土城區", "highway": "tertiary", "name": "城林路"}, "geometry": {"type": "LineString", "coordinates": [[121.4385171, 24.9752199], [121.4386576, 24.9751653]]}}, {"type": "Feature", "properties": {"county": "新北市", "district": "土城區", "highway": "unclassified", "name": "承天路"}, "geometry": {"type": "LineString", "coordinates": [[121.435704, 24.9663723], [121.4358019, 24.9662741], [121.4358293, 24.9662467], [121.4359993, 24.9660558], [121.4363329, 24.965742], [121.436343, 24.9657324], [121.4363679, 24.9657081], [121.4364005, 24.9656764], [121.436426, 24.9656519], [121.4364643, 24.9656147], [121.4367458, 24.9653508], [121.4367687, 24.9653306], [121.4368243, 24.9652811], [121.4369064, 24.9652053], [121.4372492, 24.9649215]]}}, {"type": "Feature", "properties": {"county": "新北市", "district": "土城區", "highway": "unclassified", "name": "承天路"}, "geometry": {"type": "LineString", "coordinates": [[121.4388176, 24.963759], [121.4386724, 24.963857], [121.4386271, 24.9638952], [121.4385695, 24.9639341], [121.4383604, 24.9640982], [121.4380285, 24.9643472], [121.437803, 24.9645063]]}}, {"type": "Feature", "properties": {"county": "新北市", "district": "土城區", "highway": "residential", "name": "東陽街"}, "geometry": {"type": "LineString", "coordinates": [[121.413744, 24.9803833], [121.4137005, 24.9804676], [121.4136949, 24.9804785], [121.4135478, 24.9807666], [121.4135002, 24.9808442], [121.413301, 24.9811695], [121.4131616, 24.9814204], [121.4131248, 24.9814865], [121.4126597, 24.9823233]]}}, {"type": "Feature", "properties": {"county": "新北市", "district": "土城區", "highway": "tertiary", "name": "員山路"}, "geometry": {"type": "LineString", "coordinates": [[121.4809918, 24.995163], [121.4809322, 24.9950237]]}}, {"type": "Feature", "properties": {"county": "新北市", "district": "土城區", "highway": "secondary", "name": "連城路"}, "geometry": {"type": "LineString", "coordinates": [[121.4809918, 24.995163], [121.480701, 24.9950714], [121.4801618, 24.9949328]]}}, {"type": "Feature", "properties": {"county": "新北市", "district": "土城區", "highway": "secondary", "name": "大觀路三段"}, "geometry": {"type": "LineString", "coordinates": [[121.4318135, 24.9935164], [121.4316867, 24.9933827], [121.4314813, 24.9931662], [121.4313853, 24.993064], [121.4311351, 24.9927867], [121.4310056, 24.9926579], [121.430965, 24.9926175], [121.4308787, 24.9925328], [121.4307996, 24.9924635], [121.4306942, 24.9923762], [121.4305966, 24.9923151], [121.4304373, 24.9922154], [121.430158, 24.9921049], [121.4298409, 24.9920754], [121.4298246, 24.992074], [121.4296091, 24.9920828], [121.4293562, 24.9921413], [121.4292636, 24.9921926], [121.4291637, 24.9922478]]}}, {"type": "Feature", "properties": {"county": "新北市", "district": "土城區", "highway": "tertiary", "name": "安祥路"}, "geometry": {"type": "LineString", "coordinates": [[121.4835092, 24.9601121], [121.4834555, 24.9600868], [121.4833331, 24.9600507], [121.4832359, 24.9600532], [121.4831747, 24.9600664], [121.4830646, 24.9601089], [121.4830065, 24.9601386], [121.4828143, 24.9602604], [121.482699, 24.9603698], [121.4826198, 24.960478], [121.4825649, 24.9605704], [121.4825484, 24.960663], [121.4825555, 24.9607637], [121.4825664, 24.9608423], [121.4826212, 24.9609254], [121.4826882, 24.9610288], [121.4828451, 24.9612489], [121.4829162, 24.9613644], [121.4829551, 24.9614872], [121.4829645, 24.9615601], [121.4829739, 24.9616671], [121.4829591, 24.9617838], [121.4829256, 24.9618714], [121.4828921, 24.9619601], [121.4827321, 24.9621656], [121.4826171, 24.9622441], [121.4824844, 24.9623271], [121.482294, 24.9624049], [121.4821358, 24.9624715], [121.4815992, 24.9626665], [121.4814175, 24.962729], [121.4813538, 24.9627468], [121.4812833, 24.9627547], [121.4811996, 24.9627516], [121.4811221, 24.9627352], [121.4810328, 24.9627165], [121.4809115, 24.9626595], [121.4806086, 24.962525], [121.4803907, 24.9624441], [121.4803031, 24.9624107], [121.4802519, 24.9623912], [121.4798929, 24.9622856], [121.4797159, 24.962249], [121.4794295, 24.9621898], [121.4790307, 24.9620937], [121.4789094, 24.9620665], [121.4785412, 24.9619503], [121.4779168, 24.9616526], [121.4777253, 24.9615667], [121.4776122, 24.9615309], [121.4775072, 24.9614735], [121.4768855, 24.9610265], [121.4764004, 24.9606416], [121.4759165, 24.9602878], [121.4754889, 24.959944], [121.4752336, 24.959608], [121.4750712, 24.959222], [121.4750636, 24.9590658], [121.4750624, 24.958726], [121.4750964, 24.9585052], [121.4751541, 24.9583556], [121.4752668, 24.9581343], [121.4753633, 24.9578194], [121.4754076, 24.9575848], [121.4754009, 24.9574486], [121.4753823, 24.9573534], [121.4751672, 24.9569501], [121.4751035, 24.9568542], [121.4744293, 24.9558593], [121.4743772, 24.9557955], [121.4742852, 24.9556834], [121.4741094, 24.9554855]]}}, {"type": "Feature", "properties": {"county": "新北市", "district": "土城區", "highway": "secondary", "name": "安康路三段"}, "geometry": {"type": "LineString", "coordinates": [[121.4843019, 24.9511509], [121.4839969, 24.9508649], [121.4837992, 24.9506443], [121.4834832, 24.9502282], [121.4831447, 24.9497677], [121.482898, 24.9494977], [121.4827035, 24.9492946], [121.4825318, 24.9491512], [121.4821804, 24.9489748], [121.4815931, 24.948739], [121.4810875, 24.9486478], [121.4809507, 24.9486125], [121.4808179, 24.9485602], [121.4804142, 24.9483109], [121.4802156, 24.9480201], [121.4800669, 24.9477425], [121.4799663, 24.9475181], [121.4798631, 24.9471753], [121.4797905, 24.9469343], [121.4796243, 24.9466013], [121.4793561, 24.9462365], [121.4791089, 24.9460348], [121.4789861, 24.9459817]]}}, {"type": "Feature", "properties": {"county": "新北市", "district": "土城區", "highway": "residential", "name": "忠義路"}, "geometry": {"type": "LineString", "coordinates": [[121.4406336, 24.9699616], [121.4404966, 24.9699945]]}}, {"type": "Feature", "properties": {"county": "新北市", "district": "土城區", "highway": "residential", "name": "農豐街"}, "geometry": {"type": "LineString", "coordinates": [[121.4421161, 24.9738699], [121.4428396, 24.974016]]}}, {"type": "Feature", "properties": {"county": "新北市", "district": "土城區", "highway": "residential", "name": "學府路二段"}, "geometry": {"type": "LineString", "coordinates": [[121.4495826, 24.9824277], [121.4495337, 24.9823461], [121.4494742, 24.9822659], [121.4491784, 24.9818543], [121.4490358, 24.9816458], [121.4489212, 24.9814865], [121.4485735, 24.9809969], [121.4484985, 24.9808955], [121.4483246, 24.9806554], [121.4482337, 24.9805349], [121.4480241, 24.980276], [121.4478939, 24.9800986], [121.4476922, 24.9799061], [121.4475152, 24.9797714], [121.4472498, 24.9795808], [121.4469609, 24.9793866], [121.446465, 24.9790545], [121.4464005, 24.9790133], [121.4463413, 24.9789764], [121.4458943, 24.9786903], [121.445376, 24.9783339], [121.4450434, 24.9781256], [121.445016, 24.9780993], [121.4449509, 24.9780381], [121.4449235, 24.977969], [121.4449122, 24.9778648], [121.4449386, 24.9776939], [121.4449901, 24.9774299], [121.4450794, 24.9769645], [121.4451555, 24.9765625]]}}, {"type": "Feature", "properties": {"county": "新北市", "district": "土城區", "highway": "unclassified", "name": "忠義路"}, "geometry": {"type": "LineString", "coordinates": [[121.443461, 24.961875], [121.4437989, 24.9620421], [121.4439216, 24.9621281], [121.4441121, 24.9622226], [121.4442343, 24.9622787], [121.4443618, 24.9623339], [121.4443996, 24.9623585], [121.4444362, 24.9623898], [121.444472, 24.9624499], [121.4445322, 24.9625089], [121.4445925, 24.9625399], [121.4446544, 24.9625621], [121.4447325, 24.9625739], [121.4448237, 24.9625754], [121.4449182, 24.9625754], [121.4449931, 24.9625636], [121.4450566, 24.9625208], [121.4451054, 24.9624617], [121.4451315, 24.9623968], [121.4451608, 24.9623156], [121.4451934, 24.9622595], [121.4452353, 24.9621898], [121.4452867, 24.9621701], [121.4453468, 24.9621487], [121.4456004, 24.9621104], [121.4457714, 24.9620735], [121.4460209, 24.9620284], [121.4460583, 24.9620219], [121.4461052, 24.962162], [121.446174, 24.9622692], [121.4462334, 24.9623554], [121.4462972, 24.9624074], [121.4463479, 24.9624307], [121.4464325, 24.9624647], [121.4465504, 24.9625055], [121.4466488, 24.9625448], [121.4467402, 24.9625495], [121.4468495, 24.9625183], [121.4468997, 24.9624722], [121.4469453, 24.9623562], [121.4469941, 24.9622239], [121.4470621, 24.9621667], [121.4471728, 24.9621429], [121.4473077, 24.9621651], [121.4473665, 24.9621699], [121.4474064, 24.9621578], [121.4475203, 24.9620912], [121.4477083, 24.9619951], [121.447883, 24.9619481], [121.4479579, 24.9619234], [121.4480381, 24.9618742], [121.448154, 24.9618143], [121.4483509, 24.9617146], [121.4485209, 24.9616355], [121.448655, 24.9615729], [121.4487893, 24.9614855], [121.4489248, 24.9613469], [121.4490164, 24.9613129], [121.4491705, 24.9612987], [121.4492811, 24.9613046], [121.4493505, 24.9613332], [121.4495343, 24.9614087], [121.4497634, 24.9613917], [121.4499681, 24.9613696], [121.450048, 24.9613875], [121.4501382, 24.9614302], [121.450427, 24.9615304], [121.450614, 24.9615674], [121.450717, 24.9615683], [121.4509247, 24.961564], [121.4512435, 24.961551], [121.4515296, 24.9615336], [121.4516712, 24.9614756], [121.451831, 24.961404], [121.4519155, 24.9614159], [121.4520263, 24.9614368], [121.4522185, 24.9614886], [121.4524469, 24.9615395], [121.4525538, 24.9615932], [121.452636, 24.9616508], [121.4527695, 24.961785], [121.4528488, 24.9618025], [121.4529284, 24.9617847], [121.4529995, 24.9617282], [121.4530418, 24.9616483], [121.4530318, 24.961562], [121.4529421, 24.961469], [121.4528016, 24.9613728], [121.4525349, 24.9611942], [121.4520865, 24.9608955], [121.4520556, 24.9608623], [121.4520729, 24.9606445], [121.4520844, 24.9605626], [121.4521656, 24.9605489], [121.4523883, 24.9604646], [121.4525153, 24.9604601], [121.4526854, 24.9605597], [121.452845, 24.9606548], [121.4529427, 24.9607094], [121.4530453, 24.9607729], [121.4531446, 24.9608423], [121.4532087, 24.9608863], [121.4533401, 24.9609928], [121.453534, 24.9611747], [121.4536062, 24.9612946], [121.4535962, 24.9614526]]}}, {"type": "Feature", "properties": {"county": "新北市", "district": "土城區", "highway": "residential", "name": null}, "geometry": {"type": "LineString", "coordinates": [[121.4400976, 24.9665017], [121.4401683, 24.9665128], [121.4402546, 24.9664966], [121.4403523, 24.96647], [121.4404158, 24.9664508], [121.440463, 24.9664213], [121.44052, 24.9663505], [121.4405607, 24.966284], [121.4405933, 24.9661969], [121.4405868, 24.9661479], [121.440569, 24.9660799], [121.4405629, 24.9660125]]}}, {"type": "Feature", "properties": {"county": "新北市", "district": "土城區", "highway": "residential", "name": null}, "geometry": {"type": "LineString", "coordinates": [[121.4403532, 24.9667269], [121.4402697, 24.9668653], [121.4402224, 24.9669577], [121.4401241, 24.9672991], [121.4400332, 24.9674129], [121.4396784, 24.9676603], [121.4395838, 24.9677411], [121.4394291, 24.9678714], [121.4393964, 24.9678945]]}}, {"type": "Feature", "properties": {"county": "新北市", "district": "土城區", "highway": "residential", "name": "員林街"}, "geometry": {"type": "LineString", "coordinates": [[121.4442633, 24.9772529], [121.4439591, 24.9774389], [121.4436799, 24.9776104], [121.4433869, 24.9777742], [121.4431847, 24.9778649], [121.4427059, 24.978053], [121.4425113, 24.9781207], [121.4423226, 24.9781917], [121.4422431, 24.9782617]]}}, {"type": "Feature", "properties": {"county": "新北市", "district": "土城區", "highway": "unclassified", "name": null}, "geometry": {"type": "LineString", "coordinates": [[121.4722711, 24.9645386], [121.472661, 24.9646588], [121.4729539, 24.9647981], [121.4731075, 24.9648285], [121.4732756, 24.9648068], [121.4734868, 24.9647371], [121.4736789, 24.9647589], [121.4739766, 24.9648503], [121.4741974, 24.9649112], [121.4745671, 24.9649809]]}}, {"type": "Feature", "properties": {"county": "新北市", "district": "土城區", "highway": "residential", "name": "忠義路55巷"}, "geometry": {"type": "LineString", "coordinates": [[121.4405758, 24.9684719], [121.4406175, 24.9685064], [121.4407357, 24.9685691], [121.4408539, 24.9686034], [121.4409653, 24.9686257], [121.441108, 24.9686418], [121.4412061, 24.9686236], [121.4412574, 24.9685873], [121.4412931, 24.9685105], [121.4413243, 24.9684579], [121.4413823, 24.9683952], [121.4414332, 24.9683631], [121.4414848, 24.9683306], [121.4416453, 24.9682356], [121.4417925, 24.9681648], [121.4418505, 24.9681325], [121.4419488, 24.9680877]]}}, {"type": "Feature", "properties": {"county": "新北市", "district": "土城區", "highway": "residential", "name": "中正路56巷"}, "geometry": {"type": "LineString", "coordinates": [[121.4439295, 24.9753864], [121.4439583, 24.9752235], [121.4440383, 24.9748901], [121.4440763, 24.9746935], [121.4440941, 24.9746249], [121.4441399, 24.9744273]]}}, {"type": "Feature", "properties": {"county": "新北市", "district": "土城區", "highway": "unclassified", "name": null}, "geometry": {"type": "LineString", "coordinates": [[121.4569902, 24.9582182], [121.4570147, 24.958113], [121.4569235, 24.9578431], [121.4569131, 24.9577127], [121.4568352, 24.957602], [121.4566187, 24.9574263], [121.4564154, 24.9572828], [121.4561357, 24.9571643], [121.4560022, 24.9570914], [121.455783, 24.9569856], [121.45573, 24.956988], [121.4557095, 24.9570364], [121.4557629, 24.9571103], [121.4558524, 24.9571914], [121.4558963, 24.9572506], [121.4558698, 24.9572795], [121.4558299, 24.9572801], [121.4557578, 24.9572148], [121.455497, 24.957035], [121.4553959, 24.9569367], [121.4551964, 24.9565878], [121.4551258, 24.9563176], [121.4550701, 24.9561753], [121.4549698, 24.9559877], [121.4548528, 24.955712], [121.4548639, 24.9556511], [121.4549735, 24.9555256], [121.454972, 24.9554544], [121.4549262, 24.9552439], [121.4549384, 24.9550821], [121.45492, 24.9550106], [121.4548002, 24.9549088], [121.4547502, 24.9548268], [121.4547821, 24.954783], [121.4548419, 24.9547397], [121.4549595, 24.9547451], [121.4550969, 24.9547486], [121.4551627, 24.9547055], [121.4552751, 24.9545552], [121.4553011, 24.9544664], [121.4552995, 24.9542878], [121.4553605, 24.9541181], [121.4553818, 24.9539385], [121.4554155, 24.9538121], [121.4555116, 24.9536516], [121.4554934, 24.9535308], [121.4554976, 24.9534636], [121.4556874, 24.9534988], [121.4558293, 24.9535493], [121.4559348, 24.953592], [121.4560649, 24.953654]]}}, {"type": "Feature", "properties": {"county": "新北市", "district": "土城區", "highway": "secondary", "name": null}, "geometry": {"type": "LineString", "coordinates": [[121.4433342, 24.9945007], [121.4435343, 24.9944842], [121.4440655, 24.994394]]}}, {"type": "Feature", "properties": {"county": "新北市", "district": "土城區", "highway": "secondary", "name": "環河西路五段"}, "geometry": {"type": "LineString", "coordinates": [[121.4409951, 24.9951156], [121.4410096, 24.9956992], [121.441013, 24.9964713], [121.4410119, 24.9965519], [121.4410085, 24.9967964], [121.4409881, 24.9970962], [121.4409809, 24.9973954], [121.4409654, 24.9978173], [121.4409682, 24.9980463], [121.4409717, 24.9981875]]}}, {"type": "Feature", "properties": {"county": "新北市", "district": "土城區", "highway": "tertiary", "name": "環河西路五段"}, "geometry": {"type": "LineString", "coordinates": [[121.4410027, 24.9947071], [121.4409961, 24.994383], [121.4409729, 24.9940085], [121.4409086, 24.992866], [121.4409037, 24.9927037], [121.4409234, 24.9925744], [121.4410044, 24.9922359]]}}, {"type": "Feature", "properties": {"county": "新北市", "district": "土城區", "highway": "residential", "name": null}, "geometry": {"type": "LineString", "coordinates": [[121.4515138, 24.9961395], [121.4517145, 24.9961849], [121.4518473, 24.9961882]]}}, {"type": "Feature", "properties": {"county": "新北市", "district": "土城區", "highway": "secondary", "name": "浮洲橋"}, "geometry": {"type": "LineString", "coordinates": [[121.4382396, 24.9952537], [121.4355538, 24.9955268]]}}, {"type": "Feature", "properties": {"county": "新北市", "district": "土城區", "highway": "unclassified", "name": null}, "geometry": {"type": "LineString", "coordinates": [[121.444815, 24.9573584], [121.4447982, 24.9572938], [121.4447887, 24.9571723], [121.444699, 24.9570551], [121.4446548, 24.9569762], [121.444617, 24.9566847], [121.4443368, 24.956322]]}}, {"type": "Feature", "properties": {"county": "新北市", "district": "土城區", "highway": "residential", "name": "南天母路65巷"}, "geometry": {"type": "LineString", "coordinates": [[121.4468693, 24.9566533], [121.4469528, 24.9567874], [121.4470108, 24.9569597], [121.4469657, 24.9571144], [121.4467563, 24.9574297], [121.4467016, 24.9575056], [121.446708, 24.9575816]]}}, {"type": "Feature", "properties": {"county": "新北市", "district": "土城區", "highway": "residential", "name": "南天母路91巷"}, "geometry": {"type": "LineString", "coordinates": [[121.4474689, 24.9561517], [121.4475211, 24.956249], [121.4474272, 24.9570126]]}}, {"type": "Feature", "properties": {"county": "新北市", "district": "土城區", "highway": "residential", "name": "南天母路97巷"}, "geometry": {"type": "LineString", "coordinates": [[121.4478937, 24.9557642], [121.4479585, 24.9558403], [121.4479286, 24.956221], [121.4478333, 24.9571317]]}}, {"type": "Feature", "properties": {"county": "新北市", "district": "土城區", "highway": "residential", "name": "南天母路111巷"}, "geometry": {"type": "LineString", "coordinates": [[121.4477863, 24.9547952], [121.4483932, 24.9550095], [121.4484796, 24.9551684], [121.4485206, 24.9553217], [121.4484857, 24.9555991], [121.4484147, 24.9559878], [121.4483684, 24.9564048], [121.4483275, 24.9567956], [121.4482474, 24.9575611]]}}, {"type": "Feature", "properties": {"county": "新北市", "district": "土城區", "highway": "residential", "name": "南天母路111巷30弄"}, "geometry": {"type": "LineString", "coordinates": [[121.4483275, 24.9567956], [121.4488001, 24.9568452], [121.4487827, 24.9569205]]}}, {"type": "Feature", "properties": {"county": "新北市", "district": "土城區", "highway": "residential", "name": "南天母路111巷26弄"}, "geometry": {"type": "LineString", "coordinates": [[121.4483684, 24.9564048], [121.449381, 24.9564867]]}}, {"type": "Feature", "properties": {"county": "新北市", "district": "土城區", "highway": "residential", "name": "南天母路111巷24弄"}, "geometry": {"type": "LineString", "coordinates": [[121.4484147, 24.9559878], [121.4494583, 24.9560867], [121.4495276, 24.9561333], [121.4495308, 24.9562855], [121.4494548, 24.9564635], [121.449381, 24.9564867]]}}, {"type": "Feature", "properties": {"county": "新北市", "district": "土城區", "highway": "residential", "name": null}, "geometry": {"type": "LineString", "coordinates": [[121.4459728, 24.9551234], [121.4459291, 24.954456], [121.4459493, 24.9543998], [121.4461565, 24.9542413], [121.4462175, 24.9542114], [121.4462775, 24.9543331]]}}, {"type": "Feature", "properties": {"county": "新北市", "district": "土城區", "highway": "residential", "name": "承天路107巷"}, "geometry": {"type": "LineString", "coordinates": [[121.4464465, 24.954278], [121.4465143, 24.9544146], [121.4465518, 24.954928]]}}, {"type": "Feature", "properties": {"county": "新北市", "district": "土城區", "highway": "residential", "name": "順風路"}, "geometry": {"type": "LineString", "coordinates": [[121.4404543, 24.9776248], [121.4400589, 24.9771394], [121.4408833, 24.976615]]}}, {"type": "Feature", "properties": {"county": "新北市", "district": "土城區", "highway": "primary", "name": "中央路一段"}, "geometry": {"type": "LineString", "coordinates": [[121.4482042, 24.9906784], [121.4485628, 24.9911093], [121.4489073, 24.9915466], [121.449701, 24.9927451], [121.4498209, 24.9929179], [121.4498998, 24.9930163]]}}, {"type": "Feature", "properties": {"county": "新北市", "district": "土城區", "highway": "primary", "name": "中央路一段"}, "geometry": {"type": "LineString", "coordinates": [[121.4495925, 24.9928021], [121.4493062, 24.992379], [121.4489625, 24.9918842], [121.4487369, 24.9915668], [121.4486113, 24.9914069], [121.4485344, 24.991309], [121.4484104, 24.9911512], [121.4481609, 24.9908491], [121.4479398, 24.9906079]]}}, {"type": "Feature", "properties": {"county": "新北市", "district": "土城區", "highway": "residential", "name": "四川路二段130巷"}, "geometry": {"type": "LineString", "coordinates": [[121.4502362, 24.9936355], [121.4500263, 24.9937842], [121.4499802, 24.9938173], [121.4496809, 24.9940322], [121.4495548, 24.9941228]]}}, {"type": "Feature", "properties": {"county": "新北市", "district": "土城區", "highway": "unclassified", "name": "延壽路"}, "geometry": {"type": "LineString", "coordinates": [[121.4717187, 24.9898019], [121.4716632, 24.9899105], [121.4715046, 24.9901637], [121.4712875, 24.9905195], [121.4711462, 24.9908222], [121.4710946, 24.9909468], [121.4708422, 24.9914852], [121.4708194, 24.9915562], [121.4707907, 24.9916055], [121.4707278, 24.9916543], [121.4703059, 24.9918844], [121.4698448, 24.9921196], [121.4697862, 24.9921458], [121.4697435, 24.9921703], [121.4693618, 24.9924108], [121.4692461, 24.992535], [121.4691491, 24.9928766], [121.4690947, 24.9931869], [121.4690957, 24.9933264], [121.4691126, 24.9934138], [121.469133, 24.9936073], [121.4691489, 24.9937396], [121.469147, 24.9939123], [121.4691226, 24.9940126], [121.4690814, 24.9941823], [121.4690581, 24.9942782], [121.4689709, 24.9947366]]}}, {"type": "Feature", "properties": {"county": "新北市", "district": "土城區", "highway": "residential", "name": "峯廷街"}, "geometry": {"type": "LineString", "coordinates": [[121.4683139, 24.9881323], [121.4683841, 24.9881201], [121.4684326, 24.9880541], [121.4686118, 24.9877859], [121.4687633, 24.9875587], [121.4689939, 24.9872104], [121.4693875, 24.98661], [121.4695954, 24.9862853], [121.4698438, 24.9859248]]}}, {"type": "Feature", "properties": {"county": "新北市", "district": "土城區", "highway": "secondary", "name": "金城路一段"}, "geometry": {"type": "LineString", "coordinates": [[121.4469187, 24.9757215], [121.4467958, 24.9756042], [121.446372, 24.9752072], [121.4460799, 24.974922], [121.4459849, 24.9748292], [121.445904, 24.9747502], [121.4458542, 24.9746932], [121.4457772, 24.9746091], [121.4449742, 24.9738135], [121.4447351, 24.973574], [121.4446681, 24.9735099], [121.4444395, 24.9732909], [121.4441011, 24.9729303], [121.4438222, 24.9726331], [121.4436913, 24.9724721], [121.4435496, 24.9722978], [121.4433892, 24.972083], [121.4433062, 24.971972], [121.4430017, 24.9715832], [121.4422644, 24.9706491], [121.4419603, 24.9702639], [121.4417114, 24.9700641], [121.4414514, 24.9698677], [121.4413908, 24.9698324], [121.4412017, 24.9697222], [121.4411258, 24.9696927], [121.441015, 24.9696467]]}}, {"type": "Feature", "properties": {"county": "新北市", "district": "土城區", "highway": "secondary", "name": "金城路三段"}, "geometry": {"type": "LineString", "coordinates": [[121.4753908, 24.9913977], [121.4752955, 24.9913554], [121.4743772, 24.9909813], [121.4740591, 24.9908517], [121.4737199, 24.9907343], [121.4728651, 24.9903961], [121.4728281, 24.9903815], [121.4727813, 24.990363], [121.4722685, 24.9901601], [121.4722157, 24.9901383], [121.4721069, 24.9900935], [121.4716632, 24.9899105], [121.4715303, 24.9898537], [121.4705119, 24.9893278], [121.4702029, 24.9891606]]}}, {"type": "Feature", "properties": {"county": "新北市", "district": "土城區", "highway": "secondary", "name": "金城路二段"}, "geometry": {"type": "LineString", "coordinates": [[121.4469956, 24.975649], [121.4471139, 24.9757554], [121.4473923, 24.975966], [121.4477721, 24.9762411], [121.4479916, 24.9764017], [121.4485746, 24.9768282], [121.4496524, 24.9776166], [121.4500897, 24.9779383], [121.4505921, 24.9783206], [121.4510427, 24.9786703]]}}, {"type": "Feature", "properties": {"county": "新北市", "district": "土城區", "highway": "residential", "name": null}, "geometry": {"type": "LineString", "coordinates": [[121.4667414, 24.9833182], [121.4673741, 24.9834367], [121.4676869, 24.983515], [121.4678383, 24.9835655], [121.4680406, 24.983646]]}}, {"type": "Feature", "properties": {"county": "新北市", "district": "土城區", "highway": "unclassified", "name": "壽德街"}, "geometry": {"type": "LineString", "coordinates": [[121.4667369, 24.9942725], [121.4670239, 24.9939612], [121.4673579, 24.9936064], [121.4674491, 24.9935175]]}}, {"type": "Feature", "properties": {"county": "新北市", "district": "土城區", "highway": "tertiary", "name": "廣權路"}, "geometry": {"type": "LineString", "coordinates": [[121.4667369, 24.9942725], [121.4664008, 24.9939518], [121.4662047, 24.9937861], [121.4658372, 24.9934928], [121.4658156, 24.9934736], [121.4657699, 24.993433], [121.4654992, 24.9932644], [121.4651792, 24.993047], [121.4650924, 24.9929912], [121.4645214, 24.9926422], [121.4643493, 24.9925424], [121.4641281, 24.9923933], [121.4636032, 24.9921025], [121.4632034, 24.9918679], [121.4628698, 24.99168], [121.4627528, 24.9916353], [121.4627135, 24.9916203], [121.462531, 24.9915545], [121.462308, 24.991499], [121.4619642, 24.9914886], [121.4617534, 24.9914985], [121.4615989, 24.9915122], [121.4613918, 24.9915331]]}}, {"type": "Feature", "properties": {"county": "新北市", "district": "土城區", "highway": "tertiary", "name": "信義路"}, "geometry": {"type": "LineString", "coordinates": [[121.4590669, 24.9917596], [121.4591829, 24.9916441], [121.4593923, 24.9914725], [121.4598719, 24.9910424], [121.4600712, 24.9908252], [121.4601559, 24.9906942], [121.4603119, 24.9904495], [121.4604088, 24.9902019], [121.4604273, 24.9901448]]}}, {"type": "Feature", "properties": {"county": "新北市", "district": "土城區", "highway": "tertiary", "name": "信義路"}, "geometry": {"type": "LineString", "coordinates": [[121.4591327, 24.9918034], [121.4590012, 24.9919371], [121.4586472, 24.9923452], [121.4580179, 24.9930307], [121.457782, 24.9932821], [121.4575783, 24.9934992], [121.4574221, 24.9936856], [121.457282, 24.9938771], [121.4572418, 24.9939401], [121.4571986, 24.9940171]]}}, {"type": "Feature", "properties": {"county": "新北市", "district": "土城區", "highway": "tertiary", "name": "信義路"}, "geometry": {"type": "LineString", "coordinates": [[121.4571088, 24.9951882], [121.4570742, 24.9956604], [121.4570476, 24.9960695], [121.4570406, 24.9961769]]}}, {"type": "Feature", "properties": {"county": "新北市", "district": "土城區", "highway": "residential", "name": "國慶路"}, "geometry": {"type": "LineString", "coordinates": [[121.4596428, 24.9956722], [121.4602287, 24.9957789], [121.4607546, 24.9958747], [121.4614243, 24.9960116], [121.4619271, 24.9961074], [121.4622111, 24.9961651], [121.4626617, 24.9962629], [121.4628166, 24.9963107], [121.462922, 24.996375], [121.4631883, 24.9965911], [121.4632778, 24.9966866], [121.46333, 24.9967398], [121.4633663, 24.9967811], [121.4634785, 24.9970051], [121.4635489, 24.9972086], [121.4635505, 24.9973062]]}}, {"type": "Feature", "properties": {"county": "新北市", "district": "土城區", "highway": "residential", "name": "和平路"}, "geometry": {"type": "LineString", "coordinates": [[121.4596182, 24.9944305], [121.4593567, 24.9944193], [121.459126, 24.9943901], [121.4586298, 24.9943196], [121.4571986, 24.9940171]]}}, {"type": "Feature", "properties": {"county": "新北市", "district": "土城區", "highway": "residential", "name": "國慶路"}, "geometry": {"type": "LineString", "coordinates": [[121.4571088, 24.9951882], [121.4588225, 24.9955286], [121.4596428, 24.9956722]]}}, {"type": "Feature", "properties": {"county": "新北市", "district": "土城區", "highway": "unclassified", "name": "石門路"}, "geometry": {"type": "LineString", "coordinates": [[121.4595601, 24.9695367], [121.4594742, 24.9693446], [121.4594719, 24.9691586], [121.4594715, 24.9691221], [121.4594031, 24.9684619], [121.4593399, 24.9681796], [121.4593424, 24.9679011]]}}, {"type": "Feature", "properties": {"county": "新北市", "district": "土城區", "highway": "residential", "name": "學海街"}, "geometry": {"type": "LineString", "coordinates": [[121.4449901, 24.9774299], [121.4453775, 24.9776047], [121.4455568, 24.9776908], [121.4462025, 24.9780244], [121.4468676, 24.9783633], [121.4477562, 24.9788872], [121.4482414, 24.9792227], [121.4484536, 24.9793767], [121.4487191, 24.9795938], [121.4492988, 24.9801438], [121.4493385, 24.9801841], [121.4493732, 24.9802251], [121.4497806, 24.9806458], [121.4502308, 24.9811249]]}}, {"type": "Feature", "properties": {"county": "新北市", "district": "土城區", "highway": "residential", "name": null}, "geometry": {"type": "LineString", "coordinates": [[121.4491101, 24.9807158], [121.4490184, 24.98113], [121.4490048, 24.9814296], [121.4490358, 24.9816458]]}}, {"type": "Feature", "properties": {"county": "新北市", "district": "土城區", "highway": "motorway", "name": "福爾摩沙高速公路"}, "geometry": {"type": "LineString", "coordinates": [[121.4390532, 24.9637131], [121.4389579, 24.9636392], [121.4381098, 24.9629588], [121.437546, 24.962595], [121.4370493, 24.9623018], [121.4365362, 24.9620078], [121.4357614, 24.9615912], [121.4349338, 24.9612166]]}}, {"type": "Feature", "properties": {"county": "新北市", "district": "土城區", "highway": "motorway", "name": "福爾摩沙高速公路"}, "geometry": {"type": "LineString", "coordinates": [[121.4575652, 24.9750409], [121.4584972, 24.9750185], [121.4591119, 24.9750317], [121.4596412, 24.9750881], [121.4603171, 24.9752245], [121.4607855, 24.9753377], [121.4612655, 24.9754576], [121.4619831, 24.9756577], [121.4622847, 24.9757682], [121.4627636, 24.9759663], [121.4631787, 24.9761359], [121.4638108, 24.9764537], [121.4644495, 24.9768169], [121.4650844, 24.9772178], [121.4654694, 24.9774946], [121.4656292, 24.9776129], [121.4660717, 24.9779407], [121.467598, 24.9791674], [121.4696038, 24.9808128], [121.4705437, 24.9815616], [121.4725714, 24.9832338], [121.4736791, 24.9841163], [121.4746754, 24.9849817], [121.4755103, 24.9856776], [121.475918, 24.9860422], [121.4763845, 24.9863768], [121.4772549, 24.9870223], [121.4779912, 24.9874927], [121.4787234, 24.9879011], [121.4791591, 24.9881009], [121.4795682, 24.9882658], [121.4799799, 24.9884315]]}}, {"type": "Feature", "properties": {"county": "新北市", "district": "土城區", "highway": "residential", "name": "沙崙街"}, "geometry": {"type": "LineString", "coordinates": [[121.4320005, 24.9941576], [121.4320726, 24.9941488], [121.4323427, 24.9941159]]}}, {"type": "Feature", "properties": {"county": "新北市", "district": "土城區", "highway": "secondary", "name": "篤行路一段"}, "geometry": {"type": "LineString", "coordinates": [[121.4320005, 24.9941576], [121.4320072, 24.9941994], [121.4321097, 24.9948426], [121.4321864, 24.9953158], [121.4322538, 24.9956227], [121.4322864, 24.9956539], [121.4323227, 24.9956711], [121.4323435, 24.9956779], [121.432528, 24.9956977], [121.4326901, 24.9956631]]}}, {"type": "Feature", "properties": {"county": "新北市", "district": "土城區", "highway": "residential", "name": "金門街"}, "geometry": {"type": "LineString", "coordinates": [[121.4333476, 24.9939663], [121.4334541, 24.9945067], [121.4334779, 24.9948043], [121.4335042, 24.9951282], [121.4335055, 24.9951848]]}}, {"type": "Feature", "properties": {"county": "新北市", "district": "土城區", "highway": "residential", "name": "金門街"}, "geometry": {"type": "LineString", "coordinates": [[121.4268097, 24.9835896], [121.4268677, 24.9836194], [121.4271526, 24.9837915], [121.4275838, 24.9841159], [121.4280575, 24.9844722], [121.4280783, 24.9844893], [121.4280873, 24.9844967], [121.4283126, 24.9846816], [121.4285403, 24.9849206], [121.4286616, 24.9850478], [121.4288613, 24.9852575], [121.4292305, 24.9856731], [121.4294739, 24.9859474], [121.429656, 24.9861422], [121.4297899, 24.9862785], [121.4300647, 24.9865794], [121.4303865, 24.9869763], [121.4304882, 24.9870936], [121.4306721, 24.9873251], [121.4308498, 24.9875478], [121.4310249, 24.9877639], [121.4310737, 24.9878189], [121.4311148, 24.9878748], [121.4311605, 24.9879386], [121.4318815, 24.9889455], [121.4321612, 24.9894706], [121.4324432, 24.9900001], [121.432553, 24.9903267], [121.4326355, 24.9905722], [121.4327295, 24.9908519], [121.4328287, 24.9911963], [121.4329338, 24.9915616], [121.4329783, 24.9917018], [121.4330536, 24.9920964], [121.4330915, 24.9922949], [121.4331459, 24.992521], [121.433179, 24.9928025], [121.4332552, 24.9934001], [121.4333476, 24.9939663]]}}, {"type": "Feature", "properties": {"county": "新北市", "district": "土城區", "highway": "tertiary", "name": "溪城路"}, "geometry": {"type": "LineString", "coordinates": [[121.4268097, 24.9835896], [121.4261518, 24.9845677], [121.4261011, 24.9846239]]}}, {"type": "Feature", "properties": {"county": "新北市", "district": "土城區", "highway": "tertiary", "name": "城林路"}, "geometry": {"type": "LineString", "coordinates": [[121.4261011, 24.9846239], [121.4260454, 24.9846667]]}}, {"type": "Feature", "properties": {"county": "新北市", "district": "土城區", "highway": "tertiary", "name": "篤行路三段"}, "geometry": {"type": "LineString", "coordinates": [[121.4275882, 24.985794], [121.427898, 24.9860943], [121.4284406, 24.9866836], [121.4289111, 24.9872004], [121.4289241, 24.9872147], [121.4292532, 24.9875944], [121.4294656, 24.9878394]]}}, {"type": "Feature", "properties": {"county": "新北市", "district": "土城區", "highway": "residential", "name": "篤行路三段玉平巷76弄"}, "geometry": {"type": "LineString", "coordinates": [[121.4275882, 24.985794], [121.4276278, 24.9857582], [121.4279393, 24.9854665]]}}, {"type": "Feature", "properties": {"county": "新北市", "district": "土城區", "highway": "residential", "name": "溪崑二街"}, "geometry": {"type": "LineString", "coordinates": [[121.4286729, 24.9914077], [121.4284453, 24.9910974], [121.4282174, 24.9907867], [121.4280612, 24.9905737], [121.4279306, 24.9903844], [121.4278246, 24.9902441], [121.4275693, 24.9899133], [121.4271842, 24.9894584], [121.426889, 24.9891139], [121.4267907, 24.989007], [121.4265621, 24.9887275], [121.4263816, 24.9885109], [121.4261907, 24.9882758], [121.4260537, 24.9881036], [121.4259772, 24.9879824], [121.425905, 24.9878256], [121.4258742, 24.9877611], [121.4258626, 24.9876751], [121.4258568, 24.9875278]]}}, {"type": "Feature", "properties": {"county": "新北市", "district": "土城區", "highway": "tertiary", "name": "板林路"}, "geometry": {"type": "LineString", "coordinates": [[121.4279537, 24.9917687], [121.4282088, 24.9919526], [121.4284474, 24.9922188], [121.4286711, 24.9924919], [121.428694, 24.9925199]]}}, {"type": "Feature", "properties": {"county": "新北市", "district": "土城區", "highway": "residential", "name": "學士路"}, "geometry": {"type": "LineString", "coordinates": [[121.4500805, 24.9795635], [121.4500144, 24.9794975], [121.4488976, 24.9785336], [121.4482285, 24.9780799], [121.4479892, 24.9779295], [121.4474018, 24.9775604], [121.4473272, 24.9775207], [121.4465897, 24.9771687], [121.4458968, 24.9768816], [121.4451555, 24.9765625]]}}, {"type": "Feature", "properties": {"county": "新北市", "district": "土城區", "highway": "tertiary", "name": "明德路二段"}, "geometry": {"type": "LineString", "coordinates": [[121.4515407, 24.9809917], [121.4524002, 24.9801857], [121.4524454, 24.9801432], [121.4525164, 24.9800775]]}}, {"type": "Feature", "properties": {"county": "新北市", "district": "土城區", "highway": "tertiary", "name": "中央路一段"}, "geometry": {"type": "LineString", "coordinates": [[121.4471433, 24.9889409], [121.4470748, 24.9888263], [121.4469576, 24.9886447], [121.4468623, 24.9884926], [121.446569, 24.9880247], [121.4460932, 24.987222], [121.4460816, 24.987191], [121.4460684, 24.9871678], [121.4459886, 24.9870267], [121.4458662, 24.9868514], [121.445775, 24.9867012], [121.4457312, 24.9866268], [121.4456241, 24.9864467], [121.4454631, 24.9862001], [121.4452499, 24.985868], [121.4452186, 24.9858001], [121.4451538, 24.9856906], [121.4450353, 24.9854902], [121.4449483, 24.985343], [121.4446974, 24.9849541], [121.4446658, 24.984905], [121.4445686, 24.9847543], [121.4444515, 24.9846092], [121.4443493, 24.9844237]]}}, {"type": "Feature", "properties": {"county": "新北市", "district": "土城區", "highway": "tertiary", "name": "中央路二段"}, "geometry": {"type": "LineString", "coordinates": [[121.4422431, 24.9782617], [121.4420727, 24.9775876], [121.4420468, 24.977476], [121.4420357, 24.9774056], [121.4419984, 24.9769319], [121.4419987, 24.9766853], [121.4419999, 24.9764262], [121.4420059, 24.9761682], [121.4420071, 24.9760338], [121.4420083, 24.9758991], [121.4420096, 24.975716], [121.4420065, 24.9749064]]}}, {"type": "Feature", "properties": {"county": "新北市", "district": "土城區", "highway": "tertiary", "name": "中華路"}, "geometry": {"type": "LineString", "coordinates": [[121.4198391, 24.9814674], [121.4199437, 24.9815201]]}}, {"type": "Feature", "properties": {"county": "新北市", "district": "土城區", "highway": "tertiary", "name": "八德街"}, "geometry": {"type": "LineString", "coordinates": [[121.4198391, 24.9814674], [121.41988, 24.9813991], [121.419888, 24.981388], [121.4203657, 24.9806807], [121.4204485, 24.9805992], [121.420489, 24.9805593], [121.4205642, 24.9805341]]}}, {"type": "Feature", "properties": {"county": "新北市", "district": "土城區", "highway": "tertiary", "name": "員福街"}, "geometry": {"type": "LineString", "coordinates": [[121.439663, 24.9795048], [121.4398023, 24.9794344]]}}, {"type": "Feature", "properties": {"county": "新北市", "district": "土城區", "highway": "tertiary", "name": "員福街"}, "geometry": {"type": "LineString", "coordinates": [[121.4398023, 24.9794344], [121.4405377, 24.9790787], [121.4415561, 24.9785919], [121.4422431, 24.9782617]]}}, {"type": "Feature", "properties": {"county": "新北市", "district": "土城區", "highway": "tertiary", "name": "大安路"}, "geometry": {"type": "LineString", "coordinates": [[121.4251816, 25.000965], [121.4251375, 25.000909], [121.4241444, 24.9998195], [121.4240553, 24.9997211], [121.4231676, 24.9987406], [121.4224772, 24.9979977], [121.4223196, 24.9978282], [121.4222267, 24.9977231], [121.4211026, 24.9964502], [121.4208847, 24.9962007], [121.4207861, 24.9960875]]}}, {"type": "Feature", "properties": {"county": "新北市", "district": "土城區", "highway": "tertiary", "name": "大安路"}, "geometry": {"type": "LineString", "coordinates": [[121.4150329, 24.9881665], [121.4142547, 24.9867415], [121.4142236, 24.9866953], [121.4139911, 24.9862944], [121.4139604, 24.9862477], [121.4139047, 24.9861317], [121.4136847, 24.9857301], [121.4129562, 24.9847828], [121.41292, 24.9847376], [121.4128636, 24.9846673], [121.4125806, 24.9843583], [121.4118003, 24.9835593], [121.4115794, 24.9832908], [121.4114985, 24.9831778], [121.4114573, 24.9831236]]}}, {"type": "Feature", "properties": {"county": "新北市", "district": "土城區", "highway": "tertiary", "name": "裕民路"}, "geometry": {"type": "LineString", "coordinates": [[121.4553701, 24.9821532], [121.4556625, 24.9818745], [121.4557288, 24.9818089], [121.455906, 24.9816152]]}}, {"type": "Feature", "properties": {"county": "新北市", "district": "土城區", "highway": "residential", "name": "和平路"}, "geometry": {"type": "LineString", "coordinates": [[121.443605, 24.9721604], [121.4436188, 24.9720529], [121.4437014, 24.9717123], [121.4437967, 24.9714038], [121.4438802, 24.9712033], [121.4439279, 24.9711344], [121.4440003, 24.9711102], [121.4444246, 24.9711197], [121.445092, 24.97114], [121.4455954, 24.9711166]]}}, {"type": "Feature", "properties": {"county": "新北市", "district": "土城區", "highway": "residential", "name": "忠義路"}, "geometry": {"type": "LineString", "coordinates": [[121.4423726, 24.9678244], [121.4422605, 24.967668], [121.4416136, 24.9667281], [121.4415774, 24.9666617], [121.4415771, 24.9666143], [121.4416207, 24.9665413]]}}, {"type": "Feature", "properties": {"county": "新北市", "district": "土城區", "highway": "residential", "name": "忠義路"}, "geometry": {"type": "LineString", "coordinates": [[121.4420029, 24.9662956], [121.4422482, 24.9661391], [121.4422751, 24.9661219], [121.4423, 24.9660372], [121.4422799, 24.9658424], [121.4422968, 24.965737], [121.4423911, 24.9656881], [121.4425192, 24.9656311], [121.4426279, 24.9655435], [121.4426996, 24.9654], [121.4427168, 24.9652823], [121.4427933, 24.9652371], [121.4428744, 24.9652061], [121.4431005, 24.9649763], [121.4432601, 24.9647465], [121.443354, 24.964569], [121.4434858, 24.9644788], [121.443582, 24.9643866], [121.4436187, 24.9641283], [121.44358, 24.9639881], [121.443558, 24.963925], [121.4435365, 24.9638632], [121.4435462, 24.9637734], [121.4436187, 24.963677], [121.443713, 24.9636069], [121.4437516, 24.9635762], [121.443826, 24.9634808], [121.4438522, 24.9633252], [121.4438783, 24.9632784], [121.4439883, 24.9632425], [121.4441769, 24.9632344], [121.4443606, 24.963195], [121.4444379, 24.9631183], [121.4445128, 24.962965], [121.4445781, 24.9627306], [121.4446119, 24.9626342], [121.4446544, 24.9625621]]}}, {"type": "Feature", "properties": {"county": "新北市", "district": "土城區", "highway": "unclassified", "name": "和平路"}, "geometry": {"type": "LineString", "coordinates": [[121.4467248, 24.9675057], [121.4468545, 24.9678416], [121.4469197, 24.9679971], [121.4471175, 24.9684207], [121.4472395, 24.968648], [121.4477881, 24.9697947]]}}, {"type": "Feature", "properties": {"county": "新北市", "district": "土城區", "highway": "unclassified", "name": "和平路"}, "geometry": {"type": "LineString", "coordinates": [[121.4488103, 24.9691637], [121.4486641, 24.9692795], [121.4477881, 24.9697947], [121.4474088, 24.9700405], [121.4472908, 24.9701062], [121.4470072, 24.9702766], [121.4461254, 24.9708012], [121.4455954, 24.9711166]]}}, {"type": "Feature", "properties": {"county": "新北市", "district": "土城區", "highway": "residential", "name": "慶祥街96巷"}, "geometry": {"type": "LineString", "coordinates": [[121.4357328, 24.9729353], [121.4354266, 24.973135]]}}, {"type": "Feature", "properties": {"county": "新北市", "district": "土城區", "highway": "residential", "name": "亞洲路11巷"}, "geometry": {"type": "LineString", "coordinates": [[121.4342779, 24.9722919], [121.4343278, 24.9722485], [121.4346424, 24.9719856], [121.4347761, 24.9718738]]}}, {"type": "Feature", "properties": {"county": "新北市", "district": "土城區", "highway": "residential", "name": null}, "geometry": {"type": "LineString", "coordinates": [[121.4353095, 24.9732132], [121.4352464, 24.9732572]]}}, {"type": "Feature", "properties": {"county": "新北市", "district": "土城區", "highway": "residential", "name": null}, "geometry": {"type": "LineString", "coordinates": [[121.4354266, 24.973135], [121.4353095, 24.9732132]]}}, {"type": "Feature", "properties": {"county": "新北市", "district": "土城區", "highway": "unclassified", "name": "千歲路"}, "geometry": {"type": "LineString", "coordinates": [[121.441015, 24.9696467], [121.4409497, 24.9697006], [121.4406336, 24.9699616], [121.440451, 24.9701306], [121.4403796, 24.970179], [121.4401385, 24.9703921], [121.4400668, 24.9704414], [121.4399671, 24.970509], [121.4398254, 24.9705788], [121.4396216, 24.9707115]]}}, {"type": "Feature", "properties": {"county": "新北市", "district": "土城區", "highway": "secondary", "name": "金城路一段"}, "geometry": {"type": "LineString", "coordinates": [[121.4411073, 24.9695363], [121.4411994, 24.9695831], [121.4415189, 24.9697534], [121.441835, 24.9699881], [121.4420301, 24.970165], [121.4420811, 24.9702239], [121.4421861, 24.9703522], [121.442443, 24.9706661], [121.442827, 24.9711673], [121.4434905, 24.9720147], [121.443605, 24.9721604]]}}, {"type": "Feature", "properties": {"county": "新北市", "district": "土城區", "highway": "tertiary", "name": "中華路"}, "geometry": {"type": "LineString", "coordinates": [[121.4203137, 24.9817728], [121.4200149, 24.9816244], [121.4199892, 24.9816116], [121.4199765, 24.9816063], [121.4199069, 24.9815754]]}}, {"type": "Feature", "properties": {"county": "新北市", "district": "土城區", "highway": "tertiary", "name": "中華路"}, "geometry": {"type": "LineString", "coordinates": [[121.4190816, 24.9811541], [121.4190074, 24.9811161], [121.4186602, 24.9809382], [121.4180218, 24.9806327], [121.4179584, 24.9806024], [121.4179087, 24.9805798], [121.417875, 24.9805645], [121.4178143, 24.9805361], [121.4175247, 24.9804091], [121.4172999, 24.980339], [121.4172256, 24.9803151], [121.4169258, 24.9802573], [121.4165684, 24.9802137], [121.4162484, 24.9802149], [121.4160101, 24.9802324], [121.4159762, 24.9802327], [121.4159197, 24.9802332]]}}, {"type": "Feature", "properties": {"county": "新北市", "district": "土城區", "highway": "tertiary", "name": "太平路"}, "geometry": {"type": "LineString", "coordinates": [[121.4190816, 24.9811541], [121.419075, 24.9811939], [121.4190329, 24.9814502], [121.4190307, 24.9815502], [121.4190232, 24.9818906], [121.419021, 24.981992], [121.4190617, 24.9823577], [121.4190767, 24.982414], [121.419089, 24.982477]]}}, {"type": "Feature", "properties": {"county": "新北市", "district": "土城區", "highway": "tertiary", "name": "中華路"}, "geometry": {"type": "LineString", "coordinates": [[121.4190932, 24.9810916], [121.4191358, 24.9811131], [121.4191521, 24.9811213], [121.4197427, 24.9814177], [121.419759, 24.9814276], [121.4197793, 24.9814379], [121.4198391, 24.9814674]]}}, {"type": "Feature", "properties": {"county": "新北市", "district": "土城區", "highway": "tertiary", "name": "太平路"}, "geometry": {"type": "LineString", "coordinates": [[121.4190932, 24.9810916], [121.4190816, 24.9811541]]}}, {"type": "Feature", "properties": {"county": "新北市", "district": "土城區", "highway": "tertiary", "name": "中華路"}, "geometry": {"type": "LineString", "coordinates": [[121.4159197, 24.9802332], [121.4158554, 24.9802375], [121.415798, 24.9802413], [121.415072, 24.9802885], [121.4150556, 24.9802884], [121.4150017, 24.980288], [121.414929, 24.9802952], [121.4149151, 24.9802962], [121.4140561, 24.9803611], [121.4138497, 24.9803767], [121.4138382, 24.9803774], [121.413744, 24.9803833]]}}, {"type": "Feature", "properties": {"county": "新北市", "district": "土城區", "highway": "residential", "name": "東華街"}, "geometry": {"type": "LineString", "coordinates": [[121.4159197, 24.9802332], [121.4158999, 24.9802685], [121.4158948, 24.9802775], [121.4155539, 24.9808637], [121.4153791, 24.9811642], [121.4151824, 24.9815025], [121.4150114, 24.9817965], [121.4149049, 24.9819797], [121.414516, 24.9826484], [121.4142463, 24.9831123]]}}, {"type": "Feature", "properties": {"county": "新北市", "district": "土城區", "highway": "tertiary", "name": "中華路"}, "geometry": {"type": "LineString", "coordinates": [[121.4159426, 24.9801669], [121.4159797, 24.9801637], [121.4160444, 24.9801581], [121.4162376, 24.980147], [121.4166334, 24.9801444], [121.4170785, 24.9802135], [121.4172445, 24.9802415], [121.4174267, 24.9802951], [121.4175608, 24.9803345], [121.4176678, 24.9803813], [121.4178404, 24.9804656], [121.4178516, 24.980471], [121.4179118, 24.9805003], [121.4179507, 24.980519], [121.4179915, 24.9805386], [121.4186856, 24.9808871], [121.419011, 24.9810504], [121.4190932, 24.9810916]]}}, {"type": "Feature", "properties": {"county": "新北市", "district": "土城區", "highway": "secondary", "name": "中山路一段"}, "geometry": {"type": "LineString", "coordinates": [[121.4233004, 24.9912645], [121.4232806, 24.9912319], [121.4230138, 24.990792], [121.4228488, 24.9905105], [121.4225773, 24.9900475], [121.4225438, 24.9899903], [121.4223915, 24.9897307], [121.4223767, 24.9897053], [121.4220629, 24.9891703], [121.4220214, 24.9890984], [121.4218388, 24.9887781], [121.4217977, 24.9887061], [121.4217609, 24.9886551], [121.4217259, 24.9885953], [121.4217118, 24.9885713], [121.4212736, 24.987824], [121.4211447, 24.9876041], [121.4207558, 24.9869407], [121.4207435, 24.9869197], [121.4207082, 24.9868623]]}}, {"type": "Feature", "properties": {"county": "新北市", "district": "土城區", "highway": "tertiary", "name": "學府路一段"}, "geometry": {"type": "LineString", "coordinates": [[121.452619, 24.9854966], [121.4525061, 24.985408], [121.4524308, 24.9853404], [121.4521236, 24.9850646], [121.4520661, 24.9850129], [121.452044, 24.9849931], [121.4519967, 24.98495], [121.4519754, 24.9849305], [121.4518201, 24.9847889], [121.4515781, 24.9845682], [121.4515026, 24.9844994], [121.451432, 24.984435], [121.4514128, 24.9844175], [121.451363, 24.9843742], [121.4513397, 24.9843539], [121.4512979, 24.9843175], [121.4511084, 24.9841524], [121.451077, 24.984125], [121.4509716, 24.9840333], [121.4509094, 24.9839641], [121.4505632, 24.9836021], [121.4503077, 24.9833644], [121.4502742, 24.9833276], [121.4501897, 24.983225], [121.4501747, 24.9832075], [121.4501557, 24.9831853], [121.4500626, 24.9830729], [121.4498551, 24.9827922], [121.44975, 24.9826407], [121.4496622, 24.982526], [121.4495826, 24.9824277]]}}, {"type": "Feature", "properties": {"county": "新北市", "district": "土城區", "highway": "tertiary", "name": "裕民路"}, "geometry": {"type": "LineString", "coordinates": [[121.452619, 24.9854966], [121.4530812, 24.9849854], [121.4532618, 24.9847605], [121.4533883, 24.9845766], [121.4534591, 24.9844563], [121.4535323, 24.9843298], [121.4536153, 24.9841857], [121.4537189, 24.9840411], [121.4537796, 24.9839411], [121.4538934, 24.9837535], [121.4541155, 24.9834516], [121.4541952, 24.98336], [121.4543216, 24.983236], [121.4544585, 24.9830855], [121.4546033, 24.9829262], [121.454619, 24.9829089], [121.4548338, 24.9826764], [121.4550112, 24.9825038], [121.455309, 24.9822131]]}}, {"type": "Feature", "properties": {"county": "新北市", "district": "土城區", "highway": "tertiary", "name": "青雲路"}, "geometry": {"type": "LineString", "coordinates": [[121.4590576, 24.9814731], [121.4591364, 24.9820016], [121.4591918, 24.98253], [121.4592064, 24.9826118], [121.4592111, 24.982684], [121.4592166, 24.9827693], [121.4591947, 24.9829679], [121.4591349, 24.9833114], [121.4590484, 24.9835744], [121.4589596, 24.9837873], [121.4587404, 24.9842101], [121.4587472, 24.9842695]]}}, {"type": "Feature", "properties": {"county": "新北市", "district": "土城區", "highway": "secondary", "name": "篤行路一段"}, "geometry": {"type": "LineString", "coordinates": [[121.4324511, 24.9959834], [121.4323667, 24.9959699], [121.4322915, 24.9959238], [121.4322125, 24.9958283], [121.432197, 24.995797], [121.432175, 24.9957479], [121.4321635, 24.9957042], [121.4321097, 24.9953241], [121.4319972, 24.9946649], [121.4319588, 24.9944354], [121.4319204, 24.9942058], [121.4319149, 24.994169]]}}, {"type": "Feature", "properties": {"county": "新北市", "district": "土城區", "highway": "residential", "name": "金城路三段33巷"}, "geometry": {"type": "LineString", "coordinates": [[121.4648864, 24.9876813], [121.4649144, 24.9876454], [121.4652533, 24.9871512], [121.4655996, 24.9866709]]}}, {"type": "Feature", "properties": {"county": "新北市", "district": "土城區", "highway": "tertiary", "name": "立德路"}, "geometry": {"type": "LineString", "coordinates": [[121.4628786, 24.9877852], [121.4621973, 24.9879599], [121.4615747, 24.9881129], [121.4613601, 24.9881657], [121.4604799, 24.9883017], [121.4600974, 24.9883316], [121.4599184, 24.9883575]]}}, {"type": "Feature", "properties": {"county": "新北市", "district": "土城區", "highway": "tertiary_link", "name": "新洲路"}, "geometry": {"type": "LineString", "coordinates": [[121.4372571, 24.9782016], [121.4373743, 24.9781312], [121.4374142, 24.9780716], [121.4374402, 24.9780106], [121.4374165, 24.9779389], [121.4372858, 24.9777446]]}}, {"type": "Feature", "properties": {"county": "新北市", "district": "土城區", "highway": "tertiary_link", "name": "新洲路"}, "geometry": {"type": "LineString", "coordinates": [[121.437007, 24.9774442], [121.436883, 24.9772825], [121.4368006, 24.9770962], [121.4367461, 24.9768048], [121.4367476, 24.9765249], [121.4368346, 24.9761727], [121.4369288, 24.9757628], [121.4369574, 24.9755618], [121.4370306, 24.9754519]]}}, {"type": "Feature", "properties": {"county": "新北市", "district": "土城區", "highway": "tertiary_link", "name": "新洲路"}, "geometry": {"type": "LineString", "coordinates": [[121.4370306, 24.9754519], [121.4371037, 24.9755403], [121.4370815, 24.9757714], [121.4370463, 24.9760173], [121.4370034, 24.9763136], [121.4369547, 24.9766661], [121.4369467, 24.9768206], [121.4369587, 24.9769908], [121.4370023, 24.977192], [121.4370741, 24.9774514], [121.437234, 24.9776469], [121.4372858, 24.9777446]]}}, {"type": "Feature", "properties": {"county": "新北市", "district": "土城區", "highway": "tertiary_link", "name": null}, "geometry": {"type": "LineString", "coordinates": [[121.4381226, 24.9798041], [121.4381858, 24.979847], [121.4382687, 24.9799114], [121.4383222, 24.9799594], [121.4384225, 24.9799845], [121.4385496, 24.9799988]]}}, {"type": "Feature", "properties": {"county": "新北市", "district": "土城區", "highway": "tertiary_link", "name": null}, "geometry": {"type": "LineString", "coordinates": [[121.4385496, 24.9799988], [121.4384789, 24.9800988], [121.4384439, 24.9801477], [121.4383804, 24.9802881], [121.4383648, 24.9803696]]}}, {"type": "Feature", "properties": {"county": "新北市", "district": "土城區", "highway": "unclassified", "name": null}, "geometry": {"type": "LineString", "coordinates": [[121.4379836, 24.9795301], [121.4381666, 24.9794555]]}}, {"type": "Feature", "properties": {"county": "新北市", "district": "土城區", "highway": "trunk_link", "name": "土城一交流道"}, "geometry": {"type": "LineString", "coordinates": [[121.4369172, 24.977616], [121.436776, 24.9773889], [121.4366728, 24.9771143], [121.4366312, 24.9768751], [121.4366268, 24.9766799], [121.4366464, 24.9764586], [121.4367403, 24.9762786], [121.4367854, 24.9760976], [121.4367686, 24.9759895], [121.4367355, 24.9759276], [121.436669, 24.9758621], [121.4365521, 24.9758052], [121.4364527, 24.9757946], [121.4363465, 24.9757974]]}}, {"type": "Feature", "properties": {"county": "新北市", "district": "土城區", "highway": "trunk_link", "name": "土城一交流道"}, "geometry": {"type": "LineString", "coordinates": [[121.4366464, 24.9764586], [121.4366813, 24.9762482], [121.436694, 24.9761453], [121.4366682, 24.9760502], [121.4366298, 24.9759886], [121.4365588, 24.9759356], [121.4364659, 24.9758987], [121.4363753, 24.9758957], [121.4362992, 24.9759175], [121.4362487, 24.975952], [121.4361924, 24.9760188], [121.4361688, 24.9760855], [121.4361649, 24.9761322], [121.4361842, 24.9762267], [121.4362345, 24.9763266], [121.436384, 24.9765006]]}}, {"type": "Feature", "properties": {"county": "新北市", "district": "土城區", "highway": "tertiary", "name": "擺接堡路"}, "geometry": {"type": "LineString", "coordinates": [[121.4357513, 24.9758346], [121.4360213, 24.9761706], [121.4363157, 24.976661], [121.4364087, 24.9768663]]}}, {"type": "Feature", "properties": {"county": "新北市", "district": "土城區", "highway": "tertiary", "name": "擺接堡路"}, "geometry": {"type": "LineString", "coordinates": [[121.4404351, 24.9877565], [121.4403412, 24.9874359], [121.4399508, 24.9858166], [121.4396806, 24.9846722], [121.4396096, 24.9843963], [121.4392639, 24.9829874], [121.4390647, 24.9822788]]}}, {"type": "Feature", "properties": {"county": "新北市", "district": "土城區", "highway": "tertiary", "name": "擺接堡路"}, "geometry": {"type": "LineString", "coordinates": [[121.4390647, 24.9822788], [121.439252, 24.9826759], [121.4393683, 24.9829705], [121.4394861, 24.9834062], [121.4395229, 24.9835498], [121.4397295, 24.9843722], [121.4398004, 24.9846537], [121.4400932, 24.9857986], [121.4403041, 24.9866915], [121.4403597, 24.9869833], [121.4404012, 24.9874532], [121.4404351, 24.9877565]]}}, {"type": "Feature", "properties": {"county": "新北市", "district": "土城區", "highway": "tertiary_link", "name": null}, "geometry": {"type": "LineString", "coordinates": [[121.4397295, 24.9843722], [121.4396096, 24.9843963]]}}, {"type": "Feature", "properties": {"county": "新北市", "district": "土城區", "highway": "residential", "name": "四川路二段16巷"}, "geometry": {"type": "LineString", "coordinates": [[121.4559206, 24.9973225], [121.4559625, 24.9962926], [121.4559653, 24.9962233]]}}, {"type": "Feature", "properties": {"county": "新北市", "district": "土城區", "highway": "residential", "name": "和平路24巷"}, "geometry": {"type": "LineString", "coordinates": [[121.4607613, 24.993842], [121.4606765, 24.9938786], [121.4606538, 24.9939071], [121.4604303, 24.9941431], [121.4603136, 24.9944787]]}}, {"type": "Feature", "properties": {"county": "新北市", "district": "土城區", "highway": "residential", "name": "四川路二段245巷"}, "geometry": {"type": "LineString", "coordinates": [[121.4503482, 24.9935632], [121.4505304, 24.9934191], [121.4511143, 24.9930363], [121.4516569, 24.9926805], [121.4521544, 24.9923543], [121.4521891, 24.9923315], [121.4525397, 24.9921013], [121.452729, 24.9919684], [121.4532442, 24.9916067], [121.4533777, 24.9915225]]}}, {"type": "Feature", "properties": {"county": "新北市", "district": "土城區", "highway": "secondary", "name": "金城路二段"}, "geometry": {"type": "LineString", "coordinates": [[121.4587839, 24.9843996], [121.4584088, 24.9842619], [121.4583959, 24.9842571], [121.458176, 24.9841441], [121.4578683, 24.9839637], [121.4577049, 24.9838607], [121.4576295, 24.9838076], [121.4569369, 24.983333], [121.4559143, 24.9826358], [121.4558061, 24.9825621], [121.455309, 24.9822131]]}}, {"type": "Feature", "properties": {"county": "新北市", "district": "土城區", "highway": "tertiary", "name": "廣權路"}, "geometry": {"type": "LineString", "coordinates": [[121.4610936, 24.9914821], [121.4610367, 24.9914628], [121.4608187, 24.9913669], [121.4606685, 24.9912772], [121.4605801, 24.9912117], [121.4601258, 24.9908801], [121.4600712, 24.9908252]]}}, {"type": "Feature", "properties": {"county": "新北市", "district": "土城區", "highway": "unclassified", "name": null}, "geometry": {"type": "LineString", "coordinates": [[121.4472395, 24.968648], [121.4472461, 24.9685601], [121.4472653, 24.9684576], [121.4472995, 24.9683239], [121.4473417, 24.9682424], [121.447507, 24.9681], [121.4475305, 24.9680471]]}}, {"type": "Feature", "properties": {"county": "新北市", "district": "土城區", "highway": "primary", "name": "介壽路三段"}, "geometry": {"type": "LineString", "coordinates": [[121.4042016, 24.9453501], [121.4049834, 24.9461236], [121.405647, 24.9466213], [121.4061691, 24.947007], [121.4063889, 24.9472678], [121.4064661, 24.9473712], [121.4065301, 24.9475004], [121.4066906, 24.9479348], [121.4067608, 24.9481632], [121.4068469, 24.9484005], [121.406913, 24.9485492], [121.4070259, 24.9487373], [121.4070983, 24.9488552], [121.407565, 24.9492711], [121.4077935, 24.9494337]]}}, {"type": "Feature", "properties": {"county": "新北市", "district": "土城區", "highway": "secondary", "name": "安康路三段"}, "geometry": {"type": "LineString", "coordinates": [[121.4755179, 24.9433873], [121.4754463, 24.9432009], [121.4753928, 24.943092], [121.4752734, 24.9430008], [121.4748255, 24.9427734], [121.4747786, 24.9427414], [121.4744628, 24.9425425], [121.4743575, 24.9424536], [121.4739297, 24.9420645], [121.4736386, 24.9418128], [121.4731035, 24.9413896]]}}, {"type": "Feature", "properties": {"county": "新北市", "district": "土城區", "highway": "unclassified", "name": null}, "geometry": {"type": "LineString", "coordinates": [[121.4360427, 24.9422609], [121.4360558, 24.9417623], [121.4360217, 24.9415405]]}}, {"type": "Feature", "properties": {"county": "新北市", "district": "土城區", "highway": "residential", "name": null}, "geometry": {"type": "LineString", "coordinates": [[121.4453997, 24.9442649], [121.4452866, 24.9444144], [121.4450882, 24.9445396], [121.4450191, 24.9446059], [121.4449695, 24.9446837], [121.4449561, 24.9447518], [121.4449602, 24.9448886], [121.4449279, 24.9449628], [121.4448455, 24.9450285], [121.4447495, 24.9450887], [121.4446631, 24.9451312], [121.4445806, 24.9451306], [121.4444619, 24.9450528], [121.4443948, 24.9449701], [121.4442681, 24.9448351], [121.4440788, 24.9446827], [121.4439995, 24.9446345], [121.4439245, 24.9446188], [121.4438373, 24.9446187], [121.4436462, 24.9446764], [121.4434725, 24.9446674], [121.443329, 24.9446393], [121.443262, 24.9446784], [121.4431822, 24.9447423]]}}, {"type": "Feature", "properties": {"county": "新北市", "district": "土城區", "highway": "unclassified", "name": "承天路"}, "geometry": {"type": "LineString", "coordinates": [[121.4478881, 24.9510597], [121.4480142, 24.9509869], [121.4482779, 24.9507221], [121.4483398, 24.9506637], [121.4487105, 24.9502467], [121.4494136, 24.9496095], [121.4494861, 24.9494775]]}}, {"type": "Feature", "properties": {"county": "新北市", "district": "土城區", "highway": "unclassified", "name": "忠義路"}, "geometry": {"type": "LineString", "coordinates": [[121.440751, 24.9670598], [121.4407843, 24.9669912], [121.4408373, 24.9668034], [121.4408695, 24.966505], [121.4408115, 24.9662651], [121.4405629, 24.9660125], [121.4404545, 24.9658941], [121.4404053, 24.9654615], [121.4403813, 24.9652506]]}}, {"type": "Feature", "properties": {"county": "新北市", "district": "土城區", "highway": "tertiary", "name": "中央路二段"}, "geometry": {"type": "LineString", "coordinates": [[121.4430428, 24.980947], [121.4429372, 24.980599], [121.4428572, 24.980312], [121.4427729, 24.9800458], [121.4426278, 24.9795691], [121.442596, 24.9794582], [121.4424834, 24.9790499], [121.4424343, 24.9788858], [121.4424176, 24.9788255], [121.4422431, 24.9782617]]}}, {"type": "Feature", "properties": {"county": "新北市", "district": "土城區", "highway": "tertiary", "name": null}, "geometry": {"type": "LineString", "coordinates": [[121.4534145, 24.9792078], [121.4544609, 24.9801237], [121.4550619, 24.9806091]]}}, {"type": "Feature", "properties": {"county": "新北市", "district": "土城區", "highway": "residential", "name": "延吉街168巷"}, "geometry": {"type": "LineString", "coordinates": [[121.4678315, 24.9863927], [121.4680994, 24.9859166], [121.4682462, 24.9856419], [121.4684218, 24.9852873]]}}, {"type": "Feature", "properties": {"county": "新北市", "district": "土城區", "highway": "secondary_link", "name": "清水路"}, "geometry": {"type": "LineString", "coordinates": [[121.4518038, 24.979337], [121.452695, 24.9797278], [121.4527538, 24.9797536], [121.4528143, 24.9797801]]}}, {"type": "Feature", "properties": {"county": "新北市", "district": "土城區", "highway": "residential", "name": "明德路二段102巷"}, "geometry": {"type": "LineString", "coordinates": [[121.4453338, 24.9841014], [121.4454897, 24.9844154], [121.4456213, 24.9846798], [121.4457621, 24.9849124]]}}, {"type": "Feature", "properties": {"county": "新北市", "district": "土城區", "highway": "unclassified", "name": null}, "geometry": {"type": "LineString", "coordinates": [[121.4231011, 24.9883816], [121.423304, 24.9884684], [121.4234199, 24.9885119], [121.4235006, 24.9885401], [121.4235728, 24.9885734], [121.4237059, 24.9886641], [121.423801, 24.9887318], [121.4238867, 24.9887732], [121.4239842, 24.9887852], [121.4240831, 24.9887728], [121.4242095, 24.9887267], [121.4242565, 24.9887103], [121.4243682, 24.9886736], [121.4244662, 24.9886577], [121.4245009, 24.9886521]]}}, {"type": "Feature", "properties": {"county": "新北市", "district": "土城區", "highway": "residential", "name": null}, "geometry": {"type": "LineString", "coordinates": [[121.481396, 24.9397961], [121.4810355, 24.9395364], [121.4809, 24.9394318], [121.4808021, 24.9393248], [121.4805648, 24.9389794], [121.4804253, 24.9387933], [121.4802389, 24.9386523], [121.4799318, 24.9385574], [121.4792719, 24.9383604], [121.4790976, 24.9382352], [121.4790466, 24.9381269], [121.4789434, 24.9377196], [121.4788334, 24.9375493], [121.4787047, 24.9372587], [121.4786711, 24.9369741], [121.4786966, 24.9367637], [121.4788012, 24.9364877], [121.478997, 24.9361131], [121.4790319, 24.9359222]]}}, {"type": "Feature", "properties": {"county": "新北市", "district": "土城區", "highway": "residential", "name": "安康路三段525巷"}, "geometry": {"type": "LineString", "coordinates": [[121.481914, 24.9439017], [121.4821392, 24.9433632], [121.4821701, 24.9431881], [121.4821634, 24.9431309], [121.4821379, 24.9430361], [121.481989, 24.9426518], [121.4818624, 24.942233], [121.4818265, 24.942098], [121.48169, 24.9416973], [121.4816537, 24.9415124], [121.4814901, 24.9411306], [121.4814191, 24.9409616], [121.4814338, 24.9408971], [121.4815076, 24.9406381], [121.4815867, 24.9404058], [121.4815961, 24.9402429], [121.4815746, 24.9401468], [121.4815102, 24.9399693], [121.481396, 24.9397961]]}}, {"type": "Feature", "properties": {"county": "新北市", "district": "土城區", "highway": "secondary", "name": null}, "geometry": {"type": "LineString", "coordinates": [[121.4438875, 24.9944899], [121.4436918, 24.9945584], [121.4432965, 24.9946493]]}}, {"type": "Feature", "properties": {"county": "新北市", "district": "土城區", "highway": "tertiary", "name": null}, "geometry": {"type": "LineString", "coordinates": [[121.4432965, 24.9946493], [121.4430467, 24.9947731], [121.4427579, 24.9948253], [121.4426598, 24.994843], [121.4419247, 24.9949692], [121.4413918, 24.9950435], [121.4411913, 24.9950653], [121.4409951, 24.9951156]]}}, {"type": "Feature", "properties": {"county": "新北市", "district": "土城區", "highway": "secondary", "name": "環河西路五段"}, "geometry": {"type": "LineString", "coordinates": [[121.4410027, 24.9947071], [121.4409951, 24.9951156]]}}, {"type": "Feature", "properties": {"county": "新北市", "district": "土城區", "highway": "secondary", "name": "中山路二段"}, "geometry": {"type": "LineString", "coordinates": [[121.410494, 24.9806657], [121.4103609, 24.9806664]]}}, {"type": "Feature", "properties": {"county": "新北市", "district": "土城區", "highway": "tertiary", "name": "明德路二段"}, "geometry": {"type": "LineString", "coordinates": [[121.4495826, 24.9824277], [121.4496646, 24.9823815], [121.4501088, 24.9821188], [121.4502243, 24.9820444], [121.4506157, 24.9817787], [121.4509488, 24.9815228], [121.4510067, 24.9814846], [121.4510959, 24.9814116], [121.451249, 24.9812739], [121.4515407, 24.9809917]]}}, {"type": "Feature", "properties": {"county": "新北市", "district": "土城區", "highway": "secondary", "name": "金城路二段"}, "geometry": {"type": "LineString", "coordinates": [[121.4518038, 24.979337], [121.4524218, 24.979864], [121.45252, 24.9799456], [121.4525863, 24.9800043]]}}, {"type": "Feature", "properties": {"county": "新北市", "district": "土城區", "highway": "tertiary", "name": "青雲路"}, "geometry": {"type": "LineString", "coordinates": [[121.4589772, 24.9720434], [121.4588583, 24.9723997], [121.4587962, 24.9729688], [121.4587707, 24.9733715], [121.4587304, 24.9737276], [121.4587382, 24.9739812], [121.4587592, 24.9746102], [121.4587757, 24.974953]]}}, {"type": "Feature", "properties": {"county": "新北市", "district": "土城區", "highway": "residential", "name": "成福路105巷"}, "geometry": {"type": "LineString", "coordinates": [[121.4192954, 24.9297278], [121.4192532, 24.9300447], [121.4192325, 24.9301445], [121.4191924, 24.9302287], [121.4191276, 24.9303109], [121.4190109, 24.9304284], [121.4187777, 24.9306055], [121.4187258, 24.9306628], [121.4186869, 24.9307474], [121.4185582, 24.9321317], [121.4185816, 24.9322706], [121.4185973, 24.9323637], [121.418645, 24.9326642], [121.4187018, 24.9330062], [121.4187572, 24.9331556], [121.4188126, 24.9332464], [121.418929, 24.9332837], [121.4190411, 24.9332858], [121.4191874, 24.9332626], [121.4193332, 24.9332771], [121.4194746, 24.9333229], [121.4196161, 24.9333882], [121.4197252, 24.9334653], [121.4197647, 24.9335422], [121.4197481, 24.9336856], [121.419756, 24.9337845], [121.4197984, 24.9338951], [121.4198623, 24.9339862], [121.42004, 24.9341038], [121.4201659, 24.9342488], [121.4201322, 24.9343924], [121.419927, 24.9345409], [121.4196784, 24.9346702], [121.4193219, 24.9347702], [121.418862, 24.9348792], [121.4187473, 24.9349374], [121.4187075, 24.935034], [121.4186935, 24.9351383], [121.4186795, 24.9353288], [121.4186914, 24.9354019], [121.4187515, 24.9354709], [121.4188504, 24.9355126], [121.419659, 24.9356083], [121.419753, 24.9356405], [121.4198298, 24.9357041], [121.4198583, 24.9357596], [121.4198781, 24.9358621], [121.4198852, 24.9359729], [121.419875, 24.9360465], [121.4198374, 24.9361409], [121.4197722, 24.9362003], [121.4196638, 24.9362303], [121.4194494, 24.9362315], [121.419235, 24.9361994], [121.4185922, 24.9360282]]}}, {"type": "Feature", "properties": {"county": "新北市", "district": "土城區", "highway": "residential", "name": null}, "geometry": {"type": "LineString", "coordinates": [[121.4494358, 24.9446773], [121.4494112, 24.9451016]]}}, {"type": "Feature", "properties": {"county": "新北市", "district": "土城區", "highway": "residential", "name": null}, "geometry": {"type": "LineString", "coordinates": [[121.4455214, 24.9432511], [121.4456117, 24.9432205], [121.4456901, 24.9431231], [121.4457398, 24.9429681], [121.4458068, 24.9429244], [121.4460186, 24.9428994], [121.4461112, 24.9428951], [121.4461514, 24.9428617], [121.4461849, 24.9428052], [121.4461621, 24.9426957], [121.4461575, 24.9425826], [121.4461856, 24.9425206], [121.4462694, 24.9424732]]}}, {"type": "Feature", "properties": {"county": "新北市", "district": "土城區", "highway": "unclassified", "name": null}, "geometry": {"type": "LineString", "coordinates": [[121.4453452, 24.9422396], [121.4455064, 24.9421479], [121.445621, 24.9422367], [121.4456747, 24.9422555], [121.4458483, 24.9422871], [121.4458799, 24.9423187], [121.4458879, 24.942399], [121.4458836, 24.9425675], [121.4459148, 24.9425753], [121.4459568, 24.9425139], [121.4459755, 24.9424736], [121.4460058, 24.9424397], [121.4461599, 24.9423847], [121.446251, 24.9423551], [121.4463, 24.9423106], [121.4463185, 24.9421935], [121.446279, 24.9421179], [121.4461623, 24.9421349], [121.4460812, 24.9421444]]}}, {"type": "Feature", "properties": {"county": "新北市", "district": "土城區", "highway": "unclassified", "name": null}, "geometry": {"type": "LineString", "coordinates": [[121.457317, 24.9494198], [121.4573739, 24.9495957], [121.4574346, 24.9497439], [121.4574533, 24.9498286], [121.4573271, 24.9499641], [121.4573054, 24.9500275], [121.4573067, 24.9501035], [121.4574084, 24.9502844], [121.457397, 24.9503703], [121.4573366, 24.9504299], [121.4571451, 24.9504341], [121.4570238, 24.9504415], [121.4569288, 24.9505025], [121.4568822, 24.9506109], [121.4567295, 24.9506712], [121.4564866, 24.9506966], [121.4562111, 24.9508109], [121.456085, 24.950866], [121.4560409, 24.9509203], [121.456029, 24.9509972], [121.4561364, 24.9512852], [121.4561639, 24.9513803], [121.4561333, 24.9514386], [121.4559107, 24.9517024], [121.4558657, 24.9517085], [121.4558235, 24.9516897], [121.4558081, 24.9516356]]}}, {"type": "Feature", "properties": {"county": "新北市", "district": "土城區", "highway": "residential", "name": null}, "geometry": {"type": "LineString", "coordinates": [[121.4569288, 24.9505025], [121.4569131, 24.9504585], [121.456945, 24.9503744], [121.4568322, 24.9502393], [121.4565919, 24.9501408], [121.4563569, 24.9500012], [121.4563036, 24.9499846], [121.4561522, 24.9499617], [121.4560783, 24.9499266], [121.4560435, 24.9498462], [121.456043, 24.9497609], [121.4560943, 24.9496423], [121.4561849, 24.9495873], [121.4562003, 24.949549], [121.4562051, 24.9494118], [121.4563857, 24.9490622], [121.4563732, 24.9490156], [121.4560821, 24.9490199], [121.4560194, 24.9490637]]}}, {"type": "Feature", "properties": {"county": "新北市", "district": "土城區", "highway": "residential", "name": null}, "geometry": {"type": "LineString", "coordinates": [[121.4583855, 24.9512012], [121.4582048, 24.9512374], [121.4581517, 24.9512952], [121.4580225, 24.9513304], [121.4577134, 24.9512518], [121.4572851, 24.9511344], [121.4572472, 24.9511044], [121.4573014, 24.9510489], [121.4573591, 24.9510367], [121.4577395, 24.9510697], [121.4578895, 24.9509917]]}}, {"type": "Feature", "properties": {"county": "新北市", "district": "土城區", "highway": "residential", "name": null}, "geometry": {"type": "LineString", "coordinates": [[121.457245, 24.9546532], [121.457199, 24.9547526], [121.4572238, 24.9549195], [121.457422, 24.9551313], [121.4574326, 24.9552051], [121.4574255, 24.955327], [121.4574928, 24.9553655], [121.4575848, 24.9553655], [121.4577476, 24.9552789], [121.4582324, 24.9550767], [121.4583103, 24.9550639], [121.458512, 24.9550895], [121.4586041, 24.9550382], [121.4589934, 24.9546435], [121.4591526, 24.954605], [121.4592871, 24.9546146], [121.4593367, 24.954589], [121.4595255, 24.9547355]]}}, {"type": "Feature", "properties": {"county": "新北市", "district": "土城區", "highway": "residential", "name": null}, "geometry": {"type": "LineString", "coordinates": [[121.427063, 24.9419622], [121.4268426, 24.9420105], [121.4267242, 24.9420263], [121.426595, 24.9420656], [121.4265425, 24.9421266], [121.4265157, 24.9421926], [121.4264848, 24.9422829], [121.4264923, 24.9423535], [121.4265503, 24.9424364], [121.4266403, 24.942495], [121.4267249, 24.942503], [121.4268099, 24.942489], [121.4268885, 24.9424616]]}}, {"type": "Feature", "properties": {"county": "新北市", "district": "土城區", "highway": "residential", "name": null}, "geometry": {"type": "LineString", "coordinates": [[121.4303628, 24.9425734], [121.4305192, 24.942518]]}}, {"type": "Feature", "properties": {"county": "新北市", "district": "土城區", "highway": "residential", "name": null}, "geometry": {"type": "LineString", "coordinates": [[121.4314078, 24.9418929], [121.4313561, 24.94182], [121.4311063, 24.9416675], [121.431003, 24.9415733], [121.4308564, 24.9414643], [121.4306631, 24.9414355], [121.4304329, 24.9413115], [121.4302166, 24.9413139], [121.4301742, 24.94129], [121.4301641, 24.9412474], [121.4301916, 24.9411617], [121.4301386, 24.9410504]]}}, {"type": "Feature", "properties": {"county": "新北市", "district": "土城區", "highway": "residential", "name": null}, "geometry": {"type": "LineString", "coordinates": [[121.4348607, 24.9426744], [121.4347893, 24.942814], [121.4346273, 24.9429073], [121.4343987, 24.9430016], [121.4340581, 24.9429701], [121.4339588, 24.9429748], [121.4338698, 24.9430086], [121.4338072, 24.943055], [121.433763, 24.9431268], [121.4336663, 24.9432403], [121.4333283, 24.9432959]]}}, {"type": "Feature", "properties": {"county": "新北市", "district": "土城區", "highway": "residential", "name": null}, "geometry": {"type": "LineString", "coordinates": [[121.4338698, 24.9430086], [121.4337219, 24.9433089], [121.4337538, 24.9435423], [121.4338317, 24.943655], [121.4340949, 24.9438692], [121.4342344, 24.9439262], [121.4344121, 24.9440454], [121.4345261, 24.9440443], [121.4346718, 24.9439612], [121.4348637, 24.9437387], [121.4348993, 24.9436552], [121.4349257, 24.9436268], [121.4349921, 24.9436794], [121.4349767, 24.9437688], [121.4349359, 24.943828]]}}, {"type": "Feature", "properties": {"county": "新北市", "district": "土城區", "highway": "residential", "name": null}, "geometry": {"type": "LineString", "coordinates": [[121.439741, 24.9425467], [121.4394977, 24.9427134], [121.4393015, 24.9427176], [121.4389072, 24.9426165], [121.438714, 24.9425624], [121.438655, 24.9425459], [121.4385209, 24.9425313], [121.4383198, 24.9426189], [121.4382125, 24.9427867], [121.4379602, 24.9431067], [121.4377538, 24.9433837], [121.4377511, 24.9434664], [121.4379063, 24.9435974], [121.438085, 24.9439358], [121.4381588, 24.9439869], [121.4383466, 24.9441049], [121.4385371, 24.9442332], [121.4385135, 24.9443048], [121.4384555, 24.944316]]}}, {"type": "Feature", "properties": {"county": "新北市", "district": "土城區", "highway": "residential", "name": null}, "geometry": {"type": "LineString", "coordinates": [[121.438085, 24.9439358], [121.4381578, 24.9439142], [121.4381712, 24.9438278], [121.4381678, 24.9436497], [121.4382118, 24.9435917], [121.4383573, 24.9435139], [121.4384834, 24.9434433], [121.4386524, 24.9433169], [121.4387677, 24.9433242], [121.4389018, 24.9434506], [121.4389555, 24.9435674], [121.4389303, 24.9436697], [121.4388643, 24.9437911], [121.4388762, 24.9438912], [121.4389535, 24.9442812], [121.4389852, 24.9442996], [121.4390422, 24.9442668], [121.4390788, 24.9442192], [121.4391063, 24.9440307], [121.439124, 24.9440005], [121.4391834, 24.943982], [121.4392874, 24.9439741], [121.4394307, 24.9440037], [121.4395049, 24.9440473], [121.439538, 24.944112], [121.4395521, 24.9442287], [121.4395944, 24.944526], [121.4395429, 24.9447129], [121.43957, 24.9447362], [121.4396437, 24.9447398], [121.4396732, 24.9447052]]}}, {"type": "Feature", "properties": {"county": "新北市", "district": "土城區", "highway": "residential", "name": null}, "geometry": {"type": "LineString", "coordinates": [[121.438714, 24.9425624], [121.4388938, 24.9427113], [121.4392344, 24.9428657], [121.4395817, 24.9430676], [121.4399412, 24.9431168], [121.4399482, 24.9431511], [121.4399079, 24.9432064], [121.4397584, 24.9432423]]}}, {"type": "Feature", "properties": {"county": "新北市", "district": "土城區", "highway": "unclassified", "name": "中山路"}, "geometry": {"type": "LineString", "coordinates": [[121.4245628, 24.9636338], [121.4256183, 24.9644612], [121.4260345, 24.9647873], [121.4274049, 24.9658615], [121.4274954, 24.965931], [121.4289865, 24.9670983], [121.4295402, 24.9675313], [121.429583, 24.9675647], [121.4299192, 24.9678276], [121.43059, 24.9684966], [121.4325051, 24.9704132], [121.4331516, 24.971068]]}}, {"type": "Feature", "properties": {"county": "新北市", "district": "土城區", "highway": "unclassified", "name": "中興路"}, "geometry": {"type": "LineString", "coordinates": [[121.4245628, 24.9636338], [121.4250215, 24.9631403], [121.4252608, 24.9628828], [121.4253515, 24.9627852]]}}, {"type": "Feature", "properties": {"county": "新北市", "district": "土城區", "highway": "tertiary", "name": "亞洲路"}, "geometry": {"type": "LineString", "coordinates": [[121.4370306, 24.9754519], [121.4370315, 24.9753095]]}}, {"type": "Feature", "properties": {"county": "新北市", "district": "土城區", "highway": "tertiary", "name": "擺接堡路"}, "geometry": {"type": "LineString", "coordinates": [[121.4077935, 24.9494337], [121.4078302, 24.9495613], [121.4080456, 24.9498705], [121.4085469, 24.9506138], [121.4086436, 24.950762]]}}, {"type": "Feature", "properties": {"county": "新北市", "district": "土城區", "highway": "tertiary", "name": "擺接堡路"}, "geometry": {"type": "LineString", "coordinates": [[121.412626, 24.9627095], [121.4127596, 24.9628153], [121.4131277, 24.9632037], [121.4133946, 24.9634336], [121.4136669, 24.9636439], [121.4139102, 24.9638026], [121.4141859, 24.9639587], [121.4145205, 24.9641254], [121.4148262, 24.9642487], [121.4158314, 24.9645965], [121.4175889, 24.9652196], [121.4191728, 24.9657673]]}}, {"type": "Feature", "properties": {"county": "新北市", "district": "土城區", "highway": "residential", "name": "自由街"}, "geometry": {"type": "LineString", "coordinates": [[121.4233108, 24.9670217], [121.4238584, 24.9672517], [121.4249483, 24.9676613], [121.4255267, 24.9679933]]}}, {"type": "Feature", "properties": {"county": "新北市", "district": "土城區", "highway": "unclassified", "name": "中山路"}, "geometry": {"type": "LineString", "coordinates": [[121.416339, 24.9619321], [121.4181142, 24.9623121], [121.4193315, 24.9625552], [121.4201138, 24.9627159], [121.4205316, 24.9628017], [121.4207819, 24.962856], [121.4217624, 24.9630411], [121.4222819, 24.9631361]]}}, {"type": "Feature", "properties": {"county": "新北市", "district": "土城區", "highway": "residential", "name": null}, "geometry": {"type": "LineString", "coordinates": [[121.4147758, 24.964076], [121.4151287, 24.9642106], [121.4155793, 24.9643735], [121.415689, 24.9644555], [121.4158314, 24.9645965], [121.4158049, 24.9646669]]}}, {"type": "Feature", "properties": {"county": "新北市", "district": "土城區", "highway": "tertiary", "name": "擺接堡路"}, "geometry": {"type": "LineString", "coordinates": [[121.4158049, 24.9646669], [121.415278, 24.9644808], [121.4147994, 24.9643098], [121.4145844, 24.9642251], [121.4144079, 24.9641469], [121.4140307, 24.9639532], [121.4136592, 24.9637204], [121.4133535, 24.9634942], [121.4130599, 24.9632395], [121.4127064, 24.9628772], [121.412626, 24.9627095]]}}, {"type": "Feature", "properties": {"county": "新北市", "district": "土城區", "highway": "unclassified", "name": "民權街"}, "geometry": {"type": "LineString", "coordinates": [[121.4174257, 24.9604729], [121.416339, 24.9619321]]}}, {"type": "Feature", "properties": {"county": "新北市", "district": "土城區", "highway": "residential", "name": null}, "geometry": {"type": "LineString", "coordinates": [[121.4157239, 24.988521], [121.4158735, 24.9886643]]}}, {"type": "Feature", "properties": {"county": "新北市", "district": "土城區", "highway": "unclassified", "name": null}, "geometry": {"type": "LineString", "coordinates": [[121.4126099, 24.9724071], [121.4125058, 24.9727004], [121.4122257, 24.973696]]}}, {"type": "Feature", "properties": {"county": "新北市", "district": "土城區", "highway": "residential", "name": "合宜一路"}, "geometry": {"type": "LineString", "coordinates": [[121.4424327, 24.9965995], [121.4438307, 24.9961639], [121.4454082, 24.9955854], [121.4457285, 24.9954679], [121.4458882, 24.9953741], [121.446264, 24.9950757]]}}, {"type": "Feature", "properties": {"county": "新北市", "district": "土城區", "highway": "residential", "name": "合宜一路"}, "geometry": {"type": "LineString", "coordinates": [[121.4488572, 24.9994928], [121.4483849, 24.9987465], [121.4483413, 24.9986776], [121.4483019, 24.9986239], [121.447844, 24.9979998], [121.447602, 24.9976551], [121.4474788, 24.9975034], [121.446992, 24.9968438], [121.4458882, 24.9953741]]}}, {"type": "Feature", "properties": {"county": "新北市", "district": "土城區", "highway": "residential", "name": "亞東橋"}, "geometry": {"type": "LineString", "coordinates": [[121.4480153, 24.9963024], [121.4480261, 24.9962832], [121.4480337, 24.9962696]]}}, {"type": "Feature", "properties": {"county": "新北市", "district": "土城區", "highway": "residential", "name": "青福街"}, "geometry": {"type": "LineString", "coordinates": [[121.4567775, 24.9795735], [121.456521, 24.9796531], [121.4559278, 24.9800118], [121.455596, 24.9802959], [121.4552289, 24.9806515], [121.4551554, 24.9807227]]}}, {"type": "Feature", "properties": {"county": "新北市", "district": "土城區", "highway": "residential", "name": null}, "geometry": {"type": "LineString", "coordinates": [[121.4564056, 24.981111], [121.4564696, 24.9808663], [121.456652, 24.9806232], [121.4568719, 24.9803898], [121.4569743, 24.9801634]]}}, {"type": "Feature", "properties": {"county": "新北市", "district": "土城區", "highway": "residential", "name": "清水路66巷"}, "geometry": {"type": "LineString", "coordinates": [[121.4562301, 24.9810684], [121.4563014, 24.9808401], [121.4563788, 24.9806479], [121.4564949, 24.9805535], [121.4565829, 24.9804507], [121.4566888, 24.9803351], [121.4567598, 24.9802328], [121.4567991, 24.9801144], [121.4568478, 24.9800384]]}}, {"type": "Feature", "properties": {"county": "新北市", "district": "土城區", "highway": "residential", "name": null}, "geometry": {"type": "LineString", "coordinates": [[121.4576712, 24.9807399], [121.4576772, 24.9801617], [121.4576819, 24.9797479], [121.4576819, 24.9793724], [121.4576804, 24.9791843], [121.4576724, 24.9786178]]}}, {"type": "Feature", "properties": {"county": "新北市", "district": "土城區", "highway": "residential", "name": "青仁路"}, "geometry": {"type": "LineString", "coordinates": [[121.4589916, 24.9785387], [121.45869, 24.9785581], [121.4582893, 24.978574], [121.4579379, 24.9785998], [121.4576724, 24.9786178], [121.4572459, 24.9786737], [121.4567624, 24.9787829], [121.4559703, 24.9790283], [121.4553981, 24.9793384], [121.4549457, 24.9796674], [121.454879, 24.9797301], [121.4544609, 24.9801237], [121.4536644, 24.9809348]]}}, {"type": "Feature", "properties": {"county": "新北市", "district": "土城區", "highway": "residential", "name": "青隆街"}, "geometry": {"type": "LineString", "coordinates": [[121.4568515, 24.980042], [121.4568478, 24.9800384], [121.456521, 24.9796531], [121.4559703, 24.9790283], [121.4551596, 24.9780785]]}}, {"type": "Feature", "properties": {"county": "新北市", "district": "土城區", "highway": "residential", "name": "延安街"}, "geometry": {"type": "LineString", "coordinates": [[121.4685703, 24.9834362], [121.4684897, 24.9835073], [121.4683216, 24.9836555], [121.4682666, 24.9837918], [121.4681616, 24.984052], [121.4680534, 24.9843202], [121.4679259, 24.9846362], [121.4677732, 24.985014], [121.4675292, 24.9856343], [121.4672892, 24.9861508], [121.4672318, 24.9862667]]}}, {"type": "Feature", "properties": {"county": "新北市", "district": "土城區", "highway": "residential", "name": "中興街"}, "geometry": {"type": "LineString", "coordinates": [[121.421182, 24.9917783], [121.4210831, 24.9913186], [121.4210537, 24.9911843], [121.4210138, 24.9909966], [121.4209547, 24.990733], [121.4208636, 24.9902986], [121.4207645, 24.9898381], [121.4206409, 24.989264]]}}, {"type": "Feature", "properties": {"county": "新北市", "district": "土城區", "highway": "residential", "name": "信義路279巷"}, "geometry": {"type": "LineString", "coordinates": [[121.4656532, 24.9905989], [121.4653358, 24.9905018], [121.4648874, 24.9903791], [121.4644676, 24.9902642], [121.463313, 24.9900336], [121.4628784, 24.9899315], [121.4627524, 24.9898805], [121.4625512, 24.9897006], [121.4622079, 24.9895353], [121.4618565, 24.9894283], [121.4616124, 24.9893772], [121.4613871, 24.9893213], [121.4610617, 24.9892019]]}}, {"type": "Feature", "properties": {"county": "新北市", "district": "土城區", "highway": "unclassified", "name": "中興路"}, "geometry": {"type": "LineString", "coordinates": [[121.4263917, 24.9670968], [121.426014, 24.9667766], [121.4248702, 24.9658783], [121.4245573, 24.9656349]]}}, {"type": "Feature", "properties": {"county": "新北市", "district": "土城區", "highway": "tertiary", "name": "員安路"}, "geometry": {"type": "LineString", "coordinates": [[121.4339936, 24.9699876], [121.4344785, 24.970777], [121.4346328, 24.9710821], [121.434717, 24.9713436], [121.4347761, 24.9718738], [121.4347672, 24.9723898], [121.43481, 24.9726069], [121.4348593, 24.9727121], [121.4349611, 24.9729265], [121.4350691, 24.9730702]]}}, {"type": "Feature", "properties": {"county": "新北市", "district": "土城區", "highway": "residential", "name": null}, "geometry": {"type": "LineString", "coordinates": [[121.4548204, 24.9898045], [121.4548291, 24.9898306]]}}, {"type": "Feature", "properties": {"county": "新北市", "district": "土城區", "highway": "residential", "name": null}, "geometry": {"type": "LineString", "coordinates": [[121.4548291, 24.9898306], [121.4548667, 24.9899364]]}}, {"type": "Feature", "properties": {"county": "新北市", "district": "土城區", "highway": "residential", "name": null}, "geometry": {"type": "LineString", "coordinates": [[121.4548667, 24.9899364], [121.4548746, 24.9899628]]}}, {"type": "Feature", "properties": {"county": "新北市", "district": "土城區", "highway": "residential", "name": null}, "geometry": {"type": "LineString", "coordinates": [[121.4779875, 24.9592748], [121.4778623, 24.9594348]]}}, {"type": "Feature", "properties": {"county": "新北市", "district": "土城區", "highway": "residential", "name": "明德路二段205巷"}, "geometry": {"type": "LineString", "coordinates": [[121.4464841, 24.9832716], [121.4466117, 24.9835509], [121.4466437, 24.9836289]]}}, {"type": "Feature", "properties": {"county": "新北市", "district": "土城區", "highway": "residential", "name": "四川路二段245巷"}, "geometry": {"type": "LineString", "coordinates": [[121.452729, 24.9919684], [121.4528436, 24.99211], [121.4534123, 24.9928882], [121.4535632, 24.9929986]]}}, {"type": "Feature", "properties": {"county": "新北市", "district": "土城區", "highway": "unclassified", "name": null}, "geometry": {"type": "LineString", "coordinates": [[121.4139888, 24.962762], [121.4147961, 24.9632373], [121.415118, 24.9634182], [121.4152325, 24.9634639]]}}, {"type": "Feature", "properties": {"county": "新北市", "district": "土城區", "highway": "unclassified", "name": null}, "geometry": {"type": "LineString", "coordinates": [[121.4136642, 24.9741491], [121.4132498, 24.9745442], [121.4131059, 24.9746564]]}}, {"type": "Feature", "properties": {"county": "新北市", "district": "土城區", "highway": "residential", "name": "承天路62巷"}, "geometry": {"type": "LineString", "coordinates": [[121.4401927, 24.9605331], [121.440097, 24.9605881], [121.4399569, 24.9607384], [121.4399335, 24.9608273], [121.4399452, 24.9608591], [121.4399709, 24.9609247], [121.4400246, 24.9610072], [121.440076, 24.9611237], [121.4400853, 24.9612232], [121.4403562, 24.9614814], [121.4406364, 24.9616465], [121.4406994, 24.9616974], [121.4408002, 24.9617787], [121.4410166, 24.9624485]]}}, {"type": "Feature", "properties": {"county": "新北市", "district": "土城區", "highway": "residential", "name": "承天路71巷4弄"}, "geometry": {"type": "LineString", "coordinates": [[121.4405878, 24.9636758], [121.4406822, 24.9635258], [121.440764, 24.9633993], [121.440886, 24.9633045], [121.4409651, 24.9632048], [121.4410418, 24.9630043], [121.4417671, 24.9631773], [121.4418343, 24.9632124]]}}, {"type": "Feature", "properties": {"county": "新北市", "district": "土城區", "highway": "residential", "name": "延吉街"}, "geometry": {"type": "LineString", "coordinates": [[121.4625887, 24.9839961], [121.4634584, 24.9839156], [121.463812, 24.9839478], [121.4641904, 24.9839973], [121.4645528, 24.9840468], [121.4649687, 24.9841351], [121.4652329, 24.9841987], [121.4653524, 24.9842311]]}}, {"type": "Feature", "properties": {"county": "新北市", "district": "土城區", "highway": "residential", "name": null}, "geometry": {"type": "LineString", "coordinates": [[121.4653687, 24.9945958], [121.4659092, 24.9940807], [121.4662047, 24.9937861]]}}, {"type": "Feature", "properties": {"county": "新北市", "district": "土城區", "highway": "residential", "name": "延吉街63巷"}, "geometry": {"type": "LineString", "coordinates": [[121.4721604, 24.987499], [121.4725486, 24.9872144]]}}, {"type": "Feature", "properties": {"county": "新北市", "district": "土城區", "highway": "residential", "name": null}, "geometry": {"type": "LineString", "coordinates": [[121.4730105, 24.9880377], [121.4731401, 24.9879718], [121.4731732, 24.9879549]]}}, {"type": "Feature", "properties": {"county": "新北市", "district": "土城區", "highway": "residential", "name": "安康路三段525巷"}, "geometry": {"type": "LineString", "coordinates": [[121.4819716, 24.9451787], [121.4818884, 24.9450936], [121.4817087, 24.9449951], [121.4816323, 24.9446874], [121.481635, 24.9445877], [121.4816698, 24.944443], [121.481914, 24.9439017]]}}, {"type": "Feature", "properties": {"county": "新北市", "district": "土城區", "highway": "residential", "name": null}, "geometry": {"type": "LineString", "coordinates": [[121.4791519, 24.945279], [121.4792732, 24.9450227]]}}, {"type": "Feature", "properties": {"county": "新北市", "district": "土城區", "highway": "residential", "name": "安祥路69巷"}, "geometry": {"type": "LineString", "coordinates": [[121.4821507, 24.960056], [121.4819056, 24.9602907], [121.4818533, 24.9603819], [121.4817594, 24.9605813], [121.4817594, 24.9608329], [121.4818063, 24.9611053], [121.4819001, 24.9612793], [121.4821235, 24.961672], [121.4821537, 24.9618798], [121.482254, 24.9623347], [121.482294, 24.9624049]]}}, {"type": "Feature", "properties": {"county": "新北市", "district": "土城區", "highway": "residential", "name": "安祥路109巷"}, "geometry": {"type": "LineString", "coordinates": [[121.4750624, 24.958726], [121.4751715, 24.9586833], [121.475248, 24.9586778], [121.4756325, 24.9588923], [121.4757424, 24.9589537], [121.4775854, 24.960144]]}}, {"type": "Feature", "properties": {"county": "新北市", "district": "土城區", "highway": "tertiary", "name": "建業路"}, "geometry": {"type": "LineString", "coordinates": [[121.4843019, 24.9511509], [121.4840798, 24.9512137], [121.4839016, 24.9512741], [121.483615, 24.9514792], [121.4835223, 24.951585], [121.4826923, 24.9525818], [121.4825725, 24.9526379], [121.4823562, 24.9526227], [121.4822348, 24.9526652], [121.4821718, 24.9527352], [121.4816407, 24.9536471], [121.4815723, 24.953686], [121.4814569, 24.9537067], [121.481347, 24.9537255], [121.481292, 24.9537547], [121.4810486, 24.9540441], [121.4804276, 24.9546107], [121.4800616, 24.9549772], [121.4799234, 24.9550861], [121.4797222, 24.9552721], [121.4796787, 24.955356], [121.4796043, 24.9557373], [121.4795901, 24.9558832], [121.4796119, 24.9563859], [121.479579, 24.9565683], [121.4794959, 24.9567081], [121.4793799, 24.956879], [121.4792975, 24.9570656], [121.4791586, 24.9573805], [121.4790742, 24.9574553], [121.4789514, 24.9575191], [121.4784774, 24.9576857]]}}, {"type": "Feature", "properties": {"county": "新北市", "district": "土城區", "highway": "residential", "name": "安祥路104巷"}, "geometry": {"type": "LineString", "coordinates": [[121.4812802, 24.963633], [121.4812849, 24.963281], [121.4812839, 24.9629594], [121.481283, 24.9628186], [121.4812833, 24.9627547]]}}, {"type": "Feature", "properties": {"county": "新北市", "district": "土城區", "highway": "residential", "name": "永豐路195巷"}, "geometry": {"type": "LineString", "coordinates": [[121.4708565, 24.9778962], [121.4715776, 24.9783855], [121.4718021, 24.9784923], [121.4719981, 24.9785855], [121.4745675, 24.9797247]]}}, {"type": "Feature", "properties": {"county": "新北市", "district": "土城區", "highway": "tertiary", "name": "青雲路"}, "geometry": {"type": "LineString", "coordinates": [[121.4587991, 24.9753627], [121.4588253, 24.9757529], [121.458847, 24.976203], [121.458903, 24.9770368]]}}, {"type": "Feature", "properties": {"county": "新北市", "district": "土城區", "highway": "tertiary", "name": "青雲路"}, "geometry": {"type": "LineString", "coordinates": [[121.4587757, 24.974953], [121.4587991, 24.9753627]]}}, {"type": "Feature", "properties": {"county": "新北市", "district": "土城區", "highway": "unclassified", "name": "龍泉路"}, "geometry": {"type": "LineString", "coordinates": [[121.4120446, 24.9458681], [121.4119027, 24.9461928], [121.4118715, 24.9462834], [121.411814, 24.9463995], [121.4117441, 24.946563], [121.4116531, 24.9467278], [121.4115417, 24.9469114], [121.4114076, 24.9470464], [121.4113188, 24.9471793], [121.4113044, 24.9472008], [121.4112387, 24.9473735], [121.411209, 24.9475285], [121.4111636, 24.9476617], [121.4111193, 24.9477201], [121.4108348, 24.9479638], [121.4105867, 24.9481426], [121.410468, 24.9482168], [121.4103373, 24.9482909], [121.4101475, 24.9484095], [121.4099458, 24.9485165], [121.4098667, 24.9485798], [121.4097956, 24.9486612], [121.4097527, 24.9488619], [121.4096526, 24.9491076], [121.4095328, 24.949313], [121.4093608, 24.9499181]]}}, {"type": "Feature", "properties": {"county": "新北市", "district": "土城區", "highway": "unclassified", "name": "龍泉路"}, "geometry": {"type": "LineString", "coordinates": [[121.412126, 24.9456803], [121.4120446, 24.9458681]]}}, {"type": "Feature", "properties": {"county": "新北市", "district": "土城區", "highway": "tertiary", "name": "保安街一段"}, "geometry": {"type": "LineString", "coordinates": [[121.4243362, 24.9945729], [121.4235533, 24.994869], [121.4230757, 24.995039], [121.4229765, 24.9950743]]}}, {"type": "Feature", "properties": {"county": "新北市", "district": "土城區", "highway": "trunk_link", "name": "土城一交流道"}, "geometry": {"type": "LineString", "coordinates": [[121.4363465, 24.9757974], [121.4358994, 24.9759051]]}}, {"type": "Feature", "properties": {"county": "新北市", "district": "土城區", "highway": "trunk_link", "name": "土城一交流道"}, "geometry": {"type": "LineString", "coordinates": [[121.4358994, 24.9759051], [121.4354388, 24.97602]]}}, {"type": "Feature", "properties": {"county": "新北市", "district": "土城區", "highway": "trunk_link", "name": "土城一交流道"}, "geometry": {"type": "LineString", "coordinates": [[121.4333554, 24.9770139], [121.4335704, 24.9768483], [121.434492, 24.9760626], [121.4347145, 24.9758967], [121.4348557, 24.9757973], [121.4349918, 24.9757461], [121.4351138, 24.9757238], [121.4352119, 24.9757175], [121.4353167, 24.9757266], [121.4354514, 24.9757621], [121.4356447, 24.9758795], [121.4358411, 24.9761055], [121.436265, 24.9766294]]}}, {"type": "Feature", "properties": {"county": "新北市", "district": "土城區", "highway": "trunk_link", "name": "土城一交流道"}, "geometry": {"type": "LineString", "coordinates": [[121.4382339, 24.9800763], [121.4383583, 24.980279], [121.4384528, 24.9804935], [121.4386074, 24.9807526]]}}, {"type": "Feature", "properties": {"county": "新北市", "district": "土城區", "highway": "unclassified", "name": "龍泉路"}, "geometry": {"type": "LineString", "coordinates": [[121.4184541, 24.9434058], [121.4182825, 24.9434641]]}}, {"type": "Feature", "properties": {"county": "新北市", "district": "土城區", "highway": "unclassified", "name": "龍泉路"}, "geometry": {"type": "LineString", "coordinates": [[121.4182825, 24.9434641], [121.4177237, 24.9433728], [121.4170253, 24.9432362], [121.4165913, 24.943379], [121.4164559, 24.943413], [121.4163432, 24.9434082], [121.4160294, 24.9433936], [121.4158604, 24.9434021], [121.4156083, 24.943458], [121.4153515, 24.9435425], [121.4152502, 24.9435851], [121.4151342, 24.9436605], [121.4150732, 24.9437049], [121.4145019, 24.943779], [121.41441, 24.9438113], [121.414117, 24.9439432], [121.4139675, 24.9440429], [121.4138669, 24.9440685], [121.4137898, 24.9440849], [121.4136724, 24.9440812], [121.4135899, 24.9440715], [121.4135034, 24.9440976], [121.4134364, 24.9441445], [121.4133968, 24.9441852], [121.4133425, 24.9442277], [121.4132225, 24.9442837], [121.4130844, 24.944336], [121.412959, 24.9444004], [121.412851, 24.9444557], [121.4127833, 24.9445305], [121.4123977, 24.9451154], [121.4121523, 24.9456128], [121.412126, 24.9456803]]}}, {"type": "Feature", "properties": {"county": "新北市", "district": "土城區", "highway": "residential", "name": null}, "geometry": {"type": "LineString", "coordinates": [[121.457317, 24.9494198], [121.4572357, 24.9493307], [121.4571738, 24.9492264], [121.457219, 24.9489749], [121.4575015, 24.9490407], [121.4574539, 24.9488894], [121.4574311, 24.9487448], [121.4572547, 24.948719], [121.4571027, 24.9486076], [121.4573221, 24.9484498], [121.4574298, 24.9484603], [121.457592, 24.9484725], [121.4574365, 24.9483812], [121.457234, 24.9483216], [121.4570449, 24.9483496], [121.4568451, 24.9484143], [121.4566452, 24.9485567], [121.4565576, 24.9487386], [121.4565031, 24.9488518]]}}, {"type": "Feature", "properties": {"county": "新北市", "district": "土城區", "highway": "residential", "name": null}, "geometry": {"type": "LineString", "coordinates": [[121.4543832, 24.933173], [121.4544364, 24.933272], [121.4544215, 24.933345], [121.4544142, 24.9333847], [121.4544155, 24.93342], [121.4544276, 24.9334917], [121.4544504, 24.9335452], [121.4544705, 24.9335732], [121.4545147, 24.9336085], [121.4545979, 24.9336608], [121.4546435, 24.9336924], [121.4546864, 24.9337289], [121.4547119, 24.9337495], [121.4547561, 24.9337763], [121.4548447, 24.933814], [121.4548768, 24.933831], [121.4549064, 24.9338493], [121.4550043, 24.9339356], [121.4550794, 24.9340134], [121.4551665, 24.9341204], [121.4551813, 24.9341435], [121.4551866, 24.9341667], [121.455184, 24.9341958], [121.4551732, 24.9342165], [121.4550391, 24.9344184], [121.4550217, 24.9344512], [121.4549935, 24.9345072], [121.4549667, 24.9345461], [121.4548903, 24.9346397], [121.4548259, 24.9346981], [121.4547052, 24.9347796], [121.4545966, 24.9348416], [121.4545496, 24.9348623], [121.4544812, 24.9348769], [121.454449, 24.9348829], [121.4544303, 24.9348915], [121.4544101, 24.9349085], [121.4542921, 24.9350739], [121.454209, 24.9352356], [121.4541339, 24.9354229], [121.4540856, 24.9355871], [121.4540293, 24.9357184], [121.4539984, 24.9358266], [121.4539944, 24.9359008], [121.4539931, 24.9359482], [121.4539837, 24.9359847], [121.4539568, 24.9360771], [121.4539488, 24.936144], [121.4539501, 24.9362304], [121.4539367, 24.936307], [121.4539099, 24.9363544], [121.4538549, 24.936397], [121.4537047, 24.9364712], [121.4536095, 24.9365161], [121.4535599, 24.9365526], [121.4535304, 24.9365915], [121.4535076, 24.9366536], [121.4534566, 24.9368323], [121.4534204, 24.9369369], [121.4533909, 24.9369874], [121.4533587, 24.9370354], [121.4533091, 24.9370877], [121.4532876, 24.9371193], [121.4532555, 24.9371971], [121.4532099, 24.9372932], [121.4531736, 24.9373382], [121.4531522, 24.937354], [121.4531294, 24.9373577], [121.4531133, 24.9373492], [121.4531052, 24.9373248], [121.4531079, 24.9372823], [121.4531374, 24.9371655], [121.4531602, 24.9370914], [121.4531817, 24.9370354], [121.4531897, 24.9370111], [121.4531938, 24.9369795], [121.4531857, 24.9369576], [121.453171, 24.936943], [121.4531495, 24.9369406], [121.453128, 24.9369515], [121.4531079, 24.9369831], [121.4530355, 24.9371376], [121.4530047, 24.9371971], [121.4529524, 24.9372871], [121.4528142, 24.9374878], [121.4527043, 24.9376301], [121.4526426, 24.9377103], [121.4526131, 24.9377578], [121.4525983, 24.9377845], [121.4525782, 24.9378453], [121.4525675, 24.9378794], [121.4525514, 24.9379171], [121.4525165, 24.9379742], [121.4524441, 24.9380739]]}}, {"type": "Feature", "properties": {"county": "新北市", "district": "土城區", "highway": "tertiary", "name": "擺接堡路"}, "geometry": {"type": "LineString", "coordinates": [[121.4337973, 24.9740925], [121.4343518, 24.9745217], [121.4349795, 24.9749892], [121.4353435, 24.9753057], [121.4355846, 24.9756008], [121.4357513, 24.9758346]]}}, {"type": "Feature", "properties": {"county": "新北市", "district": "土城區", "highway": "tertiary", "name": "擺接堡路"}, "geometry": {"type": "LineString", "coordinates": [[121.4089323, 24.9514359], [121.4088874, 24.9513641]]}}, {"type": "Feature", "properties": {"county": "新北市", "district": "土城區", "highway": "unclassified", "name": null}, "geometry": {"type": "LineString", "coordinates": [[121.411617, 24.9761692], [121.4117815, 24.9757153]]}}, {"type": "Feature", "properties": {"county": "新北市", "district": "土城區", "highway": "residential", "name": "錦秀路11巷"}, "geometry": {"type": "LineString", "coordinates": [[121.4794295, 24.9448409], [121.4796497, 24.9447878], [121.4799621, 24.9447125], [121.4803455, 24.9446201], [121.4806586, 24.9445446], [121.4807592, 24.9444947], [121.4808585, 24.9444157], [121.4809188, 24.9442916], [121.4809, 24.9441287], [121.4808883, 24.9440919], [121.4807834, 24.9437651], [121.480723, 24.9436131], [121.4805607, 24.9434307], [121.4804977, 24.9433334], [121.4804011, 24.9430841], [121.4803542, 24.9429406], [121.4802858, 24.9427084], [121.4801798, 24.9423448], [121.480086, 24.9420554]]}}, {"type": "Feature", "properties": {"county": "新北市", "district": "土城區", "highway": "unclassified", "name": null}, "geometry": {"type": "LineString", "coordinates": [[121.4558081, 24.9516356], [121.4557965, 24.9514113], [121.4557836, 24.9513152], [121.4557658, 24.9512628], [121.4557512, 24.9512117], [121.455687, 24.9511129], [121.4555888, 24.9510349], [121.4554635, 24.9510255], [121.4554607, 24.9510683], [121.4555365, 24.9512501], [121.4555527, 24.9513541], [121.4555339, 24.9514855], [121.4555179, 24.9517232], [121.45543, 24.951863], [121.45532, 24.9519049], [121.4552093, 24.9519164]]}}, {"type": "Feature", "properties": {"county": "新北市", "district": "土城區", "highway": "residential", "name": "滿平二街2巷"}, "geometry": {"type": "LineString", "coordinates": [[121.4251395, 24.9860639], [121.425164, 24.9860776], [121.4252675, 24.9861358]]}}, {"type": "Feature", "properties": {"county": "新北市", "district": "土城區", "highway": "residential", "name": "和平路"}, "geometry": {"type": "LineString", "coordinates": [[121.4603136, 24.9944787], [121.4600072, 24.9944575], [121.4596182, 24.9944305]]}}, {"type": "Feature", "properties": {"county": "新北市", "district": "土城區", "highway": "tertiary", "name": "信義路"}, "geometry": {"type": "LineString", "coordinates": [[121.4570258, 24.9951679], [121.4570684, 24.9941354], [121.4571166, 24.9939908]]}}, {"type": "Feature", "properties": {"county": "新北市", "district": "土城區", "highway": "residential", "name": "廣明街90巷"}, "geometry": {"type": "LineString", "coordinates": [[121.4547509, 24.9942342], [121.4553685, 24.9945015], [121.455757, 24.9946697], [121.4561073, 24.9948219]]}}, {"type": "Feature", "properties": {"county": "新北市", "district": "土城區", "highway": "residential", "name": "信義路150巷"}, "geometry": {"type": "LineString", "coordinates": [[121.456899, 24.9917818], [121.4569369, 24.9917865], [121.4570318, 24.9917918], [121.4572625, 24.9917967], [121.4574824, 24.9917833], [121.4577077, 24.99177], [121.4582951, 24.9917371], [121.4587927, 24.9917043], [121.4589214, 24.9916946], [121.4589737, 24.9917007], [121.4590669, 24.9917596]]}}, {"type": "Feature", "properties": {"county": "新北市", "district": "土城區", "highway": "residential", "name": "廣興街"}, "geometry": {"type": "LineString", "coordinates": [[121.4533777, 24.9915225], [121.4534211, 24.9915043], [121.4535112, 24.9914663], [121.4536506, 24.9914207], [121.4537057, 24.9914218], [121.4538325, 24.9914242], [121.4544538, 24.9914908], [121.4551317, 24.9915634], [121.4553475, 24.99159]]}}, {"type": "Feature", "properties": {"county": "新北市", "district": "土城區", "highway": "residential", "name": "南雅南路二段144巷"}, "geometry": {"type": "LineString", "coordinates": [[121.4499465, 24.9949752], [121.4501516, 24.9951413], [121.4504699, 24.9953914], [121.4506225, 24.9955124], [121.4508101, 24.995671], [121.4510239, 24.9958339], [121.4515138, 24.9961395]]}}, {"type": "Feature", "properties": {"county": "新北市", "district": "土城區", "highway": "residential", "name": "四川路二段34巷 (亞東地下道)"}, "geometry": {"type": "LineString", "coordinates": [[121.4522894, 24.9966188], [121.4525083, 24.9964995], [121.4536518, 24.9957388]]}}, {"type": "Feature", "properties": {"county": "新北市", "district": "土城區", "highway": "residential", "name": "日新街"}, "geometry": {"type": "LineString", "coordinates": [[121.4419829, 24.9884767], [121.4421009, 24.9884791], [121.4423423, 24.988394], [121.4425006, 24.9883259], [121.4428158, 24.9883645]]}}, {"type": "Feature", "properties": {"county": "新北市", "district": "土城區", "highway": "unclassified", "name": "廣福街68巷"}, "geometry": {"type": "LineString", "coordinates": [[121.458666, 24.9903667], [121.4587904, 24.9903312], [121.4588888, 24.9903484], [121.4591207, 24.990389], [121.4592522, 24.9904884]]}}, {"type": "Feature", "properties": {"county": "新北市", "district": "土城區", "highway": "tertiary", "name": "清水路"}, "geometry": {"type": "LineString", "coordinates": [[121.4560905, 24.9816817], [121.4559522, 24.9816318], [121.455906, 24.9816152]]}}, {"type": "Feature", "properties": {"county": "新北市", "district": "土城區", "highway": "tertiary", "name": "柑林二號橋"}, "geometry": {"type": "LineString", "coordinates": [[121.4562511, 24.9817194], [121.4561229, 24.9816934], [121.4560905, 24.9816817]]}}, {"type": "Feature", "properties": {"county": "新北市", "district": "土城區", "highway": "unclassified", "name": null}, "geometry": {"type": "LineString", "coordinates": [[121.415073, 24.9724451], [121.4155288, 24.9718309]]}}, {"type": "Feature", "properties": {"county": "新北市", "district": "土城區", "highway": "unclassified", "name": "八德街280巷"}, "geometry": {"type": "LineString", "coordinates": [[121.4107568, 24.970772], [121.4107489, 24.9705846], [121.4107371, 24.9701751]]}}, {"type": "Feature", "properties": {"county": "新北市", "district": "土城區", "highway": "unclassified", "name": "八德街280巷"}, "geometry": {"type": "LineString", "coordinates": [[121.4096195, 24.9703586], [121.4107489, 24.9705846]]}}, {"type": "Feature", "properties": {"county": "新北市", "district": "土城區", "highway": "unclassified", "name": null}, "geometry": {"type": "LineString", "coordinates": [[121.4134657, 24.9758977], [121.4135595, 24.9757715]]}}, {"type": "Feature", "properties": {"county": "新北市", "district": "土城區", "highway": "residential", "name": "金城路三段149巷"}, "geometry": {"type": "LineString", "coordinates": [[121.468408, 24.988481], [121.4685603, 24.988276]]}}, {"type": "Feature", "properties": {"county": "新北市", "district": "土城區", "highway": "residential", "name": "金城路三段149巷4弄"}, "geometry": {"type": "LineString", "coordinates": [[121.4682448, 24.9893888], [121.4685, 24.9890076], [121.4687276, 24.9886692], [121.468408, 24.988481]]}}, {"type": "Feature", "properties": {"county": "新北市", "district": "土城區", "highway": "residential", "name": "中央路一段318巷"}, "geometry": {"type": "LineString", "coordinates": [[121.4419434, 24.9820047], [121.4421286, 24.9819853], [121.4424945, 24.9818984], [121.4426476, 24.9818621], [121.4428777, 24.9818074], [121.4429144, 24.9817987], [121.4430816, 24.981759], [121.4432671, 24.9817234]]}}, {"type": "Feature", "properties": {"county": "新北市", "district": "土城區", "highway": "residential", "name": "順風路"}, "geometry": {"type": "LineString", "coordinates": [[121.4400589, 24.9771394], [121.4398389, 24.9768745], [121.4401286, 24.9766654], [121.440513, 24.9763769]]}}, {"type": "Feature", "properties": {"county": "新北市", "district": "土城區", "highway": "residential", "name": "順風路"}, "geometry": {"type": "LineString", "coordinates": [[121.4398389, 24.9768745], [121.4397827, 24.9768532], [121.4396512, 24.976787], [121.439528, 24.9767178], [121.4394048, 24.9766584]]}}, {"type": "Feature", "properties": {"county": "新北市", "district": "土城區", "highway": "residential", "name": "延吉橋"}, "geometry": {"type": "LineString", "coordinates": [[121.4731591, 24.9883109], [121.4733273, 24.9882413]]}}, {"type": "Feature", "properties": {"county": "新北市", "district": "土城區", "highway": "residential", "name": "延吉街57巷"}, "geometry": {"type": "LineString", "coordinates": [[121.4725944, 24.9872791], [121.472197, 24.9875676]]}}, {"type": "Feature", "properties": {"county": "新北市", "district": "土城區", "highway": "residential", "name": "承天路30巷"}, "geometry": {"type": "LineString", "coordinates": [[121.4394782, 24.9628616], [121.4395389, 24.9628553], [121.4396183, 24.9628934], [121.4398145, 24.9629908], [121.4399975, 24.9630995]]}}, {"type": "Feature", "properties": {"county": "新北市", "district": "土城區", "highway": "residential", "name": null}, "geometry": {"type": "LineString", "coordinates": [[121.4413205, 24.9627558], [121.4411141, 24.9623958]]}}, {"type": "Feature", "properties": {"county": "新北市", "district": "土城區", "highway": "residential", "name": "承天路87巷"}, "geometry": {"type": "LineString", "coordinates": [[121.4418899, 24.9619994], [121.4423411, 24.9627241]]}}, {"type": "Feature", "properties": {"county": "新北市", "district": "土城區", "highway": "residential", "name": "南天母路52巷2"}, "geometry": {"type": "LineString", "coordinates": [[121.4467621, 24.9558594], [121.4468684, 24.955837], [121.4469543, 24.955806], [121.4470139, 24.955775], [121.4470528, 24.9557208], [121.4470542, 24.9555999]]}}, {"type": "Feature", "properties": {"county": "新北市", "district": "土城區", "highway": "residential", "name": "南天母路171巷"}, "geometry": {"type": "LineString", "coordinates": [[121.4479387, 24.951299], [121.4479818, 24.9519734], [121.4479818, 24.9522708], [121.4480603, 24.9526283], [121.4480988, 24.9529461], [121.4482118, 24.9530447], [121.4484122, 24.9531612], [121.4485292, 24.953259], [121.4485065, 24.9536588], [121.4485312, 24.9537787], [121.4484612, 24.9542337]]}}, {"type": "Feature", "properties": {"county": "新北市", "district": "土城區", "highway": "residential", "name": "忠義路"}, "geometry": {"type": "LineString", "coordinates": [[121.4416207, 24.9665413], [121.4420029, 24.9662956]]}}, {"type": "Feature", "properties": {"county": "新北市", "district": "土城區", "highway": "residential", "name": "明德路一段69巷"}, "geometry": {"type": "LineString", "coordinates": [[121.4654699, 24.9836805], [121.4657404, 24.9837227], [121.465859, 24.983752], [121.4659561, 24.9837869], [121.4660052, 24.9838097], [121.4661238, 24.9838961], [121.4661947, 24.9840008]]}}, {"type": "Feature", "properties": {"county": "新北市", "district": "土城區", "highway": "residential", "name": "明德路一段93巷"}, "geometry": {"type": "LineString", "coordinates": [[121.4662346, 24.9832175], [121.4655588, 24.983116]]}}, {"type": "Feature", "properties": {"county": "新北市", "district": "土城區", "highway": "residential", "name": "龍山一街"}, "geometry": {"type": "LineString", "coordinates": [[121.4477974, 24.9763773], [121.4476316, 24.9767747], [121.4475845, 24.9768877], [121.4475799, 24.976899], [121.4473272, 24.9775207], [121.4468676, 24.9783633], [121.446465, 24.9790545]]}}, {"type": "Feature", "properties": {"county": "新北市", "district": "土城區", "highway": "residential", "name": null}, "geometry": {"type": "LineString", "coordinates": [[121.4462025, 24.9780244], [121.4465897, 24.9771687]]}}, {"type": "Feature", "properties": {"county": "新北市", "district": "土城區", "highway": "residential", "name": null}, "geometry": {"type": "LineString", "coordinates": [[121.4455568, 24.9776908], [121.4458968, 24.9768816]]}}, {"type": "Feature", "properties": {"county": "新北市", "district": "土城區", "highway": "residential", "name": "龍山二街"}, "geometry": {"type": "LineString", "coordinates": [[121.4484985, 24.9808955], [121.4485581, 24.9808498], [121.4487165, 24.9807171], [121.4489363, 24.9805319], [121.4489746, 24.9805004], [121.4490115, 24.9804517], [121.4492942, 24.9802157], [121.4493385, 24.9801841], [121.449388, 24.9801372], [121.4500339, 24.9796106], [121.4500805, 24.9795635]]}}, {"type": "Feature", "properties": {"county": "新北市", "district": "土城區", "highway": "residential", "name": null}, "geometry": {"type": "LineString", "coordinates": [[121.4505329, 24.9799873], [121.4497806, 24.9806458], [121.4494374, 24.9809311], [121.4493904, 24.9809306], [121.4493491, 24.9809058], [121.4491208, 24.9806635], [121.4490068, 24.9805527], [121.4489746, 24.9805004]]}}, {"type": "Feature", "properties": {"county": "新北市", "district": "土城區", "highway": "residential", "name": "明德路二段99巷2弄"}, "geometry": {"type": "LineString", "coordinates": [[121.450407, 24.980976], [121.4502308, 24.9811249], [121.4498102, 24.9814427]]}}, {"type": "Feature", "properties": {"county": "新北市", "district": "土城區", "highway": "residential", "name": "學府路二段7巷"}, "geometry": {"type": "LineString", "coordinates": [[121.4498102, 24.9814427], [121.4492383, 24.981807], [121.4491784, 24.9818543]]}}, {"type": "Feature", "properties": {"county": "新北市", "district": "土城區", "highway": "residential", "name": "青和街"}, "geometry": {"type": "LineString", "coordinates": [[121.4576697, 24.977405], [121.4576749, 24.976863], [121.4577496, 24.9765825], [121.4576982, 24.9762682], [121.4576721, 24.9761726], [121.4575552, 24.9758227], [121.4575147, 24.9756112], [121.4575085, 24.9754138], [121.4575078, 24.9753095]]}}, {"type": "Feature", "properties": {"county": "新北市", "district": "土城區", "highway": "residential", "name": "青雲路336巷"}, "geometry": {"type": "LineString", "coordinates": [[121.4576721, 24.9761726], [121.458847, 24.976203]]}}, {"type": "Feature", "properties": {"county": "新北市", "district": "土城區", "highway": "residential", "name": "青和街"}, "geometry": {"type": "LineString", "coordinates": [[121.4575078, 24.9753095], [121.4575045, 24.9748612]]}}, {"type": "Feature", "properties": {"county": "新北市", "district": "土城區", "highway": "residential", "name": "青和街"}, "geometry": {"type": "LineString", "coordinates": [[121.4575045, 24.9748612], [121.4575023, 24.9745511], [121.4575023, 24.9743255], [121.4575505, 24.9742381], [121.4576174, 24.9741676], [121.4581088, 24.973959], [121.4583306, 24.9739668], [121.4587382, 24.9739812]]}}, {"type": "Feature", "properties": {"county": "新北市", "district": "土城區", "highway": "residential", "name": "國際路"}, "geometry": {"type": "LineString", "coordinates": [[121.4667353, 24.9767443], [121.4667765, 24.976431], [121.4668274, 24.9762523], [121.4668851, 24.976166], [121.4672452, 24.9758258], [121.4672995, 24.9757745], [121.4674243, 24.9756937], [121.467553, 24.9756104], [121.4676106, 24.975625], [121.4676938, 24.9757004], [121.4677522, 24.9757941], [121.4678802, 24.9759994], [121.4678829, 24.976076], [121.4677354, 24.976352], [121.4677327, 24.9764152], [121.4677689, 24.9764395], [121.4678453, 24.9764687], [121.4680574, 24.9764922], [121.4684918, 24.9765404]]}}, {"type": "Feature", "properties": {"county": "新北市", "district": "土城區", "highway": "tertiary", "name": "永豐路255巷27弄"}, "geometry": {"type": "LineString", "coordinates": [[121.475838, 24.9727763], [121.4759104, 24.9728189], [121.4763076, 24.9732068], [121.4767285, 24.9736273], [121.476864, 24.9736496], [121.4769136, 24.9736577], [121.4769927, 24.9736334], [121.4771147, 24.9734863], [121.4771328, 24.9734191], [121.4771271, 24.9733942], [121.4763501, 24.9725651], [121.4762988, 24.9724253], [121.4763446, 24.9723404]]}}, {"type": "Feature", "properties": {"county": "新北市", "district": "土城區", "highway": "tertiary", "name": "永豐路255巷"}, "geometry": {"type": "LineString", "coordinates": [[121.4742149, 24.9749986], [121.4742303, 24.9748989], [121.4742612, 24.9748552], [121.474343, 24.9747883], [121.4746689, 24.9745816], [121.4748888, 24.9744066], [121.4749814, 24.9743032], [121.4750746, 24.9740394], [121.475086, 24.9739756], [121.4750571, 24.9738461], [121.4750477, 24.9738042], [121.4750477, 24.9737592], [121.4750705, 24.9736784], [121.475201, 24.9733732], [121.475255, 24.9732795], [121.4753096, 24.9731848], [121.4754343, 24.9730328], [121.475503, 24.9729755], [121.4757387, 24.9727787], [121.4757843, 24.9727702], [121.475838, 24.9727763]]}}, {"type": "Feature", "properties": {"county": "新北市", "district": "土城區", "highway": "unclassified", "name": "石門路（雙號）"}, "geometry": {"type": "LineString", "coordinates": [[121.4564425, 24.9603437], [121.4564318, 24.9599966], [121.4564572, 24.9598812], [121.4565205, 24.9598129], [121.4567322, 24.9596528], [121.4567909, 24.959569], [121.4568005, 24.9595103], [121.4567934, 24.9594591], [121.4567417, 24.9593637], [121.4567428, 24.95932], [121.4567509, 24.9592752], [121.4568709, 24.9591422], [121.4568843, 24.9590702], [121.4567852, 24.9589147], [121.4567598, 24.95882], [121.4567821, 24.9587498], [121.4568497, 24.9586183], [121.4569126, 24.9585022], [121.456927, 24.9583102], [121.4569902, 24.9582182], [121.4572197, 24.9582196], [121.4574215, 24.9582688], [121.4575012, 24.9582525], [121.4575904, 24.958208], [121.4577213, 24.9581102], [121.457848, 24.9578749], [121.4580156, 24.9577606], [121.4581396, 24.9574602], [121.4582107, 24.9574201], [121.4584575, 24.9573715], [121.4586009, 24.9573552], [121.4586962, 24.9573107], [121.4588055, 24.9571952], [121.4591006, 24.9567373], [121.4592756, 24.9564577], [121.4593164, 24.9563661], [121.4593192, 24.9562687], [121.4593192, 24.9561349], [121.4593539, 24.9559344], [121.4593432, 24.9558298], [121.4592882, 24.955701], [121.4591966, 24.9554242], [121.4592171, 24.9552772], [121.4593163, 24.9549623], [121.4595255, 24.9547355], [121.4595894, 24.9546645], [121.4598555, 24.9545817], [121.4599729, 24.9545477], [121.4600812, 24.9544895], [121.460137, 24.9544382], [121.4601499, 24.9544158], [121.4601302, 24.9543974], [121.4600238, 24.954344], [121.4599424, 24.9542494], [121.4599434, 24.9541136], [121.4599771, 24.9539689], [121.4599715, 24.9538601], [121.4599266, 24.9537282], [121.4599158, 24.9536112], [121.4598267, 24.9534485], [121.4597689, 24.9532779], [121.4596715, 24.9531693], [121.4596342, 24.9530752], [121.4596265, 24.9529786], [121.4596476, 24.9528849], [121.4596522, 24.9527944], [121.4595266, 24.9525029], [121.4595217, 24.9523328], [121.4594899, 24.9521887], [121.459411, 24.9521228], [121.4592797, 24.9521112], [121.4591925, 24.9520876], [121.4590843, 24.9519501], [121.4589625, 24.9518668], [121.4587748, 24.9517598], [121.4585675, 24.9516429], [121.4585125, 24.9515215], [121.458424, 24.9512847], [121.4583855, 24.9512012], [121.4583816, 24.9510987], [121.4584549, 24.9506948], [121.4584294, 24.9505048], [121.458393, 24.9503977], [121.4583033, 24.9503051], [121.4581709, 24.950214], [121.4580953, 24.9501412], [121.458049, 24.9500197], [121.4579794, 24.949838], [121.4579253, 24.9497282], [121.4578429, 24.9495642], [121.4576813, 24.9494681], [121.4575661, 24.9494043], [121.4574174, 24.9493995], [121.457317, 24.9494198]]}}, {"type": "Feature", "properties": {"county": "新北市", "district": "土城區", "highway": "unclassified", "name": "石門橋"}, "geometry": {"type": "LineString", "coordinates": [[121.4564846, 24.9604584], [121.4564425, 24.9603437]]}}, {"type": "Feature", "properties": {"county": "新北市", "district": "土城區", "highway": "residential", "name": null}, "geometry": {"type": "LineString", "coordinates": [[121.4329496, 24.9928314], [121.433179, 24.9928025]]}}, {"type": "Feature", "properties": {"county": "新北市", "district": "土城區", "highway": "residential", "name": null}, "geometry": {"type": "LineString", "coordinates": [[121.4465915, 24.9758911], [121.4466211, 24.975939], [121.4475221, 24.9768378], [121.4475845, 24.9768877]]}}, {"type": "Feature", "properties": {"county": "新北市", "district": "土城區", "highway": "residential", "name": "四川路二段34巷"}, "geometry": {"type": "LineString", "coordinates": [[121.4536518, 24.9957388], [121.4536949, 24.9956904], [121.4538364, 24.9955372], [121.4539161, 24.9954443], [121.4539247, 24.9954119]]}}, {"type": "Feature", "properties": {"county": "新北市", "district": "土城區", "highway": "residential", "name": "裕華街"}, "geometry": {"type": "LineString", "coordinates": [[121.4469523, 24.9897704], [121.4468006, 24.9907177], [121.4467992, 24.9907859]]}}, {"type": "Feature", "properties": {"county": "新北市", "district": "土城區", "highway": "secondary", "name": "連城路"}, "geometry": {"type": "LineString", "coordinates": [[121.4790726, 24.9945741], [121.4789583, 24.9945005], [121.4787748, 24.9943358], [121.4784653, 24.9939014]]}}, {"type": "Feature", "properties": {"county": "新北市", "district": "土城區", "highway": "secondary", "name": "連城路"}, "geometry": {"type": "LineString", "coordinates": [[121.4830588, 24.9958064], [121.4826798, 24.9956297], [121.4825576, 24.9955842], [121.48174, 24.9953517], [121.4814152, 24.9952702], [121.4809918, 24.995163]]}}, {"type": "Feature", "properties": {"county": "新北市", "district": "土城區", "highway": "residential", "name": null}, "geometry": {"type": "LineString", "coordinates": [[121.4432193, 24.978676], [121.4432542, 24.978748], [121.4433771, 24.9790355], [121.4435451, 24.9793816], [121.4436078, 24.9794934], [121.4438495, 24.9798326], [121.4439014, 24.9798905]]}}, {"type": "Feature", "properties": {"county": "新北市", "district": "土城區", "highway": "tertiary", "name": "板林路"}, "geometry": {"type": "LineString", "coordinates": [[121.4243648, 24.9870656], [121.4244132, 24.986937], [121.4244574, 24.9868652], [121.4248079, 24.9863178], [121.4252153, 24.9856945], [121.4255358, 24.9851987], [121.4259105, 24.9846568], [121.4259445, 24.9846158]]}}, {"type": "Feature", "properties": {"county": "新北市", "district": "土城區", "highway": "tertiary", "name": "博愛街"}, "geometry": {"type": "LineString", "coordinates": [[121.4245009, 24.9886521], [121.4247298, 24.9890829], [121.424968, 24.9894426], [121.4250043, 24.989491]]}}, {"type": "Feature", "properties": {"county": "新北市", "district": "土城區", "highway": "unclassified", "name": "博愛街226巷"}, "geometry": {"type": "LineString", "coordinates": [[121.4245009, 24.9886521], [121.4244735, 24.9886804], [121.4244313, 24.9887239], [121.4242944, 24.9887754], [121.4242428, 24.9887966], [121.4240909, 24.9888382], [121.4239391, 24.9888544], [121.423832, 24.9888447]]}}, {"type": "Feature", "properties": {"county": "新北市", "district": "土城區", "highway": "tertiary", "name": "博愛街"}, "geometry": {"type": "LineString", "coordinates": [[121.4243648, 24.9870656], [121.4243508, 24.9871382], [121.4243068, 24.9874271], [121.4242952, 24.9877684], [121.4243382, 24.9881375], [121.4244429, 24.9885017], [121.4245009, 24.9886521]]}}, {"type": "Feature", "properties": {"county": "新北市", "district": "土城區", "highway": "tertiary", "name": null}, "geometry": {"type": "LineString", "coordinates": [[121.4243648, 24.9870656], [121.4245103, 24.9870606]]}}, {"type": "Feature", "properties": {"county": "新北市", "district": "土城區", "highway": "tertiary", "name": null}, "geometry": {"type": "LineString", "coordinates": [[121.4240635, 24.9870506], [121.4243648, 24.9870656]]}}, {"type": "Feature", "properties": {"county": "新北市", "district": "土城區", "highway": "tertiary", "name": "鎮前街97巷"}, "geometry": {"type": "LineString", "coordinates": [[121.4250043, 24.989491], [121.4249212, 24.9895356]]}}, {"type": "Feature", "properties": {"county": "新北市", "district": "土城區", "highway": "tertiary", "name": "博愛街"}, "geometry": {"type": "LineString", "coordinates": [[121.4241746, 24.987889], [121.4241613, 24.9875985], [121.4241551, 24.9874632], [121.4240696, 24.987128], [121.4240687, 24.9871169], [121.4240635, 24.9870506]]}}, {"type": "Feature", "properties": {"county": "新北市", "district": "土城區", "highway": "tertiary", "name": "博愛街"}, "geometry": {"type": "LineString", "coordinates": [[121.4239638, 24.9870486], [121.4239487, 24.9868172], [121.4240601, 24.9858267], [121.4240989, 24.985633], [121.4241555, 24.9854612], [121.4246432, 24.9840609], [121.4246643, 24.9840162], [121.4247011, 24.9839884]]}}, {"type": "Feature", "properties": {"county": "新北市", "district": "土城區", "highway": "residential", "name": "復興路"}, "geometry": {"type": "LineString", "coordinates": [[121.4229765, 24.9950743], [121.4230321, 24.9951688], [121.4230817, 24.9952532]]}}, {"type": "Feature", "properties": {"county": "新北市", "district": "土城區", "highway": "unclassified", "name": "青雲路411巷"}, "geometry": {"type": "LineString", "coordinates": [[121.4594805, 24.9757465], [121.4594296, 24.9757382], [121.4588253, 24.9757529]]}}, {"type": "Feature", "properties": {"county": "新北市", "district": "土城區", "highway": "residential", "name": null}, "geometry": {"type": "LineString", "coordinates": [[121.4318428, 24.9882799], [121.4323842, 24.9879934]]}}, {"type": "Feature", "properties": {"county": "新北市", "district": "土城區", "highway": "residential", "name": "溪崑一街47巷"}, "geometry": {"type": "LineString", "coordinates": [[121.4306166, 24.9907772], [121.4304685, 24.9908502], [121.4301412, 24.9909936]]}}, {"type": "Feature", "properties": {"county": "新北市", "district": "土城區", "highway": "tertiary_link", "name": "大觀路三段50巷"}, "geometry": {"type": "LineString", "coordinates": [[121.4301815, 24.9972963], [121.4306136, 24.9969528], [121.4307367, 24.9968568], [121.4310294, 24.9966185], [121.431164, 24.9965281], [121.4317873, 24.9961123], [121.4319946, 24.9959719], [121.432056, 24.9959284], [121.4322125, 24.9958283], [121.4322468, 24.995809], [121.432528, 24.9956977], [121.4326887, 24.9956127], [121.4328228, 24.9955684], [121.4335926, 24.9955057]]}}, {"type": "Feature", "properties": {"county": "新北市", "district": "土城區", "highway": "tertiary", "name": "大安路"}, "geometry": {"type": "LineString", "coordinates": [[121.4150828, 24.9882606], [121.4150329, 24.9881665]]}}, {"type": "Feature", "properties": {"county": "新北市", "district": "土城區", "highway": "residential", "name": null}, "geometry": {"type": "LineString", "coordinates": [[121.4388518, 24.9500296], [121.4392063, 24.9505688]]}}, {"type": "Feature", "properties": {"county": "新北市", "district": "土城區", "highway": "residential", "name": "承天路87巷"}, "geometry": {"type": "LineString", "coordinates": [[121.442377, 24.962773], [121.4423411, 24.9627241]]}}, {"type": "Feature", "properties": {"county": "新北市", "district": "土城區", "highway": "residential", "name": "承天路87巷"}, "geometry": {"type": "LineString", "coordinates": [[121.4424138, 24.9627968], [121.442377, 24.962773]]}}, {"type": "Feature", "properties": {"county": "新北市", "district": "土城區", "highway": "residential", "name": "永安街"}, "geometry": {"type": "LineString", "coordinates": [[121.432604, 24.9639658], [121.4322938, 24.9638314], [121.4321048, 24.9637639], [121.4318295, 24.9637199], [121.4315773, 24.9637372]]}}, {"type": "Feature", "properties": {"county": "新北市", "district": "土城區", "highway": "tertiary", "name": "立人地下道"}, "geometry": {"type": "LineString", "coordinates": [[121.4234563, 24.9886568], [121.4235338, 24.9886923], [121.4236154, 24.9887416], [121.4237249, 24.9888304]]}}, {"type": "Feature", "properties": {"county": "新北市", "district": "土城區", "highway": "residential", "name": "頂埔外環路"}, "geometry": {"type": "LineString", "coordinates": [[121.4201535, 24.958304], [121.4201023, 24.9583669], [121.4198522, 24.9586742], [121.4198143, 24.9587207], [121.4196794, 24.9588865], [121.4192192, 24.9594519], [121.4191507, 24.9595361], [121.4191009, 24.9595973]]}}, {"type": "Feature", "properties": {"county": "新北市", "district": "土城區", "highway": "unclassified", "name": "金信街"}, "geometry": {"type": "LineString", "coordinates": [[121.4189871, 24.957023], [121.4190876, 24.9568554], [121.4192053, 24.9568012], [121.4195824, 24.9564909]]}}, {"type": "Feature", "properties": {"county": "新北市", "district": "土城區", "highway": "residential", "name": "科技路"}, "geometry": {"type": "LineString", "coordinates": [[121.4187006, 24.957315], [121.4199567, 24.9581661], [121.4201535, 24.958304], [121.4211334, 24.9589463], [121.4213314, 24.9591006], [121.4217141, 24.9594259], [121.4227609, 24.960488]]}}, {"type": "Feature", "properties": {"county": "新北市", "district": "土城區", "highway": "residential", "name": null}, "geometry": {"type": "LineString", "coordinates": [[121.4213314, 24.9591006], [121.4216048, 24.9587875], [121.4220587, 24.9582428], [121.4220768, 24.9582384]]}}, {"type": "Feature", "properties": {"county": "新北市", "district": "土城區", "highway": "unclassified", "name": "福田路"}, "geometry": {"type": "LineString", "coordinates": [[121.4176457, 24.9585747], [121.4180276, 24.9581165], [121.4185607, 24.957477], [121.4187006, 24.957315], [121.4189871, 24.957023], [121.418959, 24.9568621], [121.4188966, 24.9564325], [121.4187823, 24.9561156], [121.4185018, 24.9556346], [121.4183101, 24.9554136], [121.4179587, 24.9549739], [121.4178267, 24.9547652], [121.4177553, 24.9545041], [121.4175881, 24.9543032], [121.4167471, 24.9535425], [121.4163762, 24.953223], [121.4159406, 24.9529408], [121.4151545, 24.9524788], [121.414783, 24.9522867], [121.4144132, 24.9521342], [121.4129193, 24.9515542], [121.4122979, 24.9512884], [121.4119045, 24.9511465], [121.4113611, 24.9509251], [121.4107853, 24.9506968], [121.4104449, 24.9505781], [121.4101359, 24.9504797], [121.4099763, 24.9504133], [121.4098201, 24.9503589]]}}, {"type": "Feature", "properties": {"county": "新北市", "district": "土城區", "highway": "residential", "name": "中央路四段125巷"}, "geometry": {"type": "LineString", "coordinates": [[121.4175175, 24.956286], [121.4179002, 24.9558719], [121.4183101, 24.9554136]]}}, {"type": "Feature", "properties": {"county": "新北市", "district": "土城區", "highway": "residential", "name": "金埔街"}, "geometry": {"type": "LineString", "coordinates": [[121.4182408, 24.9566866], [121.4187823, 24.9561156]]}}, {"type": "Feature", "properties": {"county": "新北市", "district": "土城區", "highway": "residential", "name": "福寧街"}, "geometry": {"type": "LineString", "coordinates": [[121.4179002, 24.9558719], [121.4177847, 24.9557759], [121.4175272, 24.9555262], [121.4172821, 24.9552583], [121.4169276, 24.9548652]]}}, {"type": "Feature", "properties": {"county": "新北市", "district": "土城區", "highway": "unclassified", "name": null}, "geometry": {"type": "LineString", "coordinates": [[121.4125964, 24.9966659], [121.412451, 24.9965378], [121.4123425, 24.9964323], [121.4122505, 24.9962972], [121.4121754, 24.9960347], [121.4120627, 24.9957241], [121.4120124, 24.995556], [121.4120243, 24.9954827], [121.4119779, 24.9954075], [121.4119224, 24.9953357], [121.4117569, 24.9952568], [121.4115054, 24.995151], [121.4113244, 24.9950957], [121.4112183, 24.9951053], [121.4109997, 24.9951831], [121.4108455, 24.9952488], [121.4106652, 24.9953187], [121.4106647, 24.9954115], [121.4107178, 24.9954674], [121.4107693, 24.9954974], [121.4109931, 24.9955732], [121.4112182, 24.9956197], [121.41149, 24.9954615]]}}, {"type": "Feature", "properties": {"county": "新北市", "district": "土城區", "highway": "unclassified", "name": "和城路二段"}, "geometry": {"type": "LineString", "coordinates": [[121.4766618, 24.9908077], [121.4765247, 24.990597], [121.4764617, 24.9905268], [121.4764174, 24.9904706], [121.4763853, 24.9903904], [121.4763718, 24.9903005], [121.4763611, 24.9901838], [121.4763397, 24.9900695], [121.4763021, 24.9899771], [121.4762274, 24.9898776], [121.4761921, 24.9898458], [121.4760519, 24.9897948], [121.4759469, 24.9897661], [121.4757048, 24.9896908], [121.4755492, 24.9895997], [121.4753172, 24.9893845], [121.4751898, 24.9892423], [121.4750678, 24.9890904], [121.474935, 24.989015], [121.4748037, 24.9889691], [121.4745112, 24.9889433], [121.4741907, 24.9889214], [121.4739305, 24.988891], [121.4737401, 24.9888424], [121.4735931, 24.9887689], [121.4733839, 24.9886035], [121.473231, 24.9884309], [121.4731591, 24.9883109], [121.4731336, 24.9882683], [121.4730781, 24.9881757], [121.4730105, 24.9880377], [121.4729515, 24.9878772], [121.4727951, 24.9875837], [121.4725944, 24.9872791], [121.4725486, 24.9872144]]}}, {"type": "Feature", "properties": {"county": "新北市", "district": "土城區", "highway": "unclassified", "name": "和城路一段"}, "geometry": {"type": "LineString", "coordinates": [[121.476776, 24.9907252], [121.476949, 24.9909732], [121.4771314, 24.9912309], [121.4772682, 24.9914035], [121.4773936, 24.9915543], [121.4774042, 24.9915686], [121.478126, 24.9925492], [121.4783513, 24.9927704], [121.4784128, 24.9928155], [121.4784842, 24.9928728], [121.4786598, 24.9929965], [121.4790111, 24.9931618], [121.4793838, 24.9932633], [121.4797888, 24.9933241], [121.4800442, 24.9933484], [121.4806397, 24.9933605], [121.480873, 24.9933581], [121.481439, 24.9933703], [121.4829142, 24.9933994], [121.4834317, 24.9934011], [121.4842922, 24.9934242], [121.4850409, 24.9934524], [121.4854918, 24.9934591]]}}, {"type": "Feature", "properties": {"county": "新北市", "district": "土城區", "highway": "unclassified", "name": "嘉慶橋"}, "geometry": {"type": "LineString", "coordinates": [[121.4783318, 24.9930145], [121.4784842, 24.9928728]]}}, {"type": "Feature", "properties": {"county": "新北市", "district": "土城區", "highway": "unclassified", "name": null}, "geometry": {"type": "LineString", "coordinates": [[121.4783318, 24.9930145], [121.4783279, 24.9930567], [121.478131, 24.9932372], [121.4780322, 24.9932726]]}}, {"type": "Feature", "properties": {"county": "新北市", "district": "土城區", "highway": "tertiary", "name": "員山路"}, "geometry": {"type": "LineString", "coordinates": [[121.4809322, 24.9950237], [121.4809043, 24.994849], [121.4808851, 24.9946575], [121.4808785, 24.9944408], [121.480869, 24.9941302], [121.4808395, 24.9938455], [121.4808382, 24.9935842], [121.4808442, 24.9935455]]}}, {"type": "Feature", "properties": {"county": "新北市", "district": "土城區", "highway": "tertiary", "name": "員山路"}, "geometry": {"type": "LineString", "coordinates": [[121.4808678, 24.9933918], [121.480873, 24.9933581], [121.4808932, 24.9932475], [121.4809586, 24.9931084], [121.4818357, 24.9919318], [121.4818661, 24.9918898], [121.4819783, 24.9917352], [121.482017, 24.9916819], [121.4820814, 24.9915652], [121.4821417, 24.9914458], [121.4821967, 24.991327], [121.4822031, 24.9911757], [121.4821793, 24.9908648], [121.4821415, 24.9904123], [121.4820745, 24.9900793], [121.4820598, 24.9899939]]}}, {"type": "Feature", "properties": {"county": "新北市", "district": "土城區", "highway": "residential", "name": "峰延橋"}, "geometry": {"type": "LineString", "coordinates": [[121.4772391, 24.9916716], [121.4774042, 24.9915686]]}}, {"type": "Feature", "properties": {"county": "新北市", "district": "土城區", "highway": "residential", "name": "金城橋"}, "geometry": {"type": "LineString", "coordinates": [[121.4765801, 24.9904238], [121.4764617, 24.9905268]]}}, {"type": "Feature", "properties": {"county": "新北市", "district": "土城區", "highway": "residential", "name": "延吉廷寮溝橋"}, "geometry": {"type": "LineString", "coordinates": [[121.4762274, 24.9898776], [121.4763424, 24.9897756]]}}, {"type": "Feature", "properties": {"county": "新北市", "district": "土城區", "highway": "unclassified", "name": "和城路二段"}, "geometry": {"type": "LineString", "coordinates": [[121.4729037, 24.9874794], [121.4729279, 24.987519], [121.4731732, 24.9879549], [121.4731907, 24.987986], [121.4733273, 24.9882413], [121.4733501, 24.9882839], [121.4733971, 24.988372], [121.4735232, 24.9885105], [121.473711, 24.9886491], [121.4738962, 24.9887251], [121.4741106, 24.9887609], [121.4744621, 24.9887907], [121.4746558, 24.9888121], [121.4747706, 24.9888248], [121.4750038, 24.9888776], [121.4752131, 24.9890436], [121.4754464, 24.9892861], [121.4755751, 24.9894222], [121.4757065, 24.9895097], [121.4759265, 24.9895924], [121.4762672, 24.9897048], [121.4763424, 24.9897756], [121.4763905, 24.9898209], [121.4764742, 24.9899716], [121.4765037, 24.9901297], [121.4765801, 24.9904238], [121.476603, 24.9904773], [121.476776, 24.9907252]]}}, {"type": "Feature", "properties": {"county": "新北市", "district": "土城區", "highway": "residential", "name": "和城路二段255巷"}, "geometry": {"type": "LineString", "coordinates": [[121.4729279, 24.987519], [121.4731265, 24.9874002], [121.4734058, 24.9872722], [121.4736574, 24.9871965], [121.4737232, 24.9872188], [121.4738883, 24.9873369], [121.4739976, 24.9874092], [121.4740772, 24.9875311], [121.4740995, 24.9875976], [121.4741598, 24.9876232], [121.4742483, 24.9876086], [121.4742832, 24.9874773], [121.474306, 24.987357], [121.4743543, 24.9872779], [121.4744146, 24.9872463], [121.474501, 24.987229], [121.4746946, 24.9873038], [121.4750645, 24.9874865], [121.4753153, 24.987675], [121.475393, 24.9877325], [121.4757025, 24.9877469], [121.4758644, 24.9877685], [121.4760184, 24.9879138], [121.4761358, 24.9880088]]}}, {"type": "Feature", "properties": {"county": "新北市", "district": "土城區", "highway": "tertiary", "name": "員山橋"}, "geometry": {"type": "LineString", "coordinates": [[121.4808442, 24.9935455], [121.4808678, 24.9933918]]}}, {"type": "Feature", "properties": {"county": "新北市", "district": "土城區", "highway": "unclassified", "name": "機車道"}, "geometry": {"type": "LineString", "coordinates": [[121.4364352, 24.9758049], [121.4362957, 24.9758532], [121.436215, 24.9758725], [121.4359851, 24.9759216], [121.4350772, 24.9762533]]}}, {"type": "Feature", "properties": {"county": "新北市", "district": "土城區", "highway": "unclassified", "name": "機車道"}, "geometry": {"type": "LineString", "coordinates": [[121.4366372, 24.9756914], [121.4365408, 24.9757587], [121.4364352, 24.9758049]]}}, {"type": "Feature", "properties": {"county": "新北市", "district": "土城區", "highway": "trunk_link", "name": "土城一交流道"}, "geometry": {"type": "LineString", "coordinates": [[121.436384, 24.9765006], [121.4365656, 24.9768046], [121.4368189, 24.9773233], [121.4369292, 24.9774125], [121.437007, 24.9774442]]}}, {"type": "Feature", "properties": {"county": "新北市", "district": "土城區", "highway": "residential", "name": "清水路99巷"}, "geometry": {"type": "LineString", "coordinates": [[121.4571834, 24.9827421], [121.4571091, 24.9826955], [121.4568896, 24.982505], [121.4568009, 24.9823315], [121.4567988, 24.9823109], [121.4567775, 24.9821029], [121.4567728, 24.9818616], [121.4567652, 24.9817598]]}}, {"type": "Feature", "properties": {"county": "新北市", "district": "土城區", "highway": "tertiary", "name": "板林路"}, "geometry": {"type": "LineString", "coordinates": [[121.4264189, 24.9905979], [121.4265411, 24.9906844], [121.427273, 24.9912028], [121.4277358, 24.9916177], [121.4279537, 24.9917687]]}}, {"type": "Feature", "properties": {"county": "新北市", "district": "土城區", "highway": "unclassified", "name": "溪北路"}, "geometry": {"type": "LineString", "coordinates": [[121.4264189, 24.9905979], [121.4263601, 24.990635], [121.4260293, 24.9908439], [121.4260256, 24.9908462]]}}, {"type": "Feature", "properties": {"county": "新北市", "district": "土城區", "highway": "tertiary", "name": "篤行路二段"}, "geometry": {"type": "LineString", "coordinates": [[121.4299205, 24.98856], [121.4298779, 24.9884958], [121.4297561, 24.9883121], [121.4293905, 24.9878919]]}}, {"type": "Feature", "properties": {"county": "新北市", "district": "土城區", "highway": "unclassified", "name": "溪北路"}, "geometry": {"type": "LineString", "coordinates": [[121.4299205, 24.98856], [121.4298774, 24.9885798], [121.4292907, 24.9889012], [121.4288403, 24.9891725], [121.428137, 24.9895831], [121.4275693, 24.9899133], [121.4264686, 24.9905707], [121.4264421, 24.9905848], [121.4264189, 24.9905979]]}}, {"type": "Feature", "properties": {"county": "新北市", "district": "土城區", "highway": "tertiary", "name": "篤行路二段"}, "geometry": {"type": "LineString", "coordinates": [[121.4311766, 24.9905432], [121.4311918, 24.990577], [121.4314031, 24.9910474], [121.4314459, 24.9911472], [121.4314791, 24.9912248], [121.4314943, 24.9912871], [121.4315668, 24.9915832], [121.4316392, 24.9918788], [121.4316453, 24.991916], [121.4316908, 24.9921944], [121.4317048, 24.9922804], [121.4317523, 24.9925714], [121.4317726, 24.992696], [121.4318659, 24.9933356], [121.4318866, 24.9934772], [121.4319074, 24.9936194]]}}, {"type": "Feature", "properties": {"county": "新北市", "district": "土城區", "highway": "residential", "name": "溪北路"}, "geometry": {"type": "LineString", "coordinates": [[121.4299902, 24.98852], [121.4299205, 24.98856]]}}, {"type": "Feature", "properties": {"county": "新北市", "district": "土城區", "highway": "unclassified", "name": null}, "geometry": {"type": "LineString", "coordinates": [[121.4125964, 24.9966659], [121.4125475, 24.9967126], [121.4125174, 24.9967828], [121.4124824, 24.9970823], [121.4124366, 24.9971639], [121.4123989, 24.9972454], [121.412303, 24.9974642], [121.4122208, 24.997529], [121.4121564, 24.997594], [121.4121248, 24.9976523], [121.4119672, 24.9982068], [121.4119141, 24.998276], [121.4118716, 24.9983082], [121.4117747, 24.9983564], [121.4117226, 24.9983747], [121.411573, 24.9984143], [121.4114678, 24.9984616], [121.4113568, 24.9985574], [121.411019, 24.9988728], [121.4109274, 24.9988984], [121.4108953, 24.9988866], [121.4108592, 24.9988516], [121.4108444, 24.9987663], [121.4108564, 24.9986904], [121.4108939, 24.9985263], [121.4109351, 24.9983727], [121.4109706, 24.9982992], [121.4111335, 24.9980969], [121.4112513, 24.9979452], [121.411444, 24.9976052], [121.4114923, 24.9975213], [121.4116033, 24.9974427], [121.4117977, 24.9973138], [121.4118437, 24.9972199], [121.4118544, 24.9970764], [121.4118222, 24.9969111], [121.411501, 24.9964438], [121.4114132, 24.9963417], [121.4113059, 24.9962998], [121.4111205, 24.996308], [121.4109817, 24.9963435], [121.4108043, 24.9964079], [121.4107289, 24.9964317], [121.4107031, 24.9964425], [121.4104164, 24.9965238], [121.4101486, 24.996634], [121.4100265, 24.9966316], [121.409821, 24.9965991], [121.4096178, 24.9965889], [121.4094119, 24.9966009], [121.4092959, 24.9966011], [121.4091953, 24.9965549], [121.4091336, 24.9964946], [121.409072, 24.9963444], [121.4089855, 24.996119], [121.4089197, 24.9958925], [121.4088376, 24.9957691], [121.408793, 24.9956715], [121.4087933, 24.9956172], [121.4088155, 24.9955625], [121.4089047, 24.995453], [121.4089741, 24.9953435], [121.4090378, 24.9952505], [121.4090378, 24.9951672], [121.4090236, 24.9949036], [121.4089945, 24.9947633], [121.4089302, 24.9946842], [121.4088262, 24.9946362], [121.4086055, 24.9946006], [121.4084735, 24.9945584], [121.4083581, 24.9945396], [121.4082127, 24.994573], [121.4080731, 24.9946265], [121.4079116, 24.994717], [121.407815, 24.9947632], [121.4076749, 24.9948058], [121.4075682, 24.9948125], [121.4074831, 24.99479], [121.407367, 24.9947323], [121.407198, 24.9946262], [121.4070962, 24.9945737], [121.406943, 24.9944873], [121.4067247, 24.9943013], [121.4064484, 24.9941445], [121.4063425, 24.9941342], [121.4061916, 24.9941695], [121.4061079, 24.9942123], [121.4059777, 24.9942916], [121.4058892, 24.9944028], [121.4058067, 24.9945517], [121.4057624, 24.9946241], [121.405739, 24.9946684], [121.4056719, 24.9947414], [121.4055673, 24.9948313], [121.4054688, 24.9948757], [121.4053822, 24.9949413], [121.4053112, 24.9950276], [121.4053085, 24.9951522], [121.4052776, 24.9953138], [121.4051744, 24.9954427], [121.4050282, 24.9955643], [121.4048042, 24.9957271], [121.4047622, 24.9958054], [121.4046983, 24.9960115], [121.4046399, 24.9960675], [121.4045396, 24.9960802], [121.4044327, 24.9960638], [121.4042926, 24.9960505], [121.4042138, 24.9960613], [121.4041554, 24.9960528], [121.4040482, 24.99599], [121.4039456, 24.9959335], [121.4038537, 24.9959013], [121.4037558, 24.9959013], [121.403672, 24.9959158], [121.403615, 24.9959572], [121.4035748, 24.9960307], [121.4034052, 24.996638], [121.4033884, 24.9969912], [121.4033697, 24.9972627], [121.4033127, 24.9973643], [121.4031524, 24.9975283], [121.4030371, 24.9977046], [121.4029579, 24.9977728], [121.402561, 24.9979629], [121.4024705, 24.9979793], [121.4023402, 24.9979575], [121.402209, 24.9979021], [121.4020807, 24.9978864], [121.4019408, 24.9978924], [121.4014826, 24.9979125], [121.4013821, 24.9978956], [121.4012781, 24.9978536], [121.4011017, 24.9977321], [121.4009515, 24.9977022], [121.4008637, 24.997647], [121.4007457, 24.9975236], [121.400563, 24.9972335], [121.400495, 24.9971314], [121.4004406, 24.997114], [121.4003427, 24.9971326], [121.4002052, 24.9971795], [121.4001046, 24.9972167], [121.4000101, 24.9972207], [121.3999468, 24.997196], [121.3998724, 24.9971424], [121.3997419, 24.9970411], [121.3996752, 24.9969965], [121.3996405, 24.9969732], [121.399577, 24.9969464], [121.3995347, 24.9969525], [121.3995084, 24.9969652], [121.399479, 24.9970026], [121.3994663, 24.9970443], [121.3994672, 24.9970839], [121.3994892, 24.9971327], [121.3995197, 24.9971692], [121.3995562, 24.9972118], [121.3995966, 24.9972474], [121.3997264, 24.9973619], [121.3997865, 24.9974056], [121.3998896, 24.9974526], [121.3999784, 24.9974769], [121.4002226, 24.9974768], [121.4002818, 24.9974899], [121.4003286, 24.9975448], [121.4003368, 24.9975976], [121.400369, 24.9978152], [121.4004924, 24.9979799], [121.4005996, 24.998113], [121.4006849, 24.9982095], [121.4007995, 24.9983166], [121.4009745, 24.998471], [121.4011474, 24.9985239], [121.4013621, 24.9985865], [121.4015706, 24.9987001], [121.4016886, 24.9987432], [121.4018903, 24.9987694], [121.4020574, 24.9988386], [121.4021566, 24.9988666], [121.4022574, 24.9988844]]}}, {"type": "Feature", "properties": {"county": "新北市", "district": "土城區", "highway": "unclassified", "name": "興南路四段"}, "geometry": {"type": "LineString", "coordinates": [[121.4846139, 24.9650614], [121.4844707, 24.9650085], [121.4841395, 24.9648735], [121.4838451, 24.9648024], [121.4838042, 24.9647925], [121.4836873, 24.9646558], [121.4835983, 24.9645645], [121.483525, 24.9645232], [121.4832275, 24.9644907], [121.4830289, 24.9644638], [121.4829153, 24.9644867], [121.4827923, 24.9646054], [121.4827285, 24.9646553], [121.4825764, 24.9646336], [121.4824878, 24.9644624], [121.4824249, 24.9644117], [121.4823131, 24.9643653], [121.4822222, 24.9643758], [121.482122, 24.9644392], [121.4819379, 24.9646019], [121.4818004, 24.9647688], [121.4816932, 24.9648216], [121.4816023, 24.964811], [121.4814788, 24.9647899], [121.4813669, 24.9648195], [121.4812784, 24.9649103], [121.481175, 24.9650573]]}}, {"type": "Feature", "properties": {"county": "新北市", "district": "土城區", "highway": "tertiary", "name": "擺接堡路"}, "geometry": {"type": "LineString", "coordinates": [[121.4116475, 24.9596853], [121.4116698, 24.9601379]]}}, {"type": "Feature", "properties": {"county": "新北市", "district": "土城區", "highway": "tertiary", "name": "柑城橋"}, "geometry": {"type": "LineString", "coordinates": [[121.4093408, 24.9600915], [121.4095001, 24.960053], [121.4114913, 24.9600863]]}}, {"type": "Feature", "properties": {"county": "新北市", "district": "土城區", "highway": "tertiary", "name": "柑城橋"}, "geometry": {"type": "LineString", "coordinates": [[121.4093408, 24.9600915], [121.4090806, 24.9600757], [121.4085925, 24.9600629]]}}, {"type": "Feature", "properties": {"county": "新北市", "district": "土城區", "highway": "residential", "name": "莊園街"}, "geometry": {"type": "LineString", "coordinates": [[121.4435761, 24.9826637], [121.444737, 24.9823391], [121.4449254, 24.9822943], [121.44501, 24.9822727], [121.4452643, 24.9821969], [121.4456195, 24.9820935], [121.4458649, 24.98202], [121.4460152, 24.9819766], [121.4464101, 24.9818666], [121.447314, 24.9816241], [121.4478944, 24.9814332], [121.4479821, 24.9813436], [121.4484985, 24.9808955]]}}, {"type": "Feature", "properties": {"county": "新北市", "district": "土城區", "highway": "unclassified", "name": null}, "geometry": {"type": "LineString", "coordinates": [[121.4454577, 24.979625], [121.445928, 24.9801297]]}}, {"type": "Feature", "properties": {"county": "新北市", "district": "土城區", "highway": "residential", "name": null}, "geometry": {"type": "LineString", "coordinates": [[121.4476431, 24.9826268], [121.447314, 24.9816241]]}}, {"type": "Feature", "properties": {"county": "新北市", "district": "土城區", "highway": "residential", "name": null}, "geometry": {"type": "LineString", "coordinates": [[121.4495232, 24.9893383], [121.4495395, 24.9894241]]}}, {"type": "Feature", "properties": {"county": "新北市", "district": "土城區", "highway": "secondary", "name": "樹新路"}, "geometry": {"type": "LineString", "coordinates": [[121.4276621, 24.995364], [121.427639, 24.9953349], [121.4275974, 24.9952823], [121.4275651, 24.99524]]}}, {"type": "Feature", "properties": {"county": "新北市", "district": "土城區", "highway": "residential", "name": null}, "geometry": {"type": "LineString", "coordinates": [[121.481292, 24.9537547], [121.4809826, 24.9537495], [121.4808512, 24.953713], [121.4807211, 24.9536716], [121.4806581, 24.9536826], [121.4801042, 24.9541519]]}}, {"type": "Feature", "properties": {"county": "新北市", "district": "土城區", "highway": "residential", "name": null}, "geometry": {"type": "LineString", "coordinates": [[121.4800616, 24.9549772], [121.4800398, 24.9548024], [121.479895, 24.9545483], [121.4798212, 24.9544862]]}}, {"type": "Feature", "properties": {"county": "新北市", "district": "土城區", "highway": "residential", "name": null}, "geometry": {"type": "LineString", "coordinates": [[121.4796787, 24.955356], [121.4794953, 24.9553654], [121.4793894, 24.9553313], [121.4792727, 24.9552766], [121.4791399, 24.9552827], [121.4790286, 24.9553204], [121.4788033, 24.9552888], [121.4787322, 24.9552384], [121.4787745, 24.9550881], [121.4787208, 24.9550511], [121.4785767, 24.9550037], [121.478454, 24.9550347], [121.47835, 24.955017], [121.4782025, 24.9549495]]}}, {"type": "Feature", "properties": {"county": "新北市", "district": "土城區", "highway": "residential", "name": "安康路三段571巷"}, "geometry": {"type": "LineString", "coordinates": [[121.4748213, 24.9425159], [121.4748345, 24.9424809], [121.474902, 24.9423157], [121.4753701, 24.9419886]]}}, {"type": "Feature", "properties": {"county": "新北市", "district": "土城區", "highway": "unclassified", "name": "龍泉路"}, "geometry": {"type": "LineString", "coordinates": [[121.4534, 24.9474427], [121.4533903, 24.9472613], [121.4533584, 24.9470854], [121.4532638, 24.9468666], [121.4532885, 24.9467443], [121.4533951, 24.9466333], [121.4534875, 24.9465315], [121.4535014, 24.9464106], [121.4534833, 24.9462259], [121.4534932, 24.9461162], [121.4534686, 24.9459481], [121.4534168, 24.9459049], [121.4532855, 24.9458656], [121.4530232, 24.9458196], [121.4527576, 24.9457828], [121.4525677, 24.9457505], [121.4524879, 24.9457575], [121.4524144, 24.9457747], [121.4519866, 24.9459934], [121.4519329, 24.9460082], [121.4518645, 24.9460122], [121.4517948, 24.9460127], [121.4516433, 24.9460138], [121.4512474, 24.9460249], [121.4511336, 24.946037], [121.4510523, 24.9460263], [121.4508812, 24.9459619], [121.4506846, 24.9459018], [121.4505686, 24.9458665], [121.4504583, 24.9458154], [121.4504155, 24.945768], [121.4503895, 24.9457224], [121.4503766, 24.9456873], [121.4503275, 24.9452698], [121.4503093, 24.9452109], [121.4502578, 24.9451366], [121.4501727, 24.9450432], [121.4500627, 24.9450104], [121.4497905, 24.945008], [121.4496677, 24.9449813], [121.4495747, 24.9449387], [121.4495055, 24.9448658], [121.4494358, 24.9446773], [121.4494467, 24.9444645], [121.44944, 24.9443316], [121.4494092, 24.944124], [121.4493287, 24.9439246], [121.4492537, 24.9437263], [121.4492, 24.9435403], [121.4491517, 24.9434307], [121.4490165, 24.9432125], [121.4488262, 24.9429802], [121.4486407, 24.9428122], [121.4485466, 24.9427377], [121.4484367, 24.942739], [121.4482841, 24.9428591], [121.4480799, 24.9430819], [121.4478868, 24.9432327], [121.4476445, 24.943287], [121.4475248, 24.9434075], [121.4474589, 24.9434875], [121.4473512, 24.9436175], [121.4473396, 24.9436315], [121.4471772, 24.9437603], [121.4470542, 24.9437203], [121.4470499, 24.9436412], [121.447125, 24.9435537], [121.4471481, 24.9435263], [121.4472587, 24.9434072], [121.4473311, 24.9432838], [121.4474593, 24.9431201]]}}, {"type": "Feature", "properties": {"county": "新北市", "district": "土城區", "highway": "unclassified", "name": null}, "geometry": {"type": "LineString", "coordinates": [[121.4488964, 24.9490216], [121.4488166, 24.949053], [121.4486224, 24.9491432], [121.4483917, 24.9492863], [121.4482279, 24.9493992], [121.4480595, 24.9494879], [121.4478516, 24.9495523], [121.4475892, 24.9495715], [121.4472819, 24.9495537], [121.4469677, 24.9496151], [121.4468798, 24.9496006], [121.4467353, 24.9495366], [121.446655, 24.9495417], [121.4466033, 24.9495756], [121.4465322, 24.9496935], [121.4465285, 24.9498748]]}}, {"type": "Feature", "properties": {"county": "新北市", "district": "土城區", "highway": "residential", "name": null}, "geometry": {"type": "LineString", "coordinates": [[121.415354, 24.9583069], [121.4157231, 24.9579262]]}}, {"type": "Feature", "properties": {"county": "新北市", "district": "土城區", "highway": "residential", "name": null}, "geometry": {"type": "LineString", "coordinates": [[121.4181913, 24.9582314], [121.4180276, 24.9581165], [121.4176157, 24.957843]]}}, {"type": "Feature", "properties": {"county": "新北市", "district": "土城區", "highway": "residential", "name": null}, "geometry": {"type": "LineString", "coordinates": [[121.4355851, 24.969271], [121.4352205, 24.9689315]]}}, {"type": "Feature", "properties": {"county": "新北市", "district": "土城區", "highway": "residential", "name": "新福街"}, "geometry": {"type": "LineString", "coordinates": [[121.4140729, 24.9540475], [121.4153704, 24.954348], [121.4160813, 24.9543256], [121.4166848, 24.9545895], [121.4169276, 24.9548652]]}}, {"type": "Feature", "properties": {"county": "新北市", "district": "土城區", "highway": "residential", "name": null}, "geometry": {"type": "LineString", "coordinates": [[121.4364432, 24.9732495], [121.4361383, 24.9734493]]}}, {"type": "Feature", "properties": {"county": "新北市", "district": "土城區", "highway": "residential", "name": null}, "geometry": {"type": "LineString", "coordinates": [[121.4395241, 24.9746718], [121.4398974, 24.9745749]]}}, {"type": "Feature", "properties": {"county": "新北市", "district": "土城區", "highway": "residential", "name": null}, "geometry": {"type": "LineString", "coordinates": [[121.4406019, 24.974115], [121.4403712, 24.9742755], [121.4402801, 24.9741442]]}}, {"type": "Feature", "properties": {"county": "新北市", "district": "土城區", "highway": "unclassified", "name": null}, "geometry": {"type": "LineString", "coordinates": [[121.4403712, 24.9742755], [121.4405536, 24.9744963]]}}, {"type": "Feature", "properties": {"county": "新北市", "district": "土城區", "highway": "residential", "name": null}, "geometry": {"type": "LineString", "coordinates": [[121.4399666, 24.9755205], [121.4402372, 24.9753357]]}}, {"type": "Feature", "properties": {"county": "新北市", "district": "土城區", "highway": "residential", "name": null}, "geometry": {"type": "LineString", "coordinates": [[121.4432671, 24.9817234], [121.4433056, 24.9816484], [121.4436546, 24.981554]]}}, {"type": "Feature", "properties": {"county": "新北市", "district": "土城區", "highway": "residential", "name": null}, "geometry": {"type": "LineString", "coordinates": [[121.4527525, 24.9849978], [121.4526453, 24.9851048], [121.4524308, 24.9853404]]}}, {"type": "Feature", "properties": {"county": "新北市", "district": "土城區", "highway": "residential", "name": null}, "geometry": {"type": "LineString", "coordinates": [[121.4570476, 24.9960695], [121.457988, 24.9960987], [121.4587934, 24.9961456]]}}, {"type": "Feature", "properties": {"county": "新北市", "district": "土城區", "highway": "residential", "name": null}, "geometry": {"type": "LineString", "coordinates": [[121.4601447, 24.987687], [121.4598088, 24.9879836]]}}, {"type": "Feature", "properties": {"county": "新北市", "district": "土城區", "highway": "motorway_link", "name": "中和交流道"}, "geometry": {"type": "LineString", "coordinates": [[121.4851006, 24.9913437], [121.4846586, 24.9911037], [121.4842165, 24.9909172], [121.4840283, 24.9908574], [121.4835092, 24.9906572], [121.4831913, 24.9905065], [121.4827403, 24.9902119], [121.4821762, 24.9898281], [121.4817218, 24.9895629]]}}, {"type": "Feature", "properties": {"county": "新北市", "district": "土城區", "highway": "residential", "name": null}, "geometry": {"type": "LineString", "coordinates": [[121.4484233, 24.9825231], [121.4483857, 24.9825377], [121.4480639, 24.9826301], [121.4476745, 24.9827479]]}}, {"type": "Feature", "properties": {"county": "新北市", "district": "土城區", "highway": "residential", "name": null}, "geometry": {"type": "LineString", "coordinates": [[121.462528, 24.9930905], [121.463234, 24.9932343]]}}, {"type": "Feature", "properties": {"county": "新北市", "district": "土城區", "highway": "residential", "name": null}, "geometry": {"type": "LineString", "coordinates": [[121.4407228, 24.9679352], [121.440929, 24.9680373], [121.4414332, 24.9683631]]}}, {"type": "Feature", "properties": {"county": "新北市", "district": "土城區", "highway": "residential", "name": null}, "geometry": {"type": "LineString", "coordinates": [[121.4368184, 24.9691455], [121.4375638, 24.9691491]]}}, {"type": "Feature", "properties": {"county": "新北市", "district": "土城區", "highway": "residential", "name": null}, "geometry": {"type": "LineString", "coordinates": [[121.4571834, 24.9827421], [121.457548, 24.9827415]]}}, {"type": "Feature", "properties": {"county": "新北市", "district": "土城區", "highway": "residential", "name": null}, "geometry": {"type": "LineString", "coordinates": [[121.437619, 24.9711355], [121.4380859, 24.9711647], [121.4383649, 24.971082], [121.4385444, 24.9710445]]}}, {"type": "Feature", "properties": {"county": "新北市", "district": "土城區", "highway": "residential", "name": null}, "geometry": {"type": "LineString", "coordinates": [[121.4405962, 24.9810919], [121.440995, 24.9810128]]}}, {"type": "Feature", "properties": {"county": "新北市", "district": "土城區", "highway": "residential", "name": null}, "geometry": {"type": "LineString", "coordinates": [[121.452227, 24.9816352], [121.4524951, 24.9814097], [121.4527632, 24.9811812], [121.4528651, 24.9811034], [121.4528919, 24.9811034], [121.4529884, 24.9811764], [121.4532405, 24.9814097], [121.4534929, 24.9816375]]}}, {"type": "Feature", "properties": {"county": "新北市", "district": "土城區", "highway": "residential", "name": null}, "geometry": {"type": "LineString", "coordinates": [[121.4403982, 24.9806836], [121.4410885, 24.9805329]]}}, {"type": "Feature", "properties": {"county": "新北市", "district": "土城區", "highway": "residential", "name": null}, "geometry": {"type": "LineString", "coordinates": [[121.4590558, 24.9800867], [121.4587358, 24.9800887]]}}, {"type": "Feature", "properties": {"county": "新北市", "district": "土城區", "highway": "residential", "name": null}, "geometry": {"type": "LineString", "coordinates": [[121.4632034, 24.9918679], [121.4629286, 24.9922646]]}}, {"type": "Feature", "properties": {"county": "新北市", "district": "土城區", "highway": "unclassified", "name": null}, "geometry": {"type": "LineString", "coordinates": [[121.4187143, 24.9431005], [121.4184361, 24.9426149], [121.4184522, 24.9424739], [121.4188492, 24.9420605], [121.4189242, 24.9419341]]}}, {"type": "Feature", "properties": {"county": "新北市", "district": "土城區", "highway": "tertiary", "name": "擺接堡路"}, "geometry": {"type": "LineString", "coordinates": [[121.4085753, 24.9507812], [121.4084907, 24.9506243], [121.407946, 24.9498576], [121.4078207, 24.9496585], [121.4077209, 24.9494997]]}}, {"type": "Feature", "properties": {"county": "新北市", "district": "土城區", "highway": "tertiary", "name": "擺接堡路"}, "geometry": {"type": "LineString", "coordinates": [[121.4088874, 24.9513641], [121.4085753, 24.9507812]]}}, {"type": "Feature", "properties": {"county": "新北市", "district": "土城區", "highway": "tertiary", "name": "擺接堡路"}, "geometry": {"type": "LineString", "coordinates": [[121.4089344, 24.9513055], [121.4089859, 24.9513872], [121.4090678, 24.9514834], [121.4091597, 24.9515576], [121.4092725, 24.9516187], [121.4098021, 24.9518338], [121.4099649, 24.9519221], [121.4101683, 24.952049], [121.4103438, 24.9521737], [121.4104781, 24.9522764], [121.4106412, 24.95242], [121.410783, 24.9525955], [121.4109052, 24.9527907], [121.4109883, 24.952959], [121.4110474, 24.9531353], [121.4112713, 24.9539016], [121.4113591, 24.9542734], [121.4114289, 24.9544997], [121.4115228, 24.9547448], [121.4119405, 24.9555765], [121.4120579, 24.9558529], [121.4121592, 24.9561606], [121.4122188, 24.9564694], [121.4122465, 24.956743], [121.4122472, 24.9570584], [121.4122188, 24.9573272], [121.4121573, 24.9576364], [121.4120901, 24.9578774], [121.4118433, 24.9585437], [121.411756, 24.9588218], [121.4117219, 24.9589504], [121.4116855, 24.9591617], [121.4116695, 24.9593505], [121.4116754, 24.9595861], [121.4116475, 24.9596853]]}}, {"type": "Feature", "properties": {"county": "新北市", "district": "土城區", "highway": "tertiary", "name": "擺接堡路"}, "geometry": {"type": "LineString", "coordinates": [[121.4086436, 24.950762], [121.4089344, 24.9513055]]}}, {"type": "Feature", "properties": {"county": "新北市", "district": "土城區", "highway": "primary", "name": "中央路四段"}, "geometry": {"type": "LineString", "coordinates": [[121.4101755, 24.9507017], [121.4102268, 24.9507925]]}}, {"type": "Feature", "properties": {"county": "新北市", "district": "土城區", "highway": "primary", "name": "中央路四段"}, "geometry": {"type": "LineString", "coordinates": [[121.4099763, 24.9504133], [121.4101755, 24.9507017]]}}, {"type": "Feature", "properties": {"county": "新北市", "district": "土城區", "highway": "primary", "name": "中央路四段"}, "geometry": {"type": "LineString", "coordinates": [[121.409891, 24.9504379], [121.4098201, 24.9503589], [121.4097206, 24.950251], [121.4095198, 24.9501156], [121.4092891, 24.9499878]]}}, {"type": "Feature", "properties": {"county": "新北市", "district": "土城區", "highway": "primary", "name": "中央路四段"}, "geometry": {"type": "LineString", "coordinates": [[121.4101243, 24.9507186], [121.409891, 24.9504379]]}}, {"type": "Feature", "properties": {"county": "新北市", "district": "土城區", "highway": "primary", "name": "中央路三段"}, "geometry": {"type": "LineString", "coordinates": [[121.4262987, 24.9632567], [121.4265713, 24.9634262], [121.4266838, 24.9634961], [121.4272078, 24.9638245], [121.4272855, 24.9638666], [121.4274447, 24.9639486], [121.4277122, 24.9640577], [121.4278714, 24.9641128], [121.4280166, 24.9641509], [121.4287363, 24.964276], [121.4289872, 24.9643397], [121.4303366, 24.9647736], [121.430517, 24.9648316], [121.4307077, 24.9649051], [121.4307448, 24.9649194], [121.4314698, 24.9652713], [121.4317075, 24.9653511], [121.4319173, 24.9653929], [121.4320422, 24.9654041], [121.4321608, 24.9654051], [121.4321952, 24.9654054], [121.4322369, 24.9654057], [121.4324713, 24.9653953], [121.4326754, 24.9653871], [121.4330606, 24.9653908], [121.4331821, 24.9654026]]}}, {"type": "Feature", "properties": {"county": "新北市", "district": "土城區", "highway": "primary", "name": "中央路三段"}, "geometry": {"type": "LineString", "coordinates": [[121.4262513, 24.9632231], [121.4262987, 24.9632567]]}}, {"type": "Feature", "properties": {"county": "新北市", "district": "土城區", "highway": "primary", "name": "中央路三段"}, "geometry": {"type": "LineString", "coordinates": [[121.4262307, 24.9633376], [121.4261396, 24.9632784]]}}, {"type": "Feature", "properties": {"county": "新北市", "district": "土城區", "highway": "primary", "name": "中央路三段"}, "geometry": {"type": "LineString", "coordinates": [[121.4262863, 24.9633738], [121.4262307, 24.9633376]]}}, {"type": "Feature", "properties": {"county": "新北市", "district": "土城區", "highway": "residential", "name": null}, "geometry": {"type": "LineString", "coordinates": [[121.4201535, 24.958304], [121.4205227, 24.9578786]]}}, {"type": "Feature", "properties": {"county": "新北市", "district": "土城區", "highway": "residential", "name": "金信街"}, "geometry": {"type": "LineString", "coordinates": [[121.4192454, 24.9568444], [121.4192974, 24.9569279], [121.4193982, 24.9570618], [121.419521, 24.9571743], [121.4205227, 24.9578786], [121.4207919, 24.9580713], [121.4211226, 24.9584072], [121.4213931, 24.9586431], [121.4216048, 24.9587875], [121.421926, 24.9589455], [121.422155, 24.9590793], [121.4222594, 24.9591575]]}}, {"type": "Feature", "properties": {"county": "新北市", "district": "土城區", "highway": "unclassified", "name": "龍泉路"}, "geometry": {"type": "LineString", "coordinates": [[121.4356379, 24.9424], [121.4351026, 24.9426106], [121.4348607, 24.9426744], [121.4346732, 24.9427449], [121.4345759, 24.9427978], [121.4343203, 24.9428411], [121.4340555, 24.9428251], [121.4338073, 24.942822], [121.4331914, 24.9427214], [121.4327511, 24.9427647], [121.4320907, 24.9427334], [121.4318365, 24.9428027], [121.4316058, 24.9428287], [121.4311752, 24.9427587], [121.4309678, 24.9427261], [121.4303628, 24.9425734], [121.4301762, 24.9425419], [121.4299934, 24.9425511], [121.4296899, 24.9425328], [121.4294684, 24.9424488], [121.4292202, 24.9423588], [121.4289506, 24.9422506], [121.428765, 24.9422124], [121.4285438, 24.9422256], [121.4283605, 24.9422323], [121.4280457, 24.9421195], [121.4279274, 24.9420876], [121.4275717, 24.9420813], [121.4274017, 24.9420718], [121.427063, 24.9419622], [121.4269493, 24.941938], [121.426711, 24.9419052], [121.4263767, 24.9419068], [121.4259058, 24.9420288], [121.4256167, 24.9421508], [121.425386, 24.9422822], [121.4251423, 24.9424362], [121.4246943, 24.9426087], [121.4246082, 24.9426698], [121.4244813, 24.9428018], [121.4243424, 24.9429322], [121.4241439, 24.9430429], [121.4237232, 24.9431242], [121.423104, 24.9430997], [121.4227592, 24.943157], [121.422382, 24.9432519], [121.4220859, 24.9432732], [121.4218989, 24.9432885], [121.4217098, 24.9432603], [121.4215548, 24.9432115]]}}, {"type": "Feature", "properties": {"county": "新北市", "district": "土城區", "highway": "unclassified", "name": "龍泉路"}, "geometry": {"type": "LineString", "coordinates": [[121.4359988, 24.9422636], [121.4356379, 24.9424]]}}, {"type": "Feature", "properties": {"county": "新北市", "district": "土城區", "highway": "unclassified", "name": null}, "geometry": {"type": "LineString", "coordinates": [[121.4359976, 24.9414259], [121.4359322, 24.9411884], [121.4359793, 24.9409757], [121.4360627, 24.9407893], [121.4362189, 24.9404738], [121.4364103, 24.9403241], [121.4365787, 24.9401332], [121.436753, 24.9399098], [121.4369042, 24.9397775], [121.4369494, 24.9397724], [121.4370044, 24.9397888], [121.4370308, 24.9398538], [121.4370087, 24.9400501], [121.4370456, 24.940238], [121.4370382, 24.9403511], [121.4367673, 24.9409245], [121.4367476, 24.9409969], [121.4367833, 24.9410345], [121.4370356, 24.9411798], [121.4374043, 24.9415258], [121.4375, 24.9415897], [121.4376272, 24.9415978], [121.4375382, 24.9414426], [121.4374792, 24.9412809], [121.4373305, 24.9410237], [121.4373504, 24.9409483], [121.437472, 24.9408068], [121.4375438, 24.9406341], [121.4376787, 24.9404599], [121.4377153, 24.9404673], [121.437711, 24.9406642]]}}, {"type": "Feature", "properties": {"county": "新北市", "district": "土城區", "highway": "unclassified", "name": null}, "geometry": {"type": "LineString", "coordinates": [[121.4360217, 24.9415405], [121.4359976, 24.9414259]]}}, {"type": "Feature", "properties": {"county": "新北市", "district": "土城區", "highway": "residential", "name": null}, "geometry": {"type": "LineString", "coordinates": [[121.4314078, 24.9418929], [121.4315398, 24.9419177], [121.4318044, 24.9417776], [121.4319474, 24.9416131], [121.4320487, 24.9415922], [121.4322761, 24.9416823], [121.4324008, 24.9417293], [121.4324664, 24.9417399], [121.4325453, 24.941673], [121.43255, 24.9415776], [121.4325419, 24.9414766], [121.4324433, 24.9413332], [121.4322301, 24.9411629], [121.4321811, 24.9411128], [121.4321523, 24.9410553], [121.4321617, 24.9409811], [121.4322194, 24.9409434], [121.4322529, 24.9409446]]}}, {"type": "Feature", "properties": {"county": "新北市", "district": "土城區", "highway": "residential", "name": null}, "geometry": {"type": "LineString", "coordinates": [[121.4305192, 24.942518], [121.4308072, 24.9424255]]}}, {"type": "Feature", "properties": {"county": "新北市", "district": "土城區", "highway": "unclassified", "name": "龍泉路"}, "geometry": {"type": "LineString", "coordinates": [[121.4213617, 24.9431828], [121.4212415, 24.9431771], [121.4209352, 24.9431881], [121.4207957, 24.9431637], [121.4206307, 24.9431236], [121.4202968, 24.942957], [121.4199884, 24.9427868], [121.4195659, 24.9425387], [121.41935, 24.942484], [121.4191609, 24.9425205], [121.4190496, 24.9425655], [121.4189584, 24.9426591], [121.4187143, 24.9431005], [121.4185748, 24.943323], [121.4184541, 24.9434058]]}}, {"type": "Feature", "properties": {"county": "新北市", "district": "土城區", "highway": "unclassified", "name": "龍泉路"}, "geometry": {"type": "LineString", "coordinates": [[121.4215548, 24.9432115], [121.4213617, 24.9431828]]}}, {"type": "Feature", "properties": {"county": "新北市", "district": "土城區", "highway": "unclassified", "name": null}, "geometry": {"type": "LineString", "coordinates": [[121.4100917, 24.9507246], [121.4099201, 24.9505648]]}}, {"type": "Feature", "properties": {"county": "新北市", "district": "土城區", "highway": "residential", "name": null}, "geometry": {"type": "LineString", "coordinates": [[121.4274815, 24.9417104], [121.4274752, 24.9416579]]}}, {"type": "Feature", "properties": {"county": "新北市", "district": "土城區", "highway": "residential", "name": null}, "geometry": {"type": "LineString", "coordinates": [[121.427462, 24.9418401], [121.4274815, 24.9417104]]}}, {"type": "Feature", "properties": {"county": "新北市", "district": "土城區", "highway": "unclassified", "name": null}, "geometry": {"type": "LineString", "coordinates": [[121.4135871, 24.9756872], [121.4136029, 24.9756527], [121.4136199, 24.9756087]]}}, {"type": "Feature", "properties": {"county": "新北市", "district": "土城區", "highway": "unclassified", "name": null}, "geometry": {"type": "LineString", "coordinates": [[121.4135595, 24.9757715], [121.4135871, 24.9756872]]}}, {"type": "Feature", "properties": {"county": "新北市", "district": "土城區", "highway": "tertiary_link", "name": "鹿角溪越堤道"}, "geometry": {"type": "LineString", "coordinates": [[121.4119576, 24.9703127], [121.4120246, 24.9702334], [121.4120553, 24.9701971], [121.4132164, 24.9703273], [121.4136383, 24.9703728], [121.413745, 24.9699884], [121.4137661, 24.969925]]}}, {"type": "Feature", "properties": {"county": "新北市", "district": "土城區", "highway": "unclassified", "name": null}, "geometry": {"type": "LineString", "coordinates": [[121.4107693, 24.9736375], [121.4107618, 24.9729665]]}}, {"type": "Feature", "properties": {"county": "新北市", "district": "土城區", "highway": "unclassified", "name": "東豐街85巷"}, "geometry": {"type": "LineString", "coordinates": [[121.4099993, 24.9738186], [121.4097192, 24.9726824]]}}, {"type": "Feature", "properties": {"county": "新北市", "district": "土城區", "highway": "unclassified", "name": null}, "geometry": {"type": "LineString", "coordinates": [[121.4090595, 24.972831], [121.4097192, 24.9726824], [121.4097937, 24.9726573]]}}, {"type": "Feature", "properties": {"county": "新北市", "district": "土城區", "highway": "unclassified", "name": "東豐街87巷"}, "geometry": {"type": "LineString", "coordinates": [[121.4090595, 24.972831], [121.4094041, 24.9741032]]}}, {"type": "Feature", "properties": {"county": "新北市", "district": "土城區", "highway": "unclassified", "name": null}, "geometry": {"type": "LineString", "coordinates": [[121.4107618, 24.9724563], [121.4119144, 24.9725889], [121.4122641, 24.972624], [121.4125058, 24.9727004], [121.4128421, 24.9728549]]}}, {"type": "Feature", "properties": {"county": "新北市", "district": "土城區", "highway": "unclassified", "name": null}, "geometry": {"type": "LineString", "coordinates": [[121.413188, 24.9730869], [121.4133107, 24.9731578], [121.4133614, 24.973189], [121.4136439, 24.9733827]]}}, {"type": "Feature", "properties": {"county": "新北市", "district": "土城區", "highway": "unclassified", "name": null}, "geometry": {"type": "LineString", "coordinates": [[121.4100725, 24.9725733], [121.4107618, 24.9724563]]}}, {"type": "Feature", "properties": {"county": "新北市", "district": "土城區", "highway": "residential", "name": "中央路二段21巷"}, "geometry": {"type": "LineString", "coordinates": [[121.4439014, 24.9798905], [121.4439618, 24.9799133], [121.4446353, 24.9796316], [121.4456587, 24.9792455], [121.4463413, 24.9789764]]}}, {"type": "Feature", "properties": {"county": "新北市", "district": "土城區", "highway": "residential", "name": null}, "geometry": {"type": "LineString", "coordinates": [[121.4456195, 24.9820935], [121.4454697, 24.9816851]]}}, {"type": "Feature", "properties": {"county": "新北市", "district": "土城區", "highway": "unclassified", "name": "忠承路"}, "geometry": {"type": "LineString", "coordinates": [[121.440751, 24.9670598], [121.4408972, 24.9672008]]}}, {"type": "Feature", "properties": {"county": "新北市", "district": "土城區", "highway": "secondary", "name": "金城路一段"}, "geometry": {"type": "LineString", "coordinates": [[121.4405082, 24.9694398], [121.4404471, 24.9694129], [121.4402015, 24.9693145], [121.4399133, 24.9692005], [121.4398923, 24.9691922], [121.4387175, 24.9687285], [121.4386252, 24.9686888], [121.4385365, 24.9686425], [121.4384948, 24.9686155], [121.4383854, 24.9685445], [121.4382415, 24.9684366]]}}, {"type": "Feature", "properties": {"county": "新北市", "district": "土城區", "highway": "residential", "name": "南天母路171巷"}, "geometry": {"type": "LineString", "coordinates": [[121.4479387, 24.951299], [121.4479424, 24.951165], [121.4478881, 24.9510597]]}}, {"type": "Feature", "properties": {"county": "新北市", "district": "土城區", "highway": "unclassified", "name": "承天路"}, "geometry": {"type": "LineString", "coordinates": [[121.4445427, 24.9582569], [121.4445367, 24.9581819], [121.4445524, 24.957766], [121.4445641, 24.9576733], [121.44464, 24.957554], [121.4447316, 24.9574192], [121.444815, 24.9573584], [121.4448992, 24.9572842], [121.4449761, 24.9570682], [121.4450914, 24.9569038], [121.4453037, 24.956645], [121.445307, 24.9562994], [121.4453731, 24.9561835], [121.4454693, 24.9560885], [121.4455792, 24.9560296], [121.4456682, 24.9560006], [121.445733, 24.9559004], [121.4457223, 24.9557676], [121.4456354, 24.9555291], [121.4456741, 24.9553124], [121.4458012, 24.9551619], [121.4459728, 24.9551234], [121.4461399, 24.955098], [121.4462067, 24.9550211], [121.4462292, 24.9549951], [121.4461834, 24.9544174], [121.4462775, 24.9543331], [121.4464465, 24.954278], [121.4467101, 24.9535871], [121.4468072, 24.9534734], [121.446881, 24.9534603], [121.4471645, 24.9534532], [121.4472817, 24.9534085], [121.4473356, 24.9533239], [121.4473249, 24.9532412], [121.447231, 24.9530418], [121.4472109, 24.9528776], [121.4471792, 24.9527289], [121.4471161, 24.9522605], [121.4472177, 24.9520428], [121.4473893, 24.9518599], [121.4475435, 24.9516252], [121.447683, 24.9513237], [121.4477866, 24.9511834]]}}, {"type": "Feature", "properties": {"county": "新北市", "district": "土城區", "highway": "tertiary", "name": "明德路一段"}, "geometry": {"type": "LineString", "coordinates": [[121.4650718, 24.9851582], [121.464953, 24.9854814], [121.4646404, 24.9860375]]}}, {"type": "Feature", "properties": {"county": "新北市", "district": "土城區", "highway": "residential", "name": "延吉街"}, "geometry": {"type": "LineString", "coordinates": [[121.4653524, 24.9842311], [121.4657465, 24.9843467], [121.4658366, 24.9843751], [121.466138, 24.9844657], [121.4666051, 24.9846095], [121.4669636, 24.9847357]]}}, {"type": "Feature", "properties": {"county": "新北市", "district": "土城區", "highway": "tertiary", "name": "清水路"}, "geometry": {"type": "LineString", "coordinates": [[121.4625887, 24.9839961], [121.4629787, 24.9844392], [121.463079, 24.9845651], [121.4637658, 24.9852999], [121.4637854, 24.9853215], [121.4641298, 24.9857016], [121.4642222, 24.9858831]]}}, {"type": "Feature", "properties": {"county": "新北市", "district": "土城區", "highway": "tertiary", "name": "清水路"}, "geometry": {"type": "LineString", "coordinates": [[121.455906, 24.9816152], [121.4557165, 24.9815104], [121.4556392, 24.9814139], [121.4555605, 24.9812872], [121.4553193, 24.9808986], [121.4551554, 24.9807227], [121.4550619, 24.9806091]]}}, {"type": "Feature", "properties": {"county": "新北市", "district": "土城區", "highway": "secondary", "name": "金城路二段"}, "geometry": {"type": "LineString", "coordinates": [[121.455309, 24.9822131], [121.4544842, 24.9816407], [121.4538918, 24.9812329], [121.4537053, 24.981091], [121.452649, 24.9801794], [121.4526031, 24.9801498], [121.4525164, 24.9800775]]}}, {"type": "Feature", "properties": {"county": "新北市", "district": "土城區", "highway": "tertiary", "name": "裕民路"}, "geometry": {"type": "LineString", "coordinates": [[121.455309, 24.9822131], [121.4553701, 24.9821532]]}}, {"type": "Feature", "properties": {"county": "新北市", "district": "土城區", "highway": "secondary", "name": "金城路一段"}, "geometry": {"type": "LineString", "coordinates": [[121.4404944, 24.9692947], [121.4406183, 24.9693397], [121.4410033, 24.9694933], [121.4411073, 24.9695363]]}}, {"type": "Feature", "properties": {"county": "新北市", "district": "土城區", "highway": "residential", "name": "忠義路"}, "geometry": {"type": "LineString", "coordinates": [[121.4404944, 24.9692947], [121.4404965, 24.9692088], [121.4405069, 24.9687894], [121.4405758, 24.9684719], [121.4405696, 24.9683534], [121.4406236, 24.9681028], [121.4407228, 24.9679352], [121.4408572, 24.9677083], [121.4409154, 24.9675349], [121.4408815, 24.9673369], [121.4408972, 24.9672008]]}}, {"type": "Feature", "properties": {"county": "新北市", "district": "土城區", "highway": "secondary", "name": "金城路二段"}, "geometry": {"type": "LineString", "coordinates": [[121.4553701, 24.9821532], [121.4556794, 24.9823652], [121.4560426, 24.9826061], [121.456817, 24.9831388], [121.4577099, 24.9837484], [121.4578342, 24.9838327], [121.4579115, 24.9838804], [121.4582353, 24.9840632], [121.4584515, 24.9841695], [121.4587472, 24.9842695]]}}, {"type": "Feature", "properties": {"county": "新北市", "district": "土城區", "highway": "primary", "name": "中央路四段"}, "geometry": {"type": "LineString", "coordinates": [[121.4254249, 24.9627083], [121.4255138, 24.9627599], [121.4256901, 24.9628622], [121.4261609, 24.9631727]]}}, {"type": "Feature", "properties": {"county": "新北市", "district": "土城區", "highway": "primary", "name": "中央路四段"}, "geometry": {"type": "LineString", "coordinates": [[121.4194851, 24.9597665], [121.4203117, 24.9603286], [121.4203617, 24.9603645], [121.4204259, 24.9604055], [121.4205808, 24.9605188], [121.4214931, 24.9611405], [121.4215734, 24.9611991], [121.4217825, 24.9613503], [121.4218563, 24.9614076]]}}, {"type": "Feature", "properties": {"county": "新北市", "district": "土城區", "highway": "unclassified", "name": null}, "geometry": {"type": "LineString", "coordinates": [[121.4452341, 24.9422986], [121.4453452, 24.9422396]]}}, {"type": "Feature", "properties": {"county": "新北市", "district": "土城區", "highway": "unclassified", "name": "龍泉路"}, "geometry": {"type": "LineString", "coordinates": [[121.4474593, 24.9431201], [121.447358, 24.9431044], [121.4472635, 24.9431354], [121.4470891, 24.9433445], [121.4468994, 24.9434533], [121.4467659, 24.9435275], [121.4466835, 24.9435908], [121.4465809, 24.943716], [121.4464823, 24.9437738], [121.4463374, 24.9437999], [121.4462187, 24.9438364], [121.4461323, 24.9438996], [121.4459057, 24.9441191], [121.4457802, 24.9442401], [121.4456877, 24.9443313], [121.4456462, 24.9443502], [121.4456032, 24.9443508], [121.4455697, 24.9443495], [121.4454658, 24.9443039], [121.4453997, 24.9442649], [121.4453363, 24.9442182], [121.4451479, 24.9440741], [121.4450386, 24.9439902], [121.4449538, 24.9439586], [121.4447741, 24.9439318], [121.4446503, 24.943871], [121.4444428, 24.9437731], [121.4444009, 24.9437549], [121.4443711, 24.943711], [121.4444093, 24.9436636], [121.4444892, 24.9436326], [121.4448821, 24.9435615], [121.4450544, 24.9435268], [121.4451996, 24.9434764], [121.4452857, 24.9434576], [121.4454537, 24.9433588], [121.4454933, 24.9432925], [121.4455214, 24.9432511], [121.4454554, 24.943215], [121.4454112, 24.9432088], [121.4453716, 24.9432234], [121.4452778, 24.9432758], [121.4451959, 24.9433068], [121.4451053, 24.9433019], [121.4450041, 24.9432618], [121.4449397, 24.9432253], [121.4449029, 24.943184], [121.4448928, 24.9431407], [121.444931, 24.9430721], [121.4449914, 24.9430149], [121.4450645, 24.9429821], [121.4451724, 24.9429754], [121.4452495, 24.9429262], [121.445275, 24.9428367], [121.4452502, 24.9424252], [121.4452341, 24.9422986]]}}, {"type": "Feature", "properties": {"county": "新北市", "district": "土城區", "highway": "unclassified", "name": "龍泉路"}, "geometry": {"type": "LineString", "coordinates": [[121.4093608, 24.9499181], [121.4092891, 24.9499878]]}}, {"type": "Feature", "properties": {"county": "新北市", "district": "土城區", "highway": "primary", "name": "中央路四段"}, "geometry": {"type": "LineString", "coordinates": [[121.4077935, 24.9494337], [121.4082272, 24.9496043], [121.4084181, 24.9496472], [121.4091018, 24.9498254], [121.4093608, 24.9499181]]}}, {"type": "Feature", "properties": {"county": "新北市", "district": "土城區", "highway": "primary", "name": "中央路四段"}, "geometry": {"type": "LineString", "coordinates": [[121.4092891, 24.9499878], [121.4090846, 24.9498986], [121.4088334, 24.9498301], [121.4082277, 24.9496845], [121.4078302, 24.9495613], [121.4077209, 24.9494997]]}}, {"type": "Feature", "properties": {"county": "新北市", "district": "土城區", "highway": "residential", "name": "三民路"}, "geometry": {"type": "LineString", "coordinates": [[121.4217956, 24.9614963], [121.4218563, 24.9614076]]}}, {"type": "Feature", "properties": {"county": "新北市", "district": "土城區", "highway": "primary", "name": "中央路四段"}, "geometry": {"type": "LineString", "coordinates": [[121.4222047, 24.9617827], [121.4221902, 24.961774], [121.4221129, 24.9617237], [121.4217956, 24.9614963]]}}, {"type": "Feature", "properties": {"county": "新北市", "district": "土城區", "highway": "residential", "name": "福安街"}, "geometry": {"type": "LineString", "coordinates": [[121.4193327, 24.9648052], [121.4201021, 24.9651075], [121.4204715, 24.9652312]]}}, {"type": "Feature", "properties": {"county": "新北市", "district": "土城區", "highway": "unclassified", "name": "中山路"}, "geometry": {"type": "LineString", "coordinates": [[121.4222819, 24.9631361], [121.4235844, 24.9634169], [121.4242372, 24.9635573], [121.4244303, 24.9635962], [121.4245628, 24.9636338]]}}, {"type": "Feature", "properties": {"county": "新北市", "district": "土城區", "highway": "unclassified", "name": "中興路"}, "geometry": {"type": "LineString", "coordinates": [[121.4253515, 24.9627852], [121.4254249, 24.9627083]]}}, {"type": "Feature", "properties": {"county": "新北市", "district": "土城區", "highway": "primary", "name": "中央路四段"}, "geometry": {"type": "LineString", "coordinates": [[121.4261396, 24.9632784], [121.4256732, 24.9629746], [121.4254539, 24.9628455], [121.4253515, 24.9627852]]}}, {"type": "Feature", "properties": {"county": "新北市", "district": "土城區", "highway": "residential", "name": "和平路"}, "geometry": {"type": "LineString", "coordinates": [[121.4571986, 24.9940171], [121.4571166, 24.9939908]]}}, {"type": "Feature", "properties": {"county": "新北市", "district": "土城區", "highway": "tertiary", "name": "信義路"}, "geometry": {"type": "LineString", "coordinates": [[121.4571986, 24.9940171], [121.4571694, 24.9940887], [121.4571525, 24.9942168], [121.4571317, 24.9944641], [121.4571088, 24.9951882]]}}, {"type": "Feature", "properties": {"county": "新北市", "district": "土城區", "highway": "tertiary", "name": "信義路"}, "geometry": {"type": "LineString", "coordinates": [[121.4604273, 24.9901448], [121.4604405, 24.990293], [121.4603697, 24.9905031], [121.4602319, 24.9907154], [121.4601258, 24.9908801], [121.4600485, 24.990974], [121.4599189, 24.9911067], [121.4596329, 24.9913682], [121.4594417, 24.9915305], [121.4592842, 24.9916575], [121.4591327, 24.9918034]]}}, {"type": "Feature", "properties": {"county": "新北市", "district": "土城區", "highway": "tertiary", "name": "信義路"}, "geometry": {"type": "LineString", "coordinates": [[121.4571166, 24.9939908], [121.4572082, 24.9938266], [121.4573122, 24.9936811], [121.4575247, 24.9934588], [121.4579854, 24.9929497], [121.4580819, 24.9928289], [121.4582874, 24.992611], [121.4585783, 24.9923026], [121.4590669, 24.9917596]]}}, {"type": "Feature", "properties": {"county": "新北市", "district": "土城區", "highway": "residential", "name": "信義路150巷"}, "geometry": {"type": "LineString", "coordinates": [[121.4590669, 24.9917596], [121.4591327, 24.9918034]]}}, {"type": "Feature", "properties": {"county": "新北市", "district": "土城區", "highway": "primary", "name": "四川路二段"}, "geometry": {"type": "LineString", "coordinates": [[121.4503482, 24.9935632], [121.450532, 24.9937388], [121.4507123, 24.9938952], [121.4508749, 24.9940099], [121.4510393, 24.9941069]]}}, {"type": "Feature", "properties": {"county": "新北市", "district": "土城區", "highway": "residential", "name": "廣興街"}, "geometry": {"type": "LineString", "coordinates": [[121.4553475, 24.99159], [121.4559765, 24.9916674], [121.4560932, 24.9916817], [121.4564433, 24.9917252], [121.456899, 24.9917818]]}}, {"type": "Feature", "properties": {"county": "新北市", "district": "土城區", "highway": "primary", "name": "四川路二段"}, "geometry": {"type": "LineString", "coordinates": [[121.4533111, 24.9951583], [121.4523554, 24.9947812], [121.4514444, 24.9944168], [121.4512423, 24.9943264], [121.4510176, 24.9942259]]}}, {"type": "Feature", "properties": {"county": "新北市", "district": "土城區", "highway": "tertiary", "name": "中央路一段"}, "geometry": {"type": "LineString", "coordinates": [[121.4443493, 24.9844237], [121.4443224, 24.9843863], [121.4442407, 24.9842726], [121.4440708, 24.9839415], [121.444035, 24.9838669], [121.4439262, 24.9836399], [121.4438104, 24.9833929], [121.4437551, 24.9832206], [121.4437442, 24.9831867], [121.4435761, 24.9826637], [121.4434788, 24.9823629], [121.4434306, 24.9822173], [121.4432671, 24.9817234], [121.4430428, 24.980947]]}}, {"type": "Feature", "properties": {"county": "新北市", "district": "土城區", "highway": "secondary", "name": "金城路三段"}, "geometry": {"type": "LineString", "coordinates": [[121.4702844, 24.989054], [121.4711637, 24.9895174], [121.4714086, 24.9896405], [121.4717187, 24.9898019], [121.4721406, 24.9899856], [121.4723783, 24.9900734], [121.4734943, 24.9905102], [121.4735566, 24.9905317], [121.4740948, 24.9907422], [121.47467, 24.9909697], [121.4754392, 24.9912933]]}}, {"type": "Feature", "properties": {"county": "新北市", "district": "土城區", "highway": "tertiary", "name": "青雲路"}, "geometry": {"type": "LineString", "coordinates": [[121.458903, 24.9770368], [121.4589916, 24.9785387], [121.4590185, 24.9789924], [121.4590308, 24.9792701], [121.4590387, 24.979347], [121.4590602, 24.9797487], [121.4590558, 24.9800867], [121.4590429, 24.9805041], [121.4590405, 24.9808394], [121.4590443, 24.9810216], [121.4590416, 24.9813765], [121.4590576, 24.9814731]]}}, {"type": "Feature", "properties": {"county": "新北市", "district": "土城區", "highway": "tertiary", "name": "永豐路"}, "geometry": {"type": "LineString", "coordinates": [[121.4642222, 24.9858831], [121.4641838, 24.9859592]]}}, {"type": "Feature", "properties": {"county": "新北市", "district": "土城區", "highway": "unclassified", "name": "延和路"}, "geometry": {"type": "LineString", "coordinates": [[121.4702844, 24.989054], [121.4702029, 24.9891606]]}}, {"type": "Feature", "properties": {"county": "新北市", "district": "土城區", "highway": "secondary", "name": "金城路三段"}, "geometry": {"type": "LineString", "coordinates": [[121.4702029, 24.9891606], [121.4695127, 24.9887824], [121.4690428, 24.9885329], [121.4685603, 24.988276], [121.4683139, 24.9881323], [121.4680504, 24.9879957], [121.4677889, 24.9878508], [121.467406, 24.9876455], [121.4670208, 24.9874361], [121.4664328, 24.9871089], [121.4655996, 24.9866709], [121.4645908, 24.9861259]]}}, {"type": "Feature", "properties": {"county": "新北市", "district": "土城區", "highway": "tertiary", "name": "立德路"}, "geometry": {"type": "LineString", "coordinates": [[121.4645908, 24.9861259], [121.4643366, 24.98655], [121.4643032, 24.9866104], [121.4642632, 24.9866656], [121.4642055, 24.9867436], [121.4640681, 24.9869276], [121.4638136, 24.987195], [121.4637441, 24.9872624], [121.4635564, 24.9874213], [121.463466, 24.9874928]]}}, {"type": "Feature", "properties": {"county": "新北市", "district": "土城區", "highway": "tertiary_link", "name": null}, "geometry": {"type": "LineString", "coordinates": [[121.4417128, 24.9745381], [121.4417674, 24.9745543], [121.4418814, 24.9745738], [121.4419712, 24.9745726], [121.4420431, 24.9745629]]}}, {"type": "Feature", "properties": {"county": "新北市", "district": "土城區", "highway": "tertiary", "name": "大安路"}, "geometry": {"type": "LineString", "coordinates": [[121.4151715, 24.9882056], [121.415196, 24.9882532], [121.4157381, 24.9893057], [121.4159196, 24.9896178], [121.4159483, 24.9896714]]}}, {"type": "Feature", "properties": {"county": "新北市", "district": "土城區", "highway": "tertiary", "name": "八德街"}, "geometry": {"type": "LineString", "coordinates": [[121.4151715, 24.9882056], [121.4150828, 24.9882606]]}}, {"type": "Feature", "properties": {"county": "新北市", "district": "土城區", "highway": "tertiary", "name": "中華路"}, "geometry": {"type": "LineString", "coordinates": [[121.4199437, 24.9815201], [121.4200136, 24.9815526], [121.4200264, 24.9815602], [121.4203449, 24.9817215], [121.4206572, 24.9818797], [121.4212333, 24.9821715], [121.4212563, 24.9821831], [121.4213196, 24.9822152], [121.4214151, 24.9822634], [121.4216287, 24.9823718], [121.4216771, 24.9823932], [121.4216964, 24.9824017], [121.4224542, 24.9827893], [121.422463, 24.9827938], [121.4225225, 24.9828252]]}}, {"type": "Feature", "properties": {"county": "新北市", "district": "土城區", "highway": "residential", "name": null}, "geometry": {"type": "LineString", "coordinates": [[121.4225225, 24.9828252], [121.4224905, 24.9828763]]}}, {"type": "Feature", "properties": {"county": "新北市", "district": "土城區", "highway": "tertiary", "name": "中華路"}, "geometry": {"type": "LineString", "coordinates": [[121.4224905, 24.9828763], [121.4224307, 24.9828447], [121.4224202, 24.9828394], [121.4216581, 24.9824556], [121.4216392, 24.9824461], [121.421595, 24.9824238], [121.421381, 24.9823137], [121.4212863, 24.9822683], [121.421222, 24.9822355], [121.4212004, 24.9822245], [121.4208643, 24.9820533], [121.4203137, 24.9817728]]}}, {"type": "Feature", "properties": {"county": "新北市", "district": "土城區", "highway": "residential", "name": "保安街一段14巷"}, "geometry": {"type": "LineString", "coordinates": [[121.4297522, 24.9960994], [121.4294826, 24.9958276]]}}, {"type": "Feature", "properties": {"county": "新北市", "district": "土城區", "highway": "tertiary", "name": "板林路"}, "geometry": {"type": "LineString", "coordinates": [[121.4245103, 24.9870606], [121.424494, 24.9871261], [121.4244599, 24.9872781], [121.4244448, 24.9874469], [121.4244349, 24.9876105], [121.4244442, 24.9877609], [121.4244915, 24.9880746], [121.4245824, 24.9883582], [121.4247036, 24.9886858], [121.4248347, 24.9889582], [121.4250951, 24.9893774], [121.4251066, 24.9894361]]}}, {"type": "Feature", "properties": {"county": "新北市", "district": "土城區", "highway": "trunk_link", "name": "土城交流道"}, "geometry": {"type": "LineString", "coordinates": [[121.4332242, 24.9611807], [121.433051, 24.9612919], [121.4328839, 24.9614333], [121.4327336, 24.9616139], [121.4326495, 24.9617587], [121.4325836, 24.9619927], [121.4325543, 24.9622402], [121.432724, 24.9637351], [121.4327604, 24.9640932], [121.4327548, 24.964271], [121.4327342, 24.9645135], [121.4326514, 24.9649919]]}}, {"type": "Feature", "properties": {"county": "新北市", "district": "土城區", "highway": "motorway_link", "name": "土城交流道"}, "geometry": {"type": "LineString", "coordinates": [[121.4324364, 24.9636522], [121.4322869, 24.9625995]]}}, {"type": "Feature", "properties": {"county": "新北市", "district": "土城區", "highway": "trunk_link", "name": "土城交流道"}, "geometry": {"type": "LineString", "coordinates": [[121.4325989, 24.9631242], [121.4326595, 24.9635908], [121.4327005, 24.9641599], [121.4326836, 24.9645168], [121.4326514, 24.9649919]]}}, {"type": "Feature", "properties": {"county": "新北市", "district": "土城區", "highway": "motorway_link", "name": "土城交流道"}, "geometry": {"type": "LineString", "coordinates": [[121.4322592, 24.9604534], [121.4322892, 24.9605932]]}}, {"type": "Feature", "properties": {"county": "新北市", "district": "土城區", "highway": "motorway_link", "name": "土城交流道"}, "geometry": {"type": "LineString", "coordinates": [[121.4327045, 24.9625196], [121.4327979, 24.9633273], [121.4328462, 24.9638116], [121.4328558, 24.9639266]]}}, {"type": "Feature", "properties": {"county": "新北市", "district": "土城區", "highway": "motorway_link", "name": "土城交流道"}, "geometry": {"type": "LineString", "coordinates": [[121.4328636, 24.9642915], [121.4327866, 24.9648606]]}}, {"type": "Feature", "properties": {"county": "新北市", "district": "土城區", "highway": "tertiary", "name": "莒光路"}, "geometry": {"type": "LineString", "coordinates": [[121.4674491, 24.9935175], [121.4686728, 24.9944911], [121.4689709, 24.9947366], [121.4690381, 24.9947985], [121.4692556, 24.9950073], [121.4692744, 24.9950253], [121.4694368, 24.9952073], [121.4695008, 24.9952846], [121.4698991, 24.9957661], [121.4699936, 24.9958803], [121.4700775, 24.9959977], [121.470227, 24.9961733], [121.4703773, 24.9963489], [121.470499, 24.9964928], [121.4705956, 24.9966063], [121.4711256, 24.9972381], [121.4715447, 24.9977377]]}}, {"type": "Feature", "properties": {"county": "新北市", "district": "土城區", "highway": "tertiary", "name": "安祥路"}, "geometry": {"type": "LineString", "coordinates": [[121.4741094, 24.9554855], [121.4739297, 24.9554108], [121.4738143, 24.9553439], [121.473699, 24.9552296], [121.4736346, 24.9550995], [121.4736011, 24.9548928], [121.4736021, 24.9548653], [121.4736051, 24.9547785], [121.4736172, 24.9547165], [121.4736427, 24.9546873], [121.4736869, 24.9546873], [121.4739967, 24.9548733], [121.4741523, 24.9549098], [121.4742247, 24.9549025], [121.4742717, 24.9548721], [121.474788, 24.9541402], [121.4748886, 24.9540733], [121.4749422, 24.9540599], [121.4750187, 24.9540757], [121.475079, 24.9541134], [121.4751152, 24.9541681], [121.475134, 24.9542447], [121.47513, 24.9543177], [121.4749208, 24.9545341], [121.4748416, 24.9546289], [121.4748215, 24.9547055], [121.474843, 24.9547712], [121.4749087, 24.9548259], [121.4749945, 24.9548588], [121.4751045, 24.9548612], [121.4751782, 24.9548174], [121.4753486, 24.9546764], [121.4754934, 24.9546314], [121.4756154, 24.9546168], [121.4759185, 24.9546593], [121.4761814, 24.9547128], [121.476337, 24.95477], [121.4764523, 24.9548782], [121.4766843, 24.9552284], [121.4770689, 24.9559146], [121.4771235, 24.956012], [121.4772073, 24.9561038], [121.4772367, 24.9561218], [121.4773233, 24.956175], [121.4774087, 24.956208], [121.4774333, 24.9562175], [121.4775263, 24.9562312], [121.4776659, 24.9562374], [121.4780174, 24.9562607]]}}, {"type": "Feature", "properties": {"county": "新北市", "district": "土城區", "highway": "residential", "name": "明德路二段215巷"}, "geometry": {"type": "LineString", "coordinates": [[121.4463362, 24.9837362], [121.4462939, 24.9836294]]}}, {"type": "Feature", "properties": {"county": "新北市", "district": "土城區", "highway": "primary_link", "name": null}, "geometry": {"type": "LineString", "coordinates": [[121.4383238, 24.9686741], [121.4382179, 24.9686609], [121.438197, 24.9686636], [121.438095, 24.9686765], [121.4380004, 24.9687091], [121.4378879, 24.9687627], [121.4378081, 24.9688441]]}}, {"type": "Feature", "properties": {"county": "新北市", "district": "土城區", "highway": "tertiary", "name": "明德路一段"}, "geometry": {"type": "LineString", "coordinates": [[121.4534145, 24.9792078], [121.4534721, 24.9791464], [121.4538671, 24.9787666], [121.4540142, 24.9786515], [121.4541, 24.9785962], [121.4542939, 24.9784713], [121.4547921, 24.978211], [121.4551596, 24.9780785], [121.4555083, 24.9779629], [121.4561985, 24.9777546], [121.4564442, 24.9776916], [121.4576697, 24.977405], [121.458161, 24.9772811], [121.4586337, 24.9771118], [121.458903, 24.9770368]]}}, {"type": "Feature", "properties": {"county": "新北市", "district": "土城區", "highway": "unclassified", "name": "海明街"}, "geometry": {"type": "LineString", "coordinates": [[121.4107143, 24.9896723], [121.4107202, 24.9896826], [121.4107372, 24.9897133], [121.4107851, 24.9900538], [121.4107842, 24.9904293], [121.4107554, 24.990642], [121.4106662, 24.9907672], [121.4105904, 24.9908177], [121.4105334, 24.9908645], [121.4105059, 24.9909137], [121.4104925, 24.9909684], [121.410518, 24.9910152], [121.4105415, 24.9910802], [121.4105582, 24.9911077], [121.4105725, 24.9911352], [121.4106284, 24.9911704], [121.4106635, 24.9911868], [121.4109423, 24.9912951], [121.4109594, 24.9913174], [121.4109565, 24.9913415], [121.4109414, 24.9913784], [121.410912, 24.9913999], [121.4108702, 24.9914016], [121.4108133, 24.9913965], [121.4107356, 24.991375], [121.4106768, 24.9913535], [121.4105706, 24.99132], [121.4103117, 24.9912392], [121.4102733, 24.9912145], [121.4102578, 24.9911987], [121.4102491, 24.9911708], [121.4102491, 24.9911149], [121.4102847, 24.9909106], [121.41029, 24.9908626], [121.4102793, 24.9908347], [121.4102706, 24.9908249], [121.4102531, 24.9908164], [121.4102263, 24.9908183], [121.4101975, 24.9908298], [121.4101673, 24.9908505], [121.4101438, 24.9908967], [121.4100956, 24.9910431], [121.4100178, 24.9911446], [121.4099018, 24.9912334], [121.4096624, 24.9912695], [121.409595, 24.9912917], [121.4095581, 24.991373], [121.4095568, 24.9914899], [121.4095985, 24.9916414], [121.4096453, 24.9917877], [121.409788, 24.9919129], [121.4100313, 24.992042], [121.4101025, 24.9920189], [121.4101911, 24.9919366], [121.4103639, 24.9918367], [121.410427, 24.9918446], [121.410477, 24.9918723], [121.4104976, 24.9919187], [121.4104921, 24.9919769], [121.4103252, 24.9921262], [121.4103038, 24.9922477]]}}, {"type": "Feature", "properties": {"county": "新北市", "district": "土城區", "highway": "unclassified", "name": "海明橋"}, "geometry": {"type": "LineString", "coordinates": [[121.4106892, 24.989628], [121.4107143, 24.9896723]]}}, {"type": "Feature", "properties": {"county": "新北市", "district": "土城區", "highway": "unclassified", "name": "光明街"}, "geometry": {"type": "LineString", "coordinates": [[121.4110931, 24.9894705], [121.4111078, 24.9894967], [121.4112097, 24.9897063], [121.4115626, 24.9904829], [121.4116922, 24.9906739], [121.4123598, 24.9914029], [121.4130335, 24.9922886], [121.4134312, 24.9923207], [121.4141179, 24.9921845]]}}, {"type": "Feature", "properties": {"county": "新北市", "district": "土城區", "highway": "unclassified", "name": "光明街"}, "geometry": {"type": "LineString", "coordinates": [[121.4110678, 24.9894255], [121.4110931, 24.9894705]]}}, {"type": "Feature", "properties": {"county": "新北市", "district": "土城區", "highway": "tertiary", "name": "備內街"}, "geometry": {"type": "LineString", "coordinates": [[121.4090683, 24.9895309], [121.4090101, 24.9895307], [121.4088815, 24.9894854], [121.4087179, 24.9894222], [121.4084712, 24.9891947], [121.4083233, 24.9891273], [121.4081982, 24.9891246], [121.4079681, 24.9892035], [121.4076406, 24.9893205], [121.407463, 24.9894026], [121.4073178, 24.9895082], [121.4071586, 24.9896006], [121.4070362, 24.989623], [121.4068952, 24.9896201], [121.4068465, 24.9896082], [121.406738, 24.9895256], [121.4066555, 24.9895056], [121.4065102, 24.9895454], [121.4064206, 24.9895762], [121.4062704, 24.9895632], [121.4061745, 24.9896118], [121.4061702, 24.9896088]]}}, {"type": "Feature", "properties": {"county": "新北市", "district": "土城區", "highway": "tertiary", "name": "備內街"}, "geometry": {"type": "LineString", "coordinates": [[121.4091501, 24.9895183], [121.4090683, 24.9895309]]}}, {"type": "Feature", "properties": {"county": "新北市", "district": "土城區", "highway": "secondary", "name": "珠廉橋"}, "geometry": {"type": "LineString", "coordinates": [[121.4247015, 24.9935903], [121.4246761, 24.9935528], [121.4246604, 24.9935298]]}}, {"type": "Feature", "properties": {"county": "新北市", "district": "土城區", "highway": "secondary", "name": "中山路一段"}, "geometry": {"type": "LineString", "coordinates": [[121.4246604, 24.9935298], [121.4244193, 24.9931275], [121.424379, 24.9930576], [121.4243596, 24.9930254], [121.4243338, 24.9929825], [121.4236976, 24.9919248], [121.4236581, 24.9918591], [121.4235636, 24.991702], [121.4235035, 24.9916022], [121.42339, 24.9914134], [121.4233785, 24.9913944], [121.4233004, 24.9912645]]}}, {"type": "Feature", "properties": {"county": "新北市", "district": "土城區", "highway": "unclassified", "name": null}, "geometry": {"type": "LineString", "coordinates": [[121.481175, 24.9650573], [121.4811455, 24.9651131], [121.4811735, 24.9651575], [121.4812481, 24.965185], [121.4812993, 24.9652209], [121.4814965, 24.9654318]]}}, {"type": "Feature", "properties": {"county": "新北市", "district": "土城區", "highway": "tertiary", "name": "安祥路"}, "geometry": {"type": "LineString", "coordinates": [[121.4782796, 24.9563002], [121.478189, 24.9562698], [121.4780174, 24.9562607]]}}, {"type": "Feature", "properties": {"county": "新北市", "district": "土城區", "highway": "tertiary", "name": "安祥路"}, "geometry": {"type": "LineString", "coordinates": [[121.4784774, 24.9576857], [121.4783882, 24.9576747], [121.4782923, 24.9576407], [121.4782601, 24.957606], [121.4782326, 24.9575392], [121.4782306, 24.9574383], [121.4782534, 24.9572656], [121.4783365, 24.9570662], [121.4783996, 24.9567914], [121.4784331, 24.9565622], [121.4784351, 24.9564759], [121.4783848, 24.956381], [121.4782796, 24.9563002]]}}, {"type": "Feature", "properties": {"county": "新北市", "district": "土城區", "highway": "residential", "name": "中正路"}, "geometry": {"type": "LineString", "coordinates": [[121.4469187, 24.9757215], [121.4469956, 24.975649]]}}, {"type": "Feature", "properties": {"county": "新北市", "district": "土城區", "highway": "tertiary", "name": "明德路一段"}, "geometry": {"type": "LineString", "coordinates": [[121.4528143, 24.9797801], [121.4528837, 24.9797157], [121.4529351, 24.9796681], [121.4532802, 24.9793372], [121.4534145, 24.9792078]]}}, {"type": "Feature", "properties": {"county": "新北市", "district": "土城區", "highway": "unclassified", "name": "南天母路"}, "geometry": {"type": "LineString", "coordinates": [[121.4445427, 24.9582569], [121.4445882, 24.9582372]]}}, {"type": "Feature", "properties": {"county": "新北市", "district": "土城區", "highway": "unclassified", "name": "南天母路"}, "geometry": {"type": "LineString", "coordinates": [[121.4445882, 24.9582372], [121.444708, 24.9581039]]}}, {"type": "Feature", "properties": {"county": "新北市", "district": "土城區", "highway": "unclassified", "name": "南天母路"}, "geometry": {"type": "LineString", "coordinates": [[121.444708, 24.9581039], [121.4451097, 24.957555], [121.4457554, 24.9567926], [121.4458061, 24.9567328], [121.4461112, 24.9562972], [121.446173, 24.9562025], [121.4462063, 24.9561151], [121.4462553, 24.9557447], [121.4462601, 24.9554946], [121.4462885, 24.9552543], [121.4463211, 24.9551705], [121.4463984, 24.9551057], [121.4464953, 24.9550886], [121.446612, 24.9551037], [121.4466721, 24.9551337], [121.4467305, 24.955207], [121.4467693, 24.9552927], [121.4467856, 24.9554045], [121.4467815, 24.955776], [121.4467813, 24.9557948], [121.4467621, 24.9558594], [121.4466897, 24.9561023], [121.4463509, 24.9567697], [121.4462245, 24.9570956], [121.4462049, 24.9571686], [121.4462218, 24.9572232], [121.4462691, 24.9572648], [121.4463479, 24.9572925], [121.4464267, 24.9572904], [121.4465056, 24.9572614], [121.4465645, 24.9572219], [121.4466203, 24.9571381], [121.4467504, 24.9568768], [121.4468693, 24.9566533], [121.446895, 24.956605], [121.4474003, 24.9562122], [121.4474689, 24.9561517], [121.4478937, 24.9557642], [121.4479933, 24.9556718], [121.4480709, 24.9555274], [121.4480524, 24.9552946], [121.4479846, 24.9551112], [121.4477863, 24.9547952], [121.4475562, 24.9544696], [121.4475169, 24.9544076], [121.4475085, 24.9543151], [121.4475992, 24.9539027], [121.4476541, 24.9535863], [121.4476744, 24.9527307], [121.4476181, 24.9516931], [121.447746, 24.9513687], [121.4477866, 24.9511834], [121.4478881, 24.9510597]]}}, {"type": "Feature", "properties": {"county": "新北市", "district": "土城區", "highway": "residential", "name": "裕華街"}, "geometry": {"type": "LineString", "coordinates": [[121.44608, 24.9901698], [121.446648, 24.9907651], [121.4467322, 24.9907924], [121.4467992, 24.9907859]]}}, {"type": "Feature", "properties": {"county": "新北市", "district": "土城區", "highway": "primary", "name": "四川路二段"}, "geometry": {"type": "LineString", "coordinates": [[121.4498998, 24.9930163], [121.4499749, 24.9931216]]}}, {"type": "Feature", "properties": {"county": "新北市", "district": "土城區", "highway": "residential", "name": "中正路"}, "geometry": {"type": "LineString", "coordinates": [[121.4453193, 24.975735], [121.4453827, 24.9757516], [121.4465429, 24.9758852], [121.4465915, 24.9758911], [121.4467427, 24.9758574], [121.4468406, 24.9757854], [121.4469187, 24.9757215]]}}, {"type": "Feature", "properties": {"county": "新北市", "district": "土城區", "highway": "residential", "name": "學府路二段"}, "geometry": {"type": "LineString", "coordinates": [[121.4451555, 24.9765625], [121.4453025, 24.9758099], [121.4453193, 24.975735]]}}, {"type": "Feature", "properties": {"county": "新北市", "district": "土城區", "highway": "residential", "name": "學府路二段"}, "geometry": {"type": "LineString", "coordinates": [[121.4453193, 24.975735], [121.4453403, 24.9756429], [121.4454828, 24.9749996], [121.4454955, 24.9749506], [121.4455232, 24.974923], [121.4457654, 24.9747548], [121.4458542, 24.9746932], [121.4459292, 24.9746318]]}}, {"type": "Feature", "properties": {"county": "新北市", "district": "土城區", "highway": "residential", "name": "龍山二街"}, "geometry": {"type": "LineString", "coordinates": [[121.4500805, 24.9795635], [121.4501207, 24.9795127], [121.4509169, 24.9787853], [121.4509719, 24.978735], [121.4510427, 24.9786703]]}}, {"type": "Feature", "properties": {"county": "新北市", "district": "土城區", "highway": "residential", "name": "學士路"}, "geometry": {"type": "LineString", "coordinates": [[121.4515407, 24.9809917], [121.451025, 24.9804633], [121.4505329, 24.9799873], [121.4501258, 24.9796092], [121.4500805, 24.9795635]]}}, {"type": "Feature", "properties": {"county": "新北市", "district": "土城區", "highway": "secondary", "name": "金城路二段"}, "geometry": {"type": "LineString", "coordinates": [[121.4510427, 24.9786703], [121.4514953, 24.9790537], [121.4518038, 24.979337]]}}, {"type": "Feature", "properties": {"county": "新北市", "district": "土城區", "highway": "primary", "name": "中央路一段"}, "geometry": {"type": "LineString", "coordinates": [[121.4497899, 24.9930839], [121.4495925, 24.9928021]]}}, {"type": "Feature", "properties": {"county": "新北市", "district": "土城區", "highway": "secondary", "name": "四川路二段"}, "geometry": {"type": "LineString", "coordinates": [[121.4479988, 24.9936857], [121.448839, 24.9935205], [121.4489674, 24.9934944]]}}, {"type": "Feature", "properties": {"county": "新北市", "district": "土城區", "highway": "residential", "name": null}, "geometry": {"type": "LineString", "coordinates": [[121.4446609, 24.9378827], [121.4446113, 24.9379037], [121.4445758, 24.9379125], [121.4445342, 24.9379185], [121.4444846, 24.9379234], [121.4443974, 24.9379368], [121.444372, 24.9379429], [121.4443492, 24.937955], [121.4442674, 24.9380231], [121.4441949, 24.9380705], [121.4441574, 24.9381022], [121.444144, 24.9381289], [121.4441386, 24.9381642], [121.4441507, 24.938225], [121.4441735, 24.9382785], [121.4442057, 24.9383186], [121.4442647, 24.9383697], [121.4444497, 24.9385193], [121.4444833, 24.9385509], [121.444623, 24.938793], [121.4446781, 24.938912], [121.4447165, 24.939005], [121.4447054, 24.939148], [121.4447072, 24.9392659], [121.4447113, 24.9392963], [121.4447367, 24.9393438], [121.444781, 24.9393888], [121.4448199, 24.9394325]]}}, {"type": "Feature", "properties": {"county": "新北市", "district": "土城區", "highway": "residential", "name": null}, "geometry": {"type": "LineString", "coordinates": [[121.4453468, 24.9621487], [121.4455258, 24.9618648], [121.4456151, 24.9615984], [121.4458665, 24.9613638], [121.4459846, 24.9612257], [121.4461776, 24.9610842], [121.4462996, 24.9609614], [121.4464257, 24.9608894], [121.4465095, 24.9608264], [121.4465886, 24.9606897], [121.4468738, 24.9603684], [121.4469729, 24.9602824], [121.4472654, 24.9602103], [121.4473718, 24.9601188], [121.4476448, 24.9599966], [121.4477683, 24.9599719], [121.4478998, 24.9600023], [121.448013, 24.9600467], [121.4480727, 24.9600279], [121.4481055, 24.9599799], [121.4481633, 24.959882], [121.4482409, 24.9598483], [121.4483006, 24.9598538], [121.4485475, 24.9599464], [121.4487735, 24.9600675], [121.4488873, 24.960058], [121.4489718, 24.9600112], [121.4494025, 24.9600225], [121.4494595, 24.9599939], [121.449505, 24.9599099], [121.4495353, 24.9598071], [121.4495371, 24.9597152], [121.4495044, 24.9594588], [121.4495082, 24.9593425], [121.4497382, 24.9592349], [121.4498489, 24.9591455], [121.4499662, 24.9590714], [121.4502152, 24.9588629], [121.4502528, 24.9588082], [121.4502554, 24.9587158], [121.4502324, 24.9586355], [121.4502226, 24.9586192], [121.4501969, 24.9585765], [121.4501218, 24.9585133], [121.4500078, 24.9583698], [121.4500085, 24.9583048], [121.4501225, 24.958205], [121.4501875, 24.9581728]]}}, {"type": "Feature", "properties": {"county": "新北市", "district": "土城區", "highway": "tertiary", "name": "八德街"}, "geometry": {"type": "LineString", "coordinates": [[121.4205642, 24.9805341], [121.4207415, 24.9803639], [121.4208025, 24.9802392], [121.4208214, 24.9802063], [121.4212646, 24.9794322], [121.4212693, 24.9794241], [121.4213014, 24.9793665], [121.4213401, 24.9792917], [121.4213544, 24.9792667], [121.4214026, 24.979158], [121.4215221, 24.9788508], [121.4215916, 24.9786104], [121.4216026, 24.9785652], [121.4216212, 24.978489], [121.4216257, 24.978444], [121.4216426, 24.9782768], [121.4216411, 24.9780204], [121.4215881, 24.977692], [121.4213705, 24.9769388], [121.4212879, 24.9767399], [121.4210629, 24.976198], [121.4207795, 24.97565], [121.4203579, 24.9751088], [121.4199361, 24.9746984], [121.4198924, 24.9746559], [121.4198645, 24.9746346], [121.4196577, 24.9744763], [121.4192951, 24.9741988], [121.4190715, 24.9740453], [121.4189898, 24.9739892], [121.418235, 24.9735138]]}}, {"type": "Feature", "properties": {"county": "新北市", "district": "土城區", "highway": "unclassified", "name": "太平路"}, "geometry": {"type": "LineString", "coordinates": [[121.418235, 24.9735138], [121.4183997, 24.9731996], [121.4184802, 24.9729881], [121.4186357, 24.9727109]]}}, {"type": "Feature", "properties": {"county": "新北市", "district": "土城區", "highway": "tertiary", "name": "復興路"}, "geometry": {"type": "LineString", "coordinates": [[121.4162651, 24.9864888], [121.4162211, 24.9864493], [121.4158839, 24.9861465]]}}, {"type": "Feature", "properties": {"county": "新北市", "district": "土城區", "highway": "tertiary", "name": "八德街"}, "geometry": {"type": "LineString", "coordinates": [[121.4199069, 24.9815754], [121.4198706, 24.9816322], [121.4198629, 24.981643], [121.4195595, 24.9820809], [121.419359, 24.9823639], [121.4192287, 24.9825479], [121.4191596, 24.9826455], [121.4191244, 24.9826991]]}}, {"type": "Feature", "properties": {"county": "新北市", "district": "土城區", "highway": "residential", "name": "太平路"}, "geometry": {"type": "LineString", "coordinates": [[121.4191244, 24.9826991], [121.4191499, 24.9828213], [121.4191583, 24.9828598], [121.4191613, 24.9828784], [121.4191812, 24.9831454], [121.4191368, 24.9833628], [121.4190498, 24.9836189], [121.4190268, 24.9836938], [121.4190189, 24.9837453], [121.418873, 24.9841163]]}}, {"type": "Feature", "properties": {"county": "新北市", "district": "土城區", "highway": "tertiary", "name": "八德街"}, "geometry": {"type": "LineString", "coordinates": [[121.419089, 24.982477], [121.4191193, 24.9824358], [121.4193343, 24.9821434], [121.4195587, 24.981861], [121.4197457, 24.9816065], [121.4197634, 24.9815825], [121.4197685, 24.9815756], [121.4198035, 24.9815197]]}}, {"type": "Feature", "properties": {"county": "新北市", "district": "土城區", "highway": "tertiary", "name": "太平路"}, "geometry": {"type": "LineString", "coordinates": [[121.419089, 24.982477], [121.4191244, 24.9826991]]}}, {"type": "Feature", "properties": {"county": "新北市", "district": "土城區", "highway": "residential", "name": "中央路二段21巷"}, "geometry": {"type": "LineString", "coordinates": [[121.4456587, 24.9792455], [121.4456162, 24.9791786], [121.4455631, 24.9790959]]}}, {"type": "Feature", "properties": {"county": "新北市", "district": "土城區", "highway": "residential", "name": null}, "geometry": {"type": "LineString", "coordinates": [[121.4429354, 24.9787793], [121.4429607, 24.9788343], [121.4429757, 24.9788692], [121.4429738, 24.9788978], [121.4429641, 24.978925], [121.4429409, 24.9789443], [121.4428336, 24.9789833], [121.4428059, 24.9789934]]}}, {"type": "Feature", "properties": {"county": "新北市", "district": "土城區", "highway": "unclassified", "name": "千歲路"}, "geometry": {"type": "LineString", "coordinates": [[121.4423833, 24.9682137], [121.4421477, 24.9683624]]}}, {"type": "Feature", "properties": {"county": "新北市", "district": "土城區", "highway": "unclassified", "name": "千歲路"}, "geometry": {"type": "LineString", "coordinates": [[121.4411073, 24.9695363], [121.441015, 24.9696467]]}}, {"type": "Feature", "properties": {"county": "新北市", "district": "土城區", "highway": "secondary", "name": "金城路一段"}, "geometry": {"type": "LineString", "coordinates": [[121.441015, 24.9696467], [121.4409164, 24.9696042], [121.440613, 24.9694793], [121.4405082, 24.9694398]]}}, {"type": "Feature", "properties": {"county": "新北市", "district": "土城區", "highway": "tertiary", "name": "新鶯堤外道"}, "geometry": {"type": "LineString", "coordinates": [[121.419522, 24.9726498], [121.4194107, 24.9725852], [121.4193881, 24.972572], [121.4193463, 24.9725477], [121.4186554, 24.9721465], [121.4180901, 24.9718624], [121.4174837, 24.9715858], [121.4169489, 24.9713741], [121.4162424, 24.9711235], [121.4160617, 24.971048], [121.4160269, 24.9710334], [121.4159938, 24.9710195], [121.4157653, 24.9709239], [121.4152947, 24.9706931], [121.4148078, 24.9704066], [121.4143172, 24.9701491], [121.4138418, 24.9699558], [121.4137661, 24.969925], [121.4136781, 24.9698922], [121.413013, 24.9696774], [121.4123902, 24.9695041], [121.4117569, 24.9693431], [121.4099815, 24.9689328], [121.4094664, 24.9688364], [121.4088261, 24.9687432], [121.4081627, 24.9687154], [121.4075314, 24.9687165], [121.4069915, 24.9687607], [121.406398, 24.9688368], [121.4055199, 24.9688709], [121.3992363, 24.968839], [121.398578, 24.9688248], [121.3981137, 24.968809], [121.3975759, 24.9687596], [121.3972109, 24.9687032], [121.3968688, 24.9686179], [121.3958711, 24.9682545], [121.3952801, 24.9680479], [121.3947555, 24.9679014], [121.3942076, 24.9677997], [121.3933834, 24.9676806], [121.3927212, 24.9676426], [121.3921463, 24.9676684], [121.3916496, 24.9677315], [121.3914479, 24.9677659], [121.3912754, 24.9677971]]}}, {"type": "Feature", "properties": {"county": "新北市", "district": "土城區", "highway": "tertiary", "name": "永豐路"}, "geometry": {"type": "LineString", "coordinates": [[121.4687844, 24.9799463], [121.4688926, 24.9798485], [121.4690419, 24.9797136], [121.4691452, 24.9795276], [121.4693088, 24.9792116], [121.4694912, 24.978966], [121.4699083, 24.9785806], [121.4699405, 24.9785162], [121.4700212, 24.9783831]]}}, {"type": "Feature", "properties": {"county": "新北市", "district": "土城區", "highway": "tertiary", "name": "明德路一段"}, "geometry": {"type": "LineString", "coordinates": [[121.4653524, 24.9842311], [121.4652434, 24.9845957], [121.4651376, 24.9849629]]}}, {"type": "Feature", "properties": {"county": "新北市", "district": "土城區", "highway": "tertiary", "name": "明德路一段"}, "geometry": {"type": "LineString", "coordinates": [[121.4651376, 24.9849629], [121.4650718, 24.9851582]]}}, {"type": "Feature", "properties": {"county": "新北市", "district": "土城區", "highway": "tertiary", "name": "立德路"}, "geometry": {"type": "LineString", "coordinates": [[121.463466, 24.9874928], [121.4633213, 24.9875759], [121.4629728, 24.9877393]]}}, {"type": "Feature", "properties": {"county": "新北市", "district": "土城區", "highway": "tertiary", "name": "立德路"}, "geometry": {"type": "LineString", "coordinates": [[121.4629728, 24.9877393], [121.4628786, 24.9877852]]}}, {"type": "Feature", "properties": {"county": "新北市", "district": "土城區", "highway": "tertiary", "name": "板城路"}, "geometry": {"type": "LineString", "coordinates": [[121.4482687, 24.9958525], [121.4483902, 24.9959441], [121.4489085, 24.9963347], [121.4492888, 24.9965995], [121.4495761, 24.9968096], [121.4499401, 24.9971173], [121.4503307, 24.9975198], [121.4504344, 24.9976266]]}}, {"type": "Feature", "properties": {"county": "新北市", "district": "土城區", "highway": "tertiary", "name": "板城路"}, "geometry": {"type": "LineString", "coordinates": [[121.4474529, 24.9952372], [121.4481096, 24.9957325], [121.4482687, 24.9958525]]}}, {"type": "Feature", "properties": {"county": "新北市", "district": "土城區", "highway": "tertiary", "name": "板城路"}, "geometry": {"type": "LineString", "coordinates": [[121.4499414, 24.9980773], [121.4498928, 24.9980351], [121.4496553, 24.9978286], [121.449208, 24.9974881], [121.4488696, 24.9972236], [121.4486688, 24.9970651], [121.4479791, 24.9965119], [121.4474678, 24.9960627], [121.4472264, 24.9958512], [121.4469228, 24.9956017], [121.4466605, 24.9953821], [121.446264, 24.9950757]]}}, {"type": "Feature", "properties": {"county": "新北市", "district": "土城區", "highway": "unclassified", "name": null}, "geometry": {"type": "LineString", "coordinates": [[121.447429, 24.9938883], [121.4473229, 24.9939536], [121.4468952, 24.9940221], [121.4468253, 24.9940333]]}}, {"type": "Feature", "properties": {"county": "新北市", "district": "土城區", "highway": "secondary", "name": null}, "geometry": {"type": "LineString", "coordinates": [[121.4355538, 24.9955268], [121.4353314, 24.9955873], [121.4350927, 24.9956158], [121.4349684, 24.9956431]]}}, {"type": "Feature", "properties": {"county": "新北市", "district": "土城區", "highway": "secondary_link", "name": null}, "geometry": {"type": "LineString", "coordinates": [[121.4423704, 24.9944793], [121.4428583, 24.9943843], [121.4430381, 24.9943134], [121.4431164, 24.9942783], [121.4432312, 24.9942017], [121.4433933, 24.9940345], [121.4434546, 24.9939841], [121.4435155, 24.9939378]]}}, {"type": "Feature", "properties": {"county": "新北市", "district": "土城區", "highway": "secondary", "name": null}, "geometry": {"type": "LineString", "coordinates": [[121.4326901, 24.9956631], [121.4328397, 24.9956361], [121.4334244, 24.9955745]]}}, {"type": "Feature", "properties": {"county": "新北市", "district": "土城區", "highway": "secondary", "name": "浮洲橋"}, "geometry": {"type": "LineString", "coordinates": [[121.4413275, 24.994813], [121.4419479, 24.9947298]]}}, {"type": "Feature", "properties": {"county": "新北市", "district": "土城區", "highway": "secondary", "name": "浮洲橋"}, "geometry": {"type": "LineString", "coordinates": [[121.4419479, 24.9947298], [121.4421844, 24.9947024], [121.4425682, 24.994634]]}}, {"type": "Feature", "properties": {"county": "新北市", "district": "土城區", "highway": "unclassified", "name": null}, "geometry": {"type": "LineString", "coordinates": [[121.4439064, 24.9945389], [121.4436918, 24.9945584]]}}, {"type": "Feature", "properties": {"county": "新北市", "district": "土城區", "highway": "secondary", "name": null}, "geometry": {"type": "LineString", "coordinates": [[121.4423404, 24.9945593], [121.4421996, 24.9945655], [121.4421165, 24.9945685], [121.4419877, 24.9945761]]}}, {"type": "Feature", "properties": {"county": "新北市", "district": "土城區", "highway": "secondary_link", "name": null}, "geometry": {"type": "LineString", "coordinates": [[121.4419877, 24.9945761], [121.4421537, 24.9945151], [121.4422147, 24.994508], [121.4423119, 24.9944915], [121.4423704, 24.9944793]]}}, {"type": "Feature", "properties": {"county": "新北市", "district": "土城區", "highway": "secondary_link", "name": null}, "geometry": {"type": "LineString", "coordinates": [[121.4424747, 24.9945277], [121.4423818, 24.9945163], [121.4423704, 24.9944793]]}}, {"type": "Feature", "properties": {"county": "新北市", "district": "土城區", "highway": "secondary", "name": null}, "geometry": {"type": "LineString", "coordinates": [[121.4424747, 24.9945277], [121.4423404, 24.9945593]]}}, {"type": "Feature", "properties": {"county": "新北市", "district": "土城區", "highway": "unclassified", "name": null}, "geometry": {"type": "LineString", "coordinates": [[121.4468253, 24.9940333], [121.4462891, 24.9941262], [121.4439064, 24.9945389]]}}, {"type": "Feature", "properties": {"county": "新北市", "district": "土城區", "highway": "unclassified", "name": null}, "geometry": {"type": "LineString", "coordinates": [[121.4419833, 24.9987955], [121.441762, 24.9987573], [121.4414455, 24.9986661], [121.4413261, 24.998629], [121.4412075, 24.9985731], [121.4411082, 24.9985032], [121.4410103, 24.9983975], [121.4409365, 24.9982723], [121.4408923, 24.9981398], [121.4408816, 24.9979879], [121.4409164, 24.9964819], [121.4409104, 24.9957021], [121.4408903, 24.9955751], [121.440844, 24.995473], [121.440779, 24.9953843], [121.4407059, 24.9953211], [121.440606, 24.995264], [121.4405067, 24.9952293], [121.4404035, 24.9952117], [121.4402284, 24.9952135], [121.4391918, 24.995318], [121.4389437, 24.9953357], [121.4388244, 24.9953557]]}}, {"type": "Feature", "properties": {"county": "新北市", "district": "土城區", "highway": "unclassified", "name": null}, "geometry": {"type": "LineString", "coordinates": [[121.4334244, 24.9955745], [121.4335363, 24.995546], [121.435373, 24.995353], [121.4356231, 24.9953405], [121.4412028, 24.9947717], [121.4413275, 24.994813]]}}, {"type": "Feature", "properties": {"county": "新北市", "district": "土城區", "highway": "residential", "name": null}, "geometry": {"type": "LineString", "coordinates": [[121.4455479, 24.9393756], [121.445363, 24.939441], [121.4453228, 24.9394532], [121.445292, 24.9394544], [121.4452557, 24.9394508], [121.4451149, 24.9394021], [121.4450854, 24.9393997], [121.4450452, 24.9394021], [121.4448762, 24.9394252], [121.4448199, 24.9394325], [121.4445637, 24.9394386], [121.4445369, 24.9394301], [121.4445181, 24.9394167], [121.4445114, 24.9393985], [121.4445141, 24.9393681]]}}, {"type": "Feature", "properties": {"county": "新北市", "district": "土城區", "highway": "residential", "name": null}, "geometry": {"type": "LineString", "coordinates": [[121.4450787, 24.9389218], [121.4451364, 24.9389315], [121.4452303, 24.9389704], [121.4453939, 24.9390677], [121.4455039, 24.9391455], [121.4455977, 24.9391942], [121.4456621, 24.9392161], [121.445882, 24.9392501], [121.4460537, 24.9392623], [121.4461664, 24.939255], [121.4462361, 24.9392404], [121.4463246, 24.9391893], [121.446397, 24.9391115], [121.4464587, 24.9390191], [121.4465285, 24.9389461], [121.4466089, 24.938895], [121.4466599, 24.9388756], [121.4466974, 24.9388731], [121.4467859, 24.9389121]]}}, {"type": "Feature", "properties": {"county": "新北市", "district": "土城區", "highway": "residential", "name": null}, "geometry": {"type": "LineString", "coordinates": [[121.4460537, 24.9392623], [121.4461047, 24.9393182], [121.4461476, 24.9393474], [121.4463863, 24.9394617], [121.4464694, 24.9395031], [121.4465124, 24.9395347], [121.4465419, 24.9395712], [121.4466679, 24.9397706], [121.4467243, 24.9398241], [121.4468771, 24.9399214]]}}, {"type": "Feature", "properties": {"county": "新北市", "district": "土城區", "highway": "unclassified", "name": null}, "geometry": {"type": "LineString", "coordinates": [[121.425495, 24.9310644], [121.425529, 24.9310691], [121.4255612, 24.9310873], [121.4256041, 24.9311299], [121.4257844, 24.9313613], [121.4258656, 24.9314655], [121.4260748, 24.9317185], [121.4262411, 24.9319082], [121.4265227, 24.932149], [121.4266434, 24.9322438], [121.4267588, 24.9322949], [121.4269224, 24.9323363], [121.4270485, 24.9323752], [121.4271343, 24.9324238], [121.4272899, 24.9325698], [121.4273516, 24.9326087], [121.427424, 24.9326257], [121.4275393, 24.932633], [121.4276332, 24.9326622], [121.4277914, 24.9327449], [121.4279014, 24.9327911], [121.4280033, 24.9328203], [121.4280314, 24.9328364], [121.4280543, 24.9328495], [121.4280865, 24.9328884], [121.4282474, 24.9331851], [121.4282796, 24.9332313], [121.4283252, 24.9332581], [121.4283815, 24.9332702], [121.4284593, 24.9332921], [121.4285264, 24.933331], [121.4287007, 24.9335086], [121.4288402, 24.9336156], [121.4289153, 24.9336545], [121.4289716, 24.9336643], [121.4290199, 24.9336521], [121.4290977, 24.9335913], [121.429213, 24.9335402], [121.4292962, 24.9335256], [121.4294008, 24.9335329], [121.4294973, 24.9335621], [121.4295671, 24.9336132], [121.4298326, 24.933944], [121.4298862, 24.9339877], [121.4299587, 24.9340267], [121.4302108, 24.9340802], [121.4303637, 24.9341118], [121.430412, 24.9341337], [121.4305246, 24.9342504], [121.4305997, 24.9342966], [121.4306668, 24.9343088], [121.4307124, 24.9342942], [121.4307311, 24.934248], [121.430715, 24.9341823], [121.4306507, 24.9340607], [121.4306346, 24.9340242], [121.4306319, 24.9339877], [121.4306507, 24.9339513], [121.4307365, 24.9338321], [121.4307606, 24.933798], [121.4307727, 24.9337701], [121.4307714, 24.9337372], [121.4307539, 24.9337105], [121.4306681, 24.9336108], [121.430656, 24.9335645], [121.4306574, 24.933511], [121.4306788, 24.9334563], [121.4307285, 24.9333712], [121.4308719, 24.9332167], [121.430998, 24.9330988], [121.4310302, 24.9330817], [121.4310731, 24.9330817], [121.4311174, 24.9330963], [121.4311536, 24.9331498], [121.4311683, 24.9332009], [121.4311643, 24.9332411], [121.4311308, 24.9332775], [121.4310812, 24.9332982], [121.4309243, 24.9333493], [121.4308894, 24.9333639], [121.4308719, 24.9333833], [121.4308666, 24.9334052], [121.4308787, 24.9334308], [121.4309471, 24.9334843], [121.4310651, 24.933601], [121.4310999, 24.933646], [121.4311415, 24.9337567], [121.4311603, 24.9338005], [121.4311831, 24.9338321], [121.4313561, 24.9339476], [121.4315304, 24.9340717], [121.4315644, 24.9340895], [121.4315908, 24.9341033], [121.4316873, 24.9341312], [121.4319502, 24.9342237], [121.4321192, 24.9342918], [121.4321634, 24.9343161], [121.4322613, 24.9344134], [121.4323351, 24.9344924], [121.4323633, 24.9345484], [121.4324209, 24.9348682], [121.4324746, 24.9351224], [121.4324907, 24.9352099], [121.4325014, 24.9353607], [121.4325148, 24.9354179], [121.4325644, 24.9354957], [121.4326959, 24.9356854], [121.4327321, 24.9357535], [121.4327589, 24.9358472], [121.4327562, 24.9360989], [121.4327696, 24.9361779], [121.4328005, 24.9362424], [121.4329976, 24.9365051], [121.4330244, 24.9365245], [121.4330553, 24.9365355], [121.4331116, 24.9365415], [121.4332055, 24.9365428], [121.4332672, 24.9365501], [121.4333034, 24.9365646], [121.4333289, 24.936589], [121.433349, 24.9366376], [121.4333463, 24.9367957], [121.4333524, 24.937034], [121.4333711, 24.9371368]]}}, {"type": "Feature", "properties": {"county": "新北市", "district": "土城區", "highway": "tertiary", "name": "擺接堡路"}, "geometry": {"type": "LineString", "coordinates": [[121.4410192, 24.9920155], [121.4409734, 24.9919292], [121.4409493, 24.9916144], [121.4409184, 24.9912874], [121.4409057, 24.9911401], [121.4408702, 24.9907665], [121.4408366, 24.9904639], [121.4407521, 24.9897874], [121.4407579, 24.9896521]]}}, {"type": "Feature", "properties": {"county": "新北市", "district": "土城區", "highway": "tertiary", "name": "擺接堡路"}, "geometry": {"type": "LineString", "coordinates": [[121.4407579, 24.9896521], [121.4407025, 24.9890864], [121.440581, 24.9883446], [121.4404351, 24.9877565]]}}, {"type": "Feature", "properties": {"county": "新北市", "district": "土城區", "highway": "tertiary", "name": "擺接堡路"}, "geometry": {"type": "LineString", "coordinates": [[121.4407579, 24.9896521], [121.4408137, 24.9897763], [121.4408876, 24.9903532], [121.4409498, 24.99093], [121.4409663, 24.9911357], [121.4409774, 24.9912828], [121.4410311, 24.9919255], [121.4410192, 24.9920155]]}}, {"type": "Feature", "properties": {"county": "新北市", "district": "土城區", "highway": "trunk_link", "name": "土城一交流道"}, "geometry": {"type": "LineString", "coordinates": [[121.437007, 24.9774442], [121.4370741, 24.9774514]]}}, {"type": "Feature", "properties": {"county": "新北市", "district": "土城區", "highway": "tertiary_link", "name": "新洲路"}, "geometry": {"type": "LineString", "coordinates": [[121.4372858, 24.9777446], [121.4371902, 24.9776665], [121.437007, 24.9774442]]}}, {"type": "Feature", "properties": {"county": "新北市", "district": "土城區", "highway": "trunk_link", "name": "土城一交流道"}, "geometry": {"type": "LineString", "coordinates": [[121.4382339, 24.9800763], [121.4373731, 24.9783888]]}}, {"type": "Feature", "properties": {"county": "新北市", "district": "土城區", "highway": "tertiary", "name": "擺接堡路"}, "geometry": {"type": "LineString", "coordinates": [[121.4364087, 24.9768663], [121.4365695, 24.9771221], [121.436645, 24.9772308], [121.4369712, 24.9777508], [121.4372571, 24.9782016], [121.437585, 24.9787674], [121.437855, 24.9792727], [121.4379836, 24.9795301], [121.4381226, 24.9798041], [121.4382585, 24.9801274]]}}, {"type": "Feature", "properties": {"county": "新北市", "district": "土城區", "highway": "tertiary", "name": "擺接堡路"}, "geometry": {"type": "LineString", "coordinates": [[121.4364087, 24.9768663], [121.4362526, 24.9766897], [121.4359423, 24.9762155], [121.4357513, 24.9758346]]}}, {"type": "Feature", "properties": {"county": "新北市", "district": "土城區", "highway": "tertiary", "name": "擺接堡路"}, "geometry": {"type": "LineString", "coordinates": [[121.4382585, 24.9801274], [121.4383648, 24.9803696], [121.4387177, 24.9812305], [121.4390647, 24.9822788]]}}, {"type": "Feature", "properties": {"county": "新北市", "district": "土城區", "highway": "residential", "name": "青隆街"}, "geometry": {"type": "LineString", "coordinates": [[121.4577984, 24.9801544], [121.4576772, 24.9801617], [121.4574042, 24.9801933], [121.4571467, 24.9802127], [121.4570072, 24.9801811], [121.4569743, 24.9801634], [121.4569706, 24.9801598]]}}, {"type": "Feature", "properties": {"county": "新北市", "district": "土城區", "highway": "residential", "name": "青隆街"}, "geometry": {"type": "LineString", "coordinates": [[121.4569706, 24.9801598], [121.4568515, 24.980042]]}}, {"type": "Feature", "properties": {"county": "新北市", "district": "土城區", "highway": "tertiary", "name": "清水路"}, "geometry": {"type": "LineString", "coordinates": [[121.4575631, 24.9816715], [121.4567652, 24.9817598], [121.4565356, 24.9817566], [121.4564278, 24.9817551], [121.4562511, 24.9817194]]}}, {"type": "Feature", "properties": {"county": "新北市", "district": "土城區", "highway": "tertiary", "name": "清水路"}, "geometry": {"type": "LineString", "coordinates": [[121.4576078, 24.9816666], [121.4575631, 24.9816715]]}}, {"type": "Feature", "properties": {"county": "新北市", "district": "土城區", "highway": "tertiary", "name": "城林橋"}, "geometry": {"type": "LineString", "coordinates": [[121.4367169, 24.9755373], [121.4357325, 24.9758875], [121.4354388, 24.97602], [121.4348648, 24.9762269], [121.4346618, 24.9763327], [121.4345964, 24.9764047]]}}, {"type": "Feature", "properties": {"county": "新北市", "district": "土城區", "highway": "tertiary", "name": "城林橋"}, "geometry": {"type": "LineString", "coordinates": [[121.4353633, 24.9759204], [121.4366243, 24.975461]]}}, {"type": "Feature", "properties": {"county": "新北市", "district": "土城區", "highway": "tertiary", "name": "城林橋"}, "geometry": {"type": "LineString", "coordinates": [[121.4324129, 24.9778801], [121.4326551, 24.9777211], [121.4328925, 24.9775442], [121.4343447, 24.9764622], [121.4346697, 24.9762427], [121.4349366, 24.9761045], [121.4352069, 24.9759975], [121.4353633, 24.9759204]]}}, {"type": "Feature", "properties": {"county": "新北市", "district": "土城區", "highway": "unclassified", "name": null}, "geometry": {"type": "LineString", "coordinates": [[121.4190873, 24.9656386], [121.4186297, 24.9654763], [121.4185862, 24.9654609]]}}, {"type": "Feature", "properties": {"county": "新北市", "district": "土城區", "highway": "unclassified", "name": null}, "geometry": {"type": "LineString", "coordinates": [[121.4316065, 24.9721267], [121.4316432, 24.9722393], [121.4319652, 24.9724961], [121.4320526, 24.9725775], [121.4320329, 24.9726852]]}}, {"type": "Feature", "properties": {"county": "新北市", "district": "土城區", "highway": "residential", "name": "學成路"}, "geometry": {"type": "LineString", "coordinates": [[121.4485433, 24.9894689], [121.4485242, 24.9894608], [121.4483637, 24.9893742], [121.4482914, 24.9893127], [121.4482613, 24.9892875], [121.4481829, 24.9891827], [121.4480968, 24.9890806], [121.4480634, 24.989037], [121.4479923, 24.9889442], [121.4478143, 24.9886651], [121.4477603, 24.9885869]]}}, {"type": "Feature", "properties": {"county": "新北市", "district": "土城區", "highway": "residential", "name": "學成橋"}, "geometry": {"type": "LineString", "coordinates": [[121.4486318, 24.9895048], [121.4485433, 24.9894689]]}}, {"type": "Feature", "properties": {"county": "新北市", "district": "土城區", "highway": "residential", "name": "員山路143巷"}, "geometry": {"type": "LineString", "coordinates": [[121.481125, 24.9961878], [121.4810634, 24.9961762], [121.4804221, 24.9960662], [121.4800873, 24.9958776], [121.4798049, 24.9956648]]}}, {"type": "Feature", "properties": {"county": "新北市", "district": "土城區", "highway": "residential", "name": "干城路"}, "geometry": {"type": "LineString", "coordinates": [[121.4607536, 24.991915], [121.4609122, 24.9917022], [121.4610936, 24.9914821]]}}, {"type": "Feature", "properties": {"county": "新北市", "district": "土城區", "highway": "tertiary", "name": "廣權路"}, "geometry": {"type": "LineString", "coordinates": [[121.4613918, 24.9915331], [121.4612712, 24.991522], [121.4610936, 24.9914821]]}}, {"type": "Feature", "properties": {"county": "新北市", "district": "土城區", "highway": "tertiary_link", "name": null}, "geometry": {"type": "LineString", "coordinates": [[121.4330259, 24.9949078], [121.4330264, 24.994878], [121.4330466, 24.9948563], [121.433086, 24.9948437], [121.4331371, 24.994848]]}}, {"type": "Feature", "properties": {"county": "新北市", "district": "土城區", "highway": "unclassified", "name": "承和街"}, "geometry": {"type": "LineString", "coordinates": [[121.434803, 24.9650995], [121.4347311, 24.9652547], [121.4346689, 24.9653836], [121.434666, 24.965423], [121.4346725, 24.9654649], [121.4346882, 24.9655076], [121.4347302, 24.9655516], [121.4347701, 24.9655928], [121.4348972, 24.9656978], [121.4349504, 24.9658161]]}}, {"type": "Feature", "properties": {"county": "新北市", "district": "土城區", "highway": "residential", "name": "承和街81巷"}, "geometry": {"type": "LineString", "coordinates": [[121.4351, 24.9645155], [121.4351421, 24.9645339], [121.4355823, 24.9647067], [121.4357842, 24.9649049]]}}, {"type": "Feature", "properties": {"county": "新北市", "district": "土城區", "highway": "unclassified", "name": "承天路4巷"}, "geometry": {"type": "LineString", "coordinates": [[121.4355773, 24.9593744], [121.4356525, 24.959428]]}}, {"type": "Feature", "properties": {"county": "新北市", "district": "土城區", "highway": "unclassified", "name": "承天路4巷"}, "geometry": {"type": "LineString", "coordinates": [[121.4355399, 24.9593478], [121.4355773, 24.9593744]]}}, {"type": "Feature", "properties": {"county": "新北市", "district": "土城區", "highway": "tertiary_link", "name": null}, "geometry": {"type": "LineString", "coordinates": [[121.4104449, 24.9505781], [121.4103962, 24.9506124], [121.4103466, 24.9506999], [121.4103071, 24.950816], [121.410303, 24.9508961]]}}, {"type": "Feature", "properties": {"county": "新北市", "district": "土城區", "highway": "unclassified", "name": "和城路二段"}, "geometry": {"type": "LineString", "coordinates": [[121.4725486, 24.9872144], [121.4723824, 24.986961], [121.4722312, 24.9867306], [121.4721431, 24.9865963], [121.4720797, 24.986496], [121.4719063, 24.9862216]]}}, {"type": "Feature", "properties": {"county": "新北市", "district": "土城區", "highway": "unclassified", "name": "和城路二段"}, "geometry": {"type": "LineString", "coordinates": [[121.4719063, 24.9862216], [121.4717792, 24.9860492]]}}, {"type": "Feature", "properties": {"county": "新北市", "district": "土城區", "highway": "unclassified", "name": "和城路二段"}, "geometry": {"type": "LineString", "coordinates": [[121.4719415, 24.9859483], [121.4720653, 24.9861453], [121.4729037, 24.9874794]]}}, {"type": "Feature", "properties": {"county": "新北市", "district": "土城區", "highway": "tertiary", "name": "八德街"}, "geometry": {"type": "LineString", "coordinates": [[121.4183845, 24.9837586], [121.4183301, 24.9837828], [121.4182772, 24.9838364]]}}, {"type": "Feature", "properties": {"county": "新北市", "district": "土城區", "highway": "residential", "name": "東榮街"}, "geometry": {"type": "LineString", "coordinates": [[121.4182468, 24.9836922], [121.4181811, 24.9836586], [121.4181494, 24.98364], [121.4176349, 24.9833792], [121.4170876, 24.9830975], [121.4167948, 24.9829466], [121.4166266, 24.98286], [121.4160592, 24.9825677], [121.4155752, 24.9823212], [121.4154464, 24.982261], [121.4149049, 24.9819797], [121.4144412, 24.9817436], [121.4139144, 24.9814753], [121.413301, 24.9811695]]}}, {"type": "Feature", "properties": {"county": "新北市", "district": "土城區", "highway": "tertiary", "name": "八德街"}, "geometry": {"type": "LineString", "coordinates": [[121.4182468, 24.9836922], [121.4182909, 24.9836263], [121.4184478, 24.983392], [121.4188036, 24.9828957], [121.4189124, 24.9827332], [121.419006, 24.9825987], [121.4190315, 24.9825613], [121.419089, 24.982477]]}}, {"type": "Feature", "properties": {"county": "新北市", "district": "土城區", "highway": "residential", "name": null}, "geometry": {"type": "LineString", "coordinates": [[121.4365775, 24.9726679], [121.4363815, 24.9723114], [121.4366719, 24.9721802], [121.4368678, 24.9725366]]}}, {"type": "Feature", "properties": {"county": "新北市", "district": "土城區", "highway": "residential", "name": null}, "geometry": {"type": "LineString", "coordinates": [[121.4370164, 24.9724685], [121.4368678, 24.9725366], [121.4365775, 24.9726679], [121.4363176, 24.9727852]]}}, {"type": "Feature", "properties": {"county": "新北市", "district": "土城區", "highway": "residential", "name": null}, "geometry": {"type": "LineString", "coordinates": [[121.444737, 24.9823391], [121.4449511, 24.9829287], [121.4450959, 24.9833274]]}}, {"type": "Feature", "properties": {"county": "新北市", "district": "土城區", "highway": "residential", "name": null}, "geometry": {"type": "LineString", "coordinates": [[121.4454955, 24.9749506], [121.4454559, 24.9749199], [121.4452864, 24.9748206], [121.4450949, 24.9747042], [121.4450375, 24.9746855]]}}, {"type": "Feature", "properties": {"county": "新北市", "district": "土城區", "highway": "residential", "name": "青福街"}, "geometry": {"type": "LineString", "coordinates": [[121.4570399, 24.9794888], [121.4567775, 24.9795735]]}}, {"type": "Feature", "properties": {"county": "新北市", "district": "土城區", "highway": "residential", "name": "青福街"}, "geometry": {"type": "LineString", "coordinates": [[121.4590387, 24.979347], [121.4576819, 24.9793724], [121.4573118, 24.9794071], [121.4570399, 24.9794888]]}}, {"type": "Feature", "properties": {"county": "新北市", "district": "土城區", "highway": "tertiary", "name": "永豐路"}, "geometry": {"type": "LineString", "coordinates": [[121.460197, 24.9893477], [121.4610446, 24.989057]]}}, {"type": "Feature", "properties": {"county": "新北市", "district": "土城區", "highway": "residential", "name": null}, "geometry": {"type": "LineString", "coordinates": [[121.4610446, 24.989057], [121.4610617, 24.9892019]]}}, {"type": "Feature", "properties": {"county": "新北市", "district": "土城區", "highway": "tertiary", "name": "環漢路五段"}, "geometry": {"type": "LineString", "coordinates": [[121.419453, 24.9730057], [121.4195525, 24.9730588], [121.4195735, 24.97307], [121.4199517, 24.9732937], [121.4203969, 24.973563], [121.4206678, 24.9737284], [121.4210674, 24.9739837], [121.4213519, 24.9741577], [121.4218345, 24.9744529], [121.4230416, 24.9752202], [121.4231274, 24.9752747], [121.4240839, 24.9758949], [121.4244256, 24.9761165], [121.4245407, 24.9761987], [121.4253852, 24.9768018], [121.425815, 24.9771085], [121.4268289, 24.9779109], [121.427133, 24.9781424]]}}, {"type": "Feature", "properties": {"county": "新北市", "district": "土城區", "highway": "secondary_link", "name": null}, "geometry": {"type": "LineString", "coordinates": [[121.4435155, 24.9939378], [121.4435793, 24.9938998], [121.4436687, 24.9938753], [121.4437729, 24.9938579], [121.4439617, 24.9938407], [121.4446293, 24.9937859], [121.4447844, 24.9937669], [121.4449359, 24.9937469], [121.4451004, 24.9937239], [121.4452154, 24.9937159], [121.4453225, 24.9937173], [121.4454359, 24.993729], [121.4455499, 24.9937521], [121.4459037, 24.9938531], [121.4460489, 24.9938927], [121.4463873, 24.9939286], [121.4467008, 24.9939258]]}}, {"type": "Feature", "properties": {"county": "新北市", "district": "土城區", "highway": "tertiary", "name": "板城路"}, "geometry": {"type": "LineString", "coordinates": [[121.446264, 24.9950757], [121.4461325, 24.9949971], [121.4458118, 24.9947877]]}}, {"type": "Feature", "properties": {"county": "新北市", "district": "土城區", "highway": "secondary_link", "name": null}, "geometry": {"type": "LineString", "coordinates": [[121.444209, 24.9940729], [121.444336, 24.9940076], [121.444521, 24.9939249], [121.4447763, 24.9938508]]}}, {"type": "Feature", "properties": {"county": "新北市", "district": "土城區", "highway": "secondary", "name": "四川路二段"}, "geometry": {"type": "LineString", "coordinates": [[121.4465323, 24.9939527], [121.4467008, 24.9939258]]}}, {"type": "Feature", "properties": {"county": "新北市", "district": "土城區", "highway": "secondary_link", "name": null}, "geometry": {"type": "LineString", "coordinates": [[121.4435155, 24.9939378], [121.4436463, 24.9939148], [121.443771, 24.9939148], [121.4447763, 24.9938508]]}}, {"type": "Feature", "properties": {"county": "新北市", "district": "土城區", "highway": "secondary_link", "name": null}, "geometry": {"type": "LineString", "coordinates": [[121.443707, 24.994331], [121.4439961, 24.9941823], [121.4440741, 24.9941422], [121.4441293, 24.9941138]]}}, {"type": "Feature", "properties": {"county": "新北市", "district": "土城區", "highway": "secondary_link", "name": null}, "geometry": {"type": "LineString", "coordinates": [[121.4441293, 24.9941138], [121.444209, 24.9940729]]}}, {"type": "Feature", "properties": {"county": "新北市", "district": "土城區", "highway": "trunk_link", "name": "板橋二交流道"}, "geometry": {"type": "LineString", "coordinates": [[121.4479029, 24.9960276], [121.4481382, 24.9962245], [121.4486539, 24.996624], [121.4489722, 24.9968955], [121.4495767, 24.9974721]]}}, {"type": "Feature", "properties": {"county": "新北市", "district": "土城區", "highway": "trunk_link", "name": "板橋二交流道"}, "geometry": {"type": "LineString", "coordinates": [[121.4464209, 24.9944562], [121.4468427, 24.9948903], [121.4472422, 24.9953404]]}}, {"type": "Feature", "properties": {"county": "新北市", "district": "土城區", "highway": "trunk_link", "name": "板橋二交流道"}, "geometry": {"type": "LineString", "coordinates": [[121.4493291, 24.9974977], [121.4479151, 24.9963599], [121.447375, 24.9959317], [121.4468228, 24.9954927]]}}, {"type": "Feature", "properties": {"county": "新北市", "district": "土城區", "highway": "trunk_link", "name": "板橋二交流道"}, "geometry": {"type": "LineString", "coordinates": [[121.4468228, 24.9954927], [121.446264, 24.9950757]]}}, {"type": "Feature", "properties": {"county": "新北市", "district": "土城區", "highway": "trunk_link", "name": "板橋二交流道"}, "geometry": {"type": "LineString", "coordinates": [[121.4472422, 24.9953404], [121.4473717, 24.9954939], [121.4475011, 24.9956385], [121.4475992, 24.9957411], [121.4476876, 24.995829], [121.4477928, 24.995931], [121.4479029, 24.9960276]]}}, {"type": "Feature", "properties": {"county": "新北市", "district": "土城區", "highway": "secondary", "name": "安康路三段"}, "geometry": {"type": "LineString", "coordinates": [[121.4723044, 24.9409096], [121.4715868, 24.9403068], [121.4712018, 24.9400333], [121.4710381, 24.939929], [121.4708278, 24.9398305], [121.4705687, 24.9397527], [121.4699306, 24.9395344], [121.4698938, 24.9395231]]}}, {"type": "Feature", "properties": {"county": "新北市", "district": "土城區", "highway": "secondary", "name": "天山橋"}, "geometry": {"type": "LineString", "coordinates": [[121.4698874, 24.9395211], [121.4697926, 24.9394919]]}}, {"type": "Feature", "properties": {"county": "新北市", "district": "土城區", "highway": "secondary", "name": "安康路三段"}, "geometry": {"type": "LineString", "coordinates": [[121.4697926, 24.9394919], [121.4697713, 24.9394853]]}}, {"type": "Feature", "properties": {"county": "新北市", "district": "土城區", "highway": "secondary", "name": "安康路三段"}, "geometry": {"type": "LineString", "coordinates": [[121.4698938, 24.9395231], [121.4698874, 24.9395211]]}}, {"type": "Feature", "properties": {"county": "新北市", "district": "土城區", "highway": "tertiary_link", "name": "城林橋環漢路替代道路"}, "geometry": {"type": "LineString", "coordinates": [[121.4285494, 24.9810049], [121.4289102, 24.9811687], [121.429456, 24.9813656], [121.4297204, 24.9814692], [121.4300307, 24.9816715], [121.4301912, 24.9818343], [121.4302443, 24.9818581], [121.430301, 24.9818566], [121.4306966, 24.9815511], [121.4307644, 24.9814987]]}}, {"type": "Feature", "properties": {"county": "新北市", "district": "土城區", "highway": "unclassified", "name": "博愛街"}, "geometry": {"type": "LineString", "coordinates": [[121.4277666, 24.9930824], [121.4277774, 24.9931157]]}}, {"type": "Feature", "properties": {"county": "新北市", "district": "土城區", "highway": "unclassified", "name": "浮景橋"}, "geometry": {"type": "LineString", "coordinates": [[121.427697, 24.9929839], [121.4277666, 24.9930824]]}}, {"type": "Feature", "properties": {"county": "新北市", "district": "土城區", "highway": "residential", "name": "德峯街"}, "geometry": {"type": "LineString", "coordinates": [[121.468772, 24.9862635], [121.4680994, 24.9859166]]}}, {"type": "Feature", "properties": {"county": "新北市", "district": "土城區", "highway": "residential", "name": "德峯街"}, "geometry": {"type": "LineString", "coordinates": [[121.4693875, 24.98661], [121.4697823, 24.9868121]]}}, {"type": "Feature", "properties": {"county": "新北市", "district": "土城區", "highway": "secondary", "name": "連城路"}, "geometry": {"type": "LineString", "coordinates": [[121.4801618, 24.9949328], [121.4794471, 24.9947451], [121.4793328, 24.9947078], [121.4790726, 24.9945741]]}}, {"type": "Feature", "properties": {"county": "新北市", "district": "土城區", "highway": "tertiary", "name": "員山路"}, "geometry": {"type": "LineString", "coordinates": [[121.481125, 24.9961878], [121.4810959, 24.9959663], [121.4810722, 24.9957988], [121.4810624, 24.9957246], [121.4810259, 24.995449], [121.4810193, 24.9953938], [121.4809918, 24.995163]]}}, {"type": "Feature", "properties": {"county": "新北市", "district": "土城區", "highway": "residential", "name": "安康路三段525巷"}, "geometry": {"type": "LineString", "coordinates": [[121.4815931, 24.948739], [121.4816384, 24.9486192], [121.4818574, 24.9484564], [121.4819616, 24.9484276]]}}, {"type": "Feature", "properties": {"county": "新北市", "district": "土城區", "highway": "residential", "name": "安康路三段571巷"}, "geometry": {"type": "LineString", "coordinates": [[121.4747786, 24.9427414], [121.4747854, 24.9426112], [121.4747906, 24.9425973]]}}, {"type": "Feature", "properties": {"county": "新北市", "district": "土城區", "highway": "residential", "name": "安康路三段571巷"}, "geometry": {"type": "LineString", "coordinates": [[121.4747906, 24.9425973], [121.4748213, 24.9425159]]}}, {"type": "Feature", "properties": {"county": "新北市", "district": "土城區", "highway": "residential", "name": "安康路三段571巷"}, "geometry": {"type": "LineString", "coordinates": [[121.4767023, 24.942445], [121.4766884, 24.9424324], [121.4765811, 24.9423789], [121.4758918, 24.9422817], [121.4756986, 24.942143], [121.4755565, 24.9419752], [121.4753701, 24.9419886]]}}, {"type": "Feature", "properties": {"county": "新北市", "district": "土城區", "highway": "residential", "name": "日興橋"}, "geometry": {"type": "LineString", "coordinates": [[121.4767668, 24.9425035], [121.4767023, 24.942445]]}}, {"type": "Feature", "properties": {"county": "新北市", "district": "土城區", "highway": "residential", "name": "安康路三段571巷"}, "geometry": {"type": "LineString", "coordinates": [[121.4780273, 24.9432541], [121.4779906, 24.9432423], [121.4778504, 24.9432241], [121.4777465, 24.9432107], [121.4774555, 24.9430903], [121.4771765, 24.9429407], [121.4769629, 24.9427045], [121.4768466, 24.9425759], [121.4767668, 24.9425035]]}}, {"type": "Feature", "properties": {"county": "新北市", "district": "土城區", "highway": "residential", "name": "錦和橋"}, "geometry": {"type": "LineString", "coordinates": [[121.4781137, 24.9432819], [121.4780273, 24.9432541]]}}, {"type": "Feature", "properties": {"county": "新北市", "district": "土城區", "highway": "residential", "name": "錦秀路11巷96弄"}, "geometry": {"type": "LineString", "coordinates": [[121.480086, 24.9420554], [121.4799975, 24.9420152], [121.4799707, 24.942008], [121.4791459, 24.9421989], [121.4789683, 24.9418755]]}}, {"type": "Feature", "properties": {"county": "新北市", "district": "土城區", "highway": "residential", "name": "錦秀路57巷"}, "geometry": {"type": "LineString", "coordinates": [[121.4795101, 24.9431961], [121.4790701, 24.9433123]]}}, {"type": "Feature", "properties": {"county": "新北市", "district": "土城區", "highway": "unclassified", "name": "保安街一段177巷"}, "geometry": {"type": "LineString", "coordinates": [[121.4214943, 24.9956094], [121.4214367, 24.99556], [121.4209972, 24.9954241]]}}, {"type": "Feature", "properties": {"county": "新北市", "district": "土城區", "highway": "motorway_link", "name": "土城交流道"}, "geometry": {"type": "LineString", "coordinates": [[121.4303141, 24.9601658], [121.4302717, 24.9601536], [121.4295748, 24.9599708], [121.4285278, 24.9597911], [121.4282203, 24.9597119]]}}, {"type": "Feature", "properties": {"county": "新北市", "district": "土城區", "highway": "secondary", "name": "連城路"}, "geometry": {"type": "LineString", "coordinates": [[121.4784653, 24.9939014], [121.4783931, 24.9938005], [121.4780322, 24.9932726], [121.4776253, 24.9927167], [121.4773968, 24.9923989], [121.4772758, 24.9922632], [121.4771277, 24.992134], [121.4770059, 24.9920519], [121.4768765, 24.9919908], [121.4762181, 24.9917327], [121.4757201, 24.9915314], [121.4753908, 24.9913977]]}}, {"type": "Feature", "properties": {"county": "新北市", "district": "土城區", "highway": "secondary", "name": "連城路"}, "geometry": {"type": "LineString", "coordinates": [[121.4785575, 24.9938382], [121.4787846, 24.9941581], [121.4788635, 24.9942528], [121.4790165, 24.994405], [121.479209, 24.994529], [121.4793297, 24.9945869], [121.4794455, 24.9946335], [121.4797333, 24.9947164], [121.4799041, 24.9947611], [121.4807181, 24.994973], [121.4809322, 24.9950237]]}}, {"type": "Feature", "properties": {"county": "新北市", "district": "土城區", "highway": "secondary", "name": "安康路三段"}, "geometry": {"type": "LineString", "coordinates": [[121.4731035, 24.9413896], [121.472429, 24.9410467], [121.4723965, 24.9410048]]}}, {"type": "Feature", "properties": {"county": "新北市", "district": "土城區", "highway": "secondary", "name": "安康路三段"}, "geometry": {"type": "LineString", "coordinates": [[121.4723965, 24.9410048], [121.4723044, 24.9409096]]}}, {"type": "Feature", "properties": {"county": "新北市", "district": "土城區", "highway": "trunk_link", "name": "土城二交流道"}, "geometry": {"type": "LineString", "coordinates": [[121.4329676, 24.9678594], [121.4327575, 24.9674671]]}}, {"type": "Feature", "properties": {"county": "新北市", "district": "土城區", "highway": "trunk_link", "name": "土城二交流道"}, "geometry": {"type": "LineString", "coordinates": [[121.4328511, 24.9674548], [121.4329676, 24.9678594]]}}, {"type": "Feature", "properties": {"county": "新北市", "district": "土城區", "highway": "tertiary", "name": "擺接堡路"}, "geometry": {"type": "LineString", "coordinates": [[121.4410044, 24.9922359], [121.4410192, 24.9920155]]}}, {"type": "Feature", "properties": {"county": "新北市", "district": "土城區", "highway": "unclassified", "name": "樟坑湖路"}, "geometry": {"type": "LineString", "coordinates": [[121.4474593, 24.9431201], [121.447574, 24.9430807], [121.4477318, 24.9430654], [121.4477856, 24.9430313], [121.4478287, 24.9429776], [121.4478476, 24.942919], [121.4478476, 24.9428677], [121.4478287, 24.9427896], [121.447791, 24.9426749], [121.4477856, 24.9426212], [121.4477964, 24.94257], [121.4479122, 24.9423479], [121.4479587, 24.9422509], [121.4479733, 24.9421922]]}}, {"type": "Feature", "properties": {"county": "新北市", "district": "土城區", "highway": "residential", "name": "興城路"}, "geometry": {"type": "LineString", "coordinates": [[121.4401936, 24.9708157], [121.4399855, 24.9707479], [121.4398592, 24.9707273], [121.4396216, 24.9707115]]}}, {"type": "Feature", "properties": {"county": "新北市", "district": "土城區", "highway": "residential", "name": "承天路44巷"}, "geometry": {"type": "LineString", "coordinates": [[121.4404451, 24.9627547], [121.4402561, 24.9624195]]}}, {"type": "Feature", "properties": {"county": "新北市", "district": "土城區", "highway": "residential", "name": null}, "geometry": {"type": "LineString", "coordinates": [[121.4346202, 24.9649674], [121.4346975, 24.9650233], [121.434768, 24.9650743], [121.434803, 24.9650995]]}}, {"type": "Feature", "properties": {"county": "新北市", "district": "土城區", "highway": "residential", "name": "承和街"}, "geometry": {"type": "LineString", "coordinates": [[121.4351, 24.9645155], [121.4356846, 24.963383]]}}, {"type": "Feature", "properties": {"county": "新北市", "district": "土城區", "highway": "unclassified", "name": "承和街"}, "geometry": {"type": "LineString", "coordinates": [[121.434803, 24.9650995], [121.4348354, 24.9650395], [121.4350601, 24.9645924], [121.4351, 24.9645155]]}}, {"type": "Feature", "properties": {"county": "新北市", "district": "土城區", "highway": "residential", "name": null}, "geometry": {"type": "LineString", "coordinates": [[121.4350084, 24.9644539], [121.4351, 24.9645155]]}}, {"type": "Feature", "properties": {"county": "新北市", "district": "土城區", "highway": "residential", "name": null}, "geometry": {"type": "LineString", "coordinates": [[121.4558958, 24.9898629], [121.4558722, 24.9894892], [121.4558701, 24.9893583], [121.4557924, 24.9893442], [121.4558293, 24.9891328], [121.4557205, 24.9890888], [121.4557788, 24.9887541]]}}, {"type": "Feature", "properties": {"county": "新北市", "district": "土城區", "highway": "residential", "name": null}, "geometry": {"type": "LineString", "coordinates": [[121.4558293, 24.9891328], [121.4558954, 24.9891064], [121.4559148, 24.9890183], [121.4560781, 24.9890359]]}}, {"type": "Feature", "properties": {"county": "新北市", "district": "土城區", "highway": "residential", "name": null}, "geometry": {"type": "LineString", "coordinates": [[121.4559148, 24.9890183], [121.4559187, 24.9889179], [121.4560859, 24.988932]]}}, {"type": "Feature", "properties": {"county": "新北市", "district": "土城區", "highway": "residential", "name": null}, "geometry": {"type": "LineString", "coordinates": [[121.4557924, 24.9893442], [121.4557594, 24.9894604], [121.4557946, 24.989852]]}}, {"type": "Feature", "properties": {"county": "新北市", "district": "土城區", "highway": "residential", "name": null}, "geometry": {"type": "LineString", "coordinates": [[121.4412309, 24.9429006], [121.4413919, 24.9429955], [121.4414737, 24.9430356], [121.4415816, 24.9430611], [121.4417774, 24.943055], [121.4418237, 24.9430812], [121.441821, 24.9431469], [121.4417781, 24.9431906], [121.4415763, 24.9434083], [121.4415595, 24.9434575], [121.441591, 24.9435323], [121.4416862, 24.9436272], [121.4419605, 24.9437251], [121.4420678, 24.9437415], [121.4421241, 24.9437001], [121.4421757, 24.9435877], [121.4422126, 24.9434448]]}}, {"type": "Feature", "properties": {"county": "新北市", "district": "土城區", "highway": "residential", "name": null}, "geometry": {"type": "LineString", "coordinates": [[121.4308072, 24.9424255], [121.4310141, 24.9423776], [121.4311435, 24.9423205], [121.4312019, 24.9423071], [121.4312697, 24.9422963], [121.4313655, 24.9422858], [121.4316432, 24.9422114], [121.4317134, 24.9421651], [121.431718, 24.9421139], [121.431627, 24.9420867], [121.4314542, 24.9420634], [121.4313361, 24.9420285], [121.431216, 24.9419512], [121.4311787, 24.9418983], [121.431195, 24.941856], [121.4314078, 24.9418929]]}}, {"type": "Feature", "properties": {"county": "新北市", "district": "土城區", "highway": "residential", "name": null}, "geometry": {"type": "LineString", "coordinates": [[121.427063, 24.9419622], [121.4271878, 24.941918], [121.4273125, 24.941921], [121.4273673, 24.9419181], [121.427425, 24.9419044], [121.4274491, 24.9418725], [121.427462, 24.9418401]]}}, {"type": "Feature", "properties": {"county": "新北市", "district": "土城區", "highway": "tertiary", "name": "鎮前街"}, "geometry": {"type": "LineString", "coordinates": [[121.4265149, 24.9937019], [121.4263434, 24.993415], [121.4263401, 24.9934096]]}}, {"type": "Feature", "properties": {"county": "新北市", "district": "土城區", "highway": "tertiary", "name": "樹林橋"}, "geometry": {"type": "LineString", "coordinates": [[121.4263401, 24.9934096], [121.4263137, 24.9933657]]}}, {"type": "Feature", "properties": {"county": "新北市", "district": "土城區", "highway": "residential", "name": "復興路"}, "geometry": {"type": "LineString", "coordinates": [[121.4231078, 24.9952975], [121.4232085, 24.9954687]]}}, {"type": "Feature", "properties": {"county": "新北市", "district": "土城區", "highway": "residential", "name": "復興路"}, "geometry": {"type": "LineString", "coordinates": [[121.4230817, 24.9952532], [121.4231078, 24.9952975]]}}, {"type": "Feature", "properties": {"county": "新北市", "district": "土城區", "highway": "unclassified", "name": null}, "geometry": {"type": "LineString", "coordinates": [[121.4480793, 24.9492337], [121.4479065, 24.9493128], [121.447544, 24.9493931], [121.4473585, 24.9493873], [121.4471541, 24.9493854], [121.4469454, 24.9493701], [121.4468506, 24.9493453], [121.4468063, 24.9493185], [121.4467937, 24.9492631], [121.4468337, 24.9491905], [121.4469042, 24.9491309], [121.4477918, 24.9489223], [121.4480166, 24.948836], [121.4481826, 24.9487567], [121.4484997, 24.9485276], [121.4485808, 24.9484661], [121.4486006, 24.9483887], [121.4486126, 24.9483181], [121.4486007, 24.9482373], [121.4485675, 24.9481114], [121.448516, 24.9480629], [121.4484387, 24.9480465], [121.4482975, 24.9480686], [121.4480687, 24.9481108], [121.4479947, 24.9481697], [121.4479255, 24.9482771], [121.4478046, 24.9484192], [121.4476822, 24.9484853], [121.4474906, 24.9485212], [121.4473071, 24.948563]]}}, {"type": "Feature", "properties": {"county": "新北市", "district": "土城區", "highway": "unclassified", "name": null}, "geometry": {"type": "LineString", "coordinates": [[121.4488045, 24.949317], [121.4486083, 24.94949], [121.4483838, 24.9496406], [121.4478945, 24.9497953], [121.4475174, 24.949893]]}}, {"type": "Feature", "properties": {"county": "新北市", "district": "土城區", "highway": "unclassified", "name": null}, "geometry": {"type": "LineString", "coordinates": [[121.449262, 24.9490105], [121.4489842, 24.9491889], [121.4488045, 24.949317]]}}, {"type": "Feature", "properties": {"county": "新北市", "district": "土城區", "highway": "unclassified", "name": null}, "geometry": {"type": "LineString", "coordinates": [[121.4488166, 24.949053], [121.4486821, 24.9490395], [121.4485221, 24.9490252], [121.448369, 24.9490817], [121.4481236, 24.9492134], [121.4480793, 24.9492337]]}}, {"type": "Feature", "properties": {"county": "新北市", "district": "土城區", "highway": "unclassified", "name": null}, "geometry": {"type": "LineString", "coordinates": [[121.4489842, 24.9491889], [121.4488964, 24.9490216]]}}, {"type": "Feature", "properties": {"county": "新北市", "district": "土城區", "highway": "residential", "name": null}, "geometry": {"type": "LineString", "coordinates": [[121.4450812, 24.9580682], [121.4459278, 24.9570776], [121.4459777, 24.9570162], [121.4459516, 24.956951], [121.4458995, 24.9569075], [121.4458064, 24.9568334], [121.4457554, 24.9567926]]}}, {"type": "Feature", "properties": {"county": "新北市", "district": "土城區", "highway": "secondary", "name": "浮洲橋"}, "geometry": {"type": "LineString", "coordinates": [[121.4326391, 24.9958146], [121.4323311, 24.9959219], [121.432156, 24.9960237], [121.4318807, 24.9962149]]}}, {"type": "Feature", "properties": {"county": "新北市", "district": "土城區", "highway": "secondary", "name": "浮洲橋"}, "geometry": {"type": "LineString", "coordinates": [[121.4310896, 24.9966871], [121.4318302, 24.9961669]]}}, {"type": "Feature", "properties": {"county": "新北市", "district": "土城區", "highway": "secondary", "name": "浮洲橋"}, "geometry": {"type": "LineString", "coordinates": [[121.4391843, 24.9952831], [121.4384901, 24.9953122], [121.4382396, 24.9952537]]}}, {"type": "Feature", "properties": {"county": "新北市", "district": "土城區", "highway": "tertiary", "name": "新鶯堤外道"}, "geometry": {"type": "LineString", "coordinates": [[121.4358782, 25.0001515], [121.4358742, 25.0000443], [121.4358503, 24.9994046], [121.4357979, 24.9983499], [121.4357379, 24.995812], [121.4357091, 24.9949615], [121.4356175, 24.9922551]]}}, {"type": "Feature", "properties": {"county": "新北市", "district": "土城區", "highway": "tertiary", "name": "新鶯堤外道"}, "geometry": {"type": "LineString", "coordinates": [[121.4356175, 24.9922551], [121.435605, 24.9919345]]}}, {"type": "Feature", "properties": {"county": "新北市", "district": "土城區", "highway": "tertiary", "name": "新鶯堤外道"}, "geometry": {"type": "LineString", "coordinates": [[121.435605, 24.9919345], [121.4355624, 24.9908673], [121.4355381, 24.9903759], [121.435497, 24.9899299], [121.4354203, 24.9893972], [121.435301, 24.9887916], [121.4351553, 24.9882387], [121.4348938, 24.9874152], [121.434679, 24.986834], [121.4344094, 24.9861867], [121.4340299, 24.9853642], [121.4335941, 24.9845366], [121.4332064, 24.983894], [121.4327939, 24.9832679], [121.4323532, 24.9826616], [121.431948, 24.9820971], [121.4314548, 24.9814834], [121.4309824, 24.9809724], [121.4304705, 24.9804515], [121.4300203, 24.979987], [121.4294755, 24.9794679]]}}, {"type": "Feature", "properties": {"county": "新北市", "district": "土城區", "highway": "tertiary", "name": "新鶯堤外道"}, "geometry": {"type": "LineString", "coordinates": [[121.4294755, 24.9794679], [121.4293002, 24.9793188]]}}, {"type": "Feature", "properties": {"county": "新北市", "district": "土城區", "highway": "tertiary", "name": "新鶯堤外道"}, "geometry": {"type": "LineString", "coordinates": [[121.4293002, 24.9793188], [121.4287872, 24.9788825], [121.4281021, 24.9783168], [121.4274388, 24.9777999], [121.4264886, 24.9770661], [121.4252902, 24.9762352], [121.4243927, 24.9756737], [121.423091, 24.9748683], [121.4215034, 24.9738613], [121.4197984, 24.9728177]]}}, {"type": "Feature", "properties": {"county": "新北市", "district": "土城區", "highway": "tertiary", "name": "新鶯堤外道"}, "geometry": {"type": "LineString", "coordinates": [[121.4197984, 24.9728177], [121.419522, 24.9726498]]}}, {"type": "Feature", "properties": {"county": "新北市", "district": "土城區", "highway": "residential", "name": null}, "geometry": {"type": "LineString", "coordinates": [[121.4371544, 24.972406], [121.4370164, 24.9724685]]}}, {"type": "Feature", "properties": {"county": "新北市", "district": "土城區", "highway": "residential", "name": null}, "geometry": {"type": "LineString", "coordinates": [[121.4374131, 24.9723737], [121.4371544, 24.972406]]}}, {"type": "Feature", "properties": {"county": "新北市", "district": "土城區", "highway": "residential", "name": "四川路二段34巷"}, "geometry": {"type": "LineString", "coordinates": [[121.4539247, 24.9954119], [121.4539307, 24.9953204]]}}, {"type": "Feature", "properties": {"county": "新北市", "district": "土城區", "highway": "tertiary", "name": "保安街一段"}, "geometry": {"type": "LineString", "coordinates": [[121.4243745, 24.9945578], [121.4243696, 24.9945597], [121.4243362, 24.9945729]]}}, {"type": "Feature", "properties": {"county": "新北市", "district": "土城區", "highway": "tertiary", "name": "保安街一段"}, "geometry": {"type": "LineString", "coordinates": [[121.4244078, 24.9945447], [121.4243745, 24.9945578]]}}, {"type": "Feature", "properties": {"county": "新北市", "district": "土城區", "highway": "residential", "name": "千歲街"}, "geometry": {"type": "LineString", "coordinates": [[121.424389, 24.9946773], [121.4243717, 24.9946481], [121.4243362, 24.9945729]]}}, {"type": "Feature", "properties": {"county": "新北市", "district": "土城區", "highway": "residential", "name": "千歲街"}, "geometry": {"type": "LineString", "coordinates": [[121.424429, 24.9947447], [121.424389, 24.9946773]]}}, {"type": "Feature", "properties": {"county": "新北市", "district": "土城區", "highway": "residential", "name": "育英街"}, "geometry": {"type": "LineString", "coordinates": [[121.4174542, 24.9887869], [121.4174812, 24.9888276], [121.4178672, 24.9894092], [121.4179935, 24.9895097], [121.4181615, 24.9896738]]}}, {"type": "Feature", "properties": {"county": "新北市", "district": "土城區", "highway": "primary", "name": "中央路三段"}, "geometry": {"type": "LineString", "coordinates": [[121.4351445, 24.9659511], [121.4352095, 24.9660007], [121.4355632, 24.9662707], [121.4356255, 24.9663163], [121.435704, 24.9663723]]}}, {"type": "Feature", "properties": {"county": "新北市", "district": "土城區", "highway": "primary", "name": "中央路三段"}, "geometry": {"type": "LineString", "coordinates": [[121.434614, 24.965678], [121.4347266, 24.9657146], [121.4347923, 24.9657433], [121.4349504, 24.9658161], [121.4351176, 24.9659318], [121.4351445, 24.9659511]]}}, {"type": "Feature", "properties": {"county": "新北市", "district": "土城區", "highway": "primary_link", "name": null}, "geometry": {"type": "LineString", "coordinates": [[121.4351445, 24.9659511], [121.4350641, 24.9660462]]}}, {"type": "Feature", "properties": {"county": "新北市", "district": "土城區", "highway": "primary", "name": "中央路三段"}, "geometry": {"type": "LineString", "coordinates": [[121.4356206, 24.9664623], [121.4355432, 24.9664042], [121.4353313, 24.9662452], [121.4351431, 24.9661039], [121.4351263, 24.9660904], [121.4351081, 24.9660756], [121.4350641, 24.9660462]]}}, {"type": "Feature", "properties": {"county": "新北市", "district": "土城區", "highway": "unclassified", "name": null}, "geometry": {"type": "LineString", "coordinates": [[121.4691919, 24.9596171], [121.4692174, 24.9593836], [121.4692596, 24.958904]]}}, {"type": "Feature", "properties": {"county": "新北市", "district": "土城區", "highway": "unclassified", "name": "石門一號橋"}, "geometry": {"type": "LineString", "coordinates": [[121.4593424, 24.9679011], [121.4593396, 24.9678106]]}}, {"type": "Feature", "properties": {"county": "新北市", "district": "土城區", "highway": "residential", "name": "篤行路二段131巷"}, "geometry": {"type": "LineString", "coordinates": [[121.4311766, 24.9905432], [121.4310988, 24.9905736]]}}, {"type": "Feature", "properties": {"county": "新北市", "district": "土城區", "highway": "tertiary", "name": "篤行路二段"}, "geometry": {"type": "LineString", "coordinates": [[121.4299902, 24.98852], [121.4300483, 24.988608], [121.4304483, 24.9892143], [121.4308374, 24.9898992], [121.4309069, 24.9900215], [121.4311449, 24.9904819], [121.4311766, 24.9905432]]}}, {"type": "Feature", "properties": {"county": "新北市", "district": "土城區", "highway": "residential", "name": "學成路"}, "geometry": {"type": "LineString", "coordinates": [[121.4535882, 24.9862523], [121.4534335, 24.9864409], [121.4531411, 24.9867348]]}}, {"type": "Feature", "properties": {"county": "新北市", "district": "土城區", "highway": "tertiary", "name": "柑城橋"}, "geometry": {"type": "LineString", "coordinates": [[121.4116698, 24.9601379], [121.4115268, 24.9601737], [121.411487, 24.9601731]]}}, {"type": "Feature", "properties": {"county": "新北市", "district": "土城區", "highway": "tertiary", "name": "柑城橋"}, "geometry": {"type": "LineString", "coordinates": [[121.4114913, 24.9600863], [121.4115256, 24.9600869], [121.4116698, 24.9601379]]}}, {"type": "Feature", "properties": {"county": "新北市", "district": "土城區", "highway": "motorway", "name": "福爾摩沙高速公路"}, "geometry": {"type": "LineString", "coordinates": [[121.4570632, 24.9752286], [121.4568946, 24.9752307], [121.4563626, 24.9752372], [121.4540989, 24.97532], [121.4532944, 24.9753223], [121.4527203, 24.9753089], [121.4520523, 24.9752346], [121.4513294, 24.9751549], [121.4505552, 24.9750046], [121.4498741, 24.9748106], [121.4491545, 24.9745427], [121.448348, 24.9741912], [121.4475543, 24.9737484], [121.4467314, 24.9731991], [121.4463195, 24.9728766], [121.4457558, 24.9723798], [121.4452851, 24.9718728], [121.444829, 24.9712874]]}}, {"type": "Feature", "properties": {"county": "新北市", "district": "土城區", "highway": "motorway", "name": "福爾摩沙高速公路"}, "geometry": {"type": "LineString", "coordinates": [[121.4575586, 24.9752225], [121.4570632, 24.9752286]]}}, {"type": "Feature", "properties": {"county": "新北市", "district": "土城區", "highway": "motorway", "name": "福爾摩沙高速公路"}, "geometry": {"type": "LineString", "coordinates": [[121.4446034, 24.9709773], [121.4442091, 24.9704124], [121.4435326, 24.9693435], [121.4428396, 24.9681611], [121.4422175, 24.967172], [121.441725, 24.966474], [121.4412057, 24.9658293], [121.440631, 24.9651959], [121.4399957, 24.9645596], [121.4394109, 24.9640299], [121.4390532, 24.9637131]]}}, {"type": "Feature", "properties": {"county": "新北市", "district": "土城區", "highway": "motorway", "name": "福爾摩沙高速公路"}, "geometry": {"type": "LineString", "coordinates": [[121.444829, 24.9712874], [121.4446034, 24.9709773]]}}, {"type": "Feature", "properties": {"county": "新北市", "district": "土城區", "highway": "motorway", "name": "福爾摩沙高速公路"}, "geometry": {"type": "LineString", "coordinates": [[121.4448226, 24.9709585], [121.4451397, 24.9713784]]}}, {"type": "Feature", "properties": {"county": "新北市", "district": "土城區", "highway": "motorway", "name": "福爾摩沙高速公路"}, "geometry": {"type": "LineString", "coordinates": [[121.4392625, 24.9636244], [121.439579, 24.963889], [121.4401612, 24.9644206], [121.440819, 24.9650958], [121.4413589, 24.9657198], [121.4418846, 24.9663611], [121.4423832, 24.9670498], [121.4430471, 24.968092], [121.443707, 24.9692433], [121.4443634, 24.9703133], [121.4448226, 24.9709585]]}}, {"type": "Feature", "properties": {"county": "新北市", "district": "土城區", "highway": "primary_link", "name": "中華路二段"}, "geometry": {"type": "LineString", "coordinates": [[121.438187, 24.9682489], [121.4381051, 24.9683346], [121.4380061, 24.9684538], [121.4379367, 24.9685654], [121.4378762, 24.9686831], [121.4378081, 24.9688441]]}}, {"type": "Feature", "properties": {"county": "新北市", "district": "土城區", "highway": "motorway_link", "name": "土城交流道"}, "geometry": {"type": "LineString", "coordinates": [[121.4320831, 24.9599476], [121.4320036, 24.9595918], [121.4318647, 24.9592647], [121.4317398, 24.9590792], [121.4315646, 24.9588798], [121.4313856, 24.9587556], [121.4311823, 24.9586537], [121.4310049, 24.9586033], [121.430788, 24.958575], [121.4306313, 24.9585768], [121.4304331, 24.9586273]]}}, {"type": "Feature", "properties": {"county": "新北市", "district": "土城區", "highway": "motorway_link", "name": "土城交流道"}, "geometry": {"type": "LineString", "coordinates": [[121.4289138, 24.9591534], [121.429398, 24.958947], [121.4298271, 24.9587296], [121.4300342, 24.9586359], [121.4302379, 24.958572], [121.4304335, 24.9585145]]}}, {"type": "Feature", "properties": {"county": "新北市", "district": "土城區", "highway": "motorway_link", "name": "土城交流道"}, "geometry": {"type": "LineString", "coordinates": [[121.4277917, 24.9593211], [121.4278503, 24.9593249], [121.4281459, 24.9593192], [121.4284431, 24.9592802], [121.4287154, 24.9592119]]}}, {"type": "Feature", "properties": {"county": "新北市", "district": "土城區", "highway": "motorway_link", "name": "土城交流道"}, "geometry": {"type": "LineString", "coordinates": [[121.4277373, 24.9593175], [121.4277917, 24.9593211]]}}, {"type": "Feature", "properties": {"county": "新北市", "district": "土城區", "highway": "motorway", "name": "福爾摩沙高速公路"}, "geometry": {"type": "LineString", "coordinates": [[121.4256367, 24.9590608], [121.4269112, 24.9593074], [121.4276243, 24.959422], [121.4277365, 24.9594369]]}}, {"type": "Feature", "properties": {"county": "新北市", "district": "土城區", "highway": "motorway", "name": "福爾摩沙高速公路"}, "geometry": {"type": "LineString", "coordinates": [[121.4277365, 24.9594369], [121.4277906, 24.9594441]]}}, {"type": "Feature", "properties": {"county": "新北市", "district": "土城區", "highway": "secondary", "name": "連城路"}, "geometry": {"type": "LineString", "coordinates": [[121.4809322, 24.9950237], [121.4817261, 24.99524], [121.4822933, 24.9954029], [121.4826547, 24.9955108], [121.4828809, 24.9956055], [121.4831212, 24.9957299]]}}, {"type": "Feature", "properties": {"county": "新北市", "district": "土城區", "highway": "trunk", "name": "五股土城線"}, "geometry": {"type": "LineString", "coordinates": [[121.4384632, 24.980775], [121.4383675, 24.9806069], [121.4379527, 24.9796783], [121.4373803, 24.9785858], [121.4367495, 24.9775184], [121.4361309, 24.9766403], [121.435708, 24.9761125], [121.4353528, 24.9756859], [121.4350672, 24.9753771], [121.4346802, 24.9750201], [121.4336389, 24.9743284]]}}, {"type": "Feature", "properties": {"county": "新北市", "district": "土城區", "highway": "trunk", "name": "五股土城線"}, "geometry": {"type": "LineString", "coordinates": [[121.4326514, 24.9649919], [121.4326206, 24.9654567], [121.4326159, 24.9658907], [121.4326904, 24.9668071], [121.4327211, 24.9670136], [121.4327588, 24.9671797], [121.4327996, 24.9673197], [121.4328511, 24.9674548], [121.4334531, 24.9687364], [121.4338192, 24.9695348], [121.4338538, 24.969619], [121.4338764, 24.9697239], [121.4338835, 24.9698432], [121.4338758, 24.9699529], [121.4338635, 24.9700422], [121.4338382, 24.9701451], [121.4338102, 24.9702342], [121.4337729, 24.9703343], [121.4337339, 24.9704123], [121.4336951, 24.970471], [121.4336336, 24.9705565], [121.4332855, 24.9710128], [121.4325007, 24.9721249], [121.4324507, 24.9722053], [121.4324071, 24.9722929], [121.4323744, 24.972371], [121.432349, 24.9724534], [121.4323326, 24.9725345], [121.4323229, 24.9726266], [121.4323216, 24.9727251], [121.4323287, 24.9728048], [121.4323407, 24.9728927], [121.4323696, 24.9730013], [121.4324186, 24.9731235], [121.4324702, 24.9732303], [121.4325402, 24.9733324], [121.4326752, 24.9734689], [121.4329073, 24.9736409], [121.4336166, 24.9740969], [121.4342413, 24.9744618], [121.4348598, 24.9749598], [121.4352662, 24.9753392], [121.4356753, 24.9757775], [121.4361085, 24.9762722], [121.4367601, 24.9772187], [121.4372672, 24.9781054], [121.4377326, 24.9788749], [121.4383697, 24.9801465], [121.4386074, 24.9807526]]}}, {"type": "Feature", "properties": {"county": "新北市", "district": "土城區", "highway": "unclassified", "name": null}, "geometry": {"type": "LineString", "coordinates": [[121.4494861, 24.9494775], [121.4495203, 24.9493272], [121.4495493, 24.9492107], [121.4495439, 24.949106], [121.4495041, 24.949044], [121.4494539, 24.949017], [121.4493519, 24.9490091], [121.449262, 24.9490105], [121.4488964, 24.9490216]]}}, {"type": "Feature", "properties": {"county": "新北市", "district": "土城區", "highway": "residential", "name": "承天路71巷4弄"}, "geometry": {"type": "LineString", "coordinates": [[121.4419169, 24.9632562], [121.4419484, 24.9632926]]}}, {"type": "Feature", "properties": {"county": "新北市", "district": "土城區", "highway": "residential", "name": "承天路71巷4弄"}, "geometry": {"type": "LineString", "coordinates": [[121.4418343, 24.9632124], [121.4419169, 24.9632562]]}}, {"type": "Feature", "properties": {"county": "新北市", "district": "土城區", "highway": "secondary", "name": "金城路三段"}, "geometry": {"type": "LineString", "coordinates": [[121.4642222, 24.9858831], [121.4646404, 24.9860375]]}}, {"type": "Feature", "properties": {"county": "新北市", "district": "土城區", "highway": "secondary", "name": "金城路三段"}, "geometry": {"type": "LineString", "coordinates": [[121.4645908, 24.9861259], [121.4641838, 24.9859592]]}}, {"type": "Feature", "properties": {"county": "新北市", "district": "土城區", "highway": "tertiary", "name": "明德路一段"}, "geometry": {"type": "LineString", "coordinates": [[121.4646404, 24.9860375], [121.4645908, 24.9861259]]}}, {"type": "Feature", "properties": {"county": "新北市", "district": "土城區", "highway": "tertiary", "name": null}, "geometry": {"type": "LineString", "coordinates": [[121.4569532, 24.9963002], [121.4569943, 24.9962611], [121.4570406, 24.9961769]]}}, {"type": "Feature", "properties": {"county": "新北市", "district": "土城區", "highway": "tertiary", "name": "信義路"}, "geometry": {"type": "LineString", "coordinates": [[121.4569532, 24.9963002], [121.4570258, 24.9951679]]}}, {"type": "Feature", "properties": {"county": "新北市", "district": "土城區", "highway": "unclassified", "name": "忠義路"}, "geometry": {"type": "LineString", "coordinates": [[121.4405566, 24.9645977], [121.4408691, 24.963875]]}}, {"type": "Feature", "properties": {"county": "新北市", "district": "土城區", "highway": "unclassified", "name": "忠承路"}, "geometry": {"type": "LineString", "coordinates": [[121.437803, 24.9645063], [121.4377495, 24.9644565]]}}, {"type": "Feature", "properties": {"county": "新北市", "district": "土城區", "highway": "unclassified", "name": "承天路"}, "geometry": {"type": "LineString", "coordinates": [[121.4372492, 24.9649215], [121.4373525, 24.964856], [121.437803, 24.9645063]]}}, {"type": "Feature", "properties": {"county": "新北市", "district": "土城區", "highway": "unclassified", "name": null}, "geometry": {"type": "LineString", "coordinates": [[121.438318, 24.9639116], [121.4383737, 24.9638818], [121.4384408, 24.9638356], [121.438483, 24.9638168], [121.4385319, 24.9638125], [121.4385668, 24.9638192], [121.4385903, 24.963835], [121.4385923, 24.9638684], [121.4385923, 24.9638952], [121.4385695, 24.9639341]]}}, {"type": "Feature", "properties": {"county": "新北市", "district": "土城區", "highway": "unclassified", "name": null}, "geometry": {"type": "LineString", "coordinates": [[121.438595, 24.9637742], [121.4386412, 24.9638064], [121.438656, 24.963838], [121.4386724, 24.963857]]}}, {"type": "Feature", "properties": {"county": "新北市", "district": "土城區", "highway": "unclassified", "name": "承天路"}, "geometry": {"type": "LineString", "coordinates": [[121.438318, 24.9639116], [121.4383489, 24.963866], [121.4384193, 24.9638083], [121.4385192, 24.9637706], [121.438595, 24.9637742], [121.4388176, 24.963759]]}}, {"type": "Feature", "properties": {"county": "新北市", "district": "土城區", "highway": "unclassified", "name": "承天路"}, "geometry": {"type": "LineString", "coordinates": [[121.4372492, 24.9649215], [121.4372552, 24.9648557], [121.4375898, 24.9645779], [121.4377495, 24.9644565], [121.4378218, 24.9644016], [121.438318, 24.9639116]]}}, {"type": "Feature", "properties": {"county": "新北市", "district": "土城區", "highway": "residential", "name": "中央路三段89巷"}, "geometry": {"type": "LineString", "coordinates": [[121.4390637, 24.9667784], [121.4392085, 24.9664465], [121.4394993, 24.9659742]]}}, {"type": "Feature", "properties": {"county": "新北市", "district": "土城區", "highway": "residential", "name": null}, "geometry": {"type": "LineString", "coordinates": [[121.4404053, 24.9654615], [121.4401755, 24.9654848], [121.4399542, 24.9655225], [121.4398804, 24.9655821], [121.4394993, 24.9659742]]}}, {"type": "Feature", "properties": {"county": "新北市", "district": "土城區", "highway": "residential", "name": null}, "geometry": {"type": "LineString", "coordinates": [[121.4428964, 24.9701925], [121.4427946, 24.9702495], [121.4427289, 24.9702871], [121.4424191, 24.9702932], [121.4423507, 24.9703005], [121.4422636, 24.9703094], [121.4421861, 24.9703522]]}}, {"type": "Feature", "properties": {"county": "新北市", "district": "土城區", "highway": "tertiary", "name": "青雲路"}, "geometry": {"type": "LineString", "coordinates": [[121.4587839, 24.9843996], [121.4590619, 24.9854692], [121.4590906, 24.9855649], [121.4592255, 24.9860141], [121.4593457, 24.9864144], [121.4594661, 24.9868701], [121.4594763, 24.9869027], [121.4596702, 24.9875455], [121.4598088, 24.9879836], [121.4599184, 24.9883575]]}}, {"type": "Feature", "properties": {"county": "新北市", "district": "土城區", "highway": "tertiary", "name": "青雲路"}, "geometry": {"type": "LineString", "coordinates": [[121.4587472, 24.9842695], [121.4587839, 24.9843996]]}}, {"type": "Feature", "properties": {"county": "新北市", "district": "土城區", "highway": "secondary", "name": "金城路二段"}, "geometry": {"type": "LineString", "coordinates": [[121.4641838, 24.9859592], [121.4633321, 24.9857167], [121.4624745, 24.9854668], [121.4616235, 24.9852231], [121.4598889, 24.9847196], [121.4587839, 24.9843996]]}}, {"type": "Feature", "properties": {"county": "新北市", "district": "土城區", "highway": "secondary", "name": "金城路二段"}, "geometry": {"type": "LineString", "coordinates": [[121.4587472, 24.9842695], [121.459899, 24.984609], [121.4599906, 24.9846398], [121.4606992, 24.9848474], [121.4612872, 24.9850193], [121.4616785, 24.9851299], [121.4619999, 24.98522], [121.462512, 24.9853636], [121.4642222, 24.9858831]]}}, {"type": "Feature", "properties": {"county": "新北市", "district": "土城區", "highway": "unclassified", "name": null}, "geometry": {"type": "LineString", "coordinates": [[121.4447406, 24.9818447], [121.4434306, 24.9822173]]}}, {"type": "Feature", "properties": {"county": "新北市", "district": "土城區", "highway": "unclassified", "name": "大安路"}, "geometry": {"type": "LineString", "coordinates": [[121.4332452, 24.9711631], [121.4329185, 24.9716029], [121.4327233, 24.9718737], [121.4325921, 24.9720577], [121.4321515, 24.9725605]]}}, {"type": "Feature", "properties": {"county": "新北市", "district": "土城區", "highway": "unclassified", "name": "亞洲路"}, "geometry": {"type": "LineString", "coordinates": [[121.4331516, 24.971068], [121.4332452, 24.9711631]]}}, {"type": "Feature", "properties": {"county": "新北市", "district": "土城區", "highway": "primary", "name": "中央路四段"}, "geometry": {"type": "LineString", "coordinates": [[121.4253515, 24.9627852], [121.4251557, 24.9627193], [121.4249422, 24.9626474], [121.4247206, 24.9625851]]}}, {"type": "Feature", "properties": {"county": "新北市", "district": "土城區", "highway": "primary", "name": "中央路四段"}, "geometry": {"type": "LineString", "coordinates": [[121.4176457, 24.9585747], [121.4178643, 24.9586353], [121.418003, 24.9587322], [121.4190905, 24.9594925], [121.4191507, 24.9595361], [121.419216, 24.9595813], [121.4194851, 24.9597665]]}}, {"type": "Feature", "properties": {"county": "新北市", "district": "土城區", "highway": "secondary", "name": "篤行路一段"}, "geometry": {"type": "LineString", "coordinates": [[121.4319149, 24.994169], [121.431903, 24.9940932], [121.4318288, 24.9936214], [121.4318135, 24.9935164]]}}, {"type": "Feature", "properties": {"county": "新北市", "district": "土城區", "highway": "residential", "name": "沙崙街"}, "geometry": {"type": "LineString", "coordinates": [[121.4319149, 24.994169], [121.4320005, 24.9941576]]}}, {"type": "Feature", "properties": {"county": "新北市", "district": "土城區", "highway": "tertiary", "name": "中華路"}, "geometry": {"type": "LineString", "coordinates": [[121.4260454, 24.9846667], [121.4259445, 24.9846158]]}}, {"type": "Feature", "properties": {"county": "新北市", "district": "土城區", "highway": "residential", "name": "篤行路三段玉平巷76弄"}, "geometry": {"type": "LineString", "coordinates": [[121.4275339, 24.9858458], [121.4275882, 24.985794]]}}, {"type": "Feature", "properties": {"county": "新北市", "district": "土城區", "highway": "tertiary", "name": "篤行路三段"}, "geometry": {"type": "LineString", "coordinates": [[121.4275339, 24.9858458], [121.4273877, 24.985719], [121.4271003, 24.9854598], [121.4265055, 24.9849795], [121.4261231, 24.9847195], [121.4260454, 24.9846667]]}}, {"type": "Feature", "properties": {"county": "新北市", "district": "土城區", "highway": "tertiary", "name": "溪城路"}, "geometry": {"type": "LineString", "coordinates": [[121.4259847, 24.9845578], [121.4260263, 24.9844974], [121.4263364, 24.9840464], [121.426692, 24.9835291]]}}, {"type": "Feature", "properties": {"county": "新北市", "district": "土城區", "highway": "secondary", "name": "大觀路三段"}, "geometry": {"type": "LineString", "coordinates": [[121.4291637, 24.9922478], [121.4291368, 24.9922622], [121.4289105, 24.9923837], [121.4287527, 24.992483], [121.428694, 24.9925199]]}}, {"type": "Feature", "properties": {"county": "新北市", "district": "土城區", "highway": "motorway_link", "name": "土城交流道"}, "geometry": {"type": "LineString", "coordinates": [[121.4287154, 24.9592119], [121.4289138, 24.9591534]]}}, {"type": "Feature", "properties": {"county": "新北市", "district": "土城區", "highway": "motorway", "name": "福爾摩沙高速公路"}, "geometry": {"type": "LineString", "coordinates": [[121.4570961, 24.9750471], [121.4575652, 24.9750409]]}}, {"type": "Feature", "properties": {"county": "新北市", "district": "土城區", "highway": "motorway", "name": "福爾摩沙高速公路"}, "geometry": {"type": "LineString", "coordinates": [[121.4451397, 24.9713784], [121.4454805, 24.9717868], [121.445953, 24.972286], [121.4464525, 24.9727467], [121.4468114, 24.9730512], [121.4476798, 24.9736139], [121.4481133, 24.9738506], [121.4492274, 24.9743797], [121.4499335, 24.9746599], [121.4510896, 24.9749237], [121.4520445, 24.9750745], [121.4528521, 24.9751347], [121.4532888, 24.9751294], [121.4541235, 24.9751451], [121.4549086, 24.9750952], [121.4560991, 24.9750473], [121.4563718, 24.9750533], [121.4570961, 24.9750471]]}}, {"type": "Feature", "properties": {"county": "新北市", "district": "土城區", "highway": "residential", "name": "亞東橋"}, "geometry": {"type": "LineString", "coordinates": [[121.4482281, 24.9959246], [121.4482687, 24.9958525]]}}, {"type": "Feature", "properties": {"county": "新北市", "district": "土城區", "highway": "residential", "name": "亞東橋"}, "geometry": {"type": "LineString", "coordinates": [[121.4482194, 24.9959392], [121.4482281, 24.9959246]]}}, {"type": "Feature", "properties": {"county": "新北市", "district": "土城區", "highway": "residential", "name": "亞東橋"}, "geometry": {"type": "LineString", "coordinates": [[121.4480337, 24.9962696], [121.4482194, 24.9959392]]}}]}